Universo,Ano,Ticker,Disponivel_em,Fonte,Status,Observacao
AMPLO_PROXY,2016,ABCB4,2015-12-30,referencia_original/data/universo_ibrx_proxy.csv,proxy_volume_nao_oficial,Ranking por volume salvo na revisão anterior. Não representa a composição oficial do IBrX-100.
AMPLO_PROXY,2016,ABEV3,2015-12-30,referencia_original/data/universo_ibrx_proxy.csv,proxy_volume_nao_oficial,Ranking por volume salvo na revisão anterior. Não representa a composição oficial do IBrX-100.
AMPLO_PROXY,2016,ALPA4,2015-12-30,referencia_original/data/universo_ibrx_proxy.csv,proxy_volume_nao_oficial,Ranking por volume salvo na revisão anterior. Não representa a composição oficial do IBrX-100.
AMPLO_PROXY,2016,ALUP11,2015-12-30,referencia_original/data/universo_ibrx_proxy.csv,proxy_volume_nao_oficial,Ranking por volume salvo na revisão anterior. Não representa a composição oficial do IBrX-100.
AMPLO_PROXY,2016,AMER3,2015-12-30,referencia_original/data/universo_ibrx_proxy.csv,proxy_volume_nao_oficial,Ranking por volume salvo na revisão anterior. Não representa a composição oficial do IBrX-100.
AMPLO_PROXY,2016,ANIM3,2015-12-30,referencia_original/data/universo_ibrx_proxy.csv,proxy_volume_nao_oficial,Ranking por volume salvo na revisão anterior. Não representa a composição oficial do IBrX-100.
AMPLO_PROXY,2016,AZZA3,2015-12-30,referencia_original/data/universo_ibrx_proxy.csv,proxy_volume_nao_oficial,Ranking por volume salvo na revisão anterior. Não representa a composição oficial do IBrX-100.
AMPLO_PROXY,2016,B3SA3,2015-12-30,referencia_original/data/universo_ibrx_proxy.csv,proxy_volume_nao_oficial,Ranking por volume salvo na revisão anterior. Não representa a composição oficial do IBrX-100.
AMPLO_PROXY,2016,BBAS3,2015-12-30,referencia_original/data/universo_ibrx_proxy.csv,proxy_volume_nao_oficial,Ranking por volume salvo na revisão anterior. Não representa a composição oficial do IBrX-100.
AMPLO_PROXY,2016,BBDC4,2015-12-30,referencia_original/data/universo_ibrx_proxy.csv,proxy_volume_nao_oficial,Ranking por volume salvo na revisão anterior. Não representa a composição oficial do IBrX-100.
AMPLO_PROXY,2016,BBSE3,2015-12-30,referencia_original/data/universo_ibrx_proxy.csv,proxy_volume_nao_oficial,Ranking por volume salvo na revisão anterior. Não representa a composição oficial do IBrX-100.
AMPLO_PROXY,2016,BEEF3,2015-12-30,referencia_original/data/universo_ibrx_proxy.csv,proxy_volume_nao_oficial,Ranking por volume salvo na revisão anterior. Não representa a composição oficial do IBrX-100.
AMPLO_PROXY,2016,BRAP4,2015-12-30,referencia_original/data/universo_ibrx_proxy.csv,proxy_volume_nao_oficial,Ranking por volume salvo na revisão anterior. Não representa a composição oficial do IBrX-100.
AMPLO_PROXY,2016,BRFS3,2015-12-30,referencia_original/data/universo_ibrx_proxy.csv,proxy_volume_nao_oficial,Ranking por volume salvo na revisão anterior. Não representa a composição oficial do IBrX-100.
AMPLO_PROXY,2016,BRKM5,2015-12-30,referencia_original/data/universo_ibrx_proxy.csv,proxy_volume_nao_oficial,Ranking por volume salvo na revisão anterior. Não representa a composição oficial do IBrX-100.
AMPLO_PROXY,2016,BRML3,2015-12-30,referencia_original/data/universo_ibrx_proxy.csv,proxy_volume_nao_oficial,Ranking por volume salvo na revisão anterior. Não representa a composição oficial do IBrX-100.
AMPLO_PROXY,2016,BRPR3,2015-12-30,referencia_original/data/universo_ibrx_proxy.csv,proxy_volume_nao_oficial,Ranking por volume salvo na revisão anterior. Não representa a composição oficial do IBrX-100.
AMPLO_PROXY,2016,BRSR6,2015-12-30,referencia_original/data/universo_ibrx_proxy.csv,proxy_volume_nao_oficial,Ranking por volume salvo na revisão anterior. Não representa a composição oficial do IBrX-100.
AMPLO_PROXY,2016,CCRO3,2015-12-30,referencia_original/data/universo_ibrx_proxy.csv,proxy_volume_nao_oficial,Ranking por volume salvo na revisão anterior. Não representa a composição oficial do IBrX-100.
AMPLO_PROXY,2016,CESP6,2015-12-30,referencia_original/data/universo_ibrx_proxy.csv,proxy_volume_nao_oficial,Ranking por volume salvo na revisão anterior. Não representa a composição oficial do IBrX-100.
AMPLO_PROXY,2016,CIEL3,2015-12-30,referencia_original/data/universo_ibrx_proxy.csv,proxy_volume_nao_oficial,Ranking por volume salvo na revisão anterior. Não representa a composição oficial do IBrX-100.
AMPLO_PROXY,2016,CMIG4,2015-12-30,referencia_original/data/universo_ibrx_proxy.csv,proxy_volume_nao_oficial,Ranking por volume salvo na revisão anterior. Não representa a composição oficial do IBrX-100.
AMPLO_PROXY,2016,COGN3,2015-12-30,referencia_original/data/universo_ibrx_proxy.csv,proxy_volume_nao_oficial,Ranking por volume salvo na revisão anterior. Não representa a composição oficial do IBrX-100.
AMPLO_PROXY,2016,CPFE3,2015-12-30,referencia_original/data/universo_ibrx_proxy.csv,proxy_volume_nao_oficial,Ranking por volume salvo na revisão anterior. Não representa a composição oficial do IBrX-100.
AMPLO_PROXY,2016,CPLE6,2015-12-30,referencia_original/data/universo_ibrx_proxy.csv,proxy_volume_nao_oficial,Ranking por volume salvo na revisão anterior. Não representa a composição oficial do IBrX-100.
AMPLO_PROXY,2016,CSAN3,2015-12-30,referencia_original/data/universo_ibrx_proxy.csv,proxy_volume_nao_oficial,Ranking por volume salvo na revisão anterior. Não representa a composição oficial do IBrX-100.
AMPLO_PROXY,2016,CSMG3,2015-12-30,referencia_original/data/universo_ibrx_proxy.csv,proxy_volume_nao_oficial,Ranking por volume salvo na revisão anterior. Não representa a composição oficial do IBrX-100.
AMPLO_PROXY,2016,CSNA3,2015-12-30,referencia_original/data/universo_ibrx_proxy.csv,proxy_volume_nao_oficial,Ranking por volume salvo na revisão anterior. Não representa a composição oficial do IBrX-100.
AMPLO_PROXY,2016,CVCB3,2015-12-30,referencia_original/data/universo_ibrx_proxy.csv,proxy_volume_nao_oficial,Ranking por volume salvo na revisão anterior. Não representa a composição oficial do IBrX-100.
AMPLO_PROXY,2016,CYRE3,2015-12-30,referencia_original/data/universo_ibrx_proxy.csv,proxy_volume_nao_oficial,Ranking por volume salvo na revisão anterior. Não representa a composição oficial do IBrX-100.
AMPLO_PROXY,2016,DIRR3,2015-12-30,referencia_original/data/universo_ibrx_proxy.csv,proxy_volume_nao_oficial,Ranking por volume salvo na revisão anterior. Não representa a composição oficial do IBrX-100.
AMPLO_PROXY,2016,DXCO3,2015-12-30,referencia_original/data/universo_ibrx_proxy.csv,proxy_volume_nao_oficial,Ranking por volume salvo na revisão anterior. Não representa a composição oficial do IBrX-100.
AMPLO_PROXY,2016,ECOR3,2015-12-30,referencia_original/data/universo_ibrx_proxy.csv,proxy_volume_nao_oficial,Ranking por volume salvo na revisão anterior. Não representa a composição oficial do IBrX-100.
AMPLO_PROXY,2016,EGIE3,2015-12-30,referencia_original/data/universo_ibrx_proxy.csv,proxy_volume_nao_oficial,Ranking por volume salvo na revisão anterior. Não representa a composição oficial do IBrX-100.
AMPLO_PROXY,2016,ELET6,2015-12-30,referencia_original/data/universo_ibrx_proxy.csv,proxy_volume_nao_oficial,Ranking por volume salvo na revisão anterior. Não representa a composição oficial do IBrX-100.
AMPLO_PROXY,2016,EMBR3,2015-12-30,referencia_original/data/universo_ibrx_proxy.csv,proxy_volume_nao_oficial,Ranking por volume salvo na revisão anterior. Não representa a composição oficial do IBrX-100.
AMPLO_PROXY,2016,ENAT3,2015-12-30,referencia_original/data/universo_ibrx_proxy.csv,proxy_volume_nao_oficial,Ranking por volume salvo na revisão anterior. Não representa a composição oficial do IBrX-100.
AMPLO_PROXY,2016,ENBR3,2015-12-30,referencia_original/data/universo_ibrx_proxy.csv,proxy_volume_nao_oficial,Ranking por volume salvo na revisão anterior. Não representa a composição oficial do IBrX-100.
AMPLO_PROXY,2016,EQTL3,2015-12-30,referencia_original/data/universo_ibrx_proxy.csv,proxy_volume_nao_oficial,Ranking por volume salvo na revisão anterior. Não representa a composição oficial do IBrX-100.
AMPLO_PROXY,2016,EVEN3,2015-12-30,referencia_original/data/universo_ibrx_proxy.csv,proxy_volume_nao_oficial,Ranking por volume salvo na revisão anterior. Não representa a composição oficial do IBrX-100.
AMPLO_PROXY,2016,EZTC3,2015-12-30,referencia_original/data/universo_ibrx_proxy.csv,proxy_volume_nao_oficial,Ranking por volume salvo na revisão anterior. Não representa a composição oficial do IBrX-100.
AMPLO_PROXY,2016,FLRY3,2015-12-30,referencia_original/data/universo_ibrx_proxy.csv,proxy_volume_nao_oficial,Ranking por volume salvo na revisão anterior. Não representa a composição oficial do IBrX-100.
AMPLO_PROXY,2016,GFSA3,2015-12-30,referencia_original/data/universo_ibrx_proxy.csv,proxy_volume_nao_oficial,Ranking por volume salvo na revisão anterior. Não representa a composição oficial do IBrX-100.
AMPLO_PROXY,2016,GGBR4,2015-12-30,referencia_original/data/universo_ibrx_proxy.csv,proxy_volume_nao_oficial,Ranking por volume salvo na revisão anterior. Não representa a composição oficial do IBrX-100.
AMPLO_PROXY,2016,GOAU4,2015-12-30,referencia_original/data/universo_ibrx_proxy.csv,proxy_volume_nao_oficial,Ranking por volume salvo na revisão anterior. Não representa a composição oficial do IBrX-100.
AMPLO_PROXY,2016,GOLL4,2015-12-30,referencia_original/data/universo_ibrx_proxy.csv,proxy_volume_nao_oficial,Ranking por volume salvo na revisão anterior. Não representa a composição oficial do IBrX-100.
AMPLO_PROXY,2016,GRND3,2015-12-30,referencia_original/data/universo_ibrx_proxy.csv,proxy_volume_nao_oficial,Ranking por volume salvo na revisão anterior. Não representa a composição oficial do IBrX-100.
AMPLO_PROXY,2016,GUAR3,2015-12-30,referencia_original/data/universo_ibrx_proxy.csv,proxy_volume_nao_oficial,Ranking por volume salvo na revisão anterior. Não representa a composição oficial do IBrX-100.
AMPLO_PROXY,2016,HGTX3,2015-12-30,referencia_original/data/universo_ibrx_proxy.csv,proxy_volume_nao_oficial,Ranking por volume salvo na revisão anterior. Não representa a composição oficial do IBrX-100.
AMPLO_PROXY,2016,HYPE3,2015-12-30,referencia_original/data/universo_ibrx_proxy.csv,proxy_volume_nao_oficial,Ranking por volume salvo na revisão anterior. Não representa a composição oficial do IBrX-100.
AMPLO_PROXY,2016,ITSA4,2015-12-30,referencia_original/data/universo_ibrx_proxy.csv,proxy_volume_nao_oficial,Ranking por volume salvo na revisão anterior. Não representa a composição oficial do IBrX-100.
AMPLO_PROXY,2016,ITUB4,2015-12-30,referencia_original/data/universo_ibrx_proxy.csv,proxy_volume_nao_oficial,Ranking por volume salvo na revisão anterior. Não representa a composição oficial do IBrX-100.
AMPLO_PROXY,2016,JBSS3,2015-12-30,referencia_original/data/universo_ibrx_proxy.csv,proxy_volume_nao_oficial,Ranking por volume salvo na revisão anterior. Não representa a composição oficial do IBrX-100.
AMPLO_PROXY,2016,KLBN11,2015-12-30,referencia_original/data/universo_ibrx_proxy.csv,proxy_volume_nao_oficial,Ranking por volume salvo na revisão anterior. Não representa a composição oficial do IBrX-100.
AMPLO_PROXY,2016,LAME4,2015-12-30,referencia_original/data/universo_ibrx_proxy.csv,proxy_volume_nao_oficial,Ranking por volume salvo na revisão anterior. Não representa a composição oficial do IBrX-100.
AMPLO_PROXY,2016,LEVE3,2015-12-30,referencia_original/data/universo_ibrx_proxy.csv,proxy_volume_nao_oficial,Ranking por volume salvo na revisão anterior. Não representa a composição oficial do IBrX-100.
AMPLO_PROXY,2016,LIGT3,2015-12-30,referencia_original/data/universo_ibrx_proxy.csv,proxy_volume_nao_oficial,Ranking por volume salvo na revisão anterior. Não representa a composição oficial do IBrX-100.
AMPLO_PROXY,2016,LINX3,2015-12-30,referencia_original/data/universo_ibrx_proxy.csv,proxy_volume_nao_oficial,Ranking por volume salvo na revisão anterior. Não representa a composição oficial do IBrX-100.
AMPLO_PROXY,2016,LREN3,2015-12-30,referencia_original/data/universo_ibrx_proxy.csv,proxy_volume_nao_oficial,Ranking por volume salvo na revisão anterior. Não representa a composição oficial do IBrX-100.
AMPLO_PROXY,2016,MDIA3,2015-12-30,referencia_original/data/universo_ibrx_proxy.csv,proxy_volume_nao_oficial,Ranking por volume salvo na revisão anterior. Não representa a composição oficial do IBrX-100.
AMPLO_PROXY,2016,MGLU3,2015-12-30,referencia_original/data/universo_ibrx_proxy.csv,proxy_volume_nao_oficial,Ranking por volume salvo na revisão anterior. Não representa a composição oficial do IBrX-100.
AMPLO_PROXY,2016,MILS3,2015-12-30,referencia_original/data/universo_ibrx_proxy.csv,proxy_volume_nao_oficial,Ranking por volume salvo na revisão anterior. Não representa a composição oficial do IBrX-100.
AMPLO_PROXY,2016,MRFG3,2015-12-30,referencia_original/data/universo_ibrx_proxy.csv,proxy_volume_nao_oficial,Ranking por volume salvo na revisão anterior. Não representa a composição oficial do IBrX-100.
AMPLO_PROXY,2016,MRVE3,2015-12-30,referencia_original/data/universo_ibrx_proxy.csv,proxy_volume_nao_oficial,Ranking por volume salvo na revisão anterior. Não representa a composição oficial do IBrX-100.
AMPLO_PROXY,2016,MULT3,2015-12-30,referencia_original/data/universo_ibrx_proxy.csv,proxy_volume_nao_oficial,Ranking por volume salvo na revisão anterior. Não representa a composição oficial do IBrX-100.
AMPLO_PROXY,2016,MYPK3,2015-12-30,referencia_original/data/universo_ibrx_proxy.csv,proxy_volume_nao_oficial,Ranking por volume salvo na revisão anterior. Não representa a composição oficial do IBrX-100.
AMPLO_PROXY,2016,NTCO3,2015-12-30,referencia_original/data/universo_ibrx_proxy.csv,proxy_volume_nao_oficial,Ranking por volume salvo na revisão anterior. Não representa a composição oficial do IBrX-100.
AMPLO_PROXY,2016,ODPV3,2015-12-30,referencia_original/data/universo_ibrx_proxy.csv,proxy_volume_nao_oficial,Ranking por volume salvo na revisão anterior. Não representa a composição oficial do IBrX-100.
AMPLO_PROXY,2016,OIBR4,2015-12-30,referencia_original/data/universo_ibrx_proxy.csv,proxy_volume_nao_oficial,Ranking por volume salvo na revisão anterior. Não representa a composição oficial do IBrX-100.
AMPLO_PROXY,2016,PCAR3,2015-12-30,referencia_original/data/universo_ibrx_proxy.csv,proxy_volume_nao_oficial,Ranking por volume salvo na revisão anterior. Não representa a composição oficial do IBrX-100.
AMPLO_PROXY,2016,PDGR3,2015-12-30,referencia_original/data/universo_ibrx_proxy.csv,proxy_volume_nao_oficial,Ranking por volume salvo na revisão anterior. Não representa a composição oficial do IBrX-100.
AMPLO_PROXY,2016,PETR4,2015-12-30,referencia_original/data/universo_ibrx_proxy.csv,proxy_volume_nao_oficial,Ranking por volume salvo na revisão anterior. Não representa a composição oficial do IBrX-100.
AMPLO_PROXY,2016,POMO4,2015-12-30,referencia_original/data/universo_ibrx_proxy.csv,proxy_volume_nao_oficial,Ranking por volume salvo na revisão anterior. Não representa a composição oficial do IBrX-100.
AMPLO_PROXY,2016,PSSA3,2015-12-30,referencia_original/data/universo_ibrx_proxy.csv,proxy_volume_nao_oficial,Ranking por volume salvo na revisão anterior. Não representa a composição oficial do IBrX-100.
AMPLO_PROXY,2016,QUAL3,2015-12-30,referencia_original/data/universo_ibrx_proxy.csv,proxy_volume_nao_oficial,Ranking por volume salvo na revisão anterior. Não representa a composição oficial do IBrX-100.
AMPLO_PROXY,2016,RADL3,2015-12-30,referencia_original/data/universo_ibrx_proxy.csv,proxy_volume_nao_oficial,Ranking por volume salvo na revisão anterior. Não representa a composição oficial do IBrX-100.
AMPLO_PROXY,2016,RAPT4,2015-12-30,referencia_original/data/universo_ibrx_proxy.csv,proxy_volume_nao_oficial,Ranking por volume salvo na revisão anterior. Não representa a composição oficial do IBrX-100.
AMPLO_PROXY,2016,RENT3,2015-12-30,referencia_original/data/universo_ibrx_proxy.csv,proxy_volume_nao_oficial,Ranking por volume salvo na revisão anterior. Não representa a composição oficial do IBrX-100.
AMPLO_PROXY,2016,RLOG3,2015-12-30,referencia_original/data/universo_ibrx_proxy.csv,proxy_volume_nao_oficial,Ranking por volume salvo na revisão anterior. Não representa a composição oficial do IBrX-100.
AMPLO_PROXY,2016,RSID3,2015-12-30,referencia_original/data/universo_ibrx_proxy.csv,proxy_volume_nao_oficial,Ranking por volume salvo na revisão anterior. Não representa a composição oficial do IBrX-100.
AMPLO_PROXY,2016,SANB11,2015-12-30,referencia_original/data/universo_ibrx_proxy.csv,proxy_volume_nao_oficial,Ranking por volume salvo na revisão anterior. Não representa a composição oficial do IBrX-100.
AMPLO_PROXY,2016,SBSP3,2015-12-30,referencia_original/data/universo_ibrx_proxy.csv,proxy_volume_nao_oficial,Ranking por volume salvo na revisão anterior. Não representa a composição oficial do IBrX-100.
AMPLO_PROXY,2016,SEER3,2015-12-30,referencia_original/data/universo_ibrx_proxy.csv,proxy_volume_nao_oficial,Ranking por volume salvo na revisão anterior. Não representa a composição oficial do IBrX-100.
AMPLO_PROXY,2016,SLCE3,2015-12-30,referencia_original/data/universo_ibrx_proxy.csv,proxy_volume_nao_oficial,Ranking por volume salvo na revisão anterior. Não representa a composição oficial do IBrX-100.
AMPLO_PROXY,2016,SMTO3,2015-12-30,referencia_original/data/universo_ibrx_proxy.csv,proxy_volume_nao_oficial,Ranking por volume salvo na revisão anterior. Não representa a composição oficial do IBrX-100.
AMPLO_PROXY,2016,SULA11,2015-12-30,referencia_original/data/universo_ibrx_proxy.csv,proxy_volume_nao_oficial,Ranking por volume salvo na revisão anterior. Não representa a composição oficial do IBrX-100.
AMPLO_PROXY,2016,SUZB3,2015-12-30,referencia_original/data/universo_ibrx_proxy.csv,proxy_volume_nao_oficial,Ranking por volume salvo na revisão anterior. Não representa a composição oficial do IBrX-100.
AMPLO_PROXY,2016,TAEE11,2015-12-30,referencia_original/data/universo_ibrx_proxy.csv,proxy_volume_nao_oficial,Ranking por volume salvo na revisão anterior. Não representa a composição oficial do IBrX-100.
AMPLO_PROXY,2016,TCSA3,2015-12-30,referencia_original/data/universo_ibrx_proxy.csv,proxy_volume_nao_oficial,Ranking por volume salvo na revisão anterior. Não representa a composição oficial do IBrX-100.
AMPLO_PROXY,2016,TIMS3,2015-12-30,referencia_original/data/universo_ibrx_proxy.csv,proxy_volume_nao_oficial,Ranking por volume salvo na revisão anterior. Não representa a composição oficial do IBrX-100.
AMPLO_PROXY,2016,TOTS3,2015-12-30,referencia_original/data/universo_ibrx_proxy.csv,proxy_volume_nao_oficial,Ranking por volume salvo na revisão anterior. Não representa a composição oficial do IBrX-100.
AMPLO_PROXY,2016,TRPL4,2015-12-30,referencia_original/data/universo_ibrx_proxy.csv,proxy_volume_nao_oficial,Ranking por volume salvo na revisão anterior. Não representa a composição oficial do IBrX-100.
AMPLO_PROXY,2016,TUPY3,2015-12-30,referencia_original/data/universo_ibrx_proxy.csv,proxy_volume_nao_oficial,Ranking por volume salvo na revisão anterior. Não representa a composição oficial do IBrX-100.
AMPLO_PROXY,2016,UGPA3,2015-12-30,referencia_original/data/universo_ibrx_proxy.csv,proxy_volume_nao_oficial,Ranking por volume salvo na revisão anterior. Não representa a composição oficial do IBrX-100.
AMPLO_PROXY,2016,USIM5,2015-12-30,referencia_original/data/universo_ibrx_proxy.csv,proxy_volume_nao_oficial,Ranking por volume salvo na revisão anterior. Não representa a composição oficial do IBrX-100.
AMPLO_PROXY,2016,VALE3,2015-12-30,referencia_original/data/universo_ibrx_proxy.csv,proxy_volume_nao_oficial,Ranking por volume salvo na revisão anterior. Não representa a composição oficial do IBrX-100.
AMPLO_PROXY,2016,VIVT4,2015-12-30,referencia_original/data/universo_ibrx_proxy.csv,proxy_volume_nao_oficial,Ranking por volume salvo na revisão anterior. Não representa a composição oficial do IBrX-100.
AMPLO_PROXY,2016,VLID3,2015-12-30,referencia_original/data/universo_ibrx_proxy.csv,proxy_volume_nao_oficial,Ranking por volume salvo na revisão anterior. Não representa a composição oficial do IBrX-100.
AMPLO_PROXY,2016,WEGE3,2015-12-30,referencia_original/data/universo_ibrx_proxy.csv,proxy_volume_nao_oficial,Ranking por volume salvo na revisão anterior. Não representa a composição oficial do IBrX-100.
AMPLO_PROXY,2016,YDUQ3,2015-12-30,referencia_original/data/universo_ibrx_proxy.csv,proxy_volume_nao_oficial,Ranking por volume salvo na revisão anterior. Não representa a composição oficial do IBrX-100.
AMPLO_PROXY,2017,ABCB4,2016-12-29,referencia_original/data/universo_ibrx_proxy.csv,proxy_volume_nao_oficial,Ranking por volume salvo na revisão anterior. Não representa a composição oficial do IBrX-100.
AMPLO_PROXY,2017,ABEV3,2016-12-29,referencia_original/data/universo_ibrx_proxy.csv,proxy_volume_nao_oficial,Ranking por volume salvo na revisão anterior. Não representa a composição oficial do IBrX-100.
AMPLO_PROXY,2017,ALPA4,2016-12-29,referencia_original/data/universo_ibrx_proxy.csv,proxy_volume_nao_oficial,Ranking por volume salvo na revisão anterior. Não representa a composição oficial do IBrX-100.
AMPLO_PROXY,2017,ALUP11,2016-12-29,referencia_original/data/universo_ibrx_proxy.csv,proxy_volume_nao_oficial,Ranking por volume salvo na revisão anterior. Não representa a composição oficial do IBrX-100.
AMPLO_PROXY,2017,AMER3,2016-12-29,referencia_original/data/universo_ibrx_proxy.csv,proxy_volume_nao_oficial,Ranking por volume salvo na revisão anterior. Não representa a composição oficial do IBrX-100.
AMPLO_PROXY,2017,ANIM3,2016-12-29,referencia_original/data/universo_ibrx_proxy.csv,proxy_volume_nao_oficial,Ranking por volume salvo na revisão anterior. Não representa a composição oficial do IBrX-100.
AMPLO_PROXY,2017,AZZA3,2016-12-29,referencia_original/data/universo_ibrx_proxy.csv,proxy_volume_nao_oficial,Ranking por volume salvo na revisão anterior. Não representa a composição oficial do IBrX-100.
AMPLO_PROXY,2017,B3SA3,2016-12-29,referencia_original/data/universo_ibrx_proxy.csv,proxy_volume_nao_oficial,Ranking por volume salvo na revisão anterior. Não representa a composição oficial do IBrX-100.
AMPLO_PROXY,2017,BBAS3,2016-12-29,referencia_original/data/universo_ibrx_proxy.csv,proxy_volume_nao_oficial,Ranking por volume salvo na revisão anterior. Não representa a composição oficial do IBrX-100.
AMPLO_PROXY,2017,BBDC4,2016-12-29,referencia_original/data/universo_ibrx_proxy.csv,proxy_volume_nao_oficial,Ranking por volume salvo na revisão anterior. Não representa a composição oficial do IBrX-100.
AMPLO_PROXY,2017,BBSE3,2016-12-29,referencia_original/data/universo_ibrx_proxy.csv,proxy_volume_nao_oficial,Ranking por volume salvo na revisão anterior. Não representa a composição oficial do IBrX-100.
AMPLO_PROXY,2017,BEEF3,2016-12-29,referencia_original/data/universo_ibrx_proxy.csv,proxy_volume_nao_oficial,Ranking por volume salvo na revisão anterior. Não representa a composição oficial do IBrX-100.
AMPLO_PROXY,2017,BRAP4,2016-12-29,referencia_original/data/universo_ibrx_proxy.csv,proxy_volume_nao_oficial,Ranking por volume salvo na revisão anterior. Não representa a composição oficial do IBrX-100.
AMPLO_PROXY,2017,BRFS3,2016-12-29,referencia_original/data/universo_ibrx_proxy.csv,proxy_volume_nao_oficial,Ranking por volume salvo na revisão anterior. Não representa a composição oficial do IBrX-100.
AMPLO_PROXY,2017,BRKM5,2016-12-29,referencia_original/data/universo_ibrx_proxy.csv,proxy_volume_nao_oficial,Ranking por volume salvo na revisão anterior. Não representa a composição oficial do IBrX-100.
AMPLO_PROXY,2017,BRML3,2016-12-29,referencia_original/data/universo_ibrx_proxy.csv,proxy_volume_nao_oficial,Ranking por volume salvo na revisão anterior. Não representa a composição oficial do IBrX-100.
AMPLO_PROXY,2017,BRPR3,2016-12-29,referencia_original/data/universo_ibrx_proxy.csv,proxy_volume_nao_oficial,Ranking por volume salvo na revisão anterior. Não representa a composição oficial do IBrX-100.
AMPLO_PROXY,2017,BRSR6,2016-12-29,referencia_original/data/universo_ibrx_proxy.csv,proxy_volume_nao_oficial,Ranking por volume salvo na revisão anterior. Não representa a composição oficial do IBrX-100.
AMPLO_PROXY,2017,CCRO3,2016-12-29,referencia_original/data/universo_ibrx_proxy.csv,proxy_volume_nao_oficial,Ranking por volume salvo na revisão anterior. Não representa a composição oficial do IBrX-100.
AMPLO_PROXY,2017,CESP6,2016-12-29,referencia_original/data/universo_ibrx_proxy.csv,proxy_volume_nao_oficial,Ranking por volume salvo na revisão anterior. Não representa a composição oficial do IBrX-100.
AMPLO_PROXY,2017,CGAS5,2016-12-29,referencia_original/data/universo_ibrx_proxy.csv,proxy_volume_nao_oficial,Ranking por volume salvo na revisão anterior. Não representa a composição oficial do IBrX-100.
AMPLO_PROXY,2017,CIEL3,2016-12-29,referencia_original/data/universo_ibrx_proxy.csv,proxy_volume_nao_oficial,Ranking por volume salvo na revisão anterior. Não representa a composição oficial do IBrX-100.
AMPLO_PROXY,2017,CMIG4,2016-12-29,referencia_original/data/universo_ibrx_proxy.csv,proxy_volume_nao_oficial,Ranking por volume salvo na revisão anterior. Não representa a composição oficial do IBrX-100.
AMPLO_PROXY,2017,COGN3,2016-12-29,referencia_original/data/universo_ibrx_proxy.csv,proxy_volume_nao_oficial,Ranking por volume salvo na revisão anterior. Não representa a composição oficial do IBrX-100.
AMPLO_PROXY,2017,CPFE3,2016-12-29,referencia_original/data/universo_ibrx_proxy.csv,proxy_volume_nao_oficial,Ranking por volume salvo na revisão anterior. Não representa a composição oficial do IBrX-100.
AMPLO_PROXY,2017,CPLE6,2016-12-29,referencia_original/data/universo_ibrx_proxy.csv,proxy_volume_nao_oficial,Ranking por volume salvo na revisão anterior. Não representa a composição oficial do IBrX-100.
AMPLO_PROXY,2017,CSAN3,2016-12-29,referencia_original/data/universo_ibrx_proxy.csv,proxy_volume_nao_oficial,Ranking por volume salvo na revisão anterior. Não representa a composição oficial do IBrX-100.
AMPLO_PROXY,2017,CSMG3,2016-12-29,referencia_original/data/universo_ibrx_proxy.csv,proxy_volume_nao_oficial,Ranking por volume salvo na revisão anterior. Não representa a composição oficial do IBrX-100.
AMPLO_PROXY,2017,CSNA3,2016-12-29,referencia_original/data/universo_ibrx_proxy.csv,proxy_volume_nao_oficial,Ranking por volume salvo na revisão anterior. Não representa a composição oficial do IBrX-100.
AMPLO_PROXY,2017,CVCB3,2016-12-29,referencia_original/data/universo_ibrx_proxy.csv,proxy_volume_nao_oficial,Ranking por volume salvo na revisão anterior. Não representa a composição oficial do IBrX-100.
AMPLO_PROXY,2017,CYRE3,2016-12-29,referencia_original/data/universo_ibrx_proxy.csv,proxy_volume_nao_oficial,Ranking por volume salvo na revisão anterior. Não representa a composição oficial do IBrX-100.
AMPLO_PROXY,2017,DIRR3,2016-12-29,referencia_original/data/universo_ibrx_proxy.csv,proxy_volume_nao_oficial,Ranking por volume salvo na revisão anterior. Não representa a composição oficial do IBrX-100.
AMPLO_PROXY,2017,DXCO3,2016-12-29,referencia_original/data/universo_ibrx_proxy.csv,proxy_volume_nao_oficial,Ranking por volume salvo na revisão anterior. Não representa a composição oficial do IBrX-100.
AMPLO_PROXY,2017,ECOR3,2016-12-29,referencia_original/data/universo_ibrx_proxy.csv,proxy_volume_nao_oficial,Ranking por volume salvo na revisão anterior. Não representa a composição oficial do IBrX-100.
AMPLO_PROXY,2017,EGIE3,2016-12-29,referencia_original/data/universo_ibrx_proxy.csv,proxy_volume_nao_oficial,Ranking por volume salvo na revisão anterior. Não representa a composição oficial do IBrX-100.
AMPLO_PROXY,2017,ELET3,2016-12-29,referencia_original/data/universo_ibrx_proxy.csv,proxy_volume_nao_oficial,Ranking por volume salvo na revisão anterior. Não representa a composição oficial do IBrX-100.
AMPLO_PROXY,2017,EMBR3,2016-12-29,referencia_original/data/universo_ibrx_proxy.csv,proxy_volume_nao_oficial,Ranking por volume salvo na revisão anterior. Não representa a composição oficial do IBrX-100.
AMPLO_PROXY,2017,ENAT3,2016-12-29,referencia_original/data/universo_ibrx_proxy.csv,proxy_volume_nao_oficial,Ranking por volume salvo na revisão anterior. Não representa a composição oficial do IBrX-100.
AMPLO_PROXY,2017,ENBR3,2016-12-29,referencia_original/data/universo_ibrx_proxy.csv,proxy_volume_nao_oficial,Ranking por volume salvo na revisão anterior. Não representa a composição oficial do IBrX-100.
AMPLO_PROXY,2017,ENGI11,2016-12-29,referencia_original/data/universo_ibrx_proxy.csv,proxy_volume_nao_oficial,Ranking por volume salvo na revisão anterior. Não representa a composição oficial do IBrX-100.
AMPLO_PROXY,2017,EQTL3,2016-12-29,referencia_original/data/universo_ibrx_proxy.csv,proxy_volume_nao_oficial,Ranking por volume salvo na revisão anterior. Não representa a composição oficial do IBrX-100.
AMPLO_PROXY,2017,EVEN3,2016-12-29,referencia_original/data/universo_ibrx_proxy.csv,proxy_volume_nao_oficial,Ranking por volume salvo na revisão anterior. Não representa a composição oficial do IBrX-100.
AMPLO_PROXY,2017,EZTC3,2016-12-29,referencia_original/data/universo_ibrx_proxy.csv,proxy_volume_nao_oficial,Ranking por volume salvo na revisão anterior. Não representa a composição oficial do IBrX-100.
AMPLO_PROXY,2017,FLRY3,2016-12-29,referencia_original/data/universo_ibrx_proxy.csv,proxy_volume_nao_oficial,Ranking por volume salvo na revisão anterior. Não representa a composição oficial do IBrX-100.
AMPLO_PROXY,2017,GFSA3,2016-12-29,referencia_original/data/universo_ibrx_proxy.csv,proxy_volume_nao_oficial,Ranking por volume salvo na revisão anterior. Não representa a composição oficial do IBrX-100.
AMPLO_PROXY,2017,GGBR4,2016-12-29,referencia_original/data/universo_ibrx_proxy.csv,proxy_volume_nao_oficial,Ranking por volume salvo na revisão anterior. Não representa a composição oficial do IBrX-100.
AMPLO_PROXY,2017,GOAU4,2016-12-29,referencia_original/data/universo_ibrx_proxy.csv,proxy_volume_nao_oficial,Ranking por volume salvo na revisão anterior. Não representa a composição oficial do IBrX-100.
AMPLO_PROXY,2017,GOLL4,2016-12-29,referencia_original/data/universo_ibrx_proxy.csv,proxy_volume_nao_oficial,Ranking por volume salvo na revisão anterior. Não representa a composição oficial do IBrX-100.
AMPLO_PROXY,2017,GRND3,2016-12-29,referencia_original/data/universo_ibrx_proxy.csv,proxy_volume_nao_oficial,Ranking por volume salvo na revisão anterior. Não representa a composição oficial do IBrX-100.
AMPLO_PROXY,2017,HGTX3,2016-12-29,referencia_original/data/universo_ibrx_proxy.csv,proxy_volume_nao_oficial,Ranking por volume salvo na revisão anterior. Não representa a composição oficial do IBrX-100.
AMPLO_PROXY,2017,HYPE3,2016-12-29,referencia_original/data/universo_ibrx_proxy.csv,proxy_volume_nao_oficial,Ranking por volume salvo na revisão anterior. Não representa a composição oficial do IBrX-100.
AMPLO_PROXY,2017,ITSA4,2016-12-29,referencia_original/data/universo_ibrx_proxy.csv,proxy_volume_nao_oficial,Ranking por volume salvo na revisão anterior. Não representa a composição oficial do IBrX-100.
AMPLO_PROXY,2017,ITUB4,2016-12-29,referencia_original/data/universo_ibrx_proxy.csv,proxy_volume_nao_oficial,Ranking por volume salvo na revisão anterior. Não representa a composição oficial do IBrX-100.
AMPLO_PROXY,2017,JBSS3,2016-12-29,referencia_original/data/universo_ibrx_proxy.csv,proxy_volume_nao_oficial,Ranking por volume salvo na revisão anterior. Não representa a composição oficial do IBrX-100.
AMPLO_PROXY,2017,KLBN11,2016-12-29,referencia_original/data/universo_ibrx_proxy.csv,proxy_volume_nao_oficial,Ranking por volume salvo na revisão anterior. Não representa a composição oficial do IBrX-100.
AMPLO_PROXY,2017,LAME4,2016-12-29,referencia_original/data/universo_ibrx_proxy.csv,proxy_volume_nao_oficial,Ranking por volume salvo na revisão anterior. Não representa a composição oficial do IBrX-100.
AMPLO_PROXY,2017,LEVE3,2016-12-29,referencia_original/data/universo_ibrx_proxy.csv,proxy_volume_nao_oficial,Ranking por volume salvo na revisão anterior. Não representa a composição oficial do IBrX-100.
AMPLO_PROXY,2017,LIGT3,2016-12-29,referencia_original/data/universo_ibrx_proxy.csv,proxy_volume_nao_oficial,Ranking por volume salvo na revisão anterior. Não representa a composição oficial do IBrX-100.
AMPLO_PROXY,2017,LINX3,2016-12-29,referencia_original/data/universo_ibrx_proxy.csv,proxy_volume_nao_oficial,Ranking por volume salvo na revisão anterior. Não representa a composição oficial do IBrX-100.
AMPLO_PROXY,2017,LREN3,2016-12-29,referencia_original/data/universo_ibrx_proxy.csv,proxy_volume_nao_oficial,Ranking por volume salvo na revisão anterior. Não representa a composição oficial do IBrX-100.
AMPLO_PROXY,2017,MDIA3,2016-12-29,referencia_original/data/universo_ibrx_proxy.csv,proxy_volume_nao_oficial,Ranking por volume salvo na revisão anterior. Não representa a composição oficial do IBrX-100.
AMPLO_PROXY,2017,MGLU3,2016-12-29,referencia_original/data/universo_ibrx_proxy.csv,proxy_volume_nao_oficial,Ranking por volume salvo na revisão anterior. Não representa a composição oficial do IBrX-100.
AMPLO_PROXY,2017,MILS3,2016-12-29,referencia_original/data/universo_ibrx_proxy.csv,proxy_volume_nao_oficial,Ranking por volume salvo na revisão anterior. Não representa a composição oficial do IBrX-100.
AMPLO_PROXY,2017,MRFG3,2016-12-29,referencia_original/data/universo_ibrx_proxy.csv,proxy_volume_nao_oficial,Ranking por volume salvo na revisão anterior. Não representa a composição oficial do IBrX-100.
AMPLO_PROXY,2017,MRVE3,2016-12-29,referencia_original/data/universo_ibrx_proxy.csv,proxy_volume_nao_oficial,Ranking por volume salvo na revisão anterior. Não representa a composição oficial do IBrX-100.
AMPLO_PROXY,2017,MULT3,2016-12-29,referencia_original/data/universo_ibrx_proxy.csv,proxy_volume_nao_oficial,Ranking por volume salvo na revisão anterior. Não representa a composição oficial do IBrX-100.
AMPLO_PROXY,2017,MYPK3,2016-12-29,referencia_original/data/universo_ibrx_proxy.csv,proxy_volume_nao_oficial,Ranking por volume salvo na revisão anterior. Não representa a composição oficial do IBrX-100.
AMPLO_PROXY,2017,NTCO3,2016-12-29,referencia_original/data/universo_ibrx_proxy.csv,proxy_volume_nao_oficial,Ranking por volume salvo na revisão anterior. Não representa a composição oficial do IBrX-100.
AMPLO_PROXY,2017,ODPV3,2016-12-29,referencia_original/data/universo_ibrx_proxy.csv,proxy_volume_nao_oficial,Ranking por volume salvo na revisão anterior. Não representa a composição oficial do IBrX-100.
AMPLO_PROXY,2017,OIBR4,2016-12-29,referencia_original/data/universo_ibrx_proxy.csv,proxy_volume_nao_oficial,Ranking por volume salvo na revisão anterior. Não representa a composição oficial do IBrX-100.
AMPLO_PROXY,2017,PCAR3,2016-12-29,referencia_original/data/universo_ibrx_proxy.csv,proxy_volume_nao_oficial,Ranking por volume salvo na revisão anterior. Não representa a composição oficial do IBrX-100.
AMPLO_PROXY,2017,PDGR3,2016-12-29,referencia_original/data/universo_ibrx_proxy.csv,proxy_volume_nao_oficial,Ranking por volume salvo na revisão anterior. Não representa a composição oficial do IBrX-100.
AMPLO_PROXY,2017,PETR4,2016-12-29,referencia_original/data/universo_ibrx_proxy.csv,proxy_volume_nao_oficial,Ranking por volume salvo na revisão anterior. Não representa a composição oficial do IBrX-100.
AMPLO_PROXY,2017,POMO4,2016-12-29,referencia_original/data/universo_ibrx_proxy.csv,proxy_volume_nao_oficial,Ranking por volume salvo na revisão anterior. Não representa a composição oficial do IBrX-100.
AMPLO_PROXY,2017,PSSA3,2016-12-29,referencia_original/data/universo_ibrx_proxy.csv,proxy_volume_nao_oficial,Ranking por volume salvo na revisão anterior. Não representa a composição oficial do IBrX-100.
AMPLO_PROXY,2017,QUAL3,2016-12-29,referencia_original/data/universo_ibrx_proxy.csv,proxy_volume_nao_oficial,Ranking por volume salvo na revisão anterior. Não representa a composição oficial do IBrX-100.
AMPLO_PROXY,2017,RADL3,2016-12-29,referencia_original/data/universo_ibrx_proxy.csv,proxy_volume_nao_oficial,Ranking por volume salvo na revisão anterior. Não representa a composição oficial do IBrX-100.
AMPLO_PROXY,2017,RAPT4,2016-12-29,referencia_original/data/universo_ibrx_proxy.csv,proxy_volume_nao_oficial,Ranking por volume salvo na revisão anterior. Não representa a composição oficial do IBrX-100.
AMPLO_PROXY,2017,RENT3,2016-12-29,referencia_original/data/universo_ibrx_proxy.csv,proxy_volume_nao_oficial,Ranking por volume salvo na revisão anterior. Não representa a composição oficial do IBrX-100.
AMPLO_PROXY,2017,SANB11,2016-12-29,referencia_original/data/universo_ibrx_proxy.csv,proxy_volume_nao_oficial,Ranking por volume salvo na revisão anterior. Não representa a composição oficial do IBrX-100.
AMPLO_PROXY,2017,SAPR4,2016-12-29,referencia_original/data/universo_ibrx_proxy.csv,proxy_volume_nao_oficial,Ranking por volume salvo na revisão anterior. Não representa a composição oficial do IBrX-100.
AMPLO_PROXY,2017,SBSP3,2016-12-29,referencia_original/data/universo_ibrx_proxy.csv,proxy_volume_nao_oficial,Ranking por volume salvo na revisão anterior. Não representa a composição oficial do IBrX-100.
AMPLO_PROXY,2017,SEER3,2016-12-29,referencia_original/data/universo_ibrx_proxy.csv,proxy_volume_nao_oficial,Ranking por volume salvo na revisão anterior. Não representa a composição oficial do IBrX-100.
AMPLO_PROXY,2017,SLCE3,2016-12-29,referencia_original/data/universo_ibrx_proxy.csv,proxy_volume_nao_oficial,Ranking por volume salvo na revisão anterior. Não representa a composição oficial do IBrX-100.
AMPLO_PROXY,2017,SMTO3,2016-12-29,referencia_original/data/universo_ibrx_proxy.csv,proxy_volume_nao_oficial,Ranking por volume salvo na revisão anterior. Não representa a composição oficial do IBrX-100.
AMPLO_PROXY,2017,SULA11,2016-12-29,referencia_original/data/universo_ibrx_proxy.csv,proxy_volume_nao_oficial,Ranking por volume salvo na revisão anterior. Não representa a composição oficial do IBrX-100.
AMPLO_PROXY,2017,SUZB3,2016-12-29,referencia_original/data/universo_ibrx_proxy.csv,proxy_volume_nao_oficial,Ranking por volume salvo na revisão anterior. Não representa a composição oficial do IBrX-100.
AMPLO_PROXY,2017,TAEE11,2016-12-29,referencia_original/data/universo_ibrx_proxy.csv,proxy_volume_nao_oficial,Ranking por volume salvo na revisão anterior. Não representa a composição oficial do IBrX-100.
AMPLO_PROXY,2017,TIMS3,2016-12-29,referencia_original/data/universo_ibrx_proxy.csv,proxy_volume_nao_oficial,Ranking por volume salvo na revisão anterior. Não representa a composição oficial do IBrX-100.
AMPLO_PROXY,2017,TOTS3,2016-12-29,referencia_original/data/universo_ibrx_proxy.csv,proxy_volume_nao_oficial,Ranking por volume salvo na revisão anterior. Não representa a composição oficial do IBrX-100.
AMPLO_PROXY,2017,TRPL4,2016-12-29,referencia_original/data/universo_ibrx_proxy.csv,proxy_volume_nao_oficial,Ranking por volume salvo na revisão anterior. Não representa a composição oficial do IBrX-100.
AMPLO_PROXY,2017,TUPY3,2016-12-29,referencia_original/data/universo_ibrx_proxy.csv,proxy_volume_nao_oficial,Ranking por volume salvo na revisão anterior. Não representa a composição oficial do IBrX-100.
AMPLO_PROXY,2017,UGPA3,2016-12-29,referencia_original/data/universo_ibrx_proxy.csv,proxy_volume_nao_oficial,Ranking por volume salvo na revisão anterior. Não representa a composição oficial do IBrX-100.
AMPLO_PROXY,2017,USIM5,2016-12-29,referencia_original/data/universo_ibrx_proxy.csv,proxy_volume_nao_oficial,Ranking por volume salvo na revisão anterior. Não representa a composição oficial do IBrX-100.
AMPLO_PROXY,2017,VALE3,2016-12-29,referencia_original/data/universo_ibrx_proxy.csv,proxy_volume_nao_oficial,Ranking por volume salvo na revisão anterior. Não representa a composição oficial do IBrX-100.
AMPLO_PROXY,2017,VIVT4,2016-12-29,referencia_original/data/universo_ibrx_proxy.csv,proxy_volume_nao_oficial,Ranking por volume salvo na revisão anterior. Não representa a composição oficial do IBrX-100.
AMPLO_PROXY,2017,VLID3,2016-12-29,referencia_original/data/universo_ibrx_proxy.csv,proxy_volume_nao_oficial,Ranking por volume salvo na revisão anterior. Não representa a composição oficial do IBrX-100.
AMPLO_PROXY,2017,WEGE3,2016-12-29,referencia_original/data/universo_ibrx_proxy.csv,proxy_volume_nao_oficial,Ranking por volume salvo na revisão anterior. Não representa a composição oficial do IBrX-100.
AMPLO_PROXY,2017,WIZC3,2016-12-29,referencia_original/data/universo_ibrx_proxy.csv,proxy_volume_nao_oficial,Ranking por volume salvo na revisão anterior. Não representa a composição oficial do IBrX-100.
AMPLO_PROXY,2017,YDUQ3,2016-12-29,referencia_original/data/universo_ibrx_proxy.csv,proxy_volume_nao_oficial,Ranking por volume salvo na revisão anterior. Não representa a composição oficial do IBrX-100.
AMPLO_PROXY,2018,AALR3,2017-12-28,referencia_original/data/universo_ibrx_proxy.csv,proxy_volume_nao_oficial,Ranking por volume salvo na revisão anterior. Não representa a composição oficial do IBrX-100.
AMPLO_PROXY,2018,ABCB4,2017-12-28,referencia_original/data/universo_ibrx_proxy.csv,proxy_volume_nao_oficial,Ranking por volume salvo na revisão anterior. Não representa a composição oficial do IBrX-100.
AMPLO_PROXY,2018,ABEV3,2017-12-28,referencia_original/data/universo_ibrx_proxy.csv,proxy_volume_nao_oficial,Ranking por volume salvo na revisão anterior. Não representa a composição oficial do IBrX-100.
AMPLO_PROXY,2018,AESB3,2017-12-28,referencia_original/data/universo_ibrx_proxy.csv,proxy_volume_nao_oficial,Ranking por volume salvo na revisão anterior. Não representa a composição oficial do IBrX-100.
AMPLO_PROXY,2018,ALPA4,2017-12-28,referencia_original/data/universo_ibrx_proxy.csv,proxy_volume_nao_oficial,Ranking por volume salvo na revisão anterior. Não representa a composição oficial do IBrX-100.
AMPLO_PROXY,2018,ALUP11,2017-12-28,referencia_original/data/universo_ibrx_proxy.csv,proxy_volume_nao_oficial,Ranking por volume salvo na revisão anterior. Não representa a composição oficial do IBrX-100.
AMPLO_PROXY,2018,AMER3,2017-12-28,referencia_original/data/universo_ibrx_proxy.csv,proxy_volume_nao_oficial,Ranking por volume salvo na revisão anterior. Não representa a composição oficial do IBrX-100.
AMPLO_PROXY,2018,AZZA3,2017-12-28,referencia_original/data/universo_ibrx_proxy.csv,proxy_volume_nao_oficial,Ranking por volume salvo na revisão anterior. Não representa a composição oficial do IBrX-100.
AMPLO_PROXY,2018,B3SA3,2017-12-28,referencia_original/data/universo_ibrx_proxy.csv,proxy_volume_nao_oficial,Ranking por volume salvo na revisão anterior. Não representa a composição oficial do IBrX-100.
AMPLO_PROXY,2018,BBAS3,2017-12-28,referencia_original/data/universo_ibrx_proxy.csv,proxy_volume_nao_oficial,Ranking por volume salvo na revisão anterior. Não representa a composição oficial do IBrX-100.
AMPLO_PROXY,2018,BBDC4,2017-12-28,referencia_original/data/universo_ibrx_proxy.csv,proxy_volume_nao_oficial,Ranking por volume salvo na revisão anterior. Não representa a composição oficial do IBrX-100.
AMPLO_PROXY,2018,BBSE3,2017-12-28,referencia_original/data/universo_ibrx_proxy.csv,proxy_volume_nao_oficial,Ranking por volume salvo na revisão anterior. Não representa a composição oficial do IBrX-100.
AMPLO_PROXY,2018,BEEF3,2017-12-28,referencia_original/data/universo_ibrx_proxy.csv,proxy_volume_nao_oficial,Ranking por volume salvo na revisão anterior. Não representa a composição oficial do IBrX-100.
AMPLO_PROXY,2018,BRAP4,2017-12-28,referencia_original/data/universo_ibrx_proxy.csv,proxy_volume_nao_oficial,Ranking por volume salvo na revisão anterior. Não representa a composição oficial do IBrX-100.
AMPLO_PROXY,2018,BRFS3,2017-12-28,referencia_original/data/universo_ibrx_proxy.csv,proxy_volume_nao_oficial,Ranking por volume salvo na revisão anterior. Não representa a composição oficial do IBrX-100.
AMPLO_PROXY,2018,BRKM5,2017-12-28,referencia_original/data/universo_ibrx_proxy.csv,proxy_volume_nao_oficial,Ranking por volume salvo na revisão anterior. Não representa a composição oficial do IBrX-100.
AMPLO_PROXY,2018,BRML3,2017-12-28,referencia_original/data/universo_ibrx_proxy.csv,proxy_volume_nao_oficial,Ranking por volume salvo na revisão anterior. Não representa a composição oficial do IBrX-100.
AMPLO_PROXY,2018,BRPR3,2017-12-28,referencia_original/data/universo_ibrx_proxy.csv,proxy_volume_nao_oficial,Ranking por volume salvo na revisão anterior. Não representa a composição oficial do IBrX-100.
AMPLO_PROXY,2018,BRSR6,2017-12-28,referencia_original/data/universo_ibrx_proxy.csv,proxy_volume_nao_oficial,Ranking por volume salvo na revisão anterior. Não representa a composição oficial do IBrX-100.
AMPLO_PROXY,2018,CCRO3,2017-12-28,referencia_original/data/universo_ibrx_proxy.csv,proxy_volume_nao_oficial,Ranking por volume salvo na revisão anterior. Não representa a composição oficial do IBrX-100.
AMPLO_PROXY,2018,CESP6,2017-12-28,referencia_original/data/universo_ibrx_proxy.csv,proxy_volume_nao_oficial,Ranking por volume salvo na revisão anterior. Não representa a composição oficial do IBrX-100.
AMPLO_PROXY,2018,CGAS5,2017-12-28,referencia_original/data/universo_ibrx_proxy.csv,proxy_volume_nao_oficial,Ranking por volume salvo na revisão anterior. Não representa a composição oficial do IBrX-100.
AMPLO_PROXY,2018,CIEL3,2017-12-28,referencia_original/data/universo_ibrx_proxy.csv,proxy_volume_nao_oficial,Ranking por volume salvo na revisão anterior. Não representa a composição oficial do IBrX-100.
AMPLO_PROXY,2018,CMIG4,2017-12-28,referencia_original/data/universo_ibrx_proxy.csv,proxy_volume_nao_oficial,Ranking por volume salvo na revisão anterior. Não representa a composição oficial do IBrX-100.
AMPLO_PROXY,2018,COGN3,2017-12-28,referencia_original/data/universo_ibrx_proxy.csv,proxy_volume_nao_oficial,Ranking por volume salvo na revisão anterior. Não representa a composição oficial do IBrX-100.
AMPLO_PROXY,2018,CPFE3,2017-12-28,referencia_original/data/universo_ibrx_proxy.csv,proxy_volume_nao_oficial,Ranking por volume salvo na revisão anterior. Não representa a composição oficial do IBrX-100.
AMPLO_PROXY,2018,CPLE6,2017-12-28,referencia_original/data/universo_ibrx_proxy.csv,proxy_volume_nao_oficial,Ranking por volume salvo na revisão anterior. Não representa a composição oficial do IBrX-100.
AMPLO_PROXY,2018,CSAN3,2017-12-28,referencia_original/data/universo_ibrx_proxy.csv,proxy_volume_nao_oficial,Ranking por volume salvo na revisão anterior. Não representa a composição oficial do IBrX-100.
AMPLO_PROXY,2018,CSMG3,2017-12-28,referencia_original/data/universo_ibrx_proxy.csv,proxy_volume_nao_oficial,Ranking por volume salvo na revisão anterior. Não representa a composição oficial do IBrX-100.
AMPLO_PROXY,2018,CSNA3,2017-12-28,referencia_original/data/universo_ibrx_proxy.csv,proxy_volume_nao_oficial,Ranking por volume salvo na revisão anterior. Não representa a composição oficial do IBrX-100.
AMPLO_PROXY,2018,CVCB3,2017-12-28,referencia_original/data/universo_ibrx_proxy.csv,proxy_volume_nao_oficial,Ranking por volume salvo na revisão anterior. Não representa a composição oficial do IBrX-100.
AMPLO_PROXY,2018,CYRE3,2017-12-28,referencia_original/data/universo_ibrx_proxy.csv,proxy_volume_nao_oficial,Ranking por volume salvo na revisão anterior. Não representa a composição oficial do IBrX-100.
AMPLO_PROXY,2018,DIRR3,2017-12-28,referencia_original/data/universo_ibrx_proxy.csv,proxy_volume_nao_oficial,Ranking por volume salvo na revisão anterior. Não representa a composição oficial do IBrX-100.
AMPLO_PROXY,2018,DXCO3,2017-12-28,referencia_original/data/universo_ibrx_proxy.csv,proxy_volume_nao_oficial,Ranking por volume salvo na revisão anterior. Não representa a composição oficial do IBrX-100.
AMPLO_PROXY,2018,ECOR3,2017-12-28,referencia_original/data/universo_ibrx_proxy.csv,proxy_volume_nao_oficial,Ranking por volume salvo na revisão anterior. Não representa a composição oficial do IBrX-100.
AMPLO_PROXY,2018,EGIE3,2017-12-28,referencia_original/data/universo_ibrx_proxy.csv,proxy_volume_nao_oficial,Ranking por volume salvo na revisão anterior. Não representa a composição oficial do IBrX-100.
AMPLO_PROXY,2018,ELET3,2017-12-28,referencia_original/data/universo_ibrx_proxy.csv,proxy_volume_nao_oficial,Ranking por volume salvo na revisão anterior. Não representa a composição oficial do IBrX-100.
AMPLO_PROXY,2018,EMBR3,2017-12-28,referencia_original/data/universo_ibrx_proxy.csv,proxy_volume_nao_oficial,Ranking por volume salvo na revisão anterior. Não representa a composição oficial do IBrX-100.
AMPLO_PROXY,2018,ENBR3,2017-12-28,referencia_original/data/universo_ibrx_proxy.csv,proxy_volume_nao_oficial,Ranking por volume salvo na revisão anterior. Não representa a composição oficial do IBrX-100.
AMPLO_PROXY,2018,ENGI11,2017-12-28,referencia_original/data/universo_ibrx_proxy.csv,proxy_volume_nao_oficial,Ranking por volume salvo na revisão anterior. Não representa a composição oficial do IBrX-100.
AMPLO_PROXY,2018,EQTL3,2017-12-28,referencia_original/data/universo_ibrx_proxy.csv,proxy_volume_nao_oficial,Ranking por volume salvo na revisão anterior. Não representa a composição oficial do IBrX-100.
AMPLO_PROXY,2018,EZTC3,2017-12-28,referencia_original/data/universo_ibrx_proxy.csv,proxy_volume_nao_oficial,Ranking por volume salvo na revisão anterior. Não representa a composição oficial do IBrX-100.
AMPLO_PROXY,2018,FLRY3,2017-12-28,referencia_original/data/universo_ibrx_proxy.csv,proxy_volume_nao_oficial,Ranking por volume salvo na revisão anterior. Não representa a composição oficial do IBrX-100.
AMPLO_PROXY,2018,GFSA3,2017-12-28,referencia_original/data/universo_ibrx_proxy.csv,proxy_volume_nao_oficial,Ranking por volume salvo na revisão anterior. Não representa a composição oficial do IBrX-100.
AMPLO_PROXY,2018,GGBR4,2017-12-28,referencia_original/data/universo_ibrx_proxy.csv,proxy_volume_nao_oficial,Ranking por volume salvo na revisão anterior. Não representa a composição oficial do IBrX-100.
AMPLO_PROXY,2018,GOAU4,2017-12-28,referencia_original/data/universo_ibrx_proxy.csv,proxy_volume_nao_oficial,Ranking por volume salvo na revisão anterior. Não representa a composição oficial do IBrX-100.
AMPLO_PROXY,2018,GOLL4,2017-12-28,referencia_original/data/universo_ibrx_proxy.csv,proxy_volume_nao_oficial,Ranking por volume salvo na revisão anterior. Não representa a composição oficial do IBrX-100.
AMPLO_PROXY,2018,GRND3,2017-12-28,referencia_original/data/universo_ibrx_proxy.csv,proxy_volume_nao_oficial,Ranking por volume salvo na revisão anterior. Não representa a composição oficial do IBrX-100.
AMPLO_PROXY,2018,GUAR3,2017-12-28,referencia_original/data/universo_ibrx_proxy.csv,proxy_volume_nao_oficial,Ranking por volume salvo na revisão anterior. Não representa a composição oficial do IBrX-100.
AMPLO_PROXY,2018,HGTX3,2017-12-28,referencia_original/data/universo_ibrx_proxy.csv,proxy_volume_nao_oficial,Ranking por volume salvo na revisão anterior. Não representa a composição oficial do IBrX-100.
AMPLO_PROXY,2018,HYPE3,2017-12-28,referencia_original/data/universo_ibrx_proxy.csv,proxy_volume_nao_oficial,Ranking por volume salvo na revisão anterior. Não representa a composição oficial do IBrX-100.
AMPLO_PROXY,2018,ITSA3,2017-12-28,referencia_original/data/universo_ibrx_proxy.csv,proxy_volume_nao_oficial,Ranking por volume salvo na revisão anterior. Não representa a composição oficial do IBrX-100.
AMPLO_PROXY,2018,ITUB4,2017-12-28,referencia_original/data/universo_ibrx_proxy.csv,proxy_volume_nao_oficial,Ranking por volume salvo na revisão anterior. Não representa a composição oficial do IBrX-100.
AMPLO_PROXY,2018,JBSS3,2017-12-28,referencia_original/data/universo_ibrx_proxy.csv,proxy_volume_nao_oficial,Ranking por volume salvo na revisão anterior. Não representa a composição oficial do IBrX-100.
AMPLO_PROXY,2018,KLBN11,2017-12-28,referencia_original/data/universo_ibrx_proxy.csv,proxy_volume_nao_oficial,Ranking por volume salvo na revisão anterior. Não representa a composição oficial do IBrX-100.
AMPLO_PROXY,2018,LAME4,2017-12-28,referencia_original/data/universo_ibrx_proxy.csv,proxy_volume_nao_oficial,Ranking por volume salvo na revisão anterior. Não representa a composição oficial do IBrX-100.
AMPLO_PROXY,2018,LEVE3,2017-12-28,referencia_original/data/universo_ibrx_proxy.csv,proxy_volume_nao_oficial,Ranking por volume salvo na revisão anterior. Não representa a composição oficial do IBrX-100.
AMPLO_PROXY,2018,LIGT3,2017-12-28,referencia_original/data/universo_ibrx_proxy.csv,proxy_volume_nao_oficial,Ranking por volume salvo na revisão anterior. Não representa a composição oficial do IBrX-100.
AMPLO_PROXY,2018,LINX3,2017-12-28,referencia_original/data/universo_ibrx_proxy.csv,proxy_volume_nao_oficial,Ranking por volume salvo na revisão anterior. Não representa a composição oficial do IBrX-100.
AMPLO_PROXY,2018,LREN3,2017-12-28,referencia_original/data/universo_ibrx_proxy.csv,proxy_volume_nao_oficial,Ranking por volume salvo na revisão anterior. Não representa a composição oficial do IBrX-100.
AMPLO_PROXY,2018,MDIA3,2017-12-28,referencia_original/data/universo_ibrx_proxy.csv,proxy_volume_nao_oficial,Ranking por volume salvo na revisão anterior. Não representa a composição oficial do IBrX-100.
AMPLO_PROXY,2018,MEAL3,2017-12-28,referencia_original/data/universo_ibrx_proxy.csv,proxy_volume_nao_oficial,Ranking por volume salvo na revisão anterior. Não representa a composição oficial do IBrX-100.
AMPLO_PROXY,2018,MGLU3,2017-12-28,referencia_original/data/universo_ibrx_proxy.csv,proxy_volume_nao_oficial,Ranking por volume salvo na revisão anterior. Não representa a composição oficial do IBrX-100.
AMPLO_PROXY,2018,MRFG3,2017-12-28,referencia_original/data/universo_ibrx_proxy.csv,proxy_volume_nao_oficial,Ranking por volume salvo na revisão anterior. Não representa a composição oficial do IBrX-100.
AMPLO_PROXY,2018,MRVE3,2017-12-28,referencia_original/data/universo_ibrx_proxy.csv,proxy_volume_nao_oficial,Ranking por volume salvo na revisão anterior. Não representa a composição oficial do IBrX-100.
AMPLO_PROXY,2018,MULT3,2017-12-28,referencia_original/data/universo_ibrx_proxy.csv,proxy_volume_nao_oficial,Ranking por volume salvo na revisão anterior. Não representa a composição oficial do IBrX-100.
AMPLO_PROXY,2018,MYPK3,2017-12-28,referencia_original/data/universo_ibrx_proxy.csv,proxy_volume_nao_oficial,Ranking por volume salvo na revisão anterior. Não representa a composição oficial do IBrX-100.
AMPLO_PROXY,2018,NTCO3,2017-12-28,referencia_original/data/universo_ibrx_proxy.csv,proxy_volume_nao_oficial,Ranking por volume salvo na revisão anterior. Não representa a composição oficial do IBrX-100.
AMPLO_PROXY,2018,ODPV3,2017-12-28,referencia_original/data/universo_ibrx_proxy.csv,proxy_volume_nao_oficial,Ranking por volume salvo na revisão anterior. Não representa a composição oficial do IBrX-100.
AMPLO_PROXY,2018,OIBR4,2017-12-28,referencia_original/data/universo_ibrx_proxy.csv,proxy_volume_nao_oficial,Ranking por volume salvo na revisão anterior. Não representa a composição oficial do IBrX-100.
AMPLO_PROXY,2018,PCAR3,2017-12-28,referencia_original/data/universo_ibrx_proxy.csv,proxy_volume_nao_oficial,Ranking por volume salvo na revisão anterior. Não representa a composição oficial do IBrX-100.
AMPLO_PROXY,2018,PDGR3,2017-12-28,referencia_original/data/universo_ibrx_proxy.csv,proxy_volume_nao_oficial,Ranking por volume salvo na revisão anterior. Não representa a composição oficial do IBrX-100.
AMPLO_PROXY,2018,PETR4,2017-12-28,referencia_original/data/universo_ibrx_proxy.csv,proxy_volume_nao_oficial,Ranking por volume salvo na revisão anterior. Não representa a composição oficial do IBrX-100.
AMPLO_PROXY,2018,POMO4,2017-12-28,referencia_original/data/universo_ibrx_proxy.csv,proxy_volume_nao_oficial,Ranking por volume salvo na revisão anterior. Não representa a composição oficial do IBrX-100.
AMPLO_PROXY,2018,PSSA3,2017-12-28,referencia_original/data/universo_ibrx_proxy.csv,proxy_volume_nao_oficial,Ranking por volume salvo na revisão anterior. Não representa a composição oficial do IBrX-100.
AMPLO_PROXY,2018,QUAL3,2017-12-28,referencia_original/data/universo_ibrx_proxy.csv,proxy_volume_nao_oficial,Ranking por volume salvo na revisão anterior. Não representa a composição oficial do IBrX-100.
AMPLO_PROXY,2018,RADL3,2017-12-28,referencia_original/data/universo_ibrx_proxy.csv,proxy_volume_nao_oficial,Ranking por volume salvo na revisão anterior. Não representa a composição oficial do IBrX-100.
AMPLO_PROXY,2018,RAPT4,2017-12-28,referencia_original/data/universo_ibrx_proxy.csv,proxy_volume_nao_oficial,Ranking por volume salvo na revisão anterior. Não representa a composição oficial do IBrX-100.
AMPLO_PROXY,2018,RENT3,2017-12-28,referencia_original/data/universo_ibrx_proxy.csv,proxy_volume_nao_oficial,Ranking por volume salvo na revisão anterior. Não representa a composição oficial do IBrX-100.
AMPLO_PROXY,2018,SANB11,2017-12-28,referencia_original/data/universo_ibrx_proxy.csv,proxy_volume_nao_oficial,Ranking por volume salvo na revisão anterior. Não representa a composição oficial do IBrX-100.
AMPLO_PROXY,2018,SBSP3,2017-12-28,referencia_original/data/universo_ibrx_proxy.csv,proxy_volume_nao_oficial,Ranking por volume salvo na revisão anterior. Não representa a composição oficial do IBrX-100.
AMPLO_PROXY,2018,SEER3,2017-12-28,referencia_original/data/universo_ibrx_proxy.csv,proxy_volume_nao_oficial,Ranking por volume salvo na revisão anterior. Não representa a composição oficial do IBrX-100.
AMPLO_PROXY,2018,SLCE3,2017-12-28,referencia_original/data/universo_ibrx_proxy.csv,proxy_volume_nao_oficial,Ranking por volume salvo na revisão anterior. Não representa a composição oficial do IBrX-100.
AMPLO_PROXY,2018,SMLS3,2017-12-28,referencia_original/data/universo_ibrx_proxy.csv,proxy_volume_nao_oficial,Ranking por volume salvo na revisão anterior. Não representa a composição oficial do IBrX-100.
AMPLO_PROXY,2018,SMTO3,2017-12-28,referencia_original/data/universo_ibrx_proxy.csv,proxy_volume_nao_oficial,Ranking por volume salvo na revisão anterior. Não representa a composição oficial do IBrX-100.
AMPLO_PROXY,2018,SULA11,2017-12-28,referencia_original/data/universo_ibrx_proxy.csv,proxy_volume_nao_oficial,Ranking por volume salvo na revisão anterior. Não representa a composição oficial do IBrX-100.
AMPLO_PROXY,2018,SUZB3,2017-12-28,referencia_original/data/universo_ibrx_proxy.csv,proxy_volume_nao_oficial,Ranking por volume salvo na revisão anterior. Não representa a composição oficial do IBrX-100.
AMPLO_PROXY,2018,TAEE11,2017-12-28,referencia_original/data/universo_ibrx_proxy.csv,proxy_volume_nao_oficial,Ranking por volume salvo na revisão anterior. Não representa a composição oficial do IBrX-100.
AMPLO_PROXY,2018,TIMS3,2017-12-28,referencia_original/data/universo_ibrx_proxy.csv,proxy_volume_nao_oficial,Ranking por volume salvo na revisão anterior. Não representa a composição oficial do IBrX-100.
AMPLO_PROXY,2018,TOTS3,2017-12-28,referencia_original/data/universo_ibrx_proxy.csv,proxy_volume_nao_oficial,Ranking por volume salvo na revisão anterior. Não representa a composição oficial do IBrX-100.
AMPLO_PROXY,2018,TRPL4,2017-12-28,referencia_original/data/universo_ibrx_proxy.csv,proxy_volume_nao_oficial,Ranking por volume salvo na revisão anterior. Não representa a composição oficial do IBrX-100.
AMPLO_PROXY,2018,TUPY3,2017-12-28,referencia_original/data/universo_ibrx_proxy.csv,proxy_volume_nao_oficial,Ranking por volume salvo na revisão anterior. Não representa a composição oficial do IBrX-100.
AMPLO_PROXY,2018,UGPA3,2017-12-28,referencia_original/data/universo_ibrx_proxy.csv,proxy_volume_nao_oficial,Ranking por volume salvo na revisão anterior. Não representa a composição oficial do IBrX-100.
AMPLO_PROXY,2018,USIM5,2017-12-28,referencia_original/data/universo_ibrx_proxy.csv,proxy_volume_nao_oficial,Ranking por volume salvo na revisão anterior. Não representa a composição oficial do IBrX-100.
AMPLO_PROXY,2018,VALE3,2017-12-28,referencia_original/data/universo_ibrx_proxy.csv,proxy_volume_nao_oficial,Ranking por volume salvo na revisão anterior. Não representa a composição oficial do IBrX-100.
AMPLO_PROXY,2018,VIVT4,2017-12-28,referencia_original/data/universo_ibrx_proxy.csv,proxy_volume_nao_oficial,Ranking por volume salvo na revisão anterior. Não representa a composição oficial do IBrX-100.
AMPLO_PROXY,2018,VLID3,2017-12-28,referencia_original/data/universo_ibrx_proxy.csv,proxy_volume_nao_oficial,Ranking por volume salvo na revisão anterior. Não representa a composição oficial do IBrX-100.
AMPLO_PROXY,2018,WEGE3,2017-12-28,referencia_original/data/universo_ibrx_proxy.csv,proxy_volume_nao_oficial,Ranking por volume salvo na revisão anterior. Não representa a composição oficial do IBrX-100.
AMPLO_PROXY,2018,WIZC3,2017-12-28,referencia_original/data/universo_ibrx_proxy.csv,proxy_volume_nao_oficial,Ranking por volume salvo na revisão anterior. Não representa a composição oficial do IBrX-100.
AMPLO_PROXY,2018,YDUQ3,2017-12-28,referencia_original/data/universo_ibrx_proxy.csv,proxy_volume_nao_oficial,Ranking por volume salvo na revisão anterior. Não representa a composição oficial do IBrX-100.
AMPLO_PROXY,2019,ABEV3,2018-12-28,referencia_original/data/universo_ibrx_proxy.csv,proxy_volume_nao_oficial,Ranking por volume salvo na revisão anterior. Não representa a composição oficial do IBrX-100.
AMPLO_PROXY,2019,AESB3,2018-12-28,referencia_original/data/universo_ibrx_proxy.csv,proxy_volume_nao_oficial,Ranking por volume salvo na revisão anterior. Não representa a composição oficial do IBrX-100.
AMPLO_PROXY,2019,ALPA4,2018-12-28,referencia_original/data/universo_ibrx_proxy.csv,proxy_volume_nao_oficial,Ranking por volume salvo na revisão anterior. Não representa a composição oficial do IBrX-100.
AMPLO_PROXY,2019,ALUP11,2018-12-28,referencia_original/data/universo_ibrx_proxy.csv,proxy_volume_nao_oficial,Ranking por volume salvo na revisão anterior. Não representa a composição oficial do IBrX-100.
AMPLO_PROXY,2019,AMER3,2018-12-28,referencia_original/data/universo_ibrx_proxy.csv,proxy_volume_nao_oficial,Ranking por volume salvo na revisão anterior. Não representa a composição oficial do IBrX-100.
AMPLO_PROXY,2019,AZUL4,2018-12-28,referencia_original/data/universo_ibrx_proxy.csv,proxy_volume_nao_oficial,Ranking por volume salvo na revisão anterior. Não representa a composição oficial do IBrX-100.
AMPLO_PROXY,2019,AZZA3,2018-12-28,referencia_original/data/universo_ibrx_proxy.csv,proxy_volume_nao_oficial,Ranking por volume salvo na revisão anterior. Não representa a composição oficial do IBrX-100.
AMPLO_PROXY,2019,B3SA3,2018-12-28,referencia_original/data/universo_ibrx_proxy.csv,proxy_volume_nao_oficial,Ranking por volume salvo na revisão anterior. Não representa a composição oficial do IBrX-100.
AMPLO_PROXY,2019,BBAS3,2018-12-28,referencia_original/data/universo_ibrx_proxy.csv,proxy_volume_nao_oficial,Ranking por volume salvo na revisão anterior. Não representa a composição oficial do IBrX-100.
AMPLO_PROXY,2019,BBDC4,2018-12-28,referencia_original/data/universo_ibrx_proxy.csv,proxy_volume_nao_oficial,Ranking por volume salvo na revisão anterior. Não representa a composição oficial do IBrX-100.
AMPLO_PROXY,2019,BBSE3,2018-12-28,referencia_original/data/universo_ibrx_proxy.csv,proxy_volume_nao_oficial,Ranking por volume salvo na revisão anterior. Não representa a composição oficial do IBrX-100.
AMPLO_PROXY,2019,BEEF3,2018-12-28,referencia_original/data/universo_ibrx_proxy.csv,proxy_volume_nao_oficial,Ranking por volume salvo na revisão anterior. Não representa a composição oficial do IBrX-100.
AMPLO_PROXY,2019,BPAC11,2018-12-28,referencia_original/data/universo_ibrx_proxy.csv,proxy_volume_nao_oficial,Ranking por volume salvo na revisão anterior. Não representa a composição oficial do IBrX-100.
AMPLO_PROXY,2019,BRAP4,2018-12-28,referencia_original/data/universo_ibrx_proxy.csv,proxy_volume_nao_oficial,Ranking por volume salvo na revisão anterior. Não representa a composição oficial do IBrX-100.
AMPLO_PROXY,2019,BRFS3,2018-12-28,referencia_original/data/universo_ibrx_proxy.csv,proxy_volume_nao_oficial,Ranking por volume salvo na revisão anterior. Não representa a composição oficial do IBrX-100.
AMPLO_PROXY,2019,BRKM5,2018-12-28,referencia_original/data/universo_ibrx_proxy.csv,proxy_volume_nao_oficial,Ranking por volume salvo na revisão anterior. Não representa a composição oficial do IBrX-100.
AMPLO_PROXY,2019,BRML3,2018-12-28,referencia_original/data/universo_ibrx_proxy.csv,proxy_volume_nao_oficial,Ranking por volume salvo na revisão anterior. Não representa a composição oficial do IBrX-100.
AMPLO_PROXY,2019,BRSR6,2018-12-28,referencia_original/data/universo_ibrx_proxy.csv,proxy_volume_nao_oficial,Ranking por volume salvo na revisão anterior. Não representa a composição oficial do IBrX-100.
AMPLO_PROXY,2019,CCRO3,2018-12-28,referencia_original/data/universo_ibrx_proxy.csv,proxy_volume_nao_oficial,Ranking por volume salvo na revisão anterior. Não representa a composição oficial do IBrX-100.
AMPLO_PROXY,2019,CESP6,2018-12-28,referencia_original/data/universo_ibrx_proxy.csv,proxy_volume_nao_oficial,Ranking por volume salvo na revisão anterior. Não representa a composição oficial do IBrX-100.
AMPLO_PROXY,2019,CIEL3,2018-12-28,referencia_original/data/universo_ibrx_proxy.csv,proxy_volume_nao_oficial,Ranking por volume salvo na revisão anterior. Não representa a composição oficial do IBrX-100.
AMPLO_PROXY,2019,CMIG4,2018-12-28,referencia_original/data/universo_ibrx_proxy.csv,proxy_volume_nao_oficial,Ranking por volume salvo na revisão anterior. Não representa a composição oficial do IBrX-100.
AMPLO_PROXY,2019,COGN3,2018-12-28,referencia_original/data/universo_ibrx_proxy.csv,proxy_volume_nao_oficial,Ranking por volume salvo na revisão anterior. Não representa a composição oficial do IBrX-100.
AMPLO_PROXY,2019,CPFE3,2018-12-28,referencia_original/data/universo_ibrx_proxy.csv,proxy_volume_nao_oficial,Ranking por volume salvo na revisão anterior. Não representa a composição oficial do IBrX-100.
AMPLO_PROXY,2019,CPLE6,2018-12-28,referencia_original/data/universo_ibrx_proxy.csv,proxy_volume_nao_oficial,Ranking por volume salvo na revisão anterior. Não representa a composição oficial do IBrX-100.
AMPLO_PROXY,2019,CRFB3,2018-12-28,referencia_original/data/universo_ibrx_proxy.csv,proxy_volume_nao_oficial,Ranking por volume salvo na revisão anterior. Não representa a composição oficial do IBrX-100.
AMPLO_PROXY,2019,CSAN3,2018-12-28,referencia_original/data/universo_ibrx_proxy.csv,proxy_volume_nao_oficial,Ranking por volume salvo na revisão anterior. Não representa a composição oficial do IBrX-100.
AMPLO_PROXY,2019,CSMG3,2018-12-28,referencia_original/data/universo_ibrx_proxy.csv,proxy_volume_nao_oficial,Ranking por volume salvo na revisão anterior. Não representa a composição oficial do IBrX-100.
AMPLO_PROXY,2019,CSNA3,2018-12-28,referencia_original/data/universo_ibrx_proxy.csv,proxy_volume_nao_oficial,Ranking por volume salvo na revisão anterior. Não representa a composição oficial do IBrX-100.
AMPLO_PROXY,2019,CVCB3,2018-12-28,referencia_original/data/universo_ibrx_proxy.csv,proxy_volume_nao_oficial,Ranking por volume salvo na revisão anterior. Não representa a composição oficial do IBrX-100.
AMPLO_PROXY,2019,CYRE3,2018-12-28,referencia_original/data/universo_ibrx_proxy.csv,proxy_volume_nao_oficial,Ranking por volume salvo na revisão anterior. Não representa a composição oficial do IBrX-100.
AMPLO_PROXY,2019,DXCO3,2018-12-28,referencia_original/data/universo_ibrx_proxy.csv,proxy_volume_nao_oficial,Ranking por volume salvo na revisão anterior. Não representa a composição oficial do IBrX-100.
AMPLO_PROXY,2019,ECOR3,2018-12-28,referencia_original/data/universo_ibrx_proxy.csv,proxy_volume_nao_oficial,Ranking por volume salvo na revisão anterior. Não representa a composição oficial do IBrX-100.
AMPLO_PROXY,2019,EGIE3,2018-12-28,referencia_original/data/universo_ibrx_proxy.csv,proxy_volume_nao_oficial,Ranking por volume salvo na revisão anterior. Não representa a composição oficial do IBrX-100.
AMPLO_PROXY,2019,ELET3,2018-12-28,referencia_original/data/universo_ibrx_proxy.csv,proxy_volume_nao_oficial,Ranking por volume salvo na revisão anterior. Não representa a composição oficial do IBrX-100.
AMPLO_PROXY,2019,EMBR3,2018-12-28,referencia_original/data/universo_ibrx_proxy.csv,proxy_volume_nao_oficial,Ranking por volume salvo na revisão anterior. Não representa a composição oficial do IBrX-100.
AMPLO_PROXY,2019,ENAT3,2018-12-28,referencia_original/data/universo_ibrx_proxy.csv,proxy_volume_nao_oficial,Ranking por volume salvo na revisão anterior. Não representa a composição oficial do IBrX-100.
AMPLO_PROXY,2019,ENBR3,2018-12-28,referencia_original/data/universo_ibrx_proxy.csv,proxy_volume_nao_oficial,Ranking por volume salvo na revisão anterior. Não representa a composição oficial do IBrX-100.
AMPLO_PROXY,2019,ENGI11,2018-12-28,referencia_original/data/universo_ibrx_proxy.csv,proxy_volume_nao_oficial,Ranking por volume salvo na revisão anterior. Não representa a composição oficial do IBrX-100.
AMPLO_PROXY,2019,EQTL3,2018-12-28,referencia_original/data/universo_ibrx_proxy.csv,proxy_volume_nao_oficial,Ranking por volume salvo na revisão anterior. Não representa a composição oficial do IBrX-100.
AMPLO_PROXY,2019,EZTC3,2018-12-28,referencia_original/data/universo_ibrx_proxy.csv,proxy_volume_nao_oficial,Ranking por volume salvo na revisão anterior. Não representa a composição oficial do IBrX-100.
AMPLO_PROXY,2019,FLRY3,2018-12-28,referencia_original/data/universo_ibrx_proxy.csv,proxy_volume_nao_oficial,Ranking por volume salvo na revisão anterior. Não representa a composição oficial do IBrX-100.
AMPLO_PROXY,2019,GFSA3,2018-12-28,referencia_original/data/universo_ibrx_proxy.csv,proxy_volume_nao_oficial,Ranking por volume salvo na revisão anterior. Não representa a composição oficial do IBrX-100.
AMPLO_PROXY,2019,GGBR4,2018-12-28,referencia_original/data/universo_ibrx_proxy.csv,proxy_volume_nao_oficial,Ranking por volume salvo na revisão anterior. Não representa a composição oficial do IBrX-100.
AMPLO_PROXY,2019,GOAU4,2018-12-28,referencia_original/data/universo_ibrx_proxy.csv,proxy_volume_nao_oficial,Ranking por volume salvo na revisão anterior. Não representa a composição oficial do IBrX-100.
AMPLO_PROXY,2019,GOLL4,2018-12-28,referencia_original/data/universo_ibrx_proxy.csv,proxy_volume_nao_oficial,Ranking por volume salvo na revisão anterior. Não representa a composição oficial do IBrX-100.
AMPLO_PROXY,2019,HGTX3,2018-12-28,referencia_original/data/universo_ibrx_proxy.csv,proxy_volume_nao_oficial,Ranking por volume salvo na revisão anterior. Não representa a composição oficial do IBrX-100.
AMPLO_PROXY,2019,HYPE3,2018-12-28,referencia_original/data/universo_ibrx_proxy.csv,proxy_volume_nao_oficial,Ranking por volume salvo na revisão anterior. Não representa a composição oficial do IBrX-100.
AMPLO_PROXY,2019,IRBR3,2018-12-28,referencia_original/data/universo_ibrx_proxy.csv,proxy_volume_nao_oficial,Ranking por volume salvo na revisão anterior. Não representa a composição oficial do IBrX-100.
AMPLO_PROXY,2019,ITSA4,2018-12-28,referencia_original/data/universo_ibrx_proxy.csv,proxy_volume_nao_oficial,Ranking por volume salvo na revisão anterior. Não representa a composição oficial do IBrX-100.
AMPLO_PROXY,2019,ITUB4,2018-12-28,referencia_original/data/universo_ibrx_proxy.csv,proxy_volume_nao_oficial,Ranking por volume salvo na revisão anterior. Não representa a composição oficial do IBrX-100.
AMPLO_PROXY,2019,JBSS3,2018-12-28,referencia_original/data/universo_ibrx_proxy.csv,proxy_volume_nao_oficial,Ranking por volume salvo na revisão anterior. Não representa a composição oficial do IBrX-100.
AMPLO_PROXY,2019,KLBN11,2018-12-28,referencia_original/data/universo_ibrx_proxy.csv,proxy_volume_nao_oficial,Ranking por volume salvo na revisão anterior. Não representa a composição oficial do IBrX-100.
AMPLO_PROXY,2019,LAME4,2018-12-28,referencia_original/data/universo_ibrx_proxy.csv,proxy_volume_nao_oficial,Ranking por volume salvo na revisão anterior. Não representa a composição oficial do IBrX-100.
AMPLO_PROXY,2019,LIGT3,2018-12-28,referencia_original/data/universo_ibrx_proxy.csv,proxy_volume_nao_oficial,Ranking por volume salvo na revisão anterior. Não representa a composição oficial do IBrX-100.
AMPLO_PROXY,2019,LINX3,2018-12-28,referencia_original/data/universo_ibrx_proxy.csv,proxy_volume_nao_oficial,Ranking por volume salvo na revisão anterior. Não representa a composição oficial do IBrX-100.
AMPLO_PROXY,2019,LREN3,2018-12-28,referencia_original/data/universo_ibrx_proxy.csv,proxy_volume_nao_oficial,Ranking por volume salvo na revisão anterior. Não representa a composição oficial do IBrX-100.
AMPLO_PROXY,2019,MDIA3,2018-12-28,referencia_original/data/universo_ibrx_proxy.csv,proxy_volume_nao_oficial,Ranking por volume salvo na revisão anterior. Não representa a composição oficial do IBrX-100.
AMPLO_PROXY,2019,MGLU3,2018-12-28,referencia_original/data/universo_ibrx_proxy.csv,proxy_volume_nao_oficial,Ranking por volume salvo na revisão anterior. Não representa a composição oficial do IBrX-100.
AMPLO_PROXY,2019,MRFG3,2018-12-28,referencia_original/data/universo_ibrx_proxy.csv,proxy_volume_nao_oficial,Ranking por volume salvo na revisão anterior. Não representa a composição oficial do IBrX-100.
AMPLO_PROXY,2019,MRVE3,2018-12-28,referencia_original/data/universo_ibrx_proxy.csv,proxy_volume_nao_oficial,Ranking por volume salvo na revisão anterior. Não representa a composição oficial do IBrX-100.
AMPLO_PROXY,2019,MULT3,2018-12-28,referencia_original/data/universo_ibrx_proxy.csv,proxy_volume_nao_oficial,Ranking por volume salvo na revisão anterior. Não representa a composição oficial do IBrX-100.
AMPLO_PROXY,2019,MYPK3,2018-12-28,referencia_original/data/universo_ibrx_proxy.csv,proxy_volume_nao_oficial,Ranking por volume salvo na revisão anterior. Não representa a composição oficial do IBrX-100.
AMPLO_PROXY,2019,NTCO3,2018-12-28,referencia_original/data/universo_ibrx_proxy.csv,proxy_volume_nao_oficial,Ranking por volume salvo na revisão anterior. Não representa a composição oficial do IBrX-100.
AMPLO_PROXY,2019,ODPV3,2018-12-28,referencia_original/data/universo_ibrx_proxy.csv,proxy_volume_nao_oficial,Ranking por volume salvo na revisão anterior. Não representa a composição oficial do IBrX-100.
AMPLO_PROXY,2019,OIBR3,2018-12-28,referencia_original/data/universo_ibrx_proxy.csv,proxy_volume_nao_oficial,Ranking por volume salvo na revisão anterior. Não representa a composição oficial do IBrX-100.
AMPLO_PROXY,2019,PARD3,2018-12-28,referencia_original/data/universo_ibrx_proxy.csv,proxy_volume_nao_oficial,Ranking por volume salvo na revisão anterior. Não representa a composição oficial do IBrX-100.
AMPLO_PROXY,2019,PCAR3,2018-12-28,referencia_original/data/universo_ibrx_proxy.csv,proxy_volume_nao_oficial,Ranking por volume salvo na revisão anterior. Não representa a composição oficial do IBrX-100.
AMPLO_PROXY,2019,PETR4,2018-12-28,referencia_original/data/universo_ibrx_proxy.csv,proxy_volume_nao_oficial,Ranking por volume salvo na revisão anterior. Não representa a composição oficial do IBrX-100.
AMPLO_PROXY,2019,POMO4,2018-12-28,referencia_original/data/universo_ibrx_proxy.csv,proxy_volume_nao_oficial,Ranking por volume salvo na revisão anterior. Não representa a composição oficial do IBrX-100.
AMPLO_PROXY,2019,PSSA3,2018-12-28,referencia_original/data/universo_ibrx_proxy.csv,proxy_volume_nao_oficial,Ranking por volume salvo na revisão anterior. Não representa a composição oficial do IBrX-100.
AMPLO_PROXY,2019,QUAL3,2018-12-28,referencia_original/data/universo_ibrx_proxy.csv,proxy_volume_nao_oficial,Ranking por volume salvo na revisão anterior. Não representa a composição oficial do IBrX-100.
AMPLO_PROXY,2019,RADL3,2018-12-28,referencia_original/data/universo_ibrx_proxy.csv,proxy_volume_nao_oficial,Ranking por volume salvo na revisão anterior. Não representa a composição oficial do IBrX-100.
AMPLO_PROXY,2019,RAIL3,2018-12-28,referencia_original/data/universo_ibrx_proxy.csv,proxy_volume_nao_oficial,Ranking por volume salvo na revisão anterior. Não representa a composição oficial do IBrX-100.
AMPLO_PROXY,2019,RAPT4,2018-12-28,referencia_original/data/universo_ibrx_proxy.csv,proxy_volume_nao_oficial,Ranking por volume salvo na revisão anterior. Não representa a composição oficial do IBrX-100.
AMPLO_PROXY,2019,RENT3,2018-12-28,referencia_original/data/universo_ibrx_proxy.csv,proxy_volume_nao_oficial,Ranking por volume salvo na revisão anterior. Não representa a composição oficial do IBrX-100.
AMPLO_PROXY,2019,SANB11,2018-12-28,referencia_original/data/universo_ibrx_proxy.csv,proxy_volume_nao_oficial,Ranking por volume salvo na revisão anterior. Não representa a composição oficial do IBrX-100.
AMPLO_PROXY,2019,SAPR11,2018-12-28,referencia_original/data/universo_ibrx_proxy.csv,proxy_volume_nao_oficial,Ranking por volume salvo na revisão anterior. Não representa a composição oficial do IBrX-100.
AMPLO_PROXY,2019,SBSP3,2018-12-28,referencia_original/data/universo_ibrx_proxy.csv,proxy_volume_nao_oficial,Ranking por volume salvo na revisão anterior. Não representa a composição oficial do IBrX-100.
AMPLO_PROXY,2019,SEER3,2018-12-28,referencia_original/data/universo_ibrx_proxy.csv,proxy_volume_nao_oficial,Ranking por volume salvo na revisão anterior. Não representa a composição oficial do IBrX-100.
AMPLO_PROXY,2019,SLCE3,2018-12-28,referencia_original/data/universo_ibrx_proxy.csv,proxy_volume_nao_oficial,Ranking por volume salvo na revisão anterior. Não representa a composição oficial do IBrX-100.
AMPLO_PROXY,2019,SMLS3,2018-12-28,referencia_original/data/universo_ibrx_proxy.csv,proxy_volume_nao_oficial,Ranking por volume salvo na revisão anterior. Não representa a composição oficial do IBrX-100.
AMPLO_PROXY,2019,SMTO3,2018-12-28,referencia_original/data/universo_ibrx_proxy.csv,proxy_volume_nao_oficial,Ranking por volume salvo na revisão anterior. Não representa a composição oficial do IBrX-100.
AMPLO_PROXY,2019,SULA11,2018-12-28,referencia_original/data/universo_ibrx_proxy.csv,proxy_volume_nao_oficial,Ranking por volume salvo na revisão anterior. Não representa a composição oficial do IBrX-100.
AMPLO_PROXY,2019,SUZB3,2018-12-28,referencia_original/data/universo_ibrx_proxy.csv,proxy_volume_nao_oficial,Ranking por volume salvo na revisão anterior. Não representa a composição oficial do IBrX-100.
AMPLO_PROXY,2019,TAEE11,2018-12-28,referencia_original/data/universo_ibrx_proxy.csv,proxy_volume_nao_oficial,Ranking por volume salvo na revisão anterior. Não representa a composição oficial do IBrX-100.
AMPLO_PROXY,2019,TEND3,2018-12-28,referencia_original/data/universo_ibrx_proxy.csv,proxy_volume_nao_oficial,Ranking por volume salvo na revisão anterior. Não representa a composição oficial do IBrX-100.
AMPLO_PROXY,2019,TIMS3,2018-12-28,referencia_original/data/universo_ibrx_proxy.csv,proxy_volume_nao_oficial,Ranking por volume salvo na revisão anterior. Não representa a composição oficial do IBrX-100.
AMPLO_PROXY,2019,TOTS3,2018-12-28,referencia_original/data/universo_ibrx_proxy.csv,proxy_volume_nao_oficial,Ranking por volume salvo na revisão anterior. Não representa a composição oficial do IBrX-100.
AMPLO_PROXY,2019,TRPL4,2018-12-28,referencia_original/data/universo_ibrx_proxy.csv,proxy_volume_nao_oficial,Ranking por volume salvo na revisão anterior. Não representa a composição oficial do IBrX-100.
AMPLO_PROXY,2019,TUPY3,2018-12-28,referencia_original/data/universo_ibrx_proxy.csv,proxy_volume_nao_oficial,Ranking por volume salvo na revisão anterior. Não representa a composição oficial do IBrX-100.
AMPLO_PROXY,2019,UGPA3,2018-12-28,referencia_original/data/universo_ibrx_proxy.csv,proxy_volume_nao_oficial,Ranking por volume salvo na revisão anterior. Não representa a composição oficial do IBrX-100.
AMPLO_PROXY,2019,USIM5,2018-12-28,referencia_original/data/universo_ibrx_proxy.csv,proxy_volume_nao_oficial,Ranking por volume salvo na revisão anterior. Não representa a composição oficial do IBrX-100.
AMPLO_PROXY,2019,VALE3,2018-12-28,referencia_original/data/universo_ibrx_proxy.csv,proxy_volume_nao_oficial,Ranking por volume salvo na revisão anterior. Não representa a composição oficial do IBrX-100.
AMPLO_PROXY,2019,VBBR3,2018-12-28,referencia_original/data/universo_ibrx_proxy.csv,proxy_volume_nao_oficial,Ranking por volume salvo na revisão anterior. Não representa a composição oficial do IBrX-100.
AMPLO_PROXY,2019,VIVT4,2018-12-28,referencia_original/data/universo_ibrx_proxy.csv,proxy_volume_nao_oficial,Ranking por volume salvo na revisão anterior. Não representa a composição oficial do IBrX-100.
AMPLO_PROXY,2019,VLID3,2018-12-28,referencia_original/data/universo_ibrx_proxy.csv,proxy_volume_nao_oficial,Ranking por volume salvo na revisão anterior. Não representa a composição oficial do IBrX-100.
AMPLO_PROXY,2019,WEGE3,2018-12-28,referencia_original/data/universo_ibrx_proxy.csv,proxy_volume_nao_oficial,Ranking por volume salvo na revisão anterior. Não representa a composição oficial do IBrX-100.
AMPLO_PROXY,2019,YDUQ3,2018-12-28,referencia_original/data/universo_ibrx_proxy.csv,proxy_volume_nao_oficial,Ranking por volume salvo na revisão anterior. Não representa a composição oficial do IBrX-100.
AMPLO_PROXY,2019,ZAMP3,2018-12-28,referencia_original/data/universo_ibrx_proxy.csv,proxy_volume_nao_oficial,Ranking por volume salvo na revisão anterior. Não representa a composição oficial do IBrX-100.
AMPLO_PROXY,2020,ABEV3,2019-12-30,referencia_original/data/universo_ibrx_proxy.csv,proxy_volume_nao_oficial,Ranking por volume salvo na revisão anterior. Não representa a composição oficial do IBrX-100.
AMPLO_PROXY,2020,ALOS3,2019-12-30,referencia_original/data/universo_ibrx_proxy.csv,proxy_volume_nao_oficial,Ranking por volume salvo na revisão anterior. Não representa a composição oficial do IBrX-100.
AMPLO_PROXY,2020,ALPA4,2019-12-30,referencia_original/data/universo_ibrx_proxy.csv,proxy_volume_nao_oficial,Ranking por volume salvo na revisão anterior. Não representa a composição oficial do IBrX-100.
AMPLO_PROXY,2020,ALUP11,2019-12-30,referencia_original/data/universo_ibrx_proxy.csv,proxy_volume_nao_oficial,Ranking por volume salvo na revisão anterior. Não representa a composição oficial do IBrX-100.
AMPLO_PROXY,2020,AMER3,2019-12-30,referencia_original/data/universo_ibrx_proxy.csv,proxy_volume_nao_oficial,Ranking por volume salvo na revisão anterior. Não representa a composição oficial do IBrX-100.
AMPLO_PROXY,2020,AZUL4,2019-12-30,referencia_original/data/universo_ibrx_proxy.csv,proxy_volume_nao_oficial,Ranking por volume salvo na revisão anterior. Não representa a composição oficial do IBrX-100.
AMPLO_PROXY,2020,AZZA3,2019-12-30,referencia_original/data/universo_ibrx_proxy.csv,proxy_volume_nao_oficial,Ranking por volume salvo na revisão anterior. Não representa a composição oficial do IBrX-100.
AMPLO_PROXY,2020,B3SA3,2019-12-30,referencia_original/data/universo_ibrx_proxy.csv,proxy_volume_nao_oficial,Ranking por volume salvo na revisão anterior. Não representa a composição oficial do IBrX-100.
AMPLO_PROXY,2020,BBAS3,2019-12-30,referencia_original/data/universo_ibrx_proxy.csv,proxy_volume_nao_oficial,Ranking por volume salvo na revisão anterior. Não representa a composição oficial do IBrX-100.
AMPLO_PROXY,2020,BBDC4,2019-12-30,referencia_original/data/universo_ibrx_proxy.csv,proxy_volume_nao_oficial,Ranking por volume salvo na revisão anterior. Não representa a composição oficial do IBrX-100.
AMPLO_PROXY,2020,BBSE3,2019-12-30,referencia_original/data/universo_ibrx_proxy.csv,proxy_volume_nao_oficial,Ranking por volume salvo na revisão anterior. Não representa a composição oficial do IBrX-100.
AMPLO_PROXY,2020,BEEF3,2019-12-30,referencia_original/data/universo_ibrx_proxy.csv,proxy_volume_nao_oficial,Ranking por volume salvo na revisão anterior. Não representa a composição oficial do IBrX-100.
AMPLO_PROXY,2020,BHIA3,2019-12-30,referencia_original/data/universo_ibrx_proxy.csv,proxy_volume_nao_oficial,Ranking por volume salvo na revisão anterior. Não representa a composição oficial do IBrX-100.
AMPLO_PROXY,2020,BPAC11,2019-12-30,referencia_original/data/universo_ibrx_proxy.csv,proxy_volume_nao_oficial,Ranking por volume salvo na revisão anterior. Não representa a composição oficial do IBrX-100.
AMPLO_PROXY,2020,BPAN4,2019-12-30,referencia_original/data/universo_ibrx_proxy.csv,proxy_volume_nao_oficial,Ranking por volume salvo na revisão anterior. Não representa a composição oficial do IBrX-100.
AMPLO_PROXY,2020,BRAP4,2019-12-30,referencia_original/data/universo_ibrx_proxy.csv,proxy_volume_nao_oficial,Ranking por volume salvo na revisão anterior. Não representa a composição oficial do IBrX-100.
AMPLO_PROXY,2020,BRFS3,2019-12-30,referencia_original/data/universo_ibrx_proxy.csv,proxy_volume_nao_oficial,Ranking por volume salvo na revisão anterior. Não representa a composição oficial do IBrX-100.
AMPLO_PROXY,2020,BRKM5,2019-12-30,referencia_original/data/universo_ibrx_proxy.csv,proxy_volume_nao_oficial,Ranking por volume salvo na revisão anterior. Não representa a composição oficial do IBrX-100.
AMPLO_PROXY,2020,BRML3,2019-12-30,referencia_original/data/universo_ibrx_proxy.csv,proxy_volume_nao_oficial,Ranking por volume salvo na revisão anterior. Não representa a composição oficial do IBrX-100.
AMPLO_PROXY,2020,BRSR6,2019-12-30,referencia_original/data/universo_ibrx_proxy.csv,proxy_volume_nao_oficial,Ranking por volume salvo na revisão anterior. Não representa a composição oficial do IBrX-100.
AMPLO_PROXY,2020,CCRO3,2019-12-30,referencia_original/data/universo_ibrx_proxy.csv,proxy_volume_nao_oficial,Ranking por volume salvo na revisão anterior. Não representa a composição oficial do IBrX-100.
AMPLO_PROXY,2020,CESP6,2019-12-30,referencia_original/data/universo_ibrx_proxy.csv,proxy_volume_nao_oficial,Ranking por volume salvo na revisão anterior. Não representa a composição oficial do IBrX-100.
AMPLO_PROXY,2020,CIEL3,2019-12-30,referencia_original/data/universo_ibrx_proxy.csv,proxy_volume_nao_oficial,Ranking por volume salvo na revisão anterior. Não representa a composição oficial do IBrX-100.
AMPLO_PROXY,2020,CMIG4,2019-12-30,referencia_original/data/universo_ibrx_proxy.csv,proxy_volume_nao_oficial,Ranking por volume salvo na revisão anterior. Não representa a composição oficial do IBrX-100.
AMPLO_PROXY,2020,COGN3,2019-12-30,referencia_original/data/universo_ibrx_proxy.csv,proxy_volume_nao_oficial,Ranking por volume salvo na revisão anterior. Não representa a composição oficial do IBrX-100.
AMPLO_PROXY,2020,CPFE3,2019-12-30,referencia_original/data/universo_ibrx_proxy.csv,proxy_volume_nao_oficial,Ranking por volume salvo na revisão anterior. Não representa a composição oficial do IBrX-100.
AMPLO_PROXY,2020,CPLE6,2019-12-30,referencia_original/data/universo_ibrx_proxy.csv,proxy_volume_nao_oficial,Ranking por volume salvo na revisão anterior. Não representa a composição oficial do IBrX-100.
AMPLO_PROXY,2020,CRFB3,2019-12-30,referencia_original/data/universo_ibrx_proxy.csv,proxy_volume_nao_oficial,Ranking por volume salvo na revisão anterior. Não representa a composição oficial do IBrX-100.
AMPLO_PROXY,2020,CSAN3,2019-12-30,referencia_original/data/universo_ibrx_proxy.csv,proxy_volume_nao_oficial,Ranking por volume salvo na revisão anterior. Não representa a composição oficial do IBrX-100.
AMPLO_PROXY,2020,CSMG3,2019-12-30,referencia_original/data/universo_ibrx_proxy.csv,proxy_volume_nao_oficial,Ranking por volume salvo na revisão anterior. Não representa a composição oficial do IBrX-100.
AMPLO_PROXY,2020,CSNA3,2019-12-30,referencia_original/data/universo_ibrx_proxy.csv,proxy_volume_nao_oficial,Ranking por volume salvo na revisão anterior. Não representa a composição oficial do IBrX-100.
AMPLO_PROXY,2020,CVCB3,2019-12-30,referencia_original/data/universo_ibrx_proxy.csv,proxy_volume_nao_oficial,Ranking por volume salvo na revisão anterior. Não representa a composição oficial do IBrX-100.
AMPLO_PROXY,2020,CYRE3,2019-12-30,referencia_original/data/universo_ibrx_proxy.csv,proxy_volume_nao_oficial,Ranking por volume salvo na revisão anterior. Não representa a composição oficial do IBrX-100.
AMPLO_PROXY,2020,DXCO3,2019-12-30,referencia_original/data/universo_ibrx_proxy.csv,proxy_volume_nao_oficial,Ranking por volume salvo na revisão anterior. Não representa a composição oficial do IBrX-100.
AMPLO_PROXY,2020,ECOR3,2019-12-30,referencia_original/data/universo_ibrx_proxy.csv,proxy_volume_nao_oficial,Ranking por volume salvo na revisão anterior. Não representa a composição oficial do IBrX-100.
AMPLO_PROXY,2020,EGIE3,2019-12-30,referencia_original/data/universo_ibrx_proxy.csv,proxy_volume_nao_oficial,Ranking por volume salvo na revisão anterior. Não representa a composição oficial do IBrX-100.
AMPLO_PROXY,2020,ELET3,2019-12-30,referencia_original/data/universo_ibrx_proxy.csv,proxy_volume_nao_oficial,Ranking por volume salvo na revisão anterior. Não representa a composição oficial do IBrX-100.
AMPLO_PROXY,2020,EMBR3,2019-12-30,referencia_original/data/universo_ibrx_proxy.csv,proxy_volume_nao_oficial,Ranking por volume salvo na revisão anterior. Não representa a composição oficial do IBrX-100.
AMPLO_PROXY,2020,ENBR3,2019-12-30,referencia_original/data/universo_ibrx_proxy.csv,proxy_volume_nao_oficial,Ranking por volume salvo na revisão anterior. Não representa a composição oficial do IBrX-100.
AMPLO_PROXY,2020,ENEV3,2019-12-30,referencia_original/data/universo_ibrx_proxy.csv,proxy_volume_nao_oficial,Ranking por volume salvo na revisão anterior. Não representa a composição oficial do IBrX-100.
AMPLO_PROXY,2020,ENGI11,2019-12-30,referencia_original/data/universo_ibrx_proxy.csv,proxy_volume_nao_oficial,Ranking por volume salvo na revisão anterior. Não representa a composição oficial do IBrX-100.
AMPLO_PROXY,2020,EQTL3,2019-12-30,referencia_original/data/universo_ibrx_proxy.csv,proxy_volume_nao_oficial,Ranking por volume salvo na revisão anterior. Não representa a composição oficial do IBrX-100.
AMPLO_PROXY,2020,EZTC3,2019-12-30,referencia_original/data/universo_ibrx_proxy.csv,proxy_volume_nao_oficial,Ranking por volume salvo na revisão anterior. Não representa a composição oficial do IBrX-100.
AMPLO_PROXY,2020,FLRY3,2019-12-30,referencia_original/data/universo_ibrx_proxy.csv,proxy_volume_nao_oficial,Ranking por volume salvo na revisão anterior. Não representa a composição oficial do IBrX-100.
AMPLO_PROXY,2020,GGBR4,2019-12-30,referencia_original/data/universo_ibrx_proxy.csv,proxy_volume_nao_oficial,Ranking por volume salvo na revisão anterior. Não representa a composição oficial do IBrX-100.
AMPLO_PROXY,2020,GNDI3,2019-12-30,referencia_original/data/universo_ibrx_proxy.csv,proxy_volume_nao_oficial,Ranking por volume salvo na revisão anterior. Não representa a composição oficial do IBrX-100.
AMPLO_PROXY,2020,GOAU4,2019-12-30,referencia_original/data/universo_ibrx_proxy.csv,proxy_volume_nao_oficial,Ranking por volume salvo na revisão anterior. Não representa a composição oficial do IBrX-100.
AMPLO_PROXY,2020,GOLL4,2019-12-30,referencia_original/data/universo_ibrx_proxy.csv,proxy_volume_nao_oficial,Ranking por volume salvo na revisão anterior. Não representa a composição oficial do IBrX-100.
AMPLO_PROXY,2020,HAPV3,2019-12-30,referencia_original/data/universo_ibrx_proxy.csv,proxy_volume_nao_oficial,Ranking por volume salvo na revisão anterior. Não representa a composição oficial do IBrX-100.
AMPLO_PROXY,2020,HGTX3,2019-12-30,referencia_original/data/universo_ibrx_proxy.csv,proxy_volume_nao_oficial,Ranking por volume salvo na revisão anterior. Não representa a composição oficial do IBrX-100.
AMPLO_PROXY,2020,HYPE3,2019-12-30,referencia_original/data/universo_ibrx_proxy.csv,proxy_volume_nao_oficial,Ranking por volume salvo na revisão anterior. Não representa a composição oficial do IBrX-100.
AMPLO_PROXY,2020,IRBR3,2019-12-30,referencia_original/data/universo_ibrx_proxy.csv,proxy_volume_nao_oficial,Ranking por volume salvo na revisão anterior. Não representa a composição oficial do IBrX-100.
AMPLO_PROXY,2020,ITSA4,2019-12-30,referencia_original/data/universo_ibrx_proxy.csv,proxy_volume_nao_oficial,Ranking por volume salvo na revisão anterior. Não representa a composição oficial do IBrX-100.
AMPLO_PROXY,2020,ITUB4,2019-12-30,referencia_original/data/universo_ibrx_proxy.csv,proxy_volume_nao_oficial,Ranking por volume salvo na revisão anterior. Não representa a composição oficial do IBrX-100.
AMPLO_PROXY,2020,JBSS3,2019-12-30,referencia_original/data/universo_ibrx_proxy.csv,proxy_volume_nao_oficial,Ranking por volume salvo na revisão anterior. Não representa a composição oficial do IBrX-100.
AMPLO_PROXY,2020,KLBN11,2019-12-30,referencia_original/data/universo_ibrx_proxy.csv,proxy_volume_nao_oficial,Ranking por volume salvo na revisão anterior. Não representa a composição oficial do IBrX-100.
AMPLO_PROXY,2020,LAME4,2019-12-30,referencia_original/data/universo_ibrx_proxy.csv,proxy_volume_nao_oficial,Ranking por volume salvo na revisão anterior. Não representa a composição oficial do IBrX-100.
AMPLO_PROXY,2020,LCAM3,2019-12-30,referencia_original/data/universo_ibrx_proxy.csv,proxy_volume_nao_oficial,Ranking por volume salvo na revisão anterior. Não representa a composição oficial do IBrX-100.
AMPLO_PROXY,2020,LIGT3,2019-12-30,referencia_original/data/universo_ibrx_proxy.csv,proxy_volume_nao_oficial,Ranking por volume salvo na revisão anterior. Não representa a composição oficial do IBrX-100.
AMPLO_PROXY,2020,LINX3,2019-12-30,referencia_original/data/universo_ibrx_proxy.csv,proxy_volume_nao_oficial,Ranking por volume salvo na revisão anterior. Não representa a composição oficial do IBrX-100.
AMPLO_PROXY,2020,LREN3,2019-12-30,referencia_original/data/universo_ibrx_proxy.csv,proxy_volume_nao_oficial,Ranking por volume salvo na revisão anterior. Não representa a composição oficial do IBrX-100.
AMPLO_PROXY,2020,MDIA3,2019-12-30,referencia_original/data/universo_ibrx_proxy.csv,proxy_volume_nao_oficial,Ranking por volume salvo na revisão anterior. Não representa a composição oficial do IBrX-100.
AMPLO_PROXY,2020,MGLU3,2019-12-30,referencia_original/data/universo_ibrx_proxy.csv,proxy_volume_nao_oficial,Ranking por volume salvo na revisão anterior. Não representa a composição oficial do IBrX-100.
AMPLO_PROXY,2020,MOVI3,2019-12-30,referencia_original/data/universo_ibrx_proxy.csv,proxy_volume_nao_oficial,Ranking por volume salvo na revisão anterior. Não representa a composição oficial do IBrX-100.
AMPLO_PROXY,2020,MRFG3,2019-12-30,referencia_original/data/universo_ibrx_proxy.csv,proxy_volume_nao_oficial,Ranking por volume salvo na revisão anterior. Não representa a composição oficial do IBrX-100.
AMPLO_PROXY,2020,MRVE3,2019-12-30,referencia_original/data/universo_ibrx_proxy.csv,proxy_volume_nao_oficial,Ranking por volume salvo na revisão anterior. Não representa a composição oficial do IBrX-100.
AMPLO_PROXY,2020,MULT3,2019-12-30,referencia_original/data/universo_ibrx_proxy.csv,proxy_volume_nao_oficial,Ranking por volume salvo na revisão anterior. Não representa a composição oficial do IBrX-100.
AMPLO_PROXY,2020,MYPK3,2019-12-30,referencia_original/data/universo_ibrx_proxy.csv,proxy_volume_nao_oficial,Ranking por volume salvo na revisão anterior. Não representa a composição oficial do IBrX-100.
AMPLO_PROXY,2020,NTCO3,2019-12-30,referencia_original/data/universo_ibrx_proxy.csv,proxy_volume_nao_oficial,Ranking por volume salvo na revisão anterior. Não representa a composição oficial do IBrX-100.
AMPLO_PROXY,2020,ODPV3,2019-12-30,referencia_original/data/universo_ibrx_proxy.csv,proxy_volume_nao_oficial,Ranking por volume salvo na revisão anterior. Não representa a composição oficial do IBrX-100.
AMPLO_PROXY,2020,OIBR3,2019-12-30,referencia_original/data/universo_ibrx_proxy.csv,proxy_volume_nao_oficial,Ranking por volume salvo na revisão anterior. Não representa a composição oficial do IBrX-100.
AMPLO_PROXY,2020,PCAR3,2019-12-30,referencia_original/data/universo_ibrx_proxy.csv,proxy_volume_nao_oficial,Ranking por volume salvo na revisão anterior. Não representa a composição oficial do IBrX-100.
AMPLO_PROXY,2020,PETR4,2019-12-30,referencia_original/data/universo_ibrx_proxy.csv,proxy_volume_nao_oficial,Ranking por volume salvo na revisão anterior. Não representa a composição oficial do IBrX-100.
AMPLO_PROXY,2020,PRIO3,2019-12-30,referencia_original/data/universo_ibrx_proxy.csv,proxy_volume_nao_oficial,Ranking por volume salvo na revisão anterior. Não representa a composição oficial do IBrX-100.
AMPLO_PROXY,2020,PSSA3,2019-12-30,referencia_original/data/universo_ibrx_proxy.csv,proxy_volume_nao_oficial,Ranking por volume salvo na revisão anterior. Não representa a composição oficial do IBrX-100.
AMPLO_PROXY,2020,QUAL3,2019-12-30,referencia_original/data/universo_ibrx_proxy.csv,proxy_volume_nao_oficial,Ranking por volume salvo na revisão anterior. Não representa a composição oficial do IBrX-100.
AMPLO_PROXY,2020,RADL3,2019-12-30,referencia_original/data/universo_ibrx_proxy.csv,proxy_volume_nao_oficial,Ranking por volume salvo na revisão anterior. Não representa a composição oficial do IBrX-100.
AMPLO_PROXY,2020,RAIL3,2019-12-30,referencia_original/data/universo_ibrx_proxy.csv,proxy_volume_nao_oficial,Ranking por volume salvo na revisão anterior. Não representa a composição oficial do IBrX-100.
AMPLO_PROXY,2020,RAPT4,2019-12-30,referencia_original/data/universo_ibrx_proxy.csv,proxy_volume_nao_oficial,Ranking por volume salvo na revisão anterior. Não representa a composição oficial do IBrX-100.
AMPLO_PROXY,2020,RENT3,2019-12-30,referencia_original/data/universo_ibrx_proxy.csv,proxy_volume_nao_oficial,Ranking por volume salvo na revisão anterior. Não representa a composição oficial do IBrX-100.
AMPLO_PROXY,2020,SANB11,2019-12-30,referencia_original/data/universo_ibrx_proxy.csv,proxy_volume_nao_oficial,Ranking por volume salvo na revisão anterior. Não representa a composição oficial do IBrX-100.
AMPLO_PROXY,2020,SAPR11,2019-12-30,referencia_original/data/universo_ibrx_proxy.csv,proxy_volume_nao_oficial,Ranking por volume salvo na revisão anterior. Não representa a composição oficial do IBrX-100.
AMPLO_PROXY,2020,SBSP3,2019-12-30,referencia_original/data/universo_ibrx_proxy.csv,proxy_volume_nao_oficial,Ranking por volume salvo na revisão anterior. Não representa a composição oficial do IBrX-100.
AMPLO_PROXY,2020,SLCE3,2019-12-30,referencia_original/data/universo_ibrx_proxy.csv,proxy_volume_nao_oficial,Ranking por volume salvo na revisão anterior. Não representa a composição oficial do IBrX-100.
AMPLO_PROXY,2020,SMLS3,2019-12-30,referencia_original/data/universo_ibrx_proxy.csv,proxy_volume_nao_oficial,Ranking por volume salvo na revisão anterior. Não representa a composição oficial do IBrX-100.
AMPLO_PROXY,2020,SULA11,2019-12-30,referencia_original/data/universo_ibrx_proxy.csv,proxy_volume_nao_oficial,Ranking por volume salvo na revisão anterior. Não representa a composição oficial do IBrX-100.
AMPLO_PROXY,2020,SUZB3,2019-12-30,referencia_original/data/universo_ibrx_proxy.csv,proxy_volume_nao_oficial,Ranking por volume salvo na revisão anterior. Não representa a composição oficial do IBrX-100.
AMPLO_PROXY,2020,TAEE11,2019-12-30,referencia_original/data/universo_ibrx_proxy.csv,proxy_volume_nao_oficial,Ranking por volume salvo na revisão anterior. Não representa a composição oficial do IBrX-100.
AMPLO_PROXY,2020,TEND3,2019-12-30,referencia_original/data/universo_ibrx_proxy.csv,proxy_volume_nao_oficial,Ranking por volume salvo na revisão anterior. Não representa a composição oficial do IBrX-100.
AMPLO_PROXY,2020,TIMS3,2019-12-30,referencia_original/data/universo_ibrx_proxy.csv,proxy_volume_nao_oficial,Ranking por volume salvo na revisão anterior. Não representa a composição oficial do IBrX-100.
AMPLO_PROXY,2020,TOTS3,2019-12-30,referencia_original/data/universo_ibrx_proxy.csv,proxy_volume_nao_oficial,Ranking por volume salvo na revisão anterior. Não representa a composição oficial do IBrX-100.
AMPLO_PROXY,2020,TRPL4,2019-12-30,referencia_original/data/universo_ibrx_proxy.csv,proxy_volume_nao_oficial,Ranking por volume salvo na revisão anterior. Não representa a composição oficial do IBrX-100.
AMPLO_PROXY,2020,UGPA3,2019-12-30,referencia_original/data/universo_ibrx_proxy.csv,proxy_volume_nao_oficial,Ranking por volume salvo na revisão anterior. Não representa a composição oficial do IBrX-100.
AMPLO_PROXY,2020,USIM5,2019-12-30,referencia_original/data/universo_ibrx_proxy.csv,proxy_volume_nao_oficial,Ranking por volume salvo na revisão anterior. Não representa a composição oficial do IBrX-100.
AMPLO_PROXY,2020,VALE3,2019-12-30,referencia_original/data/universo_ibrx_proxy.csv,proxy_volume_nao_oficial,Ranking por volume salvo na revisão anterior. Não representa a composição oficial do IBrX-100.
AMPLO_PROXY,2020,VBBR3,2019-12-30,referencia_original/data/universo_ibrx_proxy.csv,proxy_volume_nao_oficial,Ranking por volume salvo na revisão anterior. Não representa a composição oficial do IBrX-100.
AMPLO_PROXY,2020,VIVT4,2019-12-30,referencia_original/data/universo_ibrx_proxy.csv,proxy_volume_nao_oficial,Ranking por volume salvo na revisão anterior. Não representa a composição oficial do IBrX-100.
AMPLO_PROXY,2020,WEGE3,2019-12-30,referencia_original/data/universo_ibrx_proxy.csv,proxy_volume_nao_oficial,Ranking por volume salvo na revisão anterior. Não representa a composição oficial do IBrX-100.
AMPLO_PROXY,2020,YDUQ3,2019-12-30,referencia_original/data/universo_ibrx_proxy.csv,proxy_volume_nao_oficial,Ranking por volume salvo na revisão anterior. Não representa a composição oficial do IBrX-100.
AMPLO_PROXY,2020,ZAMP3,2019-12-30,referencia_original/data/universo_ibrx_proxy.csv,proxy_volume_nao_oficial,Ranking por volume salvo na revisão anterior. Não representa a composição oficial do IBrX-100.
AMPLO_PROXY,2021,ABEV3,2020-12-30,referencia_original/data/universo_ibrx_proxy.csv,proxy_volume_nao_oficial,Ranking por volume salvo na revisão anterior. Não representa a composição oficial do IBrX-100.
AMPLO_PROXY,2021,ALOS3,2020-12-30,referencia_original/data/universo_ibrx_proxy.csv,proxy_volume_nao_oficial,Ranking por volume salvo na revisão anterior. Não representa a composição oficial do IBrX-100.
AMPLO_PROXY,2021,ALPA4,2020-12-30,referencia_original/data/universo_ibrx_proxy.csv,proxy_volume_nao_oficial,Ranking por volume salvo na revisão anterior. Não representa a composição oficial do IBrX-100.
AMPLO_PROXY,2021,AMAR3,2020-12-30,referencia_original/data/universo_ibrx_proxy.csv,proxy_volume_nao_oficial,Ranking por volume salvo na revisão anterior. Não representa a composição oficial do IBrX-100.
AMPLO_PROXY,2021,AMER3,2020-12-30,referencia_original/data/universo_ibrx_proxy.csv,proxy_volume_nao_oficial,Ranking por volume salvo na revisão anterior. Não representa a composição oficial do IBrX-100.
AMPLO_PROXY,2021,AZUL4,2020-12-30,referencia_original/data/universo_ibrx_proxy.csv,proxy_volume_nao_oficial,Ranking por volume salvo na revisão anterior. Não representa a composição oficial do IBrX-100.
AMPLO_PROXY,2021,AZZA3,2020-12-30,referencia_original/data/universo_ibrx_proxy.csv,proxy_volume_nao_oficial,Ranking por volume salvo na revisão anterior. Não representa a composição oficial do IBrX-100.
AMPLO_PROXY,2021,B3SA3,2020-12-30,referencia_original/data/universo_ibrx_proxy.csv,proxy_volume_nao_oficial,Ranking por volume salvo na revisão anterior. Não representa a composição oficial do IBrX-100.
AMPLO_PROXY,2021,BBAS3,2020-12-30,referencia_original/data/universo_ibrx_proxy.csv,proxy_volume_nao_oficial,Ranking por volume salvo na revisão anterior. Não representa a composição oficial do IBrX-100.
AMPLO_PROXY,2021,BBDC4,2020-12-30,referencia_original/data/universo_ibrx_proxy.csv,proxy_volume_nao_oficial,Ranking por volume salvo na revisão anterior. Não representa a composição oficial do IBrX-100.
AMPLO_PROXY,2021,BBSE3,2020-12-30,referencia_original/data/universo_ibrx_proxy.csv,proxy_volume_nao_oficial,Ranking por volume salvo na revisão anterior. Não representa a composição oficial do IBrX-100.
AMPLO_PROXY,2021,BEEF3,2020-12-30,referencia_original/data/universo_ibrx_proxy.csv,proxy_volume_nao_oficial,Ranking por volume salvo na revisão anterior. Não representa a composição oficial do IBrX-100.
AMPLO_PROXY,2021,BHIA3,2020-12-30,referencia_original/data/universo_ibrx_proxy.csv,proxy_volume_nao_oficial,Ranking por volume salvo na revisão anterior. Não representa a composição oficial do IBrX-100.
AMPLO_PROXY,2021,BIDI11,2020-12-30,referencia_original/data/universo_ibrx_proxy.csv,proxy_volume_nao_oficial,Ranking por volume salvo na revisão anterior. Não representa a composição oficial do IBrX-100.
AMPLO_PROXY,2021,BPAC11,2020-12-30,referencia_original/data/universo_ibrx_proxy.csv,proxy_volume_nao_oficial,Ranking por volume salvo na revisão anterior. Não representa a composição oficial do IBrX-100.
AMPLO_PROXY,2021,BPAN4,2020-12-30,referencia_original/data/universo_ibrx_proxy.csv,proxy_volume_nao_oficial,Ranking por volume salvo na revisão anterior. Não representa a composição oficial do IBrX-100.
AMPLO_PROXY,2021,BRAP4,2020-12-30,referencia_original/data/universo_ibrx_proxy.csv,proxy_volume_nao_oficial,Ranking por volume salvo na revisão anterior. Não representa a composição oficial do IBrX-100.
AMPLO_PROXY,2021,BRFS3,2020-12-30,referencia_original/data/universo_ibrx_proxy.csv,proxy_volume_nao_oficial,Ranking por volume salvo na revisão anterior. Não representa a composição oficial do IBrX-100.
AMPLO_PROXY,2021,BRKM5,2020-12-30,referencia_original/data/universo_ibrx_proxy.csv,proxy_volume_nao_oficial,Ranking por volume salvo na revisão anterior. Não representa a composição oficial do IBrX-100.
AMPLO_PROXY,2021,BRML3,2020-12-30,referencia_original/data/universo_ibrx_proxy.csv,proxy_volume_nao_oficial,Ranking por volume salvo na revisão anterior. Não representa a composição oficial do IBrX-100.
AMPLO_PROXY,2021,CCRO3,2020-12-30,referencia_original/data/universo_ibrx_proxy.csv,proxy_volume_nao_oficial,Ranking por volume salvo na revisão anterior. Não representa a composição oficial do IBrX-100.
AMPLO_PROXY,2021,CESP6,2020-12-30,referencia_original/data/universo_ibrx_proxy.csv,proxy_volume_nao_oficial,Ranking por volume salvo na revisão anterior. Não representa a composição oficial do IBrX-100.
AMPLO_PROXY,2021,CIEL3,2020-12-30,referencia_original/data/universo_ibrx_proxy.csv,proxy_volume_nao_oficial,Ranking por volume salvo na revisão anterior. Não representa a composição oficial do IBrX-100.
AMPLO_PROXY,2021,CMIG4,2020-12-30,referencia_original/data/universo_ibrx_proxy.csv,proxy_volume_nao_oficial,Ranking por volume salvo na revisão anterior. Não representa a composição oficial do IBrX-100.
AMPLO_PROXY,2021,COGN3,2020-12-30,referencia_original/data/universo_ibrx_proxy.csv,proxy_volume_nao_oficial,Ranking por volume salvo na revisão anterior. Não representa a composição oficial do IBrX-100.
AMPLO_PROXY,2021,CPFE3,2020-12-30,referencia_original/data/universo_ibrx_proxy.csv,proxy_volume_nao_oficial,Ranking por volume salvo na revisão anterior. Não representa a composição oficial do IBrX-100.
AMPLO_PROXY,2021,CPLE6,2020-12-30,referencia_original/data/universo_ibrx_proxy.csv,proxy_volume_nao_oficial,Ranking por volume salvo na revisão anterior. Não representa a composição oficial do IBrX-100.
AMPLO_PROXY,2021,CRFB3,2020-12-30,referencia_original/data/universo_ibrx_proxy.csv,proxy_volume_nao_oficial,Ranking por volume salvo na revisão anterior. Não representa a composição oficial do IBrX-100.
AMPLO_PROXY,2021,CSAN3,2020-12-30,referencia_original/data/universo_ibrx_proxy.csv,proxy_volume_nao_oficial,Ranking por volume salvo na revisão anterior. Não representa a composição oficial do IBrX-100.
AMPLO_PROXY,2021,CSMG3,2020-12-30,referencia_original/data/universo_ibrx_proxy.csv,proxy_volume_nao_oficial,Ranking por volume salvo na revisão anterior. Não representa a composição oficial do IBrX-100.
AMPLO_PROXY,2021,CSNA3,2020-12-30,referencia_original/data/universo_ibrx_proxy.csv,proxy_volume_nao_oficial,Ranking por volume salvo na revisão anterior. Não representa a composição oficial do IBrX-100.
AMPLO_PROXY,2021,CVCB3,2020-12-30,referencia_original/data/universo_ibrx_proxy.csv,proxy_volume_nao_oficial,Ranking por volume salvo na revisão anterior. Não representa a composição oficial do IBrX-100.
AMPLO_PROXY,2021,CYRE3,2020-12-30,referencia_original/data/universo_ibrx_proxy.csv,proxy_volume_nao_oficial,Ranking por volume salvo na revisão anterior. Não representa a composição oficial do IBrX-100.
AMPLO_PROXY,2021,DXCO3,2020-12-30,referencia_original/data/universo_ibrx_proxy.csv,proxy_volume_nao_oficial,Ranking por volume salvo na revisão anterior. Não representa a composição oficial do IBrX-100.
AMPLO_PROXY,2021,ECOR3,2020-12-30,referencia_original/data/universo_ibrx_proxy.csv,proxy_volume_nao_oficial,Ranking por volume salvo na revisão anterior. Não representa a composição oficial do IBrX-100.
AMPLO_PROXY,2021,EGIE3,2020-12-30,referencia_original/data/universo_ibrx_proxy.csv,proxy_volume_nao_oficial,Ranking por volume salvo na revisão anterior. Não representa a composição oficial do IBrX-100.
AMPLO_PROXY,2021,ELET3,2020-12-30,referencia_original/data/universo_ibrx_proxy.csv,proxy_volume_nao_oficial,Ranking por volume salvo na revisão anterior. Não representa a composição oficial do IBrX-100.
AMPLO_PROXY,2021,EMBR3,2020-12-30,referencia_original/data/universo_ibrx_proxy.csv,proxy_volume_nao_oficial,Ranking por volume salvo na revisão anterior. Não representa a composição oficial do IBrX-100.
AMPLO_PROXY,2021,ENBR3,2020-12-30,referencia_original/data/universo_ibrx_proxy.csv,proxy_volume_nao_oficial,Ranking por volume salvo na revisão anterior. Não representa a composição oficial do IBrX-100.
AMPLO_PROXY,2021,ENEV3,2020-12-30,referencia_original/data/universo_ibrx_proxy.csv,proxy_volume_nao_oficial,Ranking por volume salvo na revisão anterior. Não representa a composição oficial do IBrX-100.
AMPLO_PROXY,2021,ENGI11,2020-12-30,referencia_original/data/universo_ibrx_proxy.csv,proxy_volume_nao_oficial,Ranking por volume salvo na revisão anterior. Não representa a composição oficial do IBrX-100.
AMPLO_PROXY,2021,EQTL3,2020-12-30,referencia_original/data/universo_ibrx_proxy.csv,proxy_volume_nao_oficial,Ranking por volume salvo na revisão anterior. Não representa a composição oficial do IBrX-100.
AMPLO_PROXY,2021,EZTC3,2020-12-30,referencia_original/data/universo_ibrx_proxy.csv,proxy_volume_nao_oficial,Ranking por volume salvo na revisão anterior. Não representa a composição oficial do IBrX-100.
AMPLO_PROXY,2021,FLRY3,2020-12-30,referencia_original/data/universo_ibrx_proxy.csv,proxy_volume_nao_oficial,Ranking por volume salvo na revisão anterior. Não representa a composição oficial do IBrX-100.
AMPLO_PROXY,2021,GGBR4,2020-12-30,referencia_original/data/universo_ibrx_proxy.csv,proxy_volume_nao_oficial,Ranking por volume salvo na revisão anterior. Não representa a composição oficial do IBrX-100.
AMPLO_PROXY,2021,GNDI3,2020-12-30,referencia_original/data/universo_ibrx_proxy.csv,proxy_volume_nao_oficial,Ranking por volume salvo na revisão anterior. Não representa a composição oficial do IBrX-100.
AMPLO_PROXY,2021,GOAU4,2020-12-30,referencia_original/data/universo_ibrx_proxy.csv,proxy_volume_nao_oficial,Ranking por volume salvo na revisão anterior. Não representa a composição oficial do IBrX-100.
AMPLO_PROXY,2021,GOLL4,2020-12-30,referencia_original/data/universo_ibrx_proxy.csv,proxy_volume_nao_oficial,Ranking por volume salvo na revisão anterior. Não representa a composição oficial do IBrX-100.
AMPLO_PROXY,2021,HAPV3,2020-12-30,referencia_original/data/universo_ibrx_proxy.csv,proxy_volume_nao_oficial,Ranking por volume salvo na revisão anterior. Não representa a composição oficial do IBrX-100.
AMPLO_PROXY,2021,HBOR3,2020-12-30,referencia_original/data/universo_ibrx_proxy.csv,proxy_volume_nao_oficial,Ranking por volume salvo na revisão anterior. Não representa a composição oficial do IBrX-100.
AMPLO_PROXY,2021,HGTX3,2020-12-30,referencia_original/data/universo_ibrx_proxy.csv,proxy_volume_nao_oficial,Ranking por volume salvo na revisão anterior. Não representa a composição oficial do IBrX-100.
AMPLO_PROXY,2021,HYPE3,2020-12-30,referencia_original/data/universo_ibrx_proxy.csv,proxy_volume_nao_oficial,Ranking por volume salvo na revisão anterior. Não representa a composição oficial do IBrX-100.
AMPLO_PROXY,2021,IRBR3,2020-12-30,referencia_original/data/universo_ibrx_proxy.csv,proxy_volume_nao_oficial,Ranking por volume salvo na revisão anterior. Não representa a composição oficial do IBrX-100.
AMPLO_PROXY,2021,ITSA4,2020-12-30,referencia_original/data/universo_ibrx_proxy.csv,proxy_volume_nao_oficial,Ranking por volume salvo na revisão anterior. Não representa a composição oficial do IBrX-100.
AMPLO_PROXY,2021,ITUB4,2020-12-30,referencia_original/data/universo_ibrx_proxy.csv,proxy_volume_nao_oficial,Ranking por volume salvo na revisão anterior. Não representa a composição oficial do IBrX-100.
AMPLO_PROXY,2021,JBSS3,2020-12-30,referencia_original/data/universo_ibrx_proxy.csv,proxy_volume_nao_oficial,Ranking por volume salvo na revisão anterior. Não representa a composição oficial do IBrX-100.
AMPLO_PROXY,2021,JHSF3,2020-12-30,referencia_original/data/universo_ibrx_proxy.csv,proxy_volume_nao_oficial,Ranking por volume salvo na revisão anterior. Não representa a composição oficial do IBrX-100.
AMPLO_PROXY,2021,KLBN11,2020-12-30,referencia_original/data/universo_ibrx_proxy.csv,proxy_volume_nao_oficial,Ranking por volume salvo na revisão anterior. Não representa a composição oficial do IBrX-100.
AMPLO_PROXY,2021,LAME4,2020-12-30,referencia_original/data/universo_ibrx_proxy.csv,proxy_volume_nao_oficial,Ranking por volume salvo na revisão anterior. Não representa a composição oficial do IBrX-100.
AMPLO_PROXY,2021,LCAM3,2020-12-30,referencia_original/data/universo_ibrx_proxy.csv,proxy_volume_nao_oficial,Ranking por volume salvo na revisão anterior. Não representa a composição oficial do IBrX-100.
AMPLO_PROXY,2021,LIGT3,2020-12-30,referencia_original/data/universo_ibrx_proxy.csv,proxy_volume_nao_oficial,Ranking por volume salvo na revisão anterior. Não representa a composição oficial do IBrX-100.
AMPLO_PROXY,2021,LINX3,2020-12-30,referencia_original/data/universo_ibrx_proxy.csv,proxy_volume_nao_oficial,Ranking por volume salvo na revisão anterior. Não representa a composição oficial do IBrX-100.
AMPLO_PROXY,2021,LREN3,2020-12-30,referencia_original/data/universo_ibrx_proxy.csv,proxy_volume_nao_oficial,Ranking por volume salvo na revisão anterior. Não representa a composição oficial do IBrX-100.
AMPLO_PROXY,2021,MDIA3,2020-12-30,referencia_original/data/universo_ibrx_proxy.csv,proxy_volume_nao_oficial,Ranking por volume salvo na revisão anterior. Não representa a composição oficial do IBrX-100.
AMPLO_PROXY,2021,MEAL3,2020-12-30,referencia_original/data/universo_ibrx_proxy.csv,proxy_volume_nao_oficial,Ranking por volume salvo na revisão anterior. Não representa a composição oficial do IBrX-100.
AMPLO_PROXY,2021,MGLU3,2020-12-30,referencia_original/data/universo_ibrx_proxy.csv,proxy_volume_nao_oficial,Ranking por volume salvo na revisão anterior. Não representa a composição oficial do IBrX-100.
AMPLO_PROXY,2021,MOVI3,2020-12-30,referencia_original/data/universo_ibrx_proxy.csv,proxy_volume_nao_oficial,Ranking por volume salvo na revisão anterior. Não representa a composição oficial do IBrX-100.
AMPLO_PROXY,2021,MRFG3,2020-12-30,referencia_original/data/universo_ibrx_proxy.csv,proxy_volume_nao_oficial,Ranking por volume salvo na revisão anterior. Não representa a composição oficial do IBrX-100.
AMPLO_PROXY,2021,MRVE3,2020-12-30,referencia_original/data/universo_ibrx_proxy.csv,proxy_volume_nao_oficial,Ranking por volume salvo na revisão anterior. Não representa a composição oficial do IBrX-100.
AMPLO_PROXY,2021,MULT3,2020-12-30,referencia_original/data/universo_ibrx_proxy.csv,proxy_volume_nao_oficial,Ranking por volume salvo na revisão anterior. Não representa a composição oficial do IBrX-100.
AMPLO_PROXY,2021,NEOE3,2020-12-30,referencia_original/data/universo_ibrx_proxy.csv,proxy_volume_nao_oficial,Ranking por volume salvo na revisão anterior. Não representa a composição oficial do IBrX-100.
AMPLO_PROXY,2021,NTCO3,2020-12-30,referencia_original/data/universo_ibrx_proxy.csv,proxy_volume_nao_oficial,Ranking por volume salvo na revisão anterior. Não representa a composição oficial do IBrX-100.
AMPLO_PROXY,2021,OIBR3,2020-12-30,referencia_original/data/universo_ibrx_proxy.csv,proxy_volume_nao_oficial,Ranking por volume salvo na revisão anterior. Não representa a composição oficial do IBrX-100.
AMPLO_PROXY,2021,PCAR3,2020-12-30,referencia_original/data/universo_ibrx_proxy.csv,proxy_volume_nao_oficial,Ranking por volume salvo na revisão anterior. Não representa a composição oficial do IBrX-100.
AMPLO_PROXY,2021,PETR4,2020-12-30,referencia_original/data/universo_ibrx_proxy.csv,proxy_volume_nao_oficial,Ranking por volume salvo na revisão anterior. Não representa a composição oficial do IBrX-100.
AMPLO_PROXY,2021,PRIO3,2020-12-30,referencia_original/data/universo_ibrx_proxy.csv,proxy_volume_nao_oficial,Ranking por volume salvo na revisão anterior. Não representa a composição oficial do IBrX-100.
AMPLO_PROXY,2021,PSSA3,2020-12-30,referencia_original/data/universo_ibrx_proxy.csv,proxy_volume_nao_oficial,Ranking por volume salvo na revisão anterior. Não representa a composição oficial do IBrX-100.
AMPLO_PROXY,2021,QUAL3,2020-12-30,referencia_original/data/universo_ibrx_proxy.csv,proxy_volume_nao_oficial,Ranking por volume salvo na revisão anterior. Não representa a composição oficial do IBrX-100.
AMPLO_PROXY,2021,RADL3,2020-12-30,referencia_original/data/universo_ibrx_proxy.csv,proxy_volume_nao_oficial,Ranking por volume salvo na revisão anterior. Não representa a composição oficial do IBrX-100.
AMPLO_PROXY,2021,RAIL3,2020-12-30,referencia_original/data/universo_ibrx_proxy.csv,proxy_volume_nao_oficial,Ranking por volume salvo na revisão anterior. Não representa a composição oficial do IBrX-100.
AMPLO_PROXY,2021,RAPT4,2020-12-30,referencia_original/data/universo_ibrx_proxy.csv,proxy_volume_nao_oficial,Ranking por volume salvo na revisão anterior. Não representa a composição oficial do IBrX-100.
AMPLO_PROXY,2021,RENT3,2020-12-30,referencia_original/data/universo_ibrx_proxy.csv,proxy_volume_nao_oficial,Ranking por volume salvo na revisão anterior. Não representa a composição oficial do IBrX-100.
AMPLO_PROXY,2021,SANB11,2020-12-30,referencia_original/data/universo_ibrx_proxy.csv,proxy_volume_nao_oficial,Ranking por volume salvo na revisão anterior. Não representa a composição oficial do IBrX-100.
AMPLO_PROXY,2021,SAPR11,2020-12-30,referencia_original/data/universo_ibrx_proxy.csv,proxy_volume_nao_oficial,Ranking por volume salvo na revisão anterior. Não representa a composição oficial do IBrX-100.
AMPLO_PROXY,2021,SBFG3,2020-12-30,referencia_original/data/universo_ibrx_proxy.csv,proxy_volume_nao_oficial,Ranking por volume salvo na revisão anterior. Não representa a composição oficial do IBrX-100.
AMPLO_PROXY,2021,SBSP3,2020-12-30,referencia_original/data/universo_ibrx_proxy.csv,proxy_volume_nao_oficial,Ranking por volume salvo na revisão anterior. Não representa a composição oficial do IBrX-100.
AMPLO_PROXY,2021,SULA11,2020-12-30,referencia_original/data/universo_ibrx_proxy.csv,proxy_volume_nao_oficial,Ranking por volume salvo na revisão anterior. Não representa a composição oficial do IBrX-100.
AMPLO_PROXY,2021,SUZB3,2020-12-30,referencia_original/data/universo_ibrx_proxy.csv,proxy_volume_nao_oficial,Ranking por volume salvo na revisão anterior. Não representa a composição oficial do IBrX-100.
AMPLO_PROXY,2021,TAEE11,2020-12-30,referencia_original/data/universo_ibrx_proxy.csv,proxy_volume_nao_oficial,Ranking por volume salvo na revisão anterior. Não representa a composição oficial do IBrX-100.
AMPLO_PROXY,2021,TEND3,2020-12-30,referencia_original/data/universo_ibrx_proxy.csv,proxy_volume_nao_oficial,Ranking por volume salvo na revisão anterior. Não representa a composição oficial do IBrX-100.
AMPLO_PROXY,2021,TIMS3,2020-12-30,referencia_original/data/universo_ibrx_proxy.csv,proxy_volume_nao_oficial,Ranking por volume salvo na revisão anterior. Não representa a composição oficial do IBrX-100.
AMPLO_PROXY,2021,TOTS3,2020-12-30,referencia_original/data/universo_ibrx_proxy.csv,proxy_volume_nao_oficial,Ranking por volume salvo na revisão anterior. Não representa a composição oficial do IBrX-100.
AMPLO_PROXY,2021,TRPL4,2020-12-30,referencia_original/data/universo_ibrx_proxy.csv,proxy_volume_nao_oficial,Ranking por volume salvo na revisão anterior. Não representa a composição oficial do IBrX-100.
AMPLO_PROXY,2021,UGPA3,2020-12-30,referencia_original/data/universo_ibrx_proxy.csv,proxy_volume_nao_oficial,Ranking por volume salvo na revisão anterior. Não representa a composição oficial do IBrX-100.
AMPLO_PROXY,2021,USIM5,2020-12-30,referencia_original/data/universo_ibrx_proxy.csv,proxy_volume_nao_oficial,Ranking por volume salvo na revisão anterior. Não representa a composição oficial do IBrX-100.
AMPLO_PROXY,2021,VALE3,2020-12-30,referencia_original/data/universo_ibrx_proxy.csv,proxy_volume_nao_oficial,Ranking por volume salvo na revisão anterior. Não representa a composição oficial do IBrX-100.
AMPLO_PROXY,2021,VBBR3,2020-12-30,referencia_original/data/universo_ibrx_proxy.csv,proxy_volume_nao_oficial,Ranking por volume salvo na revisão anterior. Não representa a composição oficial do IBrX-100.
AMPLO_PROXY,2021,VIVA3,2020-12-30,referencia_original/data/universo_ibrx_proxy.csv,proxy_volume_nao_oficial,Ranking por volume salvo na revisão anterior. Não representa a composição oficial do IBrX-100.
AMPLO_PROXY,2021,WEGE3,2020-12-30,referencia_original/data/universo_ibrx_proxy.csv,proxy_volume_nao_oficial,Ranking por volume salvo na revisão anterior. Não representa a composição oficial do IBrX-100.
AMPLO_PROXY,2021,YDUQ3,2020-12-30,referencia_original/data/universo_ibrx_proxy.csv,proxy_volume_nao_oficial,Ranking por volume salvo na revisão anterior. Não representa a composição oficial do IBrX-100.
AMPLO_PROXY,2022,ABEV3,2021-12-30,referencia_original/data/universo_ibrx_proxy.csv,proxy_volume_nao_oficial,Ranking por volume salvo na revisão anterior. Não representa a composição oficial do IBrX-100.
AMPLO_PROXY,2022,ALPA4,2021-12-30,referencia_original/data/universo_ibrx_proxy.csv,proxy_volume_nao_oficial,Ranking por volume salvo na revisão anterior. Não representa a composição oficial do IBrX-100.
AMPLO_PROXY,2022,AMAR3,2021-12-30,referencia_original/data/universo_ibrx_proxy.csv,proxy_volume_nao_oficial,Ranking por volume salvo na revisão anterior. Não representa a composição oficial do IBrX-100.
AMPLO_PROXY,2022,AMBP3,2021-12-30,referencia_original/data/universo_ibrx_proxy.csv,proxy_volume_nao_oficial,Ranking por volume salvo na revisão anterior. Não representa a composição oficial do IBrX-100.
AMPLO_PROXY,2022,AMER3,2021-12-30,referencia_original/data/universo_ibrx_proxy.csv,proxy_volume_nao_oficial,Ranking por volume salvo na revisão anterior. Não representa a composição oficial do IBrX-100.
AMPLO_PROXY,2022,AZUL4,2021-12-30,referencia_original/data/universo_ibrx_proxy.csv,proxy_volume_nao_oficial,Ranking por volume salvo na revisão anterior. Não representa a composição oficial do IBrX-100.
AMPLO_PROXY,2022,AZZA3,2021-12-30,referencia_original/data/universo_ibrx_proxy.csv,proxy_volume_nao_oficial,Ranking por volume salvo na revisão anterior. Não representa a composição oficial do IBrX-100.
AMPLO_PROXY,2022,B3SA3,2021-12-30,referencia_original/data/universo_ibrx_proxy.csv,proxy_volume_nao_oficial,Ranking por volume salvo na revisão anterior. Não representa a composição oficial do IBrX-100.
AMPLO_PROXY,2022,BBAS3,2021-12-30,referencia_original/data/universo_ibrx_proxy.csv,proxy_volume_nao_oficial,Ranking por volume salvo na revisão anterior. Não representa a composição oficial do IBrX-100.
AMPLO_PROXY,2022,BBDC4,2021-12-30,referencia_original/data/universo_ibrx_proxy.csv,proxy_volume_nao_oficial,Ranking por volume salvo na revisão anterior. Não representa a composição oficial do IBrX-100.
AMPLO_PROXY,2022,BBSE3,2021-12-30,referencia_original/data/universo_ibrx_proxy.csv,proxy_volume_nao_oficial,Ranking por volume salvo na revisão anterior. Não representa a composição oficial do IBrX-100.
AMPLO_PROXY,2022,BEEF3,2021-12-30,referencia_original/data/universo_ibrx_proxy.csv,proxy_volume_nao_oficial,Ranking por volume salvo na revisão anterior. Não representa a composição oficial do IBrX-100.
AMPLO_PROXY,2022,BHIA3,2021-12-30,referencia_original/data/universo_ibrx_proxy.csv,proxy_volume_nao_oficial,Ranking por volume salvo na revisão anterior. Não representa a composição oficial do IBrX-100.
AMPLO_PROXY,2022,BIDI11,2021-12-30,referencia_original/data/universo_ibrx_proxy.csv,proxy_volume_nao_oficial,Ranking por volume salvo na revisão anterior. Não representa a composição oficial do IBrX-100.
AMPLO_PROXY,2022,BPAC11,2021-12-30,referencia_original/data/universo_ibrx_proxy.csv,proxy_volume_nao_oficial,Ranking por volume salvo na revisão anterior. Não representa a composição oficial do IBrX-100.
AMPLO_PROXY,2022,BPAN4,2021-12-30,referencia_original/data/universo_ibrx_proxy.csv,proxy_volume_nao_oficial,Ranking por volume salvo na revisão anterior. Não representa a composição oficial do IBrX-100.
AMPLO_PROXY,2022,BRAP4,2021-12-30,referencia_original/data/universo_ibrx_proxy.csv,proxy_volume_nao_oficial,Ranking por volume salvo na revisão anterior. Não representa a composição oficial do IBrX-100.
AMPLO_PROXY,2022,BRFS3,2021-12-30,referencia_original/data/universo_ibrx_proxy.csv,proxy_volume_nao_oficial,Ranking por volume salvo na revisão anterior. Não representa a composição oficial do IBrX-100.
AMPLO_PROXY,2022,BRKM5,2021-12-30,referencia_original/data/universo_ibrx_proxy.csv,proxy_volume_nao_oficial,Ranking por volume salvo na revisão anterior. Não representa a composição oficial do IBrX-100.
AMPLO_PROXY,2022,BRML3,2021-12-30,referencia_original/data/universo_ibrx_proxy.csv,proxy_volume_nao_oficial,Ranking por volume salvo na revisão anterior. Não representa a composição oficial do IBrX-100.
AMPLO_PROXY,2022,CASH3,2021-12-30,referencia_original/data/universo_ibrx_proxy.csv,proxy_volume_nao_oficial,Ranking por volume salvo na revisão anterior. Não representa a composição oficial do IBrX-100.
AMPLO_PROXY,2022,CCRO3,2021-12-30,referencia_original/data/universo_ibrx_proxy.csv,proxy_volume_nao_oficial,Ranking por volume salvo na revisão anterior. Não representa a composição oficial do IBrX-100.
AMPLO_PROXY,2022,CESP6,2021-12-30,referencia_original/data/universo_ibrx_proxy.csv,proxy_volume_nao_oficial,Ranking por volume salvo na revisão anterior. Não representa a composição oficial do IBrX-100.
AMPLO_PROXY,2022,CIEL3,2021-12-30,referencia_original/data/universo_ibrx_proxy.csv,proxy_volume_nao_oficial,Ranking por volume salvo na revisão anterior. Não representa a composição oficial do IBrX-100.
AMPLO_PROXY,2022,CMIG4,2021-12-30,referencia_original/data/universo_ibrx_proxy.csv,proxy_volume_nao_oficial,Ranking por volume salvo na revisão anterior. Não representa a composição oficial do IBrX-100.
AMPLO_PROXY,2022,COGN3,2021-12-30,referencia_original/data/universo_ibrx_proxy.csv,proxy_volume_nao_oficial,Ranking por volume salvo na revisão anterior. Não representa a composição oficial do IBrX-100.
AMPLO_PROXY,2022,CPFE3,2021-12-30,referencia_original/data/universo_ibrx_proxy.csv,proxy_volume_nao_oficial,Ranking por volume salvo na revisão anterior. Não representa a composição oficial do IBrX-100.
AMPLO_PROXY,2022,CPLE6,2021-12-30,referencia_original/data/universo_ibrx_proxy.csv,proxy_volume_nao_oficial,Ranking por volume salvo na revisão anterior. Não representa a composição oficial do IBrX-100.
AMPLO_PROXY,2022,CRFB3,2021-12-30,referencia_original/data/universo_ibrx_proxy.csv,proxy_volume_nao_oficial,Ranking por volume salvo na revisão anterior. Não representa a composição oficial do IBrX-100.
AMPLO_PROXY,2022,CSAN3,2021-12-30,referencia_original/data/universo_ibrx_proxy.csv,proxy_volume_nao_oficial,Ranking por volume salvo na revisão anterior. Não representa a composição oficial do IBrX-100.
AMPLO_PROXY,2022,CSNA3,2021-12-30,referencia_original/data/universo_ibrx_proxy.csv,proxy_volume_nao_oficial,Ranking por volume salvo na revisão anterior. Não representa a composição oficial do IBrX-100.
AMPLO_PROXY,2022,CVCB3,2021-12-30,referencia_original/data/universo_ibrx_proxy.csv,proxy_volume_nao_oficial,Ranking por volume salvo na revisão anterior. Não representa a composição oficial do IBrX-100.
AMPLO_PROXY,2022,CYRE3,2021-12-30,referencia_original/data/universo_ibrx_proxy.csv,proxy_volume_nao_oficial,Ranking por volume salvo na revisão anterior. Não representa a composição oficial do IBrX-100.
AMPLO_PROXY,2022,DXCO3,2021-12-30,referencia_original/data/universo_ibrx_proxy.csv,proxy_volume_nao_oficial,Ranking por volume salvo na revisão anterior. Não representa a composição oficial do IBrX-100.
AMPLO_PROXY,2022,ECOR3,2021-12-30,referencia_original/data/universo_ibrx_proxy.csv,proxy_volume_nao_oficial,Ranking por volume salvo na revisão anterior. Não representa a composição oficial do IBrX-100.
AMPLO_PROXY,2022,EGIE3,2021-12-30,referencia_original/data/universo_ibrx_proxy.csv,proxy_volume_nao_oficial,Ranking por volume salvo na revisão anterior. Não representa a composição oficial do IBrX-100.
AMPLO_PROXY,2022,ELET3,2021-12-30,referencia_original/data/universo_ibrx_proxy.csv,proxy_volume_nao_oficial,Ranking por volume salvo na revisão anterior. Não representa a composição oficial do IBrX-100.
AMPLO_PROXY,2022,EMBR3,2021-12-30,referencia_original/data/universo_ibrx_proxy.csv,proxy_volume_nao_oficial,Ranking por volume salvo na revisão anterior. Não representa a composição oficial do IBrX-100.
AMPLO_PROXY,2022,ENBR3,2021-12-30,referencia_original/data/universo_ibrx_proxy.csv,proxy_volume_nao_oficial,Ranking por volume salvo na revisão anterior. Não representa a composição oficial do IBrX-100.
AMPLO_PROXY,2022,ENEV3,2021-12-30,referencia_original/data/universo_ibrx_proxy.csv,proxy_volume_nao_oficial,Ranking por volume salvo na revisão anterior. Não representa a composição oficial do IBrX-100.
AMPLO_PROXY,2022,ENGI11,2021-12-30,referencia_original/data/universo_ibrx_proxy.csv,proxy_volume_nao_oficial,Ranking por volume salvo na revisão anterior. Não representa a composição oficial do IBrX-100.
AMPLO_PROXY,2022,EQTL3,2021-12-30,referencia_original/data/universo_ibrx_proxy.csv,proxy_volume_nao_oficial,Ranking por volume salvo na revisão anterior. Não representa a composição oficial do IBrX-100.
AMPLO_PROXY,2022,ETER3,2021-12-30,referencia_original/data/universo_ibrx_proxy.csv,proxy_volume_nao_oficial,Ranking por volume salvo na revisão anterior. Não representa a composição oficial do IBrX-100.
AMPLO_PROXY,2022,EZTC3,2021-12-30,referencia_original/data/universo_ibrx_proxy.csv,proxy_volume_nao_oficial,Ranking por volume salvo na revisão anterior. Não representa a composição oficial do IBrX-100.
AMPLO_PROXY,2022,FHER3,2021-12-30,referencia_original/data/universo_ibrx_proxy.csv,proxy_volume_nao_oficial,Ranking por volume salvo na revisão anterior. Não representa a composição oficial do IBrX-100.
AMPLO_PROXY,2022,FLRY3,2021-12-30,referencia_original/data/universo_ibrx_proxy.csv,proxy_volume_nao_oficial,Ranking por volume salvo na revisão anterior. Não representa a composição oficial do IBrX-100.
AMPLO_PROXY,2022,GGBR4,2021-12-30,referencia_original/data/universo_ibrx_proxy.csv,proxy_volume_nao_oficial,Ranking por volume salvo na revisão anterior. Não representa a composição oficial do IBrX-100.
AMPLO_PROXY,2022,GNDI3,2021-12-30,referencia_original/data/universo_ibrx_proxy.csv,proxy_volume_nao_oficial,Ranking por volume salvo na revisão anterior. Não representa a composição oficial do IBrX-100.
AMPLO_PROXY,2022,GOAU4,2021-12-30,referencia_original/data/universo_ibrx_proxy.csv,proxy_volume_nao_oficial,Ranking por volume salvo na revisão anterior. Não representa a composição oficial do IBrX-100.
AMPLO_PROXY,2022,GOLL4,2021-12-30,referencia_original/data/universo_ibrx_proxy.csv,proxy_volume_nao_oficial,Ranking por volume salvo na revisão anterior. Não representa a composição oficial do IBrX-100.
AMPLO_PROXY,2022,HAPV3,2021-12-30,referencia_original/data/universo_ibrx_proxy.csv,proxy_volume_nao_oficial,Ranking por volume salvo na revisão anterior. Não representa a composição oficial do IBrX-100.
AMPLO_PROXY,2022,HYPE3,2021-12-30,referencia_original/data/universo_ibrx_proxy.csv,proxy_volume_nao_oficial,Ranking por volume salvo na revisão anterior. Não representa a composição oficial do IBrX-100.
AMPLO_PROXY,2022,IRBR3,2021-12-30,referencia_original/data/universo_ibrx_proxy.csv,proxy_volume_nao_oficial,Ranking por volume salvo na revisão anterior. Não representa a composição oficial do IBrX-100.
AMPLO_PROXY,2022,ITSA4,2021-12-30,referencia_original/data/universo_ibrx_proxy.csv,proxy_volume_nao_oficial,Ranking por volume salvo na revisão anterior. Não representa a composição oficial do IBrX-100.
AMPLO_PROXY,2022,ITUB4,2021-12-30,referencia_original/data/universo_ibrx_proxy.csv,proxy_volume_nao_oficial,Ranking por volume salvo na revisão anterior. Não representa a composição oficial do IBrX-100.
AMPLO_PROXY,2022,JBSS3,2021-12-30,referencia_original/data/universo_ibrx_proxy.csv,proxy_volume_nao_oficial,Ranking por volume salvo na revisão anterior. Não representa a composição oficial do IBrX-100.
AMPLO_PROXY,2022,KLBN11,2021-12-30,referencia_original/data/universo_ibrx_proxy.csv,proxy_volume_nao_oficial,Ranking por volume salvo na revisão anterior. Não representa a composição oficial do IBrX-100.
AMPLO_PROXY,2022,LAME4,2021-12-30,referencia_original/data/universo_ibrx_proxy.csv,proxy_volume_nao_oficial,Ranking por volume salvo na revisão anterior. Não representa a composição oficial do IBrX-100.
AMPLO_PROXY,2022,LCAM3,2021-12-30,referencia_original/data/universo_ibrx_proxy.csv,proxy_volume_nao_oficial,Ranking por volume salvo na revisão anterior. Não representa a composição oficial do IBrX-100.
AMPLO_PROXY,2022,LIGT3,2021-12-30,referencia_original/data/universo_ibrx_proxy.csv,proxy_volume_nao_oficial,Ranking por volume salvo na revisão anterior. Não representa a composição oficial do IBrX-100.
AMPLO_PROXY,2022,LREN3,2021-12-30,referencia_original/data/universo_ibrx_proxy.csv,proxy_volume_nao_oficial,Ranking por volume salvo na revisão anterior. Não representa a composição oficial do IBrX-100.
AMPLO_PROXY,2022,LWSA3,2021-12-30,referencia_original/data/universo_ibrx_proxy.csv,proxy_volume_nao_oficial,Ranking por volume salvo na revisão anterior. Não representa a composição oficial do IBrX-100.
AMPLO_PROXY,2022,MGLU3,2021-12-30,referencia_original/data/universo_ibrx_proxy.csv,proxy_volume_nao_oficial,Ranking por volume salvo na revisão anterior. Não representa a composição oficial do IBrX-100.
AMPLO_PROXY,2022,MOVI3,2021-12-30,referencia_original/data/universo_ibrx_proxy.csv,proxy_volume_nao_oficial,Ranking por volume salvo na revisão anterior. Não representa a composição oficial do IBrX-100.
AMPLO_PROXY,2022,MRFG3,2021-12-30,referencia_original/data/universo_ibrx_proxy.csv,proxy_volume_nao_oficial,Ranking por volume salvo na revisão anterior. Não representa a composição oficial do IBrX-100.
AMPLO_PROXY,2022,MRVE3,2021-12-30,referencia_original/data/universo_ibrx_proxy.csv,proxy_volume_nao_oficial,Ranking por volume salvo na revisão anterior. Não representa a composição oficial do IBrX-100.
AMPLO_PROXY,2022,MULT3,2021-12-30,referencia_original/data/universo_ibrx_proxy.csv,proxy_volume_nao_oficial,Ranking por volume salvo na revisão anterior. Não representa a composição oficial do IBrX-100.
AMPLO_PROXY,2022,NTCO3,2021-12-30,referencia_original/data/universo_ibrx_proxy.csv,proxy_volume_nao_oficial,Ranking por volume salvo na revisão anterior. Não representa a composição oficial do IBrX-100.
AMPLO_PROXY,2022,OIBR3,2021-12-30,referencia_original/data/universo_ibrx_proxy.csv,proxy_volume_nao_oficial,Ranking por volume salvo na revisão anterior. Não representa a composição oficial do IBrX-100.
AMPLO_PROXY,2022,PCAR3,2021-12-30,referencia_original/data/universo_ibrx_proxy.csv,proxy_volume_nao_oficial,Ranking por volume salvo na revisão anterior. Não representa a composição oficial do IBrX-100.
AMPLO_PROXY,2022,PETR4,2021-12-30,referencia_original/data/universo_ibrx_proxy.csv,proxy_volume_nao_oficial,Ranking por volume salvo na revisão anterior. Não representa a composição oficial do IBrX-100.
AMPLO_PROXY,2022,PETZ3,2021-12-30,referencia_original/data/universo_ibrx_proxy.csv,proxy_volume_nao_oficial,Ranking por volume salvo na revisão anterior. Não representa a composição oficial do IBrX-100.
AMPLO_PROXY,2022,POSI3,2021-12-30,referencia_original/data/universo_ibrx_proxy.csv,proxy_volume_nao_oficial,Ranking por volume salvo na revisão anterior. Não representa a composição oficial do IBrX-100.
AMPLO_PROXY,2022,PRIO3,2021-12-30,referencia_original/data/universo_ibrx_proxy.csv,proxy_volume_nao_oficial,Ranking por volume salvo na revisão anterior. Não representa a composição oficial do IBrX-100.
AMPLO_PROXY,2022,PSSA3,2021-12-30,referencia_original/data/universo_ibrx_proxy.csv,proxy_volume_nao_oficial,Ranking por volume salvo na revisão anterior. Não representa a composição oficial do IBrX-100.
AMPLO_PROXY,2022,QUAL3,2021-12-30,referencia_original/data/universo_ibrx_proxy.csv,proxy_volume_nao_oficial,Ranking por volume salvo na revisão anterior. Não representa a composição oficial do IBrX-100.
AMPLO_PROXY,2022,RADL3,2021-12-30,referencia_original/data/universo_ibrx_proxy.csv,proxy_volume_nao_oficial,Ranking por volume salvo na revisão anterior. Não representa a composição oficial do IBrX-100.
AMPLO_PROXY,2022,RAIL3,2021-12-30,referencia_original/data/universo_ibrx_proxy.csv,proxy_volume_nao_oficial,Ranking por volume salvo na revisão anterior. Não representa a composição oficial do IBrX-100.
AMPLO_PROXY,2022,RDOR3,2021-12-30,referencia_original/data/universo_ibrx_proxy.csv,proxy_volume_nao_oficial,Ranking por volume salvo na revisão anterior. Não representa a composição oficial do IBrX-100.
AMPLO_PROXY,2022,RENT3,2021-12-30,referencia_original/data/universo_ibrx_proxy.csv,proxy_volume_nao_oficial,Ranking por volume salvo na revisão anterior. Não representa a composição oficial do IBrX-100.
AMPLO_PROXY,2022,RRRP3,2021-12-30,referencia_original/data/universo_ibrx_proxy.csv,proxy_volume_nao_oficial,Ranking por volume salvo na revisão anterior. Não representa a composição oficial do IBrX-100.
AMPLO_PROXY,2022,SANB11,2021-12-30,referencia_original/data/universo_ibrx_proxy.csv,proxy_volume_nao_oficial,Ranking por volume salvo na revisão anterior. Não representa a composição oficial do IBrX-100.
AMPLO_PROXY,2022,SAPR11,2021-12-30,referencia_original/data/universo_ibrx_proxy.csv,proxy_volume_nao_oficial,Ranking por volume salvo na revisão anterior. Não representa a composição oficial do IBrX-100.
AMPLO_PROXY,2022,SBSP3,2021-12-30,referencia_original/data/universo_ibrx_proxy.csv,proxy_volume_nao_oficial,Ranking por volume salvo na revisão anterior. Não representa a composição oficial do IBrX-100.
AMPLO_PROXY,2022,SLCE3,2021-12-30,referencia_original/data/universo_ibrx_proxy.csv,proxy_volume_nao_oficial,Ranking por volume salvo na revisão anterior. Não representa a composição oficial do IBrX-100.
AMPLO_PROXY,2022,SMTO3,2021-12-30,referencia_original/data/universo_ibrx_proxy.csv,proxy_volume_nao_oficial,Ranking por volume salvo na revisão anterior. Não representa a composição oficial do IBrX-100.
AMPLO_PROXY,2022,SOMA3,2021-12-30,referencia_original/data/universo_ibrx_proxy.csv,proxy_volume_nao_oficial,Ranking por volume salvo na revisão anterior. Não representa a composição oficial do IBrX-100.
AMPLO_PROXY,2022,SULA11,2021-12-30,referencia_original/data/universo_ibrx_proxy.csv,proxy_volume_nao_oficial,Ranking por volume salvo na revisão anterior. Não representa a composição oficial do IBrX-100.
AMPLO_PROXY,2022,SUZB3,2021-12-30,referencia_original/data/universo_ibrx_proxy.csv,proxy_volume_nao_oficial,Ranking por volume salvo na revisão anterior. Não representa a composição oficial do IBrX-100.
AMPLO_PROXY,2022,TAEE11,2021-12-30,referencia_original/data/universo_ibrx_proxy.csv,proxy_volume_nao_oficial,Ranking por volume salvo na revisão anterior. Não representa a composição oficial do IBrX-100.
AMPLO_PROXY,2022,TASA4,2021-12-30,referencia_original/data/universo_ibrx_proxy.csv,proxy_volume_nao_oficial,Ranking por volume salvo na revisão anterior. Não representa a composição oficial do IBrX-100.
AMPLO_PROXY,2022,TIMS3,2021-12-30,referencia_original/data/universo_ibrx_proxy.csv,proxy_volume_nao_oficial,Ranking por volume salvo na revisão anterior. Não representa a composição oficial do IBrX-100.
AMPLO_PROXY,2022,TOTS3,2021-12-30,referencia_original/data/universo_ibrx_proxy.csv,proxy_volume_nao_oficial,Ranking por volume salvo na revisão anterior. Não representa a composição oficial do IBrX-100.
AMPLO_PROXY,2022,UGPA3,2021-12-30,referencia_original/data/universo_ibrx_proxy.csv,proxy_volume_nao_oficial,Ranking por volume salvo na revisão anterior. Não representa a composição oficial do IBrX-100.
AMPLO_PROXY,2022,USIM5,2021-12-30,referencia_original/data/universo_ibrx_proxy.csv,proxy_volume_nao_oficial,Ranking por volume salvo na revisão anterior. Não representa a composição oficial do IBrX-100.
AMPLO_PROXY,2022,VALE3,2021-12-30,referencia_original/data/universo_ibrx_proxy.csv,proxy_volume_nao_oficial,Ranking por volume salvo na revisão anterior. Não representa a composição oficial do IBrX-100.
AMPLO_PROXY,2022,VBBR3,2021-12-30,referencia_original/data/universo_ibrx_proxy.csv,proxy_volume_nao_oficial,Ranking por volume salvo na revisão anterior. Não representa a composição oficial do IBrX-100.
AMPLO_PROXY,2022,VIVT3,2021-12-30,referencia_original/data/universo_ibrx_proxy.csv,proxy_volume_nao_oficial,Ranking por volume salvo na revisão anterior. Não representa a composição oficial do IBrX-100.
AMPLO_PROXY,2022,WEGE3,2021-12-30,referencia_original/data/universo_ibrx_proxy.csv,proxy_volume_nao_oficial,Ranking por volume salvo na revisão anterior. Não representa a composição oficial do IBrX-100.
AMPLO_PROXY,2022,YDUQ3,2021-12-30,referencia_original/data/universo_ibrx_proxy.csv,proxy_volume_nao_oficial,Ranking por volume salvo na revisão anterior. Não representa a composição oficial do IBrX-100.
AMPLO_PROXY,2023,ABEV3,2022-12-29,referencia_original/data/universo_ibrx_proxy.csv,proxy_volume_nao_oficial,Ranking por volume salvo na revisão anterior. Não representa a composição oficial do IBrX-100.
AMPLO_PROXY,2023,ALOS3,2022-12-29,referencia_original/data/universo_ibrx_proxy.csv,proxy_volume_nao_oficial,Ranking por volume salvo na revisão anterior. Não representa a composição oficial do IBrX-100.
AMPLO_PROXY,2023,ALPA4,2022-12-29,referencia_original/data/universo_ibrx_proxy.csv,proxy_volume_nao_oficial,Ranking por volume salvo na revisão anterior. Não representa a composição oficial do IBrX-100.
AMPLO_PROXY,2023,AMER3,2022-12-29,referencia_original/data/universo_ibrx_proxy.csv,proxy_volume_nao_oficial,Ranking por volume salvo na revisão anterior. Não representa a composição oficial do IBrX-100.
AMPLO_PROXY,2023,ASAI3,2022-12-29,referencia_original/data/universo_ibrx_proxy.csv,proxy_volume_nao_oficial,Ranking por volume salvo na revisão anterior. Não representa a composição oficial do IBrX-100.
AMPLO_PROXY,2023,AZUL4,2022-12-29,referencia_original/data/universo_ibrx_proxy.csv,proxy_volume_nao_oficial,Ranking por volume salvo na revisão anterior. Não representa a composição oficial do IBrX-100.
AMPLO_PROXY,2023,AZZA3,2022-12-29,referencia_original/data/universo_ibrx_proxy.csv,proxy_volume_nao_oficial,Ranking por volume salvo na revisão anterior. Não representa a composição oficial do IBrX-100.
AMPLO_PROXY,2023,B3SA3,2022-12-29,referencia_original/data/universo_ibrx_proxy.csv,proxy_volume_nao_oficial,Ranking por volume salvo na revisão anterior. Não representa a composição oficial do IBrX-100.
AMPLO_PROXY,2023,BBAS3,2022-12-29,referencia_original/data/universo_ibrx_proxy.csv,proxy_volume_nao_oficial,Ranking por volume salvo na revisão anterior. Não representa a composição oficial do IBrX-100.
AMPLO_PROXY,2023,BBDC4,2022-12-29,referencia_original/data/universo_ibrx_proxy.csv,proxy_volume_nao_oficial,Ranking por volume salvo na revisão anterior. Não representa a composição oficial do IBrX-100.
AMPLO_PROXY,2023,BBSE3,2022-12-29,referencia_original/data/universo_ibrx_proxy.csv,proxy_volume_nao_oficial,Ranking por volume salvo na revisão anterior. Não representa a composição oficial do IBrX-100.
AMPLO_PROXY,2023,BEEF3,2022-12-29,referencia_original/data/universo_ibrx_proxy.csv,proxy_volume_nao_oficial,Ranking por volume salvo na revisão anterior. Não representa a composição oficial do IBrX-100.
AMPLO_PROXY,2023,BHIA3,2022-12-29,referencia_original/data/universo_ibrx_proxy.csv,proxy_volume_nao_oficial,Ranking por volume salvo na revisão anterior. Não representa a composição oficial do IBrX-100.
AMPLO_PROXY,2023,BPAC11,2022-12-29,referencia_original/data/universo_ibrx_proxy.csv,proxy_volume_nao_oficial,Ranking por volume salvo na revisão anterior. Não representa a composição oficial do IBrX-100.
AMPLO_PROXY,2023,BPAN4,2022-12-29,referencia_original/data/universo_ibrx_proxy.csv,proxy_volume_nao_oficial,Ranking por volume salvo na revisão anterior. Não representa a composição oficial do IBrX-100.
AMPLO_PROXY,2023,BRAP4,2022-12-29,referencia_original/data/universo_ibrx_proxy.csv,proxy_volume_nao_oficial,Ranking por volume salvo na revisão anterior. Não representa a composição oficial do IBrX-100.
AMPLO_PROXY,2023,BRFS3,2022-12-29,referencia_original/data/universo_ibrx_proxy.csv,proxy_volume_nao_oficial,Ranking por volume salvo na revisão anterior. Não representa a composição oficial do IBrX-100.
AMPLO_PROXY,2023,BRKM5,2022-12-29,referencia_original/data/universo_ibrx_proxy.csv,proxy_volume_nao_oficial,Ranking por volume salvo na revisão anterior. Não representa a composição oficial do IBrX-100.
AMPLO_PROXY,2023,BRML3,2022-12-29,referencia_original/data/universo_ibrx_proxy.csv,proxy_volume_nao_oficial,Ranking por volume salvo na revisão anterior. Não representa a composição oficial do IBrX-100.
AMPLO_PROXY,2023,CASH3,2022-12-29,referencia_original/data/universo_ibrx_proxy.csv,proxy_volume_nao_oficial,Ranking por volume salvo na revisão anterior. Não representa a composição oficial do IBrX-100.
AMPLO_PROXY,2023,CBAV3,2022-12-29,referencia_original/data/universo_ibrx_proxy.csv,proxy_volume_nao_oficial,Ranking por volume salvo na revisão anterior. Não representa a composição oficial do IBrX-100.
AMPLO_PROXY,2023,CCRO3,2022-12-29,referencia_original/data/universo_ibrx_proxy.csv,proxy_volume_nao_oficial,Ranking por volume salvo na revisão anterior. Não representa a composição oficial do IBrX-100.
AMPLO_PROXY,2023,CIEL3,2022-12-29,referencia_original/data/universo_ibrx_proxy.csv,proxy_volume_nao_oficial,Ranking por volume salvo na revisão anterior. Não representa a composição oficial do IBrX-100.
AMPLO_PROXY,2023,CMIG4,2022-12-29,referencia_original/data/universo_ibrx_proxy.csv,proxy_volume_nao_oficial,Ranking por volume salvo na revisão anterior. Não representa a composição oficial do IBrX-100.
AMPLO_PROXY,2023,CMIN3,2022-12-29,referencia_original/data/universo_ibrx_proxy.csv,proxy_volume_nao_oficial,Ranking por volume salvo na revisão anterior. Não representa a composição oficial do IBrX-100.
AMPLO_PROXY,2023,COGN3,2022-12-29,referencia_original/data/universo_ibrx_proxy.csv,proxy_volume_nao_oficial,Ranking por volume salvo na revisão anterior. Não representa a composição oficial do IBrX-100.
AMPLO_PROXY,2023,CPFE3,2022-12-29,referencia_original/data/universo_ibrx_proxy.csv,proxy_volume_nao_oficial,Ranking por volume salvo na revisão anterior. Não representa a composição oficial do IBrX-100.
AMPLO_PROXY,2023,CPLE6,2022-12-29,referencia_original/data/universo_ibrx_proxy.csv,proxy_volume_nao_oficial,Ranking por volume salvo na revisão anterior. Não representa a composição oficial do IBrX-100.
AMPLO_PROXY,2023,CRFB3,2022-12-29,referencia_original/data/universo_ibrx_proxy.csv,proxy_volume_nao_oficial,Ranking por volume salvo na revisão anterior. Não representa a composição oficial do IBrX-100.
AMPLO_PROXY,2023,CSAN3,2022-12-29,referencia_original/data/universo_ibrx_proxy.csv,proxy_volume_nao_oficial,Ranking por volume salvo na revisão anterior. Não representa a composição oficial do IBrX-100.
AMPLO_PROXY,2023,CSNA3,2022-12-29,referencia_original/data/universo_ibrx_proxy.csv,proxy_volume_nao_oficial,Ranking por volume salvo na revisão anterior. Não representa a composição oficial do IBrX-100.
AMPLO_PROXY,2023,CVCB3,2022-12-29,referencia_original/data/universo_ibrx_proxy.csv,proxy_volume_nao_oficial,Ranking por volume salvo na revisão anterior. Não representa a composição oficial do IBrX-100.
AMPLO_PROXY,2023,CYRE3,2022-12-29,referencia_original/data/universo_ibrx_proxy.csv,proxy_volume_nao_oficial,Ranking por volume salvo na revisão anterior. Não representa a composição oficial do IBrX-100.
AMPLO_PROXY,2023,DXCO3,2022-12-29,referencia_original/data/universo_ibrx_proxy.csv,proxy_volume_nao_oficial,Ranking por volume salvo na revisão anterior. Não representa a composição oficial do IBrX-100.
AMPLO_PROXY,2023,ECOR3,2022-12-29,referencia_original/data/universo_ibrx_proxy.csv,proxy_volume_nao_oficial,Ranking por volume salvo na revisão anterior. Não representa a composição oficial do IBrX-100.
AMPLO_PROXY,2023,EGIE3,2022-12-29,referencia_original/data/universo_ibrx_proxy.csv,proxy_volume_nao_oficial,Ranking por volume salvo na revisão anterior. Não representa a composição oficial do IBrX-100.
AMPLO_PROXY,2023,ELET3,2022-12-29,referencia_original/data/universo_ibrx_proxy.csv,proxy_volume_nao_oficial,Ranking por volume salvo na revisão anterior. Não representa a composição oficial do IBrX-100.
AMPLO_PROXY,2023,EMBR3,2022-12-29,referencia_original/data/universo_ibrx_proxy.csv,proxy_volume_nao_oficial,Ranking por volume salvo na revisão anterior. Não representa a composição oficial do IBrX-100.
AMPLO_PROXY,2023,ENAT3,2022-12-29,referencia_original/data/universo_ibrx_proxy.csv,proxy_volume_nao_oficial,Ranking por volume salvo na revisão anterior. Não representa a composição oficial do IBrX-100.
AMPLO_PROXY,2023,ENBR3,2022-12-29,referencia_original/data/universo_ibrx_proxy.csv,proxy_volume_nao_oficial,Ranking por volume salvo na revisão anterior. Não representa a composição oficial do IBrX-100.
AMPLO_PROXY,2023,ENEV3,2022-12-29,referencia_original/data/universo_ibrx_proxy.csv,proxy_volume_nao_oficial,Ranking por volume salvo na revisão anterior. Não representa a composição oficial do IBrX-100.
AMPLO_PROXY,2023,ENGI11,2022-12-29,referencia_original/data/universo_ibrx_proxy.csv,proxy_volume_nao_oficial,Ranking por volume salvo na revisão anterior. Não representa a composição oficial do IBrX-100.
AMPLO_PROXY,2023,EQTL3,2022-12-29,referencia_original/data/universo_ibrx_proxy.csv,proxy_volume_nao_oficial,Ranking por volume salvo na revisão anterior. Não representa a composição oficial do IBrX-100.
AMPLO_PROXY,2023,EZTC3,2022-12-29,referencia_original/data/universo_ibrx_proxy.csv,proxy_volume_nao_oficial,Ranking por volume salvo na revisão anterior. Não representa a composição oficial do IBrX-100.
AMPLO_PROXY,2023,FLRY3,2022-12-29,referencia_original/data/universo_ibrx_proxy.csv,proxy_volume_nao_oficial,Ranking por volume salvo na revisão anterior. Não representa a composição oficial do IBrX-100.
AMPLO_PROXY,2023,GGBR4,2022-12-29,referencia_original/data/universo_ibrx_proxy.csv,proxy_volume_nao_oficial,Ranking por volume salvo na revisão anterior. Não representa a composição oficial do IBrX-100.
AMPLO_PROXY,2023,GMAT3,2022-12-29,referencia_original/data/universo_ibrx_proxy.csv,proxy_volume_nao_oficial,Ranking por volume salvo na revisão anterior. Não representa a composição oficial do IBrX-100.
AMPLO_PROXY,2023,GOAU4,2022-12-29,referencia_original/data/universo_ibrx_proxy.csv,proxy_volume_nao_oficial,Ranking por volume salvo na revisão anterior. Não representa a composição oficial do IBrX-100.
AMPLO_PROXY,2023,GOLL4,2022-12-29,referencia_original/data/universo_ibrx_proxy.csv,proxy_volume_nao_oficial,Ranking por volume salvo na revisão anterior. Não representa a composição oficial do IBrX-100.
AMPLO_PROXY,2023,HAPV3,2022-12-29,referencia_original/data/universo_ibrx_proxy.csv,proxy_volume_nao_oficial,Ranking por volume salvo na revisão anterior. Não representa a composição oficial do IBrX-100.
AMPLO_PROXY,2023,HYPE3,2022-12-29,referencia_original/data/universo_ibrx_proxy.csv,proxy_volume_nao_oficial,Ranking por volume salvo na revisão anterior. Não representa a composição oficial do IBrX-100.
AMPLO_PROXY,2023,IGTI11,2022-12-29,referencia_original/data/universo_ibrx_proxy.csv,proxy_volume_nao_oficial,Ranking por volume salvo na revisão anterior. Não representa a composição oficial do IBrX-100.
AMPLO_PROXY,2023,INTB3,2022-12-29,referencia_original/data/universo_ibrx_proxy.csv,proxy_volume_nao_oficial,Ranking por volume salvo na revisão anterior. Não representa a composição oficial do IBrX-100.
AMPLO_PROXY,2023,IRBR3,2022-12-29,referencia_original/data/universo_ibrx_proxy.csv,proxy_volume_nao_oficial,Ranking por volume salvo na revisão anterior. Não representa a composição oficial do IBrX-100.
AMPLO_PROXY,2023,ITSA4,2022-12-29,referencia_original/data/universo_ibrx_proxy.csv,proxy_volume_nao_oficial,Ranking por volume salvo na revisão anterior. Não representa a composição oficial do IBrX-100.
AMPLO_PROXY,2023,ITUB4,2022-12-29,referencia_original/data/universo_ibrx_proxy.csv,proxy_volume_nao_oficial,Ranking por volume salvo na revisão anterior. Não representa a composição oficial do IBrX-100.
AMPLO_PROXY,2023,JBSS3,2022-12-29,referencia_original/data/universo_ibrx_proxy.csv,proxy_volume_nao_oficial,Ranking por volume salvo na revisão anterior. Não representa a composição oficial do IBrX-100.
AMPLO_PROXY,2023,KLBN11,2022-12-29,referencia_original/data/universo_ibrx_proxy.csv,proxy_volume_nao_oficial,Ranking por volume salvo na revisão anterior. Não representa a composição oficial do IBrX-100.
AMPLO_PROXY,2023,LREN3,2022-12-29,referencia_original/data/universo_ibrx_proxy.csv,proxy_volume_nao_oficial,Ranking por volume salvo na revisão anterior. Não representa a composição oficial do IBrX-100.
AMPLO_PROXY,2023,LWSA3,2022-12-29,referencia_original/data/universo_ibrx_proxy.csv,proxy_volume_nao_oficial,Ranking por volume salvo na revisão anterior. Não representa a composição oficial do IBrX-100.
AMPLO_PROXY,2023,MDIA3,2022-12-29,referencia_original/data/universo_ibrx_proxy.csv,proxy_volume_nao_oficial,Ranking por volume salvo na revisão anterior. Não representa a composição oficial do IBrX-100.
AMPLO_PROXY,2023,MGLU3,2022-12-29,referencia_original/data/universo_ibrx_proxy.csv,proxy_volume_nao_oficial,Ranking por volume salvo na revisão anterior. Não representa a composição oficial do IBrX-100.
AMPLO_PROXY,2023,MOVI3,2022-12-29,referencia_original/data/universo_ibrx_proxy.csv,proxy_volume_nao_oficial,Ranking por volume salvo na revisão anterior. Não representa a composição oficial do IBrX-100.
AMPLO_PROXY,2023,MRFG3,2022-12-29,referencia_original/data/universo_ibrx_proxy.csv,proxy_volume_nao_oficial,Ranking por volume salvo na revisão anterior. Não representa a composição oficial do IBrX-100.
AMPLO_PROXY,2023,MRVE3,2022-12-29,referencia_original/data/universo_ibrx_proxy.csv,proxy_volume_nao_oficial,Ranking por volume salvo na revisão anterior. Não representa a composição oficial do IBrX-100.
AMPLO_PROXY,2023,MULT3,2022-12-29,referencia_original/data/universo_ibrx_proxy.csv,proxy_volume_nao_oficial,Ranking por volume salvo na revisão anterior. Não representa a composição oficial do IBrX-100.
AMPLO_PROXY,2023,NTCO3,2022-12-29,referencia_original/data/universo_ibrx_proxy.csv,proxy_volume_nao_oficial,Ranking por volume salvo na revisão anterior. Não representa a composição oficial do IBrX-100.
AMPLO_PROXY,2023,OIBR3,2022-12-29,referencia_original/data/universo_ibrx_proxy.csv,proxy_volume_nao_oficial,Ranking por volume salvo na revisão anterior. Não representa a composição oficial do IBrX-100.
AMPLO_PROXY,2023,PCAR3,2022-12-29,referencia_original/data/universo_ibrx_proxy.csv,proxy_volume_nao_oficial,Ranking por volume salvo na revisão anterior. Não representa a composição oficial do IBrX-100.
AMPLO_PROXY,2023,PETR4,2022-12-29,referencia_original/data/universo_ibrx_proxy.csv,proxy_volume_nao_oficial,Ranking por volume salvo na revisão anterior. Não representa a composição oficial do IBrX-100.
AMPLO_PROXY,2023,PETZ3,2022-12-29,referencia_original/data/universo_ibrx_proxy.csv,proxy_volume_nao_oficial,Ranking por volume salvo na revisão anterior. Não representa a composição oficial do IBrX-100.
AMPLO_PROXY,2023,PRIO3,2022-12-29,referencia_original/data/universo_ibrx_proxy.csv,proxy_volume_nao_oficial,Ranking por volume salvo na revisão anterior. Não representa a composição oficial do IBrX-100.
AMPLO_PROXY,2023,PSSA3,2022-12-29,referencia_original/data/universo_ibrx_proxy.csv,proxy_volume_nao_oficial,Ranking por volume salvo na revisão anterior. Não representa a composição oficial do IBrX-100.
AMPLO_PROXY,2023,QUAL3,2022-12-29,referencia_original/data/universo_ibrx_proxy.csv,proxy_volume_nao_oficial,Ranking por volume salvo na revisão anterior. Não representa a composição oficial do IBrX-100.
AMPLO_PROXY,2023,RADL3,2022-12-29,referencia_original/data/universo_ibrx_proxy.csv,proxy_volume_nao_oficial,Ranking por volume salvo na revisão anterior. Não representa a composição oficial do IBrX-100.
AMPLO_PROXY,2023,RAIL3,2022-12-29,referencia_original/data/universo_ibrx_proxy.csv,proxy_volume_nao_oficial,Ranking por volume salvo na revisão anterior. Não representa a composição oficial do IBrX-100.
AMPLO_PROXY,2023,RAIZ4,2022-12-29,referencia_original/data/universo_ibrx_proxy.csv,proxy_volume_nao_oficial,Ranking por volume salvo na revisão anterior. Não representa a composição oficial do IBrX-100.
AMPLO_PROXY,2023,RDOR3,2022-12-29,referencia_original/data/universo_ibrx_proxy.csv,proxy_volume_nao_oficial,Ranking por volume salvo na revisão anterior. Não representa a composição oficial do IBrX-100.
AMPLO_PROXY,2023,RECV3,2022-12-29,referencia_original/data/universo_ibrx_proxy.csv,proxy_volume_nao_oficial,Ranking por volume salvo na revisão anterior. Não representa a composição oficial do IBrX-100.
AMPLO_PROXY,2023,RENT3,2022-12-29,referencia_original/data/universo_ibrx_proxy.csv,proxy_volume_nao_oficial,Ranking por volume salvo na revisão anterior. Não representa a composição oficial do IBrX-100.
AMPLO_PROXY,2023,RRRP3,2022-12-29,referencia_original/data/universo_ibrx_proxy.csv,proxy_volume_nao_oficial,Ranking por volume salvo na revisão anterior. Não representa a composição oficial do IBrX-100.
AMPLO_PROXY,2023,SANB11,2022-12-29,referencia_original/data/universo_ibrx_proxy.csv,proxy_volume_nao_oficial,Ranking por volume salvo na revisão anterior. Não representa a composição oficial do IBrX-100.
AMPLO_PROXY,2023,SBSP3,2022-12-29,referencia_original/data/universo_ibrx_proxy.csv,proxy_volume_nao_oficial,Ranking por volume salvo na revisão anterior. Não representa a composição oficial do IBrX-100.
AMPLO_PROXY,2023,SLCE3,2022-12-29,referencia_original/data/universo_ibrx_proxy.csv,proxy_volume_nao_oficial,Ranking por volume salvo na revisão anterior. Não representa a composição oficial do IBrX-100.
AMPLO_PROXY,2023,SMTO3,2022-12-29,referencia_original/data/universo_ibrx_proxy.csv,proxy_volume_nao_oficial,Ranking por volume salvo na revisão anterior. Não representa a composição oficial do IBrX-100.
AMPLO_PROXY,2023,SOMA3,2022-12-29,referencia_original/data/universo_ibrx_proxy.csv,proxy_volume_nao_oficial,Ranking por volume salvo na revisão anterior. Não representa a composição oficial do IBrX-100.
AMPLO_PROXY,2023,STBP3,2022-12-29,referencia_original/data/universo_ibrx_proxy.csv,proxy_volume_nao_oficial,Ranking por volume salvo na revisão anterior. Não representa a composição oficial do IBrX-100.
AMPLO_PROXY,2023,SUZB3,2022-12-29,referencia_original/data/universo_ibrx_proxy.csv,proxy_volume_nao_oficial,Ranking por volume salvo na revisão anterior. Não representa a composição oficial do IBrX-100.
AMPLO_PROXY,2023,TAEE11,2022-12-29,referencia_original/data/universo_ibrx_proxy.csv,proxy_volume_nao_oficial,Ranking por volume salvo na revisão anterior. Não representa a composição oficial do IBrX-100.
AMPLO_PROXY,2023,TIMS3,2022-12-29,referencia_original/data/universo_ibrx_proxy.csv,proxy_volume_nao_oficial,Ranking por volume salvo na revisão anterior. Não representa a composição oficial do IBrX-100.
AMPLO_PROXY,2023,TOTS3,2022-12-29,referencia_original/data/universo_ibrx_proxy.csv,proxy_volume_nao_oficial,Ranking por volume salvo na revisão anterior. Não representa a composição oficial do IBrX-100.
AMPLO_PROXY,2023,TRPL4,2022-12-29,referencia_original/data/universo_ibrx_proxy.csv,proxy_volume_nao_oficial,Ranking por volume salvo na revisão anterior. Não representa a composição oficial do IBrX-100.
AMPLO_PROXY,2023,UGPA3,2022-12-29,referencia_original/data/universo_ibrx_proxy.csv,proxy_volume_nao_oficial,Ranking por volume salvo na revisão anterior. Não representa a composição oficial do IBrX-100.
AMPLO_PROXY,2023,USIM5,2022-12-29,referencia_original/data/universo_ibrx_proxy.csv,proxy_volume_nao_oficial,Ranking por volume salvo na revisão anterior. Não representa a composição oficial do IBrX-100.
AMPLO_PROXY,2023,VALE3,2022-12-29,referencia_original/data/universo_ibrx_proxy.csv,proxy_volume_nao_oficial,Ranking por volume salvo na revisão anterior. Não representa a composição oficial do IBrX-100.
AMPLO_PROXY,2023,VAMO3,2022-12-29,referencia_original/data/universo_ibrx_proxy.csv,proxy_volume_nao_oficial,Ranking por volume salvo na revisão anterior. Não representa a composição oficial do IBrX-100.
AMPLO_PROXY,2023,VBBR3,2022-12-29,referencia_original/data/universo_ibrx_proxy.csv,proxy_volume_nao_oficial,Ranking por volume salvo na revisão anterior. Não representa a composição oficial do IBrX-100.
AMPLO_PROXY,2023,VIVT3,2022-12-29,referencia_original/data/universo_ibrx_proxy.csv,proxy_volume_nao_oficial,Ranking por volume salvo na revisão anterior. Não representa a composição oficial do IBrX-100.
AMPLO_PROXY,2023,WEGE3,2022-12-29,referencia_original/data/universo_ibrx_proxy.csv,proxy_volume_nao_oficial,Ranking por volume salvo na revisão anterior. Não representa a composição oficial do IBrX-100.
AMPLO_PROXY,2023,YDUQ3,2022-12-29,referencia_original/data/universo_ibrx_proxy.csv,proxy_volume_nao_oficial,Ranking por volume salvo na revisão anterior. Não representa a composição oficial do IBrX-100.
AMPLO_PROXY,2024,ABEV3,2023-12-28,referencia_original/data/universo_ibrx_proxy.csv,proxy_volume_nao_oficial,Ranking por volume salvo na revisão anterior. Não representa a composição oficial do IBrX-100.
AMPLO_PROXY,2024,ALOS3,2023-12-28,referencia_original/data/universo_ibrx_proxy.csv,proxy_volume_nao_oficial,Ranking por volume salvo na revisão anterior. Não representa a composição oficial do IBrX-100.
AMPLO_PROXY,2024,ALPA4,2023-12-28,referencia_original/data/universo_ibrx_proxy.csv,proxy_volume_nao_oficial,Ranking por volume salvo na revisão anterior. Não representa a composição oficial do IBrX-100.
AMPLO_PROXY,2024,ASAI3,2023-12-28,referencia_original/data/universo_ibrx_proxy.csv,proxy_volume_nao_oficial,Ranking por volume salvo na revisão anterior. Não representa a composição oficial do IBrX-100.
AMPLO_PROXY,2024,AURE3,2023-12-28,referencia_original/data/universo_ibrx_proxy.csv,proxy_volume_nao_oficial,Ranking por volume salvo na revisão anterior. Não representa a composição oficial do IBrX-100.
AMPLO_PROXY,2024,AZUL4,2023-12-28,referencia_original/data/universo_ibrx_proxy.csv,proxy_volume_nao_oficial,Ranking por volume salvo na revisão anterior. Não representa a composição oficial do IBrX-100.
AMPLO_PROXY,2024,AZZA3,2023-12-28,referencia_original/data/universo_ibrx_proxy.csv,proxy_volume_nao_oficial,Ranking por volume salvo na revisão anterior. Não representa a composição oficial do IBrX-100.
AMPLO_PROXY,2024,B3SA3,2023-12-28,referencia_original/data/universo_ibrx_proxy.csv,proxy_volume_nao_oficial,Ranking por volume salvo na revisão anterior. Não representa a composição oficial do IBrX-100.
AMPLO_PROXY,2024,BBAS3,2023-12-28,referencia_original/data/universo_ibrx_proxy.csv,proxy_volume_nao_oficial,Ranking por volume salvo na revisão anterior. Não representa a composição oficial do IBrX-100.
AMPLO_PROXY,2024,BBDC4,2023-12-28,referencia_original/data/universo_ibrx_proxy.csv,proxy_volume_nao_oficial,Ranking por volume salvo na revisão anterior. Não representa a composição oficial do IBrX-100.
AMPLO_PROXY,2024,BBSE3,2023-12-28,referencia_original/data/universo_ibrx_proxy.csv,proxy_volume_nao_oficial,Ranking por volume salvo na revisão anterior. Não representa a composição oficial do IBrX-100.
AMPLO_PROXY,2024,BEEF3,2023-12-28,referencia_original/data/universo_ibrx_proxy.csv,proxy_volume_nao_oficial,Ranking por volume salvo na revisão anterior. Não representa a composição oficial do IBrX-100.
AMPLO_PROXY,2024,BHIA3,2023-12-28,referencia_original/data/universo_ibrx_proxy.csv,proxy_volume_nao_oficial,Ranking por volume salvo na revisão anterior. Não representa a composição oficial do IBrX-100.
AMPLO_PROXY,2024,BPAC11,2023-12-28,referencia_original/data/universo_ibrx_proxy.csv,proxy_volume_nao_oficial,Ranking por volume salvo na revisão anterior. Não representa a composição oficial do IBrX-100.
AMPLO_PROXY,2024,BRAP4,2023-12-28,referencia_original/data/universo_ibrx_proxy.csv,proxy_volume_nao_oficial,Ranking por volume salvo na revisão anterior. Não representa a composição oficial do IBrX-100.
AMPLO_PROXY,2024,BRFS3,2023-12-28,referencia_original/data/universo_ibrx_proxy.csv,proxy_volume_nao_oficial,Ranking por volume salvo na revisão anterior. Não representa a composição oficial do IBrX-100.
AMPLO_PROXY,2024,BRKM5,2023-12-28,referencia_original/data/universo_ibrx_proxy.csv,proxy_volume_nao_oficial,Ranking por volume salvo na revisão anterior. Não representa a composição oficial do IBrX-100.
AMPLO_PROXY,2024,CCRO3,2023-12-28,referencia_original/data/universo_ibrx_proxy.csv,proxy_volume_nao_oficial,Ranking por volume salvo na revisão anterior. Não representa a composição oficial do IBrX-100.
AMPLO_PROXY,2024,CIEL3,2023-12-28,referencia_original/data/universo_ibrx_proxy.csv,proxy_volume_nao_oficial,Ranking por volume salvo na revisão anterior. Não representa a composição oficial do IBrX-100.
AMPLO_PROXY,2024,CMIG4,2023-12-28,referencia_original/data/universo_ibrx_proxy.csv,proxy_volume_nao_oficial,Ranking por volume salvo na revisão anterior. Não representa a composição oficial do IBrX-100.
AMPLO_PROXY,2024,CMIN3,2023-12-28,referencia_original/data/universo_ibrx_proxy.csv,proxy_volume_nao_oficial,Ranking por volume salvo na revisão anterior. Não representa a composição oficial do IBrX-100.
AMPLO_PROXY,2024,COGN3,2023-12-28,referencia_original/data/universo_ibrx_proxy.csv,proxy_volume_nao_oficial,Ranking por volume salvo na revisão anterior. Não representa a composição oficial do IBrX-100.
AMPLO_PROXY,2024,CPFE3,2023-12-28,referencia_original/data/universo_ibrx_proxy.csv,proxy_volume_nao_oficial,Ranking por volume salvo na revisão anterior. Não representa a composição oficial do IBrX-100.
AMPLO_PROXY,2024,CPLE6,2023-12-28,referencia_original/data/universo_ibrx_proxy.csv,proxy_volume_nao_oficial,Ranking por volume salvo na revisão anterior. Não representa a composição oficial do IBrX-100.
AMPLO_PROXY,2024,CRFB3,2023-12-28,referencia_original/data/universo_ibrx_proxy.csv,proxy_volume_nao_oficial,Ranking por volume salvo na revisão anterior. Não representa a composição oficial do IBrX-100.
AMPLO_PROXY,2024,CSAN3,2023-12-28,referencia_original/data/universo_ibrx_proxy.csv,proxy_volume_nao_oficial,Ranking por volume salvo na revisão anterior. Não representa a composição oficial do IBrX-100.
AMPLO_PROXY,2024,CSMG3,2023-12-28,referencia_original/data/universo_ibrx_proxy.csv,proxy_volume_nao_oficial,Ranking por volume salvo na revisão anterior. Não representa a composição oficial do IBrX-100.
AMPLO_PROXY,2024,CSNA3,2023-12-28,referencia_original/data/universo_ibrx_proxy.csv,proxy_volume_nao_oficial,Ranking por volume salvo na revisão anterior. Não representa a composição oficial do IBrX-100.
AMPLO_PROXY,2024,CVCB3,2023-12-28,referencia_original/data/universo_ibrx_proxy.csv,proxy_volume_nao_oficial,Ranking por volume salvo na revisão anterior. Não representa a composição oficial do IBrX-100.
AMPLO_PROXY,2024,CYRE3,2023-12-28,referencia_original/data/universo_ibrx_proxy.csv,proxy_volume_nao_oficial,Ranking por volume salvo na revisão anterior. Não representa a composição oficial do IBrX-100.
AMPLO_PROXY,2024,DIRR3,2023-12-28,referencia_original/data/universo_ibrx_proxy.csv,proxy_volume_nao_oficial,Ranking por volume salvo na revisão anterior. Não representa a composição oficial do IBrX-100.
AMPLO_PROXY,2024,DXCO3,2023-12-28,referencia_original/data/universo_ibrx_proxy.csv,proxy_volume_nao_oficial,Ranking por volume salvo na revisão anterior. Não representa a composição oficial do IBrX-100.
AMPLO_PROXY,2024,ECOR3,2023-12-28,referencia_original/data/universo_ibrx_proxy.csv,proxy_volume_nao_oficial,Ranking por volume salvo na revisão anterior. Não representa a composição oficial do IBrX-100.
AMPLO_PROXY,2024,EGIE3,2023-12-28,referencia_original/data/universo_ibrx_proxy.csv,proxy_volume_nao_oficial,Ranking por volume salvo na revisão anterior. Não representa a composição oficial do IBrX-100.
AMPLO_PROXY,2024,ELET3,2023-12-28,referencia_original/data/universo_ibrx_proxy.csv,proxy_volume_nao_oficial,Ranking por volume salvo na revisão anterior. Não representa a composição oficial do IBrX-100.
AMPLO_PROXY,2024,EMBR3,2023-12-28,referencia_original/data/universo_ibrx_proxy.csv,proxy_volume_nao_oficial,Ranking por volume salvo na revisão anterior. Não representa a composição oficial do IBrX-100.
AMPLO_PROXY,2024,ENEV3,2023-12-28,referencia_original/data/universo_ibrx_proxy.csv,proxy_volume_nao_oficial,Ranking por volume salvo na revisão anterior. Não representa a composição oficial do IBrX-100.
AMPLO_PROXY,2024,ENGI11,2023-12-28,referencia_original/data/universo_ibrx_proxy.csv,proxy_volume_nao_oficial,Ranking por volume salvo na revisão anterior. Não representa a composição oficial do IBrX-100.
AMPLO_PROXY,2024,EQTL3,2023-12-28,referencia_original/data/universo_ibrx_proxy.csv,proxy_volume_nao_oficial,Ranking por volume salvo na revisão anterior. Não representa a composição oficial do IBrX-100.
AMPLO_PROXY,2024,EZTC3,2023-12-28,referencia_original/data/universo_ibrx_proxy.csv,proxy_volume_nao_oficial,Ranking por volume salvo na revisão anterior. Não representa a composição oficial do IBrX-100.
AMPLO_PROXY,2024,FLRY3,2023-12-28,referencia_original/data/universo_ibrx_proxy.csv,proxy_volume_nao_oficial,Ranking por volume salvo na revisão anterior. Não representa a composição oficial do IBrX-100.
AMPLO_PROXY,2024,GFSA3,2023-12-28,referencia_original/data/universo_ibrx_proxy.csv,proxy_volume_nao_oficial,Ranking por volume salvo na revisão anterior. Não representa a composição oficial do IBrX-100.
AMPLO_PROXY,2024,GGBR4,2023-12-28,referencia_original/data/universo_ibrx_proxy.csv,proxy_volume_nao_oficial,Ranking por volume salvo na revisão anterior. Não representa a composição oficial do IBrX-100.
AMPLO_PROXY,2024,GGPS3,2023-12-28,referencia_original/data/universo_ibrx_proxy.csv,proxy_volume_nao_oficial,Ranking por volume salvo na revisão anterior. Não representa a composição oficial do IBrX-100.
AMPLO_PROXY,2024,GMAT3,2023-12-28,referencia_original/data/universo_ibrx_proxy.csv,proxy_volume_nao_oficial,Ranking por volume salvo na revisão anterior. Não representa a composição oficial do IBrX-100.
AMPLO_PROXY,2024,GOAU4,2023-12-28,referencia_original/data/universo_ibrx_proxy.csv,proxy_volume_nao_oficial,Ranking por volume salvo na revisão anterior. Não representa a composição oficial do IBrX-100.
AMPLO_PROXY,2024,GOLL4,2023-12-28,referencia_original/data/universo_ibrx_proxy.csv,proxy_volume_nao_oficial,Ranking por volume salvo na revisão anterior. Não representa a composição oficial do IBrX-100.
AMPLO_PROXY,2024,HAPV3,2023-12-28,referencia_original/data/universo_ibrx_proxy.csv,proxy_volume_nao_oficial,Ranking por volume salvo na revisão anterior. Não representa a composição oficial do IBrX-100.
AMPLO_PROXY,2024,HYPE3,2023-12-28,referencia_original/data/universo_ibrx_proxy.csv,proxy_volume_nao_oficial,Ranking por volume salvo na revisão anterior. Não representa a composição oficial do IBrX-100.
AMPLO_PROXY,2024,IGTI11,2023-12-28,referencia_original/data/universo_ibrx_proxy.csv,proxy_volume_nao_oficial,Ranking por volume salvo na revisão anterior. Não representa a composição oficial do IBrX-100.
AMPLO_PROXY,2024,INTB3,2023-12-28,referencia_original/data/universo_ibrx_proxy.csv,proxy_volume_nao_oficial,Ranking por volume salvo na revisão anterior. Não representa a composição oficial do IBrX-100.
AMPLO_PROXY,2024,IRBR3,2023-12-28,referencia_original/data/universo_ibrx_proxy.csv,proxy_volume_nao_oficial,Ranking por volume salvo na revisão anterior. Não representa a composição oficial do IBrX-100.
AMPLO_PROXY,2024,ITSA4,2023-12-28,referencia_original/data/universo_ibrx_proxy.csv,proxy_volume_nao_oficial,Ranking por volume salvo na revisão anterior. Não representa a composição oficial do IBrX-100.
AMPLO_PROXY,2024,ITUB4,2023-12-28,referencia_original/data/universo_ibrx_proxy.csv,proxy_volume_nao_oficial,Ranking por volume salvo na revisão anterior. Não representa a composição oficial do IBrX-100.
AMPLO_PROXY,2024,JBSS3,2023-12-28,referencia_original/data/universo_ibrx_proxy.csv,proxy_volume_nao_oficial,Ranking por volume salvo na revisão anterior. Não representa a composição oficial do IBrX-100.
AMPLO_PROXY,2024,KLBN11,2023-12-28,referencia_original/data/universo_ibrx_proxy.csv,proxy_volume_nao_oficial,Ranking por volume salvo na revisão anterior. Não representa a composição oficial do IBrX-100.
AMPLO_PROXY,2024,LREN3,2023-12-28,referencia_original/data/universo_ibrx_proxy.csv,proxy_volume_nao_oficial,Ranking por volume salvo na revisão anterior. Não representa a composição oficial do IBrX-100.
AMPLO_PROXY,2024,LWSA3,2023-12-28,referencia_original/data/universo_ibrx_proxy.csv,proxy_volume_nao_oficial,Ranking por volume salvo na revisão anterior. Não representa a composição oficial do IBrX-100.
AMPLO_PROXY,2024,MDIA3,2023-12-28,referencia_original/data/universo_ibrx_proxy.csv,proxy_volume_nao_oficial,Ranking por volume salvo na revisão anterior. Não representa a composição oficial do IBrX-100.
AMPLO_PROXY,2024,MGLU3,2023-12-28,referencia_original/data/universo_ibrx_proxy.csv,proxy_volume_nao_oficial,Ranking por volume salvo na revisão anterior. Não representa a composição oficial do IBrX-100.
AMPLO_PROXY,2024,MOVI3,2023-12-28,referencia_original/data/universo_ibrx_proxy.csv,proxy_volume_nao_oficial,Ranking por volume salvo na revisão anterior. Não representa a composição oficial do IBrX-100.
AMPLO_PROXY,2024,MRFG3,2023-12-28,referencia_original/data/universo_ibrx_proxy.csv,proxy_volume_nao_oficial,Ranking por volume salvo na revisão anterior. Não representa a composição oficial do IBrX-100.
AMPLO_PROXY,2024,MRVE3,2023-12-28,referencia_original/data/universo_ibrx_proxy.csv,proxy_volume_nao_oficial,Ranking por volume salvo na revisão anterior. Não representa a composição oficial do IBrX-100.
AMPLO_PROXY,2024,MULT3,2023-12-28,referencia_original/data/universo_ibrx_proxy.csv,proxy_volume_nao_oficial,Ranking por volume salvo na revisão anterior. Não representa a composição oficial do IBrX-100.
AMPLO_PROXY,2024,NTCO3,2023-12-28,referencia_original/data/universo_ibrx_proxy.csv,proxy_volume_nao_oficial,Ranking por volume salvo na revisão anterior. Não representa a composição oficial do IBrX-100.
AMPLO_PROXY,2024,PCAR3,2023-12-28,referencia_original/data/universo_ibrx_proxy.csv,proxy_volume_nao_oficial,Ranking por volume salvo na revisão anterior. Não representa a composição oficial do IBrX-100.
AMPLO_PROXY,2024,PETR4,2023-12-28,referencia_original/data/universo_ibrx_proxy.csv,proxy_volume_nao_oficial,Ranking por volume salvo na revisão anterior. Não representa a composição oficial do IBrX-100.
AMPLO_PROXY,2024,PETZ3,2023-12-28,referencia_original/data/universo_ibrx_proxy.csv,proxy_volume_nao_oficial,Ranking por volume salvo na revisão anterior. Não representa a composição oficial do IBrX-100.
AMPLO_PROXY,2024,POMO4,2023-12-28,referencia_original/data/universo_ibrx_proxy.csv,proxy_volume_nao_oficial,Ranking por volume salvo na revisão anterior. Não representa a composição oficial do IBrX-100.
AMPLO_PROXY,2024,PRIO3,2023-12-28,referencia_original/data/universo_ibrx_proxy.csv,proxy_volume_nao_oficial,Ranking por volume salvo na revisão anterior. Não representa a composição oficial do IBrX-100.
AMPLO_PROXY,2024,PSSA3,2023-12-28,referencia_original/data/universo_ibrx_proxy.csv,proxy_volume_nao_oficial,Ranking por volume salvo na revisão anterior. Não representa a composição oficial do IBrX-100.
AMPLO_PROXY,2024,RADL3,2023-12-28,referencia_original/data/universo_ibrx_proxy.csv,proxy_volume_nao_oficial,Ranking por volume salvo na revisão anterior. Não representa a composição oficial do IBrX-100.
AMPLO_PROXY,2024,RAIL3,2023-12-28,referencia_original/data/universo_ibrx_proxy.csv,proxy_volume_nao_oficial,Ranking por volume salvo na revisão anterior. Não representa a composição oficial do IBrX-100.
AMPLO_PROXY,2024,RAIZ4,2023-12-28,referencia_original/data/universo_ibrx_proxy.csv,proxy_volume_nao_oficial,Ranking por volume salvo na revisão anterior. Não representa a composição oficial do IBrX-100.
AMPLO_PROXY,2024,RDOR3,2023-12-28,referencia_original/data/universo_ibrx_proxy.csv,proxy_volume_nao_oficial,Ranking por volume salvo na revisão anterior. Não representa a composição oficial do IBrX-100.
AMPLO_PROXY,2024,RECV3,2023-12-28,referencia_original/data/universo_ibrx_proxy.csv,proxy_volume_nao_oficial,Ranking por volume salvo na revisão anterior. Não representa a composição oficial do IBrX-100.
AMPLO_PROXY,2024,RENT3,2023-12-28,referencia_original/data/universo_ibrx_proxy.csv,proxy_volume_nao_oficial,Ranking por volume salvo na revisão anterior. Não representa a composição oficial do IBrX-100.
AMPLO_PROXY,2024,RRRP3,2023-12-28,referencia_original/data/universo_ibrx_proxy.csv,proxy_volume_nao_oficial,Ranking por volume salvo na revisão anterior. Não representa a composição oficial do IBrX-100.
AMPLO_PROXY,2024,SANB11,2023-12-28,referencia_original/data/universo_ibrx_proxy.csv,proxy_volume_nao_oficial,Ranking por volume salvo na revisão anterior. Não representa a composição oficial do IBrX-100.
AMPLO_PROXY,2024,SBSP3,2023-12-28,referencia_original/data/universo_ibrx_proxy.csv,proxy_volume_nao_oficial,Ranking por volume salvo na revisão anterior. Não representa a composição oficial do IBrX-100.
AMPLO_PROXY,2024,SLCE3,2023-12-28,referencia_original/data/universo_ibrx_proxy.csv,proxy_volume_nao_oficial,Ranking por volume salvo na revisão anterior. Não representa a composição oficial do IBrX-100.
AMPLO_PROXY,2024,SMFT3,2023-12-28,referencia_original/data/universo_ibrx_proxy.csv,proxy_volume_nao_oficial,Ranking por volume salvo na revisão anterior. Não representa a composição oficial do IBrX-100.
AMPLO_PROXY,2024,SMTO3,2023-12-28,referencia_original/data/universo_ibrx_proxy.csv,proxy_volume_nao_oficial,Ranking por volume salvo na revisão anterior. Não representa a composição oficial do IBrX-100.
AMPLO_PROXY,2024,SOMA3,2023-12-28,referencia_original/data/universo_ibrx_proxy.csv,proxy_volume_nao_oficial,Ranking por volume salvo na revisão anterior. Não representa a composição oficial do IBrX-100.
AMPLO_PROXY,2024,STBP3,2023-12-28,referencia_original/data/universo_ibrx_proxy.csv,proxy_volume_nao_oficial,Ranking por volume salvo na revisão anterior. Não representa a composição oficial do IBrX-100.
AMPLO_PROXY,2024,SUZB3,2023-12-28,referencia_original/data/universo_ibrx_proxy.csv,proxy_volume_nao_oficial,Ranking por volume salvo na revisão anterior. Não representa a composição oficial do IBrX-100.
AMPLO_PROXY,2024,TAEE11,2023-12-28,referencia_original/data/universo_ibrx_proxy.csv,proxy_volume_nao_oficial,Ranking por volume salvo na revisão anterior. Não representa a composição oficial do IBrX-100.
AMPLO_PROXY,2024,TEND3,2023-12-28,referencia_original/data/universo_ibrx_proxy.csv,proxy_volume_nao_oficial,Ranking por volume salvo na revisão anterior. Não representa a composição oficial do IBrX-100.
AMPLO_PROXY,2024,TIMS3,2023-12-28,referencia_original/data/universo_ibrx_proxy.csv,proxy_volume_nao_oficial,Ranking por volume salvo na revisão anterior. Não representa a composição oficial do IBrX-100.
AMPLO_PROXY,2024,TOTS3,2023-12-28,referencia_original/data/universo_ibrx_proxy.csv,proxy_volume_nao_oficial,Ranking por volume salvo na revisão anterior. Não representa a composição oficial do IBrX-100.
AMPLO_PROXY,2024,TRPL4,2023-12-28,referencia_original/data/universo_ibrx_proxy.csv,proxy_volume_nao_oficial,Ranking por volume salvo na revisão anterior. Não representa a composição oficial do IBrX-100.
AMPLO_PROXY,2024,UGPA3,2023-12-28,referencia_original/data/universo_ibrx_proxy.csv,proxy_volume_nao_oficial,Ranking por volume salvo na revisão anterior. Não representa a composição oficial do IBrX-100.
AMPLO_PROXY,2024,USIM5,2023-12-28,referencia_original/data/universo_ibrx_proxy.csv,proxy_volume_nao_oficial,Ranking por volume salvo na revisão anterior. Não representa a composição oficial do IBrX-100.
AMPLO_PROXY,2024,VALE3,2023-12-28,referencia_original/data/universo_ibrx_proxy.csv,proxy_volume_nao_oficial,Ranking por volume salvo na revisão anterior. Não representa a composição oficial do IBrX-100.
AMPLO_PROXY,2024,VAMO3,2023-12-28,referencia_original/data/universo_ibrx_proxy.csv,proxy_volume_nao_oficial,Ranking por volume salvo na revisão anterior. Não representa a composição oficial do IBrX-100.
AMPLO_PROXY,2024,VBBR3,2023-12-28,referencia_original/data/universo_ibrx_proxy.csv,proxy_volume_nao_oficial,Ranking por volume salvo na revisão anterior. Não representa a composição oficial do IBrX-100.
AMPLO_PROXY,2024,VIVA3,2023-12-28,referencia_original/data/universo_ibrx_proxy.csv,proxy_volume_nao_oficial,Ranking por volume salvo na revisão anterior. Não representa a composição oficial do IBrX-100.
AMPLO_PROXY,2024,VIVT3,2023-12-28,referencia_original/data/universo_ibrx_proxy.csv,proxy_volume_nao_oficial,Ranking por volume salvo na revisão anterior. Não representa a composição oficial do IBrX-100.
AMPLO_PROXY,2024,WEGE3,2023-12-28,referencia_original/data/universo_ibrx_proxy.csv,proxy_volume_nao_oficial,Ranking por volume salvo na revisão anterior. Não representa a composição oficial do IBrX-100.
AMPLO_PROXY,2024,YDUQ3,2023-12-28,referencia_original/data/universo_ibrx_proxy.csv,proxy_volume_nao_oficial,Ranking por volume salvo na revisão anterior. Não representa a composição oficial do IBrX-100.
AMPLO_PROXY,2025,ABEV3,2024-12-30,referencia_original/data/universo_ibrx_proxy.csv,proxy_volume_nao_oficial,Ranking por volume salvo na revisão anterior. Não representa a composição oficial do IBrX-100.
AMPLO_PROXY,2025,ALOS3,2024-12-30,referencia_original/data/universo_ibrx_proxy.csv,proxy_volume_nao_oficial,Ranking por volume salvo na revisão anterior. Não representa a composição oficial do IBrX-100.
AMPLO_PROXY,2025,ALPA4,2024-12-30,referencia_original/data/universo_ibrx_proxy.csv,proxy_volume_nao_oficial,Ranking por volume salvo na revisão anterior. Não representa a composição oficial do IBrX-100.
AMPLO_PROXY,2025,ALUP11,2024-12-30,referencia_original/data/universo_ibrx_proxy.csv,proxy_volume_nao_oficial,Ranking por volume salvo na revisão anterior. Não representa a composição oficial do IBrX-100.
AMPLO_PROXY,2025,AMBP3,2024-12-30,referencia_original/data/universo_ibrx_proxy.csv,proxy_volume_nao_oficial,Ranking por volume salvo na revisão anterior. Não representa a composição oficial do IBrX-100.
AMPLO_PROXY,2025,ASAI3,2024-12-30,referencia_original/data/universo_ibrx_proxy.csv,proxy_volume_nao_oficial,Ranking por volume salvo na revisão anterior. Não representa a composição oficial do IBrX-100.
AMPLO_PROXY,2025,AURE3,2024-12-30,referencia_original/data/universo_ibrx_proxy.csv,proxy_volume_nao_oficial,Ranking por volume salvo na revisão anterior. Não representa a composição oficial do IBrX-100.
AMPLO_PROXY,2025,AZUL4,2024-12-30,referencia_original/data/universo_ibrx_proxy.csv,proxy_volume_nao_oficial,Ranking por volume salvo na revisão anterior. Não representa a composição oficial do IBrX-100.
AMPLO_PROXY,2025,AZZA3,2024-12-30,referencia_original/data/universo_ibrx_proxy.csv,proxy_volume_nao_oficial,Ranking por volume salvo na revisão anterior. Não representa a composição oficial do IBrX-100.
AMPLO_PROXY,2025,B3SA3,2024-12-30,referencia_original/data/universo_ibrx_proxy.csv,proxy_volume_nao_oficial,Ranking por volume salvo na revisão anterior. Não representa a composição oficial do IBrX-100.
AMPLO_PROXY,2025,BBAS3,2024-12-30,referencia_original/data/universo_ibrx_proxy.csv,proxy_volume_nao_oficial,Ranking por volume salvo na revisão anterior. Não representa a composição oficial do IBrX-100.
AMPLO_PROXY,2025,BBDC4,2024-12-30,referencia_original/data/universo_ibrx_proxy.csv,proxy_volume_nao_oficial,Ranking por volume salvo na revisão anterior. Não representa a composição oficial do IBrX-100.
AMPLO_PROXY,2025,BBSE3,2024-12-30,referencia_original/data/universo_ibrx_proxy.csv,proxy_volume_nao_oficial,Ranking por volume salvo na revisão anterior. Não representa a composição oficial do IBrX-100.
AMPLO_PROXY,2025,BEEF3,2024-12-30,referencia_original/data/universo_ibrx_proxy.csv,proxy_volume_nao_oficial,Ranking por volume salvo na revisão anterior. Não representa a composição oficial do IBrX-100.
AMPLO_PROXY,2025,BHIA3,2024-12-30,referencia_original/data/universo_ibrx_proxy.csv,proxy_volume_nao_oficial,Ranking por volume salvo na revisão anterior. Não representa a composição oficial do IBrX-100.
AMPLO_PROXY,2025,BPAC11,2024-12-30,referencia_original/data/universo_ibrx_proxy.csv,proxy_volume_nao_oficial,Ranking por volume salvo na revisão anterior. Não representa a composição oficial do IBrX-100.
AMPLO_PROXY,2025,BRAP4,2024-12-30,referencia_original/data/universo_ibrx_proxy.csv,proxy_volume_nao_oficial,Ranking por volume salvo na revisão anterior. Não representa a composição oficial do IBrX-100.
AMPLO_PROXY,2025,BRFS3,2024-12-30,referencia_original/data/universo_ibrx_proxy.csv,proxy_volume_nao_oficial,Ranking por volume salvo na revisão anterior. Não representa a composição oficial do IBrX-100.
AMPLO_PROXY,2025,BRKM5,2024-12-30,referencia_original/data/universo_ibrx_proxy.csv,proxy_volume_nao_oficial,Ranking por volume salvo na revisão anterior. Não representa a composição oficial do IBrX-100.
AMPLO_PROXY,2025,CCRO3,2024-12-30,referencia_original/data/universo_ibrx_proxy.csv,proxy_volume_nao_oficial,Ranking por volume salvo na revisão anterior. Não representa a composição oficial do IBrX-100.
AMPLO_PROXY,2025,CEAB3,2024-12-30,referencia_original/data/universo_ibrx_proxy.csv,proxy_volume_nao_oficial,Ranking por volume salvo na revisão anterior. Não representa a composição oficial do IBrX-100.
AMPLO_PROXY,2025,CMIG4,2024-12-30,referencia_original/data/universo_ibrx_proxy.csv,proxy_volume_nao_oficial,Ranking por volume salvo na revisão anterior. Não representa a composição oficial do IBrX-100.
AMPLO_PROXY,2025,CMIN3,2024-12-30,referencia_original/data/universo_ibrx_proxy.csv,proxy_volume_nao_oficial,Ranking por volume salvo na revisão anterior. Não representa a composição oficial do IBrX-100.
AMPLO_PROXY,2025,COGN3,2024-12-30,referencia_original/data/universo_ibrx_proxy.csv,proxy_volume_nao_oficial,Ranking por volume salvo na revisão anterior. Não representa a composição oficial do IBrX-100.
AMPLO_PROXY,2025,CPFE3,2024-12-30,referencia_original/data/universo_ibrx_proxy.csv,proxy_volume_nao_oficial,Ranking por volume salvo na revisão anterior. Não representa a composição oficial do IBrX-100.
AMPLO_PROXY,2025,CPLE6,2024-12-30,referencia_original/data/universo_ibrx_proxy.csv,proxy_volume_nao_oficial,Ranking por volume salvo na revisão anterior. Não representa a composição oficial do IBrX-100.
AMPLO_PROXY,2025,CRFB3,2024-12-30,referencia_original/data/universo_ibrx_proxy.csv,proxy_volume_nao_oficial,Ranking por volume salvo na revisão anterior. Não representa a composição oficial do IBrX-100.
AMPLO_PROXY,2025,CSAN3,2024-12-30,referencia_original/data/universo_ibrx_proxy.csv,proxy_volume_nao_oficial,Ranking por volume salvo na revisão anterior. Não representa a composição oficial do IBrX-100.
AMPLO_PROXY,2025,CSMG3,2024-12-30,referencia_original/data/universo_ibrx_proxy.csv,proxy_volume_nao_oficial,Ranking por volume salvo na revisão anterior. Não representa a composição oficial do IBrX-100.
AMPLO_PROXY,2025,CSNA3,2024-12-30,referencia_original/data/universo_ibrx_proxy.csv,proxy_volume_nao_oficial,Ranking por volume salvo na revisão anterior. Não representa a composição oficial do IBrX-100.
AMPLO_PROXY,2025,CURY3,2024-12-30,referencia_original/data/universo_ibrx_proxy.csv,proxy_volume_nao_oficial,Ranking por volume salvo na revisão anterior. Não representa a composição oficial do IBrX-100.
AMPLO_PROXY,2025,CVCB3,2024-12-30,referencia_original/data/universo_ibrx_proxy.csv,proxy_volume_nao_oficial,Ranking por volume salvo na revisão anterior. Não representa a composição oficial do IBrX-100.
AMPLO_PROXY,2025,CXSE3,2024-12-30,referencia_original/data/universo_ibrx_proxy.csv,proxy_volume_nao_oficial,Ranking por volume salvo na revisão anterior. Não representa a composição oficial do IBrX-100.
AMPLO_PROXY,2025,CYRE3,2024-12-30,referencia_original/data/universo_ibrx_proxy.csv,proxy_volume_nao_oficial,Ranking por volume salvo na revisão anterior. Não representa a composição oficial do IBrX-100.
AMPLO_PROXY,2025,DIRR3,2024-12-30,referencia_original/data/universo_ibrx_proxy.csv,proxy_volume_nao_oficial,Ranking por volume salvo na revisão anterior. Não representa a composição oficial do IBrX-100.
AMPLO_PROXY,2025,ECOR3,2024-12-30,referencia_original/data/universo_ibrx_proxy.csv,proxy_volume_nao_oficial,Ranking por volume salvo na revisão anterior. Não representa a composição oficial do IBrX-100.
AMPLO_PROXY,2025,EGIE3,2024-12-30,referencia_original/data/universo_ibrx_proxy.csv,proxy_volume_nao_oficial,Ranking por volume salvo na revisão anterior. Não representa a composição oficial do IBrX-100.
AMPLO_PROXY,2025,ELET3,2024-12-30,referencia_original/data/universo_ibrx_proxy.csv,proxy_volume_nao_oficial,Ranking por volume salvo na revisão anterior. Não representa a composição oficial do IBrX-100.
AMPLO_PROXY,2025,EMBR3,2024-12-30,referencia_original/data/universo_ibrx_proxy.csv,proxy_volume_nao_oficial,Ranking por volume salvo na revisão anterior. Não representa a composição oficial do IBrX-100.
AMPLO_PROXY,2025,ENEV3,2024-12-30,referencia_original/data/universo_ibrx_proxy.csv,proxy_volume_nao_oficial,Ranking por volume salvo na revisão anterior. Não representa a composição oficial do IBrX-100.
AMPLO_PROXY,2025,ENGI11,2024-12-30,referencia_original/data/universo_ibrx_proxy.csv,proxy_volume_nao_oficial,Ranking por volume salvo na revisão anterior. Não representa a composição oficial do IBrX-100.
AMPLO_PROXY,2025,EQTL3,2024-12-30,referencia_original/data/universo_ibrx_proxy.csv,proxy_volume_nao_oficial,Ranking por volume salvo na revisão anterior. Não representa a composição oficial do IBrX-100.
AMPLO_PROXY,2025,EZTC3,2024-12-30,referencia_original/data/universo_ibrx_proxy.csv,proxy_volume_nao_oficial,Ranking por volume salvo na revisão anterior. Não representa a composição oficial do IBrX-100.
AMPLO_PROXY,2025,FLRY3,2024-12-30,referencia_original/data/universo_ibrx_proxy.csv,proxy_volume_nao_oficial,Ranking por volume salvo na revisão anterior. Não representa a composição oficial do IBrX-100.
AMPLO_PROXY,2025,GGBR4,2024-12-30,referencia_original/data/universo_ibrx_proxy.csv,proxy_volume_nao_oficial,Ranking por volume salvo na revisão anterior. Não representa a composição oficial do IBrX-100.
AMPLO_PROXY,2025,GGPS3,2024-12-30,referencia_original/data/universo_ibrx_proxy.csv,proxy_volume_nao_oficial,Ranking por volume salvo na revisão anterior. Não representa a composição oficial do IBrX-100.
AMPLO_PROXY,2025,GMAT3,2024-12-30,referencia_original/data/universo_ibrx_proxy.csv,proxy_volume_nao_oficial,Ranking por volume salvo na revisão anterior. Não representa a composição oficial do IBrX-100.
AMPLO_PROXY,2025,GOAU4,2024-12-30,referencia_original/data/universo_ibrx_proxy.csv,proxy_volume_nao_oficial,Ranking por volume salvo na revisão anterior. Não representa a composição oficial do IBrX-100.
AMPLO_PROXY,2025,HAPV3,2024-12-30,referencia_original/data/universo_ibrx_proxy.csv,proxy_volume_nao_oficial,Ranking por volume salvo na revisão anterior. Não representa a composição oficial do IBrX-100.
AMPLO_PROXY,2025,HYPE3,2024-12-30,referencia_original/data/universo_ibrx_proxy.csv,proxy_volume_nao_oficial,Ranking por volume salvo na revisão anterior. Não representa a composição oficial do IBrX-100.
AMPLO_PROXY,2025,IGTI11,2024-12-30,referencia_original/data/universo_ibrx_proxy.csv,proxy_volume_nao_oficial,Ranking por volume salvo na revisão anterior. Não representa a composição oficial do IBrX-100.
AMPLO_PROXY,2025,IRBR3,2024-12-30,referencia_original/data/universo_ibrx_proxy.csv,proxy_volume_nao_oficial,Ranking por volume salvo na revisão anterior. Não representa a composição oficial do IBrX-100.
AMPLO_PROXY,2025,ITSA4,2024-12-30,referencia_original/data/universo_ibrx_proxy.csv,proxy_volume_nao_oficial,Ranking por volume salvo na revisão anterior. Não representa a composição oficial do IBrX-100.
AMPLO_PROXY,2025,ITUB4,2024-12-30,referencia_original/data/universo_ibrx_proxy.csv,proxy_volume_nao_oficial,Ranking por volume salvo na revisão anterior. Não representa a composição oficial do IBrX-100.
AMPLO_PROXY,2025,JBSS3,2024-12-30,referencia_original/data/universo_ibrx_proxy.csv,proxy_volume_nao_oficial,Ranking por volume salvo na revisão anterior. Não representa a composição oficial do IBrX-100.
AMPLO_PROXY,2025,KLBN11,2024-12-30,referencia_original/data/universo_ibrx_proxy.csv,proxy_volume_nao_oficial,Ranking por volume salvo na revisão anterior. Não representa a composição oficial do IBrX-100.
AMPLO_PROXY,2025,LREN3,2024-12-30,referencia_original/data/universo_ibrx_proxy.csv,proxy_volume_nao_oficial,Ranking por volume salvo na revisão anterior. Não representa a composição oficial do IBrX-100.
AMPLO_PROXY,2025,LWSA3,2024-12-30,referencia_original/data/universo_ibrx_proxy.csv,proxy_volume_nao_oficial,Ranking por volume salvo na revisão anterior. Não representa a composição oficial do IBrX-100.
AMPLO_PROXY,2025,MDIA3,2024-12-30,referencia_original/data/universo_ibrx_proxy.csv,proxy_volume_nao_oficial,Ranking por volume salvo na revisão anterior. Não representa a composição oficial do IBrX-100.
AMPLO_PROXY,2025,MGLU3,2024-12-30,referencia_original/data/universo_ibrx_proxy.csv,proxy_volume_nao_oficial,Ranking por volume salvo na revisão anterior. Não representa a composição oficial do IBrX-100.
AMPLO_PROXY,2025,MOVI3,2024-12-30,referencia_original/data/universo_ibrx_proxy.csv,proxy_volume_nao_oficial,Ranking por volume salvo na revisão anterior. Não representa a composição oficial do IBrX-100.
AMPLO_PROXY,2025,MRFG3,2024-12-30,referencia_original/data/universo_ibrx_proxy.csv,proxy_volume_nao_oficial,Ranking por volume salvo na revisão anterior. Não representa a composição oficial do IBrX-100.
AMPLO_PROXY,2025,MRVE3,2024-12-30,referencia_original/data/universo_ibrx_proxy.csv,proxy_volume_nao_oficial,Ranking por volume salvo na revisão anterior. Não representa a composição oficial do IBrX-100.
AMPLO_PROXY,2025,MULT3,2024-12-30,referencia_original/data/universo_ibrx_proxy.csv,proxy_volume_nao_oficial,Ranking por volume salvo na revisão anterior. Não representa a composição oficial do IBrX-100.
AMPLO_PROXY,2025,NTCO3,2024-12-30,referencia_original/data/universo_ibrx_proxy.csv,proxy_volume_nao_oficial,Ranking por volume salvo na revisão anterior. Não representa a composição oficial do IBrX-100.
AMPLO_PROXY,2025,ONCO3,2024-12-30,referencia_original/data/universo_ibrx_proxy.csv,proxy_volume_nao_oficial,Ranking por volume salvo na revisão anterior. Não representa a composição oficial do IBrX-100.
AMPLO_PROXY,2025,PCAR3,2024-12-30,referencia_original/data/universo_ibrx_proxy.csv,proxy_volume_nao_oficial,Ranking por volume salvo na revisão anterior. Não representa a composição oficial do IBrX-100.
AMPLO_PROXY,2025,PETR4,2024-12-30,referencia_original/data/universo_ibrx_proxy.csv,proxy_volume_nao_oficial,Ranking por volume salvo na revisão anterior. Não representa a composição oficial do IBrX-100.
AMPLO_PROXY,2025,PETZ3,2024-12-30,referencia_original/data/universo_ibrx_proxy.csv,proxy_volume_nao_oficial,Ranking por volume salvo na revisão anterior. Não representa a composição oficial do IBrX-100.
AMPLO_PROXY,2025,POMO4,2024-12-30,referencia_original/data/universo_ibrx_proxy.csv,proxy_volume_nao_oficial,Ranking por volume salvo na revisão anterior. Não representa a composição oficial do IBrX-100.
AMPLO_PROXY,2025,PRIO3,2024-12-30,referencia_original/data/universo_ibrx_proxy.csv,proxy_volume_nao_oficial,Ranking por volume salvo na revisão anterior. Não representa a composição oficial do IBrX-100.
AMPLO_PROXY,2025,PSSA3,2024-12-30,referencia_original/data/universo_ibrx_proxy.csv,proxy_volume_nao_oficial,Ranking por volume salvo na revisão anterior. Não representa a composição oficial do IBrX-100.
AMPLO_PROXY,2025,RADL3,2024-12-30,referencia_original/data/universo_ibrx_proxy.csv,proxy_volume_nao_oficial,Ranking por volume salvo na revisão anterior. Não representa a composição oficial do IBrX-100.
AMPLO_PROXY,2025,RAIL3,2024-12-30,referencia_original/data/universo_ibrx_proxy.csv,proxy_volume_nao_oficial,Ranking por volume salvo na revisão anterior. Não representa a composição oficial do IBrX-100.
AMPLO_PROXY,2025,RAIZ4,2024-12-30,referencia_original/data/universo_ibrx_proxy.csv,proxy_volume_nao_oficial,Ranking por volume salvo na revisão anterior. Não representa a composição oficial do IBrX-100.
AMPLO_PROXY,2025,RDOR3,2024-12-30,referencia_original/data/universo_ibrx_proxy.csv,proxy_volume_nao_oficial,Ranking por volume salvo na revisão anterior. Não representa a composição oficial do IBrX-100.
AMPLO_PROXY,2025,RECV3,2024-12-30,referencia_original/data/universo_ibrx_proxy.csv,proxy_volume_nao_oficial,Ranking por volume salvo na revisão anterior. Não representa a composição oficial do IBrX-100.
AMPLO_PROXY,2025,RENT3,2024-12-30,referencia_original/data/universo_ibrx_proxy.csv,proxy_volume_nao_oficial,Ranking por volume salvo na revisão anterior. Não representa a composição oficial do IBrX-100.
AMPLO_PROXY,2025,SANB11,2024-12-30,referencia_original/data/universo_ibrx_proxy.csv,proxy_volume_nao_oficial,Ranking por volume salvo na revisão anterior. Não representa a composição oficial do IBrX-100.
AMPLO_PROXY,2025,SAPR11,2024-12-30,referencia_original/data/universo_ibrx_proxy.csv,proxy_volume_nao_oficial,Ranking por volume salvo na revisão anterior. Não representa a composição oficial do IBrX-100.
AMPLO_PROXY,2025,SBFG3,2024-12-30,referencia_original/data/universo_ibrx_proxy.csv,proxy_volume_nao_oficial,Ranking por volume salvo na revisão anterior. Não representa a composição oficial do IBrX-100.
AMPLO_PROXY,2025,SBSP3,2024-12-30,referencia_original/data/universo_ibrx_proxy.csv,proxy_volume_nao_oficial,Ranking por volume salvo na revisão anterior. Não representa a composição oficial do IBrX-100.
AMPLO_PROXY,2025,SLCE3,2024-12-30,referencia_original/data/universo_ibrx_proxy.csv,proxy_volume_nao_oficial,Ranking por volume salvo na revisão anterior. Não representa a composição oficial do IBrX-100.
AMPLO_PROXY,2025,SMFT3,2024-12-30,referencia_original/data/universo_ibrx_proxy.csv,proxy_volume_nao_oficial,Ranking por volume salvo na revisão anterior. Não representa a composição oficial do IBrX-100.
AMPLO_PROXY,2025,SMTO3,2024-12-30,referencia_original/data/universo_ibrx_proxy.csv,proxy_volume_nao_oficial,Ranking por volume salvo na revisão anterior. Não representa a composição oficial do IBrX-100.
AMPLO_PROXY,2025,STBP3,2024-12-30,referencia_original/data/universo_ibrx_proxy.csv,proxy_volume_nao_oficial,Ranking por volume salvo na revisão anterior. Não representa a composição oficial do IBrX-100.
AMPLO_PROXY,2025,SUZB3,2024-12-30,referencia_original/data/universo_ibrx_proxy.csv,proxy_volume_nao_oficial,Ranking por volume salvo na revisão anterior. Não representa a composição oficial do IBrX-100.
AMPLO_PROXY,2025,TAEE11,2024-12-30,referencia_original/data/universo_ibrx_proxy.csv,proxy_volume_nao_oficial,Ranking por volume salvo na revisão anterior. Não representa a composição oficial do IBrX-100.
AMPLO_PROXY,2025,TEND3,2024-12-30,referencia_original/data/universo_ibrx_proxy.csv,proxy_volume_nao_oficial,Ranking por volume salvo na revisão anterior. Não representa a composição oficial do IBrX-100.
AMPLO_PROXY,2025,TIMS3,2024-12-30,referencia_original/data/universo_ibrx_proxy.csv,proxy_volume_nao_oficial,Ranking por volume salvo na revisão anterior. Não representa a composição oficial do IBrX-100.
AMPLO_PROXY,2025,TOTS3,2024-12-30,referencia_original/data/universo_ibrx_proxy.csv,proxy_volume_nao_oficial,Ranking por volume salvo na revisão anterior. Não representa a composição oficial do IBrX-100.
AMPLO_PROXY,2025,UGPA3,2024-12-30,referencia_original/data/universo_ibrx_proxy.csv,proxy_volume_nao_oficial,Ranking por volume salvo na revisão anterior. Não representa a composição oficial do IBrX-100.
AMPLO_PROXY,2025,USIM5,2024-12-30,referencia_original/data/universo_ibrx_proxy.csv,proxy_volume_nao_oficial,Ranking por volume salvo na revisão anterior. Não representa a composição oficial do IBrX-100.
AMPLO_PROXY,2025,VALE3,2024-12-30,referencia_original/data/universo_ibrx_proxy.csv,proxy_volume_nao_oficial,Ranking por volume salvo na revisão anterior. Não representa a composição oficial do IBrX-100.
AMPLO_PROXY,2025,VAMO3,2024-12-30,referencia_original/data/universo_ibrx_proxy.csv,proxy_volume_nao_oficial,Ranking por volume salvo na revisão anterior. Não representa a composição oficial do IBrX-100.
AMPLO_PROXY,2025,VBBR3,2024-12-30,referencia_original/data/universo_ibrx_proxy.csv,proxy_volume_nao_oficial,Ranking por volume salvo na revisão anterior. Não representa a composição oficial do IBrX-100.
AMPLO_PROXY,2025,VIVA3,2024-12-30,referencia_original/data/universo_ibrx_proxy.csv,proxy_volume_nao_oficial,Ranking por volume salvo na revisão anterior. Não representa a composição oficial do IBrX-100.
AMPLO_PROXY,2025,VIVT3,2024-12-30,referencia_original/data/universo_ibrx_proxy.csv,proxy_volume_nao_oficial,Ranking por volume salvo na revisão anterior. Não representa a composição oficial do IBrX-100.
AMPLO_PROXY,2025,WEGE3,2024-12-30,referencia_original/data/universo_ibrx_proxy.csv,proxy_volume_nao_oficial,Ranking por volume salvo na revisão anterior. Não representa a composição oficial do IBrX-100.
AMPLO_PROXY,2025,YDUQ3,2024-12-30,referencia_original/data/universo_ibrx_proxy.csv,proxy_volume_nao_oficial,Ranking por volume salvo na revisão anterior. Não representa a composição oficial do IBrX-100.
