Universo,Estrategia,Ano,Ticker,Setor,Peso,Data_sinal,Data_execucao
AMPLO_PROXY,Momentum,2016,KLBN11,madeira-papel,0.1,2015-12-30,2016-01-04
AMPLO_PROXY,Momentum,2016,BRKM5,químico,0.1,2015-12-30,2016-01-04
AMPLO_PROXY,Momentum,2016,SULA11,seguro,0.1,2015-12-30,2016-01-04
AMPLO_PROXY,Momentum,2016,RADL3,saúde,0.1,2015-12-30,2016-01-04
AMPLO_PROXY,Momentum,2016,BEEF3,proteína,0.1,2015-12-30,2016-01-04
AMPLO_PROXY,Momentum,2016,ENBR3,energia,0.1,2015-12-30,2016-01-04
AMPLO_PROXY,Momentum,2016,SANB11,banco,0.1,2015-12-30,2016-01-04
AMPLO_PROXY,Momentum,2016,HYPE3,saúde,0.1,2015-12-30,2016-01-04
AMPLO_PROXY,Momentum,2016,EQTL3,energia,0.1,2015-12-30,2016-01-04
AMPLO_PROXY,Momentum,2016,SMTO3,agrícola,0.1,2015-12-30,2016-01-04
AMPLO_PROXY,Baixa_Vol,2016,SUZB3,madeira-papel,0.1,2015-12-30,2016-01-04
AMPLO_PROXY,Baixa_Vol,2016,ABEV3,indústria,0.1,2015-12-30,2016-01-04
AMPLO_PROXY,Baixa_Vol,2016,UGPA3,químico,0.1,2015-12-30,2016-01-04
AMPLO_PROXY,Baixa_Vol,2016,TAEE11,energia,0.1,2015-12-30,2016-01-04
AMPLO_PROXY,Baixa_Vol,2016,LEVE3,indústria,0.1,2015-12-30,2016-01-04
AMPLO_PROXY,Baixa_Vol,2016,BRFS3,proteína,0.1,2015-12-30,2016-01-04
AMPLO_PROXY,Baixa_Vol,2016,KLBN11,madeira-papel,0.1,2015-12-30,2016-01-04
AMPLO_PROXY,Baixa_Vol,2016,WEGE3,indústria,0.1,2015-12-30,2016-01-04
AMPLO_PROXY,Baixa_Vol,2016,CIEL3,tecnologia,0.1,2015-12-30,2016-01-04
AMPLO_PROXY,Baixa_Vol,2016,EQTL3,energia,0.1,2015-12-30,2016-01-04
AMPLO_PROXY,Valor,2016,GOAU4,siderurgico,0.1,2015-12-30,2016-01-04
AMPLO_PROXY,Valor,2016,RSID3,construção,0.1,2015-12-30,2016-01-04
AMPLO_PROXY,Valor,2016,OIBR4,telecom,0.1,2015-12-30,2016-01-04
AMPLO_PROXY,Valor,2016,USIM5,siderurgico,0.1,2015-12-30,2016-01-04
AMPLO_PROXY,Valor,2016,RLOG3,transporte,0.1,2015-12-30,2016-01-04
AMPLO_PROXY,Valor,2016,BRAP4,mineração,0.1,2015-12-30,2016-01-04
AMPLO_PROXY,Valor,2016,GGBR4,siderurgico,0.1,2015-12-30,2016-01-04
AMPLO_PROXY,Valor,2016,TCSA3,construção,0.1,2015-12-30,2016-01-04
AMPLO_PROXY,Valor,2016,GFSA3,construção,0.1,2015-12-30,2016-01-04
AMPLO_PROXY,Valor,2016,DIRR3,construção,0.1,2015-12-30,2016-01-04
AMPLO_PROXY,Qualidade,2016,BBSE3,seguro,0.1,2015-12-30,2016-01-04
AMPLO_PROXY,Qualidade,2016,CVCB3,consumo,0.1,2015-12-30,2016-01-04
AMPLO_PROXY,Qualidade,2016,ABEV3,indústria,0.1,2015-12-30,2016-01-04
AMPLO_PROXY,Qualidade,2016,LREN3,varejo,0.1,2015-12-30,2016-01-04
AMPLO_PROXY,Qualidade,2016,HGTX3,consumo,0.1,2015-12-30,2016-01-04
AMPLO_PROXY,Qualidade,2016,BRKM5,químico,0.1,2015-12-30,2016-01-04
AMPLO_PROXY,Qualidade,2016,SEER3,educação,0.1,2015-12-30,2016-01-04
AMPLO_PROXY,Qualidade,2016,CMIG4,energia,0.1,2015-12-30,2016-01-04
AMPLO_PROXY,Qualidade,2016,ITSA4,financeiro,0.1,2015-12-30,2016-01-04
AMPLO_PROXY,Qualidade,2016,NATU3,consumo,0.1,2015-12-30,2016-01-04
AMPLO_PROXY,Multifator,2016,ENBR3,energia,0.1,2015-12-30,2016-01-04
AMPLO_PROXY,Multifator,2016,B3SA3,financeiro,0.1,2015-12-30,2016-01-04
AMPLO_PROXY,Multifator,2016,TAEE11,energia,0.1,2015-12-30,2016-01-04
AMPLO_PROXY,Multifator,2016,EQTL3,energia,0.1,2015-12-30,2016-01-04
AMPLO_PROXY,Multifator,2016,ABEV3,indústria,0.1,2015-12-30,2016-01-04
AMPLO_PROXY,Multifator,2016,ITSA4,financeiro,0.1,2015-12-30,2016-01-04
AMPLO_PROXY,Multifator,2016,LEVE3,indústria,0.1,2015-12-30,2016-01-04
AMPLO_PROXY,Multifator,2016,GRND3,consumo,0.1,2015-12-30,2016-01-04
AMPLO_PROXY,Multifator,2016,UGPA3,químico,0.1,2015-12-30,2016-01-04
AMPLO_PROXY,Multifator,2016,RADL3,saúde,0.1,2015-12-30,2016-01-04
AMPLO_PROXY,Uniao_TCC,2016,ABEV3,indústria,0.027777777777777776,2015-12-30,2016-01-04
AMPLO_PROXY,Uniao_TCC,2016,BBSE3,seguro,0.027777777777777776,2015-12-30,2016-01-04
AMPLO_PROXY,Uniao_TCC,2016,BEEF3,proteína,0.027777777777777776,2015-12-30,2016-01-04
AMPLO_PROXY,Uniao_TCC,2016,BRAP4,mineração,0.027777777777777776,2015-12-30,2016-01-04
AMPLO_PROXY,Uniao_TCC,2016,BRFS3,proteína,0.027777777777777776,2015-12-30,2016-01-04
AMPLO_PROXY,Uniao_TCC,2016,BRKM5,químico,0.027777777777777776,2015-12-30,2016-01-04
AMPLO_PROXY,Uniao_TCC,2016,CIEL3,tecnologia,0.027777777777777776,2015-12-30,2016-01-04
AMPLO_PROXY,Uniao_TCC,2016,CMIG4,energia,0.027777777777777776,2015-12-30,2016-01-04
AMPLO_PROXY,Uniao_TCC,2016,CVCB3,consumo,0.027777777777777776,2015-12-30,2016-01-04
AMPLO_PROXY,Uniao_TCC,2016,DIRR3,construção,0.027777777777777776,2015-12-30,2016-01-04
AMPLO_PROXY,Uniao_TCC,2016,ENBR3,energia,0.027777777777777776,2015-12-30,2016-01-04
AMPLO_PROXY,Uniao_TCC,2016,EQTL3,energia,0.027777777777777776,2015-12-30,2016-01-04
AMPLO_PROXY,Uniao_TCC,2016,GFSA3,construção,0.027777777777777776,2015-12-30,2016-01-04
AMPLO_PROXY,Uniao_TCC,2016,GGBR4,siderurgico,0.027777777777777776,2015-12-30,2016-01-04
AMPLO_PROXY,Uniao_TCC,2016,GOAU4,siderurgico,0.027777777777777776,2015-12-30,2016-01-04
AMPLO_PROXY,Uniao_TCC,2016,HGTX3,consumo,0.027777777777777776,2015-12-30,2016-01-04
AMPLO_PROXY,Uniao_TCC,2016,HYPE3,saúde,0.027777777777777776,2015-12-30,2016-01-04
AMPLO_PROXY,Uniao_TCC,2016,ITSA4,financeiro,0.027777777777777776,2015-12-30,2016-01-04
AMPLO_PROXY,Uniao_TCC,2016,KLBN11,madeira-papel,0.027777777777777776,2015-12-30,2016-01-04
AMPLO_PROXY,Uniao_TCC,2016,LEVE3,indústria,0.027777777777777776,2015-12-30,2016-01-04
AMPLO_PROXY,Uniao_TCC,2016,LREN3,varejo,0.027777777777777776,2015-12-30,2016-01-04
AMPLO_PROXY,Uniao_TCC,2016,NATU3,consumo,0.027777777777777776,2015-12-30,2016-01-04
AMPLO_PROXY,Uniao_TCC,2016,OIBR4,telecom,0.027777777777777776,2015-12-30,2016-01-04
AMPLO_PROXY,Uniao_TCC,2016,RADL3,saúde,0.027777777777777776,2015-12-30,2016-01-04
AMPLO_PROXY,Uniao_TCC,2016,RLOG3,transporte,0.027777777777777776,2015-12-30,2016-01-04
AMPLO_PROXY,Uniao_TCC,2016,RSID3,construção,0.027777777777777776,2015-12-30,2016-01-04
AMPLO_PROXY,Uniao_TCC,2016,SANB11,banco,0.027777777777777776,2015-12-30,2016-01-04
AMPLO_PROXY,Uniao_TCC,2016,SEER3,educação,0.027777777777777776,2015-12-30,2016-01-04
AMPLO_PROXY,Uniao_TCC,2016,SMTO3,agrícola,0.027777777777777776,2015-12-30,2016-01-04
AMPLO_PROXY,Uniao_TCC,2016,SULA11,seguro,0.027777777777777776,2015-12-30,2016-01-04
AMPLO_PROXY,Uniao_TCC,2016,SUZB3,madeira-papel,0.027777777777777776,2015-12-30,2016-01-04
AMPLO_PROXY,Uniao_TCC,2016,TAEE11,energia,0.027777777777777776,2015-12-30,2016-01-04
AMPLO_PROXY,Uniao_TCC,2016,TCSA3,construção,0.027777777777777776,2015-12-30,2016-01-04
AMPLO_PROXY,Uniao_TCC,2016,UGPA3,químico,0.027777777777777776,2015-12-30,2016-01-04
AMPLO_PROXY,Uniao_TCC,2016,USIM5,siderurgico,0.027777777777777776,2015-12-30,2016-01-04
AMPLO_PROXY,Uniao_TCC,2016,WEGE3,indústria,0.027777777777777776,2015-12-30,2016-01-04
AMPLO_PROXY,Universo_EW,2016,ABCB4,banco,0.010638297872340425,2015-12-30,2016-01-04
AMPLO_PROXY,Universo_EW,2016,ABEV3,indústria,0.010638297872340425,2015-12-30,2016-01-04
AMPLO_PROXY,Universo_EW,2016,ALPA4,consumo,0.010638297872340425,2015-12-30,2016-01-04
AMPLO_PROXY,Universo_EW,2016,ALUP11,energia,0.010638297872340425,2015-12-30,2016-01-04
AMPLO_PROXY,Universo_EW,2016,AMER3,varejo,0.010638297872340425,2015-12-30,2016-01-04
AMPLO_PROXY,Universo_EW,2016,ANIM3,educação,0.010638297872340425,2015-12-30,2016-01-04
AMPLO_PROXY,Universo_EW,2016,AZZA3,consumo,0.010638297872340425,2015-12-30,2016-01-04
AMPLO_PROXY,Universo_EW,2016,B3SA3,financeiro,0.010638297872340425,2015-12-30,2016-01-04
AMPLO_PROXY,Universo_EW,2016,BBAS3,banco,0.010638297872340425,2015-12-30,2016-01-04
AMPLO_PROXY,Universo_EW,2016,BBDC4,banco,0.010638297872340425,2015-12-30,2016-01-04
AMPLO_PROXY,Universo_EW,2016,BBSE3,seguro,0.010638297872340425,2015-12-30,2016-01-04
AMPLO_PROXY,Universo_EW,2016,BEEF3,proteína,0.010638297872340425,2015-12-30,2016-01-04
AMPLO_PROXY,Universo_EW,2016,BRAP4,mineração,0.010638297872340425,2015-12-30,2016-01-04
AMPLO_PROXY,Universo_EW,2016,BRFS3,proteína,0.010638297872340425,2015-12-30,2016-01-04
AMPLO_PROXY,Universo_EW,2016,BRKM5,químico,0.010638297872340425,2015-12-30,2016-01-04
AMPLO_PROXY,Universo_EW,2016,BRML3,shopping,0.010638297872340425,2015-12-30,2016-01-04
AMPLO_PROXY,Universo_EW,2016,BRPR3,shopping,0.010638297872340425,2015-12-30,2016-01-04
AMPLO_PROXY,Universo_EW,2016,BRSR6,banco,0.010638297872340425,2015-12-30,2016-01-04
AMPLO_PROXY,Universo_EW,2016,CESP6,energia,0.010638297872340425,2015-12-30,2016-01-04
AMPLO_PROXY,Universo_EW,2016,CIEL3,tecnologia,0.010638297872340425,2015-12-30,2016-01-04
AMPLO_PROXY,Universo_EW,2016,CMIG4,energia,0.010638297872340425,2015-12-30,2016-01-04
AMPLO_PROXY,Universo_EW,2016,COGN3,educação,0.010638297872340425,2015-12-30,2016-01-04
AMPLO_PROXY,Universo_EW,2016,CPFE3,energia,0.010638297872340425,2015-12-30,2016-01-04
AMPLO_PROXY,Universo_EW,2016,CPLE6,energia,0.010638297872340425,2015-12-30,2016-01-04
AMPLO_PROXY,Universo_EW,2016,CSAN3,químico,0.010638297872340425,2015-12-30,2016-01-04
AMPLO_PROXY,Universo_EW,2016,CSMG3,saneamento,0.010638297872340425,2015-12-30,2016-01-04
AMPLO_PROXY,Universo_EW,2016,CSNA3,siderurgico,0.010638297872340425,2015-12-30,2016-01-04
AMPLO_PROXY,Universo_EW,2016,CVCB3,consumo,0.010638297872340425,2015-12-30,2016-01-04
AMPLO_PROXY,Universo_EW,2016,CYRE3,construção,0.010638297872340425,2015-12-30,2016-01-04
AMPLO_PROXY,Universo_EW,2016,DIRR3,construção,0.010638297872340425,2015-12-30,2016-01-04
AMPLO_PROXY,Universo_EW,2016,DXCO3,madeira-papel,0.010638297872340425,2015-12-30,2016-01-04
AMPLO_PROXY,Universo_EW,2016,ECOR3,transporte,0.010638297872340425,2015-12-30,2016-01-04
AMPLO_PROXY,Universo_EW,2016,EMBJ3,indústria,0.010638297872340425,2015-12-30,2016-01-04
AMPLO_PROXY,Universo_EW,2016,ENAT3,petróleo,0.010638297872340425,2015-12-30,2016-01-04
AMPLO_PROXY,Universo_EW,2016,ENBR3,energia,0.010638297872340425,2015-12-30,2016-01-04
AMPLO_PROXY,Universo_EW,2016,EQTL3,energia,0.010638297872340425,2015-12-30,2016-01-04
AMPLO_PROXY,Universo_EW,2016,EVEN3,construção,0.010638297872340425,2015-12-30,2016-01-04
AMPLO_PROXY,Universo_EW,2016,EZTC3,construção,0.010638297872340425,2015-12-30,2016-01-04
AMPLO_PROXY,Universo_EW,2016,FLRY3,saúde,0.010638297872340425,2015-12-30,2016-01-04
AMPLO_PROXY,Universo_EW,2016,GFSA3,construção,0.010638297872340425,2015-12-30,2016-01-04
AMPLO_PROXY,Universo_EW,2016,GGBR4,siderurgico,0.010638297872340425,2015-12-30,2016-01-04
AMPLO_PROXY,Universo_EW,2016,GOAU4,siderurgico,0.010638297872340425,2015-12-30,2016-01-04
AMPLO_PROXY,Universo_EW,2016,GRND3,consumo,0.010638297872340425,2015-12-30,2016-01-04
AMPLO_PROXY,Universo_EW,2016,HGTX3,consumo,0.010638297872340425,2015-12-30,2016-01-04
AMPLO_PROXY,Universo_EW,2016,HYPE3,saúde,0.010638297872340425,2015-12-30,2016-01-04
AMPLO_PROXY,Universo_EW,2016,ISAE4,energia,0.010638297872340425,2015-12-30,2016-01-04
AMPLO_PROXY,Universo_EW,2016,ITSA4,financeiro,0.010638297872340425,2015-12-30,2016-01-04
AMPLO_PROXY,Universo_EW,2016,ITUB4,banco,0.010638297872340425,2015-12-30,2016-01-04
AMPLO_PROXY,Universo_EW,2016,KLBN11,madeira-papel,0.010638297872340425,2015-12-30,2016-01-04
AMPLO_PROXY,Universo_EW,2016,LAME4,varejo,0.010638297872340425,2015-12-30,2016-01-04
AMPLO_PROXY,Universo_EW,2016,LEVE3,indústria,0.010638297872340425,2015-12-30,2016-01-04
AMPLO_PROXY,Universo_EW,2016,LIGT3,energia,0.010638297872340425,2015-12-30,2016-01-04
AMPLO_PROXY,Universo_EW,2016,LINX3,tecnologia,0.010638297872340425,2015-12-30,2016-01-04
AMPLO_PROXY,Universo_EW,2016,LREN3,varejo,0.010638297872340425,2015-12-30,2016-01-04
AMPLO_PROXY,Universo_EW,2016,MBRF3,proteína,0.010638297872340425,2015-12-30,2016-01-04
AMPLO_PROXY,Universo_EW,2016,MDIA3,consumo,0.010638297872340425,2015-12-30,2016-01-04
AMPLO_PROXY,Universo_EW,2016,MGLU3,varejo,0.010638297872340425,2015-12-30,2016-01-04
AMPLO_PROXY,Universo_EW,2016,MILS3,indústria,0.010638297872340425,2015-12-30,2016-01-04
AMPLO_PROXY,Universo_EW,2016,MOTV3,transporte,0.010638297872340425,2015-12-30,2016-01-04
AMPLO_PROXY,Universo_EW,2016,MRVE3,construção,0.010638297872340425,2015-12-30,2016-01-04
AMPLO_PROXY,Universo_EW,2016,MULT3,shopping,0.010638297872340425,2015-12-30,2016-01-04
AMPLO_PROXY,Universo_EW,2016,MYPK3,indústria,0.010638297872340425,2015-12-30,2016-01-04
AMPLO_PROXY,Universo_EW,2016,NATU3,consumo,0.010638297872340425,2015-12-30,2016-01-04
AMPLO_PROXY,Universo_EW,2016,OIBR4,telecom,0.010638297872340425,2015-12-30,2016-01-04
AMPLO_PROXY,Universo_EW,2016,PDGR3,construção,0.010638297872340425,2015-12-30,2016-01-04
AMPLO_PROXY,Universo_EW,2016,PETR4,petróleo,0.010638297872340425,2015-12-30,2016-01-04
AMPLO_PROXY,Universo_EW,2016,POMO4,transporte,0.010638297872340425,2015-12-30,2016-01-04
AMPLO_PROXY,Universo_EW,2016,PSSA3,seguro,0.010638297872340425,2015-12-30,2016-01-04
AMPLO_PROXY,Universo_EW,2016,QUAL3,saúde,0.010638297872340425,2015-12-30,2016-01-04
AMPLO_PROXY,Universo_EW,2016,RADL3,saúde,0.010638297872340425,2015-12-30,2016-01-04
AMPLO_PROXY,Universo_EW,2016,RAPT4,indústria,0.010638297872340425,2015-12-30,2016-01-04
AMPLO_PROXY,Universo_EW,2016,RENT3,transporte,0.010638297872340425,2015-12-30,2016-01-04
AMPLO_PROXY,Universo_EW,2016,RIAA3,varejo,0.010638297872340425,2015-12-30,2016-01-04
AMPLO_PROXY,Universo_EW,2016,RLOG3,transporte,0.010638297872340425,2015-12-30,2016-01-04
AMPLO_PROXY,Universo_EW,2016,RSID3,construção,0.010638297872340425,2015-12-30,2016-01-04
AMPLO_PROXY,Universo_EW,2016,SANB11,banco,0.010638297872340425,2015-12-30,2016-01-04
AMPLO_PROXY,Universo_EW,2016,SBSP3,saneamento,0.010638297872340425,2015-12-30,2016-01-04
AMPLO_PROXY,Universo_EW,2016,SEER3,educação,0.010638297872340425,2015-12-30,2016-01-04
AMPLO_PROXY,Universo_EW,2016,SLCE3,agrícola,0.010638297872340425,2015-12-30,2016-01-04
AMPLO_PROXY,Universo_EW,2016,SMTO3,agrícola,0.010638297872340425,2015-12-30,2016-01-04
AMPLO_PROXY,Universo_EW,2016,SULA11,seguro,0.010638297872340425,2015-12-30,2016-01-04
AMPLO_PROXY,Universo_EW,2016,SUZB3,madeira-papel,0.010638297872340425,2015-12-30,2016-01-04
AMPLO_PROXY,Universo_EW,2016,TAEE11,energia,0.010638297872340425,2015-12-30,2016-01-04
AMPLO_PROXY,Universo_EW,2016,TCSA3,construção,0.010638297872340425,2015-12-30,2016-01-04
AMPLO_PROXY,Universo_EW,2016,TIMS3,telecom,0.010638297872340425,2015-12-30,2016-01-04
AMPLO_PROXY,Universo_EW,2016,TOTS3,tecnologia,0.010638297872340425,2015-12-30,2016-01-04
AMPLO_PROXY,Universo_EW,2016,TUPY3,indústria,0.010638297872340425,2015-12-30,2016-01-04
AMPLO_PROXY,Universo_EW,2016,UGPA3,químico,0.010638297872340425,2015-12-30,2016-01-04
AMPLO_PROXY,Universo_EW,2016,USIM5,siderurgico,0.010638297872340425,2015-12-30,2016-01-04
AMPLO_PROXY,Universo_EW,2016,VALE3,mineração,0.010638297872340425,2015-12-30,2016-01-04
AMPLO_PROXY,Universo_EW,2016,VIVT4,telecom,0.010638297872340425,2015-12-30,2016-01-04
AMPLO_PROXY,Universo_EW,2016,VLID3,tecnologia,0.010638297872340425,2015-12-30,2016-01-04
AMPLO_PROXY,Universo_EW,2016,WEGE3,indústria,0.010638297872340425,2015-12-30,2016-01-04
AMPLO_PROXY,Universo_EW,2016,YDUQ3,educação,0.010638297872340425,2015-12-30,2016-01-04
AMPLO_PROXY,Momentum,2017,MGLU3,varejo,0.1,2016-12-29,2017-01-02
AMPLO_PROXY,Momentum,2017,AXIA3,energia,0.1,2016-12-29,2017-01-02
AMPLO_PROXY,Momentum,2017,SAPR4,saneamento,0.1,2016-12-29,2017-01-02
AMPLO_PROXY,Momentum,2017,BRAP4,mineração,0.1,2016-12-29,2017-01-02
AMPLO_PROXY,Momentum,2017,GOAU4,siderurgico,0.1,2016-12-29,2017-01-02
AMPLO_PROXY,Momentum,2017,CSNA3,siderurgico,0.1,2016-12-29,2017-01-02
AMPLO_PROXY,Momentum,2017,USIM5,siderurgico,0.1,2016-12-29,2017-01-02
AMPLO_PROXY,Momentum,2017,CSMG3,saneamento,0.1,2016-12-29,2017-01-02
AMPLO_PROXY,Momentum,2017,SEER3,educação,0.1,2016-12-29,2017-01-02
AMPLO_PROXY,Momentum,2017,FLRY3,saúde,0.1,2016-12-29,2017-01-02
AMPLO_PROXY,Baixa_Vol,2017,SUZB3,madeira-papel,0.1,2016-12-29,2017-01-02
AMPLO_PROXY,Baixa_Vol,2017,ABEV3,indústria,0.1,2016-12-29,2017-01-02
AMPLO_PROXY,Baixa_Vol,2017,EGIE3,energia,0.1,2016-12-29,2017-01-02
AMPLO_PROXY,Baixa_Vol,2017,UGPA3,químico,0.1,2016-12-29,2017-01-02
AMPLO_PROXY,Baixa_Vol,2017,EQTL3,energia,0.1,2016-12-29,2017-01-02
AMPLO_PROXY,Baixa_Vol,2017,ISAE4,energia,0.1,2016-12-29,2017-01-02
AMPLO_PROXY,Baixa_Vol,2017,CPFE3,energia,0.1,2016-12-29,2017-01-02
AMPLO_PROXY,Baixa_Vol,2017,RADL3,saúde,0.1,2016-12-29,2017-01-02
AMPLO_PROXY,Baixa_Vol,2017,ENBR3,energia,0.1,2016-12-29,2017-01-02
AMPLO_PROXY,Baixa_Vol,2017,GRND3,consumo,0.1,2016-12-29,2017-01-02
AMPLO_PROXY,Valor,2017,OIBR4,telecom,0.1,2016-12-29,2017-01-02
AMPLO_PROXY,Valor,2017,GOAU4,siderurgico,0.1,2016-12-29,2017-01-02
AMPLO_PROXY,Valor,2017,GFSA3,construção,0.1,2016-12-29,2017-01-02
AMPLO_PROXY,Valor,2017,USIM5,siderurgico,0.1,2016-12-29,2017-01-02
AMPLO_PROXY,Valor,2017,EVEN3,construção,0.1,2016-12-29,2017-01-02
AMPLO_PROXY,Valor,2017,DIRR3,construção,0.1,2016-12-29,2017-01-02
AMPLO_PROXY,Valor,2017,BRPR3,shopping,0.1,2016-12-29,2017-01-02
AMPLO_PROXY,Valor,2017,CPLE6,energia,0.1,2016-12-29,2017-01-02
AMPLO_PROXY,Valor,2017,ENAT3,petróleo,0.1,2016-12-29,2017-01-02
AMPLO_PROXY,Valor,2017,MYPK3,indústria,0.1,2016-12-29,2017-01-02
AMPLO_PROXY,Qualidade,2017,ISAE4,energia,0.1,2016-12-29,2017-01-02
AMPLO_PROXY,Qualidade,2017,BBSE3,seguro,0.1,2016-12-29,2017-01-02
AMPLO_PROXY,Qualidade,2017,CVCB3,consumo,0.1,2016-12-29,2017-01-02
AMPLO_PROXY,Qualidade,2017,ABEV3,indústria,0.1,2016-12-29,2017-01-02
AMPLO_PROXY,Qualidade,2017,BBDC4,banco,0.1,2016-12-29,2017-01-02
AMPLO_PROXY,Qualidade,2017,BRKM5,químico,0.1,2016-12-29,2017-01-02
AMPLO_PROXY,Qualidade,2017,ITUB4,banco,0.1,2016-12-29,2017-01-02
AMPLO_PROXY,Qualidade,2017,CGAS5,químico,0.1,2016-12-29,2017-01-02
AMPLO_PROXY,Qualidade,2017,EGIE3,energia,0.1,2016-12-29,2017-01-02
AMPLO_PROXY,Qualidade,2017,ABCB4,banco,0.1,2016-12-29,2017-01-02
AMPLO_PROXY,Multifator,2017,ISAE4,energia,0.1,2016-12-29,2017-01-02
AMPLO_PROXY,Multifator,2017,ABCB4,banco,0.1,2016-12-29,2017-01-02
AMPLO_PROXY,Multifator,2017,SANB11,banco,0.1,2016-12-29,2017-01-02
AMPLO_PROXY,Multifator,2017,AXIA3,energia,0.1,2016-12-29,2017-01-02
AMPLO_PROXY,Multifator,2017,ALUP11,energia,0.1,2016-12-29,2017-01-02
AMPLO_PROXY,Multifator,2017,ENBR3,energia,0.1,2016-12-29,2017-01-02
AMPLO_PROXY,Multifator,2017,CSAN3,químico,0.1,2016-12-29,2017-01-02
AMPLO_PROXY,Multifator,2017,CGAS5,químico,0.1,2016-12-29,2017-01-02
AMPLO_PROXY,Multifator,2017,ITUB4,banco,0.1,2016-12-29,2017-01-02
AMPLO_PROXY,Multifator,2017,BRSR6,banco,0.1,2016-12-29,2017-01-02
AMPLO_PROXY,Uniao_TCC,2017,ABCB4,banco,0.02857142857142857,2016-12-29,2017-01-02
AMPLO_PROXY,Uniao_TCC,2017,ABEV3,indústria,0.02857142857142857,2016-12-29,2017-01-02
AMPLO_PROXY,Uniao_TCC,2017,AXIA3,energia,0.02857142857142857,2016-12-29,2017-01-02
AMPLO_PROXY,Uniao_TCC,2017,BBDC4,banco,0.02857142857142857,2016-12-29,2017-01-02
AMPLO_PROXY,Uniao_TCC,2017,BBSE3,seguro,0.02857142857142857,2016-12-29,2017-01-02
AMPLO_PROXY,Uniao_TCC,2017,BRAP4,mineração,0.02857142857142857,2016-12-29,2017-01-02
AMPLO_PROXY,Uniao_TCC,2017,BRKM5,químico,0.02857142857142857,2016-12-29,2017-01-02
AMPLO_PROXY,Uniao_TCC,2017,BRPR3,shopping,0.02857142857142857,2016-12-29,2017-01-02
AMPLO_PROXY,Uniao_TCC,2017,CGAS5,químico,0.02857142857142857,2016-12-29,2017-01-02
AMPLO_PROXY,Uniao_TCC,2017,CPFE3,energia,0.02857142857142857,2016-12-29,2017-01-02
AMPLO_PROXY,Uniao_TCC,2017,CPLE6,energia,0.02857142857142857,2016-12-29,2017-01-02
AMPLO_PROXY,Uniao_TCC,2017,CSMG3,saneamento,0.02857142857142857,2016-12-29,2017-01-02
AMPLO_PROXY,Uniao_TCC,2017,CSNA3,siderurgico,0.02857142857142857,2016-12-29,2017-01-02
AMPLO_PROXY,Uniao_TCC,2017,CVCB3,consumo,0.02857142857142857,2016-12-29,2017-01-02
AMPLO_PROXY,Uniao_TCC,2017,DIRR3,construção,0.02857142857142857,2016-12-29,2017-01-02
AMPLO_PROXY,Uniao_TCC,2017,EGIE3,energia,0.02857142857142857,2016-12-29,2017-01-02
AMPLO_PROXY,Uniao_TCC,2017,ENAT3,petróleo,0.02857142857142857,2016-12-29,2017-01-02
AMPLO_PROXY,Uniao_TCC,2017,ENBR3,energia,0.02857142857142857,2016-12-29,2017-01-02
AMPLO_PROXY,Uniao_TCC,2017,EQTL3,energia,0.02857142857142857,2016-12-29,2017-01-02
AMPLO_PROXY,Uniao_TCC,2017,EVEN3,construção,0.02857142857142857,2016-12-29,2017-01-02
AMPLO_PROXY,Uniao_TCC,2017,FLRY3,saúde,0.02857142857142857,2016-12-29,2017-01-02
AMPLO_PROXY,Uniao_TCC,2017,GFSA3,construção,0.02857142857142857,2016-12-29,2017-01-02
AMPLO_PROXY,Uniao_TCC,2017,GOAU4,siderurgico,0.02857142857142857,2016-12-29,2017-01-02
AMPLO_PROXY,Uniao_TCC,2017,GRND3,consumo,0.02857142857142857,2016-12-29,2017-01-02
AMPLO_PROXY,Uniao_TCC,2017,ISAE4,energia,0.02857142857142857,2016-12-29,2017-01-02
AMPLO_PROXY,Uniao_TCC,2017,ITUB4,banco,0.02857142857142857,2016-12-29,2017-01-02
AMPLO_PROXY,Uniao_TCC,2017,MGLU3,varejo,0.02857142857142857,2016-12-29,2017-01-02
AMPLO_PROXY,Uniao_TCC,2017,MYPK3,indústria,0.02857142857142857,2016-12-29,2017-01-02
AMPLO_PROXY,Uniao_TCC,2017,OIBR4,telecom,0.02857142857142857,2016-12-29,2017-01-02
AMPLO_PROXY,Uniao_TCC,2017,RADL3,saúde,0.02857142857142857,2016-12-29,2017-01-02
AMPLO_PROXY,Uniao_TCC,2017,SAPR4,saneamento,0.02857142857142857,2016-12-29,2017-01-02
AMPLO_PROXY,Uniao_TCC,2017,SEER3,educação,0.02857142857142857,2016-12-29,2017-01-02
AMPLO_PROXY,Uniao_TCC,2017,SUZB3,madeira-papel,0.02857142857142857,2016-12-29,2017-01-02
AMPLO_PROXY,Uniao_TCC,2017,UGPA3,químico,0.02857142857142857,2016-12-29,2017-01-02
AMPLO_PROXY,Uniao_TCC,2017,USIM5,siderurgico,0.02857142857142857,2016-12-29,2017-01-02
AMPLO_PROXY,Universo_EW,2017,ABCB4,banco,0.010526315789473684,2016-12-29,2017-01-02
AMPLO_PROXY,Universo_EW,2017,ABEV3,indústria,0.010526315789473684,2016-12-29,2017-01-02
AMPLO_PROXY,Universo_EW,2017,ALPA4,consumo,0.010526315789473684,2016-12-29,2017-01-02
AMPLO_PROXY,Universo_EW,2017,ALUP11,energia,0.010526315789473684,2016-12-29,2017-01-02
AMPLO_PROXY,Universo_EW,2017,AMER3,varejo,0.010526315789473684,2016-12-29,2017-01-02
AMPLO_PROXY,Universo_EW,2017,ANIM3,educação,0.010526315789473684,2016-12-29,2017-01-02
AMPLO_PROXY,Universo_EW,2017,AXIA3,energia,0.010526315789473684,2016-12-29,2017-01-02
AMPLO_PROXY,Universo_EW,2017,AZZA3,consumo,0.010526315789473684,2016-12-29,2017-01-02
AMPLO_PROXY,Universo_EW,2017,B3SA3,financeiro,0.010526315789473684,2016-12-29,2017-01-02
AMPLO_PROXY,Universo_EW,2017,BBAS3,banco,0.010526315789473684,2016-12-29,2017-01-02
AMPLO_PROXY,Universo_EW,2017,BBDC4,banco,0.010526315789473684,2016-12-29,2017-01-02
AMPLO_PROXY,Universo_EW,2017,BBSE3,seguro,0.010526315789473684,2016-12-29,2017-01-02
AMPLO_PROXY,Universo_EW,2017,BEEF3,proteína,0.010526315789473684,2016-12-29,2017-01-02
AMPLO_PROXY,Universo_EW,2017,BRAP4,mineração,0.010526315789473684,2016-12-29,2017-01-02
AMPLO_PROXY,Universo_EW,2017,BRFS3,proteína,0.010526315789473684,2016-12-29,2017-01-02
AMPLO_PROXY,Universo_EW,2017,BRKM5,químico,0.010526315789473684,2016-12-29,2017-01-02
AMPLO_PROXY,Universo_EW,2017,BRML3,shopping,0.010526315789473684,2016-12-29,2017-01-02
AMPLO_PROXY,Universo_EW,2017,BRPR3,shopping,0.010526315789473684,2016-12-29,2017-01-02
AMPLO_PROXY,Universo_EW,2017,BRSR6,banco,0.010526315789473684,2016-12-29,2017-01-02
AMPLO_PROXY,Universo_EW,2017,CESP6,energia,0.010526315789473684,2016-12-29,2017-01-02
AMPLO_PROXY,Universo_EW,2017,CGAS5,químico,0.010526315789473684,2016-12-29,2017-01-02
AMPLO_PROXY,Universo_EW,2017,CIEL3,tecnologia,0.010526315789473684,2016-12-29,2017-01-02
AMPLO_PROXY,Universo_EW,2017,CMIG4,energia,0.010526315789473684,2016-12-29,2017-01-02
AMPLO_PROXY,Universo_EW,2017,COGN3,educação,0.010526315789473684,2016-12-29,2017-01-02
AMPLO_PROXY,Universo_EW,2017,CPFE3,energia,0.010526315789473684,2016-12-29,2017-01-02
AMPLO_PROXY,Universo_EW,2017,CPLE6,energia,0.010526315789473684,2016-12-29,2017-01-02
AMPLO_PROXY,Universo_EW,2017,CSAN3,químico,0.010526315789473684,2016-12-29,2017-01-02
AMPLO_PROXY,Universo_EW,2017,CSMG3,saneamento,0.010526315789473684,2016-12-29,2017-01-02
AMPLO_PROXY,Universo_EW,2017,CSNA3,siderurgico,0.010526315789473684,2016-12-29,2017-01-02
AMPLO_PROXY,Universo_EW,2017,CVCB3,consumo,0.010526315789473684,2016-12-29,2017-01-02
AMPLO_PROXY,Universo_EW,2017,CYRE3,construção,0.010526315789473684,2016-12-29,2017-01-02
AMPLO_PROXY,Universo_EW,2017,DIRR3,construção,0.010526315789473684,2016-12-29,2017-01-02
AMPLO_PROXY,Universo_EW,2017,DXCO3,madeira-papel,0.010526315789473684,2016-12-29,2017-01-02
AMPLO_PROXY,Universo_EW,2017,ECOR3,transporte,0.010526315789473684,2016-12-29,2017-01-02
AMPLO_PROXY,Universo_EW,2017,EGIE3,energia,0.010526315789473684,2016-12-29,2017-01-02
AMPLO_PROXY,Universo_EW,2017,EMBJ3,indústria,0.010526315789473684,2016-12-29,2017-01-02
AMPLO_PROXY,Universo_EW,2017,ENAT3,petróleo,0.010526315789473684,2016-12-29,2017-01-02
AMPLO_PROXY,Universo_EW,2017,ENBR3,energia,0.010526315789473684,2016-12-29,2017-01-02
AMPLO_PROXY,Universo_EW,2017,ENGI11,energia,0.010526315789473684,2016-12-29,2017-01-02
AMPLO_PROXY,Universo_EW,2017,EQTL3,energia,0.010526315789473684,2016-12-29,2017-01-02
AMPLO_PROXY,Universo_EW,2017,EVEN3,construção,0.010526315789473684,2016-12-29,2017-01-02
AMPLO_PROXY,Universo_EW,2017,EZTC3,construção,0.010526315789473684,2016-12-29,2017-01-02
AMPLO_PROXY,Universo_EW,2017,FLRY3,saúde,0.010526315789473684,2016-12-29,2017-01-02
AMPLO_PROXY,Universo_EW,2017,GFSA3,construção,0.010526315789473684,2016-12-29,2017-01-02
AMPLO_PROXY,Universo_EW,2017,GGBR4,siderurgico,0.010526315789473684,2016-12-29,2017-01-02
AMPLO_PROXY,Universo_EW,2017,GOAU4,siderurgico,0.010526315789473684,2016-12-29,2017-01-02
AMPLO_PROXY,Universo_EW,2017,GRND3,consumo,0.010526315789473684,2016-12-29,2017-01-02
AMPLO_PROXY,Universo_EW,2017,HGTX3,consumo,0.010526315789473684,2016-12-29,2017-01-02
AMPLO_PROXY,Universo_EW,2017,HYPE3,saúde,0.010526315789473684,2016-12-29,2017-01-02
AMPLO_PROXY,Universo_EW,2017,ISAE4,energia,0.010526315789473684,2016-12-29,2017-01-02
AMPLO_PROXY,Universo_EW,2017,ITSA4,financeiro,0.010526315789473684,2016-12-29,2017-01-02
AMPLO_PROXY,Universo_EW,2017,ITUB4,banco,0.010526315789473684,2016-12-29,2017-01-02
AMPLO_PROXY,Universo_EW,2017,KLBN11,madeira-papel,0.010526315789473684,2016-12-29,2017-01-02
AMPLO_PROXY,Universo_EW,2017,LAME4,varejo,0.010526315789473684,2016-12-29,2017-01-02
AMPLO_PROXY,Universo_EW,2017,LEVE3,indústria,0.010526315789473684,2016-12-29,2017-01-02
AMPLO_PROXY,Universo_EW,2017,LIGT3,energia,0.010526315789473684,2016-12-29,2017-01-02
AMPLO_PROXY,Universo_EW,2017,LINX3,tecnologia,0.010526315789473684,2016-12-29,2017-01-02
AMPLO_PROXY,Universo_EW,2017,LREN3,varejo,0.010526315789473684,2016-12-29,2017-01-02
AMPLO_PROXY,Universo_EW,2017,MBRF3,proteína,0.010526315789473684,2016-12-29,2017-01-02
AMPLO_PROXY,Universo_EW,2017,MDIA3,consumo,0.010526315789473684,2016-12-29,2017-01-02
AMPLO_PROXY,Universo_EW,2017,MGLU3,varejo,0.010526315789473684,2016-12-29,2017-01-02
AMPLO_PROXY,Universo_EW,2017,MILS3,indústria,0.010526315789473684,2016-12-29,2017-01-02
AMPLO_PROXY,Universo_EW,2017,MOTV3,transporte,0.010526315789473684,2016-12-29,2017-01-02
AMPLO_PROXY,Universo_EW,2017,MRVE3,construção,0.010526315789473684,2016-12-29,2017-01-02
AMPLO_PROXY,Universo_EW,2017,MULT3,shopping,0.010526315789473684,2016-12-29,2017-01-02
AMPLO_PROXY,Universo_EW,2017,MYPK3,indústria,0.010526315789473684,2016-12-29,2017-01-02
AMPLO_PROXY,Universo_EW,2017,NATU3,consumo,0.010526315789473684,2016-12-29,2017-01-02
AMPLO_PROXY,Universo_EW,2017,OIBR4,telecom,0.010526315789473684,2016-12-29,2017-01-02
AMPLO_PROXY,Universo_EW,2017,PDGR3,construção,0.010526315789473684,2016-12-29,2017-01-02
AMPLO_PROXY,Universo_EW,2017,PETR4,petróleo,0.010526315789473684,2016-12-29,2017-01-02
AMPLO_PROXY,Universo_EW,2017,POMO4,transporte,0.010526315789473684,2016-12-29,2017-01-02
AMPLO_PROXY,Universo_EW,2017,PSSA3,seguro,0.010526315789473684,2016-12-29,2017-01-02
AMPLO_PROXY,Universo_EW,2017,QUAL3,saúde,0.010526315789473684,2016-12-29,2017-01-02
AMPLO_PROXY,Universo_EW,2017,RADL3,saúde,0.010526315789473684,2016-12-29,2017-01-02
AMPLO_PROXY,Universo_EW,2017,RAPT4,indústria,0.010526315789473684,2016-12-29,2017-01-02
AMPLO_PROXY,Universo_EW,2017,RENT3,transporte,0.010526315789473684,2016-12-29,2017-01-02
AMPLO_PROXY,Universo_EW,2017,SANB11,banco,0.010526315789473684,2016-12-29,2017-01-02
AMPLO_PROXY,Universo_EW,2017,SAPR4,saneamento,0.010526315789473684,2016-12-29,2017-01-02
AMPLO_PROXY,Universo_EW,2017,SBSP3,saneamento,0.010526315789473684,2016-12-29,2017-01-02
AMPLO_PROXY,Universo_EW,2017,SEER3,educação,0.010526315789473684,2016-12-29,2017-01-02
AMPLO_PROXY,Universo_EW,2017,SLCE3,agrícola,0.010526315789473684,2016-12-29,2017-01-02
AMPLO_PROXY,Universo_EW,2017,SMTO3,agrícola,0.010526315789473684,2016-12-29,2017-01-02
AMPLO_PROXY,Universo_EW,2017,SULA11,seguro,0.010526315789473684,2016-12-29,2017-01-02
AMPLO_PROXY,Universo_EW,2017,SUZB3,madeira-papel,0.010526315789473684,2016-12-29,2017-01-02
AMPLO_PROXY,Universo_EW,2017,TAEE11,energia,0.010526315789473684,2016-12-29,2017-01-02
AMPLO_PROXY,Universo_EW,2017,TIMS3,telecom,0.010526315789473684,2016-12-29,2017-01-02
AMPLO_PROXY,Universo_EW,2017,TOTS3,tecnologia,0.010526315789473684,2016-12-29,2017-01-02
AMPLO_PROXY,Universo_EW,2017,TUPY3,indústria,0.010526315789473684,2016-12-29,2017-01-02
AMPLO_PROXY,Universo_EW,2017,UGPA3,químico,0.010526315789473684,2016-12-29,2017-01-02
AMPLO_PROXY,Universo_EW,2017,USIM5,siderurgico,0.010526315789473684,2016-12-29,2017-01-02
AMPLO_PROXY,Universo_EW,2017,VALE3,mineração,0.010526315789473684,2016-12-29,2017-01-02
AMPLO_PROXY,Universo_EW,2017,VIVT4,telecom,0.010526315789473684,2016-12-29,2017-01-02
AMPLO_PROXY,Universo_EW,2017,VLID3,tecnologia,0.010526315789473684,2016-12-29,2017-01-02
AMPLO_PROXY,Universo_EW,2017,WEGE3,indústria,0.010526315789473684,2016-12-29,2017-01-02
AMPLO_PROXY,Universo_EW,2017,YDUQ3,educação,0.010526315789473684,2016-12-29,2017-01-02
AMPLO_PROXY,Momentum,2018,MGLU3,varejo,0.1,2017-12-28,2018-01-02
AMPLO_PROXY,Momentum,2018,RIAA3,varejo,0.1,2017-12-28,2018-01-02
AMPLO_PROXY,Momentum,2018,AZZA3,consumo,0.1,2017-12-28,2018-01-02
AMPLO_PROXY,Momentum,2018,USIM5,siderurgico,0.1,2017-12-28,2018-01-02
AMPLO_PROXY,Momentum,2018,YDUQ3,educação,0.1,2017-12-28,2018-01-02
AMPLO_PROXY,Momentum,2018,CVCB3,consumo,0.1,2017-12-28,2018-01-02
AMPLO_PROXY,Momentum,2018,BRAP4,mineração,0.1,2017-12-28,2018-01-02
AMPLO_PROXY,Momentum,2018,RAPT4,indústria,0.1,2017-12-28,2018-01-02
AMPLO_PROXY,Momentum,2018,AMER3,varejo,0.1,2017-12-28,2018-01-02
AMPLO_PROXY,Momentum,2018,MYPK3,indústria,0.1,2017-12-28,2018-01-02
AMPLO_PROXY,Baixa_Vol,2018,SUZB3,madeira-papel,0.1,2017-12-28,2018-01-02
AMPLO_PROXY,Baixa_Vol,2018,VIVT4,telecom,0.1,2017-12-28,2018-01-02
AMPLO_PROXY,Baixa_Vol,2018,ABEV3,indústria,0.1,2017-12-28,2018-01-02
AMPLO_PROXY,Baixa_Vol,2018,EGIE3,energia,0.1,2017-12-28,2018-01-02
AMPLO_PROXY,Baixa_Vol,2018,ISAE4,energia,0.1,2017-12-28,2018-01-02
AMPLO_PROXY,Baixa_Vol,2018,EQTL3,energia,0.1,2017-12-28,2018-01-02
AMPLO_PROXY,Baixa_Vol,2018,ALUP11,energia,0.1,2017-12-28,2018-01-02
AMPLO_PROXY,Baixa_Vol,2018,UGPA3,químico,0.1,2017-12-28,2018-01-02
AMPLO_PROXY,Baixa_Vol,2018,HYPE3,saúde,0.1,2017-12-28,2018-01-02
AMPLO_PROXY,Baixa_Vol,2018,CPFE3,energia,0.1,2017-12-28,2018-01-02
AMPLO_PROXY,Valor,2018,GOAU4,siderurgico,0.1,2017-12-28,2018-01-02
AMPLO_PROXY,Valor,2018,OIBR4,telecom,0.1,2017-12-28,2018-01-02
AMPLO_PROXY,Valor,2018,CPLE6,energia,0.1,2017-12-28,2018-01-02
AMPLO_PROXY,Valor,2018,GFSA3,construção,0.1,2017-12-28,2018-01-02
AMPLO_PROXY,Valor,2018,DIRR3,construção,0.1,2017-12-28,2018-01-02
AMPLO_PROXY,Valor,2018,AXIA3,energia,0.1,2017-12-28,2018-01-02
AMPLO_PROXY,Valor,2018,CESP6,energia,0.1,2017-12-28,2018-01-02
AMPLO_PROXY,Valor,2018,CMIG4,energia,0.1,2017-12-28,2018-01-02
AMPLO_PROXY,Valor,2018,USIM5,siderurgico,0.1,2017-12-28,2018-01-02
AMPLO_PROXY,Valor,2018,BRPR3,shopping,0.1,2017-12-28,2018-01-02
AMPLO_PROXY,Qualidade,2018,WIZC3,financeiro,0.1,2017-12-28,2018-01-02
AMPLO_PROXY,Qualidade,2018,BBSE3,seguro,0.1,2017-12-28,2018-01-02
AMPLO_PROXY,Qualidade,2018,CVCB3,consumo,0.1,2017-12-28,2018-01-02
AMPLO_PROXY,Qualidade,2018,MGLU3,varejo,0.1,2017-12-28,2018-01-02
AMPLO_PROXY,Qualidade,2018,ABEV3,indústria,0.1,2017-12-28,2018-01-02
AMPLO_PROXY,Qualidade,2018,EGIE3,energia,0.1,2017-12-28,2018-01-02
AMPLO_PROXY,Qualidade,2018,ITUB4,banco,0.1,2017-12-28,2018-01-02
AMPLO_PROXY,Qualidade,2018,AZZA3,consumo,0.1,2017-12-28,2018-01-02
AMPLO_PROXY,Qualidade,2018,LREN3,varejo,0.1,2017-12-28,2018-01-02
AMPLO_PROXY,Qualidade,2018,BBDC4,banco,0.1,2017-12-28,2018-01-02
AMPLO_PROXY,Multifator,2018,SLCE3,agrícola,0.1,2017-12-28,2018-01-02
AMPLO_PROXY,Multifator,2018,ISAE4,energia,0.1,2017-12-28,2018-01-02
AMPLO_PROXY,Multifator,2018,ITUB4,banco,0.1,2017-12-28,2018-01-02
AMPLO_PROXY,Multifator,2018,ITSA3,financeiro,0.1,2017-12-28,2018-01-02
AMPLO_PROXY,Multifator,2018,BBDC4,banco,0.1,2017-12-28,2018-01-02
AMPLO_PROXY,Multifator,2018,ALUP11,energia,0.1,2017-12-28,2018-01-02
AMPLO_PROXY,Multifator,2018,TIMS3,telecom,0.1,2017-12-28,2018-01-02
AMPLO_PROXY,Multifator,2018,CVCB3,consumo,0.1,2017-12-28,2018-01-02
AMPLO_PROXY,Multifator,2018,ABEV3,indústria,0.1,2017-12-28,2018-01-02
AMPLO_PROXY,Multifator,2018,ABCB4,banco,0.1,2017-12-28,2018-01-02
AMPLO_PROXY,Uniao_TCC,2018,ABEV3,indústria,0.029411764705882353,2017-12-28,2018-01-02
AMPLO_PROXY,Uniao_TCC,2018,ALUP11,energia,0.029411764705882353,2017-12-28,2018-01-02
AMPLO_PROXY,Uniao_TCC,2018,AMER3,varejo,0.029411764705882353,2017-12-28,2018-01-02
AMPLO_PROXY,Uniao_TCC,2018,AXIA3,energia,0.029411764705882353,2017-12-28,2018-01-02
AMPLO_PROXY,Uniao_TCC,2018,AZZA3,consumo,0.029411764705882353,2017-12-28,2018-01-02
AMPLO_PROXY,Uniao_TCC,2018,BBDC4,banco,0.029411764705882353,2017-12-28,2018-01-02
AMPLO_PROXY,Uniao_TCC,2018,BBSE3,seguro,0.029411764705882353,2017-12-28,2018-01-02
AMPLO_PROXY,Uniao_TCC,2018,BRAP4,mineração,0.029411764705882353,2017-12-28,2018-01-02
AMPLO_PROXY,Uniao_TCC,2018,BRPR3,shopping,0.029411764705882353,2017-12-28,2018-01-02
AMPLO_PROXY,Uniao_TCC,2018,CESP6,energia,0.029411764705882353,2017-12-28,2018-01-02
AMPLO_PROXY,Uniao_TCC,2018,CMIG4,energia,0.029411764705882353,2017-12-28,2018-01-02
AMPLO_PROXY,Uniao_TCC,2018,CPFE3,energia,0.029411764705882353,2017-12-28,2018-01-02
AMPLO_PROXY,Uniao_TCC,2018,CPLE6,energia,0.029411764705882353,2017-12-28,2018-01-02
AMPLO_PROXY,Uniao_TCC,2018,CVCB3,consumo,0.029411764705882353,2017-12-28,2018-01-02
AMPLO_PROXY,Uniao_TCC,2018,DIRR3,construção,0.029411764705882353,2017-12-28,2018-01-02
AMPLO_PROXY,Uniao_TCC,2018,EGIE3,energia,0.029411764705882353,2017-12-28,2018-01-02
AMPLO_PROXY,Uniao_TCC,2018,EQTL3,energia,0.029411764705882353,2017-12-28,2018-01-02
AMPLO_PROXY,Uniao_TCC,2018,GFSA3,construção,0.029411764705882353,2017-12-28,2018-01-02
AMPLO_PROXY,Uniao_TCC,2018,GOAU4,siderurgico,0.029411764705882353,2017-12-28,2018-01-02
AMPLO_PROXY,Uniao_TCC,2018,HYPE3,saúde,0.029411764705882353,2017-12-28,2018-01-02
AMPLO_PROXY,Uniao_TCC,2018,ISAE4,energia,0.029411764705882353,2017-12-28,2018-01-02
AMPLO_PROXY,Uniao_TCC,2018,ITUB4,banco,0.029411764705882353,2017-12-28,2018-01-02
AMPLO_PROXY,Uniao_TCC,2018,LREN3,varejo,0.029411764705882353,2017-12-28,2018-01-02
AMPLO_PROXY,Uniao_TCC,2018,MGLU3,varejo,0.029411764705882353,2017-12-28,2018-01-02
AMPLO_PROXY,Uniao_TCC,2018,MYPK3,indústria,0.029411764705882353,2017-12-28,2018-01-02
AMPLO_PROXY,Uniao_TCC,2018,OIBR4,telecom,0.029411764705882353,2017-12-28,2018-01-02
AMPLO_PROXY,Uniao_TCC,2018,RAPT4,indústria,0.029411764705882353,2017-12-28,2018-01-02
AMPLO_PROXY,Uniao_TCC,2018,RIAA3,varejo,0.029411764705882353,2017-12-28,2018-01-02
AMPLO_PROXY,Uniao_TCC,2018,SUZB3,madeira-papel,0.029411764705882353,2017-12-28,2018-01-02
AMPLO_PROXY,Uniao_TCC,2018,UGPA3,químico,0.029411764705882353,2017-12-28,2018-01-02
AMPLO_PROXY,Uniao_TCC,2018,USIM5,siderurgico,0.029411764705882353,2017-12-28,2018-01-02
AMPLO_PROXY,Uniao_TCC,2018,VIVT4,telecom,0.029411764705882353,2017-12-28,2018-01-02
AMPLO_PROXY,Uniao_TCC,2018,WIZC3,financeiro,0.029411764705882353,2017-12-28,2018-01-02
AMPLO_PROXY,Uniao_TCC,2018,YDUQ3,educação,0.029411764705882353,2017-12-28,2018-01-02
AMPLO_PROXY,Universo_EW,2018,AALR3,saúde,0.010526315789473684,2017-12-28,2018-01-02
AMPLO_PROXY,Universo_EW,2018,ABCB4,banco,0.010526315789473684,2017-12-28,2018-01-02
AMPLO_PROXY,Universo_EW,2018,ABEV3,indústria,0.010526315789473684,2017-12-28,2018-01-02
AMPLO_PROXY,Universo_EW,2018,AESB3,energia,0.010526315789473684,2017-12-28,2018-01-02
AMPLO_PROXY,Universo_EW,2018,ALPA4,consumo,0.010526315789473684,2017-12-28,2018-01-02
AMPLO_PROXY,Universo_EW,2018,ALUP11,energia,0.010526315789473684,2017-12-28,2018-01-02
AMPLO_PROXY,Universo_EW,2018,AMER3,varejo,0.010526315789473684,2017-12-28,2018-01-02
AMPLO_PROXY,Universo_EW,2018,AXIA3,energia,0.010526315789473684,2017-12-28,2018-01-02
AMPLO_PROXY,Universo_EW,2018,AZZA3,consumo,0.010526315789473684,2017-12-28,2018-01-02
AMPLO_PROXY,Universo_EW,2018,B3SA3,financeiro,0.010526315789473684,2017-12-28,2018-01-02
AMPLO_PROXY,Universo_EW,2018,BBAS3,banco,0.010526315789473684,2017-12-28,2018-01-02
AMPLO_PROXY,Universo_EW,2018,BBDC4,banco,0.010526315789473684,2017-12-28,2018-01-02
AMPLO_PROXY,Universo_EW,2018,BBSE3,seguro,0.010526315789473684,2017-12-28,2018-01-02
AMPLO_PROXY,Universo_EW,2018,BEEF3,proteína,0.010526315789473684,2017-12-28,2018-01-02
AMPLO_PROXY,Universo_EW,2018,BRAP4,mineração,0.010526315789473684,2017-12-28,2018-01-02
AMPLO_PROXY,Universo_EW,2018,BRFS3,proteína,0.010526315789473684,2017-12-28,2018-01-02
AMPLO_PROXY,Universo_EW,2018,BRKM5,químico,0.010526315789473684,2017-12-28,2018-01-02
AMPLO_PROXY,Universo_EW,2018,BRML3,shopping,0.010526315789473684,2017-12-28,2018-01-02
AMPLO_PROXY,Universo_EW,2018,BRPR3,shopping,0.010526315789473684,2017-12-28,2018-01-02
AMPLO_PROXY,Universo_EW,2018,BRSR6,banco,0.010526315789473684,2017-12-28,2018-01-02
AMPLO_PROXY,Universo_EW,2018,CESP6,energia,0.010526315789473684,2017-12-28,2018-01-02
AMPLO_PROXY,Universo_EW,2018,CGAS5,químico,0.010526315789473684,2017-12-28,2018-01-02
AMPLO_PROXY,Universo_EW,2018,CIEL3,tecnologia,0.010526315789473684,2017-12-28,2018-01-02
AMPLO_PROXY,Universo_EW,2018,CMIG4,energia,0.010526315789473684,2017-12-28,2018-01-02
AMPLO_PROXY,Universo_EW,2018,COGN3,educação,0.010526315789473684,2017-12-28,2018-01-02
AMPLO_PROXY,Universo_EW,2018,CPFE3,energia,0.010526315789473684,2017-12-28,2018-01-02
AMPLO_PROXY,Universo_EW,2018,CPLE6,energia,0.010526315789473684,2017-12-28,2018-01-02
AMPLO_PROXY,Universo_EW,2018,CSAN3,químico,0.010526315789473684,2017-12-28,2018-01-02
AMPLO_PROXY,Universo_EW,2018,CSMG3,saneamento,0.010526315789473684,2017-12-28,2018-01-02
AMPLO_PROXY,Universo_EW,2018,CSNA3,siderurgico,0.010526315789473684,2017-12-28,2018-01-02
AMPLO_PROXY,Universo_EW,2018,CVCB3,consumo,0.010526315789473684,2017-12-28,2018-01-02
AMPLO_PROXY,Universo_EW,2018,CYRE3,construção,0.010526315789473684,2017-12-28,2018-01-02
AMPLO_PROXY,Universo_EW,2018,DIRR3,construção,0.010526315789473684,2017-12-28,2018-01-02
AMPLO_PROXY,Universo_EW,2018,DXCO3,madeira-papel,0.010526315789473684,2017-12-28,2018-01-02
AMPLO_PROXY,Universo_EW,2018,ECOR3,transporte,0.010526315789473684,2017-12-28,2018-01-02
AMPLO_PROXY,Universo_EW,2018,EGIE3,energia,0.010526315789473684,2017-12-28,2018-01-02
AMPLO_PROXY,Universo_EW,2018,EMBJ3,indústria,0.010526315789473684,2017-12-28,2018-01-02
AMPLO_PROXY,Universo_EW,2018,ENBR3,energia,0.010526315789473684,2017-12-28,2018-01-02
AMPLO_PROXY,Universo_EW,2018,ENGI11,energia,0.010526315789473684,2017-12-28,2018-01-02
AMPLO_PROXY,Universo_EW,2018,EQTL3,energia,0.010526315789473684,2017-12-28,2018-01-02
AMPLO_PROXY,Universo_EW,2018,EZTC3,construção,0.010526315789473684,2017-12-28,2018-01-02
AMPLO_PROXY,Universo_EW,2018,FLRY3,saúde,0.010526315789473684,2017-12-28,2018-01-02
AMPLO_PROXY,Universo_EW,2018,GFSA3,construção,0.010526315789473684,2017-12-28,2018-01-02
AMPLO_PROXY,Universo_EW,2018,GGBR4,siderurgico,0.010526315789473684,2017-12-28,2018-01-02
AMPLO_PROXY,Universo_EW,2018,GOAU4,siderurgico,0.010526315789473684,2017-12-28,2018-01-02
AMPLO_PROXY,Universo_EW,2018,GRND3,consumo,0.010526315789473684,2017-12-28,2018-01-02
AMPLO_PROXY,Universo_EW,2018,HGTX3,consumo,0.010526315789473684,2017-12-28,2018-01-02
AMPLO_PROXY,Universo_EW,2018,HYPE3,saúde,0.010526315789473684,2017-12-28,2018-01-02
AMPLO_PROXY,Universo_EW,2018,ISAE4,energia,0.010526315789473684,2017-12-28,2018-01-02
AMPLO_PROXY,Universo_EW,2018,ITSA3,financeiro,0.010526315789473684,2017-12-28,2018-01-02
AMPLO_PROXY,Universo_EW,2018,ITUB4,banco,0.010526315789473684,2017-12-28,2018-01-02
AMPLO_PROXY,Universo_EW,2018,KLBN11,madeira-papel,0.010526315789473684,2017-12-28,2018-01-02
AMPLO_PROXY,Universo_EW,2018,LAME4,varejo,0.010526315789473684,2017-12-28,2018-01-02
AMPLO_PROXY,Universo_EW,2018,LEVE3,indústria,0.010526315789473684,2017-12-28,2018-01-02
AMPLO_PROXY,Universo_EW,2018,LIGT3,energia,0.010526315789473684,2017-12-28,2018-01-02
AMPLO_PROXY,Universo_EW,2018,LINX3,tecnologia,0.010526315789473684,2017-12-28,2018-01-02
AMPLO_PROXY,Universo_EW,2018,LREN3,varejo,0.010526315789473684,2017-12-28,2018-01-02
AMPLO_PROXY,Universo_EW,2018,MBRF3,proteína,0.010526315789473684,2017-12-28,2018-01-02
AMPLO_PROXY,Universo_EW,2018,MDIA3,consumo,0.010526315789473684,2017-12-28,2018-01-02
AMPLO_PROXY,Universo_EW,2018,MEAL3,consumo,0.010526315789473684,2017-12-28,2018-01-02
AMPLO_PROXY,Universo_EW,2018,MGLU3,varejo,0.010526315789473684,2017-12-28,2018-01-02
AMPLO_PROXY,Universo_EW,2018,MOTV3,transporte,0.010526315789473684,2017-12-28,2018-01-02
AMPLO_PROXY,Universo_EW,2018,MRVE3,construção,0.010526315789473684,2017-12-28,2018-01-02
AMPLO_PROXY,Universo_EW,2018,MULT3,shopping,0.010526315789473684,2017-12-28,2018-01-02
AMPLO_PROXY,Universo_EW,2018,MYPK3,indústria,0.010526315789473684,2017-12-28,2018-01-02
AMPLO_PROXY,Universo_EW,2018,NATU3,consumo,0.010526315789473684,2017-12-28,2018-01-02
AMPLO_PROXY,Universo_EW,2018,OIBR4,telecom,0.010526315789473684,2017-12-28,2018-01-02
AMPLO_PROXY,Universo_EW,2018,PDGR3,construção,0.010526315789473684,2017-12-28,2018-01-02
AMPLO_PROXY,Universo_EW,2018,PETR4,petróleo,0.010526315789473684,2017-12-28,2018-01-02
AMPLO_PROXY,Universo_EW,2018,POMO4,transporte,0.010526315789473684,2017-12-28,2018-01-02
AMPLO_PROXY,Universo_EW,2018,PSSA3,seguro,0.010526315789473684,2017-12-28,2018-01-02
AMPLO_PROXY,Universo_EW,2018,QUAL3,saúde,0.010526315789473684,2017-12-28,2018-01-02
AMPLO_PROXY,Universo_EW,2018,RADL3,saúde,0.010526315789473684,2017-12-28,2018-01-02
AMPLO_PROXY,Universo_EW,2018,RAPT4,indústria,0.010526315789473684,2017-12-28,2018-01-02
AMPLO_PROXY,Universo_EW,2018,RENT3,transporte,0.010526315789473684,2017-12-28,2018-01-02
AMPLO_PROXY,Universo_EW,2018,RIAA3,varejo,0.010526315789473684,2017-12-28,2018-01-02
AMPLO_PROXY,Universo_EW,2018,SANB11,banco,0.010526315789473684,2017-12-28,2018-01-02
AMPLO_PROXY,Universo_EW,2018,SBSP3,saneamento,0.010526315789473684,2017-12-28,2018-01-02
AMPLO_PROXY,Universo_EW,2018,SEER3,educação,0.010526315789473684,2017-12-28,2018-01-02
AMPLO_PROXY,Universo_EW,2018,SLCE3,agrícola,0.010526315789473684,2017-12-28,2018-01-02
AMPLO_PROXY,Universo_EW,2018,SMTO3,agrícola,0.010526315789473684,2017-12-28,2018-01-02
AMPLO_PROXY,Universo_EW,2018,SULA11,seguro,0.010526315789473684,2017-12-28,2018-01-02
AMPLO_PROXY,Universo_EW,2018,SUZB3,madeira-papel,0.010526315789473684,2017-12-28,2018-01-02
AMPLO_PROXY,Universo_EW,2018,TAEE11,energia,0.010526315789473684,2017-12-28,2018-01-02
AMPLO_PROXY,Universo_EW,2018,TIMS3,telecom,0.010526315789473684,2017-12-28,2018-01-02
AMPLO_PROXY,Universo_EW,2018,TOTS3,tecnologia,0.010526315789473684,2017-12-28,2018-01-02
AMPLO_PROXY,Universo_EW,2018,TUPY3,indústria,0.010526315789473684,2017-12-28,2018-01-02
AMPLO_PROXY,Universo_EW,2018,UGPA3,químico,0.010526315789473684,2017-12-28,2018-01-02
AMPLO_PROXY,Universo_EW,2018,USIM5,siderurgico,0.010526315789473684,2017-12-28,2018-01-02
AMPLO_PROXY,Universo_EW,2018,VALE3,mineração,0.010526315789473684,2017-12-28,2018-01-02
AMPLO_PROXY,Universo_EW,2018,VIVT4,telecom,0.010526315789473684,2017-12-28,2018-01-02
AMPLO_PROXY,Universo_EW,2018,VLID3,tecnologia,0.010526315789473684,2017-12-28,2018-01-02
AMPLO_PROXY,Universo_EW,2018,WEGE3,indústria,0.010526315789473684,2017-12-28,2018-01-02
AMPLO_PROXY,Universo_EW,2018,WIZC3,financeiro,0.010526315789473684,2017-12-28,2018-01-02
AMPLO_PROXY,Universo_EW,2018,YDUQ3,educação,0.010526315789473684,2017-12-28,2018-01-02
AMPLO_PROXY,Momentum,2019,IRBR3,seguro,0.1,2018-12-28,2019-01-02
AMPLO_PROXY,Momentum,2019,MGLU3,varejo,0.1,2018-12-28,2019-01-02
AMPLO_PROXY,Momentum,2019,CMIG4,energia,0.1,2018-12-28,2019-01-02
AMPLO_PROXY,Momentum,2019,AMER3,varejo,0.1,2018-12-28,2019-01-02
AMPLO_PROXY,Momentum,2019,SUZB3,madeira-papel,0.1,2018-12-28,2019-01-02
AMPLO_PROXY,Momentum,2019,BRSR6,banco,0.1,2018-12-28,2019-01-02
AMPLO_PROXY,Momentum,2019,CESP6,energia,0.1,2018-12-28,2019-01-02
AMPLO_PROXY,Momentum,2019,TEND3,construção,0.1,2018-12-28,2019-01-02
AMPLO_PROXY,Momentum,2019,SLCE3,agrícola,0.1,2018-12-28,2019-01-02
AMPLO_PROXY,Momentum,2019,SULA11,seguro,0.1,2018-12-28,2019-01-02
AMPLO_PROXY,Baixa_Vol,2019,ALUP11,energia,0.1,2018-12-28,2019-01-02
AMPLO_PROXY,Baixa_Vol,2019,CPFE3,energia,0.1,2018-12-28,2019-01-02
AMPLO_PROXY,Baixa_Vol,2019,EGIE3,energia,0.1,2018-12-28,2019-01-02
AMPLO_PROXY,Baixa_Vol,2019,ABEV3,indústria,0.1,2018-12-28,2019-01-02
AMPLO_PROXY,Baixa_Vol,2019,ISAE4,energia,0.1,2018-12-28,2019-01-02
AMPLO_PROXY,Baixa_Vol,2019,KLBN11,madeira-papel,0.1,2018-12-28,2019-01-02
AMPLO_PROXY,Baixa_Vol,2019,TAEE11,energia,0.1,2018-12-28,2019-01-02
AMPLO_PROXY,Baixa_Vol,2019,SAPR11,saneamento,0.1,2018-12-28,2019-01-02
AMPLO_PROXY,Baixa_Vol,2019,SMTO3,agrícola,0.1,2018-12-28,2019-01-02
AMPLO_PROXY,Baixa_Vol,2019,EQTL3,energia,0.1,2018-12-28,2019-01-02
AMPLO_PROXY,Valor,2019,OIBR3,telecom,0.1,2018-12-28,2019-01-02
AMPLO_PROXY,Valor,2019,GOAU4,siderurgico,0.1,2018-12-28,2019-01-02
AMPLO_PROXY,Valor,2019,CPLE6,energia,0.1,2018-12-28,2019-01-02
AMPLO_PROXY,Valor,2019,USIM5,siderurgico,0.1,2018-12-28,2019-01-02
AMPLO_PROXY,Valor,2019,AXIA3,energia,0.1,2018-12-28,2019-01-02
AMPLO_PROXY,Valor,2019,ENAT3,petróleo,0.1,2018-12-28,2019-01-02
AMPLO_PROXY,Valor,2019,ALUP11,energia,0.1,2018-12-28,2019-01-02
AMPLO_PROXY,Valor,2019,GFSA3,construção,0.1,2018-12-28,2019-01-02
AMPLO_PROXY,Valor,2019,COGN3,educação,0.1,2018-12-28,2019-01-02
AMPLO_PROXY,Valor,2019,MRVE3,construção,0.1,2018-12-28,2019-01-02
AMPLO_PROXY,Qualidade,2019,SMLS3,consumo,0.1,2018-12-28,2019-01-02
AMPLO_PROXY,Qualidade,2019,BBSE3,seguro,0.1,2018-12-28,2019-01-02
AMPLO_PROXY,Qualidade,2019,MGLU3,varejo,0.1,2018-12-28,2019-01-02
AMPLO_PROXY,Qualidade,2019,BRKM5,químico,0.1,2018-12-28,2019-01-02
AMPLO_PROXY,Qualidade,2019,BRSR6,banco,0.1,2018-12-28,2019-01-02
AMPLO_PROXY,Qualidade,2019,ABEV3,indústria,0.1,2018-12-28,2019-01-02
AMPLO_PROXY,Qualidade,2019,IRBR3,seguro,0.1,2018-12-28,2019-01-02
AMPLO_PROXY,Qualidade,2019,LREN3,varejo,0.1,2018-12-28,2019-01-02
AMPLO_PROXY,Qualidade,2019,EGIE3,energia,0.1,2018-12-28,2019-01-02
AMPLO_PROXY,Qualidade,2019,QUAL3,saúde,0.1,2018-12-28,2019-01-02
AMPLO_PROXY,Multifator,2019,ISAE4,energia,0.1,2018-12-28,2019-01-02
AMPLO_PROXY,Multifator,2019,BRSR6,banco,0.1,2018-12-28,2019-01-02
AMPLO_PROXY,Multifator,2019,EGIE3,energia,0.1,2018-12-28,2019-01-02
AMPLO_PROXY,Multifator,2019,TEND3,construção,0.1,2018-12-28,2019-01-02
AMPLO_PROXY,Multifator,2019,ALUP11,energia,0.1,2018-12-28,2019-01-02
AMPLO_PROXY,Multifator,2019,SAPR11,saneamento,0.1,2018-12-28,2019-01-02
AMPLO_PROXY,Multifator,2019,TAEE11,energia,0.1,2018-12-28,2019-01-02
AMPLO_PROXY,Multifator,2019,IRBR3,seguro,0.1,2018-12-28,2019-01-02
AMPLO_PROXY,Multifator,2019,ITUB4,banco,0.1,2018-12-28,2019-01-02
AMPLO_PROXY,Multifator,2019,CPFE3,energia,0.1,2018-12-28,2019-01-02
AMPLO_PROXY,Uniao_TCC,2019,ABEV3,indústria,0.029411764705882353,2018-12-28,2019-01-02
AMPLO_PROXY,Uniao_TCC,2019,ALUP11,energia,0.029411764705882353,2018-12-28,2019-01-02
AMPLO_PROXY,Uniao_TCC,2019,AMER3,varejo,0.029411764705882353,2018-12-28,2019-01-02
AMPLO_PROXY,Uniao_TCC,2019,AXIA3,energia,0.029411764705882353,2018-12-28,2019-01-02
AMPLO_PROXY,Uniao_TCC,2019,BBSE3,seguro,0.029411764705882353,2018-12-28,2019-01-02
AMPLO_PROXY,Uniao_TCC,2019,BRKM5,químico,0.029411764705882353,2018-12-28,2019-01-02
AMPLO_PROXY,Uniao_TCC,2019,BRSR6,banco,0.029411764705882353,2018-12-28,2019-01-02
AMPLO_PROXY,Uniao_TCC,2019,CESP6,energia,0.029411764705882353,2018-12-28,2019-01-02
AMPLO_PROXY,Uniao_TCC,2019,CMIG4,energia,0.029411764705882353,2018-12-28,2019-01-02
AMPLO_PROXY,Uniao_TCC,2019,COGN3,educação,0.029411764705882353,2018-12-28,2019-01-02
AMPLO_PROXY,Uniao_TCC,2019,CPFE3,energia,0.029411764705882353,2018-12-28,2019-01-02
AMPLO_PROXY,Uniao_TCC,2019,CPLE6,energia,0.029411764705882353,2018-12-28,2019-01-02
AMPLO_PROXY,Uniao_TCC,2019,EGIE3,energia,0.029411764705882353,2018-12-28,2019-01-02
AMPLO_PROXY,Uniao_TCC,2019,ENAT3,petróleo,0.029411764705882353,2018-12-28,2019-01-02
AMPLO_PROXY,Uniao_TCC,2019,EQTL3,energia,0.029411764705882353,2018-12-28,2019-01-02
AMPLO_PROXY,Uniao_TCC,2019,GFSA3,construção,0.029411764705882353,2018-12-28,2019-01-02
AMPLO_PROXY,Uniao_TCC,2019,GOAU4,siderurgico,0.029411764705882353,2018-12-28,2019-01-02
AMPLO_PROXY,Uniao_TCC,2019,IRBR3,seguro,0.029411764705882353,2018-12-28,2019-01-02
AMPLO_PROXY,Uniao_TCC,2019,ISAE4,energia,0.029411764705882353,2018-12-28,2019-01-02
AMPLO_PROXY,Uniao_TCC,2019,KLBN11,madeira-papel,0.029411764705882353,2018-12-28,2019-01-02
AMPLO_PROXY,Uniao_TCC,2019,LREN3,varejo,0.029411764705882353,2018-12-28,2019-01-02
AMPLO_PROXY,Uniao_TCC,2019,MGLU3,varejo,0.029411764705882353,2018-12-28,2019-01-02
AMPLO_PROXY,Uniao_TCC,2019,MRVE3,construção,0.029411764705882353,2018-12-28,2019-01-02
AMPLO_PROXY,Uniao_TCC,2019,OIBR3,telecom,0.029411764705882353,2018-12-28,2019-01-02
AMPLO_PROXY,Uniao_TCC,2019,QUAL3,saúde,0.029411764705882353,2018-12-28,2019-01-02
AMPLO_PROXY,Uniao_TCC,2019,SAPR11,saneamento,0.029411764705882353,2018-12-28,2019-01-02
AMPLO_PROXY,Uniao_TCC,2019,SLCE3,agrícola,0.029411764705882353,2018-12-28,2019-01-02
AMPLO_PROXY,Uniao_TCC,2019,SMLS3,consumo,0.029411764705882353,2018-12-28,2019-01-02
AMPLO_PROXY,Uniao_TCC,2019,SMTO3,agrícola,0.029411764705882353,2018-12-28,2019-01-02
AMPLO_PROXY,Uniao_TCC,2019,SULA11,seguro,0.029411764705882353,2018-12-28,2019-01-02
AMPLO_PROXY,Uniao_TCC,2019,SUZB3,madeira-papel,0.029411764705882353,2018-12-28,2019-01-02
AMPLO_PROXY,Uniao_TCC,2019,TAEE11,energia,0.029411764705882353,2018-12-28,2019-01-02
AMPLO_PROXY,Uniao_TCC,2019,TEND3,construção,0.029411764705882353,2018-12-28,2019-01-02
AMPLO_PROXY,Uniao_TCC,2019,USIM5,siderurgico,0.029411764705882353,2018-12-28,2019-01-02
AMPLO_PROXY,Universo_EW,2019,ABEV3,indústria,0.010416666666666666,2018-12-28,2019-01-02
AMPLO_PROXY,Universo_EW,2019,AESB3,energia,0.010416666666666666,2018-12-28,2019-01-02
AMPLO_PROXY,Universo_EW,2019,ALPA4,consumo,0.010416666666666666,2018-12-28,2019-01-02
AMPLO_PROXY,Universo_EW,2019,ALUP11,energia,0.010416666666666666,2018-12-28,2019-01-02
AMPLO_PROXY,Universo_EW,2019,AMER3,varejo,0.010416666666666666,2018-12-28,2019-01-02
AMPLO_PROXY,Universo_EW,2019,AXIA3,energia,0.010416666666666666,2018-12-28,2019-01-02
AMPLO_PROXY,Universo_EW,2019,AZUL3,aviação,0.010416666666666666,2018-12-28,2019-01-02
AMPLO_PROXY,Universo_EW,2019,AZZA3,consumo,0.010416666666666666,2018-12-28,2019-01-02
AMPLO_PROXY,Universo_EW,2019,B3SA3,financeiro,0.010416666666666666,2018-12-28,2019-01-02
AMPLO_PROXY,Universo_EW,2019,BBAS3,banco,0.010416666666666666,2018-12-28,2019-01-02
AMPLO_PROXY,Universo_EW,2019,BBDC4,banco,0.010416666666666666,2018-12-28,2019-01-02
AMPLO_PROXY,Universo_EW,2019,BBSE3,seguro,0.010416666666666666,2018-12-28,2019-01-02
AMPLO_PROXY,Universo_EW,2019,BEEF3,proteína,0.010416666666666666,2018-12-28,2019-01-02
AMPLO_PROXY,Universo_EW,2019,BPAC11,banco,0.010416666666666666,2018-12-28,2019-01-02
AMPLO_PROXY,Universo_EW,2019,BRAP4,mineração,0.010416666666666666,2018-12-28,2019-01-02
AMPLO_PROXY,Universo_EW,2019,BRFS3,proteína,0.010416666666666666,2018-12-28,2019-01-02
AMPLO_PROXY,Universo_EW,2019,BRKM5,químico,0.010416666666666666,2018-12-28,2019-01-02
AMPLO_PROXY,Universo_EW,2019,BRML3,shopping,0.010416666666666666,2018-12-28,2019-01-02
AMPLO_PROXY,Universo_EW,2019,BRSR6,banco,0.010416666666666666,2018-12-28,2019-01-02
AMPLO_PROXY,Universo_EW,2019,CESP6,energia,0.010416666666666666,2018-12-28,2019-01-02
AMPLO_PROXY,Universo_EW,2019,CIEL3,tecnologia,0.010416666666666666,2018-12-28,2019-01-02
AMPLO_PROXY,Universo_EW,2019,CMIG4,energia,0.010416666666666666,2018-12-28,2019-01-02
AMPLO_PROXY,Universo_EW,2019,COGN3,educação,0.010416666666666666,2018-12-28,2019-01-02
AMPLO_PROXY,Universo_EW,2019,CPFE3,energia,0.010416666666666666,2018-12-28,2019-01-02
AMPLO_PROXY,Universo_EW,2019,CPLE6,energia,0.010416666666666666,2018-12-28,2019-01-02
AMPLO_PROXY,Universo_EW,2019,CRFB3,supermercado,0.010416666666666666,2018-12-28,2019-01-02
AMPLO_PROXY,Universo_EW,2019,CSAN3,químico,0.010416666666666666,2018-12-28,2019-01-02
AMPLO_PROXY,Universo_EW,2019,CSMG3,saneamento,0.010416666666666666,2018-12-28,2019-01-02
AMPLO_PROXY,Universo_EW,2019,CSNA3,siderurgico,0.010416666666666666,2018-12-28,2019-01-02
AMPLO_PROXY,Universo_EW,2019,CVCB3,consumo,0.010416666666666666,2018-12-28,2019-01-02
AMPLO_PROXY,Universo_EW,2019,CYRE3,construção,0.010416666666666666,2018-12-28,2019-01-02
AMPLO_PROXY,Universo_EW,2019,DXCO3,madeira-papel,0.010416666666666666,2018-12-28,2019-01-02
AMPLO_PROXY,Universo_EW,2019,ECOR3,transporte,0.010416666666666666,2018-12-28,2019-01-02
AMPLO_PROXY,Universo_EW,2019,EGIE3,energia,0.010416666666666666,2018-12-28,2019-01-02
AMPLO_PROXY,Universo_EW,2019,EMBJ3,indústria,0.010416666666666666,2018-12-28,2019-01-02
AMPLO_PROXY,Universo_EW,2019,ENAT3,petróleo,0.010416666666666666,2018-12-28,2019-01-02
AMPLO_PROXY,Universo_EW,2019,ENBR3,energia,0.010416666666666666,2018-12-28,2019-01-02
AMPLO_PROXY,Universo_EW,2019,ENGI11,energia,0.010416666666666666,2018-12-28,2019-01-02
AMPLO_PROXY,Universo_EW,2019,EQTL3,energia,0.010416666666666666,2018-12-28,2019-01-02
AMPLO_PROXY,Universo_EW,2019,EZTC3,construção,0.010416666666666666,2018-12-28,2019-01-02
AMPLO_PROXY,Universo_EW,2019,FLRY3,saúde,0.010416666666666666,2018-12-28,2019-01-02
AMPLO_PROXY,Universo_EW,2019,GFSA3,construção,0.010416666666666666,2018-12-28,2019-01-02
AMPLO_PROXY,Universo_EW,2019,GGBR4,siderurgico,0.010416666666666666,2018-12-28,2019-01-02
AMPLO_PROXY,Universo_EW,2019,GOAU4,siderurgico,0.010416666666666666,2018-12-28,2019-01-02
AMPLO_PROXY,Universo_EW,2019,HGTX3,consumo,0.010416666666666666,2018-12-28,2019-01-02
AMPLO_PROXY,Universo_EW,2019,HYPE3,saúde,0.010416666666666666,2018-12-28,2019-01-02
AMPLO_PROXY,Universo_EW,2019,IRBR3,seguro,0.010416666666666666,2018-12-28,2019-01-02
AMPLO_PROXY,Universo_EW,2019,ISAE4,energia,0.010416666666666666,2018-12-28,2019-01-02
AMPLO_PROXY,Universo_EW,2019,ITSA4,financeiro,0.010416666666666666,2018-12-28,2019-01-02
AMPLO_PROXY,Universo_EW,2019,ITUB4,banco,0.010416666666666666,2018-12-28,2019-01-02
AMPLO_PROXY,Universo_EW,2019,KLBN11,madeira-papel,0.010416666666666666,2018-12-28,2019-01-02
AMPLO_PROXY,Universo_EW,2019,LAME4,varejo,0.010416666666666666,2018-12-28,2019-01-02
AMPLO_PROXY,Universo_EW,2019,LIGT3,energia,0.010416666666666666,2018-12-28,2019-01-02
AMPLO_PROXY,Universo_EW,2019,LINX3,tecnologia,0.010416666666666666,2018-12-28,2019-01-02
AMPLO_PROXY,Universo_EW,2019,LREN3,varejo,0.010416666666666666,2018-12-28,2019-01-02
AMPLO_PROXY,Universo_EW,2019,MBRF3,proteína,0.010416666666666666,2018-12-28,2019-01-02
AMPLO_PROXY,Universo_EW,2019,MDIA3,consumo,0.010416666666666666,2018-12-28,2019-01-02
AMPLO_PROXY,Universo_EW,2019,MGLU3,varejo,0.010416666666666666,2018-12-28,2019-01-02
AMPLO_PROXY,Universo_EW,2019,MOTV3,transporte,0.010416666666666666,2018-12-28,2019-01-02
AMPLO_PROXY,Universo_EW,2019,MRVE3,construção,0.010416666666666666,2018-12-28,2019-01-02
AMPLO_PROXY,Universo_EW,2019,MULT3,shopping,0.010416666666666666,2018-12-28,2019-01-02
AMPLO_PROXY,Universo_EW,2019,MYPK3,indústria,0.010416666666666666,2018-12-28,2019-01-02
AMPLO_PROXY,Universo_EW,2019,NATU3,consumo,0.010416666666666666,2018-12-28,2019-01-02
AMPLO_PROXY,Universo_EW,2019,OIBR3,telecom,0.010416666666666666,2018-12-28,2019-01-02
AMPLO_PROXY,Universo_EW,2019,PARD3,saúde,0.010416666666666666,2018-12-28,2019-01-02
AMPLO_PROXY,Universo_EW,2019,PETR4,petróleo,0.010416666666666666,2018-12-28,2019-01-02
AMPLO_PROXY,Universo_EW,2019,POMO4,transporte,0.010416666666666666,2018-12-28,2019-01-02
AMPLO_PROXY,Universo_EW,2019,PSSA3,seguro,0.010416666666666666,2018-12-28,2019-01-02
AMPLO_PROXY,Universo_EW,2019,QUAL3,saúde,0.010416666666666666,2018-12-28,2019-01-02
AMPLO_PROXY,Universo_EW,2019,RADL3,saúde,0.010416666666666666,2018-12-28,2019-01-02
AMPLO_PROXY,Universo_EW,2019,RAIL3,transporte,0.010416666666666666,2018-12-28,2019-01-02
AMPLO_PROXY,Universo_EW,2019,RAPT4,indústria,0.010416666666666666,2018-12-28,2019-01-02
AMPLO_PROXY,Universo_EW,2019,RENT3,transporte,0.010416666666666666,2018-12-28,2019-01-02
AMPLO_PROXY,Universo_EW,2019,SANB11,banco,0.010416666666666666,2018-12-28,2019-01-02
AMPLO_PROXY,Universo_EW,2019,SAPR11,saneamento,0.010416666666666666,2018-12-28,2019-01-02
AMPLO_PROXY,Universo_EW,2019,SBSP3,saneamento,0.010416666666666666,2018-12-28,2019-01-02
AMPLO_PROXY,Universo_EW,2019,SEER3,educação,0.010416666666666666,2018-12-28,2019-01-02
AMPLO_PROXY,Universo_EW,2019,SLCE3,agrícola,0.010416666666666666,2018-12-28,2019-01-02
AMPLO_PROXY,Universo_EW,2019,SMLS3,consumo,0.010416666666666666,2018-12-28,2019-01-02
AMPLO_PROXY,Universo_EW,2019,SMTO3,agrícola,0.010416666666666666,2018-12-28,2019-01-02
AMPLO_PROXY,Universo_EW,2019,SULA11,seguro,0.010416666666666666,2018-12-28,2019-01-02
AMPLO_PROXY,Universo_EW,2019,SUZB3,madeira-papel,0.010416666666666666,2018-12-28,2019-01-02
AMPLO_PROXY,Universo_EW,2019,TAEE11,energia,0.010416666666666666,2018-12-28,2019-01-02
AMPLO_PROXY,Universo_EW,2019,TEND3,construção,0.010416666666666666,2018-12-28,2019-01-02
AMPLO_PROXY,Universo_EW,2019,TIMS3,telecom,0.010416666666666666,2018-12-28,2019-01-02
AMPLO_PROXY,Universo_EW,2019,TOTS3,tecnologia,0.010416666666666666,2018-12-28,2019-01-02
AMPLO_PROXY,Universo_EW,2019,TUPY3,indústria,0.010416666666666666,2018-12-28,2019-01-02
AMPLO_PROXY,Universo_EW,2019,UGPA3,químico,0.010416666666666666,2018-12-28,2019-01-02
AMPLO_PROXY,Universo_EW,2019,USIM5,siderurgico,0.010416666666666666,2018-12-28,2019-01-02
AMPLO_PROXY,Universo_EW,2019,VALE3,mineração,0.010416666666666666,2018-12-28,2019-01-02
AMPLO_PROXY,Universo_EW,2019,VBBR3,transporte,0.010416666666666666,2018-12-28,2019-01-02
AMPLO_PROXY,Universo_EW,2019,VIVT4,telecom,0.010416666666666666,2018-12-28,2019-01-02
AMPLO_PROXY,Universo_EW,2019,VLID3,tecnologia,0.010416666666666666,2018-12-28,2019-01-02
AMPLO_PROXY,Universo_EW,2019,WEGE3,indústria,0.010416666666666666,2018-12-28,2019-01-02
AMPLO_PROXY,Universo_EW,2019,YDUQ3,educação,0.010416666666666666,2018-12-28,2019-01-02
AMPLO_PROXY,Universo_EW,2019,ZAMP3,consumo,0.010416666666666666,2018-12-28,2019-01-02
AMPLO_PROXY,Momentum,2020,BPAN4,banco,0.1,2019-12-30,2020-01-02
AMPLO_PROXY,Momentum,2020,QUAL3,saúde,0.1,2019-12-30,2020-01-02
AMPLO_PROXY,Momentum,2020,PRIO3,petróleo,0.1,2019-12-30,2020-01-02
AMPLO_PROXY,Momentum,2020,BPAC11,banco,0.1,2019-12-30,2020-01-02
AMPLO_PROXY,Momentum,2020,ENEV3,energia,0.1,2019-12-30,2020-01-02
AMPLO_PROXY,Momentum,2020,BHIA3,varejo,0.1,2019-12-30,2020-01-02
AMPLO_PROXY,Momentum,2020,BEEF3,proteína,0.1,2019-12-30,2020-01-02
AMPLO_PROXY,Momentum,2020,EZTC3,construção,0.1,2019-12-30,2020-01-02
AMPLO_PROXY,Momentum,2020,ALPA4,consumo,0.1,2019-12-30,2020-01-02
AMPLO_PROXY,Momentum,2020,CPLE6,energia,0.1,2019-12-30,2020-01-02
AMPLO_PROXY,Baixa_Vol,2020,VIVT4,telecom,0.1,2019-12-30,2020-01-02
AMPLO_PROXY,Baixa_Vol,2020,TAEE11,energia,0.1,2019-12-30,2020-01-02
AMPLO_PROXY,Baixa_Vol,2020,CPFE3,energia,0.1,2019-12-30,2020-01-02
AMPLO_PROXY,Baixa_Vol,2020,ISAE4,energia,0.1,2019-12-30,2020-01-02
AMPLO_PROXY,Baixa_Vol,2020,CESP6,energia,0.1,2019-12-30,2020-01-02
AMPLO_PROXY,Baixa_Vol,2020,ENGI11,energia,0.1,2019-12-30,2020-01-02
AMPLO_PROXY,Baixa_Vol,2020,ALUP11,energia,0.1,2019-12-30,2020-01-02
AMPLO_PROXY,Baixa_Vol,2020,EQTL3,energia,0.1,2019-12-30,2020-01-02
AMPLO_PROXY,Baixa_Vol,2020,BBSE3,seguro,0.1,2019-12-30,2020-01-02
AMPLO_PROXY,Baixa_Vol,2020,ITSA4,financeiro,0.1,2019-12-30,2020-01-02
AMPLO_PROXY,Valor,2020,OIBR3,telecom,0.1,2019-12-30,2020-01-02
AMPLO_PROXY,Valor,2020,GOAU4,siderurgico,0.1,2019-12-30,2020-01-02
AMPLO_PROXY,Valor,2020,EQTL3,energia,0.1,2019-12-30,2020-01-02
AMPLO_PROXY,Valor,2020,USIM5,siderurgico,0.1,2019-12-30,2020-01-02
AMPLO_PROXY,Valor,2020,AXIA3,energia,0.1,2019-12-30,2020-01-02
AMPLO_PROXY,Valor,2020,EMBJ3,indústria,0.1,2019-12-30,2020-01-02
AMPLO_PROXY,Valor,2020,MYPK3,indústria,0.1,2019-12-30,2020-01-02
AMPLO_PROXY,Valor,2020,LIGT3,energia,0.1,2019-12-30,2020-01-02
AMPLO_PROXY,Valor,2020,CPLE6,energia,0.1,2019-12-30,2020-01-02
AMPLO_PROXY,Valor,2020,ALUP11,energia,0.1,2019-12-30,2020-01-02
AMPLO_PROXY,Qualidade,2020,BBSE3,seguro,0.1,2019-12-30,2020-01-02
AMPLO_PROXY,Qualidade,2020,SMLS3,consumo,0.1,2019-12-30,2020-01-02
AMPLO_PROXY,Qualidade,2020,AZUL3,aviação,0.1,2019-12-30,2020-01-02
AMPLO_PROXY,Qualidade,2020,BPAC11,banco,0.1,2019-12-30,2020-01-02
AMPLO_PROXY,Qualidade,2020,MGLU3,varejo,0.1,2019-12-30,2020-01-02
AMPLO_PROXY,Qualidade,2020,LREN3,varejo,0.1,2019-12-30,2020-01-02
AMPLO_PROXY,Qualidade,2020,ABEV3,indústria,0.1,2019-12-30,2020-01-02
AMPLO_PROXY,Qualidade,2020,ITUB4,banco,0.1,2019-12-30,2020-01-02
AMPLO_PROXY,Qualidade,2020,SANB11,banco,0.1,2019-12-30,2020-01-02
AMPLO_PROXY,Qualidade,2020,AZZA3,consumo,0.1,2019-12-30,2020-01-02
AMPLO_PROXY,Multifator,2020,EQTL3,energia,0.1,2019-12-30,2020-01-02
AMPLO_PROXY,Multifator,2020,ALUP11,energia,0.1,2019-12-30,2020-01-02
AMPLO_PROXY,Multifator,2020,ISAE4,energia,0.1,2019-12-30,2020-01-02
AMPLO_PROXY,Multifator,2020,SAPR11,saneamento,0.1,2019-12-30,2020-01-02
AMPLO_PROXY,Multifator,2020,BRML3,shopping,0.1,2019-12-30,2020-01-02
AMPLO_PROXY,Multifator,2020,CPLE6,energia,0.1,2019-12-30,2020-01-02
AMPLO_PROXY,Multifator,2020,TAEE11,energia,0.1,2019-12-30,2020-01-02
AMPLO_PROXY,Multifator,2020,ENBR3,energia,0.1,2019-12-30,2020-01-02
AMPLO_PROXY,Multifator,2020,CSAN3,químico,0.1,2019-12-30,2020-01-02
AMPLO_PROXY,Multifator,2020,SANB11,banco,0.1,2019-12-30,2020-01-02
AMPLO_PROXY,Uniao_TCC,2020,ABEV3,indústria,0.02857142857142857,2019-12-30,2020-01-02
AMPLO_PROXY,Uniao_TCC,2020,ALPA4,consumo,0.02857142857142857,2019-12-30,2020-01-02
AMPLO_PROXY,Uniao_TCC,2020,ALUP11,energia,0.02857142857142857,2019-12-30,2020-01-02
AMPLO_PROXY,Uniao_TCC,2020,AXIA3,energia,0.02857142857142857,2019-12-30,2020-01-02
AMPLO_PROXY,Uniao_TCC,2020,AZUL3,aviação,0.02857142857142857,2019-12-30,2020-01-02
AMPLO_PROXY,Uniao_TCC,2020,AZZA3,consumo,0.02857142857142857,2019-12-30,2020-01-02
AMPLO_PROXY,Uniao_TCC,2020,BBSE3,seguro,0.02857142857142857,2019-12-30,2020-01-02
AMPLO_PROXY,Uniao_TCC,2020,BEEF3,proteína,0.02857142857142857,2019-12-30,2020-01-02
AMPLO_PROXY,Uniao_TCC,2020,BHIA3,varejo,0.02857142857142857,2019-12-30,2020-01-02
AMPLO_PROXY,Uniao_TCC,2020,BPAC11,banco,0.02857142857142857,2019-12-30,2020-01-02
AMPLO_PROXY,Uniao_TCC,2020,BPAN4,banco,0.02857142857142857,2019-12-30,2020-01-02
AMPLO_PROXY,Uniao_TCC,2020,CESP6,energia,0.02857142857142857,2019-12-30,2020-01-02
AMPLO_PROXY,Uniao_TCC,2020,CPFE3,energia,0.02857142857142857,2019-12-30,2020-01-02
AMPLO_PROXY,Uniao_TCC,2020,CPLE6,energia,0.02857142857142857,2019-12-30,2020-01-02
AMPLO_PROXY,Uniao_TCC,2020,EMBJ3,indústria,0.02857142857142857,2019-12-30,2020-01-02
AMPLO_PROXY,Uniao_TCC,2020,ENEV3,energia,0.02857142857142857,2019-12-30,2020-01-02
AMPLO_PROXY,Uniao_TCC,2020,ENGI11,energia,0.02857142857142857,2019-12-30,2020-01-02
AMPLO_PROXY,Uniao_TCC,2020,EQTL3,energia,0.02857142857142857,2019-12-30,2020-01-02
AMPLO_PROXY,Uniao_TCC,2020,EZTC3,construção,0.02857142857142857,2019-12-30,2020-01-02
AMPLO_PROXY,Uniao_TCC,2020,GOAU4,siderurgico,0.02857142857142857,2019-12-30,2020-01-02
AMPLO_PROXY,Uniao_TCC,2020,ISAE4,energia,0.02857142857142857,2019-12-30,2020-01-02
AMPLO_PROXY,Uniao_TCC,2020,ITSA4,financeiro,0.02857142857142857,2019-12-30,2020-01-02
AMPLO_PROXY,Uniao_TCC,2020,ITUB4,banco,0.02857142857142857,2019-12-30,2020-01-02
AMPLO_PROXY,Uniao_TCC,2020,LIGT3,energia,0.02857142857142857,2019-12-30,2020-01-02
AMPLO_PROXY,Uniao_TCC,2020,LREN3,varejo,0.02857142857142857,2019-12-30,2020-01-02
AMPLO_PROXY,Uniao_TCC,2020,MGLU3,varejo,0.02857142857142857,2019-12-30,2020-01-02
AMPLO_PROXY,Uniao_TCC,2020,MYPK3,indústria,0.02857142857142857,2019-12-30,2020-01-02
AMPLO_PROXY,Uniao_TCC,2020,OIBR3,telecom,0.02857142857142857,2019-12-30,2020-01-02
AMPLO_PROXY,Uniao_TCC,2020,PRIO3,petróleo,0.02857142857142857,2019-12-30,2020-01-02
AMPLO_PROXY,Uniao_TCC,2020,QUAL3,saúde,0.02857142857142857,2019-12-30,2020-01-02
AMPLO_PROXY,Uniao_TCC,2020,SANB11,banco,0.02857142857142857,2019-12-30,2020-01-02
AMPLO_PROXY,Uniao_TCC,2020,SMLS3,consumo,0.02857142857142857,2019-12-30,2020-01-02
AMPLO_PROXY,Uniao_TCC,2020,TAEE11,energia,0.02857142857142857,2019-12-30,2020-01-02
AMPLO_PROXY,Uniao_TCC,2020,USIM5,siderurgico,0.02857142857142857,2019-12-30,2020-01-02
AMPLO_PROXY,Uniao_TCC,2020,VIVT4,telecom,0.02857142857142857,2019-12-30,2020-01-02
AMPLO_PROXY,Universo_EW,2020,ABEV3,indústria,0.010526315789473684,2019-12-30,2020-01-02
AMPLO_PROXY,Universo_EW,2020,ALPA4,consumo,0.010526315789473684,2019-12-30,2020-01-02
AMPLO_PROXY,Universo_EW,2020,ALUP11,energia,0.010526315789473684,2019-12-30,2020-01-02
AMPLO_PROXY,Universo_EW,2020,AMER3,varejo,0.010526315789473684,2019-12-30,2020-01-02
AMPLO_PROXY,Universo_EW,2020,AXIA3,energia,0.010526315789473684,2019-12-30,2020-01-02
AMPLO_PROXY,Universo_EW,2020,AZUL3,aviação,0.010526315789473684,2019-12-30,2020-01-02
AMPLO_PROXY,Universo_EW,2020,AZZA3,consumo,0.010526315789473684,2019-12-30,2020-01-02
AMPLO_PROXY,Universo_EW,2020,B3SA3,financeiro,0.010526315789473684,2019-12-30,2020-01-02
AMPLO_PROXY,Universo_EW,2020,BBAS3,banco,0.010526315789473684,2019-12-30,2020-01-02
AMPLO_PROXY,Universo_EW,2020,BBDC4,banco,0.010526315789473684,2019-12-30,2020-01-02
AMPLO_PROXY,Universo_EW,2020,BBSE3,seguro,0.010526315789473684,2019-12-30,2020-01-02
AMPLO_PROXY,Universo_EW,2020,BEEF3,proteína,0.010526315789473684,2019-12-30,2020-01-02
AMPLO_PROXY,Universo_EW,2020,BHIA3,varejo,0.010526315789473684,2019-12-30,2020-01-02
AMPLO_PROXY,Universo_EW,2020,BPAC11,banco,0.010526315789473684,2019-12-30,2020-01-02
AMPLO_PROXY,Universo_EW,2020,BPAN4,banco,0.010526315789473684,2019-12-30,2020-01-02
AMPLO_PROXY,Universo_EW,2020,BRAP4,mineração,0.010526315789473684,2019-12-30,2020-01-02
AMPLO_PROXY,Universo_EW,2020,BRFS3,proteína,0.010526315789473684,2019-12-30,2020-01-02
AMPLO_PROXY,Universo_EW,2020,BRKM5,químico,0.010526315789473684,2019-12-30,2020-01-02
AMPLO_PROXY,Universo_EW,2020,BRML3,shopping,0.010526315789473684,2019-12-30,2020-01-02
AMPLO_PROXY,Universo_EW,2020,BRSR6,banco,0.010526315789473684,2019-12-30,2020-01-02
AMPLO_PROXY,Universo_EW,2020,CESP6,energia,0.010526315789473684,2019-12-30,2020-01-02
AMPLO_PROXY,Universo_EW,2020,CIEL3,tecnologia,0.010526315789473684,2019-12-30,2020-01-02
AMPLO_PROXY,Universo_EW,2020,CMIG4,energia,0.010526315789473684,2019-12-30,2020-01-02
AMPLO_PROXY,Universo_EW,2020,COGN3,educação,0.010526315789473684,2019-12-30,2020-01-02
AMPLO_PROXY,Universo_EW,2020,CPFE3,energia,0.010526315789473684,2019-12-30,2020-01-02
AMPLO_PROXY,Universo_EW,2020,CPLE6,energia,0.010526315789473684,2019-12-30,2020-01-02
AMPLO_PROXY,Universo_EW,2020,CRFB3,supermercado,0.010526315789473684,2019-12-30,2020-01-02
AMPLO_PROXY,Universo_EW,2020,CSAN3,químico,0.010526315789473684,2019-12-30,2020-01-02
AMPLO_PROXY,Universo_EW,2020,CSMG3,saneamento,0.010526315789473684,2019-12-30,2020-01-02
AMPLO_PROXY,Universo_EW,2020,CSNA3,siderurgico,0.010526315789473684,2019-12-30,2020-01-02
AMPLO_PROXY,Universo_EW,2020,CVCB3,consumo,0.010526315789473684,2019-12-30,2020-01-02
AMPLO_PROXY,Universo_EW,2020,CYRE3,construção,0.010526315789473684,2019-12-30,2020-01-02
AMPLO_PROXY,Universo_EW,2020,DXCO3,madeira-papel,0.010526315789473684,2019-12-30,2020-01-02
AMPLO_PROXY,Universo_EW,2020,ECOR3,transporte,0.010526315789473684,2019-12-30,2020-01-02
AMPLO_PROXY,Universo_EW,2020,EGIE3,energia,0.010526315789473684,2019-12-30,2020-01-02
AMPLO_PROXY,Universo_EW,2020,EMBJ3,indústria,0.010526315789473684,2019-12-30,2020-01-02
AMPLO_PROXY,Universo_EW,2020,ENBR3,energia,0.010526315789473684,2019-12-30,2020-01-02
AMPLO_PROXY,Universo_EW,2020,ENEV3,energia,0.010526315789473684,2019-12-30,2020-01-02
AMPLO_PROXY,Universo_EW,2020,ENGI11,energia,0.010526315789473684,2019-12-30,2020-01-02
AMPLO_PROXY,Universo_EW,2020,EQTL3,energia,0.010526315789473684,2019-12-30,2020-01-02
AMPLO_PROXY,Universo_EW,2020,EZTC3,construção,0.010526315789473684,2019-12-30,2020-01-02
AMPLO_PROXY,Universo_EW,2020,FLRY3,saúde,0.010526315789473684,2019-12-30,2020-01-02
AMPLO_PROXY,Universo_EW,2020,GGBR4,siderurgico,0.010526315789473684,2019-12-30,2020-01-02
AMPLO_PROXY,Universo_EW,2020,GNDI3,saúde,0.010526315789473684,2019-12-30,2020-01-02
AMPLO_PROXY,Universo_EW,2020,GOAU4,siderurgico,0.010526315789473684,2019-12-30,2020-01-02
AMPLO_PROXY,Universo_EW,2020,HAPV3,saúde,0.010526315789473684,2019-12-30,2020-01-02
AMPLO_PROXY,Universo_EW,2020,HGTX3,consumo,0.010526315789473684,2019-12-30,2020-01-02
AMPLO_PROXY,Universo_EW,2020,HYPE3,saúde,0.010526315789473684,2019-12-30,2020-01-02
AMPLO_PROXY,Universo_EW,2020,IRBR3,seguro,0.010526315789473684,2019-12-30,2020-01-02
AMPLO_PROXY,Universo_EW,2020,ISAE4,energia,0.010526315789473684,2019-12-30,2020-01-02
AMPLO_PROXY,Universo_EW,2020,ITSA4,financeiro,0.010526315789473684,2019-12-30,2020-01-02
AMPLO_PROXY,Universo_EW,2020,ITUB4,banco,0.010526315789473684,2019-12-30,2020-01-02
AMPLO_PROXY,Universo_EW,2020,KLBN11,madeira-papel,0.010526315789473684,2019-12-30,2020-01-02
AMPLO_PROXY,Universo_EW,2020,LAME4,varejo,0.010526315789473684,2019-12-30,2020-01-02
AMPLO_PROXY,Universo_EW,2020,LCAM3,transporte,0.010526315789473684,2019-12-30,2020-01-02
AMPLO_PROXY,Universo_EW,2020,LIGT3,energia,0.010526315789473684,2019-12-30,2020-01-02
AMPLO_PROXY,Universo_EW,2020,LINX3,tecnologia,0.010526315789473684,2019-12-30,2020-01-02
AMPLO_PROXY,Universo_EW,2020,LREN3,varejo,0.010526315789473684,2019-12-30,2020-01-02
AMPLO_PROXY,Universo_EW,2020,MBRF3,proteína,0.010526315789473684,2019-12-30,2020-01-02
AMPLO_PROXY,Universo_EW,2020,MDIA3,consumo,0.010526315789473684,2019-12-30,2020-01-02
AMPLO_PROXY,Universo_EW,2020,MGLU3,varejo,0.010526315789473684,2019-12-30,2020-01-02
AMPLO_PROXY,Universo_EW,2020,MOTV3,transporte,0.010526315789473684,2019-12-30,2020-01-02
AMPLO_PROXY,Universo_EW,2020,MOVI3,transporte,0.010526315789473684,2019-12-30,2020-01-02
AMPLO_PROXY,Universo_EW,2020,MRVE3,construção,0.010526315789473684,2019-12-30,2020-01-02
AMPLO_PROXY,Universo_EW,2020,MULT3,shopping,0.010526315789473684,2019-12-30,2020-01-02
AMPLO_PROXY,Universo_EW,2020,MYPK3,indústria,0.010526315789473684,2019-12-30,2020-01-02
AMPLO_PROXY,Universo_EW,2020,NATU3,consumo,0.010526315789473684,2019-12-30,2020-01-02
AMPLO_PROXY,Universo_EW,2020,OIBR3,telecom,0.010526315789473684,2019-12-30,2020-01-02
AMPLO_PROXY,Universo_EW,2020,PETR4,petróleo,0.010526315789473684,2019-12-30,2020-01-02
AMPLO_PROXY,Universo_EW,2020,PRIO3,petróleo,0.010526315789473684,2019-12-30,2020-01-02
AMPLO_PROXY,Universo_EW,2020,PSSA3,seguro,0.010526315789473684,2019-12-30,2020-01-02
AMPLO_PROXY,Universo_EW,2020,QUAL3,saúde,0.010526315789473684,2019-12-30,2020-01-02
AMPLO_PROXY,Universo_EW,2020,RADL3,saúde,0.010526315789473684,2019-12-30,2020-01-02
AMPLO_PROXY,Universo_EW,2020,RAIL3,transporte,0.010526315789473684,2019-12-30,2020-01-02
AMPLO_PROXY,Universo_EW,2020,RAPT4,indústria,0.010526315789473684,2019-12-30,2020-01-02
AMPLO_PROXY,Universo_EW,2020,RENT3,transporte,0.010526315789473684,2019-12-30,2020-01-02
AMPLO_PROXY,Universo_EW,2020,SANB11,banco,0.010526315789473684,2019-12-30,2020-01-02
AMPLO_PROXY,Universo_EW,2020,SAPR11,saneamento,0.010526315789473684,2019-12-30,2020-01-02
AMPLO_PROXY,Universo_EW,2020,SBSP3,saneamento,0.010526315789473684,2019-12-30,2020-01-02
AMPLO_PROXY,Universo_EW,2020,SLCE3,agrícola,0.010526315789473684,2019-12-30,2020-01-02
AMPLO_PROXY,Universo_EW,2020,SMLS3,consumo,0.010526315789473684,2019-12-30,2020-01-02
AMPLO_PROXY,Universo_EW,2020,SULA11,seguro,0.010526315789473684,2019-12-30,2020-01-02
AMPLO_PROXY,Universo_EW,2020,SUZB3,madeira-papel,0.010526315789473684,2019-12-30,2020-01-02
AMPLO_PROXY,Universo_EW,2020,TAEE11,energia,0.010526315789473684,2019-12-30,2020-01-02
AMPLO_PROXY,Universo_EW,2020,TEND3,construção,0.010526315789473684,2019-12-30,2020-01-02
AMPLO_PROXY,Universo_EW,2020,TIMS3,telecom,0.010526315789473684,2019-12-30,2020-01-02
AMPLO_PROXY,Universo_EW,2020,TOTS3,tecnologia,0.010526315789473684,2019-12-30,2020-01-02
AMPLO_PROXY,Universo_EW,2020,UGPA3,químico,0.010526315789473684,2019-12-30,2020-01-02
AMPLO_PROXY,Universo_EW,2020,USIM5,siderurgico,0.010526315789473684,2019-12-30,2020-01-02
AMPLO_PROXY,Universo_EW,2020,VALE3,mineração,0.010526315789473684,2019-12-30,2020-01-02
AMPLO_PROXY,Universo_EW,2020,VBBR3,transporte,0.010526315789473684,2019-12-30,2020-01-02
AMPLO_PROXY,Universo_EW,2020,VIVT4,telecom,0.010526315789473684,2019-12-30,2020-01-02
AMPLO_PROXY,Universo_EW,2020,WEGE3,indústria,0.010526315789473684,2019-12-30,2020-01-02
AMPLO_PROXY,Universo_EW,2020,YDUQ3,educação,0.010526315789473684,2019-12-30,2020-01-02
AMPLO_PROXY,Universo_EW,2020,ZAMP3,consumo,0.010526315789473684,2019-12-30,2020-01-02
AMPLO_PROXY,Momentum,2021,OIBR3,telecom,0.1,2020-12-30,2021-01-04
AMPLO_PROXY,Momentum,2021,CSNA3,siderurgico,0.1,2020-12-30,2021-01-04
AMPLO_PROXY,Momentum,2021,WEGE3,indústria,0.1,2020-12-30,2021-01-04
AMPLO_PROXY,Momentum,2021,BIDI11,banco,0.1,2020-12-30,2021-01-04
AMPLO_PROXY,Momentum,2021,MGLU3,varejo,0.1,2020-12-30,2021-01-04
AMPLO_PROXY,Momentum,2021,PRIO3,petróleo,0.1,2020-12-30,2021-01-04
AMPLO_PROXY,Momentum,2021,BRAP4,mineração,0.1,2020-12-30,2021-01-04
AMPLO_PROXY,Momentum,2021,VALE3,mineração,0.1,2020-12-30,2021-01-04
AMPLO_PROXY,Momentum,2021,USIM5,siderurgico,0.1,2020-12-30,2021-01-04
AMPLO_PROXY,Momentum,2021,MBRF3,proteína,0.1,2020-12-30,2021-01-04
AMPLO_PROXY,Baixa_Vol,2021,TAEE11,energia,0.1,2020-12-30,2021-01-04
AMPLO_PROXY,Baixa_Vol,2021,ISAE4,energia,0.1,2020-12-30,2021-01-04
AMPLO_PROXY,Baixa_Vol,2021,EGIE3,energia,0.1,2020-12-30,2021-01-04
AMPLO_PROXY,Baixa_Vol,2021,PSSA3,seguro,0.1,2020-12-30,2021-01-04
AMPLO_PROXY,Baixa_Vol,2021,ENBR3,energia,0.1,2020-12-30,2021-01-04
AMPLO_PROXY,Baixa_Vol,2021,BBSE3,seguro,0.1,2020-12-30,2021-01-04
AMPLO_PROXY,Baixa_Vol,2021,CRFB3,supermercado,0.1,2020-12-30,2021-01-04
AMPLO_PROXY,Baixa_Vol,2021,CESP6,energia,0.1,2020-12-30,2021-01-04
AMPLO_PROXY,Baixa_Vol,2021,RADL3,saúde,0.1,2020-12-30,2021-01-04
AMPLO_PROXY,Baixa_Vol,2021,CPFE3,energia,0.1,2020-12-30,2021-01-04
AMPLO_PROXY,Valor,2021,GOAU4,siderurgico,0.1,2020-12-30,2021-01-04
AMPLO_PROXY,Valor,2021,EMBJ3,indústria,0.1,2020-12-30,2021-01-04
AMPLO_PROXY,Valor,2021,COGN3,educação,0.1,2020-12-30,2021-01-04
AMPLO_PROXY,Valor,2021,AXIA3,energia,0.1,2020-12-30,2021-01-04
AMPLO_PROXY,Valor,2021,BRML3,shopping,0.1,2020-12-30,2021-01-04
AMPLO_PROXY,Valor,2021,CSMG3,saneamento,0.1,2020-12-30,2021-01-04
AMPLO_PROXY,Valor,2021,MEAL3,consumo,0.1,2020-12-30,2021-01-04
AMPLO_PROXY,Valor,2021,BBAS3,banco,0.1,2020-12-30,2021-01-04
AMPLO_PROXY,Valor,2021,HBOR3,construção,0.1,2020-12-30,2021-01-04
AMPLO_PROXY,Valor,2021,ALOS3,shopping,0.1,2020-12-30,2021-01-04
AMPLO_PROXY,Qualidade,2021,MBRF3,proteína,0.1,2020-12-30,2021-01-04
AMPLO_PROXY,Qualidade,2021,CYRE3,construção,0.1,2020-12-30,2021-01-04
AMPLO_PROXY,Qualidade,2021,QUAL3,saúde,0.1,2020-12-30,2021-01-04
AMPLO_PROXY,Qualidade,2021,WEGE3,indústria,0.1,2020-12-30,2021-01-04
AMPLO_PROXY,Qualidade,2021,ISAE4,energia,0.1,2020-12-30,2021-01-04
AMPLO_PROXY,Qualidade,2021,TAEE11,energia,0.1,2020-12-30,2021-01-04
AMPLO_PROXY,Qualidade,2021,EGIE3,energia,0.1,2020-12-30,2021-01-04
AMPLO_PROXY,Qualidade,2021,JHSF3,construção,0.1,2020-12-30,2021-01-04
AMPLO_PROXY,Qualidade,2021,CRFB3,supermercado,0.1,2020-12-30,2021-01-04
AMPLO_PROXY,Qualidade,2021,EQTL3,energia,0.1,2020-12-30,2021-01-04
AMPLO_PROXY,Multifator,2021,ISAE4,energia,0.1,2020-12-30,2021-01-04
AMPLO_PROXY,Multifator,2021,TAEE11,energia,0.1,2020-12-30,2021-01-04
AMPLO_PROXY,Multifator,2021,CPLE6,energia,0.1,2020-12-30,2021-01-04
AMPLO_PROXY,Multifator,2021,ENBR3,energia,0.1,2020-12-30,2021-01-04
AMPLO_PROXY,Multifator,2021,EQTL3,energia,0.1,2020-12-30,2021-01-04
AMPLO_PROXY,Multifator,2021,CMIG4,energia,0.1,2020-12-30,2021-01-04
AMPLO_PROXY,Multifator,2021,CESP6,energia,0.1,2020-12-30,2021-01-04
AMPLO_PROXY,Multifator,2021,VALE3,mineração,0.1,2020-12-30,2021-01-04
AMPLO_PROXY,Multifator,2021,CSMG3,saneamento,0.1,2020-12-30,2021-01-04
AMPLO_PROXY,Multifator,2021,SAPR11,saneamento,0.1,2020-12-30,2021-01-04
AMPLO_PROXY,Uniao_TCC,2021,ALOS3,shopping,0.029411764705882353,2020-12-30,2021-01-04
AMPLO_PROXY,Uniao_TCC,2021,AXIA3,energia,0.029411764705882353,2020-12-30,2021-01-04
AMPLO_PROXY,Uniao_TCC,2021,BBAS3,banco,0.029411764705882353,2020-12-30,2021-01-04
AMPLO_PROXY,Uniao_TCC,2021,BBSE3,seguro,0.029411764705882353,2020-12-30,2021-01-04
AMPLO_PROXY,Uniao_TCC,2021,BIDI11,banco,0.029411764705882353,2020-12-30,2021-01-04
AMPLO_PROXY,Uniao_TCC,2021,BRAP4,mineração,0.029411764705882353,2020-12-30,2021-01-04
AMPLO_PROXY,Uniao_TCC,2021,BRML3,shopping,0.029411764705882353,2020-12-30,2021-01-04
AMPLO_PROXY,Uniao_TCC,2021,CESP6,energia,0.029411764705882353,2020-12-30,2021-01-04
AMPLO_PROXY,Uniao_TCC,2021,COGN3,educação,0.029411764705882353,2020-12-30,2021-01-04
AMPLO_PROXY,Uniao_TCC,2021,CPFE3,energia,0.029411764705882353,2020-12-30,2021-01-04
AMPLO_PROXY,Uniao_TCC,2021,CRFB3,supermercado,0.029411764705882353,2020-12-30,2021-01-04
AMPLO_PROXY,Uniao_TCC,2021,CSMG3,saneamento,0.029411764705882353,2020-12-30,2021-01-04
AMPLO_PROXY,Uniao_TCC,2021,CSNA3,siderurgico,0.029411764705882353,2020-12-30,2021-01-04
AMPLO_PROXY,Uniao_TCC,2021,CYRE3,construção,0.029411764705882353,2020-12-30,2021-01-04
AMPLO_PROXY,Uniao_TCC,2021,EGIE3,energia,0.029411764705882353,2020-12-30,2021-01-04
AMPLO_PROXY,Uniao_TCC,2021,EMBJ3,indústria,0.029411764705882353,2020-12-30,2021-01-04
AMPLO_PROXY,Uniao_TCC,2021,ENBR3,energia,0.029411764705882353,2020-12-30,2021-01-04
AMPLO_PROXY,Uniao_TCC,2021,EQTL3,energia,0.029411764705882353,2020-12-30,2021-01-04
AMPLO_PROXY,Uniao_TCC,2021,GOAU4,siderurgico,0.029411764705882353,2020-12-30,2021-01-04
AMPLO_PROXY,Uniao_TCC,2021,HBOR3,construção,0.029411764705882353,2020-12-30,2021-01-04
AMPLO_PROXY,Uniao_TCC,2021,ISAE4,energia,0.029411764705882353,2020-12-30,2021-01-04
AMPLO_PROXY,Uniao_TCC,2021,JHSF3,construção,0.029411764705882353,2020-12-30,2021-01-04
AMPLO_PROXY,Uniao_TCC,2021,MBRF3,proteína,0.029411764705882353,2020-12-30,2021-01-04
AMPLO_PROXY,Uniao_TCC,2021,MEAL3,consumo,0.029411764705882353,2020-12-30,2021-01-04
AMPLO_PROXY,Uniao_TCC,2021,MGLU3,varejo,0.029411764705882353,2020-12-30,2021-01-04
AMPLO_PROXY,Uniao_TCC,2021,OIBR3,telecom,0.029411764705882353,2020-12-30,2021-01-04
AMPLO_PROXY,Uniao_TCC,2021,PRIO3,petróleo,0.029411764705882353,2020-12-30,2021-01-04
AMPLO_PROXY,Uniao_TCC,2021,PSSA3,seguro,0.029411764705882353,2020-12-30,2021-01-04
AMPLO_PROXY,Uniao_TCC,2021,QUAL3,saúde,0.029411764705882353,2020-12-30,2021-01-04
AMPLO_PROXY,Uniao_TCC,2021,RADL3,saúde,0.029411764705882353,2020-12-30,2021-01-04
AMPLO_PROXY,Uniao_TCC,2021,TAEE11,energia,0.029411764705882353,2020-12-30,2021-01-04
AMPLO_PROXY,Uniao_TCC,2021,USIM5,siderurgico,0.029411764705882353,2020-12-30,2021-01-04
AMPLO_PROXY,Uniao_TCC,2021,VALE3,mineração,0.029411764705882353,2020-12-30,2021-01-04
AMPLO_PROXY,Uniao_TCC,2021,WEGE3,indústria,0.029411764705882353,2020-12-30,2021-01-04
AMPLO_PROXY,Universo_EW,2021,ABEV3,indústria,0.01020408163265306,2020-12-30,2021-01-04
AMPLO_PROXY,Universo_EW,2021,ALOS3,shopping,0.01020408163265306,2020-12-30,2021-01-04
AMPLO_PROXY,Universo_EW,2021,ALPA4,consumo,0.01020408163265306,2020-12-30,2021-01-04
AMPLO_PROXY,Universo_EW,2021,AMAR3,varejo,0.01020408163265306,2020-12-30,2021-01-04
AMPLO_PROXY,Universo_EW,2021,AMER3,varejo,0.01020408163265306,2020-12-30,2021-01-04
AMPLO_PROXY,Universo_EW,2021,AXIA3,energia,0.01020408163265306,2020-12-30,2021-01-04
AMPLO_PROXY,Universo_EW,2021,AZUL3,aviação,0.01020408163265306,2020-12-30,2021-01-04
AMPLO_PROXY,Universo_EW,2021,AZZA3,consumo,0.01020408163265306,2020-12-30,2021-01-04
AMPLO_PROXY,Universo_EW,2021,B3SA3,financeiro,0.01020408163265306,2020-12-30,2021-01-04
AMPLO_PROXY,Universo_EW,2021,BBAS3,banco,0.01020408163265306,2020-12-30,2021-01-04
AMPLO_PROXY,Universo_EW,2021,BBDC4,banco,0.01020408163265306,2020-12-30,2021-01-04
AMPLO_PROXY,Universo_EW,2021,BBSE3,seguro,0.01020408163265306,2020-12-30,2021-01-04
AMPLO_PROXY,Universo_EW,2021,BEEF3,proteína,0.01020408163265306,2020-12-30,2021-01-04
AMPLO_PROXY,Universo_EW,2021,BHIA3,varejo,0.01020408163265306,2020-12-30,2021-01-04
AMPLO_PROXY,Universo_EW,2021,BIDI11,banco,0.01020408163265306,2020-12-30,2021-01-04
AMPLO_PROXY,Universo_EW,2021,BPAC11,banco,0.01020408163265306,2020-12-30,2021-01-04
AMPLO_PROXY,Universo_EW,2021,BPAN4,banco,0.01020408163265306,2020-12-30,2021-01-04
AMPLO_PROXY,Universo_EW,2021,BRAP4,mineração,0.01020408163265306,2020-12-30,2021-01-04
AMPLO_PROXY,Universo_EW,2021,BRFS3,proteína,0.01020408163265306,2020-12-30,2021-01-04
AMPLO_PROXY,Universo_EW,2021,BRKM5,químico,0.01020408163265306,2020-12-30,2021-01-04
AMPLO_PROXY,Universo_EW,2021,BRML3,shopping,0.01020408163265306,2020-12-30,2021-01-04
AMPLO_PROXY,Universo_EW,2021,CESP6,energia,0.01020408163265306,2020-12-30,2021-01-04
AMPLO_PROXY,Universo_EW,2021,CIEL3,tecnologia,0.01020408163265306,2020-12-30,2021-01-04
AMPLO_PROXY,Universo_EW,2021,CMIG4,energia,0.01020408163265306,2020-12-30,2021-01-04
AMPLO_PROXY,Universo_EW,2021,COGN3,educação,0.01020408163265306,2020-12-30,2021-01-04
AMPLO_PROXY,Universo_EW,2021,CPFE3,energia,0.01020408163265306,2020-12-30,2021-01-04
AMPLO_PROXY,Universo_EW,2021,CPLE6,energia,0.01020408163265306,2020-12-30,2021-01-04
AMPLO_PROXY,Universo_EW,2021,CRFB3,supermercado,0.01020408163265306,2020-12-30,2021-01-04
AMPLO_PROXY,Universo_EW,2021,CSAN3,químico,0.01020408163265306,2020-12-30,2021-01-04
AMPLO_PROXY,Universo_EW,2021,CSMG3,saneamento,0.01020408163265306,2020-12-30,2021-01-04
AMPLO_PROXY,Universo_EW,2021,CSNA3,siderurgico,0.01020408163265306,2020-12-30,2021-01-04
AMPLO_PROXY,Universo_EW,2021,CVCB3,consumo,0.01020408163265306,2020-12-30,2021-01-04
AMPLO_PROXY,Universo_EW,2021,CYRE3,construção,0.01020408163265306,2020-12-30,2021-01-04
AMPLO_PROXY,Universo_EW,2021,DXCO3,madeira-papel,0.01020408163265306,2020-12-30,2021-01-04
AMPLO_PROXY,Universo_EW,2021,ECOR3,transporte,0.01020408163265306,2020-12-30,2021-01-04
AMPLO_PROXY,Universo_EW,2021,EGIE3,energia,0.01020408163265306,2020-12-30,2021-01-04
AMPLO_PROXY,Universo_EW,2021,EMBJ3,indústria,0.01020408163265306,2020-12-30,2021-01-04
AMPLO_PROXY,Universo_EW,2021,ENBR3,energia,0.01020408163265306,2020-12-30,2021-01-04
AMPLO_PROXY,Universo_EW,2021,ENEV3,energia,0.01020408163265306,2020-12-30,2021-01-04
AMPLO_PROXY,Universo_EW,2021,ENGI11,energia,0.01020408163265306,2020-12-30,2021-01-04
AMPLO_PROXY,Universo_EW,2021,EQTL3,energia,0.01020408163265306,2020-12-30,2021-01-04
AMPLO_PROXY,Universo_EW,2021,EZTC3,construção,0.01020408163265306,2020-12-30,2021-01-04
AMPLO_PROXY,Universo_EW,2021,FLRY3,saúde,0.01020408163265306,2020-12-30,2021-01-04
AMPLO_PROXY,Universo_EW,2021,GGBR4,siderurgico,0.01020408163265306,2020-12-30,2021-01-04
AMPLO_PROXY,Universo_EW,2021,GNDI3,saúde,0.01020408163265306,2020-12-30,2021-01-04
AMPLO_PROXY,Universo_EW,2021,GOAU4,siderurgico,0.01020408163265306,2020-12-30,2021-01-04
AMPLO_PROXY,Universo_EW,2021,HAPV3,saúde,0.01020408163265306,2020-12-30,2021-01-04
AMPLO_PROXY,Universo_EW,2021,HBOR3,construção,0.01020408163265306,2020-12-30,2021-01-04
AMPLO_PROXY,Universo_EW,2021,HGTX3,consumo,0.01020408163265306,2020-12-30,2021-01-04
AMPLO_PROXY,Universo_EW,2021,HYPE3,saúde,0.01020408163265306,2020-12-30,2021-01-04
AMPLO_PROXY,Universo_EW,2021,IRBR3,seguro,0.01020408163265306,2020-12-30,2021-01-04
AMPLO_PROXY,Universo_EW,2021,ISAE4,energia,0.01020408163265306,2020-12-30,2021-01-04
AMPLO_PROXY,Universo_EW,2021,ITSA4,financeiro,0.01020408163265306,2020-12-30,2021-01-04
AMPLO_PROXY,Universo_EW,2021,ITUB4,banco,0.01020408163265306,2020-12-30,2021-01-04
AMPLO_PROXY,Universo_EW,2021,JHSF3,construção,0.01020408163265306,2020-12-30,2021-01-04
AMPLO_PROXY,Universo_EW,2021,KLBN11,madeira-papel,0.01020408163265306,2020-12-30,2021-01-04
AMPLO_PROXY,Universo_EW,2021,LAME4,varejo,0.01020408163265306,2020-12-30,2021-01-04
AMPLO_PROXY,Universo_EW,2021,LCAM3,transporte,0.01020408163265306,2020-12-30,2021-01-04
AMPLO_PROXY,Universo_EW,2021,LIGT3,energia,0.01020408163265306,2020-12-30,2021-01-04
AMPLO_PROXY,Universo_EW,2021,LINX3,tecnologia,0.01020408163265306,2020-12-30,2021-01-04
AMPLO_PROXY,Universo_EW,2021,LREN3,varejo,0.01020408163265306,2020-12-30,2021-01-04
AMPLO_PROXY,Universo_EW,2021,MBRF3,proteína,0.01020408163265306,2020-12-30,2021-01-04
AMPLO_PROXY,Universo_EW,2021,MDIA3,consumo,0.01020408163265306,2020-12-30,2021-01-04
AMPLO_PROXY,Universo_EW,2021,MEAL3,consumo,0.01020408163265306,2020-12-30,2021-01-04
AMPLO_PROXY,Universo_EW,2021,MGLU3,varejo,0.01020408163265306,2020-12-30,2021-01-04
AMPLO_PROXY,Universo_EW,2021,MOTV3,transporte,0.01020408163265306,2020-12-30,2021-01-04
AMPLO_PROXY,Universo_EW,2021,MOVI3,transporte,0.01020408163265306,2020-12-30,2021-01-04
AMPLO_PROXY,Universo_EW,2021,MRVE3,construção,0.01020408163265306,2020-12-30,2021-01-04
AMPLO_PROXY,Universo_EW,2021,MULT3,shopping,0.01020408163265306,2020-12-30,2021-01-04
AMPLO_PROXY,Universo_EW,2021,NATU3,consumo,0.01020408163265306,2020-12-30,2021-01-04
AMPLO_PROXY,Universo_EW,2021,NEOE3,energia,0.01020408163265306,2020-12-30,2021-01-04
AMPLO_PROXY,Universo_EW,2021,OIBR3,telecom,0.01020408163265306,2020-12-30,2021-01-04
AMPLO_PROXY,Universo_EW,2021,PCAR3,supermercado,0.01020408163265306,2020-12-30,2021-01-04
AMPLO_PROXY,Universo_EW,2021,PETR4,petróleo,0.01020408163265306,2020-12-30,2021-01-04
AMPLO_PROXY,Universo_EW,2021,PRIO3,petróleo,0.01020408163265306,2020-12-30,2021-01-04
AMPLO_PROXY,Universo_EW,2021,PSSA3,seguro,0.01020408163265306,2020-12-30,2021-01-04
AMPLO_PROXY,Universo_EW,2021,QUAL3,saúde,0.01020408163265306,2020-12-30,2021-01-04
AMPLO_PROXY,Universo_EW,2021,RADL3,saúde,0.01020408163265306,2020-12-30,2021-01-04
AMPLO_PROXY,Universo_EW,2021,RAIL3,transporte,0.01020408163265306,2020-12-30,2021-01-04
AMPLO_PROXY,Universo_EW,2021,RAPT4,indústria,0.01020408163265306,2020-12-30,2021-01-04
AMPLO_PROXY,Universo_EW,2021,RENT3,transporte,0.01020408163265306,2020-12-30,2021-01-04
AMPLO_PROXY,Universo_EW,2021,SANB11,banco,0.01020408163265306,2020-12-30,2021-01-04
AMPLO_PROXY,Universo_EW,2021,SAPR11,saneamento,0.01020408163265306,2020-12-30,2021-01-04
AMPLO_PROXY,Universo_EW,2021,SBFG3,varejo,0.01020408163265306,2020-12-30,2021-01-04
AMPLO_PROXY,Universo_EW,2021,SBSP3,saneamento,0.01020408163265306,2020-12-30,2021-01-04
AMPLO_PROXY,Universo_EW,2021,SULA11,seguro,0.01020408163265306,2020-12-30,2021-01-04
AMPLO_PROXY,Universo_EW,2021,SUZB3,madeira-papel,0.01020408163265306,2020-12-30,2021-01-04
AMPLO_PROXY,Universo_EW,2021,TAEE11,energia,0.01020408163265306,2020-12-30,2021-01-04
AMPLO_PROXY,Universo_EW,2021,TEND3,construção,0.01020408163265306,2020-12-30,2021-01-04
AMPLO_PROXY,Universo_EW,2021,TIMS3,telecom,0.01020408163265306,2020-12-30,2021-01-04
AMPLO_PROXY,Universo_EW,2021,TOTS3,tecnologia,0.01020408163265306,2020-12-30,2021-01-04
AMPLO_PROXY,Universo_EW,2021,UGPA3,químico,0.01020408163265306,2020-12-30,2021-01-04
AMPLO_PROXY,Universo_EW,2021,USIM5,siderurgico,0.01020408163265306,2020-12-30,2021-01-04
AMPLO_PROXY,Universo_EW,2021,VALE3,mineração,0.01020408163265306,2020-12-30,2021-01-04
AMPLO_PROXY,Universo_EW,2021,VBBR3,transporte,0.01020408163265306,2020-12-30,2021-01-04
AMPLO_PROXY,Universo_EW,2021,VIVA3,consumo,0.01020408163265306,2020-12-30,2021-01-04
AMPLO_PROXY,Universo_EW,2021,WEGE3,indústria,0.01020408163265306,2020-12-30,2021-01-04
AMPLO_PROXY,Universo_EW,2021,YDUQ3,educação,0.01020408163265306,2020-12-30,2021-01-04
AMPLO_PROXY,Momentum,2022,FHER3,agrícola,0.1,2021-12-30,2022-01-03
AMPLO_PROXY,Momentum,2022,EMBJ3,indústria,0.1,2021-12-30,2022-01-03
AMPLO_PROXY,Momentum,2022,BRKM5,químico,0.1,2021-12-30,2022-01-03
AMPLO_PROXY,Momentum,2022,PCAR3,supermercado,0.1,2021-12-30,2022-01-03
AMPLO_PROXY,Momentum,2022,POSI3,tecnologia,0.1,2021-12-30,2022-01-03
AMPLO_PROXY,Momentum,2022,MBRF3,proteína,0.1,2021-12-30,2022-01-03
AMPLO_PROXY,Momentum,2022,ETER3,indústria,0.1,2021-12-30,2022-01-03
AMPLO_PROXY,Momentum,2022,SLCE3,agrícola,0.1,2021-12-30,2022-01-03
AMPLO_PROXY,Momentum,2022,TASA4,indústria,0.1,2021-12-30,2022-01-03
AMPLO_PROXY,Momentum,2022,AMBP3,saneamento,0.1,2021-12-30,2022-01-03
AMPLO_PROXY,Baixa_Vol,2022,EGIE3,energia,0.1,2021-12-30,2022-01-03
AMPLO_PROXY,Baixa_Vol,2022,ENBR3,energia,0.1,2021-12-30,2022-01-03
AMPLO_PROXY,Baixa_Vol,2022,VIVT3,telecom,0.1,2021-12-30,2022-01-03
AMPLO_PROXY,Baixa_Vol,2022,TAEE11,energia,0.1,2021-12-30,2022-01-03
AMPLO_PROXY,Baixa_Vol,2022,CESP6,energia,0.1,2021-12-30,2022-01-03
AMPLO_PROXY,Baixa_Vol,2022,BBSE3,seguro,0.1,2021-12-30,2022-01-03
AMPLO_PROXY,Baixa_Vol,2022,SAPR11,saneamento,0.1,2021-12-30,2022-01-03
AMPLO_PROXY,Baixa_Vol,2022,TIMS3,telecom,0.1,2021-12-30,2022-01-03
AMPLO_PROXY,Baixa_Vol,2022,ITSA4,financeiro,0.1,2021-12-30,2022-01-03
AMPLO_PROXY,Baixa_Vol,2022,CPFE3,energia,0.1,2021-12-30,2022-01-03
AMPLO_PROXY,Valor,2022,GOAU4,siderurgico,0.1,2021-12-30,2022-01-03
AMPLO_PROXY,Valor,2022,COGN3,educação,0.1,2021-12-30,2022-01-03
AMPLO_PROXY,Valor,2022,PCAR3,supermercado,0.1,2021-12-30,2022-01-03
AMPLO_PROXY,Valor,2022,LIGT3,energia,0.1,2021-12-30,2022-01-03
AMPLO_PROXY,Valor,2022,BBAS3,banco,0.1,2021-12-30,2022-01-03
AMPLO_PROXY,Valor,2022,CIEL3,tecnologia,0.1,2021-12-30,2022-01-03
AMPLO_PROXY,Valor,2022,BRML3,shopping,0.1,2021-12-30,2022-01-03
AMPLO_PROXY,Valor,2022,BRAP4,mineração,0.1,2021-12-30,2022-01-03
AMPLO_PROXY,Valor,2022,AXIA3,energia,0.1,2021-12-30,2022-01-03
AMPLO_PROXY,Valor,2022,LAME4,varejo,0.1,2021-12-30,2022-01-03
AMPLO_PROXY,Qualidade,2022,FHER3,agrícola,0.1,2021-12-30,2022-01-03
AMPLO_PROXY,Qualidade,2022,TASA4,indústria,0.1,2021-12-30,2022-01-03
AMPLO_PROXY,Qualidade,2022,ETER3,indústria,0.1,2021-12-30,2022-01-03
AMPLO_PROXY,Qualidade,2022,BRKM5,químico,0.1,2021-12-30,2022-01-03
AMPLO_PROXY,Qualidade,2022,VALE3,mineração,0.1,2021-12-30,2022-01-03
AMPLO_PROXY,Qualidade,2022,CSNA3,siderurgico,0.1,2021-12-30,2022-01-03
AMPLO_PROXY,Qualidade,2022,USIM5,siderurgico,0.1,2021-12-30,2022-01-03
AMPLO_PROXY,Qualidade,2022,BRAP4,mineração,0.1,2021-12-30,2022-01-03
AMPLO_PROXY,Qualidade,2022,GGBR4,siderurgico,0.1,2021-12-30,2022-01-03
AMPLO_PROXY,Qualidade,2022,GOAU4,siderurgico,0.1,2021-12-30,2022-01-03
AMPLO_PROXY,Multifator,2022,GOAU4,siderurgico,0.1,2021-12-30,2022-01-03
AMPLO_PROXY,Multifator,2022,ENBR3,energia,0.1,2021-12-30,2022-01-03
AMPLO_PROXY,Multifator,2022,TAEE11,energia,0.1,2021-12-30,2022-01-03
AMPLO_PROXY,Multifator,2022,CMIG4,energia,0.1,2021-12-30,2022-01-03
AMPLO_PROXY,Multifator,2022,BRAP4,mineração,0.1,2021-12-30,2022-01-03
AMPLO_PROXY,Multifator,2022,CPLE6,energia,0.1,2021-12-30,2022-01-03
AMPLO_PROXY,Multifator,2022,GGBR4,siderurgico,0.1,2021-12-30,2022-01-03
AMPLO_PROXY,Multifator,2022,VIVT3,telecom,0.1,2021-12-30,2022-01-03
AMPLO_PROXY,Multifator,2022,PETR4,petróleo,0.1,2021-12-30,2022-01-03
AMPLO_PROXY,Multifator,2022,MBRF3,proteína,0.1,2021-12-30,2022-01-03
AMPLO_PROXY,Uniao_TCC,2022,AMBP3,saneamento,0.030303030303030304,2021-12-30,2022-01-03
AMPLO_PROXY,Uniao_TCC,2022,AXIA3,energia,0.030303030303030304,2021-12-30,2022-01-03
AMPLO_PROXY,Uniao_TCC,2022,BBAS3,banco,0.030303030303030304,2021-12-30,2022-01-03
AMPLO_PROXY,Uniao_TCC,2022,BBSE3,seguro,0.030303030303030304,2021-12-30,2022-01-03
AMPLO_PROXY,Uniao_TCC,2022,BRAP4,mineração,0.030303030303030304,2021-12-30,2022-01-03
AMPLO_PROXY,Uniao_TCC,2022,BRKM5,químico,0.030303030303030304,2021-12-30,2022-01-03
AMPLO_PROXY,Uniao_TCC,2022,BRML3,shopping,0.030303030303030304,2021-12-30,2022-01-03
AMPLO_PROXY,Uniao_TCC,2022,CESP6,energia,0.030303030303030304,2021-12-30,2022-01-03
AMPLO_PROXY,Uniao_TCC,2022,CIEL3,tecnologia,0.030303030303030304,2021-12-30,2022-01-03
AMPLO_PROXY,Uniao_TCC,2022,COGN3,educação,0.030303030303030304,2021-12-30,2022-01-03
AMPLO_PROXY,Uniao_TCC,2022,CPFE3,energia,0.030303030303030304,2021-12-30,2022-01-03
AMPLO_PROXY,Uniao_TCC,2022,CSNA3,siderurgico,0.030303030303030304,2021-12-30,2022-01-03
AMPLO_PROXY,Uniao_TCC,2022,EGIE3,energia,0.030303030303030304,2021-12-30,2022-01-03
AMPLO_PROXY,Uniao_TCC,2022,EMBJ3,indústria,0.030303030303030304,2021-12-30,2022-01-03
AMPLO_PROXY,Uniao_TCC,2022,ENBR3,energia,0.030303030303030304,2021-12-30,2022-01-03
AMPLO_PROXY,Uniao_TCC,2022,ETER3,indústria,0.030303030303030304,2021-12-30,2022-01-03
AMPLO_PROXY,Uniao_TCC,2022,FHER3,agrícola,0.030303030303030304,2021-12-30,2022-01-03
AMPLO_PROXY,Uniao_TCC,2022,GGBR4,siderurgico,0.030303030303030304,2021-12-30,2022-01-03
AMPLO_PROXY,Uniao_TCC,2022,GOAU4,siderurgico,0.030303030303030304,2021-12-30,2022-01-03
AMPLO_PROXY,Uniao_TCC,2022,ITSA4,financeiro,0.030303030303030304,2021-12-30,2022-01-03
AMPLO_PROXY,Uniao_TCC,2022,LAME4,varejo,0.030303030303030304,2021-12-30,2022-01-03
AMPLO_PROXY,Uniao_TCC,2022,LIGT3,energia,0.030303030303030304,2021-12-30,2022-01-03
AMPLO_PROXY,Uniao_TCC,2022,MBRF3,proteína,0.030303030303030304,2021-12-30,2022-01-03
AMPLO_PROXY,Uniao_TCC,2022,PCAR3,supermercado,0.030303030303030304,2021-12-30,2022-01-03
AMPLO_PROXY,Uniao_TCC,2022,POSI3,tecnologia,0.030303030303030304,2021-12-30,2022-01-03
AMPLO_PROXY,Uniao_TCC,2022,SAPR11,saneamento,0.030303030303030304,2021-12-30,2022-01-03
AMPLO_PROXY,Uniao_TCC,2022,SLCE3,agrícola,0.030303030303030304,2021-12-30,2022-01-03
AMPLO_PROXY,Uniao_TCC,2022,TAEE11,energia,0.030303030303030304,2021-12-30,2022-01-03
AMPLO_PROXY,Uniao_TCC,2022,TASA4,indústria,0.030303030303030304,2021-12-30,2022-01-03
AMPLO_PROXY,Uniao_TCC,2022,TIMS3,telecom,0.030303030303030304,2021-12-30,2022-01-03
AMPLO_PROXY,Uniao_TCC,2022,USIM5,siderurgico,0.030303030303030304,2021-12-30,2022-01-03
AMPLO_PROXY,Uniao_TCC,2022,VALE3,mineração,0.030303030303030304,2021-12-30,2022-01-03
AMPLO_PROXY,Uniao_TCC,2022,VIVT3,telecom,0.030303030303030304,2021-12-30,2022-01-03
AMPLO_PROXY,Universo_EW,2022,ABEV3,indústria,0.010309278350515464,2021-12-30,2022-01-03
AMPLO_PROXY,Universo_EW,2022,ALPA4,consumo,0.010309278350515464,2021-12-30,2022-01-03
AMPLO_PROXY,Universo_EW,2022,AMAR3,varejo,0.010309278350515464,2021-12-30,2022-01-03
AMPLO_PROXY,Universo_EW,2022,AMBP3,saneamento,0.010309278350515464,2021-12-30,2022-01-03
AMPLO_PROXY,Universo_EW,2022,AMER3,varejo,0.010309278350515464,2021-12-30,2022-01-03
AMPLO_PROXY,Universo_EW,2022,AXIA3,energia,0.010309278350515464,2021-12-30,2022-01-03
AMPLO_PROXY,Universo_EW,2022,AZUL3,aviação,0.010309278350515464,2021-12-30,2022-01-03
AMPLO_PROXY,Universo_EW,2022,AZZA3,consumo,0.010309278350515464,2021-12-30,2022-01-03
AMPLO_PROXY,Universo_EW,2022,B3SA3,financeiro,0.010309278350515464,2021-12-30,2022-01-03
AMPLO_PROXY,Universo_EW,2022,BBAS3,banco,0.010309278350515464,2021-12-30,2022-01-03
AMPLO_PROXY,Universo_EW,2022,BBDC4,banco,0.010309278350515464,2021-12-30,2022-01-03
AMPLO_PROXY,Universo_EW,2022,BBSE3,seguro,0.010309278350515464,2021-12-30,2022-01-03
AMPLO_PROXY,Universo_EW,2022,BEEF3,proteína,0.010309278350515464,2021-12-30,2022-01-03
AMPLO_PROXY,Universo_EW,2022,BHIA3,varejo,0.010309278350515464,2021-12-30,2022-01-03
AMPLO_PROXY,Universo_EW,2022,BIDI11,banco,0.010309278350515464,2021-12-30,2022-01-03
AMPLO_PROXY,Universo_EW,2022,BPAC11,banco,0.010309278350515464,2021-12-30,2022-01-03
AMPLO_PROXY,Universo_EW,2022,BPAN4,banco,0.010309278350515464,2021-12-30,2022-01-03
AMPLO_PROXY,Universo_EW,2022,BRAP4,mineração,0.010309278350515464,2021-12-30,2022-01-03
AMPLO_PROXY,Universo_EW,2022,BRFS3,proteína,0.010309278350515464,2021-12-30,2022-01-03
AMPLO_PROXY,Universo_EW,2022,BRKM5,químico,0.010309278350515464,2021-12-30,2022-01-03
AMPLO_PROXY,Universo_EW,2022,BRML3,shopping,0.010309278350515464,2021-12-30,2022-01-03
AMPLO_PROXY,Universo_EW,2022,CASH3,tecnologia,0.010309278350515464,2021-12-30,2022-01-03
AMPLO_PROXY,Universo_EW,2022,CESP6,energia,0.010309278350515464,2021-12-30,2022-01-03
AMPLO_PROXY,Universo_EW,2022,CIEL3,tecnologia,0.010309278350515464,2021-12-30,2022-01-03
AMPLO_PROXY,Universo_EW,2022,CMIG4,energia,0.010309278350515464,2021-12-30,2022-01-03
AMPLO_PROXY,Universo_EW,2022,COGN3,educação,0.010309278350515464,2021-12-30,2022-01-03
AMPLO_PROXY,Universo_EW,2022,CPFE3,energia,0.010309278350515464,2021-12-30,2022-01-03
AMPLO_PROXY,Universo_EW,2022,CPLE6,energia,0.010309278350515464,2021-12-30,2022-01-03
AMPLO_PROXY,Universo_EW,2022,CRFB3,supermercado,0.010309278350515464,2021-12-30,2022-01-03
AMPLO_PROXY,Universo_EW,2022,CSAN3,químico,0.010309278350515464,2021-12-30,2022-01-03
AMPLO_PROXY,Universo_EW,2022,CSNA3,siderurgico,0.010309278350515464,2021-12-30,2022-01-03
AMPLO_PROXY,Universo_EW,2022,CVCB3,consumo,0.010309278350515464,2021-12-30,2022-01-03
AMPLO_PROXY,Universo_EW,2022,CYRE3,construção,0.010309278350515464,2021-12-30,2022-01-03
AMPLO_PROXY,Universo_EW,2022,DXCO3,madeira-papel,0.010309278350515464,2021-12-30,2022-01-03
AMPLO_PROXY,Universo_EW,2022,ECOR3,transporte,0.010309278350515464,2021-12-30,2022-01-03
AMPLO_PROXY,Universo_EW,2022,EGIE3,energia,0.010309278350515464,2021-12-30,2022-01-03
AMPLO_PROXY,Universo_EW,2022,EMBJ3,indústria,0.010309278350515464,2021-12-30,2022-01-03
AMPLO_PROXY,Universo_EW,2022,ENBR3,energia,0.010309278350515464,2021-12-30,2022-01-03
AMPLO_PROXY,Universo_EW,2022,ENEV3,energia,0.010309278350515464,2021-12-30,2022-01-03
AMPLO_PROXY,Universo_EW,2022,ENGI11,energia,0.010309278350515464,2021-12-30,2022-01-03
AMPLO_PROXY,Universo_EW,2022,EQTL3,energia,0.010309278350515464,2021-12-30,2022-01-03
AMPLO_PROXY,Universo_EW,2022,ETER3,indústria,0.010309278350515464,2021-12-30,2022-01-03
AMPLO_PROXY,Universo_EW,2022,EZTC3,construção,0.010309278350515464,2021-12-30,2022-01-03
AMPLO_PROXY,Universo_EW,2022,FHER3,agrícola,0.010309278350515464,2021-12-30,2022-01-03
AMPLO_PROXY,Universo_EW,2022,FLRY3,saúde,0.010309278350515464,2021-12-30,2022-01-03
AMPLO_PROXY,Universo_EW,2022,GGBR4,siderurgico,0.010309278350515464,2021-12-30,2022-01-03
AMPLO_PROXY,Universo_EW,2022,GNDI3,saúde,0.010309278350515464,2021-12-30,2022-01-03
AMPLO_PROXY,Universo_EW,2022,GOAU4,siderurgico,0.010309278350515464,2021-12-30,2022-01-03
AMPLO_PROXY,Universo_EW,2022,HAPV3,saúde,0.010309278350515464,2021-12-30,2022-01-03
AMPLO_PROXY,Universo_EW,2022,HYPE3,saúde,0.010309278350515464,2021-12-30,2022-01-03
AMPLO_PROXY,Universo_EW,2022,IRBR3,seguro,0.010309278350515464,2021-12-30,2022-01-03
AMPLO_PROXY,Universo_EW,2022,ITSA4,financeiro,0.010309278350515464,2021-12-30,2022-01-03
AMPLO_PROXY,Universo_EW,2022,ITUB4,banco,0.010309278350515464,2021-12-30,2022-01-03
AMPLO_PROXY,Universo_EW,2022,KLBN11,madeira-papel,0.010309278350515464,2021-12-30,2022-01-03
AMPLO_PROXY,Universo_EW,2022,LAME4,varejo,0.010309278350515464,2021-12-30,2022-01-03
AMPLO_PROXY,Universo_EW,2022,LCAM3,transporte,0.010309278350515464,2021-12-30,2022-01-03
AMPLO_PROXY,Universo_EW,2022,LIGT3,energia,0.010309278350515464,2021-12-30,2022-01-03
AMPLO_PROXY,Universo_EW,2022,LREN3,varejo,0.010309278350515464,2021-12-30,2022-01-03
AMPLO_PROXY,Universo_EW,2022,LWSA3,tecnologia,0.010309278350515464,2021-12-30,2022-01-03
AMPLO_PROXY,Universo_EW,2022,MBRF3,proteína,0.010309278350515464,2021-12-30,2022-01-03
AMPLO_PROXY,Universo_EW,2022,MGLU3,varejo,0.010309278350515464,2021-12-30,2022-01-03
AMPLO_PROXY,Universo_EW,2022,MOTV3,transporte,0.010309278350515464,2021-12-30,2022-01-03
AMPLO_PROXY,Universo_EW,2022,MOVI3,transporte,0.010309278350515464,2021-12-30,2022-01-03
AMPLO_PROXY,Universo_EW,2022,MRVE3,construção,0.010309278350515464,2021-12-30,2022-01-03
AMPLO_PROXY,Universo_EW,2022,MULT3,shopping,0.010309278350515464,2021-12-30,2022-01-03
AMPLO_PROXY,Universo_EW,2022,NATU3,consumo,0.010309278350515464,2021-12-30,2022-01-03
AMPLO_PROXY,Universo_EW,2022,OIBR3,telecom,0.010309278350515464,2021-12-30,2022-01-03
AMPLO_PROXY,Universo_EW,2022,PCAR3,supermercado,0.010309278350515464,2021-12-30,2022-01-03
AMPLO_PROXY,Universo_EW,2022,PETR4,petróleo,0.010309278350515464,2021-12-30,2022-01-03
AMPLO_PROXY,Universo_EW,2022,POSI3,tecnologia,0.010309278350515464,2021-12-30,2022-01-03
AMPLO_PROXY,Universo_EW,2022,PRIO3,petróleo,0.010309278350515464,2021-12-30,2022-01-03
AMPLO_PROXY,Universo_EW,2022,PSSA3,seguro,0.010309278350515464,2021-12-30,2022-01-03
AMPLO_PROXY,Universo_EW,2022,QUAL3,saúde,0.010309278350515464,2021-12-30,2022-01-03
AMPLO_PROXY,Universo_EW,2022,RADL3,saúde,0.010309278350515464,2021-12-30,2022-01-03
AMPLO_PROXY,Universo_EW,2022,RAIL3,transporte,0.010309278350515464,2021-12-30,2022-01-03
AMPLO_PROXY,Universo_EW,2022,RDOR3,saúde,0.010309278350515464,2021-12-30,2022-01-03
AMPLO_PROXY,Universo_EW,2022,RENT3,transporte,0.010309278350515464,2021-12-30,2022-01-03
AMPLO_PROXY,Universo_EW,2022,RRRP3,petróleo,0.010309278350515464,2021-12-30,2022-01-03
AMPLO_PROXY,Universo_EW,2022,SANB11,banco,0.010309278350515464,2021-12-30,2022-01-03
AMPLO_PROXY,Universo_EW,2022,SAPR11,saneamento,0.010309278350515464,2021-12-30,2022-01-03
AMPLO_PROXY,Universo_EW,2022,SBSP3,saneamento,0.010309278350515464,2021-12-30,2022-01-03
AMPLO_PROXY,Universo_EW,2022,SLCE3,agrícola,0.010309278350515464,2021-12-30,2022-01-03
AMPLO_PROXY,Universo_EW,2022,SMTO3,agrícola,0.010309278350515464,2021-12-30,2022-01-03
AMPLO_PROXY,Universo_EW,2022,SOMA3,varejo,0.010309278350515464,2021-12-30,2022-01-03
AMPLO_PROXY,Universo_EW,2022,SULA11,seguro,0.010309278350515464,2021-12-30,2022-01-03
AMPLO_PROXY,Universo_EW,2022,SUZB3,madeira-papel,0.010309278350515464,2021-12-30,2022-01-03
AMPLO_PROXY,Universo_EW,2022,TAEE11,energia,0.010309278350515464,2021-12-30,2022-01-03
AMPLO_PROXY,Universo_EW,2022,TASA4,indústria,0.010309278350515464,2021-12-30,2022-01-03
AMPLO_PROXY,Universo_EW,2022,TIMS3,telecom,0.010309278350515464,2021-12-30,2022-01-03
AMPLO_PROXY,Universo_EW,2022,TOTS3,tecnologia,0.010309278350515464,2021-12-30,2022-01-03
AMPLO_PROXY,Universo_EW,2022,UGPA3,químico,0.010309278350515464,2021-12-30,2022-01-03
AMPLO_PROXY,Universo_EW,2022,USIM5,siderurgico,0.010309278350515464,2021-12-30,2022-01-03
AMPLO_PROXY,Universo_EW,2022,VALE3,mineração,0.010309278350515464,2021-12-30,2022-01-03
AMPLO_PROXY,Universo_EW,2022,VBBR3,transporte,0.010309278350515464,2021-12-30,2022-01-03
AMPLO_PROXY,Universo_EW,2022,VIVT3,telecom,0.010309278350515464,2021-12-30,2022-01-03
AMPLO_PROXY,Universo_EW,2022,WEGE3,indústria,0.010309278350515464,2021-12-30,2022-01-03
AMPLO_PROXY,Universo_EW,2022,YDUQ3,educação,0.010309278350515464,2021-12-30,2022-01-03
AMPLO_PROXY,Momentum,2023,CIEL3,tecnologia,0.1,2022-12-29,2023-01-02
AMPLO_PROXY,Momentum,2023,RECV3,petróleo,0.1,2022-12-29,2023-01-02
AMPLO_PROXY,Momentum,2023,PRIO3,petróleo,0.1,2022-12-29,2023-01-02
AMPLO_PROXY,Momentum,2023,BBSE3,seguro,0.1,2022-12-29,2023-01-02
AMPLO_PROXY,Momentum,2023,HYPE3,saúde,0.1,2022-12-29,2023-01-02
AMPLO_PROXY,Momentum,2023,MDIA3,consumo,0.1,2022-12-29,2023-01-02
AMPLO_PROXY,Momentum,2023,ASAI3,supermercado,0.1,2022-12-29,2023-01-02
AMPLO_PROXY,Momentum,2023,SBSP3,saneamento,0.1,2022-12-29,2023-01-02
AMPLO_PROXY,Momentum,2023,CPFE3,energia,0.1,2022-12-29,2023-01-02
AMPLO_PROXY,Momentum,2023,CPLE6,energia,0.1,2022-12-29,2023-01-02
AMPLO_PROXY,Baixa_Vol,2023,ISAE4,energia,0.1,2022-12-29,2023-01-02
AMPLO_PROXY,Baixa_Vol,2023,TAEE11,energia,0.1,2022-12-29,2023-01-02
AMPLO_PROXY,Baixa_Vol,2023,EGIE3,energia,0.1,2022-12-29,2023-01-02
AMPLO_PROXY,Baixa_Vol,2023,VIVT3,telecom,0.1,2022-12-29,2023-01-02
AMPLO_PROXY,Baixa_Vol,2023,ENBR3,energia,0.1,2022-12-29,2023-01-02
AMPLO_PROXY,Baixa_Vol,2023,ITSA4,financeiro,0.1,2022-12-29,2023-01-02
AMPLO_PROXY,Baixa_Vol,2023,TIMS3,telecom,0.1,2022-12-29,2023-01-02
AMPLO_PROXY,Baixa_Vol,2023,ABEV3,indústria,0.1,2022-12-29,2023-01-02
AMPLO_PROXY,Baixa_Vol,2023,ENGI11,energia,0.1,2022-12-29,2023-01-02
AMPLO_PROXY,Baixa_Vol,2023,BBSE3,seguro,0.1,2022-12-29,2023-01-02
AMPLO_PROXY,Valor,2023,MBRF3,proteína,0.1,2022-12-29,2023-01-02
AMPLO_PROXY,Valor,2023,GOAU4,siderurgico,0.1,2022-12-29,2023-01-02
AMPLO_PROXY,Valor,2023,PCAR3,supermercado,0.1,2022-12-29,2023-01-02
AMPLO_PROXY,Valor,2023,COGN3,educação,0.1,2022-12-29,2023-01-02
AMPLO_PROXY,Valor,2023,USIM5,siderurgico,0.1,2022-12-29,2023-01-02
AMPLO_PROXY,Valor,2023,IRBR3,seguro,0.1,2022-12-29,2023-01-02
AMPLO_PROXY,Valor,2023,MRVE3,construção,0.1,2022-12-29,2023-01-02
AMPLO_PROXY,Valor,2023,ALOS3,shopping,0.1,2022-12-29,2023-01-02
AMPLO_PROXY,Valor,2023,AMER3,varejo,0.1,2022-12-29,2023-01-02
AMPLO_PROXY,Valor,2023,BRML3,shopping,0.1,2022-12-29,2023-01-02
AMPLO_PROXY,Qualidade,2023,BRAP4,mineração,0.1,2022-12-29,2023-01-02
AMPLO_PROXY,Qualidade,2023,PETR4,petróleo,0.1,2022-12-29,2023-01-02
AMPLO_PROXY,Qualidade,2023,VALE3,mineração,0.1,2022-12-29,2023-01-02
AMPLO_PROXY,Qualidade,2023,ENAT3,petróleo,0.1,2022-12-29,2023-01-02
AMPLO_PROXY,Qualidade,2023,GGBR4,siderurgico,0.1,2022-12-29,2023-01-02
AMPLO_PROXY,Qualidade,2023,GOAU4,siderurgico,0.1,2022-12-29,2023-01-02
AMPLO_PROXY,Qualidade,2023,SLCE3,agrícola,0.1,2022-12-29,2023-01-02
AMPLO_PROXY,Qualidade,2023,AZUL3,aviação,0.1,2022-12-29,2023-01-02
AMPLO_PROXY,Qualidade,2023,WEGE3,indústria,0.1,2022-12-29,2023-01-02
AMPLO_PROXY,Qualidade,2023,MOTV3,transporte,0.1,2022-12-29,2023-01-02
AMPLO_PROXY,Multifator,2023,GOAU4,siderurgico,0.1,2022-12-29,2023-01-02
AMPLO_PROXY,Multifator,2023,PETR4,petróleo,0.1,2022-12-29,2023-01-02
AMPLO_PROXY,Multifator,2023,BRAP4,mineração,0.1,2022-12-29,2023-01-02
AMPLO_PROXY,Multifator,2023,ENBR3,energia,0.1,2022-12-29,2023-01-02
AMPLO_PROXY,Multifator,2023,GGBR4,siderurgico,0.1,2022-12-29,2023-01-02
AMPLO_PROXY,Multifator,2023,ITSA4,financeiro,0.1,2022-12-29,2023-01-02
AMPLO_PROXY,Multifator,2023,ISAE4,energia,0.1,2022-12-29,2023-01-02
AMPLO_PROXY,Multifator,2023,CMIG4,energia,0.1,2022-12-29,2023-01-02
AMPLO_PROXY,Multifator,2023,CPFE3,energia,0.1,2022-12-29,2023-01-02
AMPLO_PROXY,Multifator,2023,TAEE11,energia,0.1,2022-12-29,2023-01-02
AMPLO_PROXY,Uniao_TCC,2023,ABEV3,indústria,0.02631578947368421,2022-12-29,2023-01-02
AMPLO_PROXY,Uniao_TCC,2023,ALOS3,shopping,0.02631578947368421,2022-12-29,2023-01-02
AMPLO_PROXY,Uniao_TCC,2023,AMER3,varejo,0.02631578947368421,2022-12-29,2023-01-02
AMPLO_PROXY,Uniao_TCC,2023,ASAI3,supermercado,0.02631578947368421,2022-12-29,2023-01-02
AMPLO_PROXY,Uniao_TCC,2023,AZUL3,aviação,0.02631578947368421,2022-12-29,2023-01-02
AMPLO_PROXY,Uniao_TCC,2023,BBSE3,seguro,0.02631578947368421,2022-12-29,2023-01-02
AMPLO_PROXY,Uniao_TCC,2023,BRAP4,mineração,0.02631578947368421,2022-12-29,2023-01-02
AMPLO_PROXY,Uniao_TCC,2023,BRML3,shopping,0.02631578947368421,2022-12-29,2023-01-02
AMPLO_PROXY,Uniao_TCC,2023,CIEL3,tecnologia,0.02631578947368421,2022-12-29,2023-01-02
AMPLO_PROXY,Uniao_TCC,2023,COGN3,educação,0.02631578947368421,2022-12-29,2023-01-02
AMPLO_PROXY,Uniao_TCC,2023,CPFE3,energia,0.02631578947368421,2022-12-29,2023-01-02
AMPLO_PROXY,Uniao_TCC,2023,CPLE6,energia,0.02631578947368421,2022-12-29,2023-01-02
AMPLO_PROXY,Uniao_TCC,2023,EGIE3,energia,0.02631578947368421,2022-12-29,2023-01-02
AMPLO_PROXY,Uniao_TCC,2023,ENAT3,petróleo,0.02631578947368421,2022-12-29,2023-01-02
AMPLO_PROXY,Uniao_TCC,2023,ENBR3,energia,0.02631578947368421,2022-12-29,2023-01-02
AMPLO_PROXY,Uniao_TCC,2023,ENGI11,energia,0.02631578947368421,2022-12-29,2023-01-02
AMPLO_PROXY,Uniao_TCC,2023,GGBR4,siderurgico,0.02631578947368421,2022-12-29,2023-01-02
AMPLO_PROXY,Uniao_TCC,2023,GOAU4,siderurgico,0.02631578947368421,2022-12-29,2023-01-02
AMPLO_PROXY,Uniao_TCC,2023,HYPE3,saúde,0.02631578947368421,2022-12-29,2023-01-02
AMPLO_PROXY,Uniao_TCC,2023,IRBR3,seguro,0.02631578947368421,2022-12-29,2023-01-02
AMPLO_PROXY,Uniao_TCC,2023,ISAE4,energia,0.02631578947368421,2022-12-29,2023-01-02
AMPLO_PROXY,Uniao_TCC,2023,ITSA4,financeiro,0.02631578947368421,2022-12-29,2023-01-02
AMPLO_PROXY,Uniao_TCC,2023,MBRF3,proteína,0.02631578947368421,2022-12-29,2023-01-02
AMPLO_PROXY,Uniao_TCC,2023,MDIA3,consumo,0.02631578947368421,2022-12-29,2023-01-02
AMPLO_PROXY,Uniao_TCC,2023,MOTV3,transporte,0.02631578947368421,2022-12-29,2023-01-02
AMPLO_PROXY,Uniao_TCC,2023,MRVE3,construção,0.02631578947368421,2022-12-29,2023-01-02
AMPLO_PROXY,Uniao_TCC,2023,PCAR3,supermercado,0.02631578947368421,2022-12-29,2023-01-02
AMPLO_PROXY,Uniao_TCC,2023,PETR4,petróleo,0.02631578947368421,2022-12-29,2023-01-02
AMPLO_PROXY,Uniao_TCC,2023,PRIO3,petróleo,0.02631578947368421,2022-12-29,2023-01-02
AMPLO_PROXY,Uniao_TCC,2023,RECV3,petróleo,0.02631578947368421,2022-12-29,2023-01-02
AMPLO_PROXY,Uniao_TCC,2023,SBSP3,saneamento,0.02631578947368421,2022-12-29,2023-01-02
AMPLO_PROXY,Uniao_TCC,2023,SLCE3,agrícola,0.02631578947368421,2022-12-29,2023-01-02
AMPLO_PROXY,Uniao_TCC,2023,TAEE11,energia,0.02631578947368421,2022-12-29,2023-01-02
AMPLO_PROXY,Uniao_TCC,2023,TIMS3,telecom,0.02631578947368421,2022-12-29,2023-01-02
AMPLO_PROXY,Uniao_TCC,2023,USIM5,siderurgico,0.02631578947368421,2022-12-29,2023-01-02
AMPLO_PROXY,Uniao_TCC,2023,VALE3,mineração,0.02631578947368421,2022-12-29,2023-01-02
AMPLO_PROXY,Uniao_TCC,2023,VIVT3,telecom,0.02631578947368421,2022-12-29,2023-01-02
AMPLO_PROXY,Uniao_TCC,2023,WEGE3,indústria,0.02631578947368421,2022-12-29,2023-01-02
AMPLO_PROXY,Universo_EW,2023,ABEV3,indústria,0.010309278350515464,2022-12-29,2023-01-02
AMPLO_PROXY,Universo_EW,2023,ALOS3,shopping,0.010309278350515464,2022-12-29,2023-01-02
AMPLO_PROXY,Universo_EW,2023,ALPA4,consumo,0.010309278350515464,2022-12-29,2023-01-02
AMPLO_PROXY,Universo_EW,2023,AMER3,varejo,0.010309278350515464,2022-12-29,2023-01-02
AMPLO_PROXY,Universo_EW,2023,ASAI3,supermercado,0.010309278350515464,2022-12-29,2023-01-02
AMPLO_PROXY,Universo_EW,2023,AXIA3,energia,0.010309278350515464,2022-12-29,2023-01-02
AMPLO_PROXY,Universo_EW,2023,AZUL3,aviação,0.010309278350515464,2022-12-29,2023-01-02
AMPLO_PROXY,Universo_EW,2023,AZZA3,consumo,0.010309278350515464,2022-12-29,2023-01-02
AMPLO_PROXY,Universo_EW,2023,B3SA3,financeiro,0.010309278350515464,2022-12-29,2023-01-02
AMPLO_PROXY,Universo_EW,2023,BBAS3,banco,0.010309278350515464,2022-12-29,2023-01-02
AMPLO_PROXY,Universo_EW,2023,BBDC4,banco,0.010309278350515464,2022-12-29,2023-01-02
AMPLO_PROXY,Universo_EW,2023,BBSE3,seguro,0.010309278350515464,2022-12-29,2023-01-02
AMPLO_PROXY,Universo_EW,2023,BEEF3,proteína,0.010309278350515464,2022-12-29,2023-01-02
AMPLO_PROXY,Universo_EW,2023,BHIA3,varejo,0.010309278350515464,2022-12-29,2023-01-02
AMPLO_PROXY,Universo_EW,2023,BPAC11,banco,0.010309278350515464,2022-12-29,2023-01-02
AMPLO_PROXY,Universo_EW,2023,BPAN4,banco,0.010309278350515464,2022-12-29,2023-01-02
AMPLO_PROXY,Universo_EW,2023,BRAP4,mineração,0.010309278350515464,2022-12-29,2023-01-02
AMPLO_PROXY,Universo_EW,2023,BRFS3,proteína,0.010309278350515464,2022-12-29,2023-01-02
AMPLO_PROXY,Universo_EW,2023,BRKM5,químico,0.010309278350515464,2022-12-29,2023-01-02
AMPLO_PROXY,Universo_EW,2023,BRML3,shopping,0.010309278350515464,2022-12-29,2023-01-02
AMPLO_PROXY,Universo_EW,2023,CASH3,tecnologia,0.010309278350515464,2022-12-29,2023-01-02
AMPLO_PROXY,Universo_EW,2023,CBAV3,indústria,0.010309278350515464,2022-12-29,2023-01-02
AMPLO_PROXY,Universo_EW,2023,CIEL3,tecnologia,0.010309278350515464,2022-12-29,2023-01-02
AMPLO_PROXY,Universo_EW,2023,CMIG4,energia,0.010309278350515464,2022-12-29,2023-01-02
AMPLO_PROXY,Universo_EW,2023,CMIN3,mineração,0.010309278350515464,2022-12-29,2023-01-02
AMPLO_PROXY,Universo_EW,2023,COGN3,educação,0.010309278350515464,2022-12-29,2023-01-02
AMPLO_PROXY,Universo_EW,2023,CPFE3,energia,0.010309278350515464,2022-12-29,2023-01-02
AMPLO_PROXY,Universo_EW,2023,CPLE6,energia,0.010309278350515464,2022-12-29,2023-01-02
AMPLO_PROXY,Universo_EW,2023,CRFB3,supermercado,0.010309278350515464,2022-12-29,2023-01-02
AMPLO_PROXY,Universo_EW,2023,CSAN3,químico,0.010309278350515464,2022-12-29,2023-01-02
AMPLO_PROXY,Universo_EW,2023,CSNA3,siderurgico,0.010309278350515464,2022-12-29,2023-01-02
AMPLO_PROXY,Universo_EW,2023,CVCB3,consumo,0.010309278350515464,2022-12-29,2023-01-02
AMPLO_PROXY,Universo_EW,2023,CYRE3,construção,0.010309278350515464,2022-12-29,2023-01-02
AMPLO_PROXY,Universo_EW,2023,DXCO3,madeira-papel,0.010309278350515464,2022-12-29,2023-01-02
AMPLO_PROXY,Universo_EW,2023,ECOR3,transporte,0.010309278350515464,2022-12-29,2023-01-02
AMPLO_PROXY,Universo_EW,2023,EGIE3,energia,0.010309278350515464,2022-12-29,2023-01-02
AMPLO_PROXY,Universo_EW,2023,EMBJ3,indústria,0.010309278350515464,2022-12-29,2023-01-02
AMPLO_PROXY,Universo_EW,2023,ENAT3,petróleo,0.010309278350515464,2022-12-29,2023-01-02
AMPLO_PROXY,Universo_EW,2023,ENBR3,energia,0.010309278350515464,2022-12-29,2023-01-02
AMPLO_PROXY,Universo_EW,2023,ENEV3,energia,0.010309278350515464,2022-12-29,2023-01-02
AMPLO_PROXY,Universo_EW,2023,ENGI11,energia,0.010309278350515464,2022-12-29,2023-01-02
AMPLO_PROXY,Universo_EW,2023,EQTL3,energia,0.010309278350515464,2022-12-29,2023-01-02
AMPLO_PROXY,Universo_EW,2023,EZTC3,construção,0.010309278350515464,2022-12-29,2023-01-02
AMPLO_PROXY,Universo_EW,2023,FLRY3,saúde,0.010309278350515464,2022-12-29,2023-01-02
AMPLO_PROXY,Universo_EW,2023,GGBR4,siderurgico,0.010309278350515464,2022-12-29,2023-01-02
AMPLO_PROXY,Universo_EW,2023,GMAT3,varejo,0.010309278350515464,2022-12-29,2023-01-02
AMPLO_PROXY,Universo_EW,2023,GOAU4,siderurgico,0.010309278350515464,2022-12-29,2023-01-02
AMPLO_PROXY,Universo_EW,2023,HAPV3,saúde,0.010309278350515464,2022-12-29,2023-01-02
AMPLO_PROXY,Universo_EW,2023,HYPE3,saúde,0.010309278350515464,2022-12-29,2023-01-02
AMPLO_PROXY,Universo_EW,2023,IGTI11,shopping,0.010309278350515464,2022-12-29,2023-01-02
AMPLO_PROXY,Universo_EW,2023,INTB3,tecnologia,0.010309278350515464,2022-12-29,2023-01-02
AMPLO_PROXY,Universo_EW,2023,IRBR3,seguro,0.010309278350515464,2022-12-29,2023-01-02
AMPLO_PROXY,Universo_EW,2023,ISAE4,energia,0.010309278350515464,2022-12-29,2023-01-02
AMPLO_PROXY,Universo_EW,2023,ITSA4,financeiro,0.010309278350515464,2022-12-29,2023-01-02
AMPLO_PROXY,Universo_EW,2023,ITUB4,banco,0.010309278350515464,2022-12-29,2023-01-02
AMPLO_PROXY,Universo_EW,2023,KLBN11,madeira-papel,0.010309278350515464,2022-12-29,2023-01-02
AMPLO_PROXY,Universo_EW,2023,LREN3,varejo,0.010309278350515464,2022-12-29,2023-01-02
AMPLO_PROXY,Universo_EW,2023,LWSA3,tecnologia,0.010309278350515464,2022-12-29,2023-01-02
AMPLO_PROXY,Universo_EW,2023,MBRF3,proteína,0.010309278350515464,2022-12-29,2023-01-02
AMPLO_PROXY,Universo_EW,2023,MDIA3,consumo,0.010309278350515464,2022-12-29,2023-01-02
AMPLO_PROXY,Universo_EW,2023,MGLU3,varejo,0.010309278350515464,2022-12-29,2023-01-02
AMPLO_PROXY,Universo_EW,2023,MOTV3,transporte,0.010309278350515464,2022-12-29,2023-01-02
AMPLO_PROXY,Universo_EW,2023,MOVI3,transporte,0.010309278350515464,2022-12-29,2023-01-02
AMPLO_PROXY,Universo_EW,2023,MRVE3,construção,0.010309278350515464,2022-12-29,2023-01-02
AMPLO_PROXY,Universo_EW,2023,MULT3,shopping,0.010309278350515464,2022-12-29,2023-01-02
AMPLO_PROXY,Universo_EW,2023,NATU3,consumo,0.010309278350515464,2022-12-29,2023-01-02
AMPLO_PROXY,Universo_EW,2023,OIBR3,telecom,0.010309278350515464,2022-12-29,2023-01-02
AMPLO_PROXY,Universo_EW,2023,PCAR3,supermercado,0.010309278350515464,2022-12-29,2023-01-02
AMPLO_PROXY,Universo_EW,2023,PETR4,petróleo,0.010309278350515464,2022-12-29,2023-01-02
AMPLO_PROXY,Universo_EW,2023,PRIO3,petróleo,0.010309278350515464,2022-12-29,2023-01-02
AMPLO_PROXY,Universo_EW,2023,PSSA3,seguro,0.010309278350515464,2022-12-29,2023-01-02
AMPLO_PROXY,Universo_EW,2023,QUAL3,saúde,0.010309278350515464,2022-12-29,2023-01-02
AMPLO_PROXY,Universo_EW,2023,RADL3,saúde,0.010309278350515464,2022-12-29,2023-01-02
AMPLO_PROXY,Universo_EW,2023,RAIL3,transporte,0.010309278350515464,2022-12-29,2023-01-02
AMPLO_PROXY,Universo_EW,2023,RAIZ4,agrícola,0.010309278350515464,2022-12-29,2023-01-02
AMPLO_PROXY,Universo_EW,2023,RDOR3,saúde,0.010309278350515464,2022-12-29,2023-01-02
AMPLO_PROXY,Universo_EW,2023,RECV3,petróleo,0.010309278350515464,2022-12-29,2023-01-02
AMPLO_PROXY,Universo_EW,2023,RENT3,transporte,0.010309278350515464,2022-12-29,2023-01-02
AMPLO_PROXY,Universo_EW,2023,RRRP3,petróleo,0.010309278350515464,2022-12-29,2023-01-02
AMPLO_PROXY,Universo_EW,2023,SANB11,banco,0.010309278350515464,2022-12-29,2023-01-02
AMPLO_PROXY,Universo_EW,2023,SBSP3,saneamento,0.010309278350515464,2022-12-29,2023-01-02
AMPLO_PROXY,Universo_EW,2023,SLCE3,agrícola,0.010309278350515464,2022-12-29,2023-01-02
AMPLO_PROXY,Universo_EW,2023,SMTO3,agrícola,0.010309278350515464,2022-12-29,2023-01-02
AMPLO_PROXY,Universo_EW,2023,SOMA3,varejo,0.010309278350515464,2022-12-29,2023-01-02
AMPLO_PROXY,Universo_EW,2023,STBP3,transporte,0.010309278350515464,2022-12-29,2023-01-02
AMPLO_PROXY,Universo_EW,2023,SUZB3,madeira-papel,0.010309278350515464,2022-12-29,2023-01-02
AMPLO_PROXY,Universo_EW,2023,TAEE11,energia,0.010309278350515464,2022-12-29,2023-01-02
AMPLO_PROXY,Universo_EW,2023,TIMS3,telecom,0.010309278350515464,2022-12-29,2023-01-02
AMPLO_PROXY,Universo_EW,2023,TOTS3,tecnologia,0.010309278350515464,2022-12-29,2023-01-02
AMPLO_PROXY,Universo_EW,2023,UGPA3,químico,0.010309278350515464,2022-12-29,2023-01-02
AMPLO_PROXY,Universo_EW,2023,USIM5,siderurgico,0.010309278350515464,2022-12-29,2023-01-02
AMPLO_PROXY,Universo_EW,2023,VALE3,mineração,0.010309278350515464,2022-12-29,2023-01-02
AMPLO_PROXY,Universo_EW,2023,VAMO3,transporte,0.010309278350515464,2022-12-29,2023-01-02
AMPLO_PROXY,Universo_EW,2023,VBBR3,transporte,0.010309278350515464,2022-12-29,2023-01-02
AMPLO_PROXY,Universo_EW,2023,VIVT3,telecom,0.010309278350515464,2022-12-29,2023-01-02
AMPLO_PROXY,Universo_EW,2023,WEGE3,indústria,0.010309278350515464,2022-12-29,2023-01-02
AMPLO_PROXY,Universo_EW,2023,YDUQ3,educação,0.010309278350515464,2022-12-29,2023-01-02
AMPLO_PROXY,Momentum,2024,TEND3,construção,0.1,2023-12-28,2024-01-02
AMPLO_PROXY,Momentum,2024,POMO4,transporte,0.1,2023-12-28,2024-01-02
AMPLO_PROXY,Momentum,2024,YDUQ3,educação,0.1,2023-12-28,2024-01-02
AMPLO_PROXY,Momentum,2024,UGPA3,químico,0.1,2023-12-28,2024-01-02
AMPLO_PROXY,Momentum,2024,ECOR3,transporte,0.1,2023-12-28,2024-01-02
AMPLO_PROXY,Momentum,2024,CMIN3,mineração,0.1,2023-12-28,2024-01-02
AMPLO_PROXY,Momentum,2024,PETR4,petróleo,0.1,2023-12-28,2024-01-02
AMPLO_PROXY,Momentum,2024,SMFT3,consumo,0.1,2023-12-28,2024-01-02
AMPLO_PROXY,Momentum,2024,CYRE3,construção,0.1,2023-12-28,2024-01-02
AMPLO_PROXY,Momentum,2024,BBAS3,banco,0.1,2023-12-28,2024-01-02
AMPLO_PROXY,Baixa_Vol,2024,TAEE11,energia,0.1,2023-12-28,2024-01-02
AMPLO_PROXY,Baixa_Vol,2024,AURE3,energia,0.1,2023-12-28,2024-01-02
AMPLO_PROXY,Baixa_Vol,2024,EGIE3,energia,0.1,2023-12-28,2024-01-02
AMPLO_PROXY,Baixa_Vol,2024,BBSE3,seguro,0.1,2023-12-28,2024-01-02
AMPLO_PROXY,Baixa_Vol,2024,ABEV3,indústria,0.1,2023-12-28,2024-01-02
AMPLO_PROXY,Baixa_Vol,2024,ISAE4,energia,0.1,2023-12-28,2024-01-02
AMPLO_PROXY,Baixa_Vol,2024,ITSA4,financeiro,0.1,2023-12-28,2024-01-02
AMPLO_PROXY,Baixa_Vol,2024,VIVT3,telecom,0.1,2023-12-28,2024-01-02
AMPLO_PROXY,Baixa_Vol,2024,EQTL3,energia,0.1,2023-12-28,2024-01-02
AMPLO_PROXY,Baixa_Vol,2024,KLBN11,madeira-papel,0.1,2023-12-28,2024-01-02
AMPLO_PROXY,Valor,2024,GOAU4,siderurgico,0.1,2023-12-28,2024-01-02
AMPLO_PROXY,Valor,2024,PCAR3,supermercado,0.1,2023-12-28,2024-01-02
AMPLO_PROXY,Valor,2024,MBRF3,proteína,0.1,2023-12-28,2024-01-02
AMPLO_PROXY,Valor,2024,GFSA3,construção,0.1,2023-12-28,2024-01-02
AMPLO_PROXY,Valor,2024,USIM5,siderurgico,0.1,2023-12-28,2024-01-02
AMPLO_PROXY,Valor,2024,COGN3,educação,0.1,2023-12-28,2024-01-02
AMPLO_PROXY,Valor,2024,HAPV3,saúde,0.1,2023-12-28,2024-01-02
AMPLO_PROXY,Valor,2024,CSAN3,químico,0.1,2023-12-28,2024-01-02
AMPLO_PROXY,Valor,2024,SOMA3,varejo,0.1,2023-12-28,2024-01-02
AMPLO_PROXY,Valor,2024,GGBR4,siderurgico,0.1,2023-12-28,2024-01-02
AMPLO_PROXY,Qualidade,2024,AZUL3,aviação,0.1,2023-12-28,2024-01-02
AMPLO_PROXY,Qualidade,2024,ALOS3,shopping,0.1,2023-12-28,2024-01-02
AMPLO_PROXY,Qualidade,2024,WEGE3,indústria,0.1,2023-12-28,2024-01-02
AMPLO_PROXY,Qualidade,2024,PETR4,petróleo,0.1,2023-12-28,2024-01-02
AMPLO_PROXY,Qualidade,2024,CMIN3,mineração,0.1,2023-12-28,2024-01-02
AMPLO_PROXY,Qualidade,2024,BRAP4,mineração,0.1,2023-12-28,2024-01-02
AMPLO_PROXY,Qualidade,2024,CPFE3,energia,0.1,2023-12-28,2024-01-02
AMPLO_PROXY,Qualidade,2024,VALE3,mineração,0.1,2023-12-28,2024-01-02
AMPLO_PROXY,Qualidade,2024,PRIO3,petróleo,0.1,2023-12-28,2024-01-02
AMPLO_PROXY,Qualidade,2024,STBP3,transporte,0.1,2023-12-28,2024-01-02
AMPLO_PROXY,Multifator,2024,ALOS3,shopping,0.1,2023-12-28,2024-01-02
AMPLO_PROXY,Multifator,2024,PETR4,petróleo,0.1,2023-12-28,2024-01-02
AMPLO_PROXY,Multifator,2024,ITSA4,financeiro,0.1,2023-12-28,2024-01-02
AMPLO_PROXY,Multifator,2024,ISAE4,energia,0.1,2023-12-28,2024-01-02
AMPLO_PROXY,Multifator,2024,TIMS3,telecom,0.1,2023-12-28,2024-01-02
AMPLO_PROXY,Multifator,2024,CSMG3,saneamento,0.1,2023-12-28,2024-01-02
AMPLO_PROXY,Multifator,2024,GOAU4,siderurgico,0.1,2023-12-28,2024-01-02
AMPLO_PROXY,Multifator,2024,CMIG4,energia,0.1,2023-12-28,2024-01-02
AMPLO_PROXY,Multifator,2024,VIVT3,telecom,0.1,2023-12-28,2024-01-02
AMPLO_PROXY,Multifator,2024,BBAS3,banco,0.1,2023-12-28,2024-01-02
AMPLO_PROXY,Uniao_TCC,2024,ABEV3,indústria,0.02631578947368421,2023-12-28,2024-01-02
AMPLO_PROXY,Uniao_TCC,2024,ALOS3,shopping,0.02631578947368421,2023-12-28,2024-01-02
AMPLO_PROXY,Uniao_TCC,2024,AURE3,energia,0.02631578947368421,2023-12-28,2024-01-02
AMPLO_PROXY,Uniao_TCC,2024,AZUL3,aviação,0.02631578947368421,2023-12-28,2024-01-02
AMPLO_PROXY,Uniao_TCC,2024,BBAS3,banco,0.02631578947368421,2023-12-28,2024-01-02
AMPLO_PROXY,Uniao_TCC,2024,BBSE3,seguro,0.02631578947368421,2023-12-28,2024-01-02
AMPLO_PROXY,Uniao_TCC,2024,BRAP4,mineração,0.02631578947368421,2023-12-28,2024-01-02
AMPLO_PROXY,Uniao_TCC,2024,CMIN3,mineração,0.02631578947368421,2023-12-28,2024-01-02
AMPLO_PROXY,Uniao_TCC,2024,COGN3,educação,0.02631578947368421,2023-12-28,2024-01-02
AMPLO_PROXY,Uniao_TCC,2024,CPFE3,energia,0.02631578947368421,2023-12-28,2024-01-02
AMPLO_PROXY,Uniao_TCC,2024,CSAN3,químico,0.02631578947368421,2023-12-28,2024-01-02
AMPLO_PROXY,Uniao_TCC,2024,CYRE3,construção,0.02631578947368421,2023-12-28,2024-01-02
AMPLO_PROXY,Uniao_TCC,2024,ECOR3,transporte,0.02631578947368421,2023-12-28,2024-01-02
AMPLO_PROXY,Uniao_TCC,2024,EGIE3,energia,0.02631578947368421,2023-12-28,2024-01-02
AMPLO_PROXY,Uniao_TCC,2024,EQTL3,energia,0.02631578947368421,2023-12-28,2024-01-02
AMPLO_PROXY,Uniao_TCC,2024,GFSA3,construção,0.02631578947368421,2023-12-28,2024-01-02
AMPLO_PROXY,Uniao_TCC,2024,GGBR4,siderurgico,0.02631578947368421,2023-12-28,2024-01-02
AMPLO_PROXY,Uniao_TCC,2024,GOAU4,siderurgico,0.02631578947368421,2023-12-28,2024-01-02
AMPLO_PROXY,Uniao_TCC,2024,HAPV3,saúde,0.02631578947368421,2023-12-28,2024-01-02
AMPLO_PROXY,Uniao_TCC,2024,ISAE4,energia,0.02631578947368421,2023-12-28,2024-01-02
AMPLO_PROXY,Uniao_TCC,2024,ITSA4,financeiro,0.02631578947368421,2023-12-28,2024-01-02
AMPLO_PROXY,Uniao_TCC,2024,KLBN11,madeira-papel,0.02631578947368421,2023-12-28,2024-01-02
AMPLO_PROXY,Uniao_TCC,2024,MBRF3,proteína,0.02631578947368421,2023-12-28,2024-01-02
AMPLO_PROXY,Uniao_TCC,2024,PCAR3,supermercado,0.02631578947368421,2023-12-28,2024-01-02
AMPLO_PROXY,Uniao_TCC,2024,PETR4,petróleo,0.02631578947368421,2023-12-28,2024-01-02
AMPLO_PROXY,Uniao_TCC,2024,POMO4,transporte,0.02631578947368421,2023-12-28,2024-01-02
AMPLO_PROXY,Uniao_TCC,2024,PRIO3,petróleo,0.02631578947368421,2023-12-28,2024-01-02
AMPLO_PROXY,Uniao_TCC,2024,SMFT3,consumo,0.02631578947368421,2023-12-28,2024-01-02
AMPLO_PROXY,Uniao_TCC,2024,SOMA3,varejo,0.02631578947368421,2023-12-28,2024-01-02
AMPLO_PROXY,Uniao_TCC,2024,STBP3,transporte,0.02631578947368421,2023-12-28,2024-01-02
AMPLO_PROXY,Uniao_TCC,2024,TAEE11,energia,0.02631578947368421,2023-12-28,2024-01-02
AMPLO_PROXY,Uniao_TCC,2024,TEND3,construção,0.02631578947368421,2023-12-28,2024-01-02
AMPLO_PROXY,Uniao_TCC,2024,UGPA3,químico,0.02631578947368421,2023-12-28,2024-01-02
AMPLO_PROXY,Uniao_TCC,2024,USIM5,siderurgico,0.02631578947368421,2023-12-28,2024-01-02
AMPLO_PROXY,Uniao_TCC,2024,VALE3,mineração,0.02631578947368421,2023-12-28,2024-01-02
AMPLO_PROXY,Uniao_TCC,2024,VIVT3,telecom,0.02631578947368421,2023-12-28,2024-01-02
AMPLO_PROXY,Uniao_TCC,2024,WEGE3,indústria,0.02631578947368421,2023-12-28,2024-01-02
AMPLO_PROXY,Uniao_TCC,2024,YDUQ3,educação,0.02631578947368421,2023-12-28,2024-01-02
AMPLO_PROXY,Universo_EW,2024,ABEV3,indústria,0.010309278350515464,2023-12-28,2024-01-02
AMPLO_PROXY,Universo_EW,2024,ALOS3,shopping,0.010309278350515464,2023-12-28,2024-01-02
AMPLO_PROXY,Universo_EW,2024,ALPA4,consumo,0.010309278350515464,2023-12-28,2024-01-02
AMPLO_PROXY,Universo_EW,2024,ASAI3,supermercado,0.010309278350515464,2023-12-28,2024-01-02
AMPLO_PROXY,Universo_EW,2024,AURE3,energia,0.010309278350515464,2023-12-28,2024-01-02
AMPLO_PROXY,Universo_EW,2024,AXIA3,energia,0.010309278350515464,2023-12-28,2024-01-02
AMPLO_PROXY,Universo_EW,2024,AZUL3,aviação,0.010309278350515464,2023-12-28,2024-01-02
AMPLO_PROXY,Universo_EW,2024,AZZA3,consumo,0.010309278350515464,2023-12-28,2024-01-02
AMPLO_PROXY,Universo_EW,2024,B3SA3,financeiro,0.010309278350515464,2023-12-28,2024-01-02
AMPLO_PROXY,Universo_EW,2024,BBAS3,banco,0.010309278350515464,2023-12-28,2024-01-02
AMPLO_PROXY,Universo_EW,2024,BBDC4,banco,0.010309278350515464,2023-12-28,2024-01-02
AMPLO_PROXY,Universo_EW,2024,BBSE3,seguro,0.010309278350515464,2023-12-28,2024-01-02
AMPLO_PROXY,Universo_EW,2024,BEEF3,proteína,0.010309278350515464,2023-12-28,2024-01-02
AMPLO_PROXY,Universo_EW,2024,BHIA3,varejo,0.010309278350515464,2023-12-28,2024-01-02
AMPLO_PROXY,Universo_EW,2024,BPAC11,banco,0.010309278350515464,2023-12-28,2024-01-02
AMPLO_PROXY,Universo_EW,2024,BRAP4,mineração,0.010309278350515464,2023-12-28,2024-01-02
AMPLO_PROXY,Universo_EW,2024,BRFS3,proteína,0.010309278350515464,2023-12-28,2024-01-02
AMPLO_PROXY,Universo_EW,2024,BRKM5,químico,0.010309278350515464,2023-12-28,2024-01-02
AMPLO_PROXY,Universo_EW,2024,CIEL3,tecnologia,0.010309278350515464,2023-12-28,2024-01-02
AMPLO_PROXY,Universo_EW,2024,CMIG4,energia,0.010309278350515464,2023-12-28,2024-01-02
AMPLO_PROXY,Universo_EW,2024,CMIN3,mineração,0.010309278350515464,2023-12-28,2024-01-02
AMPLO_PROXY,Universo_EW,2024,COGN3,educação,0.010309278350515464,2023-12-28,2024-01-02
AMPLO_PROXY,Universo_EW,2024,CPFE3,energia,0.010309278350515464,2023-12-28,2024-01-02
AMPLO_PROXY,Universo_EW,2024,CPLE6,energia,0.010309278350515464,2023-12-28,2024-01-02
AMPLO_PROXY,Universo_EW,2024,CRFB3,supermercado,0.010309278350515464,2023-12-28,2024-01-02
AMPLO_PROXY,Universo_EW,2024,CSAN3,químico,0.010309278350515464,2023-12-28,2024-01-02
AMPLO_PROXY,Universo_EW,2024,CSMG3,saneamento,0.010309278350515464,2023-12-28,2024-01-02
AMPLO_PROXY,Universo_EW,2024,CSNA3,siderurgico,0.010309278350515464,2023-12-28,2024-01-02
AMPLO_PROXY,Universo_EW,2024,CVCB3,consumo,0.010309278350515464,2023-12-28,2024-01-02
AMPLO_PROXY,Universo_EW,2024,CYRE3,construção,0.010309278350515464,2023-12-28,2024-01-02
AMPLO_PROXY,Universo_EW,2024,DIRR3,construção,0.010309278350515464,2023-12-28,2024-01-02
AMPLO_PROXY,Universo_EW,2024,DXCO3,madeira-papel,0.010309278350515464,2023-12-28,2024-01-02
AMPLO_PROXY,Universo_EW,2024,ECOR3,transporte,0.010309278350515464,2023-12-28,2024-01-02
AMPLO_PROXY,Universo_EW,2024,EGIE3,energia,0.010309278350515464,2023-12-28,2024-01-02
AMPLO_PROXY,Universo_EW,2024,EMBJ3,indústria,0.010309278350515464,2023-12-28,2024-01-02
AMPLO_PROXY,Universo_EW,2024,ENEV3,energia,0.010309278350515464,2023-12-28,2024-01-02
AMPLO_PROXY,Universo_EW,2024,ENGI11,energia,0.010309278350515464,2023-12-28,2024-01-02
AMPLO_PROXY,Universo_EW,2024,EQTL3,energia,0.010309278350515464,2023-12-28,2024-01-02
AMPLO_PROXY,Universo_EW,2024,EZTC3,construção,0.010309278350515464,2023-12-28,2024-01-02
AMPLO_PROXY,Universo_EW,2024,FLRY3,saúde,0.010309278350515464,2023-12-28,2024-01-02
AMPLO_PROXY,Universo_EW,2024,GFSA3,construção,0.010309278350515464,2023-12-28,2024-01-02
AMPLO_PROXY,Universo_EW,2024,GGBR4,siderurgico,0.010309278350515464,2023-12-28,2024-01-02
AMPLO_PROXY,Universo_EW,2024,GGPS3,transporte,0.010309278350515464,2023-12-28,2024-01-02
AMPLO_PROXY,Universo_EW,2024,GMAT3,varejo,0.010309278350515464,2023-12-28,2024-01-02
AMPLO_PROXY,Universo_EW,2024,GOAU4,siderurgico,0.010309278350515464,2023-12-28,2024-01-02
AMPLO_PROXY,Universo_EW,2024,HAPV3,saúde,0.010309278350515464,2023-12-28,2024-01-02
AMPLO_PROXY,Universo_EW,2024,HYPE3,saúde,0.010309278350515464,2023-12-28,2024-01-02
AMPLO_PROXY,Universo_EW,2024,IGTI11,shopping,0.010309278350515464,2023-12-28,2024-01-02
AMPLO_PROXY,Universo_EW,2024,INTB3,tecnologia,0.010309278350515464,2023-12-28,2024-01-02
AMPLO_PROXY,Universo_EW,2024,IRBR3,seguro,0.010309278350515464,2023-12-28,2024-01-02
AMPLO_PROXY,Universo_EW,2024,ISAE4,energia,0.010309278350515464,2023-12-28,2024-01-02
AMPLO_PROXY,Universo_EW,2024,ITSA4,financeiro,0.010309278350515464,2023-12-28,2024-01-02
AMPLO_PROXY,Universo_EW,2024,ITUB4,banco,0.010309278350515464,2023-12-28,2024-01-02
AMPLO_PROXY,Universo_EW,2024,KLBN11,madeira-papel,0.010309278350515464,2023-12-28,2024-01-02
AMPLO_PROXY,Universo_EW,2024,LREN3,varejo,0.010309278350515464,2023-12-28,2024-01-02
AMPLO_PROXY,Universo_EW,2024,LWSA3,tecnologia,0.010309278350515464,2023-12-28,2024-01-02
AMPLO_PROXY,Universo_EW,2024,MBRF3,proteína,0.010309278350515464,2023-12-28,2024-01-02
AMPLO_PROXY,Universo_EW,2024,MDIA3,consumo,0.010309278350515464,2023-12-28,2024-01-02
AMPLO_PROXY,Universo_EW,2024,MGLU3,varejo,0.010309278350515464,2023-12-28,2024-01-02
AMPLO_PROXY,Universo_EW,2024,MOTV3,transporte,0.010309278350515464,2023-12-28,2024-01-02
AMPLO_PROXY,Universo_EW,2024,MOVI3,transporte,0.010309278350515464,2023-12-28,2024-01-02
AMPLO_PROXY,Universo_EW,2024,MRVE3,construção,0.010309278350515464,2023-12-28,2024-01-02
AMPLO_PROXY,Universo_EW,2024,MULT3,shopping,0.010309278350515464,2023-12-28,2024-01-02
AMPLO_PROXY,Universo_EW,2024,NATU3,consumo,0.010309278350515464,2023-12-28,2024-01-02
AMPLO_PROXY,Universo_EW,2024,PCAR3,supermercado,0.010309278350515464,2023-12-28,2024-01-02
AMPLO_PROXY,Universo_EW,2024,PETR4,petróleo,0.010309278350515464,2023-12-28,2024-01-02
AMPLO_PROXY,Universo_EW,2024,POMO4,transporte,0.010309278350515464,2023-12-28,2024-01-02
AMPLO_PROXY,Universo_EW,2024,PRIO3,petróleo,0.010309278350515464,2023-12-28,2024-01-02
AMPLO_PROXY,Universo_EW,2024,PSSA3,seguro,0.010309278350515464,2023-12-28,2024-01-02
AMPLO_PROXY,Universo_EW,2024,RADL3,saúde,0.010309278350515464,2023-12-28,2024-01-02
AMPLO_PROXY,Universo_EW,2024,RAIL3,transporte,0.010309278350515464,2023-12-28,2024-01-02
AMPLO_PROXY,Universo_EW,2024,RAIZ4,agrícola,0.010309278350515464,2023-12-28,2024-01-02
AMPLO_PROXY,Universo_EW,2024,RDOR3,saúde,0.010309278350515464,2023-12-28,2024-01-02
AMPLO_PROXY,Universo_EW,2024,RECV3,petróleo,0.010309278350515464,2023-12-28,2024-01-02
AMPLO_PROXY,Universo_EW,2024,RENT3,transporte,0.010309278350515464,2023-12-28,2024-01-02
AMPLO_PROXY,Universo_EW,2024,RRRP3,petróleo,0.010309278350515464,2023-12-28,2024-01-02
AMPLO_PROXY,Universo_EW,2024,SANB11,banco,0.010309278350515464,2023-12-28,2024-01-02
AMPLO_PROXY,Universo_EW,2024,SBSP3,saneamento,0.010309278350515464,2023-12-28,2024-01-02
AMPLO_PROXY,Universo_EW,2024,SLCE3,agrícola,0.010309278350515464,2023-12-28,2024-01-02
AMPLO_PROXY,Universo_EW,2024,SMFT3,consumo,0.010309278350515464,2023-12-28,2024-01-02
AMPLO_PROXY,Universo_EW,2024,SMTO3,agrícola,0.010309278350515464,2023-12-28,2024-01-02
AMPLO_PROXY,Universo_EW,2024,SOMA3,varejo,0.010309278350515464,2023-12-28,2024-01-02
AMPLO_PROXY,Universo_EW,2024,STBP3,transporte,0.010309278350515464,2023-12-28,2024-01-02
AMPLO_PROXY,Universo_EW,2024,SUZB3,madeira-papel,0.010309278350515464,2023-12-28,2024-01-02
AMPLO_PROXY,Universo_EW,2024,TAEE11,energia,0.010309278350515464,2023-12-28,2024-01-02
AMPLO_PROXY,Universo_EW,2024,TEND3,construção,0.010309278350515464,2023-12-28,2024-01-02
AMPLO_PROXY,Universo_EW,2024,TIMS3,telecom,0.010309278350515464,2023-12-28,2024-01-02
AMPLO_PROXY,Universo_EW,2024,TOTS3,tecnologia,0.010309278350515464,2023-12-28,2024-01-02
AMPLO_PROXY,Universo_EW,2024,UGPA3,químico,0.010309278350515464,2023-12-28,2024-01-02
AMPLO_PROXY,Universo_EW,2024,USIM5,siderurgico,0.010309278350515464,2023-12-28,2024-01-02
AMPLO_PROXY,Universo_EW,2024,VALE3,mineração,0.010309278350515464,2023-12-28,2024-01-02
AMPLO_PROXY,Universo_EW,2024,VAMO3,transporte,0.010309278350515464,2023-12-28,2024-01-02
AMPLO_PROXY,Universo_EW,2024,VBBR3,transporte,0.010309278350515464,2023-12-28,2024-01-02
AMPLO_PROXY,Universo_EW,2024,VIVA3,consumo,0.010309278350515464,2023-12-28,2024-01-02
AMPLO_PROXY,Universo_EW,2024,VIVT3,telecom,0.010309278350515464,2023-12-28,2024-01-02
AMPLO_PROXY,Universo_EW,2024,WEGE3,indústria,0.010309278350515464,2023-12-28,2024-01-02
AMPLO_PROXY,Universo_EW,2024,YDUQ3,educação,0.010309278350515464,2023-12-28,2024-01-02
AMPLO_PROXY,Momentum,2025,AMBP3,saneamento,0.1,2024-12-30,2025-01-02
AMPLO_PROXY,Momentum,2025,EMBJ3,indústria,0.1,2024-12-30,2025-01-02
AMPLO_PROXY,Momentum,2025,MBRF3,proteína,0.1,2024-12-30,2025-01-02
AMPLO_PROXY,Momentum,2025,BRFS3,proteína,0.1,2024-12-30,2025-01-02
AMPLO_PROXY,Momentum,2025,STBP3,transporte,0.1,2024-12-30,2025-01-02
AMPLO_PROXY,Momentum,2025,WEGE3,indústria,0.1,2024-12-30,2025-01-02
AMPLO_PROXY,Momentum,2025,CMIG4,energia,0.1,2024-12-30,2025-01-02
AMPLO_PROXY,Momentum,2025,PSSA3,seguro,0.1,2024-12-30,2025-01-02
AMPLO_PROXY,Momentum,2025,DIRR3,construção,0.1,2024-12-30,2025-01-02
AMPLO_PROXY,Momentum,2025,POMO4,transporte,0.1,2024-12-30,2025-01-02
AMPLO_PROXY,Baixa_Vol,2025,TAEE11,energia,0.1,2024-12-30,2025-01-02
AMPLO_PROXY,Baixa_Vol,2025,BBSE3,seguro,0.1,2024-12-30,2025-01-02
AMPLO_PROXY,Baixa_Vol,2025,BBAS3,banco,0.1,2024-12-30,2025-01-02
AMPLO_PROXY,Baixa_Vol,2025,ALUP11,energia,0.1,2024-12-30,2025-01-02
AMPLO_PROXY,Baixa_Vol,2025,EGIE3,energia,0.1,2024-12-30,2025-01-02
AMPLO_PROXY,Baixa_Vol,2025,AURE3,energia,0.1,2024-12-30,2025-01-02
AMPLO_PROXY,Baixa_Vol,2025,ITUB4,banco,0.1,2024-12-30,2025-01-02
AMPLO_PROXY,Baixa_Vol,2025,ITSA4,financeiro,0.1,2024-12-30,2025-01-02
AMPLO_PROXY,Baixa_Vol,2025,CPFE3,energia,0.1,2024-12-30,2025-01-02
AMPLO_PROXY,Baixa_Vol,2025,KLBN11,madeira-papel,0.1,2024-12-30,2025-01-02
AMPLO_PROXY,Valor,2025,BHIA3,varejo,0.1,2024-12-30,2025-01-02
AMPLO_PROXY,Valor,2025,COGN3,educação,0.1,2024-12-30,2025-01-02
AMPLO_PROXY,Valor,2025,GOAU4,siderurgico,0.1,2024-12-30,2025-01-02
AMPLO_PROXY,Valor,2025,USIM5,siderurgico,0.1,2024-12-30,2025-01-02
AMPLO_PROXY,Valor,2025,CSAN3,químico,0.1,2024-12-30,2025-01-02
AMPLO_PROXY,Valor,2025,PCAR3,supermercado,0.1,2024-12-30,2025-01-02
AMPLO_PROXY,Valor,2025,HAPV3,saúde,0.1,2024-12-30,2025-01-02
AMPLO_PROXY,Valor,2025,ONCO3,saúde,0.1,2024-12-30,2025-01-02
AMPLO_PROXY,Valor,2025,MRVE3,construção,0.1,2024-12-30,2025-01-02
AMPLO_PROXY,Valor,2025,MGLU3,varejo,0.1,2024-12-30,2025-01-02
AMPLO_PROXY,Qualidade,2025,AZUL3,aviação,0.1,2024-12-30,2025-01-02
AMPLO_PROXY,Qualidade,2025,VBBR3,transporte,0.1,2024-12-30,2025-01-02
AMPLO_PROXY,Qualidade,2025,CURY3,construção,0.1,2024-12-30,2025-01-02
AMPLO_PROXY,Qualidade,2025,CMIN3,mineração,0.1,2024-12-30,2025-01-02
AMPLO_PROXY,Qualidade,2025,WEGE3,indústria,0.1,2024-12-30,2025-01-02
AMPLO_PROXY,Qualidade,2025,SBSP3,saneamento,0.1,2024-12-30,2025-01-02
AMPLO_PROXY,Qualidade,2025,CMIG4,energia,0.1,2024-12-30,2025-01-02
AMPLO_PROXY,Qualidade,2025,STBP3,transporte,0.1,2024-12-30,2025-01-02
AMPLO_PROXY,Qualidade,2025,RADL3,saúde,0.1,2024-12-30,2025-01-02
AMPLO_PROXY,Qualidade,2025,VALE3,mineração,0.1,2024-12-30,2025-01-02
AMPLO_PROXY,Multifator,2025,ALUP11,energia,0.1,2024-12-30,2025-01-02
AMPLO_PROXY,Multifator,2025,CMIG4,energia,0.1,2024-12-30,2025-01-02
AMPLO_PROXY,Multifator,2025,ITSA4,financeiro,0.1,2024-12-30,2025-01-02
AMPLO_PROXY,Multifator,2025,SBSP3,saneamento,0.1,2024-12-30,2025-01-02
AMPLO_PROXY,Multifator,2025,PETR4,petróleo,0.1,2024-12-30,2025-01-02
AMPLO_PROXY,Multifator,2025,GOAU4,siderurgico,0.1,2024-12-30,2025-01-02
AMPLO_PROXY,Multifator,2025,SAPR11,saneamento,0.1,2024-12-30,2025-01-02
AMPLO_PROXY,Multifator,2025,VBBR3,transporte,0.1,2024-12-30,2025-01-02
AMPLO_PROXY,Multifator,2025,BRAP4,mineração,0.1,2024-12-30,2025-01-02
AMPLO_PROXY,Multifator,2025,TAEE11,energia,0.1,2024-12-30,2025-01-02
AMPLO_PROXY,Uniao_TCC,2025,ALUP11,energia,0.02702702702702703,2024-12-30,2025-01-02
AMPLO_PROXY,Uniao_TCC,2025,AMBP3,saneamento,0.02702702702702703,2024-12-30,2025-01-02
AMPLO_PROXY,Uniao_TCC,2025,AURE3,energia,0.02702702702702703,2024-12-30,2025-01-02
AMPLO_PROXY,Uniao_TCC,2025,AZUL3,aviação,0.02702702702702703,2024-12-30,2025-01-02
AMPLO_PROXY,Uniao_TCC,2025,BBAS3,banco,0.02702702702702703,2024-12-30,2025-01-02
AMPLO_PROXY,Uniao_TCC,2025,BBSE3,seguro,0.02702702702702703,2024-12-30,2025-01-02
AMPLO_PROXY,Uniao_TCC,2025,BHIA3,varejo,0.02702702702702703,2024-12-30,2025-01-02
AMPLO_PROXY,Uniao_TCC,2025,BRFS3,proteína,0.02702702702702703,2024-12-30,2025-01-02
AMPLO_PROXY,Uniao_TCC,2025,CMIG4,energia,0.02702702702702703,2024-12-30,2025-01-02
AMPLO_PROXY,Uniao_TCC,2025,CMIN3,mineração,0.02702702702702703,2024-12-30,2025-01-02
AMPLO_PROXY,Uniao_TCC,2025,COGN3,educação,0.02702702702702703,2024-12-30,2025-01-02
AMPLO_PROXY,Uniao_TCC,2025,CPFE3,energia,0.02702702702702703,2024-12-30,2025-01-02
AMPLO_PROXY,Uniao_TCC,2025,CSAN3,químico,0.02702702702702703,2024-12-30,2025-01-02
AMPLO_PROXY,Uniao_TCC,2025,CURY3,construção,0.02702702702702703,2024-12-30,2025-01-02
AMPLO_PROXY,Uniao_TCC,2025,DIRR3,construção,0.02702702702702703,2024-12-30,2025-01-02
AMPLO_PROXY,Uniao_TCC,2025,EGIE3,energia,0.02702702702702703,2024-12-30,2025-01-02
AMPLO_PROXY,Uniao_TCC,2025,EMBJ3,indústria,0.02702702702702703,2024-12-30,2025-01-02
AMPLO_PROXY,Uniao_TCC,2025,GOAU4,siderurgico,0.02702702702702703,2024-12-30,2025-01-02
AMPLO_PROXY,Uniao_TCC,2025,HAPV3,saúde,0.02702702702702703,2024-12-30,2025-01-02
AMPLO_PROXY,Uniao_TCC,2025,ITSA4,financeiro,0.02702702702702703,2024-12-30,2025-01-02
AMPLO_PROXY,Uniao_TCC,2025,ITUB4,banco,0.02702702702702703,2024-12-30,2025-01-02
AMPLO_PROXY,Uniao_TCC,2025,KLBN11,madeira-papel,0.02702702702702703,2024-12-30,2025-01-02
AMPLO_PROXY,Uniao_TCC,2025,MBRF3,proteína,0.02702702702702703,2024-12-30,2025-01-02
AMPLO_PROXY,Uniao_TCC,2025,MGLU3,varejo,0.02702702702702703,2024-12-30,2025-01-02
AMPLO_PROXY,Uniao_TCC,2025,MRVE3,construção,0.02702702702702703,2024-12-30,2025-01-02
AMPLO_PROXY,Uniao_TCC,2025,ONCO3,saúde,0.02702702702702703,2024-12-30,2025-01-02
AMPLO_PROXY,Uniao_TCC,2025,PCAR3,supermercado,0.02702702702702703,2024-12-30,2025-01-02
AMPLO_PROXY,Uniao_TCC,2025,POMO4,transporte,0.02702702702702703,2024-12-30,2025-01-02
AMPLO_PROXY,Uniao_TCC,2025,PSSA3,seguro,0.02702702702702703,2024-12-30,2025-01-02
AMPLO_PROXY,Uniao_TCC,2025,RADL3,saúde,0.02702702702702703,2024-12-30,2025-01-02
AMPLO_PROXY,Uniao_TCC,2025,SBSP3,saneamento,0.02702702702702703,2024-12-30,2025-01-02
AMPLO_PROXY,Uniao_TCC,2025,STBP3,transporte,0.02702702702702703,2024-12-30,2025-01-02
AMPLO_PROXY,Uniao_TCC,2025,TAEE11,energia,0.02702702702702703,2024-12-30,2025-01-02
AMPLO_PROXY,Uniao_TCC,2025,USIM5,siderurgico,0.02702702702702703,2024-12-30,2025-01-02
AMPLO_PROXY,Uniao_TCC,2025,VALE3,mineração,0.02702702702702703,2024-12-30,2025-01-02
AMPLO_PROXY,Uniao_TCC,2025,VBBR3,transporte,0.02702702702702703,2024-12-30,2025-01-02
AMPLO_PROXY,Uniao_TCC,2025,WEGE3,indústria,0.02702702702702703,2024-12-30,2025-01-02
AMPLO_PROXY,Universo_EW,2025,ABEV3,indústria,0.01020408163265306,2024-12-30,2025-01-02
AMPLO_PROXY,Universo_EW,2025,ALOS3,shopping,0.01020408163265306,2024-12-30,2025-01-02
AMPLO_PROXY,Universo_EW,2025,ALPA4,consumo,0.01020408163265306,2024-12-30,2025-01-02
AMPLO_PROXY,Universo_EW,2025,ALUP11,energia,0.01020408163265306,2024-12-30,2025-01-02
AMPLO_PROXY,Universo_EW,2025,AMBP3,saneamento,0.01020408163265306,2024-12-30,2025-01-02
AMPLO_PROXY,Universo_EW,2025,ASAI3,supermercado,0.01020408163265306,2024-12-30,2025-01-02
AMPLO_PROXY,Universo_EW,2025,AURE3,energia,0.01020408163265306,2024-12-30,2025-01-02
AMPLO_PROXY,Universo_EW,2025,AXIA3,energia,0.01020408163265306,2024-12-30,2025-01-02
AMPLO_PROXY,Universo_EW,2025,AZUL3,aviação,0.01020408163265306,2024-12-30,2025-01-02
AMPLO_PROXY,Universo_EW,2025,AZZA3,consumo,0.01020408163265306,2024-12-30,2025-01-02
AMPLO_PROXY,Universo_EW,2025,B3SA3,financeiro,0.01020408163265306,2024-12-30,2025-01-02
AMPLO_PROXY,Universo_EW,2025,BBAS3,banco,0.01020408163265306,2024-12-30,2025-01-02
AMPLO_PROXY,Universo_EW,2025,BBDC4,banco,0.01020408163265306,2024-12-30,2025-01-02
AMPLO_PROXY,Universo_EW,2025,BBSE3,seguro,0.01020408163265306,2024-12-30,2025-01-02
AMPLO_PROXY,Universo_EW,2025,BEEF3,proteína,0.01020408163265306,2024-12-30,2025-01-02
AMPLO_PROXY,Universo_EW,2025,BHIA3,varejo,0.01020408163265306,2024-12-30,2025-01-02
AMPLO_PROXY,Universo_EW,2025,BPAC11,banco,0.01020408163265306,2024-12-30,2025-01-02
AMPLO_PROXY,Universo_EW,2025,BRAP4,mineração,0.01020408163265306,2024-12-30,2025-01-02
AMPLO_PROXY,Universo_EW,2025,BRFS3,proteína,0.01020408163265306,2024-12-30,2025-01-02
AMPLO_PROXY,Universo_EW,2025,BRKM5,químico,0.01020408163265306,2024-12-30,2025-01-02
AMPLO_PROXY,Universo_EW,2025,CEAB3,varejo,0.01020408163265306,2024-12-30,2025-01-02
AMPLO_PROXY,Universo_EW,2025,CMIG4,energia,0.01020408163265306,2024-12-30,2025-01-02
AMPLO_PROXY,Universo_EW,2025,CMIN3,mineração,0.01020408163265306,2024-12-30,2025-01-02
AMPLO_PROXY,Universo_EW,2025,COGN3,educação,0.01020408163265306,2024-12-30,2025-01-02
AMPLO_PROXY,Universo_EW,2025,CPFE3,energia,0.01020408163265306,2024-12-30,2025-01-02
AMPLO_PROXY,Universo_EW,2025,CPLE6,energia,0.01020408163265306,2024-12-30,2025-01-02
AMPLO_PROXY,Universo_EW,2025,CRFB3,supermercado,0.01020408163265306,2024-12-30,2025-01-02
AMPLO_PROXY,Universo_EW,2025,CSAN3,químico,0.01020408163265306,2024-12-30,2025-01-02
AMPLO_PROXY,Universo_EW,2025,CSMG3,saneamento,0.01020408163265306,2024-12-30,2025-01-02
AMPLO_PROXY,Universo_EW,2025,CSNA3,siderurgico,0.01020408163265306,2024-12-30,2025-01-02
AMPLO_PROXY,Universo_EW,2025,CURY3,construção,0.01020408163265306,2024-12-30,2025-01-02
AMPLO_PROXY,Universo_EW,2025,CVCB3,consumo,0.01020408163265306,2024-12-30,2025-01-02
AMPLO_PROXY,Universo_EW,2025,CXSE3,seguro,0.01020408163265306,2024-12-30,2025-01-02
AMPLO_PROXY,Universo_EW,2025,CYRE3,construção,0.01020408163265306,2024-12-30,2025-01-02
AMPLO_PROXY,Universo_EW,2025,DIRR3,construção,0.01020408163265306,2024-12-30,2025-01-02
AMPLO_PROXY,Universo_EW,2025,ECOR3,transporte,0.01020408163265306,2024-12-30,2025-01-02
AMPLO_PROXY,Universo_EW,2025,EGIE3,energia,0.01020408163265306,2024-12-30,2025-01-02
AMPLO_PROXY,Universo_EW,2025,EMBJ3,indústria,0.01020408163265306,2024-12-30,2025-01-02
AMPLO_PROXY,Universo_EW,2025,ENEV3,energia,0.01020408163265306,2024-12-30,2025-01-02
AMPLO_PROXY,Universo_EW,2025,ENGI11,energia,0.01020408163265306,2024-12-30,2025-01-02
AMPLO_PROXY,Universo_EW,2025,EQTL3,energia,0.01020408163265306,2024-12-30,2025-01-02
AMPLO_PROXY,Universo_EW,2025,EZTC3,construção,0.01020408163265306,2024-12-30,2025-01-02
AMPLO_PROXY,Universo_EW,2025,FLRY3,saúde,0.01020408163265306,2024-12-30,2025-01-02
AMPLO_PROXY,Universo_EW,2025,GGBR4,siderurgico,0.01020408163265306,2024-12-30,2025-01-02
AMPLO_PROXY,Universo_EW,2025,GGPS3,transporte,0.01020408163265306,2024-12-30,2025-01-02
AMPLO_PROXY,Universo_EW,2025,GMAT3,varejo,0.01020408163265306,2024-12-30,2025-01-02
AMPLO_PROXY,Universo_EW,2025,GOAU4,siderurgico,0.01020408163265306,2024-12-30,2025-01-02
AMPLO_PROXY,Universo_EW,2025,HAPV3,saúde,0.01020408163265306,2024-12-30,2025-01-02
AMPLO_PROXY,Universo_EW,2025,HYPE3,saúde,0.01020408163265306,2024-12-30,2025-01-02
AMPLO_PROXY,Universo_EW,2025,IGTI11,shopping,0.01020408163265306,2024-12-30,2025-01-02
AMPLO_PROXY,Universo_EW,2025,IRBR3,seguro,0.01020408163265306,2024-12-30,2025-01-02
AMPLO_PROXY,Universo_EW,2025,ITSA4,financeiro,0.01020408163265306,2024-12-30,2025-01-02
AMPLO_PROXY,Universo_EW,2025,ITUB4,banco,0.01020408163265306,2024-12-30,2025-01-02
AMPLO_PROXY,Universo_EW,2025,KLBN11,madeira-papel,0.01020408163265306,2024-12-30,2025-01-02
AMPLO_PROXY,Universo_EW,2025,LREN3,varejo,0.01020408163265306,2024-12-30,2025-01-02
AMPLO_PROXY,Universo_EW,2025,LWSA3,tecnologia,0.01020408163265306,2024-12-30,2025-01-02
AMPLO_PROXY,Universo_EW,2025,MBRF3,proteína,0.01020408163265306,2024-12-30,2025-01-02
AMPLO_PROXY,Universo_EW,2025,MDIA3,consumo,0.01020408163265306,2024-12-30,2025-01-02
AMPLO_PROXY,Universo_EW,2025,MGLU3,varejo,0.01020408163265306,2024-12-30,2025-01-02
AMPLO_PROXY,Universo_EW,2025,MOTV3,transporte,0.01020408163265306,2024-12-30,2025-01-02
AMPLO_PROXY,Universo_EW,2025,MOVI3,transporte,0.01020408163265306,2024-12-30,2025-01-02
AMPLO_PROXY,Universo_EW,2025,MRVE3,construção,0.01020408163265306,2024-12-30,2025-01-02
AMPLO_PROXY,Universo_EW,2025,MULT3,shopping,0.01020408163265306,2024-12-30,2025-01-02
AMPLO_PROXY,Universo_EW,2025,NATU3,consumo,0.01020408163265306,2024-12-30,2025-01-02
AMPLO_PROXY,Universo_EW,2025,ONCO3,saúde,0.01020408163265306,2024-12-30,2025-01-02
AMPLO_PROXY,Universo_EW,2025,PCAR3,supermercado,0.01020408163265306,2024-12-30,2025-01-02
AMPLO_PROXY,Universo_EW,2025,PETR4,petróleo,0.01020408163265306,2024-12-30,2025-01-02
AMPLO_PROXY,Universo_EW,2025,POMO4,transporte,0.01020408163265306,2024-12-30,2025-01-02
AMPLO_PROXY,Universo_EW,2025,PRIO3,petróleo,0.01020408163265306,2024-12-30,2025-01-02
AMPLO_PROXY,Universo_EW,2025,PSSA3,seguro,0.01020408163265306,2024-12-30,2025-01-02
AMPLO_PROXY,Universo_EW,2025,RADL3,saúde,0.01020408163265306,2024-12-30,2025-01-02
AMPLO_PROXY,Universo_EW,2025,RAIL3,transporte,0.01020408163265306,2024-12-30,2025-01-02
AMPLO_PROXY,Universo_EW,2025,RAIZ4,agrícola,0.01020408163265306,2024-12-30,2025-01-02
AMPLO_PROXY,Universo_EW,2025,RDOR3,saúde,0.01020408163265306,2024-12-30,2025-01-02
AMPLO_PROXY,Universo_EW,2025,RECV3,petróleo,0.01020408163265306,2024-12-30,2025-01-02
AMPLO_PROXY,Universo_EW,2025,RENT3,transporte,0.01020408163265306,2024-12-30,2025-01-02
AMPLO_PROXY,Universo_EW,2025,SANB11,banco,0.01020408163265306,2024-12-30,2025-01-02
AMPLO_PROXY,Universo_EW,2025,SAPR11,saneamento,0.01020408163265306,2024-12-30,2025-01-02
AMPLO_PROXY,Universo_EW,2025,SBFG3,varejo,0.01020408163265306,2024-12-30,2025-01-02
AMPLO_PROXY,Universo_EW,2025,SBSP3,saneamento,0.01020408163265306,2024-12-30,2025-01-02
AMPLO_PROXY,Universo_EW,2025,SLCE3,agrícola,0.01020408163265306,2024-12-30,2025-01-02
AMPLO_PROXY,Universo_EW,2025,SMFT3,consumo,0.01020408163265306,2024-12-30,2025-01-02
AMPLO_PROXY,Universo_EW,2025,SMTO3,agrícola,0.01020408163265306,2024-12-30,2025-01-02
AMPLO_PROXY,Universo_EW,2025,STBP3,transporte,0.01020408163265306,2024-12-30,2025-01-02
AMPLO_PROXY,Universo_EW,2025,SUZB3,madeira-papel,0.01020408163265306,2024-12-30,2025-01-02
AMPLO_PROXY,Universo_EW,2025,TAEE11,energia,0.01020408163265306,2024-12-30,2025-01-02
AMPLO_PROXY,Universo_EW,2025,TEND3,construção,0.01020408163265306,2024-12-30,2025-01-02
AMPLO_PROXY,Universo_EW,2025,TIMS3,telecom,0.01020408163265306,2024-12-30,2025-01-02
AMPLO_PROXY,Universo_EW,2025,TOTS3,tecnologia,0.01020408163265306,2024-12-30,2025-01-02
AMPLO_PROXY,Universo_EW,2025,UGPA3,químico,0.01020408163265306,2024-12-30,2025-01-02
AMPLO_PROXY,Universo_EW,2025,USIM5,siderurgico,0.01020408163265306,2024-12-30,2025-01-02
AMPLO_PROXY,Universo_EW,2025,VALE3,mineração,0.01020408163265306,2024-12-30,2025-01-02
AMPLO_PROXY,Universo_EW,2025,VAMO3,transporte,0.01020408163265306,2024-12-30,2025-01-02
AMPLO_PROXY,Universo_EW,2025,VBBR3,transporte,0.01020408163265306,2024-12-30,2025-01-02
AMPLO_PROXY,Universo_EW,2025,VIVA3,consumo,0.01020408163265306,2024-12-30,2025-01-02
AMPLO_PROXY,Universo_EW,2025,VIVT3,telecom,0.01020408163265306,2024-12-30,2025-01-02
AMPLO_PROXY,Universo_EW,2025,WEGE3,indústria,0.01020408163265306,2024-12-30,2025-01-02
AMPLO_PROXY,Universo_EW,2025,YDUQ3,educação,0.01020408163265306,2024-12-30,2025-01-02
ISE,Momentum,2016,KLBN11,madeira-papel,0.1,2015-12-30,2016-01-04
ISE,Momentum,2016,BRKM5,químico,0.1,2015-12-30,2016-01-04
ISE,Momentum,2016,SULA11,seguro,0.1,2015-12-30,2016-01-04
ISE,Momentum,2016,ENBR3,energia,0.1,2015-12-30,2016-01-04
ISE,Momentum,2016,SANB11,banco,0.1,2015-12-30,2016-01-04
ISE,Momentum,2016,EMBJ3,indústria,0.1,2015-12-30,2016-01-04
ISE,Momentum,2016,LAME4,varejo,0.1,2015-12-30,2016-01-04
ISE,Momentum,2016,LREN3,varejo,0.1,2015-12-30,2016-01-04
ISE,Momentum,2016,CIEL3,tecnologia,0.1,2015-12-30,2016-01-04
ISE,Momentum,2016,AXIA3,energia,0.1,2015-12-30,2016-01-04
ISE,Baixa_Vol,2016,BRFS3,proteína,0.1,2015-12-30,2016-01-04
ISE,Baixa_Vol,2016,KLBN11,madeira-papel,0.1,2015-12-30,2016-01-04
ISE,Baixa_Vol,2016,WEGE3,indústria,0.1,2015-12-30,2016-01-04
ISE,Baixa_Vol,2016,CIEL3,tecnologia,0.1,2015-12-30,2016-01-04
ISE,Baixa_Vol,2016,EMBJ3,indústria,0.1,2015-12-30,2016-01-04
ISE,Baixa_Vol,2016,FLRY3,saúde,0.1,2015-12-30,2016-01-04
ISE,Baixa_Vol,2016,ITSA4,financeiro,0.1,2015-12-30,2016-01-04
ISE,Baixa_Vol,2016,ITUB4,banco,0.1,2015-12-30,2016-01-04
ISE,Baixa_Vol,2016,LREN3,varejo,0.1,2015-12-30,2016-01-04
ISE,Baixa_Vol,2016,VIVT3,telecom,0.1,2015-12-30,2016-01-04
ISE,Valor,2016,AXIA3,energia,0.1,2015-12-30,2016-01-04
ISE,Valor,2016,EVEN3,construção,0.1,2015-12-30,2016-01-04
ISE,Valor,2016,CPLE6,energia,0.1,2015-12-30,2016-01-04
ISE,Valor,2016,CMIG4,energia,0.1,2015-12-30,2016-01-04
ISE,Valor,2016,LIGT3,energia,0.1,2015-12-30,2016-01-04
ISE,Valor,2016,BBAS3,banco,0.1,2015-12-30,2016-01-04
ISE,Valor,2016,CESP6,energia,0.1,2015-12-30,2016-01-04
ISE,Valor,2016,SANB11,banco,0.1,2015-12-30,2016-01-04
ISE,Valor,2016,ENBR3,energia,0.1,2015-12-30,2016-01-04
ISE,Valor,2016,DXCO3,madeira-papel,0.1,2015-12-30,2016-01-04
ISE,Qualidade,2016,LREN3,varejo,0.1,2015-12-30,2016-01-04
ISE,Qualidade,2016,BRKM5,químico,0.1,2015-12-30,2016-01-04
ISE,Qualidade,2016,CMIG4,energia,0.1,2015-12-30,2016-01-04
ISE,Qualidade,2016,ITSA4,financeiro,0.1,2015-12-30,2016-01-04
ISE,Qualidade,2016,NATU3,consumo,0.1,2015-12-30,2016-01-04
ISE,Qualidade,2016,ENBR3,energia,0.1,2015-12-30,2016-01-04
ISE,Qualidade,2016,CIEL3,tecnologia,0.1,2015-12-30,2016-01-04
ISE,Qualidade,2016,ITUB4,banco,0.1,2015-12-30,2016-01-04
ISE,Qualidade,2016,MOTV3,transporte,0.1,2015-12-30,2016-01-04
ISE,Qualidade,2016,LAME4,varejo,0.1,2015-12-30,2016-01-04
ISE,Multifator,2016,ENBR3,energia,0.1,2015-12-30,2016-01-04
ISE,Multifator,2016,ITSA4,financeiro,0.1,2015-12-30,2016-01-04
ISE,Multifator,2016,LREN3,varejo,0.1,2015-12-30,2016-01-04
ISE,Multifator,2016,ITUB4,banco,0.1,2015-12-30,2016-01-04
ISE,Multifator,2016,CIEL3,tecnologia,0.1,2015-12-30,2016-01-04
ISE,Multifator,2016,BRFS3,proteína,0.1,2015-12-30,2016-01-04
ISE,Multifator,2016,KLBN11,madeira-papel,0.1,2015-12-30,2016-01-04
ISE,Multifator,2016,SULA11,seguro,0.1,2015-12-30,2016-01-04
ISE,Multifator,2016,WEGE3,indústria,0.1,2015-12-30,2016-01-04
ISE,Multifator,2016,EMBJ3,indústria,0.1,2015-12-30,2016-01-04
ISE,Uniao_TCC,2016,AXIA3,energia,0.04,2015-12-30,2016-01-04
ISE,Uniao_TCC,2016,BBAS3,banco,0.04,2015-12-30,2016-01-04
ISE,Uniao_TCC,2016,BRFS3,proteína,0.04,2015-12-30,2016-01-04
ISE,Uniao_TCC,2016,BRKM5,químico,0.04,2015-12-30,2016-01-04
ISE,Uniao_TCC,2016,CESP6,energia,0.04,2015-12-30,2016-01-04
ISE,Uniao_TCC,2016,CIEL3,tecnologia,0.04,2015-12-30,2016-01-04
ISE,Uniao_TCC,2016,CMIG4,energia,0.04,2015-12-30,2016-01-04
ISE,Uniao_TCC,2016,CPLE6,energia,0.04,2015-12-30,2016-01-04
ISE,Uniao_TCC,2016,DXCO3,madeira-papel,0.04,2015-12-30,2016-01-04
ISE,Uniao_TCC,2016,EMBJ3,indústria,0.04,2015-12-30,2016-01-04
ISE,Uniao_TCC,2016,ENBR3,energia,0.04,2015-12-30,2016-01-04
ISE,Uniao_TCC,2016,EVEN3,construção,0.04,2015-12-30,2016-01-04
ISE,Uniao_TCC,2016,FLRY3,saúde,0.04,2015-12-30,2016-01-04
ISE,Uniao_TCC,2016,ITSA4,financeiro,0.04,2015-12-30,2016-01-04
ISE,Uniao_TCC,2016,ITUB4,banco,0.04,2015-12-30,2016-01-04
ISE,Uniao_TCC,2016,KLBN11,madeira-papel,0.04,2015-12-30,2016-01-04
ISE,Uniao_TCC,2016,LAME4,varejo,0.04,2015-12-30,2016-01-04
ISE,Uniao_TCC,2016,LIGT3,energia,0.04,2015-12-30,2016-01-04
ISE,Uniao_TCC,2016,LREN3,varejo,0.04,2015-12-30,2016-01-04
ISE,Uniao_TCC,2016,MOTV3,transporte,0.04,2015-12-30,2016-01-04
ISE,Uniao_TCC,2016,NATU3,consumo,0.04,2015-12-30,2016-01-04
ISE,Uniao_TCC,2016,SANB11,banco,0.04,2015-12-30,2016-01-04
ISE,Uniao_TCC,2016,SULA11,seguro,0.04,2015-12-30,2016-01-04
ISE,Uniao_TCC,2016,VIVT3,telecom,0.04,2015-12-30,2016-01-04
ISE,Uniao_TCC,2016,WEGE3,indústria,0.04,2015-12-30,2016-01-04
ISE,Universo_EW,2016,AMER3,varejo,0.03333333333333333,2015-12-30,2016-01-04
ISE,Universo_EW,2016,AXIA3,energia,0.03333333333333333,2015-12-30,2016-01-04
ISE,Universo_EW,2016,BBAS3,banco,0.03333333333333333,2015-12-30,2016-01-04
ISE,Universo_EW,2016,BBDC4,banco,0.03333333333333333,2015-12-30,2016-01-04
ISE,Universo_EW,2016,BRFS3,proteína,0.03333333333333333,2015-12-30,2016-01-04
ISE,Universo_EW,2016,BRKM5,químico,0.03333333333333333,2015-12-30,2016-01-04
ISE,Universo_EW,2016,CESP6,energia,0.03333333333333333,2015-12-30,2016-01-04
ISE,Universo_EW,2016,CIEL3,tecnologia,0.03333333333333333,2015-12-30,2016-01-04
ISE,Universo_EW,2016,CMIG4,energia,0.03333333333333333,2015-12-30,2016-01-04
ISE,Universo_EW,2016,CPFE3,energia,0.03333333333333333,2015-12-30,2016-01-04
ISE,Universo_EW,2016,CPLE6,energia,0.03333333333333333,2015-12-30,2016-01-04
ISE,Universo_EW,2016,DXCO3,madeira-papel,0.03333333333333333,2015-12-30,2016-01-04
ISE,Universo_EW,2016,ECOR3,transporte,0.03333333333333333,2015-12-30,2016-01-04
ISE,Universo_EW,2016,EMBJ3,indústria,0.03333333333333333,2015-12-30,2016-01-04
ISE,Universo_EW,2016,ENBR3,energia,0.03333333333333333,2015-12-30,2016-01-04
ISE,Universo_EW,2016,EVEN3,construção,0.03333333333333333,2015-12-30,2016-01-04
ISE,Universo_EW,2016,FLRY3,saúde,0.03333333333333333,2015-12-30,2016-01-04
ISE,Universo_EW,2016,ITSA4,financeiro,0.03333333333333333,2015-12-30,2016-01-04
ISE,Universo_EW,2016,ITUB4,banco,0.03333333333333333,2015-12-30,2016-01-04
ISE,Universo_EW,2016,KLBN11,madeira-papel,0.03333333333333333,2015-12-30,2016-01-04
ISE,Universo_EW,2016,LAME4,varejo,0.03333333333333333,2015-12-30,2016-01-04
ISE,Universo_EW,2016,LIGT3,energia,0.03333333333333333,2015-12-30,2016-01-04
ISE,Universo_EW,2016,LREN3,varejo,0.03333333333333333,2015-12-30,2016-01-04
ISE,Universo_EW,2016,MOTV3,transporte,0.03333333333333333,2015-12-30,2016-01-04
ISE,Universo_EW,2016,NATU3,consumo,0.03333333333333333,2015-12-30,2016-01-04
ISE,Universo_EW,2016,SANB11,banco,0.03333333333333333,2015-12-30,2016-01-04
ISE,Universo_EW,2016,SULA11,seguro,0.03333333333333333,2015-12-30,2016-01-04
ISE,Universo_EW,2016,TIMS3,telecom,0.03333333333333333,2015-12-30,2016-01-04
ISE,Universo_EW,2016,VIVT3,telecom,0.03333333333333333,2015-12-30,2016-01-04
ISE,Universo_EW,2016,WEGE3,indústria,0.03333333333333333,2015-12-30,2016-01-04
ISE,Momentum,2017,AXIA3,energia,0.1,2016-12-29,2017-01-02
ISE,Momentum,2017,FLRY3,saúde,0.1,2016-12-29,2017-01-02
ISE,Momentum,2017,BBAS3,banco,0.1,2016-12-29,2017-01-02
ISE,Momentum,2017,SANB11,banco,0.1,2016-12-29,2017-01-02
ISE,Momentum,2017,LIGT3,energia,0.1,2016-12-29,2017-01-02
ISE,Momentum,2017,CLSC4,energia,0.1,2016-12-29,2017-01-02
ISE,Momentum,2017,ECOR3,transporte,0.1,2016-12-29,2017-01-02
ISE,Momentum,2017,CPFE3,energia,0.1,2016-12-29,2017-01-02
ISE,Momentum,2017,BBDC4,banco,0.1,2016-12-29,2017-01-02
ISE,Momentum,2017,ITUB4,banco,0.1,2016-12-29,2017-01-02
ISE,Baixa_Vol,2017,EGIE3,energia,0.1,2016-12-29,2017-01-02
ISE,Baixa_Vol,2017,CPFE3,energia,0.1,2016-12-29,2017-01-02
ISE,Baixa_Vol,2017,ENBR3,energia,0.1,2016-12-29,2017-01-02
ISE,Baixa_Vol,2017,AESB3,energia,0.1,2016-12-29,2017-01-02
ISE,Baixa_Vol,2017,MRVE3,construção,0.1,2016-12-29,2017-01-02
ISE,Baixa_Vol,2017,BRFS3,proteína,0.1,2016-12-29,2017-01-02
ISE,Baixa_Vol,2017,FLRY3,saúde,0.1,2016-12-29,2017-01-02
ISE,Baixa_Vol,2017,WEGE3,indústria,0.1,2016-12-29,2017-01-02
ISE,Baixa_Vol,2017,LREN3,varejo,0.1,2016-12-29,2017-01-02
ISE,Baixa_Vol,2017,CIEL3,tecnologia,0.1,2016-12-29,2017-01-02
ISE,Valor,2017,CLSC4,energia,0.1,2016-12-29,2017-01-02
ISE,Valor,2017,CPLE6,energia,0.1,2016-12-29,2017-01-02
ISE,Valor,2017,AXIA3,energia,0.1,2016-12-29,2017-01-02
ISE,Valor,2017,CMIG4,energia,0.1,2016-12-29,2017-01-02
ISE,Valor,2017,ENBR3,energia,0.1,2016-12-29,2017-01-02
ISE,Valor,2017,MRVE3,construção,0.1,2016-12-29,2017-01-02
ISE,Valor,2017,VIVT3,telecom,0.1,2016-12-29,2017-01-02
ISE,Valor,2017,EMBJ3,indústria,0.1,2016-12-29,2017-01-02
ISE,Valor,2017,LIGT3,energia,0.1,2016-12-29,2017-01-02
ISE,Valor,2017,DXCO3,madeira-papel,0.1,2016-12-29,2017-01-02
ISE,Qualidade,2017,BBDC4,banco,0.1,2016-12-29,2017-01-02
ISE,Qualidade,2017,BRKM5,químico,0.1,2016-12-29,2017-01-02
ISE,Qualidade,2017,ITUB4,banco,0.1,2016-12-29,2017-01-02
ISE,Qualidade,2017,EGIE3,energia,0.1,2016-12-29,2017-01-02
ISE,Qualidade,2017,AESB3,energia,0.1,2016-12-29,2017-01-02
ISE,Qualidade,2017,MOTV3,transporte,0.1,2016-12-29,2017-01-02
ISE,Qualidade,2017,BBAS3,banco,0.1,2016-12-29,2017-01-02
ISE,Qualidade,2017,NATU3,consumo,0.1,2016-12-29,2017-01-02
ISE,Qualidade,2017,LREN3,varejo,0.1,2016-12-29,2017-01-02
ISE,Qualidade,2017,SANB11,banco,0.1,2016-12-29,2017-01-02
ISE,Multifator,2017,ENBR3,energia,0.1,2016-12-29,2017-01-02
ISE,Multifator,2017,SANB11,banco,0.1,2016-12-29,2017-01-02
ISE,Multifator,2017,AXIA3,energia,0.1,2016-12-29,2017-01-02
ISE,Multifator,2017,ITUB4,banco,0.1,2016-12-29,2017-01-02
ISE,Multifator,2017,FLRY3,saúde,0.1,2016-12-29,2017-01-02
ISE,Multifator,2017,CLSC4,energia,0.1,2016-12-29,2017-01-02
ISE,Multifator,2017,BBAS3,banco,0.1,2016-12-29,2017-01-02
ISE,Multifator,2017,BBDC4,banco,0.1,2016-12-29,2017-01-02
ISE,Multifator,2017,CPFE3,energia,0.1,2016-12-29,2017-01-02
ISE,Multifator,2017,EGIE3,energia,0.1,2016-12-29,2017-01-02
ISE,Uniao_TCC,2017,AESB3,energia,0.038461538461538464,2016-12-29,2017-01-02
ISE,Uniao_TCC,2017,AXIA3,energia,0.038461538461538464,2016-12-29,2017-01-02
ISE,Uniao_TCC,2017,BBAS3,banco,0.038461538461538464,2016-12-29,2017-01-02
ISE,Uniao_TCC,2017,BBDC4,banco,0.038461538461538464,2016-12-29,2017-01-02
ISE,Uniao_TCC,2017,BRFS3,proteína,0.038461538461538464,2016-12-29,2017-01-02
ISE,Uniao_TCC,2017,BRKM5,químico,0.038461538461538464,2016-12-29,2017-01-02
ISE,Uniao_TCC,2017,CIEL3,tecnologia,0.038461538461538464,2016-12-29,2017-01-02
ISE,Uniao_TCC,2017,CLSC4,energia,0.038461538461538464,2016-12-29,2017-01-02
ISE,Uniao_TCC,2017,CMIG4,energia,0.038461538461538464,2016-12-29,2017-01-02
ISE,Uniao_TCC,2017,CPFE3,energia,0.038461538461538464,2016-12-29,2017-01-02
ISE,Uniao_TCC,2017,CPLE6,energia,0.038461538461538464,2016-12-29,2017-01-02
ISE,Uniao_TCC,2017,DXCO3,madeira-papel,0.038461538461538464,2016-12-29,2017-01-02
ISE,Uniao_TCC,2017,ECOR3,transporte,0.038461538461538464,2016-12-29,2017-01-02
ISE,Uniao_TCC,2017,EGIE3,energia,0.038461538461538464,2016-12-29,2017-01-02
ISE,Uniao_TCC,2017,EMBJ3,indústria,0.038461538461538464,2016-12-29,2017-01-02
ISE,Uniao_TCC,2017,ENBR3,energia,0.038461538461538464,2016-12-29,2017-01-02
ISE,Uniao_TCC,2017,FLRY3,saúde,0.038461538461538464,2016-12-29,2017-01-02
ISE,Uniao_TCC,2017,ITUB4,banco,0.038461538461538464,2016-12-29,2017-01-02
ISE,Uniao_TCC,2017,LIGT3,energia,0.038461538461538464,2016-12-29,2017-01-02
ISE,Uniao_TCC,2017,LREN3,varejo,0.038461538461538464,2016-12-29,2017-01-02
ISE,Uniao_TCC,2017,MOTV3,transporte,0.038461538461538464,2016-12-29,2017-01-02
ISE,Uniao_TCC,2017,MRVE3,construção,0.038461538461538464,2016-12-29,2017-01-02
ISE,Uniao_TCC,2017,NATU3,consumo,0.038461538461538464,2016-12-29,2017-01-02
ISE,Uniao_TCC,2017,SANB11,banco,0.038461538461538464,2016-12-29,2017-01-02
ISE,Uniao_TCC,2017,VIVT3,telecom,0.038461538461538464,2016-12-29,2017-01-02
ISE,Uniao_TCC,2017,WEGE3,indústria,0.038461538461538464,2016-12-29,2017-01-02
ISE,Universo_EW,2017,AESB3,energia,0.03125,2016-12-29,2017-01-02
ISE,Universo_EW,2017,AMER3,varejo,0.03125,2016-12-29,2017-01-02
ISE,Universo_EW,2017,AXIA3,energia,0.03125,2016-12-29,2017-01-02
ISE,Universo_EW,2017,BBAS3,banco,0.03125,2016-12-29,2017-01-02
ISE,Universo_EW,2017,BBDC4,banco,0.03125,2016-12-29,2017-01-02
ISE,Universo_EW,2017,BRFS3,proteína,0.03125,2016-12-29,2017-01-02
ISE,Universo_EW,2017,BRKM5,químico,0.03125,2016-12-29,2017-01-02
ISE,Universo_EW,2017,CIEL3,tecnologia,0.03125,2016-12-29,2017-01-02
ISE,Universo_EW,2017,CLSC4,energia,0.03125,2016-12-29,2017-01-02
ISE,Universo_EW,2017,CMIG4,energia,0.03125,2016-12-29,2017-01-02
ISE,Universo_EW,2017,CPFE3,energia,0.03125,2016-12-29,2017-01-02
ISE,Universo_EW,2017,CPLE6,energia,0.03125,2016-12-29,2017-01-02
ISE,Universo_EW,2017,DXCO3,madeira-papel,0.03125,2016-12-29,2017-01-02
ISE,Universo_EW,2017,ECOR3,transporte,0.03125,2016-12-29,2017-01-02
ISE,Universo_EW,2017,EGIE3,energia,0.03125,2016-12-29,2017-01-02
ISE,Universo_EW,2017,EMBJ3,indústria,0.03125,2016-12-29,2017-01-02
ISE,Universo_EW,2017,ENBR3,energia,0.03125,2016-12-29,2017-01-02
ISE,Universo_EW,2017,FLRY3,saúde,0.03125,2016-12-29,2017-01-02
ISE,Universo_EW,2017,ITSA4,financeiro,0.03125,2016-12-29,2017-01-02
ISE,Universo_EW,2017,ITUB4,banco,0.03125,2016-12-29,2017-01-02
ISE,Universo_EW,2017,KLBN11,madeira-papel,0.03125,2016-12-29,2017-01-02
ISE,Universo_EW,2017,LAME4,varejo,0.03125,2016-12-29,2017-01-02
ISE,Universo_EW,2017,LIGT3,energia,0.03125,2016-12-29,2017-01-02
ISE,Universo_EW,2017,LREN3,varejo,0.03125,2016-12-29,2017-01-02
ISE,Universo_EW,2017,MOTV3,transporte,0.03125,2016-12-29,2017-01-02
ISE,Universo_EW,2017,MRVE3,construção,0.03125,2016-12-29,2017-01-02
ISE,Universo_EW,2017,NATU3,consumo,0.03125,2016-12-29,2017-01-02
ISE,Universo_EW,2017,SANB11,banco,0.03125,2016-12-29,2017-01-02
ISE,Universo_EW,2017,SULA11,seguro,0.03125,2016-12-29,2017-01-02
ISE,Universo_EW,2017,TIMS3,telecom,0.03125,2016-12-29,2017-01-02
ISE,Universo_EW,2017,VIVT3,telecom,0.03125,2016-12-29,2017-01-02
ISE,Universo_EW,2017,WEGE3,indústria,0.03125,2016-12-29,2017-01-02
ISE,Momentum,2018,AMER3,varejo,0.1,2017-12-28,2018-01-02
ISE,Momentum,2018,FLRY3,saúde,0.1,2017-12-28,2018-01-02
ISE,Momentum,2018,CLSC4,energia,0.1,2017-12-28,2018-01-02
ISE,Momentum,2018,TIMS3,telecom,0.1,2017-12-28,2018-01-02
ISE,Momentum,2018,LREN3,varejo,0.1,2017-12-28,2018-01-02
ISE,Momentum,2018,WEGE3,indústria,0.1,2017-12-28,2018-01-02
ISE,Momentum,2018,ECOR3,transporte,0.1,2017-12-28,2018-01-02
ISE,Momentum,2018,NATU3,consumo,0.1,2017-12-28,2018-01-02
ISE,Momentum,2018,MRVE3,construção,0.1,2017-12-28,2018-01-02
ISE,Momentum,2018,DXCO3,madeira-papel,0.1,2017-12-28,2018-01-02
ISE,Baixa_Vol,2018,EGIE3,energia,0.1,2017-12-28,2018-01-02
ISE,Baixa_Vol,2018,CPFE3,energia,0.1,2017-12-28,2018-01-02
ISE,Baixa_Vol,2018,TIMS3,telecom,0.1,2017-12-28,2018-01-02
ISE,Baixa_Vol,2018,AESB3,energia,0.1,2017-12-28,2018-01-02
ISE,Baixa_Vol,2018,ITSA4,financeiro,0.1,2017-12-28,2018-01-02
ISE,Baixa_Vol,2018,ENBR3,energia,0.1,2017-12-28,2018-01-02
ISE,Baixa_Vol,2018,ITUB4,banco,0.1,2017-12-28,2018-01-02
ISE,Baixa_Vol,2018,WEGE3,indústria,0.1,2017-12-28,2018-01-02
ISE,Baixa_Vol,2018,VIVT3,telecom,0.1,2017-12-28,2018-01-02
ISE,Baixa_Vol,2018,CIEL3,tecnologia,0.1,2017-12-28,2018-01-02
ISE,Valor,2018,CPLE6,energia,0.1,2017-12-28,2018-01-02
ISE,Valor,2018,CLSC4,energia,0.1,2017-12-28,2018-01-02
ISE,Valor,2018,CMIG4,energia,0.1,2017-12-28,2018-01-02
ISE,Valor,2018,ENBR3,energia,0.1,2017-12-28,2018-01-02
ISE,Valor,2018,VIVT3,telecom,0.1,2017-12-28,2018-01-02
ISE,Valor,2018,LIGT3,energia,0.1,2017-12-28,2018-01-02
ISE,Valor,2018,BBAS3,banco,0.1,2017-12-28,2018-01-02
ISE,Valor,2018,MRVE3,construção,0.1,2017-12-28,2018-01-02
ISE,Valor,2018,SANB11,banco,0.1,2017-12-28,2018-01-02
ISE,Valor,2018,DXCO3,madeira-papel,0.1,2017-12-28,2018-01-02
ISE,Qualidade,2018,EGIE3,energia,0.1,2017-12-28,2018-01-02
ISE,Qualidade,2018,ITUB4,banco,0.1,2017-12-28,2018-01-02
ISE,Qualidade,2018,LREN3,varejo,0.1,2017-12-28,2018-01-02
ISE,Qualidade,2018,BBDC4,banco,0.1,2017-12-28,2018-01-02
ISE,Qualidade,2018,ECOR3,transporte,0.1,2017-12-28,2018-01-02
ISE,Qualidade,2018,BRKM5,químico,0.1,2017-12-28,2018-01-02
ISE,Qualidade,2018,FLRY3,saúde,0.1,2017-12-28,2018-01-02
ISE,Qualidade,2018,CIEL3,tecnologia,0.1,2017-12-28,2018-01-02
ISE,Qualidade,2018,MOTV3,transporte,0.1,2017-12-28,2018-01-02
ISE,Qualidade,2018,CLSC4,energia,0.1,2017-12-28,2018-01-02
ISE,Multifator,2018,ITUB4,banco,0.1,2017-12-28,2018-01-02
ISE,Multifator,2018,ITSA4,financeiro,0.1,2017-12-28,2018-01-02
ISE,Multifator,2018,CLSC4,energia,0.1,2017-12-28,2018-01-02
ISE,Multifator,2018,EGIE3,energia,0.1,2017-12-28,2018-01-02
ISE,Multifator,2018,TIMS3,telecom,0.1,2017-12-28,2018-01-02
ISE,Multifator,2018,BBDC4,banco,0.1,2017-12-28,2018-01-02
ISE,Multifator,2018,LREN3,varejo,0.1,2017-12-28,2018-01-02
ISE,Multifator,2018,FLRY3,saúde,0.1,2017-12-28,2018-01-02
ISE,Multifator,2018,VIVT3,telecom,0.1,2017-12-28,2018-01-02
ISE,Multifator,2018,ENBR3,energia,0.1,2017-12-28,2018-01-02
ISE,Uniao_TCC,2018,AESB3,energia,0.038461538461538464,2017-12-28,2018-01-02
ISE,Uniao_TCC,2018,AMER3,varejo,0.038461538461538464,2017-12-28,2018-01-02
ISE,Uniao_TCC,2018,BBAS3,banco,0.038461538461538464,2017-12-28,2018-01-02
ISE,Uniao_TCC,2018,BBDC4,banco,0.038461538461538464,2017-12-28,2018-01-02
ISE,Uniao_TCC,2018,BRKM5,químico,0.038461538461538464,2017-12-28,2018-01-02
ISE,Uniao_TCC,2018,CIEL3,tecnologia,0.038461538461538464,2017-12-28,2018-01-02
ISE,Uniao_TCC,2018,CLSC4,energia,0.038461538461538464,2017-12-28,2018-01-02
ISE,Uniao_TCC,2018,CMIG4,energia,0.038461538461538464,2017-12-28,2018-01-02
ISE,Uniao_TCC,2018,CPFE3,energia,0.038461538461538464,2017-12-28,2018-01-02
ISE,Uniao_TCC,2018,CPLE6,energia,0.038461538461538464,2017-12-28,2018-01-02
ISE,Uniao_TCC,2018,DXCO3,madeira-papel,0.038461538461538464,2017-12-28,2018-01-02
ISE,Uniao_TCC,2018,ECOR3,transporte,0.038461538461538464,2017-12-28,2018-01-02
ISE,Uniao_TCC,2018,EGIE3,energia,0.038461538461538464,2017-12-28,2018-01-02
ISE,Uniao_TCC,2018,ENBR3,energia,0.038461538461538464,2017-12-28,2018-01-02
ISE,Uniao_TCC,2018,FLRY3,saúde,0.038461538461538464,2017-12-28,2018-01-02
ISE,Uniao_TCC,2018,ITSA4,financeiro,0.038461538461538464,2017-12-28,2018-01-02
ISE,Uniao_TCC,2018,ITUB4,banco,0.038461538461538464,2017-12-28,2018-01-02
ISE,Uniao_TCC,2018,LIGT3,energia,0.038461538461538464,2017-12-28,2018-01-02
ISE,Uniao_TCC,2018,LREN3,varejo,0.038461538461538464,2017-12-28,2018-01-02
ISE,Uniao_TCC,2018,MOTV3,transporte,0.038461538461538464,2017-12-28,2018-01-02
ISE,Uniao_TCC,2018,MRVE3,construção,0.038461538461538464,2017-12-28,2018-01-02
ISE,Uniao_TCC,2018,NATU3,consumo,0.038461538461538464,2017-12-28,2018-01-02
ISE,Uniao_TCC,2018,SANB11,banco,0.038461538461538464,2017-12-28,2018-01-02
ISE,Uniao_TCC,2018,TIMS3,telecom,0.038461538461538464,2017-12-28,2018-01-02
ISE,Uniao_TCC,2018,VIVT3,telecom,0.038461538461538464,2017-12-28,2018-01-02
ISE,Uniao_TCC,2018,WEGE3,indústria,0.038461538461538464,2017-12-28,2018-01-02
ISE,Universo_EW,2018,AESB3,energia,0.03571428571428571,2017-12-28,2018-01-02
ISE,Universo_EW,2018,AMER3,varejo,0.03571428571428571,2017-12-28,2018-01-02
ISE,Universo_EW,2018,BBAS3,banco,0.03571428571428571,2017-12-28,2018-01-02
ISE,Universo_EW,2018,BBDC4,banco,0.03571428571428571,2017-12-28,2018-01-02
ISE,Universo_EW,2018,BRKM5,químico,0.03571428571428571,2017-12-28,2018-01-02
ISE,Universo_EW,2018,CIEL3,tecnologia,0.03571428571428571,2017-12-28,2018-01-02
ISE,Universo_EW,2018,CLSC4,energia,0.03571428571428571,2017-12-28,2018-01-02
ISE,Universo_EW,2018,CMIG4,energia,0.03571428571428571,2017-12-28,2018-01-02
ISE,Universo_EW,2018,CPFE3,energia,0.03571428571428571,2017-12-28,2018-01-02
ISE,Universo_EW,2018,CPLE6,energia,0.03571428571428571,2017-12-28,2018-01-02
ISE,Universo_EW,2018,DXCO3,madeira-papel,0.03571428571428571,2017-12-28,2018-01-02
ISE,Universo_EW,2018,ECOR3,transporte,0.03571428571428571,2017-12-28,2018-01-02
ISE,Universo_EW,2018,EGIE3,energia,0.03571428571428571,2017-12-28,2018-01-02
ISE,Universo_EW,2018,ENBR3,energia,0.03571428571428571,2017-12-28,2018-01-02
ISE,Universo_EW,2018,FLRY3,saúde,0.03571428571428571,2017-12-28,2018-01-02
ISE,Universo_EW,2018,ITSA4,financeiro,0.03571428571428571,2017-12-28,2018-01-02
ISE,Universo_EW,2018,ITUB4,banco,0.03571428571428571,2017-12-28,2018-01-02
ISE,Universo_EW,2018,KLBN11,madeira-papel,0.03571428571428571,2017-12-28,2018-01-02
ISE,Universo_EW,2018,LAME4,varejo,0.03571428571428571,2017-12-28,2018-01-02
ISE,Universo_EW,2018,LIGT3,energia,0.03571428571428571,2017-12-28,2018-01-02
ISE,Universo_EW,2018,LREN3,varejo,0.03571428571428571,2017-12-28,2018-01-02
ISE,Universo_EW,2018,MOTV3,transporte,0.03571428571428571,2017-12-28,2018-01-02
ISE,Universo_EW,2018,MRVE3,construção,0.03571428571428571,2017-12-28,2018-01-02
ISE,Universo_EW,2018,NATU3,consumo,0.03571428571428571,2017-12-28,2018-01-02
ISE,Universo_EW,2018,SANB11,banco,0.03571428571428571,2017-12-28,2018-01-02
ISE,Universo_EW,2018,TIMS3,telecom,0.03571428571428571,2017-12-28,2018-01-02
ISE,Universo_EW,2018,VIVT3,telecom,0.03571428571428571,2017-12-28,2018-01-02
ISE,Universo_EW,2018,WEGE3,indústria,0.03571428571428571,2017-12-28,2018-01-02
ISE,Momentum,2019,CMIG4,energia,0.1,2018-12-28,2019-01-02
ISE,Momentum,2019,AMER3,varejo,0.1,2018-12-28,2019-01-02
ISE,Momentum,2019,BBAS3,banco,0.1,2018-12-28,2019-01-02
ISE,Momentum,2019,NATU3,consumo,0.1,2018-12-28,2019-01-02
ISE,Momentum,2019,SANB11,banco,0.1,2018-12-28,2019-01-02
ISE,Momentum,2019,EGIE3,energia,0.1,2018-12-28,2019-01-02
ISE,Momentum,2019,DXCO3,madeira-papel,0.1,2018-12-28,2019-01-02
ISE,Momentum,2019,CPLE6,energia,0.1,2018-12-28,2019-01-02
ISE,Momentum,2019,ITSA4,financeiro,0.1,2018-12-28,2019-01-02
ISE,Momentum,2019,ITUB4,banco,0.1,2018-12-28,2019-01-02
ISE,Baixa_Vol,2019,EGIE3,energia,0.1,2018-12-28,2019-01-02
ISE,Baixa_Vol,2019,KLBN11,madeira-papel,0.1,2018-12-28,2019-01-02
ISE,Baixa_Vol,2019,AESB3,energia,0.1,2018-12-28,2019-01-02
ISE,Baixa_Vol,2019,VIVT3,telecom,0.1,2018-12-28,2019-01-02
ISE,Baixa_Vol,2019,WEGE3,indústria,0.1,2018-12-28,2019-01-02
ISE,Baixa_Vol,2019,ITUB4,banco,0.1,2018-12-28,2019-01-02
ISE,Baixa_Vol,2019,ITSA4,financeiro,0.1,2018-12-28,2019-01-02
ISE,Baixa_Vol,2019,BBDC4,banco,0.1,2018-12-28,2019-01-02
ISE,Baixa_Vol,2019,TIMS3,telecom,0.1,2018-12-28,2019-01-02
ISE,Baixa_Vol,2019,FLRY3,saúde,0.1,2018-12-28,2019-01-02
ISE,Valor,2019,CPLE6,energia,0.1,2018-12-28,2019-01-02
ISE,Valor,2019,AXIA3,energia,0.1,2018-12-28,2019-01-02
ISE,Valor,2019,MRVE3,construção,0.1,2018-12-28,2019-01-02
ISE,Valor,2019,ENBR3,energia,0.1,2018-12-28,2019-01-02
ISE,Valor,2019,VIVT3,telecom,0.1,2018-12-28,2019-01-02
ISE,Valor,2019,LIGT3,energia,0.1,2018-12-28,2019-01-02
ISE,Valor,2019,CMIG4,energia,0.1,2018-12-28,2019-01-02
ISE,Valor,2019,BBAS3,banco,0.1,2018-12-28,2019-01-02
ISE,Valor,2019,TIMS3,telecom,0.1,2018-12-28,2019-01-02
ISE,Valor,2019,DXCO3,madeira-papel,0.1,2018-12-28,2019-01-02
ISE,Qualidade,2019,BRKM5,químico,0.1,2018-12-28,2019-01-02
ISE,Qualidade,2019,LREN3,varejo,0.1,2018-12-28,2019-01-02
ISE,Qualidade,2019,EGIE3,energia,0.1,2018-12-28,2019-01-02
ISE,Qualidade,2019,BBDC4,banco,0.1,2018-12-28,2019-01-02
ISE,Qualidade,2019,BBAS3,banco,0.1,2018-12-28,2019-01-02
ISE,Qualidade,2019,ITUB4,banco,0.1,2018-12-28,2019-01-02
ISE,Qualidade,2019,FLRY3,saúde,0.1,2018-12-28,2019-01-02
ISE,Qualidade,2019,ITSA4,financeiro,0.1,2018-12-28,2019-01-02
ISE,Qualidade,2019,CIEL3,tecnologia,0.1,2018-12-28,2019-01-02
ISE,Qualidade,2019,ECOR3,transporte,0.1,2018-12-28,2019-01-02
ISE,Multifator,2019,EGIE3,energia,0.1,2018-12-28,2019-01-02
ISE,Multifator,2019,ITUB4,banco,0.1,2018-12-28,2019-01-02
ISE,Multifator,2019,ITSA4,financeiro,0.1,2018-12-28,2019-01-02
ISE,Multifator,2019,VIVT3,telecom,0.1,2018-12-28,2019-01-02
ISE,Multifator,2019,BBAS3,banco,0.1,2018-12-28,2019-01-02
ISE,Multifator,2019,BBDC4,banco,0.1,2018-12-28,2019-01-02
ISE,Multifator,2019,CPLE6,energia,0.1,2018-12-28,2019-01-02
ISE,Multifator,2019,SANB11,banco,0.1,2018-12-28,2019-01-02
ISE,Multifator,2019,ENBR3,energia,0.1,2018-12-28,2019-01-02
ISE,Multifator,2019,CMIG4,energia,0.1,2018-12-28,2019-01-02
ISE,Uniao_TCC,2019,AESB3,energia,0.04,2018-12-28,2019-01-02
ISE,Uniao_TCC,2019,AMER3,varejo,0.04,2018-12-28,2019-01-02
ISE,Uniao_TCC,2019,AXIA3,energia,0.04,2018-12-28,2019-01-02
ISE,Uniao_TCC,2019,BBAS3,banco,0.04,2018-12-28,2019-01-02
ISE,Uniao_TCC,2019,BBDC4,banco,0.04,2018-12-28,2019-01-02
ISE,Uniao_TCC,2019,BRKM5,químico,0.04,2018-12-28,2019-01-02
ISE,Uniao_TCC,2019,CIEL3,tecnologia,0.04,2018-12-28,2019-01-02
ISE,Uniao_TCC,2019,CMIG4,energia,0.04,2018-12-28,2019-01-02
ISE,Uniao_TCC,2019,CPLE6,energia,0.04,2018-12-28,2019-01-02
ISE,Uniao_TCC,2019,DXCO3,madeira-papel,0.04,2018-12-28,2019-01-02
ISE,Uniao_TCC,2019,ECOR3,transporte,0.04,2018-12-28,2019-01-02
ISE,Uniao_TCC,2019,EGIE3,energia,0.04,2018-12-28,2019-01-02
ISE,Uniao_TCC,2019,ENBR3,energia,0.04,2018-12-28,2019-01-02
ISE,Uniao_TCC,2019,FLRY3,saúde,0.04,2018-12-28,2019-01-02
ISE,Uniao_TCC,2019,ITSA4,financeiro,0.04,2018-12-28,2019-01-02
ISE,Uniao_TCC,2019,ITUB4,banco,0.04,2018-12-28,2019-01-02
ISE,Uniao_TCC,2019,KLBN11,madeira-papel,0.04,2018-12-28,2019-01-02
ISE,Uniao_TCC,2019,LIGT3,energia,0.04,2018-12-28,2019-01-02
ISE,Uniao_TCC,2019,LREN3,varejo,0.04,2018-12-28,2019-01-02
ISE,Uniao_TCC,2019,MRVE3,construção,0.04,2018-12-28,2019-01-02
ISE,Uniao_TCC,2019,NATU3,consumo,0.04,2018-12-28,2019-01-02
ISE,Uniao_TCC,2019,SANB11,banco,0.04,2018-12-28,2019-01-02
ISE,Uniao_TCC,2019,TIMS3,telecom,0.04,2018-12-28,2019-01-02
ISE,Uniao_TCC,2019,VIVT3,telecom,0.04,2018-12-28,2019-01-02
ISE,Uniao_TCC,2019,WEGE3,indústria,0.04,2018-12-28,2019-01-02
ISE,Universo_EW,2019,AESB3,energia,0.037037037037037035,2018-12-28,2019-01-02
ISE,Universo_EW,2019,AMER3,varejo,0.037037037037037035,2018-12-28,2019-01-02
ISE,Universo_EW,2019,AXIA3,energia,0.037037037037037035,2018-12-28,2019-01-02
ISE,Universo_EW,2019,BBAS3,banco,0.037037037037037035,2018-12-28,2019-01-02
ISE,Universo_EW,2019,BBDC4,banco,0.037037037037037035,2018-12-28,2019-01-02
ISE,Universo_EW,2019,BRKM5,químico,0.037037037037037035,2018-12-28,2019-01-02
ISE,Universo_EW,2019,CIEL3,tecnologia,0.037037037037037035,2018-12-28,2019-01-02
ISE,Universo_EW,2019,CMIG4,energia,0.037037037037037035,2018-12-28,2019-01-02
ISE,Universo_EW,2019,CPLE6,energia,0.037037037037037035,2018-12-28,2019-01-02
ISE,Universo_EW,2019,DXCO3,madeira-papel,0.037037037037037035,2018-12-28,2019-01-02
ISE,Universo_EW,2019,ECOR3,transporte,0.037037037037037035,2018-12-28,2019-01-02
ISE,Universo_EW,2019,EGIE3,energia,0.037037037037037035,2018-12-28,2019-01-02
ISE,Universo_EW,2019,ENBR3,energia,0.037037037037037035,2018-12-28,2019-01-02
ISE,Universo_EW,2019,FLRY3,saúde,0.037037037037037035,2018-12-28,2019-01-02
ISE,Universo_EW,2019,ITSA4,financeiro,0.037037037037037035,2018-12-28,2019-01-02
ISE,Universo_EW,2019,ITUB4,banco,0.037037037037037035,2018-12-28,2019-01-02
ISE,Universo_EW,2019,KLBN11,madeira-papel,0.037037037037037035,2018-12-28,2019-01-02
ISE,Universo_EW,2019,LAME4,varejo,0.037037037037037035,2018-12-28,2019-01-02
ISE,Universo_EW,2019,LIGT3,energia,0.037037037037037035,2018-12-28,2019-01-02
ISE,Universo_EW,2019,LREN3,varejo,0.037037037037037035,2018-12-28,2019-01-02
ISE,Universo_EW,2019,MOTV3,transporte,0.037037037037037035,2018-12-28,2019-01-02
ISE,Universo_EW,2019,MRVE3,construção,0.037037037037037035,2018-12-28,2019-01-02
ISE,Universo_EW,2019,NATU3,consumo,0.037037037037037035,2018-12-28,2019-01-02
ISE,Universo_EW,2019,SANB11,banco,0.037037037037037035,2018-12-28,2019-01-02
ISE,Universo_EW,2019,TIMS3,telecom,0.037037037037037035,2018-12-28,2019-01-02
ISE,Universo_EW,2019,VIVT3,telecom,0.037037037037037035,2018-12-28,2019-01-02
ISE,Universo_EW,2019,WEGE3,indústria,0.037037037037037035,2018-12-28,2019-01-02
ISE,Momentum,2020,CPLE6,energia,0.1,2019-12-30,2020-01-02
ISE,Momentum,2020,MOVI3,transporte,0.1,2019-12-30,2020-01-02
ISE,Momentum,2020,WEGE3,indústria,0.1,2019-12-30,2020-01-02
ISE,Momentum,2020,MRVE3,construção,0.1,2019-12-30,2020-01-02
ISE,Momentum,2020,AESB3,energia,0.1,2019-12-30,2020-01-02
ISE,Momentum,2020,NATU3,consumo,0.1,2019-12-30,2020-01-02
ISE,Momentum,2020,ECOR3,transporte,0.1,2019-12-30,2020-01-02
ISE,Momentum,2020,MOTV3,transporte,0.1,2019-12-30,2020-01-02
ISE,Momentum,2020,AXIA3,energia,0.1,2019-12-30,2020-01-02
ISE,Momentum,2020,FLRY3,saúde,0.1,2019-12-30,2020-01-02
ISE,Baixa_Vol,2020,AESB3,energia,0.1,2019-12-30,2020-01-02
ISE,Baixa_Vol,2020,VIVT3,telecom,0.1,2019-12-30,2020-01-02
ISE,Baixa_Vol,2020,ITSA4,financeiro,0.1,2019-12-30,2020-01-02
ISE,Baixa_Vol,2020,ITUB4,banco,0.1,2019-12-30,2020-01-02
ISE,Baixa_Vol,2020,EGIE3,energia,0.1,2019-12-30,2020-01-02
ISE,Baixa_Vol,2020,KLBN11,madeira-papel,0.1,2019-12-30,2020-01-02
ISE,Baixa_Vol,2020,SANB11,banco,0.1,2019-12-30,2020-01-02
ISE,Baixa_Vol,2020,WEGE3,indústria,0.1,2019-12-30,2020-01-02
ISE,Baixa_Vol,2020,TIMS3,telecom,0.1,2019-12-30,2020-01-02
ISE,Baixa_Vol,2020,BBDC4,banco,0.1,2019-12-30,2020-01-02
ISE,Valor,2020,AXIA3,energia,0.1,2019-12-30,2020-01-02
ISE,Valor,2020,LIGT3,energia,0.1,2019-12-30,2020-01-02
ISE,Valor,2020,CPLE6,energia,0.1,2019-12-30,2020-01-02
ISE,Valor,2020,CMIG4,energia,0.1,2019-12-30,2020-01-02
ISE,Valor,2020,VIVT3,telecom,0.1,2019-12-30,2020-01-02
ISE,Valor,2020,ENBR3,energia,0.1,2019-12-30,2020-01-02
ISE,Valor,2020,BBAS3,banco,0.1,2019-12-30,2020-01-02
ISE,Valor,2020,SANB11,banco,0.1,2019-12-30,2020-01-02
ISE,Valor,2020,MRVE3,construção,0.1,2019-12-30,2020-01-02
ISE,Valor,2020,BBDC4,banco,0.1,2019-12-30,2020-01-02
ISE,Qualidade,2020,LREN3,varejo,0.1,2019-12-30,2020-01-02
ISE,Qualidade,2020,ITUB4,banco,0.1,2019-12-30,2020-01-02
ISE,Qualidade,2020,SANB11,banco,0.1,2019-12-30,2020-01-02
ISE,Qualidade,2020,BBAS3,banco,0.1,2019-12-30,2020-01-02
ISE,Qualidade,2020,EGIE3,energia,0.1,2019-12-30,2020-01-02
ISE,Qualidade,2020,FLRY3,saúde,0.1,2019-12-30,2020-01-02
ISE,Qualidade,2020,BBDC4,banco,0.1,2019-12-30,2020-01-02
ISE,Qualidade,2020,AXIA3,energia,0.1,2019-12-30,2020-01-02
ISE,Qualidade,2020,ITSA4,financeiro,0.1,2019-12-30,2020-01-02
ISE,Qualidade,2020,WEGE3,indústria,0.1,2019-12-30,2020-01-02
ISE,Multifator,2020,AESB3,energia,0.1,2019-12-30,2020-01-02
ISE,Multifator,2020,CPLE6,energia,0.1,2019-12-30,2020-01-02
ISE,Multifator,2020,ENBR3,energia,0.1,2019-12-30,2020-01-02
ISE,Multifator,2020,SANB11,banco,0.1,2019-12-30,2020-01-02
ISE,Multifator,2020,ITSA4,financeiro,0.1,2019-12-30,2020-01-02
ISE,Multifator,2020,EGIE3,energia,0.1,2019-12-30,2020-01-02
ISE,Multifator,2020,ITUB4,banco,0.1,2019-12-30,2020-01-02
ISE,Multifator,2020,WEGE3,indústria,0.1,2019-12-30,2020-01-02
ISE,Multifator,2020,AXIA3,energia,0.1,2019-12-30,2020-01-02
ISE,Multifator,2020,BBAS3,banco,0.1,2019-12-30,2020-01-02
ISE,Uniao_TCC,2020,AESB3,energia,0.043478260869565216,2019-12-30,2020-01-02
ISE,Uniao_TCC,2020,AXIA3,energia,0.043478260869565216,2019-12-30,2020-01-02
ISE,Uniao_TCC,2020,BBAS3,banco,0.043478260869565216,2019-12-30,2020-01-02
ISE,Uniao_TCC,2020,BBDC4,banco,0.043478260869565216,2019-12-30,2020-01-02
ISE,Uniao_TCC,2020,CMIG4,energia,0.043478260869565216,2019-12-30,2020-01-02
ISE,Uniao_TCC,2020,CPLE6,energia,0.043478260869565216,2019-12-30,2020-01-02
ISE,Uniao_TCC,2020,ECOR3,transporte,0.043478260869565216,2019-12-30,2020-01-02
ISE,Uniao_TCC,2020,EGIE3,energia,0.043478260869565216,2019-12-30,2020-01-02
ISE,Uniao_TCC,2020,ENBR3,energia,0.043478260869565216,2019-12-30,2020-01-02
ISE,Uniao_TCC,2020,FLRY3,saúde,0.043478260869565216,2019-12-30,2020-01-02
ISE,Uniao_TCC,2020,ITSA4,financeiro,0.043478260869565216,2019-12-30,2020-01-02
ISE,Uniao_TCC,2020,ITUB4,banco,0.043478260869565216,2019-12-30,2020-01-02
ISE,Uniao_TCC,2020,KLBN11,madeira-papel,0.043478260869565216,2019-12-30,2020-01-02
ISE,Uniao_TCC,2020,LIGT3,energia,0.043478260869565216,2019-12-30,2020-01-02
ISE,Uniao_TCC,2020,LREN3,varejo,0.043478260869565216,2019-12-30,2020-01-02
ISE,Uniao_TCC,2020,MOTV3,transporte,0.043478260869565216,2019-12-30,2020-01-02
ISE,Uniao_TCC,2020,MOVI3,transporte,0.043478260869565216,2019-12-30,2020-01-02
ISE,Uniao_TCC,2020,MRVE3,construção,0.043478260869565216,2019-12-30,2020-01-02
ISE,Uniao_TCC,2020,NATU3,consumo,0.043478260869565216,2019-12-30,2020-01-02
ISE,Uniao_TCC,2020,SANB11,banco,0.043478260869565216,2019-12-30,2020-01-02
ISE,Uniao_TCC,2020,TIMS3,telecom,0.043478260869565216,2019-12-30,2020-01-02
ISE,Uniao_TCC,2020,VIVT3,telecom,0.043478260869565216,2019-12-30,2020-01-02
ISE,Uniao_TCC,2020,WEGE3,indústria,0.043478260869565216,2019-12-30,2020-01-02
ISE,Universo_EW,2020,AESB3,energia,0.03333333333333333,2019-12-30,2020-01-02
ISE,Universo_EW,2020,AMER3,varejo,0.03333333333333333,2019-12-30,2020-01-02
ISE,Universo_EW,2020,AXIA3,energia,0.03333333333333333,2019-12-30,2020-01-02
ISE,Universo_EW,2020,BBAS3,banco,0.03333333333333333,2019-12-30,2020-01-02
ISE,Universo_EW,2020,BBDC4,banco,0.03333333333333333,2019-12-30,2020-01-02
ISE,Universo_EW,2020,BRFS3,proteína,0.03333333333333333,2019-12-30,2020-01-02
ISE,Universo_EW,2020,BRKM5,químico,0.03333333333333333,2019-12-30,2020-01-02
ISE,Universo_EW,2020,CIEL3,tecnologia,0.03333333333333333,2019-12-30,2020-01-02
ISE,Universo_EW,2020,CMIG4,energia,0.03333333333333333,2019-12-30,2020-01-02
ISE,Universo_EW,2020,CPLE6,energia,0.03333333333333333,2019-12-30,2020-01-02
ISE,Universo_EW,2020,DXCO3,madeira-papel,0.03333333333333333,2019-12-30,2020-01-02
ISE,Universo_EW,2020,ECOR3,transporte,0.03333333333333333,2019-12-30,2020-01-02
ISE,Universo_EW,2020,EGIE3,energia,0.03333333333333333,2019-12-30,2020-01-02
ISE,Universo_EW,2020,ENBR3,energia,0.03333333333333333,2019-12-30,2020-01-02
ISE,Universo_EW,2020,FLRY3,saúde,0.03333333333333333,2019-12-30,2020-01-02
ISE,Universo_EW,2020,ITSA4,financeiro,0.03333333333333333,2019-12-30,2020-01-02
ISE,Universo_EW,2020,ITUB4,banco,0.03333333333333333,2019-12-30,2020-01-02
ISE,Universo_EW,2020,KLBN11,madeira-papel,0.03333333333333333,2019-12-30,2020-01-02
ISE,Universo_EW,2020,LAME4,varejo,0.03333333333333333,2019-12-30,2020-01-02
ISE,Universo_EW,2020,LIGT3,energia,0.03333333333333333,2019-12-30,2020-01-02
ISE,Universo_EW,2020,LREN3,varejo,0.03333333333333333,2019-12-30,2020-01-02
ISE,Universo_EW,2020,MOTV3,transporte,0.03333333333333333,2019-12-30,2020-01-02
ISE,Universo_EW,2020,MOVI3,transporte,0.03333333333333333,2019-12-30,2020-01-02
ISE,Universo_EW,2020,MRVE3,construção,0.03333333333333333,2019-12-30,2020-01-02
ISE,Universo_EW,2020,NATU3,consumo,0.03333333333333333,2019-12-30,2020-01-02
ISE,Universo_EW,2020,SANB11,banco,0.03333333333333333,2019-12-30,2020-01-02
ISE,Universo_EW,2020,TIMS3,telecom,0.03333333333333333,2019-12-30,2020-01-02
ISE,Universo_EW,2020,VBBR3,transporte,0.03333333333333333,2019-12-30,2020-01-02
ISE,Universo_EW,2020,VIVT3,telecom,0.03333333333333333,2019-12-30,2020-01-02
ISE,Universo_EW,2020,WEGE3,indústria,0.03333333333333333,2019-12-30,2020-01-02
ISE,Momentum,2021,WEGE3,indústria,0.1,2020-12-30,2021-01-04
ISE,Momentum,2021,MBRF3,proteína,0.1,2020-12-30,2021-01-04
ISE,Momentum,2021,KLBN11,madeira-papel,0.1,2020-12-30,2021-01-04
ISE,Momentum,2021,SUZB3,madeira-papel,0.1,2020-12-30,2021-01-04
ISE,Momentum,2021,NATU3,consumo,0.1,2020-12-30,2021-01-04
ISE,Momentum,2021,BPAC11,banco,0.1,2020-12-30,2021-01-04
ISE,Momentum,2021,AMER3,varejo,0.1,2020-12-30,2021-01-04
ISE,Momentum,2021,CPLE6,energia,0.1,2020-12-30,2021-01-04
ISE,Momentum,2021,AESB3,energia,0.1,2020-12-30,2021-01-04
ISE,Momentum,2021,CMIG4,energia,0.1,2020-12-30,2021-01-04
ISE,Baixa_Vol,2021,EGIE3,energia,0.1,2020-12-30,2021-01-04
ISE,Baixa_Vol,2021,ENBR3,energia,0.1,2020-12-30,2021-01-04
ISE,Baixa_Vol,2021,VIVT3,telecom,0.1,2020-12-30,2021-01-04
ISE,Baixa_Vol,2021,CPFE3,energia,0.1,2020-12-30,2021-01-04
ISE,Baixa_Vol,2021,ITSA4,financeiro,0.1,2020-12-30,2021-01-04
ISE,Baixa_Vol,2021,FLRY3,saúde,0.1,2020-12-30,2021-01-04
ISE,Baixa_Vol,2021,TIMS3,telecom,0.1,2020-12-30,2021-01-04
ISE,Baixa_Vol,2021,NEOE3,energia,0.1,2020-12-30,2021-01-04
ISE,Baixa_Vol,2021,KLBN11,madeira-papel,0.1,2020-12-30,2021-01-04
ISE,Baixa_Vol,2021,ITUB4,banco,0.1,2020-12-30,2021-01-04
ISE,Valor,2021,AXIA3,energia,0.1,2020-12-30,2021-01-04
ISE,Valor,2021,BBAS3,banco,0.1,2020-12-30,2021-01-04
ISE,Valor,2021,CPLE6,energia,0.1,2020-12-30,2021-01-04
ISE,Valor,2021,NEOE3,energia,0.1,2020-12-30,2021-01-04
ISE,Valor,2021,ENBR3,energia,0.1,2020-12-30,2021-01-04
ISE,Valor,2021,LIGT3,energia,0.1,2020-12-30,2021-01-04
ISE,Valor,2021,VIVT3,telecom,0.1,2020-12-30,2021-01-04
ISE,Valor,2021,CIEL3,tecnologia,0.1,2020-12-30,2021-01-04
ISE,Valor,2021,PCAR3,supermercado,0.1,2020-12-30,2021-01-04
ISE,Valor,2021,CMIG4,energia,0.1,2020-12-30,2021-01-04
ISE,Qualidade,2021,MBRF3,proteína,0.1,2020-12-30,2021-01-04
ISE,Qualidade,2021,WEGE3,indústria,0.1,2020-12-30,2021-01-04
ISE,Qualidade,2021,EGIE3,energia,0.1,2020-12-30,2021-01-04
ISE,Qualidade,2021,AESB3,energia,0.1,2020-12-30,2021-01-04
ISE,Qualidade,2021,CPFE3,energia,0.1,2020-12-30,2021-01-04
ISE,Qualidade,2021,BEEF3,proteína,0.1,2020-12-30,2021-01-04
ISE,Qualidade,2021,LREN3,varejo,0.1,2020-12-30,2021-01-04
ISE,Qualidade,2021,ECOR3,transporte,0.1,2020-12-30,2021-01-04
ISE,Qualidade,2021,ITSA4,financeiro,0.1,2020-12-30,2021-01-04
ISE,Qualidade,2021,CPLE6,energia,0.1,2020-12-30,2021-01-04
ISE,Multifator,2021,CPLE6,energia,0.1,2020-12-30,2021-01-04
ISE,Multifator,2021,ENBR3,energia,0.1,2020-12-30,2021-01-04
ISE,Multifator,2021,CPFE3,energia,0.1,2020-12-30,2021-01-04
ISE,Multifator,2021,VIVT3,telecom,0.1,2020-12-30,2021-01-04
ISE,Multifator,2021,CMIG4,energia,0.1,2020-12-30,2021-01-04
ISE,Multifator,2021,TIMS3,telecom,0.1,2020-12-30,2021-01-04
ISE,Multifator,2021,AESB3,energia,0.1,2020-12-30,2021-01-04
ISE,Multifator,2021,ITSA4,financeiro,0.1,2020-12-30,2021-01-04
ISE,Multifator,2021,WEGE3,indústria,0.1,2020-12-30,2021-01-04
ISE,Multifator,2021,EGIE3,energia,0.1,2020-12-30,2021-01-04
ISE,Uniao_TCC,2021,AESB3,energia,0.037037037037037035,2020-12-30,2021-01-04
ISE,Uniao_TCC,2021,AMER3,varejo,0.037037037037037035,2020-12-30,2021-01-04
ISE,Uniao_TCC,2021,AXIA3,energia,0.037037037037037035,2020-12-30,2021-01-04
ISE,Uniao_TCC,2021,BBAS3,banco,0.037037037037037035,2020-12-30,2021-01-04
ISE,Uniao_TCC,2021,BEEF3,proteína,0.037037037037037035,2020-12-30,2021-01-04
ISE,Uniao_TCC,2021,BPAC11,banco,0.037037037037037035,2020-12-30,2021-01-04
ISE,Uniao_TCC,2021,CIEL3,tecnologia,0.037037037037037035,2020-12-30,2021-01-04
ISE,Uniao_TCC,2021,CMIG4,energia,0.037037037037037035,2020-12-30,2021-01-04
ISE,Uniao_TCC,2021,CPFE3,energia,0.037037037037037035,2020-12-30,2021-01-04
ISE,Uniao_TCC,2021,CPLE6,energia,0.037037037037037035,2020-12-30,2021-01-04
ISE,Uniao_TCC,2021,ECOR3,transporte,0.037037037037037035,2020-12-30,2021-01-04
ISE,Uniao_TCC,2021,EGIE3,energia,0.037037037037037035,2020-12-30,2021-01-04
ISE,Uniao_TCC,2021,ENBR3,energia,0.037037037037037035,2020-12-30,2021-01-04
ISE,Uniao_TCC,2021,FLRY3,saúde,0.037037037037037035,2020-12-30,2021-01-04
ISE,Uniao_TCC,2021,ITSA4,financeiro,0.037037037037037035,2020-12-30,2021-01-04
ISE,Uniao_TCC,2021,ITUB4,banco,0.037037037037037035,2020-12-30,2021-01-04
ISE,Uniao_TCC,2021,KLBN11,madeira-papel,0.037037037037037035,2020-12-30,2021-01-04
ISE,Uniao_TCC,2021,LIGT3,energia,0.037037037037037035,2020-12-30,2021-01-04
ISE,Uniao_TCC,2021,LREN3,varejo,0.037037037037037035,2020-12-30,2021-01-04
ISE,Uniao_TCC,2021,MBRF3,proteína,0.037037037037037035,2020-12-30,2021-01-04
ISE,Uniao_TCC,2021,NATU3,consumo,0.037037037037037035,2020-12-30,2021-01-04
ISE,Uniao_TCC,2021,NEOE3,energia,0.037037037037037035,2020-12-30,2021-01-04
ISE,Uniao_TCC,2021,PCAR3,supermercado,0.037037037037037035,2020-12-30,2021-01-04
ISE,Uniao_TCC,2021,SUZB3,madeira-papel,0.037037037037037035,2020-12-30,2021-01-04
ISE,Uniao_TCC,2021,TIMS3,telecom,0.037037037037037035,2020-12-30,2021-01-04
ISE,Uniao_TCC,2021,VIVT3,telecom,0.037037037037037035,2020-12-30,2021-01-04
ISE,Uniao_TCC,2021,WEGE3,indústria,0.037037037037037035,2020-12-30,2021-01-04
ISE,Universo_EW,2021,AESB3,energia,0.025,2020-12-30,2021-01-04
ISE,Universo_EW,2021,AMER3,varejo,0.025,2020-12-30,2021-01-04
ISE,Universo_EW,2021,AXIA3,energia,0.025,2020-12-30,2021-01-04
ISE,Universo_EW,2021,BBAS3,banco,0.025,2020-12-30,2021-01-04
ISE,Universo_EW,2021,BBDC4,banco,0.025,2020-12-30,2021-01-04
ISE,Universo_EW,2021,BEEF3,proteína,0.025,2020-12-30,2021-01-04
ISE,Universo_EW,2021,BPAC11,banco,0.025,2020-12-30,2021-01-04
ISE,Universo_EW,2021,BRFS3,proteína,0.025,2020-12-30,2021-01-04
ISE,Universo_EW,2021,BRKM5,químico,0.025,2020-12-30,2021-01-04
ISE,Universo_EW,2021,CIEL3,tecnologia,0.025,2020-12-30,2021-01-04
ISE,Universo_EW,2021,CMIG4,energia,0.025,2020-12-30,2021-01-04
ISE,Universo_EW,2021,CPFE3,energia,0.025,2020-12-30,2021-01-04
ISE,Universo_EW,2021,CPLE6,energia,0.025,2020-12-30,2021-01-04
ISE,Universo_EW,2021,CSAN3,químico,0.025,2020-12-30,2021-01-04
ISE,Universo_EW,2021,DXCO3,madeira-papel,0.025,2020-12-30,2021-01-04
ISE,Universo_EW,2021,ECOR3,transporte,0.025,2020-12-30,2021-01-04
ISE,Universo_EW,2021,EGIE3,energia,0.025,2020-12-30,2021-01-04
ISE,Universo_EW,2021,ENBR3,energia,0.025,2020-12-30,2021-01-04
ISE,Universo_EW,2021,FLRY3,saúde,0.025,2020-12-30,2021-01-04
ISE,Universo_EW,2021,ITSA4,financeiro,0.025,2020-12-30,2021-01-04
ISE,Universo_EW,2021,ITUB4,banco,0.025,2020-12-30,2021-01-04
ISE,Universo_EW,2021,KLBN11,madeira-papel,0.025,2020-12-30,2021-01-04
ISE,Universo_EW,2021,LAME4,varejo,0.025,2020-12-30,2021-01-04
ISE,Universo_EW,2021,LIGT3,energia,0.025,2020-12-30,2021-01-04
ISE,Universo_EW,2021,LREN3,varejo,0.025,2020-12-30,2021-01-04
ISE,Universo_EW,2021,MBRF3,proteína,0.025,2020-12-30,2021-01-04
ISE,Universo_EW,2021,MDIA3,consumo,0.025,2020-12-30,2021-01-04
ISE,Universo_EW,2021,MOTV3,transporte,0.025,2020-12-30,2021-01-04
ISE,Universo_EW,2021,MOVI3,transporte,0.025,2020-12-30,2021-01-04
ISE,Universo_EW,2021,MRVE3,construção,0.025,2020-12-30,2021-01-04
ISE,Universo_EW,2021,NATU3,consumo,0.025,2020-12-30,2021-01-04
ISE,Universo_EW,2021,NEOE3,energia,0.025,2020-12-30,2021-01-04
ISE,Universo_EW,2021,PCAR3,supermercado,0.025,2020-12-30,2021-01-04
ISE,Universo_EW,2021,PETR4,petróleo,0.025,2020-12-30,2021-01-04
ISE,Universo_EW,2021,SANB11,banco,0.025,2020-12-30,2021-01-04
ISE,Universo_EW,2021,SUZB3,madeira-papel,0.025,2020-12-30,2021-01-04
ISE,Universo_EW,2021,TIMS3,telecom,0.025,2020-12-30,2021-01-04
ISE,Universo_EW,2021,VBBR3,transporte,0.025,2020-12-30,2021-01-04
ISE,Universo_EW,2021,VIVT3,telecom,0.025,2020-12-30,2021-01-04
ISE,Universo_EW,2021,WEGE3,indústria,0.025,2020-12-30,2021-01-04
ISE,Momentum,2022,BRKM5,químico,0.1,2021-12-30,2022-01-03
ISE,Momentum,2022,PCAR3,supermercado,0.1,2021-12-30,2022-01-03
ISE,Momentum,2022,MBRF3,proteína,0.1,2021-12-30,2022-01-03
ISE,Momentum,2022,AMBP3,saneamento,0.1,2021-12-30,2022-01-03
ISE,Momentum,2022,SIMH3,transporte,0.1,2021-12-30,2022-01-03
ISE,Momentum,2022,BEEF3,proteína,0.1,2021-12-30,2022-01-03
ISE,Momentum,2022,AZZA3,consumo,0.1,2021-12-30,2022-01-03
ISE,Momentum,2022,VIVT3,telecom,0.1,2021-12-30,2022-01-03
ISE,Momentum,2022,CMIG4,energia,0.1,2021-12-30,2022-01-03
ISE,Momentum,2022,CSAN3,químico,0.1,2021-12-30,2022-01-03
ISE,Baixa_Vol,2022,EGIE3,energia,0.1,2021-12-30,2022-01-03
ISE,Baixa_Vol,2022,ENBR3,energia,0.1,2021-12-30,2022-01-03
ISE,Baixa_Vol,2022,VIVT3,telecom,0.1,2021-12-30,2022-01-03
ISE,Baixa_Vol,2022,NEOE3,energia,0.1,2021-12-30,2022-01-03
ISE,Baixa_Vol,2022,TIMS3,telecom,0.1,2021-12-30,2022-01-03
ISE,Baixa_Vol,2022,ITSA4,financeiro,0.1,2021-12-30,2022-01-03
ISE,Baixa_Vol,2022,CPFE3,energia,0.1,2021-12-30,2022-01-03
ISE,Baixa_Vol,2022,KLBN11,madeira-papel,0.1,2021-12-30,2022-01-03
ISE,Baixa_Vol,2022,MDIA3,consumo,0.1,2021-12-30,2022-01-03
ISE,Baixa_Vol,2022,FLRY3,saúde,0.1,2021-12-30,2022-01-03
ISE,Valor,2022,PCAR3,supermercado,0.1,2021-12-30,2022-01-03
ISE,Valor,2022,LIGT3,energia,0.1,2021-12-30,2022-01-03
ISE,Valor,2022,MYPK3,indústria,0.1,2021-12-30,2022-01-03
ISE,Valor,2022,BBAS3,banco,0.1,2021-12-30,2022-01-03
ISE,Valor,2022,CIEL3,tecnologia,0.1,2021-12-30,2022-01-03
ISE,Valor,2022,AXIA3,energia,0.1,2021-12-30,2022-01-03
ISE,Valor,2022,CPLE6,energia,0.1,2021-12-30,2022-01-03
ISE,Valor,2022,NEOE3,energia,0.1,2021-12-30,2022-01-03
ISE,Valor,2022,MRVE3,construção,0.1,2021-12-30,2022-01-03
ISE,Valor,2022,ENBR3,energia,0.1,2021-12-30,2022-01-03
ISE,Qualidade,2022,BRKM5,químico,0.1,2021-12-30,2022-01-03
ISE,Qualidade,2022,MBRF3,proteína,0.1,2021-12-30,2022-01-03
ISE,Qualidade,2022,WEGE3,indústria,0.1,2021-12-30,2022-01-03
ISE,Qualidade,2022,VBBR3,transporte,0.1,2021-12-30,2022-01-03
ISE,Qualidade,2022,EGIE3,energia,0.1,2021-12-30,2022-01-03
ISE,Qualidade,2022,CMIG4,energia,0.1,2021-12-30,2022-01-03
ISE,Qualidade,2022,RADL3,saúde,0.1,2021-12-30,2022-01-03
ISE,Qualidade,2022,DXCO3,madeira-papel,0.1,2021-12-30,2022-01-03
ISE,Qualidade,2022,AZZA3,consumo,0.1,2021-12-30,2022-01-03
ISE,Qualidade,2022,CPFE3,energia,0.1,2021-12-30,2022-01-03
ISE,Multifator,2022,ENBR3,energia,0.1,2021-12-30,2022-01-03
ISE,Multifator,2022,CMIG4,energia,0.1,2021-12-30,2022-01-03
ISE,Multifator,2022,CPLE6,energia,0.1,2021-12-30,2022-01-03
ISE,Multifator,2022,VIVT3,telecom,0.1,2021-12-30,2022-01-03
ISE,Multifator,2022,NEOE3,energia,0.1,2021-12-30,2022-01-03
ISE,Multifator,2022,ITSA4,financeiro,0.1,2021-12-30,2022-01-03
ISE,Multifator,2022,MBRF3,proteína,0.1,2021-12-30,2022-01-03
ISE,Multifator,2022,CPFE3,energia,0.1,2021-12-30,2022-01-03
ISE,Multifator,2022,TIMS3,telecom,0.1,2021-12-30,2022-01-03
ISE,Multifator,2022,EGIE3,energia,0.1,2021-12-30,2022-01-03
ISE,Uniao_TCC,2022,AMBP3,saneamento,0.03333333333333333,2021-12-30,2022-01-03
ISE,Uniao_TCC,2022,AXIA3,energia,0.03333333333333333,2021-12-30,2022-01-03
ISE,Uniao_TCC,2022,AZZA3,consumo,0.03333333333333333,2021-12-30,2022-01-03
ISE,Uniao_TCC,2022,BBAS3,banco,0.03333333333333333,2021-12-30,2022-01-03
ISE,Uniao_TCC,2022,BEEF3,proteína,0.03333333333333333,2021-12-30,2022-01-03
ISE,Uniao_TCC,2022,BRKM5,químico,0.03333333333333333,2021-12-30,2022-01-03
ISE,Uniao_TCC,2022,CIEL3,tecnologia,0.03333333333333333,2021-12-30,2022-01-03
ISE,Uniao_TCC,2022,CMIG4,energia,0.03333333333333333,2021-12-30,2022-01-03
ISE,Uniao_TCC,2022,CPFE3,energia,0.03333333333333333,2021-12-30,2022-01-03
ISE,Uniao_TCC,2022,CPLE6,energia,0.03333333333333333,2021-12-30,2022-01-03
ISE,Uniao_TCC,2022,CSAN3,químico,0.03333333333333333,2021-12-30,2022-01-03
ISE,Uniao_TCC,2022,DXCO3,madeira-papel,0.03333333333333333,2021-12-30,2022-01-03
ISE,Uniao_TCC,2022,EGIE3,energia,0.03333333333333333,2021-12-30,2022-01-03
ISE,Uniao_TCC,2022,ENBR3,energia,0.03333333333333333,2021-12-30,2022-01-03
ISE,Uniao_TCC,2022,FLRY3,saúde,0.03333333333333333,2021-12-30,2022-01-03
ISE,Uniao_TCC,2022,ITSA4,financeiro,0.03333333333333333,2021-12-30,2022-01-03
ISE,Uniao_TCC,2022,KLBN11,madeira-papel,0.03333333333333333,2021-12-30,2022-01-03
ISE,Uniao_TCC,2022,LIGT3,energia,0.03333333333333333,2021-12-30,2022-01-03
ISE,Uniao_TCC,2022,MBRF3,proteína,0.03333333333333333,2021-12-30,2022-01-03
ISE,Uniao_TCC,2022,MDIA3,consumo,0.03333333333333333,2021-12-30,2022-01-03
ISE,Uniao_TCC,2022,MRVE3,construção,0.03333333333333333,2021-12-30,2022-01-03
ISE,Uniao_TCC,2022,MYPK3,indústria,0.03333333333333333,2021-12-30,2022-01-03
ISE,Uniao_TCC,2022,NEOE3,energia,0.03333333333333333,2021-12-30,2022-01-03
ISE,Uniao_TCC,2022,PCAR3,supermercado,0.03333333333333333,2021-12-30,2022-01-03
ISE,Uniao_TCC,2022,RADL3,saúde,0.03333333333333333,2021-12-30,2022-01-03
ISE,Uniao_TCC,2022,SIMH3,transporte,0.03333333333333333,2021-12-30,2022-01-03
ISE,Uniao_TCC,2022,TIMS3,telecom,0.03333333333333333,2021-12-30,2022-01-03
ISE,Uniao_TCC,2022,VBBR3,transporte,0.03333333333333333,2021-12-30,2022-01-03
ISE,Uniao_TCC,2022,VIVT3,telecom,0.03333333333333333,2021-12-30,2022-01-03
ISE,Uniao_TCC,2022,WEGE3,indústria,0.03333333333333333,2021-12-30,2022-01-03
ISE,Universo_EW,2022,AESB3,energia,0.020833333333333332,2021-12-30,2022-01-03
ISE,Universo_EW,2022,AMBP3,saneamento,0.020833333333333332,2021-12-30,2022-01-03
ISE,Universo_EW,2022,AMER3,varejo,0.020833333333333332,2021-12-30,2022-01-03
ISE,Universo_EW,2022,AXIA3,energia,0.020833333333333332,2021-12-30,2022-01-03
ISE,Universo_EW,2022,AZUL3,aviação,0.020833333333333332,2021-12-30,2022-01-03
ISE,Universo_EW,2022,AZZA3,consumo,0.020833333333333332,2021-12-30,2022-01-03
ISE,Universo_EW,2022,BBAS3,banco,0.020833333333333332,2021-12-30,2022-01-03
ISE,Universo_EW,2022,BBDC4,banco,0.020833333333333332,2021-12-30,2022-01-03
ISE,Universo_EW,2022,BEEF3,proteína,0.020833333333333332,2021-12-30,2022-01-03
ISE,Universo_EW,2022,BHIA3,varejo,0.020833333333333332,2021-12-30,2022-01-03
ISE,Universo_EW,2022,BPAC11,banco,0.020833333333333332,2021-12-30,2022-01-03
ISE,Universo_EW,2022,BRFS3,proteína,0.020833333333333332,2021-12-30,2022-01-03
ISE,Universo_EW,2022,BRKM5,químico,0.020833333333333332,2021-12-30,2022-01-03
ISE,Universo_EW,2022,CIEL3,tecnologia,0.020833333333333332,2021-12-30,2022-01-03
ISE,Universo_EW,2022,CMIG4,energia,0.020833333333333332,2021-12-30,2022-01-03
ISE,Universo_EW,2022,CPFE3,energia,0.020833333333333332,2021-12-30,2022-01-03
ISE,Universo_EW,2022,CPLE6,energia,0.020833333333333332,2021-12-30,2022-01-03
ISE,Universo_EW,2022,CSAN3,químico,0.020833333333333332,2021-12-30,2022-01-03
ISE,Universo_EW,2022,DXCO3,madeira-papel,0.020833333333333332,2021-12-30,2022-01-03
ISE,Universo_EW,2022,ECOR3,transporte,0.020833333333333332,2021-12-30,2022-01-03
ISE,Universo_EW,2022,EGIE3,energia,0.020833333333333332,2021-12-30,2022-01-03
ISE,Universo_EW,2022,ENBR3,energia,0.020833333333333332,2021-12-30,2022-01-03
ISE,Universo_EW,2022,FLRY3,saúde,0.020833333333333332,2021-12-30,2022-01-03
ISE,Universo_EW,2022,ITSA4,financeiro,0.020833333333333332,2021-12-30,2022-01-03
ISE,Universo_EW,2022,ITUB4,banco,0.020833333333333332,2021-12-30,2022-01-03
ISE,Universo_EW,2022,KLBN11,madeira-papel,0.020833333333333332,2021-12-30,2022-01-03
ISE,Universo_EW,2022,LIGT3,energia,0.020833333333333332,2021-12-30,2022-01-03
ISE,Universo_EW,2022,LREN3,varejo,0.020833333333333332,2021-12-30,2022-01-03
ISE,Universo_EW,2022,MBRF3,proteína,0.020833333333333332,2021-12-30,2022-01-03
ISE,Universo_EW,2022,MDIA3,consumo,0.020833333333333332,2021-12-30,2022-01-03
ISE,Universo_EW,2022,MGLU3,varejo,0.020833333333333332,2021-12-30,2022-01-03
ISE,Universo_EW,2022,MOTV3,transporte,0.020833333333333332,2021-12-30,2022-01-03
ISE,Universo_EW,2022,MOVI3,transporte,0.020833333333333332,2021-12-30,2022-01-03
ISE,Universo_EW,2022,MRVE3,construção,0.020833333333333332,2021-12-30,2022-01-03
ISE,Universo_EW,2022,MYPK3,indústria,0.020833333333333332,2021-12-30,2022-01-03
ISE,Universo_EW,2022,NATU3,consumo,0.020833333333333332,2021-12-30,2022-01-03
ISE,Universo_EW,2022,NEOE3,energia,0.020833333333333332,2021-12-30,2022-01-03
ISE,Universo_EW,2022,PCAR3,supermercado,0.020833333333333332,2021-12-30,2022-01-03
ISE,Universo_EW,2022,RADL3,saúde,0.020833333333333332,2021-12-30,2022-01-03
ISE,Universo_EW,2022,RAIL3,transporte,0.020833333333333332,2021-12-30,2022-01-03
ISE,Universo_EW,2022,SANB11,banco,0.020833333333333332,2021-12-30,2022-01-03
ISE,Universo_EW,2022,SIMH3,transporte,0.020833333333333332,2021-12-30,2022-01-03
ISE,Universo_EW,2022,SULA11,seguro,0.020833333333333332,2021-12-30,2022-01-03
ISE,Universo_EW,2022,SUZB3,madeira-papel,0.020833333333333332,2021-12-30,2022-01-03
ISE,Universo_EW,2022,TIMS3,telecom,0.020833333333333332,2021-12-30,2022-01-03
ISE,Universo_EW,2022,VBBR3,transporte,0.020833333333333332,2021-12-30,2022-01-03
ISE,Universo_EW,2022,VIVT3,telecom,0.020833333333333332,2021-12-30,2022-01-03
ISE,Universo_EW,2022,WEGE3,indústria,0.020833333333333332,2021-12-30,2022-01-03
ISE,Momentum,2023,CIEL3,tecnologia,0.1,2022-12-29,2023-01-02
ISE,Momentum,2023,HYPE3,saúde,0.1,2022-12-29,2023-01-02
ISE,Momentum,2023,MDIA3,consumo,0.1,2022-12-29,2023-01-02
ISE,Momentum,2023,ASAI3,supermercado,0.1,2022-12-29,2023-01-02
ISE,Momentum,2023,CPFE3,energia,0.1,2022-12-29,2023-01-02
ISE,Momentum,2023,CPLE6,energia,0.1,2022-12-29,2023-01-02
ISE,Momentum,2023,BBAS3,banco,0.1,2022-12-29,2023-01-02
ISE,Momentum,2023,RANI3,madeira-papel,0.1,2022-12-29,2023-01-02
ISE,Momentum,2023,CMIG4,energia,0.1,2022-12-29,2023-01-02
ISE,Momentum,2023,AXIA3,energia,0.1,2022-12-29,2023-01-02
ISE,Baixa_Vol,2023,ISAE4,energia,0.1,2022-12-29,2023-01-02
ISE,Baixa_Vol,2023,EGIE3,energia,0.1,2022-12-29,2023-01-02
ISE,Baixa_Vol,2023,VIVT3,telecom,0.1,2022-12-29,2023-01-02
ISE,Baixa_Vol,2023,ENBR3,energia,0.1,2022-12-29,2023-01-02
ISE,Baixa_Vol,2023,ITSA4,financeiro,0.1,2022-12-29,2023-01-02
ISE,Baixa_Vol,2023,TIMS3,telecom,0.1,2022-12-29,2023-01-02
ISE,Baixa_Vol,2023,ABEV3,indústria,0.1,2022-12-29,2023-01-02
ISE,Baixa_Vol,2023,AESB3,energia,0.1,2022-12-29,2023-01-02
ISE,Baixa_Vol,2023,ITUB4,banco,0.1,2022-12-29,2023-01-02
ISE,Baixa_Vol,2023,NEOE3,energia,0.1,2022-12-29,2023-01-02
ISE,Valor,2023,MBRF3,proteína,0.1,2022-12-29,2023-01-02
ISE,Valor,2023,LIGT3,energia,0.1,2022-12-29,2023-01-02
ISE,Valor,2023,GFSA3,construção,0.1,2022-12-29,2023-01-02
ISE,Valor,2023,PCAR3,supermercado,0.1,2022-12-29,2023-01-02
ISE,Valor,2023,COGN3,educação,0.1,2022-12-29,2023-01-02
ISE,Valor,2023,USIM5,siderurgico,0.1,2022-12-29,2023-01-02
ISE,Valor,2023,MYPK3,indústria,0.1,2022-12-29,2023-01-02
ISE,Valor,2023,MRVE3,construção,0.1,2022-12-29,2023-01-02
ISE,Valor,2023,ALOS3,shopping,0.1,2022-12-29,2023-01-02
ISE,Valor,2023,AMER3,varejo,0.1,2022-12-29,2023-01-02
ISE,Qualidade,2023,SLCE3,agrícola,0.1,2022-12-29,2023-01-02
ISE,Qualidade,2023,RANI3,madeira-papel,0.1,2022-12-29,2023-01-02
ISE,Qualidade,2023,AZUL3,aviação,0.1,2022-12-29,2023-01-02
ISE,Qualidade,2023,WEGE3,indústria,0.1,2022-12-29,2023-01-02
ISE,Qualidade,2023,MOTV3,transporte,0.1,2022-12-29,2023-01-02
ISE,Qualidade,2023,CPFE3,energia,0.1,2022-12-29,2023-01-02
ISE,Qualidade,2023,BRKM5,químico,0.1,2022-12-29,2023-01-02
ISE,Qualidade,2023,RADL3,saúde,0.1,2022-12-29,2023-01-02
ISE,Qualidade,2023,STBP3,transporte,0.1,2022-12-29,2023-01-02
ISE,Qualidade,2023,CBAV3,indústria,0.1,2022-12-29,2023-01-02
ISE,Multifator,2023,ENBR3,energia,0.1,2022-12-29,2023-01-02
ISE,Multifator,2023,ISAE4,energia,0.1,2022-12-29,2023-01-02
ISE,Multifator,2023,SAPR11,saneamento,0.1,2022-12-29,2023-01-02
ISE,Multifator,2023,ITSA4,financeiro,0.1,2022-12-29,2023-01-02
ISE,Multifator,2023,CPFE3,energia,0.1,2022-12-29,2023-01-02
ISE,Multifator,2023,NEOE3,energia,0.1,2022-12-29,2023-01-02
ISE,Multifator,2023,CMIG4,energia,0.1,2022-12-29,2023-01-02
ISE,Multifator,2023,RANI3,madeira-papel,0.1,2022-12-29,2023-01-02
ISE,Multifator,2023,TIMS3,telecom,0.1,2022-12-29,2023-01-02
ISE,Multifator,2023,CPLE6,energia,0.1,2022-12-29,2023-01-02
ISE,Uniao_TCC,2023,ABEV3,indústria,0.02631578947368421,2022-12-29,2023-01-02
ISE,Uniao_TCC,2023,AESB3,energia,0.02631578947368421,2022-12-29,2023-01-02
ISE,Uniao_TCC,2023,ALOS3,shopping,0.02631578947368421,2022-12-29,2023-01-02
ISE,Uniao_TCC,2023,AMER3,varejo,0.02631578947368421,2022-12-29,2023-01-02
ISE,Uniao_TCC,2023,ASAI3,supermercado,0.02631578947368421,2022-12-29,2023-01-02
ISE,Uniao_TCC,2023,AXIA3,energia,0.02631578947368421,2022-12-29,2023-01-02
ISE,Uniao_TCC,2023,AZUL3,aviação,0.02631578947368421,2022-12-29,2023-01-02
ISE,Uniao_TCC,2023,BBAS3,banco,0.02631578947368421,2022-12-29,2023-01-02
ISE,Uniao_TCC,2023,BRKM5,químico,0.02631578947368421,2022-12-29,2023-01-02
ISE,Uniao_TCC,2023,CBAV3,indústria,0.02631578947368421,2022-12-29,2023-01-02
ISE,Uniao_TCC,2023,CIEL3,tecnologia,0.02631578947368421,2022-12-29,2023-01-02
ISE,Uniao_TCC,2023,CMIG4,energia,0.02631578947368421,2022-12-29,2023-01-02
ISE,Uniao_TCC,2023,COGN3,educação,0.02631578947368421,2022-12-29,2023-01-02
ISE,Uniao_TCC,2023,CPFE3,energia,0.02631578947368421,2022-12-29,2023-01-02
ISE,Uniao_TCC,2023,CPLE6,energia,0.02631578947368421,2022-12-29,2023-01-02
ISE,Uniao_TCC,2023,EGIE3,energia,0.02631578947368421,2022-12-29,2023-01-02
ISE,Uniao_TCC,2023,ENBR3,energia,0.02631578947368421,2022-12-29,2023-01-02
ISE,Uniao_TCC,2023,GFSA3,construção,0.02631578947368421,2022-12-29,2023-01-02
ISE,Uniao_TCC,2023,HYPE3,saúde,0.02631578947368421,2022-12-29,2023-01-02
ISE,Uniao_TCC,2023,ISAE4,energia,0.02631578947368421,2022-12-29,2023-01-02
ISE,Uniao_TCC,2023,ITSA4,financeiro,0.02631578947368421,2022-12-29,2023-01-02
ISE,Uniao_TCC,2023,ITUB4,banco,0.02631578947368421,2022-12-29,2023-01-02
ISE,Uniao_TCC,2023,LIGT3,energia,0.02631578947368421,2022-12-29,2023-01-02
ISE,Uniao_TCC,2023,MBRF3,proteína,0.02631578947368421,2022-12-29,2023-01-02
ISE,Uniao_TCC,2023,MDIA3,consumo,0.02631578947368421,2022-12-29,2023-01-02
ISE,Uniao_TCC,2023,MOTV3,transporte,0.02631578947368421,2022-12-29,2023-01-02
ISE,Uniao_TCC,2023,MRVE3,construção,0.02631578947368421,2022-12-29,2023-01-02
ISE,Uniao_TCC,2023,MYPK3,indústria,0.02631578947368421,2022-12-29,2023-01-02
ISE,Uniao_TCC,2023,NEOE3,energia,0.02631578947368421,2022-12-29,2023-01-02
ISE,Uniao_TCC,2023,PCAR3,supermercado,0.02631578947368421,2022-12-29,2023-01-02
ISE,Uniao_TCC,2023,RADL3,saúde,0.02631578947368421,2022-12-29,2023-01-02
ISE,Uniao_TCC,2023,RANI3,madeira-papel,0.02631578947368421,2022-12-29,2023-01-02
ISE,Uniao_TCC,2023,SLCE3,agrícola,0.02631578947368421,2022-12-29,2023-01-02
ISE,Uniao_TCC,2023,STBP3,transporte,0.02631578947368421,2022-12-29,2023-01-02
ISE,Uniao_TCC,2023,TIMS3,telecom,0.02631578947368421,2022-12-29,2023-01-02
ISE,Uniao_TCC,2023,USIM5,siderurgico,0.02631578947368421,2022-12-29,2023-01-02
ISE,Uniao_TCC,2023,VIVT3,telecom,0.02631578947368421,2022-12-29,2023-01-02
ISE,Uniao_TCC,2023,WEGE3,indústria,0.02631578947368421,2022-12-29,2023-01-02
ISE,Universo_EW,2023,ABEV3,indústria,0.014285714285714285,2022-12-29,2023-01-02
ISE,Universo_EW,2023,AERI3,indústria,0.014285714285714285,2022-12-29,2023-01-02
ISE,Universo_EW,2023,AESB3,energia,0.014285714285714285,2022-12-29,2023-01-02
ISE,Universo_EW,2023,ALOS3,shopping,0.014285714285714285,2022-12-29,2023-01-02
ISE,Universo_EW,2023,AMBP3,saneamento,0.014285714285714285,2022-12-29,2023-01-02
ISE,Universo_EW,2023,AMER3,varejo,0.014285714285714285,2022-12-29,2023-01-02
ISE,Universo_EW,2023,ASAI3,supermercado,0.014285714285714285,2022-12-29,2023-01-02
ISE,Universo_EW,2023,AXIA3,energia,0.014285714285714285,2022-12-29,2023-01-02
ISE,Universo_EW,2023,AZUL3,aviação,0.014285714285714285,2022-12-29,2023-01-02
ISE,Universo_EW,2023,AZZA3,consumo,0.014285714285714285,2022-12-29,2023-01-02
ISE,Universo_EW,2023,B3SA3,financeiro,0.014285714285714285,2022-12-29,2023-01-02
ISE,Universo_EW,2023,BBAS3,banco,0.014285714285714285,2022-12-29,2023-01-02
ISE,Universo_EW,2023,BBDC4,banco,0.014285714285714285,2022-12-29,2023-01-02
ISE,Universo_EW,2023,BEEF3,proteína,0.014285714285714285,2022-12-29,2023-01-02
ISE,Universo_EW,2023,BHIA3,varejo,0.014285714285714285,2022-12-29,2023-01-02
ISE,Universo_EW,2023,BPAC11,banco,0.014285714285714285,2022-12-29,2023-01-02
ISE,Universo_EW,2023,BPAN4,banco,0.014285714285714285,2022-12-29,2023-01-02
ISE,Universo_EW,2023,BRFS3,proteína,0.014285714285714285,2022-12-29,2023-01-02
ISE,Universo_EW,2023,BRKM5,químico,0.014285714285714285,2022-12-29,2023-01-02
ISE,Universo_EW,2023,CBAV3,indústria,0.014285714285714285,2022-12-29,2023-01-02
ISE,Universo_EW,2023,CIEL3,tecnologia,0.014285714285714285,2022-12-29,2023-01-02
ISE,Universo_EW,2023,CMIG4,energia,0.014285714285714285,2022-12-29,2023-01-02
ISE,Universo_EW,2023,COGN3,educação,0.014285714285714285,2022-12-29,2023-01-02
ISE,Universo_EW,2023,CPFE3,energia,0.014285714285714285,2022-12-29,2023-01-02
ISE,Universo_EW,2023,CPLE6,energia,0.014285714285714285,2022-12-29,2023-01-02
ISE,Universo_EW,2023,CSAN3,químico,0.014285714285714285,2022-12-29,2023-01-02
ISE,Universo_EW,2023,DASA3,saúde,0.014285714285714285,2022-12-29,2023-01-02
ISE,Universo_EW,2023,DXCO3,madeira-papel,0.014285714285714285,2022-12-29,2023-01-02
ISE,Universo_EW,2023,ECOR3,transporte,0.014285714285714285,2022-12-29,2023-01-02
ISE,Universo_EW,2023,EGIE3,energia,0.014285714285714285,2022-12-29,2023-01-02
ISE,Universo_EW,2023,ENBR3,energia,0.014285714285714285,2022-12-29,2023-01-02
ISE,Universo_EW,2023,ENEV3,energia,0.014285714285714285,2022-12-29,2023-01-02
ISE,Universo_EW,2023,FLRY3,saúde,0.014285714285714285,2022-12-29,2023-01-02
ISE,Universo_EW,2023,GFSA3,construção,0.014285714285714285,2022-12-29,2023-01-02
ISE,Universo_EW,2023,GRND3,consumo,0.014285714285714285,2022-12-29,2023-01-02
ISE,Universo_EW,2023,HYPE3,saúde,0.014285714285714285,2022-12-29,2023-01-02
ISE,Universo_EW,2023,ISAE4,energia,0.014285714285714285,2022-12-29,2023-01-02
ISE,Universo_EW,2023,ITSA4,financeiro,0.014285714285714285,2022-12-29,2023-01-02
ISE,Universo_EW,2023,ITUB4,banco,0.014285714285714285,2022-12-29,2023-01-02
ISE,Universo_EW,2023,KLBN11,madeira-papel,0.014285714285714285,2022-12-29,2023-01-02
ISE,Universo_EW,2023,LIGT3,energia,0.014285714285714285,2022-12-29,2023-01-02
ISE,Universo_EW,2023,LREN3,varejo,0.014285714285714285,2022-12-29,2023-01-02
ISE,Universo_EW,2023,MBRF3,proteína,0.014285714285714285,2022-12-29,2023-01-02
ISE,Universo_EW,2023,MDIA3,consumo,0.014285714285714285,2022-12-29,2023-01-02
ISE,Universo_EW,2023,MGLU3,varejo,0.014285714285714285,2022-12-29,2023-01-02
ISE,Universo_EW,2023,MOTV3,transporte,0.014285714285714285,2022-12-29,2023-01-02
ISE,Universo_EW,2023,MOVI3,transporte,0.014285714285714285,2022-12-29,2023-01-02
ISE,Universo_EW,2023,MRVE3,construção,0.014285714285714285,2022-12-29,2023-01-02
ISE,Universo_EW,2023,MYPK3,indústria,0.014285714285714285,2022-12-29,2023-01-02
ISE,Universo_EW,2023,NATU3,consumo,0.014285714285714285,2022-12-29,2023-01-02
ISE,Universo_EW,2023,NEOE3,energia,0.014285714285714285,2022-12-29,2023-01-02
ISE,Universo_EW,2023,PCAR3,supermercado,0.014285714285714285,2022-12-29,2023-01-02
ISE,Universo_EW,2023,RADL3,saúde,0.014285714285714285,2022-12-29,2023-01-02
ISE,Universo_EW,2023,RAIL3,transporte,0.014285714285714285,2022-12-29,2023-01-02
ISE,Universo_EW,2023,RAIZ4,agrícola,0.014285714285714285,2022-12-29,2023-01-02
ISE,Universo_EW,2023,RANI3,madeira-papel,0.014285714285714285,2022-12-29,2023-01-02
ISE,Universo_EW,2023,RDOR3,saúde,0.014285714285714285,2022-12-29,2023-01-02
ISE,Universo_EW,2023,RIAA3,varejo,0.014285714285714285,2022-12-29,2023-01-02
ISE,Universo_EW,2023,SANB11,banco,0.014285714285714285,2022-12-29,2023-01-02
ISE,Universo_EW,2023,SAPR11,saneamento,0.014285714285714285,2022-12-29,2023-01-02
ISE,Universo_EW,2023,SIMH3,transporte,0.014285714285714285,2022-12-29,2023-01-02
ISE,Universo_EW,2023,SLCE3,agrícola,0.014285714285714285,2022-12-29,2023-01-02
ISE,Universo_EW,2023,STBP3,transporte,0.014285714285714285,2022-12-29,2023-01-02
ISE,Universo_EW,2023,SUZB3,madeira-papel,0.014285714285714285,2022-12-29,2023-01-02
ISE,Universo_EW,2023,TIMS3,telecom,0.014285714285714285,2022-12-29,2023-01-02
ISE,Universo_EW,2023,USIM5,siderurgico,0.014285714285714285,2022-12-29,2023-01-02
ISE,Universo_EW,2023,VAMO3,transporte,0.014285714285714285,2022-12-29,2023-01-02
ISE,Universo_EW,2023,VBBR3,transporte,0.014285714285714285,2022-12-29,2023-01-02
ISE,Universo_EW,2023,VIVT3,telecom,0.014285714285714285,2022-12-29,2023-01-02
ISE,Universo_EW,2023,WEGE3,indústria,0.014285714285714285,2022-12-29,2023-01-02
ISE,Momentum,2024,ECOR3,transporte,0.1,2023-12-28,2024-01-02
ISE,Momentum,2024,BBAS3,banco,0.1,2023-12-28,2024-01-02
ISE,Momentum,2024,SAPR11,saneamento,0.1,2023-12-28,2024-01-02
ISE,Momentum,2024,BRFS3,proteína,0.1,2023-12-28,2024-01-02
ISE,Momentum,2024,BPAC11,banco,0.1,2023-12-28,2024-01-02
ISE,Momentum,2024,COGN3,educação,0.1,2023-12-28,2024-01-02
ISE,Momentum,2024,TIMS3,telecom,0.1,2023-12-28,2024-01-02
ISE,Momentum,2024,MOVI3,transporte,0.1,2023-12-28,2024-01-02
ISE,Momentum,2024,ALOS3,shopping,0.1,2023-12-28,2024-01-02
ISE,Momentum,2024,VBBR3,transporte,0.1,2023-12-28,2024-01-02
ISE,Baixa_Vol,2024,EGIE3,energia,0.1,2023-12-28,2024-01-02
ISE,Baixa_Vol,2024,ABEV3,indústria,0.1,2023-12-28,2024-01-02
ISE,Baixa_Vol,2024,ISAE4,energia,0.1,2023-12-28,2024-01-02
ISE,Baixa_Vol,2024,AESB3,energia,0.1,2023-12-28,2024-01-02
ISE,Baixa_Vol,2024,ITSA4,financeiro,0.1,2023-12-28,2024-01-02
ISE,Baixa_Vol,2024,VIVT3,telecom,0.1,2023-12-28,2024-01-02
ISE,Baixa_Vol,2024,KLBN11,madeira-papel,0.1,2023-12-28,2024-01-02
ISE,Baixa_Vol,2024,CPFE3,energia,0.1,2023-12-28,2024-01-02
ISE,Baixa_Vol,2024,SAPR11,saneamento,0.1,2023-12-28,2024-01-02
ISE,Baixa_Vol,2024,RADL3,saúde,0.1,2023-12-28,2024-01-02
ISE,Valor,2024,PCAR3,supermercado,0.1,2023-12-28,2024-01-02
ISE,Valor,2024,MBRF3,proteína,0.1,2023-12-28,2024-01-02
ISE,Valor,2024,GFSA3,construção,0.1,2023-12-28,2024-01-02
ISE,Valor,2024,USIM5,siderurgico,0.1,2023-12-28,2024-01-02
ISE,Valor,2024,MYPK3,indústria,0.1,2023-12-28,2024-01-02
ISE,Valor,2024,COGN3,educação,0.1,2023-12-28,2024-01-02
ISE,Valor,2024,CBAV3,indústria,0.1,2023-12-28,2024-01-02
ISE,Valor,2024,RIAA3,varejo,0.1,2023-12-28,2024-01-02
ISE,Valor,2024,CSAN3,químico,0.1,2023-12-28,2024-01-02
ISE,Valor,2024,AERI3,indústria,0.1,2023-12-28,2024-01-02
ISE,Qualidade,2024,AZUL3,aviação,0.1,2023-12-28,2024-01-02
ISE,Qualidade,2024,ALOS3,shopping,0.1,2023-12-28,2024-01-02
ISE,Qualidade,2024,WEGE3,indústria,0.1,2023-12-28,2024-01-02
ISE,Qualidade,2024,CPFE3,energia,0.1,2023-12-28,2024-01-02
ISE,Qualidade,2024,STBP3,transporte,0.1,2023-12-28,2024-01-02
ISE,Qualidade,2024,RADL3,saúde,0.1,2023-12-28,2024-01-02
ISE,Qualidade,2024,EGIE3,energia,0.1,2023-12-28,2024-01-02
ISE,Qualidade,2024,RANI3,madeira-papel,0.1,2023-12-28,2024-01-02
ISE,Qualidade,2024,SLCE3,agrícola,0.1,2023-12-28,2024-01-02
ISE,Qualidade,2024,ABEV3,indústria,0.1,2023-12-28,2024-01-02
ISE,Multifator,2024,SAPR11,saneamento,0.1,2023-12-28,2024-01-02
ISE,Multifator,2024,ALOS3,shopping,0.1,2023-12-28,2024-01-02
ISE,Multifator,2024,ITSA4,financeiro,0.1,2023-12-28,2024-01-02
ISE,Multifator,2024,TIMS3,telecom,0.1,2023-12-28,2024-01-02
ISE,Multifator,2024,NEOE3,energia,0.1,2023-12-28,2024-01-02
ISE,Multifator,2024,ISAE4,energia,0.1,2023-12-28,2024-01-02
ISE,Multifator,2024,VIVT3,telecom,0.1,2023-12-28,2024-01-02
ISE,Multifator,2024,BBAS3,banco,0.1,2023-12-28,2024-01-02
ISE,Multifator,2024,CPFE3,energia,0.1,2023-12-28,2024-01-02
ISE,Multifator,2024,CMIG4,energia,0.1,2023-12-28,2024-01-02
ISE,Uniao_TCC,2024,ABEV3,indústria,0.030303030303030304,2023-12-28,2024-01-02
ISE,Uniao_TCC,2024,AERI3,indústria,0.030303030303030304,2023-12-28,2024-01-02
ISE,Uniao_TCC,2024,AESB3,energia,0.030303030303030304,2023-12-28,2024-01-02
ISE,Uniao_TCC,2024,ALOS3,shopping,0.030303030303030304,2023-12-28,2024-01-02
ISE,Uniao_TCC,2024,AZUL3,aviação,0.030303030303030304,2023-12-28,2024-01-02
ISE,Uniao_TCC,2024,BBAS3,banco,0.030303030303030304,2023-12-28,2024-01-02
ISE,Uniao_TCC,2024,BPAC11,banco,0.030303030303030304,2023-12-28,2024-01-02
ISE,Uniao_TCC,2024,BRFS3,proteína,0.030303030303030304,2023-12-28,2024-01-02
ISE,Uniao_TCC,2024,CBAV3,indústria,0.030303030303030304,2023-12-28,2024-01-02
ISE,Uniao_TCC,2024,COGN3,educação,0.030303030303030304,2023-12-28,2024-01-02
ISE,Uniao_TCC,2024,CPFE3,energia,0.030303030303030304,2023-12-28,2024-01-02
ISE,Uniao_TCC,2024,CSAN3,químico,0.030303030303030304,2023-12-28,2024-01-02
ISE,Uniao_TCC,2024,ECOR3,transporte,0.030303030303030304,2023-12-28,2024-01-02
ISE,Uniao_TCC,2024,EGIE3,energia,0.030303030303030304,2023-12-28,2024-01-02
ISE,Uniao_TCC,2024,GFSA3,construção,0.030303030303030304,2023-12-28,2024-01-02
ISE,Uniao_TCC,2024,ISAE4,energia,0.030303030303030304,2023-12-28,2024-01-02
ISE,Uniao_TCC,2024,ITSA4,financeiro,0.030303030303030304,2023-12-28,2024-01-02
ISE,Uniao_TCC,2024,KLBN11,madeira-papel,0.030303030303030304,2023-12-28,2024-01-02
ISE,Uniao_TCC,2024,MBRF3,proteína,0.030303030303030304,2023-12-28,2024-01-02
ISE,Uniao_TCC,2024,MOVI3,transporte,0.030303030303030304,2023-12-28,2024-01-02
ISE,Uniao_TCC,2024,MYPK3,indústria,0.030303030303030304,2023-12-28,2024-01-02
ISE,Uniao_TCC,2024,PCAR3,supermercado,0.030303030303030304,2023-12-28,2024-01-02
ISE,Uniao_TCC,2024,RADL3,saúde,0.030303030303030304,2023-12-28,2024-01-02
ISE,Uniao_TCC,2024,RANI3,madeira-papel,0.030303030303030304,2023-12-28,2024-01-02
ISE,Uniao_TCC,2024,RIAA3,varejo,0.030303030303030304,2023-12-28,2024-01-02
ISE,Uniao_TCC,2024,SAPR11,saneamento,0.030303030303030304,2023-12-28,2024-01-02
ISE,Uniao_TCC,2024,SLCE3,agrícola,0.030303030303030304,2023-12-28,2024-01-02
ISE,Uniao_TCC,2024,STBP3,transporte,0.030303030303030304,2023-12-28,2024-01-02
ISE,Uniao_TCC,2024,TIMS3,telecom,0.030303030303030304,2023-12-28,2024-01-02
ISE,Uniao_TCC,2024,USIM5,siderurgico,0.030303030303030304,2023-12-28,2024-01-02
ISE,Uniao_TCC,2024,VBBR3,transporte,0.030303030303030304,2023-12-28,2024-01-02
ISE,Uniao_TCC,2024,VIVT3,telecom,0.030303030303030304,2023-12-28,2024-01-02
ISE,Uniao_TCC,2024,WEGE3,indústria,0.030303030303030304,2023-12-28,2024-01-02
ISE,Universo_EW,2024,ABEV3,indústria,0.015151515151515152,2023-12-28,2024-01-02
ISE,Universo_EW,2024,AERI3,indústria,0.015151515151515152,2023-12-28,2024-01-02
ISE,Universo_EW,2024,AESB3,energia,0.015151515151515152,2023-12-28,2024-01-02
ISE,Universo_EW,2024,ALOS3,shopping,0.015151515151515152,2023-12-28,2024-01-02
ISE,Universo_EW,2024,AMBP3,saneamento,0.015151515151515152,2023-12-28,2024-01-02
ISE,Universo_EW,2024,ASAI3,supermercado,0.015151515151515152,2023-12-28,2024-01-02
ISE,Universo_EW,2024,AXIA3,energia,0.015151515151515152,2023-12-28,2024-01-02
ISE,Universo_EW,2024,AZUL3,aviação,0.015151515151515152,2023-12-28,2024-01-02
ISE,Universo_EW,2024,AZZA3,consumo,0.015151515151515152,2023-12-28,2024-01-02
ISE,Universo_EW,2024,B3SA3,financeiro,0.015151515151515152,2023-12-28,2024-01-02
ISE,Universo_EW,2024,BBAS3,banco,0.015151515151515152,2023-12-28,2024-01-02
ISE,Universo_EW,2024,BBDC4,banco,0.015151515151515152,2023-12-28,2024-01-02
ISE,Universo_EW,2024,BEEF3,proteína,0.015151515151515152,2023-12-28,2024-01-02
ISE,Universo_EW,2024,BHIA3,varejo,0.015151515151515152,2023-12-28,2024-01-02
ISE,Universo_EW,2024,BPAC11,banco,0.015151515151515152,2023-12-28,2024-01-02
ISE,Universo_EW,2024,BPAN4,banco,0.015151515151515152,2023-12-28,2024-01-02
ISE,Universo_EW,2024,BRFS3,proteína,0.015151515151515152,2023-12-28,2024-01-02
ISE,Universo_EW,2024,CBAV3,indústria,0.015151515151515152,2023-12-28,2024-01-02
ISE,Universo_EW,2024,CIEL3,tecnologia,0.015151515151515152,2023-12-28,2024-01-02
ISE,Universo_EW,2024,CMIG4,energia,0.015151515151515152,2023-12-28,2024-01-02
ISE,Universo_EW,2024,COGN3,educação,0.015151515151515152,2023-12-28,2024-01-02
ISE,Universo_EW,2024,CPFE3,energia,0.015151515151515152,2023-12-28,2024-01-02
ISE,Universo_EW,2024,CPLE6,energia,0.015151515151515152,2023-12-28,2024-01-02
ISE,Universo_EW,2024,CSAN3,químico,0.015151515151515152,2023-12-28,2024-01-02
ISE,Universo_EW,2024,DASA3,saúde,0.015151515151515152,2023-12-28,2024-01-02
ISE,Universo_EW,2024,DXCO3,madeira-papel,0.015151515151515152,2023-12-28,2024-01-02
ISE,Universo_EW,2024,ECOR3,transporte,0.015151515151515152,2023-12-28,2024-01-02
ISE,Universo_EW,2024,EGIE3,energia,0.015151515151515152,2023-12-28,2024-01-02
ISE,Universo_EW,2024,ENEV3,energia,0.015151515151515152,2023-12-28,2024-01-02
ISE,Universo_EW,2024,FLRY3,saúde,0.015151515151515152,2023-12-28,2024-01-02
ISE,Universo_EW,2024,GFSA3,construção,0.015151515151515152,2023-12-28,2024-01-02
ISE,Universo_EW,2024,GRND3,consumo,0.015151515151515152,2023-12-28,2024-01-02
ISE,Universo_EW,2024,HYPE3,saúde,0.015151515151515152,2023-12-28,2024-01-02
ISE,Universo_EW,2024,ISAE4,energia,0.015151515151515152,2023-12-28,2024-01-02
ISE,Universo_EW,2024,ITSA4,financeiro,0.015151515151515152,2023-12-28,2024-01-02
ISE,Universo_EW,2024,ITUB4,banco,0.015151515151515152,2023-12-28,2024-01-02
ISE,Universo_EW,2024,KLBN11,madeira-papel,0.015151515151515152,2023-12-28,2024-01-02
ISE,Universo_EW,2024,LREN3,varejo,0.015151515151515152,2023-12-28,2024-01-02
ISE,Universo_EW,2024,MBRF3,proteína,0.015151515151515152,2023-12-28,2024-01-02
ISE,Universo_EW,2024,MDIA3,consumo,0.015151515151515152,2023-12-28,2024-01-02
ISE,Universo_EW,2024,MGLU3,varejo,0.015151515151515152,2023-12-28,2024-01-02
ISE,Universo_EW,2024,MOTV3,transporte,0.015151515151515152,2023-12-28,2024-01-02
ISE,Universo_EW,2024,MOVI3,transporte,0.015151515151515152,2023-12-28,2024-01-02
ISE,Universo_EW,2024,MRVE3,construção,0.015151515151515152,2023-12-28,2024-01-02
ISE,Universo_EW,2024,MYPK3,indústria,0.015151515151515152,2023-12-28,2024-01-02
ISE,Universo_EW,2024,NATU3,consumo,0.015151515151515152,2023-12-28,2024-01-02
ISE,Universo_EW,2024,NEOE3,energia,0.015151515151515152,2023-12-28,2024-01-02
ISE,Universo_EW,2024,PCAR3,supermercado,0.015151515151515152,2023-12-28,2024-01-02
ISE,Universo_EW,2024,RADL3,saúde,0.015151515151515152,2023-12-28,2024-01-02
ISE,Universo_EW,2024,RAIL3,transporte,0.015151515151515152,2023-12-28,2024-01-02
ISE,Universo_EW,2024,RAIZ4,agrícola,0.015151515151515152,2023-12-28,2024-01-02
ISE,Universo_EW,2024,RANI3,madeira-papel,0.015151515151515152,2023-12-28,2024-01-02
ISE,Universo_EW,2024,RDOR3,saúde,0.015151515151515152,2023-12-28,2024-01-02
ISE,Universo_EW,2024,RIAA3,varejo,0.015151515151515152,2023-12-28,2024-01-02
ISE,Universo_EW,2024,SANB11,banco,0.015151515151515152,2023-12-28,2024-01-02
ISE,Universo_EW,2024,SAPR11,saneamento,0.015151515151515152,2023-12-28,2024-01-02
ISE,Universo_EW,2024,SIMH3,transporte,0.015151515151515152,2023-12-28,2024-01-02
ISE,Universo_EW,2024,SLCE3,agrícola,0.015151515151515152,2023-12-28,2024-01-02
ISE,Universo_EW,2024,STBP3,transporte,0.015151515151515152,2023-12-28,2024-01-02
ISE,Universo_EW,2024,SUZB3,madeira-papel,0.015151515151515152,2023-12-28,2024-01-02
ISE,Universo_EW,2024,TIMS3,telecom,0.015151515151515152,2023-12-28,2024-01-02
ISE,Universo_EW,2024,USIM5,siderurgico,0.015151515151515152,2023-12-28,2024-01-02
ISE,Universo_EW,2024,VAMO3,transporte,0.015151515151515152,2023-12-28,2024-01-02
ISE,Universo_EW,2024,VBBR3,transporte,0.015151515151515152,2023-12-28,2024-01-02
ISE,Universo_EW,2024,VIVT3,telecom,0.015151515151515152,2023-12-28,2024-01-02
ISE,Universo_EW,2024,WEGE3,indústria,0.015151515151515152,2023-12-28,2024-01-02
ISE,Momentum,2025,AMBP3,saneamento,0.1,2024-12-30,2025-01-02
ISE,Momentum,2025,BRFS3,proteína,0.1,2024-12-30,2025-01-02
ISE,Momentum,2025,STBP3,transporte,0.1,2024-12-30,2025-01-02
ISE,Momentum,2025,WEGE3,indústria,0.1,2024-12-30,2025-01-02
ISE,Momentum,2025,CMIG4,energia,0.1,2024-12-30,2025-01-02
ISE,Momentum,2025,PSSA3,seguro,0.1,2024-12-30,2025-01-02
ISE,Momentum,2025,KLBN11,madeira-papel,0.1,2024-12-30,2025-01-02
ISE,Momentum,2025,CSMG3,saneamento,0.1,2024-12-30,2025-01-02
ISE,Momentum,2025,SUZB3,madeira-papel,0.1,2024-12-30,2025-01-02
ISE,Momentum,2025,CEAB3,varejo,0.1,2024-12-30,2025-01-02
ISE,Baixa_Vol,2025,BBAS3,banco,0.1,2024-12-30,2025-01-02
ISE,Baixa_Vol,2025,EGIE3,energia,0.1,2024-12-30,2025-01-02
ISE,Baixa_Vol,2025,AURE3,energia,0.1,2024-12-30,2025-01-02
ISE,Baixa_Vol,2025,ITUB4,banco,0.1,2024-12-30,2025-01-02
ISE,Baixa_Vol,2025,ITSA4,financeiro,0.1,2024-12-30,2025-01-02
ISE,Baixa_Vol,2025,CPFE3,energia,0.1,2024-12-30,2025-01-02
ISE,Baixa_Vol,2025,KLBN11,madeira-papel,0.1,2024-12-30,2025-01-02
ISE,Baixa_Vol,2025,ABEV3,indústria,0.1,2024-12-30,2025-01-02
ISE,Baixa_Vol,2025,NEOE3,energia,0.1,2024-12-30,2025-01-02
ISE,Baixa_Vol,2025,CPLE6,energia,0.1,2024-12-30,2025-01-02
ISE,Valor,2025,GFSA3,construção,0.1,2024-12-30,2025-01-02
ISE,Valor,2025,BHIA3,varejo,0.1,2024-12-30,2025-01-02
ISE,Valor,2025,COGN3,educação,0.1,2024-12-30,2025-01-02
ISE,Valor,2025,DASA3,saúde,0.1,2024-12-30,2025-01-02
ISE,Valor,2025,USIM5,siderurgico,0.1,2024-12-30,2025-01-02
ISE,Valor,2025,MTRE3,construção,0.1,2024-12-30,2025-01-02
ISE,Valor,2025,CSAN3,químico,0.1,2024-12-30,2025-01-02
ISE,Valor,2025,PCAR3,supermercado,0.1,2024-12-30,2025-01-02
ISE,Valor,2025,AERI3,indústria,0.1,2024-12-30,2025-01-02
ISE,Valor,2025,MYPK3,indústria,0.1,2024-12-30,2025-01-02
ISE,Qualidade,2025,AZUL3,aviação,0.1,2024-12-30,2025-01-02
ISE,Qualidade,2025,VBBR3,transporte,0.1,2024-12-30,2025-01-02
ISE,Qualidade,2025,WEGE3,indústria,0.1,2024-12-30,2025-01-02
ISE,Qualidade,2025,CMIG4,energia,0.1,2024-12-30,2025-01-02
ISE,Qualidade,2025,STBP3,transporte,0.1,2024-12-30,2025-01-02
ISE,Qualidade,2025,RADL3,saúde,0.1,2024-12-30,2025-01-02
ISE,Qualidade,2025,EGIE3,energia,0.1,2024-12-30,2025-01-02
ISE,Qualidade,2025,CPFE3,energia,0.1,2024-12-30,2025-01-02
ISE,Qualidade,2025,ABEV3,indústria,0.1,2024-12-30,2025-01-02
ISE,Qualidade,2025,TIMS3,telecom,0.1,2024-12-30,2025-01-02
ISE,Multifator,2025,NEOE3,energia,0.1,2024-12-30,2025-01-02
ISE,Multifator,2025,ITSA4,financeiro,0.1,2024-12-30,2025-01-02
ISE,Multifator,2025,ISAE4,energia,0.1,2024-12-30,2025-01-02
ISE,Multifator,2025,CMIG4,energia,0.1,2024-12-30,2025-01-02
ISE,Multifator,2025,SAPR11,saneamento,0.1,2024-12-30,2025-01-02
ISE,Multifator,2025,VBBR3,transporte,0.1,2024-12-30,2025-01-02
ISE,Multifator,2025,CSMG3,saneamento,0.1,2024-12-30,2025-01-02
ISE,Multifator,2025,AXIA3,energia,0.1,2024-12-30,2025-01-02
ISE,Multifator,2025,CPFE3,energia,0.1,2024-12-30,2025-01-02
ISE,Multifator,2025,ABEV3,indústria,0.1,2024-12-30,2025-01-02
ISE,Uniao_TCC,2025,ABEV3,indústria,0.030303030303030304,2024-12-30,2025-01-02
ISE,Uniao_TCC,2025,AERI3,indústria,0.030303030303030304,2024-12-30,2025-01-02
ISE,Uniao_TCC,2025,AMBP3,saneamento,0.030303030303030304,2024-12-30,2025-01-02
ISE,Uniao_TCC,2025,AURE3,energia,0.030303030303030304,2024-12-30,2025-01-02
ISE,Uniao_TCC,2025,AZUL3,aviação,0.030303030303030304,2024-12-30,2025-01-02
ISE,Uniao_TCC,2025,BBAS3,banco,0.030303030303030304,2024-12-30,2025-01-02
ISE,Uniao_TCC,2025,BHIA3,varejo,0.030303030303030304,2024-12-30,2025-01-02
ISE,Uniao_TCC,2025,BRFS3,proteína,0.030303030303030304,2024-12-30,2025-01-02
ISE,Uniao_TCC,2025,CEAB3,varejo,0.030303030303030304,2024-12-30,2025-01-02
ISE,Uniao_TCC,2025,CMIG4,energia,0.030303030303030304,2024-12-30,2025-01-02
ISE,Uniao_TCC,2025,COGN3,educação,0.030303030303030304,2024-12-30,2025-01-02
ISE,Uniao_TCC,2025,CPFE3,energia,0.030303030303030304,2024-12-30,2025-01-02
ISE,Uniao_TCC,2025,CPLE6,energia,0.030303030303030304,2024-12-30,2025-01-02
ISE,Uniao_TCC,2025,CSAN3,químico,0.030303030303030304,2024-12-30,2025-01-02
ISE,Uniao_TCC,2025,CSMG3,saneamento,0.030303030303030304,2024-12-30,2025-01-02
ISE,Uniao_TCC,2025,DASA3,saúde,0.030303030303030304,2024-12-30,2025-01-02
ISE,Uniao_TCC,2025,EGIE3,energia,0.030303030303030304,2024-12-30,2025-01-02
ISE,Uniao_TCC,2025,GFSA3,construção,0.030303030303030304,2024-12-30,2025-01-02
ISE,Uniao_TCC,2025,ITSA4,financeiro,0.030303030303030304,2024-12-30,2025-01-02
ISE,Uniao_TCC,2025,ITUB4,banco,0.030303030303030304,2024-12-30,2025-01-02
ISE,Uniao_TCC,2025,KLBN11,madeira-papel,0.030303030303030304,2024-12-30,2025-01-02
ISE,Uniao_TCC,2025,MTRE3,construção,0.030303030303030304,2024-12-30,2025-01-02
ISE,Uniao_TCC,2025,MYPK3,indústria,0.030303030303030304,2024-12-30,2025-01-02
ISE,Uniao_TCC,2025,NEOE3,energia,0.030303030303030304,2024-12-30,2025-01-02
ISE,Uniao_TCC,2025,PCAR3,supermercado,0.030303030303030304,2024-12-30,2025-01-02
ISE,Uniao_TCC,2025,PSSA3,seguro,0.030303030303030304,2024-12-30,2025-01-02
ISE,Uniao_TCC,2025,RADL3,saúde,0.030303030303030304,2024-12-30,2025-01-02
ISE,Uniao_TCC,2025,STBP3,transporte,0.030303030303030304,2024-12-30,2025-01-02
ISE,Uniao_TCC,2025,SUZB3,madeira-papel,0.030303030303030304,2024-12-30,2025-01-02
ISE,Uniao_TCC,2025,TIMS3,telecom,0.030303030303030304,2024-12-30,2025-01-02
ISE,Uniao_TCC,2025,USIM5,siderurgico,0.030303030303030304,2024-12-30,2025-01-02
ISE,Uniao_TCC,2025,VBBR3,transporte,0.030303030303030304,2024-12-30,2025-01-02
ISE,Uniao_TCC,2025,WEGE3,indústria,0.030303030303030304,2024-12-30,2025-01-02
ISE,Universo_EW,2025,ABEV3,indústria,0.013157894736842105,2024-12-30,2025-01-02
ISE,Universo_EW,2025,AERI3,indústria,0.013157894736842105,2024-12-30,2025-01-02
ISE,Universo_EW,2025,ALOS3,shopping,0.013157894736842105,2024-12-30,2025-01-02
ISE,Universo_EW,2025,AMBP3,saneamento,0.013157894736842105,2024-12-30,2025-01-02
ISE,Universo_EW,2025,ASAI3,supermercado,0.013157894736842105,2024-12-30,2025-01-02
ISE,Universo_EW,2025,AURE3,energia,0.013157894736842105,2024-12-30,2025-01-02
ISE,Universo_EW,2025,AXIA3,energia,0.013157894736842105,2024-12-30,2025-01-02
ISE,Universo_EW,2025,AZUL3,aviação,0.013157894736842105,2024-12-30,2025-01-02
ISE,Universo_EW,2025,AZZA3,consumo,0.013157894736842105,2024-12-30,2025-01-02
ISE,Universo_EW,2025,B3SA3,financeiro,0.013157894736842105,2024-12-30,2025-01-02
ISE,Universo_EW,2025,BBAS3,banco,0.013157894736842105,2024-12-30,2025-01-02
ISE,Universo_EW,2025,BBDC4,banco,0.013157894736842105,2024-12-30,2025-01-02
ISE,Universo_EW,2025,BEEF3,proteína,0.013157894736842105,2024-12-30,2025-01-02
ISE,Universo_EW,2025,BHIA3,varejo,0.013157894736842105,2024-12-30,2025-01-02
ISE,Universo_EW,2025,BPAC11,banco,0.013157894736842105,2024-12-30,2025-01-02
ISE,Universo_EW,2025,BPAN4,banco,0.013157894736842105,2024-12-30,2025-01-02
ISE,Universo_EW,2025,BRFS3,proteína,0.013157894736842105,2024-12-30,2025-01-02
ISE,Universo_EW,2025,CAML3,consumo,0.013157894736842105,2024-12-30,2025-01-02
ISE,Universo_EW,2025,CBAV3,indústria,0.013157894736842105,2024-12-30,2025-01-02
ISE,Universo_EW,2025,CEAB3,varejo,0.013157894736842105,2024-12-30,2025-01-02
ISE,Universo_EW,2025,CMIG4,energia,0.013157894736842105,2024-12-30,2025-01-02
ISE,Universo_EW,2025,COGN3,educação,0.013157894736842105,2024-12-30,2025-01-02
ISE,Universo_EW,2025,CPFE3,energia,0.013157894736842105,2024-12-30,2025-01-02
ISE,Universo_EW,2025,CPLE6,energia,0.013157894736842105,2024-12-30,2025-01-02
ISE,Universo_EW,2025,CRFB3,supermercado,0.013157894736842105,2024-12-30,2025-01-02
ISE,Universo_EW,2025,CSAN3,químico,0.013157894736842105,2024-12-30,2025-01-02
ISE,Universo_EW,2025,CSMG3,saneamento,0.013157894736842105,2024-12-30,2025-01-02
ISE,Universo_EW,2025,CYRE3,construção,0.013157894736842105,2024-12-30,2025-01-02
ISE,Universo_EW,2025,DASA3,saúde,0.013157894736842105,2024-12-30,2025-01-02
ISE,Universo_EW,2025,DXCO3,madeira-papel,0.013157894736842105,2024-12-30,2025-01-02
ISE,Universo_EW,2025,ECOR3,transporte,0.013157894736842105,2024-12-30,2025-01-02
ISE,Universo_EW,2025,EGIE3,energia,0.013157894736842105,2024-12-30,2025-01-02
ISE,Universo_EW,2025,ENEV3,energia,0.013157894736842105,2024-12-30,2025-01-02
ISE,Universo_EW,2025,FLRY3,saúde,0.013157894736842105,2024-12-30,2025-01-02
ISE,Universo_EW,2025,GFSA3,construção,0.013157894736842105,2024-12-30,2025-01-02
ISE,Universo_EW,2025,GRND3,consumo,0.013157894736842105,2024-12-30,2025-01-02
ISE,Universo_EW,2025,HYPE3,saúde,0.013157894736842105,2024-12-30,2025-01-02
ISE,Universo_EW,2025,IGTI11,shopping,0.013157894736842105,2024-12-30,2025-01-02
ISE,Universo_EW,2025,ISAE4,energia,0.013157894736842105,2024-12-30,2025-01-02
ISE,Universo_EW,2025,ITSA4,financeiro,0.013157894736842105,2024-12-30,2025-01-02
ISE,Universo_EW,2025,ITUB4,banco,0.013157894736842105,2024-12-30,2025-01-02
ISE,Universo_EW,2025,JSLG3,transporte,0.013157894736842105,2024-12-30,2025-01-02
ISE,Universo_EW,2025,KLBN11,madeira-papel,0.013157894736842105,2024-12-30,2025-01-02
ISE,Universo_EW,2025,LREN3,varejo,0.013157894736842105,2024-12-30,2025-01-02
ISE,Universo_EW,2025,MDIA3,consumo,0.013157894736842105,2024-12-30,2025-01-02
ISE,Universo_EW,2025,MGLU3,varejo,0.013157894736842105,2024-12-30,2025-01-02
ISE,Universo_EW,2025,MOTV3,transporte,0.013157894736842105,2024-12-30,2025-01-02
ISE,Universo_EW,2025,MOVI3,transporte,0.013157894736842105,2024-12-30,2025-01-02
ISE,Universo_EW,2025,MRVE3,construção,0.013157894736842105,2024-12-30,2025-01-02
ISE,Universo_EW,2025,MTRE3,construção,0.013157894736842105,2024-12-30,2025-01-02
ISE,Universo_EW,2025,MYPK3,indústria,0.013157894736842105,2024-12-30,2025-01-02
ISE,Universo_EW,2025,NATU3,consumo,0.013157894736842105,2024-12-30,2025-01-02
ISE,Universo_EW,2025,NEOE3,energia,0.013157894736842105,2024-12-30,2025-01-02
ISE,Universo_EW,2025,PCAR3,supermercado,0.013157894736842105,2024-12-30,2025-01-02
ISE,Universo_EW,2025,PSSA3,seguro,0.013157894736842105,2024-12-30,2025-01-02
ISE,Universo_EW,2025,RADL3,saúde,0.013157894736842105,2024-12-30,2025-01-02
ISE,Universo_EW,2025,RAIL3,transporte,0.013157894736842105,2024-12-30,2025-01-02
ISE,Universo_EW,2025,RAIZ4,agrícola,0.013157894736842105,2024-12-30,2025-01-02
ISE,Universo_EW,2025,RANI3,madeira-papel,0.013157894736842105,2024-12-30,2025-01-02
ISE,Universo_EW,2025,RDOR3,saúde,0.013157894736842105,2024-12-30,2025-01-02
ISE,Universo_EW,2025,RIAA3,varejo,0.013157894736842105,2024-12-30,2025-01-02
ISE,Universo_EW,2025,SANB11,banco,0.013157894736842105,2024-12-30,2025-01-02
ISE,Universo_EW,2025,SAPR11,saneamento,0.013157894736842105,2024-12-30,2025-01-02
ISE,Universo_EW,2025,SIMH3,transporte,0.013157894736842105,2024-12-30,2025-01-02
ISE,Universo_EW,2025,SLCE3,agrícola,0.013157894736842105,2024-12-30,2025-01-02
ISE,Universo_EW,2025,SRNA3,energia,0.013157894736842105,2024-12-30,2025-01-02
ISE,Universo_EW,2025,STBP3,transporte,0.013157894736842105,2024-12-30,2025-01-02
ISE,Universo_EW,2025,SUZB3,madeira-papel,0.013157894736842105,2024-12-30,2025-01-02
ISE,Universo_EW,2025,TIMS3,telecom,0.013157894736842105,2024-12-30,2025-01-02
ISE,Universo_EW,2025,UGPA3,químico,0.013157894736842105,2024-12-30,2025-01-02
ISE,Universo_EW,2025,USIM5,siderurgico,0.013157894736842105,2024-12-30,2025-01-02
ISE,Universo_EW,2025,VAMO3,transporte,0.013157894736842105,2024-12-30,2025-01-02
ISE,Universo_EW,2025,VBBR3,transporte,0.013157894736842105,2024-12-30,2025-01-02
ISE,Universo_EW,2025,VIVT3,telecom,0.013157894736842105,2024-12-30,2025-01-02
ISE,Universo_EW,2025,WEGE3,indústria,0.013157894736842105,2024-12-30,2025-01-02
ISE,Universo_EW,2025,YDUQ3,educação,0.013157894736842105,2024-12-30,2025-01-02
