Ticker,Ticker_original,Ticker_fundamento,Setor,momentum,baixa_vol,p_vp,roic,Observacoes,Data_sinal,Data_execucao,Universo,Ano
ABCB4,ABCB4,ABCB4,banco,-0.27375554316097916,0.3350795169414762,0.5732,0.05708669,246,2015-12-30,2016-01-04,AMPLO_PROXY,2016
ABEV3,ABEV3,ABEV3,indústria,0.21439968777646223,0.22552653186699426,5.564,0.33404903,246,2015-12-30,2016-01-04,AMPLO_PROXY,2016
ALPA4,ALPA4,ALPA4,consumo,0.14677065364212716,0.38095352111776754,1.6291,0.15250845,246,2015-12-30,2016-01-04,AMPLO_PROXY,2016
ALUP11,ALUP11,ALUP11,energia,-0.2018504813447095,0.35877697901237116,0.6748,0.12861113,246,2015-12-30,2016-01-04,AMPLO_PROXY,2016
AMER3,AMER3,AMER3,varejo,-0.30456622111703446,0.6027208205234204,1.3688,0.04945135,246,2015-12-30,2016-01-04,AMPLO_PROXY,2016
ANIM3,ANIM3,ANIM3,educação,-0.575774999690559,0.7469645149888484,1.7167,0.0917504,246,2015-12-30,2016-01-04,AMPLO_PROXY,2016
AZZA3,AZZA3,AZZA3,consumo,-0.15623682565156383,0.3658629264163986,3.1015,0.19159759,246,2015-12-30,2016-01-04,AMPLO_PROXY,2016
B3SA3,B3SA3,B3SA3,financeiro,0.22530796263486375,0.3529372894363297,0.989,0.18039002,246,2015-12-30,2016-01-04,AMPLO_PROXY,2016
BBAS3,BBAS3,BBAS3,banco,-0.28104148993976663,0.48266741197903157,0.5684,0.12733964,246,2015-12-30,2016-01-04,AMPLO_PROXY,2016
BBDC4,BBDC4,BBDC4,banco,-0.2832404959665714,0.3573312827170785,1.1246,0.07795141,246,2015-12-30,2016-01-04,AMPLO_PROXY,2016
BBSE3,BBSE3,BBSE3,seguro,-0.15597316283214746,0.3779752646357365,5.9001,0.61952224,246,2015-12-30,2016-01-04,AMPLO_PROXY,2016
BEEF3,BEEF3,BEEF3,proteína,0.4029537575884883,0.4043990226862066,-5.4848,0.10380598,246,2015-12-30,2016-01-04,AMPLO_PROXY,2016
BRAP4,BRAP4,BRAP4,mineração,-0.595100235566485,0.5259695425849411,0.1715,-0.07429733,246,2015-12-30,2016-01-04,AMPLO_PROXY,2016
BRFS3,BRFS3,BRFS3,proteína,-0.10217006297195952,0.26844190000802265,3.237,0.13686556,246,2015-12-30,2016-01-04,AMPLO_PROXY,2016
BRKM5,BRKM5,BRKM5,químico,0.6704154179539616,0.5561097765715116,13.3757,0.21635653,246,2015-12-30,2016-01-04,AMPLO_PROXY,2016
BRML3,BRML3,BRML3,shopping,-0.2590113090522973,0.39985427929590583,0.5202,0.11711614,246,2015-12-30,2016-01-04,AMPLO_PROXY,2016
BRPR3,BRPR3,BRPR3,shopping,0.0525954522837464,0.34604437310979946,0.4434,0.02418296,246,2015-12-30,2016-01-04,AMPLO_PROXY,2016
BRSR6,BRSR6,BRSR6,banco,-0.5475643605472051,0.4741940390456827,0.3921,0.16286654,246,2015-12-30,2016-01-04,AMPLO_PROXY,2016
MOTV3,CCRO3,MOTV3,transporte,-0.10594285774417345,0.39365614757972606,4.7215,0.15823398,246,2015-12-30,2016-01-04,AMPLO_PROXY,2016
CESP6,CESP6,CESP6,energia,-0.339806470144982,0.385543962482244,0.5689,-0.081247,246,2015-12-30,2016-01-04,AMPLO_PROXY,2016
CIEL3,CIEL3,CIEL3,tecnologia,0.03406138176709339,0.2886168006239945,6.4437,0.17315251,246,2015-12-30,2016-01-04,AMPLO_PROXY,2016
CMIG4,CMIG4,CMIG4,energia,-0.5057793789302785,0.437202100087386,0.5393,0.20596181,246,2015-12-30,2016-01-04,AMPLO_PROXY,2016
COGN3,COGN3,COGN3,educação,-0.3458848216665017,0.6135938102279087,1.2419,0.10592066,246,2015-12-30,2016-01-04,AMPLO_PROXY,2016
CPFE3,CPFE3,CPFE3,energia,-0.14527026935670329,0.36075911564570623,1.502,0.08891609,246,2015-12-30,2016-01-04,AMPLO_PROXY,2016
CPLE6,CPLE6,CPLE6,energia,-0.26668918721103874,0.36860423219691674,0.4663,0.06908596,246,2015-12-30,2016-01-04,AMPLO_PROXY,2016
CSAN3,CSAN3,CSAN3,químico,-0.06603909312967571,0.3802110448722803,0.8423,0.05267202,246,2015-12-30,2016-01-04,AMPLO_PROXY,2016
CSMG3,CSMG3,CSMG3,saneamento,-0.3716164725896448,0.6442312937993806,0.3265,0.04271134,246,2015-12-30,2016-01-04,AMPLO_PROXY,2016
CSNA3,CSNA3,CSNA3,siderurgico,-0.17416828350946922,0.747482220902902,1.4855,0.06633004,246,2015-12-30,2016-01-04,AMPLO_PROXY,2016
CVCB3,CVCB3,CVCB3,consumo,-0.06774087569483112,0.35607034163327167,3.2155,0.39789929,246,2015-12-30,2016-01-04,AMPLO_PROXY,2016
CYRE3,CYRE3,CYRE3,construção,-0.279896316556141,0.304935440485793,0.4176,0.07218365,246,2015-12-30,2016-01-04,AMPLO_PROXY,2016
DIRR3,DIRR3,DIRR3,construção,-0.523753079286736,0.45692682421398284,0.2928,0.07077393,246,2015-12-30,2016-01-04,AMPLO_PROXY,2016
DXCO3,DXCO3,DXCO3,madeira-papel,-0.18392416523614286,0.3811670393973532,0.8221,0.05576814,246,2015-12-30,2016-01-04,AMPLO_PROXY,2016
ECOR3,ECOR3,ECOR3,transporte,-0.49849612728079906,0.4876018144289955,1.75,0.13080153,246,2015-12-30,2016-01-04,AMPLO_PROXY,2016
EMBJ3,EMBR3,EMBJ3,indústria,0.22385563566137012,0.2927517322191384,1.4846,0.04806601,246,2015-12-30,2016-01-04,AMPLO_PROXY,2016
ENAT3,ENAT3,ENAT3,petróleo,-0.14490541494870457,0.4974383322920171,0.5275,0.03496435,246,2015-12-30,2016-01-04,AMPLO_PROXY,2016
ENBR3,ENBR3,ENBR3,energia,0.3998421729031094,0.3638406639945287,0.7606,0.17321133,246,2015-12-30,2016-01-04,AMPLO_PROXY,2016
EQTL3,EQTL3,EQTL3,energia,0.2763031392383899,0.289414443696782,1.6012,0.14996827,246,2015-12-30,2016-01-04,AMPLO_PROXY,2016
EVEN3,EVEN3,EVEN3,construção,-0.17462546082614872,0.44668085652002343,0.3604,0.03577602,246,2015-12-30,2016-01-04,AMPLO_PROXY,2016
EZTC3,EZTC3,EZTC3,construção,-0.3275511557121402,0.37039714337892155,0.7404,0.14620318,246,2015-12-30,2016-01-04,AMPLO_PROXY,2016
FLRY3,FLRY3,FLRY3,saúde,0.005841769350013015,0.2983006494413601,1.5244,0.0824961,246,2015-12-30,2016-01-04,AMPLO_PROXY,2016
GFSA3,GFSA3,GFSA3,construção,0.17391293699010157,0.4881778112467187,0.2869,0.01520854,246,2015-12-30,2016-01-04,AMPLO_PROXY,2016
GGBR4,GGBR4,GGBR4,siderurgico,-0.4772028126872204,0.5174213304020999,0.2178,0.01125625,246,2015-12-30,2016-01-04,AMPLO_PROXY,2016
GOAU4,GOAU4,GOAU4,siderurgico,-0.8440858307161012,0.6167583624230568,0.02,0.00922995,246,2015-12-30,2016-01-04,AMPLO_PROXY,2016
GRND3,GRND3,GRND3,consumo,0.18789684610648116,0.3085530652457586,2.0294,0.16384529,246,2015-12-30,2016-01-04,AMPLO_PROXY,2016
RIAA3,GUAR3,RIAA3,varejo,-0.41836557482545944,0.32482986692912974,0.8883,0.10505591,246,2015-12-30,2016-01-04,AMPLO_PROXY,2016
HGTX3,HGTX3,HGTX3,consumo,-0.18362976590855973,0.4502945493424859,2.1144,0.21873156,246,2015-12-30,2016-01-04,AMPLO_PROXY,2016
HYPE3,HYPE3,HYPE3,saúde,0.34095131868764517,0.3691874142298347,1.771,0.06782806,246,2015-12-30,2016-01-04,AMPLO_PROXY,2016
ITSA4,ITSA4,ITSA4,financeiro,-0.12639805722107744,0.3027894057028329,0.9918,0.19380945,246,2015-12-30,2016-01-04,AMPLO_PROXY,2016
ITUB4,ITUB4,ITUB4,banco,-0.10036962156644924,0.3245396463294813,1.4037,0.16253483,246,2015-12-30,2016-01-04,AMPLO_PROXY,2016
KLBN11,KLBN11,KLBN11,madeira-papel,0.6858117668689789,0.27586432589243864,4.3033,0.05220174,246,2015-12-30,2016-01-04,AMPLO_PROXY,2016
LAME4,LAME4,LAME4,varejo,0.15885103399987743,0.352866164198781,7.9833,0.14094842,246,2015-12-30,2016-01-04,AMPLO_PROXY,2016
LEVE3,LEVE3,LEVE3,indústria,0.2690764447951677,0.26024517354651544,2.251,0.14438995,246,2015-12-30,2016-01-04,AMPLO_PROXY,2016
LIGT3,LIGT3,LIGT3,energia,-0.39458382150978577,0.47532782491245634,0.5402,0.13132933,246,2015-12-30,2016-01-04,AMPLO_PROXY,2016
LINX3,LINX3,LINX3,tecnologia,-0.12275269679226897,0.3231530576074602,3.1538,0.09251475,246,2015-12-30,2016-01-04,AMPLO_PROXY,2016
LREN3,LREN3,LREN3,varejo,0.1483128925650179,0.32565839524252926,5.0299,0.22640401,246,2015-12-30,2016-01-04,AMPLO_PROXY,2016
MDIA3,MDIA3,MDIA3,consumo,-0.23767333518766265,0.3104509425525331,2.0782,0.1436744,246,2015-12-30,2016-01-04,AMPLO_PROXY,2016
MGLU3,MGLU3,MGLU3,varejo,-0.6943032753581855,0.8241367708767542,0.5419,0.15291529,246,2015-12-30,2016-01-04,AMPLO_PROXY,2016
MILS3,MILS3,MILS3,indústria,-0.7173219963325643,0.6944573185693886,0.3291,0.01044181,246,2015-12-30,2016-01-04,AMPLO_PROXY,2016
MBRF3,MRFG3,MBRF3,proteína,0.12190812731119416,0.47314523027662025,3.1893,0.07922721,246,2015-12-30,2016-01-04,AMPLO_PROXY,2016
MRVE3,MRVE3,MRVE3,construção,0.2664328482483662,0.38263816074334306,0.7588,0.06480425,246,2015-12-30,2016-01-04,AMPLO_PROXY,2016
MULT3,MULT3,MULT3,shopping,-0.11521626498474236,0.3327198360662672,1.7066,0.10041385,246,2015-12-30,2016-01-04,AMPLO_PROXY,2016
MYPK3,MYPK3,MYPK3,indústria,0.06062121972844947,0.40533282944921756,0.4603,0.08166545,246,2015-12-30,2016-01-04,AMPLO_PROXY,2016
NATU3,NTCO3,NATU3,consumo,-0.18131150743627122,0.4106242596830893,11.0535,0.19235308,246,2015-12-30,2016-01-04,AMPLO_PROXY,2016
OIBR4,OIBR4,OIBR4,telecom,-0.7686832739075063,0.8387841648427506,0.0688,0.05010896,246,2015-12-30,2016-01-04,AMPLO_PROXY,2016
PDGR3,PDGR3,PDGR3,construção,-0.9572393367920521,0.985829208732105,0.8552,-0.02924473,246,2015-12-30,2016-01-04,AMPLO_PROXY,2016
PETR4,PETR4,PETR4,petróleo,-0.2841879190520199,0.5944902925448808,0.3004,-0.00575501,246,2015-12-30,2016-01-04,AMPLO_PROXY,2016
POMO4,POMO4,POMO4,transporte,-0.38056028468174885,0.5221779773992938,0.87,0.04669983,246,2015-12-30,2016-01-04,AMPLO_PROXY,2016
PSSA3,PSSA3,PSSA3,seguro,-0.022124686462115628,0.35889136670528976,1.4434,0.06396935,246,2015-12-30,2016-01-04,AMPLO_PROXY,2016
QUAL3,QUAL3,QUAL3,saúde,-0.41188755900579876,0.45942399142704976,1.9434,0.15848834,246,2015-12-30,2016-01-04,AMPLO_PROXY,2016
RADL3,RADL3,RADL3,saúde,0.44265034049095586,0.3435153133094654,4.5375,0.16824604,246,2015-12-30,2016-01-04,AMPLO_PROXY,2016
RAPT4,RAPT4,RAPT4,indústria,-0.46620963021583006,0.42802268340572713,0.4526,0.02351816,246,2015-12-30,2016-01-04,AMPLO_PROXY,2016
RENT3,RENT3,RENT3,transporte,-0.2797862266003438,0.35944199731636295,2.765,0.1594696,246,2015-12-30,2016-01-04,AMPLO_PROXY,2016
RLOG3,RLOG3,RLOG3,transporte,-0.6287837957578255,0.6812345194344125,0.103,0.0501382,246,2015-12-30,2016-01-04,AMPLO_PROXY,2016
RSID3,RSID3,RSID3,construção,-0.808955223880597,1.0095105550384345,0.0365,-0.14001239,246,2015-12-30,2016-01-04,AMPLO_PROXY,2016
SANB11,SANB11,SANB11,banco,0.3438731948889313,0.40135670867528644,0.7352,-0.04803981,246,2015-12-30,2016-01-04,AMPLO_PROXY,2016
SBSP3,SBSP3,SBSP3,saneamento,0.14935286485588084,0.4100117217150565,0.9686,0.09878205,246,2015-12-30,2016-01-04,AMPLO_PROXY,2016
SEER3,SEER3,SEER3,educação,-0.7178183356687415,0.6736109121156286,1.2446,0.21402106,246,2015-12-30,2016-01-04,AMPLO_PROXY,2016
SLCE3,SLCE3,SLCE3,agrícola,0.22920780235599225,0.3596625997164685,0.6975,0.06961562,246,2015-12-30,2016-01-04,AMPLO_PROXY,2016
SMTO3,SMTO3,SMTO3,agrícola,0.2709733620854762,0.35115314535483155,2.1162,0.06177377,246,2015-12-30,2016-01-04,AMPLO_PROXY,2016
SULA11,SULA11,SULA11,seguro,0.5771957251472204,0.34782976772606444,1.4453,0.06163545,246,2015-12-30,2016-01-04,AMPLO_PROXY,2016
SUZB3,SUZB3,SUZB3,madeira-papel,0.011726015682910207,0.008420280001776944,2.2865,0.11399584,246,2015-12-30,2016-01-04,AMPLO_PROXY,2016
TAEE11,TAEE11,TAEE11,energia,0.010021700708319647,0.24428289583836169,1.3541,0.16653183,246,2015-12-30,2016-01-04,AMPLO_PROXY,2016
TCSA3,TCSA3,TCSA3,construção,-0.24251804335103466,0.38880523099638714,0.2797,0.02725945,246,2015-12-30,2016-01-04,AMPLO_PROXY,2016
TIMS3,TIMS3,TIMS3,telecom,-0.4056175153765106,0.37348160553360343,0.9808,0.14083159,246,2015-12-30,2016-01-04,AMPLO_PROXY,2016
TOTS3,TOTS3,TOTS3,tecnologia,-0.10317872483910795,0.37240103966335675,4.1905,0.1720675,246,2015-12-30,2016-01-04,AMPLO_PROXY,2016
ISAE4,TRPL4,ISAE4,energia,0.18359038527195048,0.30558863828946586,1.3179,0.09273721,246,2015-12-30,2016-01-04,AMPLO_PROXY,2016
TUPY3,TUPY3,TUPY3,indústria,0.18250240628203018,0.31643598278669793,1.1256,0.05870183,246,2015-12-30,2016-01-04,AMPLO_PROXY,2016
UGPA3,UGPA3,UGPA3,químico,0.22223688407536124,0.2358612734993295,4.1257,0.1537444,246,2015-12-30,2016-01-04,AMPLO_PROXY,2016
USIM5,USIM5,USIM5,siderurgico,-0.6746166867345544,0.6451983131426295,0.0922,-0.05896668,246,2015-12-30,2016-01-04,AMPLO_PROXY,2016
VALE3,VALE3,VALE3,mineração,-0.3546754504163476,0.5759277896872933,0.3798,0.02679892,246,2015-12-30,2016-01-04,AMPLO_PROXY,2016
VIVT4,VIVT4,VIVT4,telecom,-0.16639650913240533,0.2982361509122466,0.8957,0.06590635,246,2015-12-30,2016-01-04,AMPLO_PROXY,2016
VLID3,VLID3,VLID3,tecnologia,0.030567316115600596,0.3208123596002478,2.4831,0.10053306,246,2015-12-30,2016-01-04,AMPLO_PROXY,2016
WEGE3,WEGE3,WEGE3,indústria,-0.006421126040187075,0.27845914709880326,4.0254,0.10628469,246,2015-12-30,2016-01-04,AMPLO_PROXY,2016
YDUQ3,YDUQ3,YDUQ3,educação,-0.356173831742976,0.5950585528689751,1.5339,0.1429936,246,2015-12-30,2016-01-04,AMPLO_PROXY,2016
ABCB4,ABCB4,ABCB4,banco,0.8081559407721381,0.37529412282338204,0.876,0.24191654,249,2016-12-29,2017-01-02,AMPLO_PROXY,2017
ABEV3,ABEV3,ABEV3,indústria,-0.012329115302311178,0.2137593875186224,5.237,0.33485564,249,2016-12-29,2017-01-02,AMPLO_PROXY,2017
ALPA4,ALPA4,ALPA4,consumo,0.46135344466214767,0.36109762148790275,2.271,0.17301371,249,2016-12-29,2017-01-02,AMPLO_PROXY,2017
ALUP11,ALUP11,ALUP11,energia,0.5989323555575452,0.31419176053797854,0.9348,0.12515335,249,2016-12-29,2017-01-02,AMPLO_PROXY,2017
AMER3,AMER3,AMER3,varejo,-0.29606624366202594,0.6012243605541577,1.0993,0.05905705,249,2016-12-29,2017-01-02,AMPLO_PROXY,2017
ANIM3,ANIM3,ANIM3,educação,0.07173942463696581,0.5449455976163129,1.6125,0.07376066,249,2016-12-29,2017-01-02,AMPLO_PROXY,2017
AZZA3,AZZA3,AZZA3,consumo,0.31162753503908025,0.3669377678646353,3.399,0.18977149,249,2016-12-29,2017-01-02,AMPLO_PROXY,2017
B3SA3,B3SA3,B3SA3,financeiro,0.6285143409364937,0.36518016384087926,1.5842,-0.02678118,249,2016-12-29,2017-01-02,AMPLO_PROXY,2017
BBAS3,BBAS3,BBAS3,banco,1.0641285672456307,0.5636088223032607,1.0486,0.21786894,249,2016-12-29,2017-01-02,AMPLO_PROXY,2017
BBDC4,BBDC4,BBDC4,banco,0.7626076441387988,0.4214817323207009,1.6279,0.31773269,249,2016-12-29,2017-01-02,AMPLO_PROXY,2017
BBSE3,BBSE3,BBSE3,seguro,0.318089432513478,0.3912746779950613,6.2917,0.5435597,249,2016-12-29,2017-01-02,AMPLO_PROXY,2017
BEEF3,BEEF3,BEEF3,proteína,-0.02799992305683041,0.306686646108799,4.5383,0.13192288,249,2016-12-29,2017-01-02,AMPLO_PROXY,2017
BRAP4,BRAP4,BRAP4,mineração,2.1842406031165917,0.6514694528442474,0.6458,-0.13253507,249,2016-12-29,2017-01-02,AMPLO_PROXY,2017
BRFS3,BRFS3,BRFS3,proteína,-0.09675433601632322,0.2985216696357425,3.0367,0.10263014,249,2016-12-29,2017-01-02,AMPLO_PROXY,2017
BRKM5,BRKM5,BRKM5,químico,0.4046085418060774,0.44441643757167665,6.205,0.31535676,249,2016-12-29,2017-01-02,AMPLO_PROXY,2017
BRML3,BRML3,BRML3,shopping,0.4291628349519121,0.3488236708876399,0.7038,0.06873205,249,2016-12-29,2017-01-02,AMPLO_PROXY,2017
BRPR3,BRPR3,BRPR3,shopping,-0.09529553736613683,0.34321576942132115,0.4658,-0.00715725,249,2016-12-29,2017-01-02,AMPLO_PROXY,2017
BRSR6,BRSR6,BRSR6,banco,0.9885064366674243,0.5006681256387747,0.6524,0.162644,249,2016-12-29,2017-01-02,AMPLO_PROXY,2017
MOTV3,CCRO3,MOTV3,transporte,0.3757933507830893,0.3866101620397765,5.9624,0.2236927,249,2016-12-29,2017-01-02,AMPLO_PROXY,2017
CESP6,CESP6,CESP6,energia,0.05595851923789663,0.4423104724379046,0.5968,-0.00735911,249,2016-12-29,2017-01-02,AMPLO_PROXY,2017
CGAS5,CGAS5,CGAS5,químico,0.5990122573622298,0.3290696141127971,2.1259,0.26860357,249,2016-12-29,2017-01-02,AMPLO_PROXY,2017
CIEL3,CIEL3,CIEL3,tecnologia,0.05664073252743296,0.338678929206527,5.0914,0.17721597,249,2016-12-29,2017-01-02,AMPLO_PROXY,2017
CMIG4,CMIG4,CMIG4,energia,0.4954415313176874,0.6148859600504593,0.6805,0.07158655,249,2016-12-29,2017-01-02,AMPLO_PROXY,2017
COGN3,COGN3,COGN3,educação,0.45323940385115447,0.4580258077053395,1.6389,0.09400698,249,2016-12-29,2017-01-02,AMPLO_PROXY,2017
CPFE3,CPFE3,CPFE3,energia,0.7649472077997446,0.26801255646797245,2.4548,0.08922084,249,2016-12-29,2017-01-02,AMPLO_PROXY,2017
CPLE6,CPLE6,CPLE6,energia,0.24201886708469855,0.48278978715323484,0.4797,0.11287603,249,2016-12-29,2017-01-02,AMPLO_PROXY,2017
CSAN3,CSAN3,CSAN3,químico,0.7044227502782259,0.3419782216069121,1.245,0.15442577,249,2016-12-29,2017-01-02,AMPLO_PROXY,2017
CSMG3,CSMG3,CSMG3,saneamento,1.6001402239248859,0.4002851739871398,0.7865,0.06013811,249,2016-12-29,2017-01-02,AMPLO_PROXY,2017
CSNA3,CSNA3,CSNA3,siderurgico,1.8108808411868171,0.8307882829319333,1.8915,0.11545358,249,2016-12-29,2017-01-02,AMPLO_PROXY,2017
CVCB3,CVCB3,CVCB3,consumo,0.9798675019767837,0.38565522759747417,4.4414,0.43296468,249,2016-12-29,2017-01-02,AMPLO_PROXY,2017
CYRE3,CYRE3,CYRE3,construção,0.44818374759376645,0.41302141374949203,0.5801,0.02943334,249,2016-12-29,2017-01-02,AMPLO_PROXY,2017
DIRR3,DIRR3,DIRR3,construção,0.4014166219251034,0.45219836780536204,0.3508,0.04053522,249,2016-12-29,2017-01-02,AMPLO_PROXY,2017
DXCO3,DXCO3,DXCO3,madeira-papel,0.22282519530917333,0.41781914451960617,1.0255,0.03034981,249,2016-12-29,2017-01-02,AMPLO_PROXY,2017
ECOR3,ECOR3,ECOR3,transporte,0.7783100588161735,0.43217133758030674,8.8241,0.13889577,249,2016-12-29,2017-01-02,AMPLO_PROXY,2017
EGIE3,EGIE3,EGIE3,energia,0.12665448308169314,0.21701654826683148,3.4682,0.24877421,249,2016-12-29,2017-01-02,AMPLO_PROXY,2017
AXIA3,ELET3,AXIA3,energia,3.200736391445967,0.5278674513733908,0.6012,0.14670194,249,2016-12-29,2017-01-02,AMPLO_PROXY,2017
EMBJ3,EMBR3,EMBJ3,indústria,-0.4513744688854474,0.4004744624937745,0.9568,0.00190013,249,2016-12-29,2017-01-02,AMPLO_PROXY,2017
ENAT3,ENAT3,ENAT3,petróleo,-0.009314605647892216,0.7225487182324962,0.504,-0.06671631,249,2016-12-29,2017-01-02,AMPLO_PROXY,2017
ENBR3,ENBR3,ENBR3,energia,0.31825082561407037,0.26957439591958665,0.8492,0.13652105,249,2016-12-29,2017-01-02,AMPLO_PROXY,2017
ENGI11,ENGI11,ENGI11,energia,0.3622282091090947,0.2923247935951027,1.3352,0.02088927,193,2016-12-29,2017-01-02,AMPLO_PROXY,2017
EQTL3,EQTL3,EQTL3,energia,0.6841743666504387,0.23546143856972182,2.2366,0.1172081,249,2016-12-29,2017-01-02,AMPLO_PROXY,2017
EVEN3,EVEN3,EVEN3,construção,-0.07943434920900305,0.36222749036948615,0.3385,-0.00225631,249,2016-12-29,2017-01-02,AMPLO_PROXY,2017
EZTC3,EZTC3,EZTC3,construção,0.4516074714404479,0.37142849599800687,0.9176,0.06441215,249,2016-12-29,2017-01-02,AMPLO_PROXY,2017
FLRY3,FLRY3,FLRY3,saúde,1.5021051481782508,0.30696802450174127,3.1495,0.11996113,249,2016-12-29,2017-01-02,AMPLO_PROXY,2017
GFSA3,GFSA3,GFSA3,construção,-0.18799186519388444,0.5160679719322764,0.2311,-0.02076059,249,2016-12-29,2017-01-02,AMPLO_PROXY,2017
GGBR4,GGBR4,GGBR4,siderurgico,1.3897887862136118,0.6808619758867273,0.6624,-0.03599664,249,2016-12-29,2017-01-02,AMPLO_PROXY,2017
GOAU4,GOAU4,GOAU4,siderurgico,1.9999999999999996,0.8028363067482785,0.1664,-0.03629825,249,2016-12-29,2017-01-02,AMPLO_PROXY,2017
GRND3,GRND3,GRND3,consumo,0.13027700176115808,0.2704323783257587,1.9067,0.13027144,249,2016-12-29,2017-01-02,AMPLO_PROXY,2017
HGTX3,HGTX3,HGTX3,consumo,0.1354841118550354,0.3765751402932441,1.9675,0.15105595,249,2016-12-29,2017-01-02,AMPLO_PROXY,2017
HYPE3,HYPE3,HYPE3,saúde,0.26058407117654503,0.29575909952251084,1.8224,0.09804469,249,2016-12-29,2017-01-02,AMPLO_PROXY,2017
ITSA4,ITSA4,ITSA4,financeiro,0.49429492741595205,0.34278847717167127,1.2044,0.14847562,249,2016-12-29,2017-01-02,AMPLO_PROXY,2017
ITUB4,ITUB4,ITUB4,banco,0.5703932574232233,0.35667795270396524,1.4825,0.27819865,249,2016-12-29,2017-01-02,AMPLO_PROXY,2017
KLBN11,KLBN11,KLBN11,madeira-papel,-0.16934226630054827,0.34173137003883636,2.214,0.06636508,249,2016-12-29,2017-01-02,AMPLO_PROXY,2017
LAME4,LAME4,LAME4,varejo,0.09342823262927569,0.3958254794685007,8.4892,0.15089799,249,2016-12-29,2017-01-02,AMPLO_PROXY,2017
LEVE3,LEVE3,LEVE3,indústria,-0.09721919766484977,0.34036534323573675,1.9554,0.12501767,249,2016-12-29,2017-01-02,AMPLO_PROXY,2017
LIGT3,LIGT3,LIGT3,energia,0.9932875396903198,0.5467353664475036,0.9977,0.03506917,249,2016-12-29,2017-01-02,AMPLO_PROXY,2017
LINX3,LINX3,LINX3,tecnologia,0.18330118049383493,0.2838093550677398,2.4931,0.05569912,249,2016-12-29,2017-01-02,AMPLO_PROXY,2017
LREN3,LREN3,LREN3,varejo,0.4649132296005922,0.32870575227877535,6.2892,0.21216851,249,2016-12-29,2017-01-02,AMPLO_PROXY,2017
MDIA3,MDIA3,MDIA3,consumo,0.7934821523529982,0.3105607733618329,3.1323,0.14357061,249,2016-12-29,2017-01-02,AMPLO_PROXY,2017
MGLU3,MGLU3,MGLU3,varejo,4.9147702921749366,0.7444928398921051,3.2814,0.18782654,249,2016-12-29,2017-01-02,AMPLO_PROXY,2017
MILS3,MILS3,MILS3,indústria,0.5333333152747766,0.6397179523638095,0.6602,-0.09247199,249,2016-12-29,2017-01-02,AMPLO_PROXY,2017
MBRF3,MRFG3,MBRF3,proteína,0.06099518304113016,0.35056330093121807,2.2447,0.08578554,249,2016-12-29,2017-01-02,AMPLO_PROXY,2017
MRVE3,MRVE3,MRVE3,construção,0.35722551160500027,0.2978978688741719,0.8879,0.06223335,249,2016-12-29,2017-01-02,AMPLO_PROXY,2017
MULT3,MULT3,MULT3,shopping,0.5930210346510894,0.274936882932338,2.5645,0.09361867,249,2016-12-29,2017-01-02,AMPLO_PROXY,2017
MYPK3,MYPK3,MYPK3,indústria,0.0411737297999244,0.54700495726689,0.5364,0.08689951,249,2016-12-29,2017-01-02,AMPLO_PROXY,2017
NATU3,NTCO3,NATU3,consumo,-0.012434710244006109,0.4258732960465231,10.3429,0.21305398,249,2016-12-29,2017-01-02,AMPLO_PROXY,2017
OIBR4,OIBR4,OIBR4,telecom,0.22282608859474262,1.0056765610948368,0.146,0.02094012,249,2016-12-29,2017-01-02,AMPLO_PROXY,2017
PDGR3,PDGR3,PDGR3,construção,-0.27878787866599963,1.1278499310493324,-0.0698,-1.84478279,249,2016-12-29,2017-01-02,AMPLO_PROXY,2017
PETR4,PETR4,PETR4,petróleo,1.1644833847117932,0.6408437106862114,0.7403,-0.05496674,249,2016-12-29,2017-01-02,AMPLO_PROXY,2017
POMO4,POMO4,POMO4,transporte,0.6603358346896187,0.46803184814267396,1.2751,0.07869302,249,2016-12-29,2017-01-02,AMPLO_PROXY,2017
PSSA3,PSSA3,PSSA3,seguro,-0.017820107589833656,0.3788421206058592,1.2452,0.02022439,249,2016-12-29,2017-01-02,AMPLO_PROXY,2017
QUAL3,QUAL3,QUAL3,saúde,0.5562692480030675,0.45142164530224915,2.3743,0.16498715,249,2016-12-29,2017-01-02,AMPLO_PROXY,2017
RADL3,RADL3,RADL3,saúde,0.7579695305470227,0.2681220158207479,7.0998,0.20900453,249,2016-12-29,2017-01-02,AMPLO_PROXY,2017
RAPT4,RAPT4,RAPT4,indústria,0.5585984485450834,0.57274976168357,0.6077,0.00961933,248,2016-12-29,2017-01-02,AMPLO_PROXY,2017
RENT3,RENT3,RENT3,transporte,0.49762466517370707,0.40118425308952477,3.3209,0.14304134,249,2016-12-29,2017-01-02,AMPLO_PROXY,2017
SANB11,SANB11,SANB11,banco,1.0312958134842627,0.3516357244509312,1.2456,0.19893724,249,2016-12-29,2017-01-02,AMPLO_PROXY,2017
SAPR4,SAPR4,SAPR4,saneamento,2.8549972849056955,0.44601325929448227,1.1659,0.13218137,249,2016-12-29,2017-01-02,AMPLO_PROXY,2017
SBSP3,SBSP3,SBSP3,saneamento,0.6011556626256063,0.3401893605651405,1.2676,0.11880526,249,2016-12-29,2017-01-02,AMPLO_PROXY,2017
SEER3,SEER3,SEER3,educação,1.517701012824261,0.5937002729252002,2.447,0.20317204,249,2016-12-29,2017-01-02,AMPLO_PROXY,2017
SLCE3,SLCE3,SLCE3,agrícola,-0.0662897872093221,0.28697362624916295,0.5614,-0.00091508,249,2016-12-29,2017-01-02,AMPLO_PROXY,2017
SMTO3,SMTO3,SMTO3,agrícola,0.3277952787665166,0.2994625937559302,0.7671,0.08409982,249,2016-12-29,2017-01-02,AMPLO_PROXY,2017
SULA11,SULA11,SULA11,seguro,0.015781124771650612,0.4055688819754644,1.2305,0.04409146,249,2016-12-29,2017-01-02,AMPLO_PROXY,2017
SUZB3,SUZB3,SUZB3,madeira-papel,0.01306189687685877,0.013166813396643957,1.4064,0.10356787,249,2016-12-29,2017-01-02,AMPLO_PROXY,2017
TAEE11,TAEE11,TAEE11,energia,0.46880570310564607,0.33731917257808103,1.6567,0.19852496,249,2016-12-29,2017-01-02,AMPLO_PROXY,2017
TIMS3,TIMS3,TIMS3,telecom,0.18376790226281003,0.3673021300091193,1.1168,0.06418153,249,2016-12-29,2017-01-02,AMPLO_PROXY,2017
TOTS3,TOTS3,TOTS3,tecnologia,-0.19000376488778636,0.3499058013165127,3.1927,0.08842859,249,2016-12-29,2017-01-02,AMPLO_PROXY,2017
ISAE4,TRPL4,ISAE4,energia,0.4988750540093434,0.2531894989960739,1.0464,0.62504004,249,2016-12-29,2017-01-02,AMPLO_PROXY,2017
TUPY3,TUPY3,TUPY3,indústria,-0.3444300787891037,0.3349600075110561,0.7708,0.03615697,249,2016-12-29,2017-01-02,AMPLO_PROXY,2017
UGPA3,UGPA3,UGPA3,químico,0.21824360495868866,0.23151457460762842,4.4135,0.1824306,249,2016-12-29,2017-01-02,AMPLO_PROXY,2017
USIM5,USIM5,USIM5,siderurgico,1.8082187069864615,0.9410455928518424,0.3226,-0.12004984,249,2016-12-29,2017-01-02,AMPLO_PROXY,2017
VALE3,VALE3,VALE3,mineração,1.035530561738438,0.6747776533960764,0.9746,-0.09498135,249,2016-12-29,2017-01-02,AMPLO_PROXY,2017
VIVT4,VIVT4,VIVT4,telecom,0.29286699445972597,0.27837693248257717,1.0841,0.07804127,249,2016-12-29,2017-01-02,AMPLO_PROXY,2017
VLID3,VLID3,VLID3,tecnologia,-0.35512635029632944,0.4119423971593379,1.5836,0.06710408,249,2016-12-29,2017-01-02,AMPLO_PROXY,2017
WEGE3,WEGE3,WEGE3,indústria,0.08588698011394502,0.32673411268221825,4.1933,0.09788845,249,2016-12-29,2017-01-02,AMPLO_PROXY,2017
YDUQ3,YDUQ3,YDUQ3,educação,0.2828487535124824,0.5414796249148764,1.728,0.10053713,249,2016-12-29,2017-01-02,AMPLO_PROXY,2017
AALR3,AALR3,AALR3,saúde,0.013698630146500301,0.28945725808002837,1.3702,0.06520519,246,2017-12-28,2018-01-02,AMPLO_PROXY,2018
ABCB4,ABCB4,ABCB4,banco,0.34284906358959,0.3235977594131352,1.0314,0.14569739,246,2017-12-28,2018-01-02,AMPLO_PROXY,2018
ABEV3,ABEV3,ABEV3,indústria,0.34149064613265434,0.1703641150806308,6.8301,0.31426802,246,2017-12-28,2018-01-02,AMPLO_PROXY,2018
AESB3,AESB3,AESB3,energia,-0.0328381984874766,0.22687952628449676,3.2083,0.12092623,246,2017-12-28,2018-01-02,AMPLO_PROXY,2018
ALPA4,ALPA4,ALPA4,consumo,0.8175723424282648,0.3249034397849679,3.5805,0.1695754,246,2017-12-28,2018-01-02,AMPLO_PROXY,2018
ALUP11,ALUP11,ALUP11,energia,0.10378234887265525,0.20476077803788667,0.9544,0.11391949,246,2017-12-28,2018-01-02,AMPLO_PROXY,2018
AMER3,AMER3,AMER3,varejo,1.0579025428919069,0.5279981626984992,2.3632,0.02992621,246,2017-12-28,2018-01-02,AMPLO_PROXY,2018
AZZA3,AZZA3,AZZA3,consumo,1.2987795360648375,0.3921948362863767,7.791,0.24401487,246,2017-12-28,2018-01-02,AMPLO_PROXY,2018
B3SA3,B3SA3,B3SA3,financeiro,0.42861396812489594,0.25294455085573186,1.8982,0.04494101,246,2017-12-28,2018-01-02,AMPLO_PROXY,2018
BBAS3,BBAS3,BBAS3,banco,0.19182068890716475,0.3802378024294493,1.0791,0.13605769,246,2017-12-28,2018-01-02,AMPLO_PROXY,2018
BBDC4,BBDC4,BBDC4,banco,0.34384134992597626,0.27034215330809397,1.8674,0.21846475,246,2017-12-28,2018-01-02,AMPLO_PROXY,2018
BBSE3,BBSE3,BBSE3,seguro,0.08718026564797055,0.2529266945646955,5.7517,0.48521801,246,2017-12-28,2018-01-02,AMPLO_PROXY,2018
BEEF3,BEEF3,BEEF3,proteína,-0.08310175690393051,0.26758236857925793,5.9852,0.10432134,246,2017-12-28,2018-01-02,AMPLO_PROXY,2018
BRAP4,BRAP4,BRAP4,mineração,1.0983043299617554,0.45303484963996793,1.1211,0.11328239,246,2017-12-28,2018-01-02,AMPLO_PROXY,2018
BRFS3,BRFS3,BRFS3,proteína,-0.23590814194170495,0.28711185202132444,2.3671,0.02513879,246,2017-12-28,2018-01-02,AMPLO_PROXY,2018
BRKM5,BRKM5,BRKM5,químico,0.2969172339031292,0.3125603574757098,4.8734,0.2051937,246,2017-12-28,2018-01-02,AMPLO_PROXY,2018
BRML3,BRML3,BRML3,shopping,0.2176185279869023,0.33095094784020823,0.9878,-0.03406316,246,2017-12-28,2018-01-02,AMPLO_PROXY,2018
BRPR3,BRPR3,BRPR3,shopping,0.4224834669939941,0.28130907537334665,0.7356,0.02046642,246,2017-12-28,2018-01-02,AMPLO_PROXY,2018
BRSR6,BRSR6,BRSR6,banco,0.46188930579451903,0.4698307626015579,0.9058,0.15120267,246,2017-12-28,2018-01-02,AMPLO_PROXY,2018
MOTV3,CCRO3,MOTV3,transporte,0.0589617923218444,0.30770646509990507,3.4984,0.15027191,246,2017-12-28,2018-01-02,AMPLO_PROXY,2018
CESP6,CESP6,CESP6,energia,0.015608336137360679,0.3263297154575566,0.6125,-0.01095544,246,2017-12-28,2018-01-02,AMPLO_PROXY,2018
CGAS5,CGAS5,CGAS5,químico,0.5745156927116895,0.3115365251731009,2.8691,0.1597913,246,2017-12-28,2018-01-02,AMPLO_PROXY,2018
CIEL3,CIEL3,CIEL3,tecnologia,0.07355341293463358,0.2687340418249513,4.4096,0.16809427,246,2017-12-28,2018-01-02,AMPLO_PROXY,2018
CMIG4,CMIG4,CMIG4,energia,-0.06964561063860797,0.47421440441349777,0.6506,0.04427951,246,2017-12-28,2018-01-02,AMPLO_PROXY,2018
COGN3,COGN3,COGN3,educação,0.4208241942147113,0.339955018234113,2.0028,0.14281146,246,2017-12-28,2018-01-02,AMPLO_PROXY,2018
CPFE3,CPFE3,CPFE3,energia,-0.22731784169596603,0.21833921614342322,1.7753,0.10356924,246,2017-12-28,2018-01-02,AMPLO_PROXY,2018
CPLE6,CPLE6,CPLE6,energia,-0.017245621826920243,0.37336738174422257,0.4344,0.07446937,246,2017-12-28,2018-01-02,AMPLO_PROXY,2018
CSAN3,CSAN3,CSAN3,químico,0.14586030030290753,0.28661990103581625,1.4882,0.09782579,246,2017-12-28,2018-01-02,AMPLO_PROXY,2018
CSMG3,CSMG3,CSMG3,saneamento,0.27009359018846024,0.41918370384457904,0.8791,0.09961435,246,2017-12-28,2018-01-02,AMPLO_PROXY,2018
CSNA3,CSNA3,CSNA3,siderurgico,-0.2283609587742398,0.5213273565653818,1.4275,0.06420009,246,2017-12-28,2018-01-02,AMPLO_PROXY,2018
CVCB3,CVCB3,CVCB3,consumo,1.1314627475694592,0.2895250311932938,10.4629,0.41272622,246,2017-12-28,2018-01-02,AMPLO_PROXY,2018
CYRE3,CYRE3,CYRE3,construção,0.29522196087166264,0.35503418620640603,0.8005,-0.00085346,246,2017-12-28,2018-01-02,AMPLO_PROXY,2018
DIRR3,DIRR3,DIRR3,construção,0.2256037641478248,0.4128445424144505,0.4733,-0.05303557,246,2017-12-28,2018-01-02,AMPLO_PROXY,2018
DXCO3,DXCO3,DXCO3,madeira-papel,0.3968838401554051,0.3940103341164251,1.3556,0.05086475,246,2017-12-28,2018-01-02,AMPLO_PROXY,2018
ECOR3,ECOR3,ECOR3,transporte,0.5743935390899342,0.36790944130788206,8.6916,0.20824067,246,2017-12-28,2018-01-02,AMPLO_PROXY,2018
EGIE3,EGIE3,EGIE3,energia,0.10071990838296085,0.1820186059584335,3.535,0.25623817,246,2017-12-28,2018-01-02,AMPLO_PROXY,2018
AXIA3,ELET3,AXIA3,energia,-0.14044444778503828,0.7274607691588664,0.5586,0.03869197,246,2017-12-28,2018-01-02,AMPLO_PROXY,2018
EMBJ3,EMBR3,EMBJ3,indústria,0.2725774410015145,0.36669902219010236,1.1087,0.06563053,246,2017-12-28,2018-01-02,AMPLO_PROXY,2018
ENBR3,ENBR3,ENBR3,energia,0.0541633540830333,0.2385413185692038,0.9014,0.0941121,246,2017-12-28,2018-01-02,AMPLO_PROXY,2018
ENGI11,ENGI11,ENGI11,energia,0.5091206311185819,0.26554851184754036,1.9362,0.09890378,246,2017-12-28,2018-01-02,AMPLO_PROXY,2018
EQTL3,EQTL3,EQTL3,energia,0.21182470760546468,0.20381195199403862,2.3961,0.1295209,246,2017-12-28,2018-01-02,AMPLO_PROXY,2018
EZTC3,EZTC3,EZTC3,construção,0.6228675674427564,0.3715468567126985,1.172,0.11004719,246,2017-12-28,2018-01-02,AMPLO_PROXY,2018
FLRY3,FLRY3,FLRY3,saúde,0.7364343327478637,0.2981614090832754,5.5606,0.17773042,246,2017-12-28,2018-01-02,AMPLO_PROXY,2018
GFSA3,GFSA3,GFSA3,construção,0.37203952725633416,0.5105201067366257,0.4535,-0.30996675,246,2017-12-28,2018-01-02,AMPLO_PROXY,2018
GGBR4,GGBR4,GGBR4,siderurgico,0.14740650411233314,0.3893601251547361,0.8497,-0.01359321,246,2017-12-28,2018-01-02,AMPLO_PROXY,2018
GOAU4,GOAU4,GOAU4,siderurgico,0.22658746241617655,0.48970412798880003,0.2319,-0.0137222,246,2017-12-28,2018-01-02,AMPLO_PROXY,2018
GRND3,GRND3,GRND3,consumo,0.6667005286359386,0.2895970796640361,2.7991,0.13707188,246,2017-12-28,2018-01-02,AMPLO_PROXY,2018
RIAA3,GUAR3,RIAA3,varejo,1.6398594269304225,0.36644415057145285,2.5026,0.14328618,246,2017-12-28,2018-01-02,AMPLO_PROXY,2018
HGTX3,HGTX3,HGTX3,consumo,0.7374282607253637,0.3795105754621345,3.489,0.14902077,246,2017-12-28,2018-01-02,AMPLO_PROXY,2018
HYPE3,HYPE3,HYPE3,saúde,0.4067341188244782,0.21409654411330672,2.832,0.13260361,246,2017-12-28,2018-01-02,AMPLO_PROXY,2018
ITSA3,ITSA3,ITSA3,financeiro,0.3769025209900805,0.23496321896725947,1.4389,0.14511099,246,2017-12-28,2018-01-02,AMPLO_PROXY,2018
ITUB4,ITUB4,ITUB4,banco,0.3175868241007527,0.24749096378926327,1.9274,0.24636894,246,2017-12-28,2018-01-02,AMPLO_PROXY,2018
KLBN11,KLBN11,KLBN11,madeira-papel,0.06058982531975299,0.26941295078196376,2.1501,0.05059677,246,2017-12-28,2018-01-02,AMPLO_PROXY,2018
LAME4,LAME4,LAME4,varejo,0.026749662225131976,0.3336365208636525,4.5819,0.09280682,246,2017-12-28,2018-01-02,AMPLO_PROXY,2018
LEVE3,LEVE3,LEVE3,indústria,0.19268950198961288,0.3306272760289118,2.2733,0.03186426,246,2017-12-28,2018-01-02,AMPLO_PROXY,2018
LIGT3,LIGT3,LIGT3,energia,-0.049544357464834876,0.4873806449013032,1.0097,0.08192785,246,2017-12-28,2018-01-02,AMPLO_PROXY,2018
LINX3,LINX3,LINX3,tecnologia,0.2368286485927884,0.27913082459476796,3.0186,0.05272729,246,2017-12-28,2018-01-02,AMPLO_PROXY,2018
LREN3,LREN3,LREN3,varejo,0.7103822343669364,0.2887890083920467,8.6514,0.22796433,246,2017-12-28,2018-01-02,AMPLO_PROXY,2018
MDIA3,MDIA3,MDIA3,consumo,0.41442966623542365,0.3253324874721177,3.64,0.16943809,246,2017-12-28,2018-01-02,AMPLO_PROXY,2018
MEAL3,MEAL3,MEAL3,consumo,0.8451438736963515,0.3913373498071205,1.4017,-0.01047032,246,2017-12-28,2018-01-02,AMPLO_PROXY,2018
MGLU3,MGLU3,MGLU3,varejo,5.378244707552729,0.7105562335733014,17.5923,0.32361661,246,2017-12-28,2018-01-02,AMPLO_PROXY,2018
MBRF3,MRFG3,MBRF3,proteína,0.14374999705440805,0.3447355560965991,1.6136,0.06807276,246,2017-12-28,2018-01-02,AMPLO_PROXY,2018
MRVE3,MRVE3,MRVE3,construção,0.42881373238492837,0.2966197459842591,1.1519,0.06230981,246,2017-12-28,2018-01-02,AMPLO_PROXY,2018
MULT3,MULT3,MULT3,shopping,0.22499149763433546,0.25569526321334274,2.7518,0.07926966,246,2017-12-28,2018-01-02,AMPLO_PROXY,2018
MYPK3,MYPK3,MYPK3,indústria,1.0252565949420007,0.375332587648262,1.266,0.09278715,246,2017-12-28,2018-01-02,AMPLO_PROXY,2018
NATU3,NTCO3,NATU3,consumo,0.48740097677045524,0.37381711671333034,10.073,0.11736199,246,2017-12-28,2018-01-02,AMPLO_PROXY,2018
OIBR4,OIBR4,OIBR4,telecom,0.5021645021335599,0.7009767481540117,0.2715,-0.00352296,246,2017-12-28,2018-01-02,AMPLO_PROXY,2018
PDGR3,PDGR3,PDGR3,construção,0.4934210524357354,0.8768906034184017,-0.0249,-2.37643448,246,2017-12-28,2018-01-02,AMPLO_PROXY,2018
PETR4,PETR4,PETR4,petróleo,0.09822660130222349,0.36145236695219646,0.794,0.07891738,246,2017-12-28,2018-01-02,AMPLO_PROXY,2018
POMO4,POMO4,POMO4,transporte,0.44192069428985903,0.368789005221926,1.9457,0.00923003,246,2017-12-28,2018-01-02,AMPLO_PROXY,2018
PSSA3,PSSA3,PSSA3,seguro,0.41248154487064936,0.26094665692096336,1.5532,0.03122837,246,2017-12-28,2018-01-02,AMPLO_PROXY,2018
QUAL3,QUAL3,QUAL3,saúde,0.7313752550521209,0.3391567658820447,3.8766,0.20398924,246,2017-12-28,2018-01-02,AMPLO_PROXY,2018
RADL3,RADL3,RADL3,saúde,0.5272297727332875,0.23858807487940856,9.7259,0.19515233,246,2017-12-28,2018-01-02,AMPLO_PROXY,2018
RAPT4,RAPT4,RAPT4,indústria,1.0665103945350691,0.46896404486362425,1.2515,0.02876799,246,2017-12-28,2018-01-02,AMPLO_PROXY,2018
RENT3,RENT3,RENT3,transporte,1.018224992249948,0.29151265719577163,1.9327,0.11829825,246,2017-12-28,2018-01-02,AMPLO_PROXY,2018
SANB11,SANB11,SANB11,banco,0.14652824944473442,0.33317450967613615,1.3178,0.13622155,246,2017-12-28,2018-01-02,AMPLO_PROXY,2018
SBSP3,SBSP3,SBSP3,saneamento,0.25621001723426273,0.30653144249500297,1.3592,0.13161561,246,2017-12-28,2018-01-02,AMPLO_PROXY,2018
SEER3,SEER3,SEER3,educação,0.7260859852114467,0.36556204303727935,3.4169,0.20113831,246,2017-12-28,2018-01-02,AMPLO_PROXY,2018
SLCE3,SLCE3,SLCE3,agrícola,1.0010562414914879,0.27557691687259617,0.9397,0.13798597,246,2017-12-28,2018-01-02,AMPLO_PROXY,2018
SMTO3,SMTO3,SMTO3,agrícola,0.0197992063441641,0.25830705838928264,2.0776,0.09611563,246,2017-12-28,2018-01-02,AMPLO_PROXY,2018
SULA11,SULA11,SULA11,seguro,0.2485881567103092,0.2693220623176878,1.3261,0.03285269,246,2017-12-28,2018-01-02,AMPLO_PROXY,2018
SUZB3,SUZB3,SUZB3,madeira-papel,-0.05645349107494424,0.11913956189867272,1.7585,0.06338963,246,2017-12-28,2018-01-02,AMPLO_PROXY,2018
TAEE11,TAEE11,TAEE11,energia,0.0808750118952195,0.23087419109134277,1.7275,0.10943317,246,2017-12-28,2018-01-02,AMPLO_PROXY,2018
TIMS3,TIMS3,TIMS3,telecom,0.7165464268741959,0.22382897330185123,1.7787,0.07566845,246,2017-12-28,2018-01-02,AMPLO_PROXY,2018
TOTS3,TOTS3,TOTS3,tecnologia,0.28184926973608526,0.276187299899251,3.8599,0.07411185,246,2017-12-28,2018-01-02,AMPLO_PROXY,2018
ISAE4,TRPL4,ISAE4,energia,0.08771020238640181,0.20332912808779502,0.9674,0.15961343,246,2017-12-28,2018-01-02,AMPLO_PROXY,2018
TUPY3,TUPY3,TUPY3,indústria,0.5772603979112585,0.3160781777236207,1.2882,-0.03304949,246,2017-12-28,2018-01-02,AMPLO_PROXY,2018
UGPA3,UGPA3,UGPA3,químico,0.1330722052822002,0.2061790162227506,4.4511,0.13310083,246,2017-12-28,2018-01-02,AMPLO_PROXY,2018
USIM5,USIM5,USIM5,siderurgico,1.2303923104163141,0.5381479900499436,0.7284,0.04833911,246,2017-12-28,2018-01-02,AMPLO_PROXY,2018
VALE3,VALE3,VALE3,mineração,0.6778742198321248,0.38850318982297943,1.4268,0.17140342,246,2017-12-28,2018-01-02,AMPLO_PROXY,2018
VIVT4,VIVT4,VIVT4,telecom,0.1652656460582662,0.16658408082621973,1.1812,0.08593776,246,2017-12-28,2018-01-02,AMPLO_PROXY,2018
VLID3,VLID3,VLID3,tecnologia,-0.13984297883675356,0.32483926487592046,1.3283,0.05177774,246,2017-12-28,2018-01-02,AMPLO_PROXY,2018
WEGE3,WEGE3,WEGE3,indústria,0.6272560755513203,0.2595498159049798,5.9708,0.10911526,246,2017-12-28,2018-01-02,AMPLO_PROXY,2018
WIZC3,WIZC3,WIZC3,financeiro,-0.08891927041970071,0.46736364467396946,13.5783,1.80318251,246,2017-12-28,2018-01-02,AMPLO_PROXY,2018
YDUQ3,YDUQ3,YDUQ3,educação,1.1611784565223306,0.46024342768731,3.4173,0.18862625,246,2017-12-28,2018-01-02,AMPLO_PROXY,2018
ABEV3,ABEV3,ABEV3,indústria,-0.2677610997722888,0.2165837474673705,4.0281,0.26228685,245,2018-12-28,2019-01-02,AMPLO_PROXY,2019
AESB3,AESB3,AESB3,energia,-0.1582954251038593,0.23827548304278706,2.5938,0.11785063,245,2018-12-28,2019-01-02,AMPLO_PROXY,2019
ALPA4,ALPA4,ALPA4,consumo,-0.002021436197533477,0.38640087355593417,3.3988,0.13401068,245,2018-12-28,2019-01-02,AMPLO_PROXY,2019
ALUP11,ALUP11,ALUP11,energia,0.03908091972170302,0.18386422560737295,0.8297,0.11884054,245,2018-12-28,2019-01-02,AMPLO_PROXY,2019
AMER3,AMER3,AMER3,varejo,1.1009999506837418,0.5498393195858468,5.3346,0.00317916,245,2018-12-28,2019-01-02,AMPLO_PROXY,2019
AZUL3,AZUL4,AZUL3,aviação,0.3259668510610325,0.4421676591584653,15.3134,0.08177195,245,2018-12-28,2019-01-02,AMPLO_PROXY,2019
AZZA3,AZZA3,AZZA3,consumo,0.005277393209164094,0.39159727704980246,6.9693,0.20853159,245,2018-12-28,2019-01-02,AMPLO_PROXY,2019
B3SA3,B3SA3,B3SA3,financeiro,0.2061630595312005,0.33889829222353485,2.2006,0.07019029,245,2018-12-28,2019-01-02,AMPLO_PROXY,2019
BBAS3,BBAS3,BBAS3,banco,0.4869271363295784,0.41640455586977526,1.3961,0.1773544,245,2018-12-28,2019-01-02,AMPLO_PROXY,2019
BBDC4,BBDC4,BBDC4,banco,0.261751684438444,0.32702007992528104,2.2366,0.19673735,245,2018-12-28,2019-01-02,AMPLO_PROXY,2019
BBSE3,BBSE3,BBSE3,seguro,0.07639601175812838,0.2566515054340382,5.435,0.42636141,245,2018-12-28,2019-01-02,AMPLO_PROXY,2019
BEEF3,BEEF3,BEEF3,proteína,-0.5417814982902438,0.40881140380973424,-0.8143,0.06006457,245,2018-12-28,2019-01-02,AMPLO_PROXY,2019
BPAC11,BPAC11,BPAC11,banco,0.3363934610377166,0.2811149445454577,1.0948,-0.11260394,245,2018-12-28,2019-01-02,AMPLO_PROXY,2019
BRAP4,BRAP4,BRAP4,mineração,0.10896888189106013,0.3793455881888054,1.2042,0.07470423,245,2018-12-28,2019-01-02,AMPLO_PROXY,2019
BRFS3,BRFS3,BRFS3,proteína,-0.4115910919276511,0.4811158963985963,1.9256,-0.01936052,245,2018-12-28,2019-01-02,AMPLO_PROXY,2019
BRKM5,BRKM5,BRKM5,químico,0.17754040181118924,0.3802802418844324,5.882,0.29542664,245,2018-12-28,2019-01-02,AMPLO_PROXY,2019
BRML3,BRML3,BRML3,shopping,0.06222517283120044,0.3255002612112701,1.0628,-0.02914407,245,2018-12-28,2019-01-02,AMPLO_PROXY,2019
BRSR6,BRSR6,BRSR6,banco,0.6813120240028305,0.3902751057237216,1.2515,0.28950352,245,2018-12-28,2019-01-02,AMPLO_PROXY,2019
MOTV3,CCRO3,MOTV3,transporte,-0.2864775627237738,0.3898783549592688,2.3172,0.11853303,245,2018-12-28,2019-01-02,AMPLO_PROXY,2019
CESP6,CESP6,CESP6,energia,0.6677380584305581,0.34148992053723687,0.971,0.01582891,245,2018-12-28,2019-01-02,AMPLO_PROXY,2019
CIEL3,CIEL3,CIEL3,tecnologia,-0.5913776771583863,0.4007057379378725,1.6063,0.15320368,245,2018-12-28,2019-01-02,AMPLO_PROXY,2019
CMIG4,CMIG4,CMIG4,energia,1.1395722669906765,0.43455455656559466,1.3498,0.11383412,245,2018-12-28,2019-01-02,AMPLO_PROXY,2019
COGN3,COGN3,COGN3,educação,-0.49925818990261595,0.47496568536295164,0.908,0.06729273,245,2018-12-28,2019-01-02,AMPLO_PROXY,2019
CPFE3,CPFE3,CPFE3,energia,0.5016680239052682,0.19857750962919507,2.3333,0.11928358,245,2018-12-28,2019-01-02,AMPLO_PROXY,2019
CPLE6,CPLE6,CPLE6,energia,0.31975721372537946,0.3436987515886953,0.5057,0.082006,245,2018-12-28,2019-01-02,AMPLO_PROXY,2019
CRFB3,CRFB3,CRFB3,supermercado,0.1950817002458891,0.2950447292425126,2.603,0.18083497,245,2018-12-28,2019-01-02,AMPLO_PROXY,2019
CSAN3,CSAN3,CSAN3,químico,-0.19105226083113047,0.3588193807313311,1.3402,0.13171035,245,2018-12-28,2019-01-02,AMPLO_PROXY,2019
CSMG3,CSMG3,CSMG3,saneamento,0.5298197617144635,0.31700710112253144,1.2582,0.09555583,245,2018-12-28,2019-01-02,AMPLO_PROXY,2019
CSNA3,CSNA3,CSNA3,siderurgico,0.01843317965335367,0.4976610327628359,1.3947,0.17598131,245,2018-12-28,2019-01-02,AMPLO_PROXY,2019
CVCB3,CVCB3,CVCB3,consumo,0.2372805645104592,0.40001525869630933,8.3452,0.20684418,245,2018-12-28,2019-01-02,AMPLO_PROXY,2019
CYRE3,CYRE3,CYRE3,construção,0.25678834569098363,0.37895753784171166,1.0521,-0.00286793,245,2018-12-28,2019-01-02,AMPLO_PROXY,2019
DXCO3,DXCO3,DXCO3,madeira-papel,0.35470412016569086,0.40828834055665414,1.5128,0.13197051,245,2018-12-28,2019-01-02,AMPLO_PROXY,2019
ECOR3,ECOR3,ECOR3,transporte,-0.1883230024893483,0.40604695169908717,6.7081,0.1469419,245,2018-12-28,2019-01-02,AMPLO_PROXY,2019
EGIE3,EGIE3,EGIE3,energia,0.36448652333548903,0.20747144141842014,3.2563,0.2245164,245,2018-12-28,2019-01-02,AMPLO_PROXY,2019
AXIA3,ELET3,AXIA3,energia,0.2895159624192265,0.6511996417730939,0.7495,0.0161618,245,2018-12-28,2019-01-02,AMPLO_PROXY,2019
EMBJ3,EMBR3,EMBJ3,indústria,0.0627079470002101,0.3704304703751734,1.0016,0.01249633,245,2018-12-28,2019-01-02,AMPLO_PROXY,2019
ENAT3,ENAT3,ENAT3,petróleo,-0.07722161435557306,0.5142780539747641,0.7979,0.15235972,245,2018-12-28,2019-01-02,AMPLO_PROXY,2019
ENBR3,ENBR3,ENBR3,energia,0.07764814207598314,0.3352760636357432,0.9317,0.11728909,245,2018-12-28,2019-01-02,AMPLO_PROXY,2019
ENGI11,ENGI11,ENGI11,energia,0.4169494488788159,0.2505084176485322,2.8583,0.11727664,245,2018-12-28,2019-01-02,AMPLO_PROXY,2019
EQTL3,EQTL3,EQTL3,energia,0.15414696552175822,0.2381800969594324,2.3702,0.10233513,245,2018-12-28,2019-01-02,AMPLO_PROXY,2019
EZTC3,EZTC3,EZTC3,construção,0.16041064923600978,0.38026519150816573,1.5784,-0.00209508,245,2018-12-28,2019-01-02,AMPLO_PROXY,2019
FLRY3,FLRY3,FLRY3,saúde,-0.3109247173486219,0.3313866001886197,3.6149,0.16201911,245,2018-12-28,2019-01-02,AMPLO_PROXY,2019
GFSA3,GFSA3,GFSA3,construção,-0.16129031292127527,0.4664401057829144,0.8506,-0.28771723,245,2018-12-28,2019-01-02,AMPLO_PROXY,2019
GGBR4,GGBR4,GGBR4,siderurgico,0.17022052216736405,0.42362767404714674,0.9426,0.05000401,245,2018-12-28,2019-01-02,AMPLO_PROXY,2019
GOAU4,GOAU4,GOAU4,siderurgico,0.17765573297341342,0.3971881803002966,0.2589,0.04933108,245,2018-12-28,2019-01-02,AMPLO_PROXY,2019
HGTX3,HGTX3,HGTX3,consumo,0.17542272284575544,0.39783139945346513,3.6158,0.14211736,245,2018-12-28,2019-01-02,AMPLO_PROXY,2019
HYPE3,HYPE3,HYPE3,saúde,-0.13316347519161342,0.27697015008510734,2.3356,0.1356516,245,2018-12-28,2019-01-02,AMPLO_PROXY,2019
IRBR3,IRBR3,IRBR3,seguro,1.597599253454955,0.27710521200565796,6.8511,0.24022013,245,2018-12-28,2019-01-02,AMPLO_PROXY,2019
ITSA4,ITSA4,ITSA4,financeiro,0.2990004465286864,0.3235414405136823,1.8109,0.15770978,245,2018-12-28,2019-01-02,AMPLO_PROXY,2019
ITUB4,ITUB4,ITUB4,banco,0.29510520107937266,0.2981149099316833,1.5865,0.17331116,245,2018-12-28,2019-01-02,AMPLO_PROXY,2019
KLBN11,KLBN11,KLBN11,madeira-papel,-0.07663998227590751,0.22202054398239063,2.7768,0.09243247,245,2018-12-28,2019-01-02,AMPLO_PROXY,2019
LAME4,LAME4,LAME4,varejo,0.19228023816020579,0.3550085911103896,5.1092,0.07913831,245,2018-12-28,2019-01-02,AMPLO_PROXY,2019
LIGT3,LIGT3,LIGT3,energia,-0.011261738612290961,0.4752138048780595,1.0085,0.0888605,245,2018-12-28,2019-01-02,AMPLO_PROXY,2019
LINX3,LINX3,LINX3,tecnologia,0.5390831104491574,0.4605676834009952,4.7237,0.07227663,245,2018-12-28,2019-01-02,AMPLO_PROXY,2019
LREN3,LREN3,LREN3,varejo,0.21583894847025675,0.34457645894123357,8.414,0.23410776,245,2018-12-28,2019-01-02,AMPLO_PROXY,2019
MDIA3,MDIA3,MDIA3,consumo,-0.14509477537228221,0.3575930039118904,2.634,0.10989381,245,2018-12-28,2019-01-02,AMPLO_PROXY,2019
MGLU3,MGLU3,MGLU3,varejo,1.289650669195212,0.48177899025030807,14.806,0.36147868,245,2018-12-28,2019-01-02,AMPLO_PROXY,2019
MBRF3,MRFG3,MBRF3,proteína,-0.2520547946303202,0.462563376278102,1.5054,0.04928913,245,2018-12-28,2019-01-02,AMPLO_PROXY,2019
MRVE3,MRVE3,MRVE3,construção,-0.021025932599199604,0.34211971678522934,0.9135,0.07884451,245,2018-12-28,2019-01-02,AMPLO_PROXY,2019
MULT3,MULT3,MULT3,shopping,0.02687202303160663,0.2900277978116604,2.7229,0.09213564,245,2018-12-28,2019-01-02,AMPLO_PROXY,2019
MYPK3,MYPK3,MYPK3,indústria,0.06750767029999416,0.3340725050371982,1.1147,0.1106374,245,2018-12-28,2019-01-02,AMPLO_PROXY,2019
NATU3,NTCO3,NATU3,consumo,0.4067790930611084,0.3691905106607644,7.7452,0.10500366,245,2018-12-28,2019-01-02,AMPLO_PROXY,2019
OIBR3,OIBR3,OIBR3,telecom,-0.5347369470492405,0.6093265015445112,0.1098,-0.0589337,245,2018-12-28,2019-01-02,AMPLO_PROXY,2019
PARD3,PARD3,PARD3,saúde,-0.4316786648098184,0.4035400940480602,4.1179,0.20718952,245,2018-12-28,2019-01-02,AMPLO_PROXY,2019
PETR4,PETR4,PETR4,petróleo,0.42959491985512166,0.5262088302304117,0.9989,0.0806902,245,2018-12-28,2019-01-02,AMPLO_PROXY,2019
POMO4,POMO4,POMO4,transporte,0.06911711390916819,0.39281649395042034,1.7715,0.06904922,245,2018-12-28,2019-01-02,AMPLO_PROXY,2019
PSSA3,PSSA3,PSSA3,seguro,0.5353155973047599,0.3246629551369174,2.2053,0.14552338,245,2018-12-28,2019-01-02,AMPLO_PROXY,2019
QUAL3,QUAL3,QUAL3,saúde,-0.5656763338994515,0.5126963474137802,1.5933,0.21664362,245,2018-12-28,2019-01-02,AMPLO_PROXY,2019
RADL3,RADL3,RADL3,saúde,-0.36233305195680077,0.31485802467762136,5.5442,0.17949963,245,2018-12-28,2019-01-02,AMPLO_PROXY,2019
RAIL3,RAIL3,RAIL3,transporte,0.30869892743735905,0.3623908461321225,3.2441,0.0920517,245,2018-12-28,2019-01-02,AMPLO_PROXY,2019
RAPT4,RAPT4,RAPT4,indústria,0.2415271961793739,0.47248513860895414,1.5548,0.07752526,245,2018-12-28,2019-01-02,AMPLO_PROXY,2019
RENT3,RENT3,RENT3,transporte,0.32462521678578526,0.3978874370666043,6.654,0.11261642,245,2018-12-28,2019-01-02,AMPLO_PROXY,2019
SANB11,SANB11,SANB11,banco,0.38567322401908877,0.3448407209005279,1.7359,0.12601004,245,2018-12-28,2019-01-02,AMPLO_PROXY,2019
SAPR11,SAPR11,SAPR11,saneamento,0.08146754621887231,0.23627940066865513,1.1468,0.15653375,245,2018-12-28,2019-01-02,AMPLO_PROXY,2019
SBSP3,SBSP3,SBSP3,saneamento,-0.0625538061024572,0.33375818413919545,1.146,0.13237561,245,2018-12-28,2019-01-02,AMPLO_PROXY,2019
SEER3,SEER3,SEER3,educação,-0.49485861149716837,0.4420213749656798,1.3485,0.11381719,245,2018-12-28,2019-01-02,AMPLO_PROXY,2019
SLCE3,SLCE3,SLCE3,agrícola,0.5897851097303639,0.4743486336359991,1.4434,0.18000983,245,2018-12-28,2019-01-02,AMPLO_PROXY,2019
SMLS3,SMLS3,SMLS3,consumo,-0.4131047918193943,0.6031590550265541,5.4768,0.69339907,245,2018-12-28,2019-01-02,AMPLO_PROXY,2019
SMTO3,SMTO3,SMTO3,agrícola,-0.023907230125495005,0.2364270813247726,1.9591,0.10703323,245,2018-12-28,2019-01-02,AMPLO_PROXY,2019
SULA11,SULA11,SULA11,seguro,0.5567490586314061,0.31901901315873665,1.8214,0.11156513,245,2018-12-28,2019-01-02,AMPLO_PROXY,2019
SUZB3,SUZB3,SUZB3,madeira-papel,1.036396294262484,0.5057323223072246,3.9119,0.15115807,245,2018-12-28,2019-01-02,AMPLO_PROXY,2019
TAEE11,TAEE11,TAEE11,energia,0.2541993320593068,0.22228752160114443,1.801,0.16622433,245,2018-12-28,2019-01-02,AMPLO_PROXY,2019
TEND3,TEND3,TEND3,construção,0.6452399799644404,0.3162927344077189,1.3089,0.12073243,245,2018-12-28,2019-01-02,AMPLO_PROXY,2019
TIMS3,TIMS3,TIMS3,telecom,-0.08683325727888846,0.32815159243269754,1.4675,0.10707904,245,2018-12-28,2019-01-02,AMPLO_PROXY,2019
TOTS3,TOTS3,TOTS3,tecnologia,-0.09240440635031844,0.30948017156486896,3.3341,0.1022346,245,2018-12-28,2019-01-02,AMPLO_PROXY,2019
ISAE4,TRPL4,ISAE4,energia,0.22955287159967463,0.22021702817181046,0.9875,0.13470019,245,2018-12-28,2019-01-02,AMPLO_PROXY,2019
TUPY3,TUPY3,TUPY3,indústria,0.1454136714228209,0.3231928963977178,1.2964,0.08983298,245,2018-12-28,2019-01-02,AMPLO_PROXY,2019
UGPA3,UGPA3,UGPA3,químico,-0.2912486618727297,0.39708417889779435,3.0211,0.07750291,245,2018-12-28,2019-01-02,AMPLO_PROXY,2019
USIM5,USIM5,USIM5,siderurgico,-0.03537308556098406,0.516000642284722,0.7306,0.05400529,245,2018-12-28,2019-01-02,AMPLO_PROXY,2019
VALE3,VALE3,VALE3,mineração,0.2719576754039865,0.3285891571139222,1.5789,0.16900061,245,2018-12-28,2019-01-02,AMPLO_PROXY,2019
VBBR3,VBBR3,VBBR3,transporte,0.18073065215782091,0.49124820444646244,3.1791,0.17855481,197,2018-12-28,2019-01-02,AMPLO_PROXY,2019
VIVT4,VIVT4,VIVT4,telecom,0.03599876866402596,0.27432063191679323,1.0925,0.12220791,245,2018-12-28,2019-01-02,AMPLO_PROXY,2019
VLID3,VLID3,VLID3,tecnologia,-0.0052921344407899085,0.3856810116345835,1.1513,0.07675118,245,2018-12-28,2019-01-02,AMPLO_PROXY,2019
WEGE3,WEGE3,WEGE3,indústria,-0.07240237872702127,0.2822276276650048,4.7328,0.11222739,245,2018-12-28,2019-01-02,AMPLO_PROXY,2019
YDUQ3,YDUQ3,YDUQ3,educação,-0.24852909236419518,0.4563421391517641,2.283,0.20691772,245,2018-12-28,2019-01-02,AMPLO_PROXY,2019
ZAMP3,ZAMP3,ZAMP3,consumo,0.16999750245487988,0.3026850629856443,2.7673,0.0409901,245,2018-12-28,2019-01-02,AMPLO_PROXY,2019
ABEV3,ABEV3,ABEV3,indústria,0.18639964681967913,0.26393937834736264,4.3819,0.2382686,248,2019-12-30,2020-01-02,AMPLO_PROXY,2020
ALPA4,ALPA4,ALPA4,consumo,1.3714285711847456,0.28423044258337743,7.3842,0.11260556,248,2019-12-30,2020-01-02,AMPLO_PROXY,2020
ALUP11,ALUP11,ALUP11,energia,0.5072938681693377,0.2157254594017956,1.0786,0.1394033,248,2019-12-30,2020-01-02,AMPLO_PROXY,2020
AMER3,AMER3,AMER3,varejo,0.47899648803445216,0.503307174455003,5.1153,-0.00117087,248,2019-12-30,2020-01-02,AMPLO_PROXY,2020
AZUL3,AZUL4,AZUL3,aviação,0.6041838702871447,0.36248462850543056,-113.7086,0.5460199,248,2019-12-30,2020-01-02,AMPLO_PROXY,2020
AZZA3,AZZA3,AZZA3,consumo,0.18824811949800857,0.26708098361351895,8.1916,0.22026414,248,2019-12-30,2020-01-02,AMPLO_PROXY,2020
B3SA3,B3SA3,B3SA3,financeiro,0.5785448353663225,0.33788486922102706,3.4643,0.09462749,248,2019-12-30,2020-01-02,AMPLO_PROXY,2020
BBAS3,BBAS3,BBAS3,banco,0.14451967255444131,0.30275434736723755,1.558,0.21166048,248,2019-12-30,2020-01-02,AMPLO_PROXY,2020
BBDC4,BBDC4,BBDC4,banco,0.13748484401133987,0.2601664993926376,2.1005,0.18108347,248,2019-12-30,2020-01-02,AMPLO_PROXY,2020
BBSE3,BBSE3,BBSE3,seguro,0.39910176924322815,0.23021065382826736,7.1211,0.79398455,248,2019-12-30,2020-01-02,AMPLO_PROXY,2020
BEEF3,BEEF3,BEEF3,proteína,1.5275589546010218,0.37961792824366236,-6.2532,0.14526879,248,2019-12-30,2020-01-02,AMPLO_PROXY,2020
BHIA3,BHIA3,BHIA3,varejo,1.5502282745027771,0.5204906586196473,9.8405,-0.03801046,248,2019-12-30,2020-01-02,AMPLO_PROXY,2020
BPAC11,BPAC11,BPAC11,banco,2.1496735497902932,0.47264068873724985,3.1986,0.30213212,248,2019-12-30,2020-01-02,AMPLO_PROXY,2020
BPAN4,BPAN4,BPAN4,banco,4.376318735019776,0.7056560082679778,2.6442,0.12002341,248,2019-12-30,2020-01-02,AMPLO_PROXY,2020
BRAP4,BRAP4,BRAP4,mineração,0.28079728328236353,0.39073798334067145,1.3056,0.18920358,248,2019-12-30,2020-01-02,AMPLO_PROXY,2020
BRFS3,BRFS3,BRFS3,proteína,0.5728328865478363,0.3706118948296213,3.8512,0.08961451,248,2019-12-30,2020-01-02,AMPLO_PROXY,2020
BRKM5,BRKM5,BRKM5,químico,-0.36471053683134913,0.3798641673045782,3.8292,0.13698222,248,2019-12-30,2020-01-02,AMPLO_PROXY,2020
BRML3,BRML3,BRML3,shopping,0.43471997087207703,0.26336525521916787,1.3725,0.16671292,248,2019-12-30,2020-01-02,AMPLO_PROXY,2020
BRSR6,BRSR6,BRSR6,banco,-0.001238664215394203,0.3079480249408564,1.145,0.18487287,248,2019-12-30,2020-01-02,AMPLO_PROXY,2020
MOTV3,CCRO3,MOTV3,transporte,0.6643559677698154,0.3304804270081875,4.2782,0.10131689,248,2019-12-30,2020-01-02,AMPLO_PROXY,2020
CESP6,CESP6,CESP6,energia,0.5058658208526714,0.21138022013279678,1.5071,0.02478971,248,2019-12-30,2020-01-02,AMPLO_PROXY,2020
CIEL3,CIEL3,CIEL3,tecnologia,-0.08234925965657947,0.49258540596419137,2.442,0.08483835,248,2019-12-30,2020-01-02,AMPLO_PROXY,2020
CMIG4,CMIG4,CMIG4,energia,0.01568139008106395,0.27391621507371333,1.1683,0.08623651,248,2019-12-30,2020-01-02,AMPLO_PROXY,2020
COGN3,COGN3,COGN3,educação,0.25032975297121296,0.41752316748899837,1.1631,0.03228401,248,2019-12-30,2020-01-02,AMPLO_PROXY,2020
CPFE3,CPFE3,CPFE3,energia,0.24850781246238518,0.206831413866064,2.9392,0.12756207,248,2019-12-30,2020-01-02,AMPLO_PROXY,2020
CPLE6,CPLE6,CPLE6,energia,1.3432748896740438,0.30913393604740796,1.0623,0.10661949,248,2019-12-30,2020-01-02,AMPLO_PROXY,2020
CRFB3,CRFB3,CRFB3,supermercado,0.24774042267730745,0.2579834451893446,3.2979,0.15282819,248,2019-12-30,2020-01-02,AMPLO_PROXY,2020
CSAN3,CSAN3,CSAN3,químico,0.9913341432832528,0.30577542354308906,2.491,0.1812268,248,2019-12-30,2020-01-02,AMPLO_PROXY,2020
CSMG3,CSMG3,CSMG3,saneamento,0.09566219243006602,0.2880998627242164,1.3002,0.10564842,248,2019-12-30,2020-01-02,AMPLO_PROXY,2020
CSNA3,CSNA3,CSNA3,siderurgico,0.6412684894140304,0.47016138471368385,1.9403,0.10009174,248,2019-12-30,2020-01-02,AMPLO_PROXY,2020
CVCB3,CVCB3,CVCB3,consumo,-0.2758583262149581,0.3842109140672633,4.652,0.1651572,248,2019-12-30,2020-01-02,AMPLO_PROXY,2020
CYRE3,CYRE3,CYRE3,construção,1.0060856190925436,0.3435689192955505,2.0826,0.06575159,248,2019-12-30,2020-01-02,AMPLO_PROXY,2020
DXCO3,DXCO3,DXCO3,madeira-papel,0.4138649484421182,0.29530999515407746,2.4195,0.00642268,248,2019-12-30,2020-01-02,AMPLO_PROXY,2020
ECOR3,ECOR3,ECOR3,transporte,0.6769544499618672,0.321918022121738,24.1468,0.06868421,248,2019-12-30,2020-01-02,AMPLO_PROXY,2020
EGIE3,EGIE3,EGIE3,energia,0.5415817142956882,0.2473904380105526,5.4745,0.19186034,248,2019-12-30,2020-01-02,AMPLO_PROXY,2020
AXIA3,ELET3,AXIA3,energia,0.5983208923733891,0.5213982225697215,0.8047,0.16411218,248,2019-12-30,2020-01-02,AMPLO_PROXY,2020
EMBJ3,EMBR3,EMBJ3,indústria,-0.08402971178591945,0.24508338280787517,0.917,-0.01843415,248,2019-12-30,2020-01-02,AMPLO_PROXY,2020
ENBR3,ENBR3,ENBR3,energia,0.5641703158284708,0.2608860864300241,1.2836,0.11955863,248,2019-12-30,2020-01-02,AMPLO_PROXY,2020
ENEV3,ENEV3,ENEV3,energia,1.614602095777899,0.2569063071297398,2.1089,0.06539407,248,2019-12-30,2020-01-02,AMPLO_PROXY,2020
ENGI11,ENGI11,ENGI11,energia,0.44450908906885567,0.21471056748638276,3.1461,0.13727644,248,2019-12-30,2020-01-02,AMPLO_PROXY,2020
EQTL3,EQTL3,EQTL3,energia,0.5388442674203298,0.22312470981568994,0.5968,0.13436616,248,2019-12-30,2020-01-02,AMPLO_PROXY,2020
EZTC3,EZTC3,EZTC3,construção,1.4531403702388492,0.3434349103537668,3.1186,0.03898185,248,2019-12-30,2020-01-02,AMPLO_PROXY,2020
FLRY3,FLRY3,FLRY3,saúde,0.5925191814789574,0.264737361015893,5.5669,0.1858255,248,2019-12-30,2020-01-02,AMPLO_PROXY,2020
GGBR4,GGBR4,GGBR4,siderurgico,0.34228991980233014,0.3080045524843854,1.2346,0.07556496,248,2019-12-30,2020-01-02,AMPLO_PROXY,2020
GNDI3,GNDI3,GNDI3,saúde,1.319611884373579,0.30747515792859204,13.5259,0.15925705,248,2019-12-30,2020-01-02,AMPLO_PROXY,2020
GOAU4,GOAU4,GOAU4,siderurgico,0.3256215367044797,0.31983856705652175,0.3641,0.07521886,248,2019-12-30,2020-01-02,AMPLO_PROXY,2020
HAPV3,HAPV3,HAPV3,saúde,1.0720582205336524,0.30857643386924993,6.9987,0.11319219,248,2019-12-30,2020-01-02,AMPLO_PROXY,2020
HGTX3,HGTX3,HGTX3,consumo,0.16482154275393834,0.3301475066706432,3.9992,0.13132527,248,2019-12-30,2020-01-02,AMPLO_PROXY,2020
HYPE3,HYPE3,HYPE3,saúde,0.18650442974420356,0.26321951790331277,2.6038,0.13039687,248,2019-12-30,2020-01-02,AMPLO_PROXY,2020
IRBR3,IRBR3,IRBR3,seguro,0.4482218450552795,0.3095927083671867,8.5101,0.20207943,248,2019-12-30,2020-01-02,AMPLO_PROXY,2020
ITSA4,ITSA4,ITSA4,financeiro,0.220906255906256,0.2364611785986421,2.1489,0.15722078,248,2019-12-30,2020-01-02,AMPLO_PROXY,2020
ITUB4,ITUB4,ITUB4,banco,0.08303837945688275,0.24501714214882636,2.5129,0.23496128,248,2019-12-30,2020-01-02,AMPLO_PROXY,2020
KLBN11,KLBN11,KLBN11,madeira-papel,0.19316350617793,0.2525941387716935,3.123,0.09753016,248,2019-12-30,2020-01-02,AMPLO_PROXY,2020
LAME4,LAME4,LAME4,varejo,0.33238641265061797,0.33829025212792596,5.9063,0.06878607,248,2019-12-30,2020-01-02,AMPLO_PROXY,2020
LCAM3,LCAM3,LCAM3,transporte,0.7902984015341747,0.28822899997980284,1.2371,0.10421946,248,2019-12-30,2020-01-02,AMPLO_PROXY,2020
LIGT3,LIGT3,LIGT3,energia,0.4401753618329671,0.3282980202153667,1.045,0.1100217,248,2019-12-30,2020-01-02,AMPLO_PROXY,2020
LINX3,LINX3,LINX3,tecnologia,0.03123258042981414,0.41974452466056683,3.5136,0.03846083,248,2019-12-30,2020-01-02,AMPLO_PROXY,2020
LREN3,LREN3,LREN3,varejo,0.43745610472536356,0.28001325638196356,10.4334,0.25506632,248,2019-12-30,2020-01-02,AMPLO_PROXY,2020
MDIA3,MDIA3,MDIA3,consumo,-0.1514675371547728,0.2840026210238158,2.2278,0.06427744,248,2019-12-30,2020-01-02,AMPLO_PROXY,2020
MGLU3,MGLU3,MGLU3,varejo,1.0603292566496245,0.41026690322789977,22.7734,0.2821066,248,2019-12-30,2020-01-02,AMPLO_PROXY,2020
MOVI3,MOVI3,MOVI3,transporte,1.1690708480961778,0.36690396881294435,2.5325,0.07680419,248,2019-12-30,2020-01-02,AMPLO_PROXY,2020
MBRF3,MRFG3,MBRF3,proteína,0.7628318634407016,0.41573145697132513,1.4338,0.0844021,248,2019-12-30,2020-01-02,AMPLO_PROXY,2020
MRVE3,MRVE3,MRVE3,construção,0.8154853593280813,0.48577988604681827,1.8652,0.09728584,248,2019-12-30,2020-01-02,AMPLO_PROXY,2020
MULT3,MULT3,MULT3,shopping,0.34357086290148176,0.2618229245659716,3.562,0.07978104,248,2019-12-30,2020-01-02,AMPLO_PROXY,2020
MYPK3,MYPK3,MYPK3,indústria,-0.028284908499331074,0.2601759224522463,0.9823,0.10260836,248,2019-12-30,2020-01-02,AMPLO_PROXY,2020
NATU3,NTCO3,NATU3,consumo,0.6873050012210324,0.39464162775096684,10.9466,0.11549501,248,2019-12-30,2020-01-02,AMPLO_PROXY,2020
OIBR3,OIBR3,OIBR3,telecom,-0.31746031751498816,0.6652745085128268,0.2549,-0.21760176,248,2019-12-30,2020-01-02,AMPLO_PROXY,2020
PETR4,PETR4,PETR4,petróleo,0.2960293195106891,0.28433332800441197,1.2709,0.11568786,248,2019-12-30,2020-01-02,AMPLO_PROXY,2020
PRIO3,PRIO3,PRIO3,petróleo,2.192352266558021,0.4545341955952165,3.3044,0.10414681,248,2019-12-30,2020-01-02,AMPLO_PROXY,2020
PSSA3,PSSA3,PSSA3,seguro,0.25468244476902924,0.24764955683741377,2.5196,0.12880005,248,2019-12-30,2020-01-02,AMPLO_PROXY,2020
QUAL3,QUAL3,QUAL3,saúde,2.242008411617767,0.49819607676364913,4.4803,0.19515581,248,2019-12-30,2020-01-02,AMPLO_PROXY,2020
RADL3,RADL3,RADL3,saúde,0.9846536401166728,0.30497933573189256,9.1874,0.19709142,248,2019-12-30,2020-01-02,AMPLO_PROXY,2020
RAIL3,RAIL3,RAIL3,transporte,0.5398230109613649,0.2590557639213843,4.8388,0.10388545,248,2019-12-30,2020-01-02,AMPLO_PROXY,2020
RAPT4,RAPT4,RAPT4,indústria,0.4652773924411362,0.3118930873408066,2.1039,0.10129764,248,2019-12-30,2020-01-02,AMPLO_PROXY,2020
RENT3,RENT3,RENT3,transporte,0.6290546163677435,0.30133780715102676,6.4522,0.10963065,248,2019-12-30,2020-01-02,AMPLO_PROXY,2020
SANB11,SANB11,SANB11,banco,0.1294287570243695,0.2550305702208728,1.8447,0.22762017,248,2019-12-30,2020-01-02,AMPLO_PROXY,2020
SAPR11,SAPR11,SAPR11,saneamento,0.7357634671606086,0.2797615850846286,1.6959,0.16359072,248,2019-12-30,2020-01-02,AMPLO_PROXY,2020
SBSP3,SBSP3,SBSP3,saneamento,0.8060030951220254,0.3741938645129897,1.8986,0.18045192,248,2019-12-30,2020-01-02,AMPLO_PROXY,2020
SLCE3,SLCE3,SLCE3,agrícola,0.1702966460822677,0.37034873462213413,1.5767,0.0950699,248,2019-12-30,2020-01-02,AMPLO_PROXY,2020
SMLS3,SMLS3,SMLS3,consumo,-0.033820848177770646,0.37522500338709097,4.1962,0.6363634,248,2019-12-30,2020-01-02,AMPLO_PROXY,2020
SULA11,SULA11,SULA11,seguro,1.1659851158968455,0.29733110364153315,3.3338,0.09178637,248,2019-12-30,2020-01-02,AMPLO_PROXY,2020
SUZB3,SUZB3,SUZB3,madeira-papel,0.03924305715424681,0.39219871760005065,3.1425,0.03567778,248,2019-12-30,2020-01-02,AMPLO_PROXY,2020
TAEE11,TAEE11,TAEE11,energia,0.37948991285647504,0.18610469469892557,2.1495,0.15644388,248,2019-12-30,2020-01-02,AMPLO_PROXY,2020
TEND3,TEND3,TEND3,construção,0.9155476187604883,0.3350480129010455,2.2487,0.12782196,248,2019-12-30,2020-01-02,AMPLO_PROXY,2020
TIMS3,TIMS3,TIMS3,telecom,0.34134917956383704,0.25982997064339364,30.6897,0.1137517,248,2019-12-30,2020-01-02,AMPLO_PROXY,2020
TOTS3,TOTS3,TOTS3,tecnologia,1.2685876403898124,0.30648627260544636,4.9894,0.07096009,248,2019-12-30,2020-01-02,AMPLO_PROXY,2020
ISAE4,TRPL4,ISAE4,energia,0.37589441168321125,0.2100644951988296,1.2172,0.16152253,248,2019-12-30,2020-01-02,AMPLO_PROXY,2020
UGPA3,UGPA3,UGPA3,químico,-0.038527901282583876,0.3565581066974126,2.7471,0.07547496,248,2019-12-30,2020-01-02,AMPLO_PROXY,2020
USIM5,USIM5,USIM5,siderurgico,-0.009040708892898652,0.36585371958751767,0.7419,0.04027249,248,2019-12-30,2020-01-02,AMPLO_PROXY,2020
VALE3,VALE3,VALE3,mineração,0.07090159670774598,0.39497970587231424,1.5381,0.0974597,248,2019-12-30,2020-01-02,AMPLO_PROXY,2020
VBBR3,VBBR3,VBBR3,transporte,0.29716593410953984,0.3054284860684469,3.6484,0.10238908,248,2019-12-30,2020-01-02,AMPLO_PROXY,2020
VIVT4,VIVT4,VIVT4,telecom,0.30511227465663127,0.18591512098117421,1.3866,0.08251596,248,2019-12-30,2020-01-02,AMPLO_PROXY,2020
WEGE3,WEGE3,WEGE3,indústria,0.9579053397749604,0.25523297375043724,8.5627,0.14722715,248,2019-12-30,2020-01-02,AMPLO_PROXY,2020
YDUQ3,YDUQ3,YDUQ3,educação,0.9470083567704863,0.4150810724282983,4.4739,0.15324075,248,2019-12-30,2020-01-02,AMPLO_PROXY,2020
ZAMP3,ZAMP3,ZAMP3,consumo,-0.13574557205318616,0.316488075013734,2.2984,0.06507639,248,2019-12-30,2020-01-02,AMPLO_PROXY,2020
ABEV3,ABEV3,ABEV3,indústria,-0.16334393100780065,0.46457996978600746,3.0943,0.15995556,248,2020-12-30,2021-01-04,AMPLO_PROXY,2021
ALOS3,ALOS3,ALOS3,shopping,-0.41671659872049294,0.7362505547998521,1.0069,0.06085135,248,2020-12-30,2021-01-04,AMPLO_PROXY,2021
ALPA4,ALPA4,ALPA4,consumo,0.2911250259625089,0.6560312385526423,8.258,0.07302051,249,2020-12-30,2021-01-04,AMPLO_PROXY,2021
AMAR3,AMAR3,AMAR3,varejo,-0.49405646336330766,0.9750569861177292,1.7373,-0.10341809,249,2020-12-30,2021-01-04,AMPLO_PROXY,2021
AMER3,AMER3,AMER3,varejo,0.16394038046603243,0.7945068190550791,4.4376,0.0132163,248,2020-12-30,2021-01-04,AMPLO_PROXY,2021
AZUL3,AZUL4,AZUL3,aviação,-0.3316326530277641,1.1184452199744594,-3.5665,-0.79455542,249,2020-12-30,2021-01-04,AMPLO_PROXY,2021
AZZA3,AZZA3,AZZA3,consumo,0.0760042741347835,0.6033408540737274,8.8938,0.05893352,248,2020-12-30,2021-01-04,AMPLO_PROXY,2021
B3SA3,B3SA3,B3SA3,financeiro,0.41956237421050946,0.5672305523084304,5.0584,0.15621735,248,2020-12-30,2021-01-04,AMPLO_PROXY,2021
BBAS3,BBAS3,BBAS3,banco,-0.2497439448323271,0.6223013356816357,0.9873,0.0,248,2020-12-30,2021-01-04,AMPLO_PROXY,2021
BBDC4,BBDC4,BBDC4,banco,-0.1824444808014194,0.5733043582555655,1.7445,0.0,248,2020-12-30,2021-01-04,AMPLO_PROXY,2021
BBSE3,BBSE3,BBSE3,seguro,-0.12370204227495363,0.407575730094203,9.3057,0.0,249,2020-12-30,2021-01-04,AMPLO_PROXY,2021
BEEF3,BEEF3,BEEF3,proteína,-0.1578915508855041,0.609087660404703,4.5539,0.13453818,248,2020-12-30,2021-01-04,AMPLO_PROXY,2021
BHIA3,BHIA3,BHIA3,varejo,0.3776640570016403,0.9185943295399375,4.5814,0.03689983,248,2020-12-30,2021-01-04,AMPLO_PROXY,2021
BIDI11,BIDI11,BIDI11,banco,1.1558473779484575,0.7590465191549999,7.6742,0.0,249,2020-12-30,2021-01-04,AMPLO_PROXY,2021
BPAC11,BPAC11,BPAC11,banco,0.25727013537841037,0.7874110751402494,3.2699,0.0,248,2020-12-30,2021-01-04,AMPLO_PROXY,2021
BPAN4,BPAN4,BPAN4,banco,-0.09381209114339362,0.8772705505290057,2.1994,0.0,249,2020-12-30,2021-01-04,AMPLO_PROXY,2021
BRAP4,BRAP4,BRAP4,mineração,0.7419859352284313,0.5252439297086268,1.8459,0.06614848,249,2020-12-30,2021-01-04,AMPLO_PROXY,2021
BRFS3,BRFS3,BRFS3,proteína,-0.3857302120179543,0.6163282054354765,2.4246,0.08047988,249,2020-12-30,2021-01-04,AMPLO_PROXY,2021
BRKM5,BRKM5,BRKM5,químico,-0.22467112245471432,0.9141742381564634,-2.926,-0.12205142,248,2020-12-30,2021-01-04,AMPLO_PROXY,2021
BRML3,BRML3,BRML3,shopping,-0.45664105366828645,0.6947524158353561,0.7542,0.01412918,249,2020-12-30,2021-01-04,AMPLO_PROXY,2021
MOTV3,CCRO3,MOTV3,transporte,-0.26360185993911556,0.6565345812714265,3.3166,0.08725734,249,2020-12-30,2021-01-04,AMPLO_PROXY,2021
CESP6,CESP6,CESP6,energia,-0.027658252608161127,0.41121763520857924,1.3309,0.11233559,249,2020-12-30,2021-01-04,AMPLO_PROXY,2021
CIEL3,CIEL3,CIEL3,tecnologia,-0.5268001529529152,0.7498953728370511,1.1827,0.02697613,249,2020-12-30,2021-01-04,AMPLO_PROXY,2021
CMIG4,CMIG4,CMIG4,energia,0.12476151498622712,0.5646739659869437,1.2775,0.11915152,248,2020-12-30,2021-01-04,AMPLO_PROXY,2021
COGN3,COGN3,COGN3,educação,-0.6204919088780129,0.8210995564363001,0.4739,-0.03064238,248,2020-12-30,2021-01-04,AMPLO_PROXY,2021
CPFE3,CPFE3,CPFE3,energia,-0.022199494543805542,0.4303682364886564,2.5306,0.14015289,248,2020-12-30,2021-01-04,AMPLO_PROXY,2021
CPLE6,CPLE6,CPLE6,energia,0.13022079978379342,0.5306882910385596,1.0088,0.12734509,249,2020-12-30,2021-01-04,AMPLO_PROXY,2021
CRFB3,CRFB3,CRFB3,supermercado,-0.1808022981374785,0.4094686297540665,2.3918,0.17152387,249,2020-12-30,2021-01-04,AMPLO_PROXY,2021
CSAN3,CSAN3,CSAN3,químico,0.07854815846107743,0.5635110132451725,2.5743,0.09253672,248,2020-12-30,2021-01-04,AMPLO_PROXY,2021
CSMG3,CSMG3,CSMG3,saneamento,-0.1346945130508257,0.5261917278106164,0.8703,0.11991081,248,2020-12-30,2021-01-04,AMPLO_PROXY,2021
CSNA3,CSNA3,CSNA3,siderurgico,1.1705189478998643,0.7829542609638986,6.9304,0.08861652,249,2020-12-30,2021-01-04,AMPLO_PROXY,2021
CVCB3,CVCB3,CVCB3,consumo,-0.5107980381229856,1.080302804157162,-11.2689,-0.78310665,249,2020-12-30,2021-01-04,AMPLO_PROXY,2021
CYRE3,CYRE3,CYRE3,construção,0.006459719641367823,0.7932657638352649,1.7311,0.24340093,248,2020-12-30,2021-01-04,AMPLO_PROXY,2021
DXCO3,DXCO3,DXCO3,madeira-papel,0.12271156533281236,0.6966158443600899,2.7068,0.08538225,248,2020-12-30,2021-01-04,AMPLO_PROXY,2021
ECOR3,ECOR3,ECOR3,transporte,-0.17975462531922215,0.6961934262019298,10.8601,0.13062509,248,2020-12-30,2021-01-04,AMPLO_PROXY,2021
EGIE3,EGIE3,EGIE3,energia,-0.12206713700176064,0.35805499116791484,5.0151,0.18197331,248,2020-12-30,2021-01-04,AMPLO_PROXY,2021
AXIA3,ELET3,AXIA3,energia,0.0013979154181777975,0.7418965312964282,0.7533,0.10860796,248,2020-12-30,2021-01-04,AMPLO_PROXY,2021
EMBJ3,EMBR3,EMBJ3,indústria,-0.5618811883532824,0.766313702087662,0.3982,-0.06288989,249,2020-12-30,2021-01-04,AMPLO_PROXY,2021
ENBR3,ENBR3,ENBR3,energia,-0.09231826339533833,0.39433753987651776,1.0766,0.11533612,249,2020-12-30,2021-01-04,AMPLO_PROXY,2021
ENEV3,ENEV3,ENEV3,energia,0.41586861855776247,0.5006839587782671,2.6958,0.07049377,248,2020-12-30,2021-01-04,AMPLO_PROXY,2021
ENGI11,ENGI11,ENGI11,energia,-0.022693081309271945,0.4676186914481318,2.4711,0.09611701,249,2020-12-30,2021-01-04,AMPLO_PROXY,2021
EQTL3,EQTL3,EQTL3,energia,-0.003799713440536201,0.44029608387117936,2.0156,0.16967685,248,2020-12-30,2021-01-04,AMPLO_PROXY,2021
EZTC3,EZTC3,EZTC3,construção,-0.1807479500135537,0.7454231488077329,2.3824,0.06853702,249,2020-12-30,2021-01-04,AMPLO_PROXY,2021
FLRY3,FLRY3,FLRY3,saúde,-0.10795873785232102,0.46394099565424923,5.0815,0.11284999,248,2020-12-30,2021-01-04,AMPLO_PROXY,2021
GGBR4,GGBR4,GGBR4,siderurgico,0.1944853630106469,0.6551146504397531,1.3206,0.06262982,248,2020-12-30,2021-01-04,AMPLO_PROXY,2021
GNDI3,GNDI3,GNDI3,saúde,0.09698906825506826,0.6346028605937221,6.7197,0.13762509,249,2020-12-30,2021-01-04,AMPLO_PROXY,2021
GOAU4,GOAU4,GOAU4,siderurgico,0.1838351705990917,0.6770767172606813,0.3857,0.06263237,248,2020-12-30,2021-01-04,AMPLO_PROXY,2021
HAPV3,HAPV3,HAPV3,saúde,0.15363447140895636,0.5838083968018961,7.2286,0.13720556,249,2020-12-30,2021-01-04,AMPLO_PROXY,2021
HBOR3,HBOR3,HBOR3,construção,-0.4682608692030138,1.0062414185491708,1.004,0.00313234,249,2020-12-30,2021-01-04,AMPLO_PROXY,2021
HGTX3,HGTX3,HGTX3,consumo,-0.4903832275423289,0.7516920935416794,1.7097,0.0501722,249,2020-12-30,2021-01-04,AMPLO_PROXY,2021
HYPE3,HYPE3,HYPE3,saúde,-0.014060709968715668,0.5365565790408325,2.3309,0.08027775,248,2020-12-30,2021-01-04,AMPLO_PROXY,2021
IRBR3,IRBR3,IRBR3,seguro,-0.7744244790894269,1.0539357234452913,2.1059,0.0,249,2020-12-30,2021-01-04,AMPLO_PROXY,2021
ITSA4,ITSA4,ITSA4,financeiro,-0.13814136172498326,0.44444914735496616,1.7132,0.12771119,248,2020-12-30,2021-01-04,AMPLO_PROXY,2021
ITUB4,ITUB4,ITUB4,banco,-0.13366918682938067,0.4827739205717929,2.0873,0.0,248,2020-12-30,2021-01-04,AMPLO_PROXY,2021
JHSF3,JHSF3,JHSF3,construção,0.04653811717676848,0.7471312077257086,1.3891,0.17904854,249,2020-12-30,2021-01-04,AMPLO_PROXY,2021
KLBN11,KLBN11,KLBN11,madeira-papel,0.43743905735195,0.4780565330782834,9.0295,0.0786816,248,2020-12-30,2021-01-04,AMPLO_PROXY,2021
LAME4,LAME4,LAME4,varejo,-0.01848477084069078,0.6224588735405381,3.0479,0.05549609,249,2020-12-30,2021-01-04,AMPLO_PROXY,2021
LCAM3,LCAM3,LCAM3,transporte,0.29107663071346,0.8015951842673468,3.6458,0.06927587,249,2020-12-30,2021-01-04,AMPLO_PROXY,2021
LIGT3,LIGT3,LIGT3,energia,0.016736444494857894,0.7408206783083932,1.0845,0.02577046,248,2020-12-30,2021-01-04,AMPLO_PROXY,2021
LINX3,LINX3,LINX3,tecnologia,0.003064928534071365,0.7071478002409292,3.9082,0.01549681,249,2020-12-30,2021-01-04,AMPLO_PROXY,2021
LREN3,LREN3,LREN3,varejo,-0.23681062875451564,0.6311969595951918,6.5252,0.13098262,248,2020-12-30,2021-01-04,AMPLO_PROXY,2021
MDIA3,MDIA3,MDIA3,consumo,-0.12159984356127607,0.5113874312699231,1.7703,0.10035371,248,2020-12-30,2021-01-04,AMPLO_PROXY,2021
MEAL3,MEAL3,MEAL3,consumo,-0.5253664036076662,0.8682312360768799,0.9582,-0.28383035,249,2020-12-30,2021-01-04,AMPLO_PROXY,2021
MGLU3,MGLU3,MGLU3,varejo,1.027509067588377,0.6999659480668325,21.9045,0.09753563,248,2020-12-30,2021-01-04,AMPLO_PROXY,2021
MOVI3,MOVI3,MOVI3,transporte,0.06159504784476311,0.731667398921441,2.7725,0.02695093,248,2020-12-30,2021-01-04,AMPLO_PROXY,2021
MBRF3,MRFG3,MBRF3,proteína,0.4423459256201576,0.7048277839268561,3.6814,0.24377251,249,2020-12-30,2021-01-04,AMPLO_PROXY,2021
MRVE3,MRVE3,MRVE3,construção,-0.1298047939527558,0.6629860442580204,1.5299,0.05807923,248,2020-12-30,2021-01-04,AMPLO_PROXY,2021
MULT3,MULT3,MULT3,shopping,-0.287224813639286,0.6709715880504393,2.1946,0.12495869,249,2020-12-30,2021-01-04,AMPLO_PROXY,2021
NEOE3,NEOE3,NEOE3,energia,-0.2697441685370099,0.47435859837896954,1.0088,0.09115175,248,2020-12-30,2021-01-04,AMPLO_PROXY,2021
NATU3,NTCO3,NATU3,consumo,0.36979109340509675,0.670928928164963,2.9308,0.01837125,249,2020-12-30,2021-01-04,AMPLO_PROXY,2021
OIBR3,OIBR3,OIBR3,telecom,1.5581395350010752,0.7951803382889003,2.1815,-0.02545009,249,2020-12-30,2021-01-04,AMPLO_PROXY,2021
PCAR3,PCAR3,PCAR3,supermercado,-0.10226019234767791,0.4976083234555832,1.2388,0.08452254,248,2020-12-30,2021-01-04,AMPLO_PROXY,2021
PETR4,PETR4,PETR4,petróleo,-0.07685416421089564,0.6849881960228587,1.4766,-0.00608188,248,2020-12-30,2021-01-04,AMPLO_PROXY,2021
PRIO3,PRIO3,PRIO3,petróleo,0.9617104528592229,1.0988682575380535,3.731,0.16946866,249,2020-12-30,2021-01-04,AMPLO_PROXY,2021
PSSA3,PSSA3,PSSA3,seguro,-0.18213263655382383,0.38162495553765496,1.7813,0.0,248,2020-12-30,2021-01-04,AMPLO_PROXY,2021
QUAL3,QUAL3,QUAL3,saúde,-0.10346771945446886,0.59217330062781,5.5886,0.18889782,249,2020-12-30,2021-01-04,AMPLO_PROXY,2021
RADL3,RADL3,RADL3,saúde,0.09649886583567935,0.4142518117626352,9.77,0.1471684,248,2020-12-30,2021-01-04,AMPLO_PROXY,2021
RAIL3,RAIL3,RAIL3,transporte,-0.2712121183103404,0.594316534042197,2.3324,0.05700764,248,2020-12-30,2021-01-04,AMPLO_PROXY,2021
RAPT4,RAPT4,RAPT4,indústria,0.14168667351663622,0.7274115308385561,2.3377,0.08469593,249,2020-12-30,2021-01-04,AMPLO_PROXY,2021
RENT3,RENT3,RENT3,transporte,0.3995507111630283,0.7471343294116033,9.042,0.09307433,249,2020-12-30,2021-01-04,AMPLO_PROXY,2021
SANB11,SANB11,SANB11,banco,-0.050523120791665765,0.5630913602312481,1.6118,0.0,248,2020-12-30,2021-01-04,AMPLO_PROXY,2021
SAPR11,SAPR11,SAPR11,saneamento,-0.207012614730117,0.5040460914014452,1.1809,0.16111101,248,2020-12-30,2021-01-04,AMPLO_PROXY,2021
SBFG3,SBFG3,SBFG3,varejo,-0.20598450399304302,0.8291039308615876,3.7396,0.03222561,249,2020-12-30,2021-01-04,AMPLO_PROXY,2021
SBSP3,SBSP3,SBSP3,saneamento,-0.24124330124275817,0.5954441405086108,1.4,0.11837049,248,2020-12-30,2021-01-04,AMPLO_PROXY,2021
SULA11,SULA11,SULA11,seguro,-0.24282504346707012,0.5488976034767793,1.9943,0.0,249,2020-12-30,2021-01-04,AMPLO_PROXY,2021
SUZB3,SUZB3,SUZB3,madeira-papel,0.43515565164799264,0.5575681865803839,54.2517,0.0825033,248,2020-12-30,2021-01-04,AMPLO_PROXY,2021
TAEE11,TAEE11,TAEE11,energia,0.19452048335031313,0.2475640312085306,1.9905,0.18407867,249,2020-12-30,2021-01-04,AMPLO_PROXY,2021
TEND3,TEND3,TEND3,construção,-0.025597825666155538,0.6210885735201791,1.987,0.09731357,249,2020-12-30,2021-01-04,AMPLO_PROXY,2021
TIMS3,TIMS3,TIMS3,telecom,-0.03384958043396513,0.4735267511190415,1.5254,0.10739274,248,2020-12-30,2021-01-04,AMPLO_PROXY,2021
TOTS3,TOTS3,TOTS3,tecnologia,0.2553535186986753,0.596211453960079,6.3544,0.12312489,249,2020-12-30,2021-01-04,AMPLO_PROXY,2021
ISAE4,TRPL4,ISAE4,energia,0.3180354318427785,0.2929032750224715,1.3415,0.18806514,248,2020-12-30,2021-01-04,AMPLO_PROXY,2021
UGPA3,UGPA3,UGPA3,químico,-0.06088659649378236,0.7322571477050972,2.6289,0.04026158,248,2020-12-30,2021-01-04,AMPLO_PROXY,2021
USIM5,USIM5,USIM5,siderurgico,0.5202098668989621,0.7474710596611077,1.1653,0.04664768,248,2020-12-30,2021-01-04,AMPLO_PROXY,2021
VALE3,VALE3,VALE3,mineração,0.676893370114036,0.553199009212005,2.3942,0.11946279,248,2020-12-30,2021-01-04,AMPLO_PROXY,2021
VBBR3,VBBR3,VBBR3,transporte,-0.24916713204287166,0.5994755614972569,2.6814,0.07124722,248,2020-12-30,2021-01-04,AMPLO_PROXY,2021
VIVA3,VIVA3,VIVA3,consumo,0.012714976624598195,0.8521504084921759,6.2364,0.12567369,249,2020-12-30,2021-01-04,AMPLO_PROXY,2021
WEGE3,WEGE3,WEGE3,indústria,1.1665677556703886,0.5790377780730429,13.9362,0.18848617,248,2020-12-30,2021-01-04,AMPLO_PROXY,2021
YDUQ3,YDUQ3,YDUQ3,educação,-0.28255500045743887,0.766993814392722,2.9853,0.07078767,248,2020-12-30,2021-01-04,AMPLO_PROXY,2021
ABEV3,ABEV3,ABEV3,indústria,0.03993213407068574,0.2999395446476426,2.7526,0.21159818,247,2021-12-30,2022-01-03,AMPLO_PROXY,2022
ALPA4,ALPA4,ALPA4,consumo,-0.10523055280674065,0.414167901899374,6.3074,0.16264284,247,2021-12-30,2022-01-03,AMPLO_PROXY,2022
AMAR3,AMAR3,AMAR3,varejo,-0.3274539940988491,0.6505739932457162,1.067,-0.00626658,247,2021-12-30,2022-01-03,AMPLO_PROXY,2022
AMBP3,AMBP3,AMBP3,saneamento,0.5760591293364257,0.5126756706117679,3.629,0.06798662,247,2021-12-30,2022-01-03,AMPLO_PROXY,2022
AMER3,AMER3,AMER3,varejo,-0.5799414870967037,0.5949961812569652,1.8097,0.01489913,247,2021-12-30,2022-01-03,AMPLO_PROXY,2022
AZUL3,AZUL4,AZUL3,aviação,-0.35435992580366227,0.5313633213637916,-1.7138,-0.11404861,247,2021-12-30,2022-01-03,AMPLO_PROXY,2022
AZZA3,AZZA3,AZZA3,consumo,0.14225048592345768,0.3587759632142119,4.9405,0.197633,247,2021-12-30,2022-01-03,AMPLO_PROXY,2022
B3SA3,B3SA3,B3SA3,financeiro,-0.4262533263124404,0.3678443384294825,2.9945,0.17792097,247,2021-12-30,2022-01-03,AMPLO_PROXY,2022
BBAS3,BBAS3,BBAS3,banco,-0.17314368347779774,0.31931563197201296,0.6021,0.0,247,2021-12-30,2022-01-03,AMPLO_PROXY,2022
BBDC4,BBDC4,BBDC4,banco,-0.16469974547387034,0.3221343753541053,1.2625,0.0,247,2021-12-30,2022-01-03,AMPLO_PROXY,2022
BBSE3,BBSE3,BBSE3,seguro,-0.26427845982545095,0.23731105017296178,5.3238,0.0,247,2021-12-30,2022-01-03,AMPLO_PROXY,2022
BEEF3,BEEF3,BEEF3,proteína,0.15764828616644122,0.41163042135831257,12.5803,0.13547382,247,2021-12-30,2022-01-03,AMPLO_PROXY,2022
BHIA3,BHIA3,BHIA3,varejo,-0.6753246904523638,0.5561331942467634,1.4784,-0.03747849,247,2021-12-30,2022-01-03,AMPLO_PROXY,2022
BIDI11,BIDI11,BIDI11,banco,-0.1101984116929855,0.8099655977602319,2.8723,0.0,247,2021-12-30,2022-01-03,AMPLO_PROXY,2022
BPAC11,BPAC11,BPAC11,banco,-0.0844401367671942,0.3997173762709782,2.2157,0.0,247,2021-12-30,2022-01-03,AMPLO_PROXY,2022
BPAN4,BPAN4,BPAN4,banco,0.16237942780399828,0.6954727368998778,2.2674,0.0,247,2021-12-30,2022-01-03,AMPLO_PROXY,2022
BRAP4,BRAP4,BRAP4,mineração,0.10687139350567976,0.37183057085245486,0.6753,0.36889582,247,2021-12-30,2022-01-03,AMPLO_PROXY,2022
BRFS3,BRFS3,BRFS3,proteína,0.04841713199133224,0.397440098466368,2.3695,0.09102423,247,2021-12-30,2022-01-03,AMPLO_PROXY,2022
BRKM5,BRKM5,BRKM5,químico,1.7889005971197753,0.4986615442967521,4.1201,0.52031832,247,2021-12-30,2022-01-03,AMPLO_PROXY,2022
BRML3,BRML3,BRML3,shopping,-0.12801678955330154,0.3597028834363992,0.627,0.02789362,247,2021-12-30,2022-01-03,AMPLO_PROXY,2022
CASH3,CASH3,CASH3,tecnologia,0.14063047595464928,0.9968969285120536,3.5672,-0.01242516,247,2021-12-30,2022-01-03,AMPLO_PROXY,2022
MOTV3,CCRO3,MOTV3,transporte,-0.1149619212151245,0.3517323150813969,2.6326,0.10354374,247,2021-12-30,2022-01-03,AMPLO_PROXY,2022
CESP6,CESP6,CESP6,energia,-0.19504423003866422,0.23190344823947917,0.9407,0.14900521,247,2021-12-30,2022-01-03,AMPLO_PROXY,2022
CIEL3,CIEL3,CIEL3,tecnologia,-0.3801174472791029,0.46983527052571267,0.6269,0.07810443,247,2021-12-30,2022-01-03,AMPLO_PROXY,2022
CMIG4,CMIG4,CMIG4,energia,0.12763504706147843,0.29481235873492523,1.0949,0.2207915,247,2021-12-30,2022-01-03,AMPLO_PROXY,2022
COGN3,COGN3,COGN3,educação,-0.47659587545568527,0.5185766716511593,0.3358,-0.0896749,247,2021-12-30,2022-01-03,AMPLO_PROXY,2022
CPFE3,CPFE3,CPFE3,energia,-0.029056732062088253,0.27071706750396335,2.0527,0.19709898,247,2021-12-30,2022-01-03,AMPLO_PROXY,2022
CPLE6,CPLE6,CPLE6,energia,0.03813452067692258,0.29188906672274606,0.8041,0.18076833,247,2021-12-30,2022-01-03,AMPLO_PROXY,2022
CRFB3,CRFB3,CRFB3,supermercado,-0.16848817898722068,0.3129152525978382,1.6545,0.16527321,247,2021-12-30,2022-01-03,AMPLO_PROXY,2022
CSAN3,CSAN3,CSAN3,químico,0.1267169086990041,0.3339798109207235,1.5435,0.11086166,247,2021-12-30,2022-01-03,AMPLO_PROXY,2022
CSNA3,CSNA3,CSNA3,siderurgico,-0.2380861132702451,0.5041458279649227,1.4801,0.39390589,247,2021-12-30,2022-01-03,AMPLO_PROXY,2022
CVCB3,CVCB3,CVCB3,consumo,-0.30789721938693015,0.5882000113654908,5.7883,-0.31475432,247,2021-12-30,2022-01-03,AMPLO_PROXY,2022
CYRE3,CYRE3,CYRE3,construção,-0.42164618177877056,0.466387853191814,0.9187,0.1054031,247,2021-12-30,2022-01-03,AMPLO_PROXY,2022
DXCO3,DXCO3,DXCO3,madeira-papel,-0.036769481662344505,0.39762061397453513,1.709,0.21032431,247,2021-12-30,2022-01-03,AMPLO_PROXY,2022
ECOR3,ECOR3,ECOR3,transporte,-0.4406564140464162,0.3893131966494289,2.2221,0.08801461,247,2021-12-30,2022-01-03,AMPLO_PROXY,2022
EGIE3,EGIE3,EGIE3,energia,-0.07680251176680297,0.19667725991828217,3.974,0.22895939,247,2021-12-30,2022-01-03,AMPLO_PROXY,2022
AXIA3,ELET3,AXIA3,energia,0.008995544134518418,0.41950259154493785,0.6858,0.07008814,247,2021-12-30,2022-01-03,AMPLO_PROXY,2022
EMBJ3,EMBR3,EMBJ3,indústria,1.9653524507957245,0.580731506286194,1.1937,0.03256804,247,2021-12-30,2022-01-03,AMPLO_PROXY,2022
ENBR3,ENBR3,ENBR3,energia,0.12516753175837092,0.20613090623904173,0.9947,0.17556815,247,2021-12-30,2022-01-03,AMPLO_PROXY,2022
ENEV3,ENEV3,ENEV3,energia,-0.09483448618168155,0.3625371602595649,2.0891,0.08420556,247,2021-12-30,2022-01-03,AMPLO_PROXY,2022
ENGI11,ENGI11,ENGI11,energia,-0.08788414758038599,0.2839582575714573,1.6316,0.14026114,247,2021-12-30,2022-01-03,AMPLO_PROXY,2022
EQTL3,EQTL3,EQTL3,energia,0.02306386233983093,0.285498823372314,1.5991,0.14245267,247,2021-12-30,2022-01-03,AMPLO_PROXY,2022
ETER3,ETER3,ETER3,indústria,0.7304355258520314,0.7568725097877046,2.3924,0.70090736,247,2021-12-30,2022-01-03,AMPLO_PROXY,2022
EZTC3,EZTC3,EZTC3,construção,-0.503150698232274,0.47653470430237277,1.039,0.07424806,247,2021-12-30,2022-01-03,AMPLO_PROXY,2022
FHER3,FHER3,FHER3,agrícola,4.583586626139818,1.2225261754127146,10.9358,0.90042458,247,2021-12-30,2022-01-03,AMPLO_PROXY,2022
FLRY3,FLRY3,FLRY3,saúde,-0.3068677461606022,0.29152604638295554,3.1368,0.14698608,247,2021-12-30,2022-01-03,AMPLO_PROXY,2022
GGBR4,GGBR4,GGBR4,siderurgico,0.17671861595633698,0.38129734735649873,1.1258,0.32651438,247,2021-12-30,2022-01-03,AMPLO_PROXY,2022
GNDI3,GNDI3,GNDI3,saúde,-0.2161797131724279,0.4504924121236078,5.2144,0.03648649,247,2021-12-30,2022-01-03,AMPLO_PROXY,2022
GOAU4,GOAU4,GOAU4,siderurgico,0.180275728565636,0.3508729847182622,0.2869,0.31731465,247,2021-12-30,2022-01-03,AMPLO_PROXY,2022
HAPV3,HAPV3,HAPV3,saúde,-0.3071055254164854,0.40532883346866133,3.8037,0.04424246,247,2021-12-30,2022-01-03,AMPLO_PROXY,2022
HYPE3,HYPE3,HYPE3,saúde,-0.1134438250217713,0.29311380970501716,1.8454,0.10268501,247,2021-12-30,2022-01-03,AMPLO_PROXY,2022
IRBR3,IRBR3,IRBR3,seguro,-0.49049429656755805,0.4075745832836353,1.2536,0.0,247,2021-12-30,2022-01-03,AMPLO_PROXY,2022
ITSA4,ITSA4,ITSA4,financeiro,-0.15626906348014225,0.2676547365632757,1.13,0.17760706,247,2021-12-30,2022-01-03,AMPLO_PROXY,2022
ITUB4,ITUB4,ITUB4,banco,-0.29817677172962886,0.3514567431185652,1.2889,0.0,247,2021-12-30,2022-01-03,AMPLO_PROXY,2022
KLBN11,KLBN11,KLBN11,madeira-papel,0.0033386294021022778,0.285276971595098,4.3623,0.13365567,247,2021-12-30,2022-01-03,AMPLO_PROXY,2022
LAME4,LAME4,LAME4,varejo,-0.43724024104710735,0.6325012048537545,0.6895,0.0345774,247,2021-12-30,2022-01-03,AMPLO_PROXY,2022
LCAM3,LCAM3,LCAM3,transporte,-0.17741425894208884,0.406291648127508,2.4943,0.13049946,247,2021-12-30,2022-01-03,AMPLO_PROXY,2022
LIGT3,LIGT3,LIGT3,energia,-0.4862472595371512,0.43074484294165977,0.5003,0.08966483,247,2021-12-30,2022-01-03,AMPLO_PROXY,2022
LREN3,LREN3,LREN3,varejo,-0.3491788104660124,0.38253062007876093,2.5354,0.06418671,247,2021-12-30,2022-01-03,AMPLO_PROXY,2022
LWSA3,LWSA3,LWSA3,tecnologia,-0.3472222220227502,0.6912021387963951,2.6262,0.00831404,247,2021-12-30,2022-01-03,AMPLO_PROXY,2022
MGLU3,MGLU3,MGLU3,varejo,-0.7132842850004262,0.5685550513126828,4.4022,0.07736,247,2021-12-30,2022-01-03,AMPLO_PROXY,2022
MOVI3,MOVI3,MOVI3,transporte,-0.1998536165987007,0.3994148014149333,1.7935,0.0785532,247,2021-12-30,2022-01-03,AMPLO_PROXY,2022
MBRF3,MRFG3,MBRF3,proteína,0.7560212191361255,0.36599001069808884,2.2255,0.2889235,247,2021-12-30,2022-01-03,AMPLO_PROXY,2022
MRVE3,MRVE3,MRVE3,construção,-0.3335906836040713,0.39744345668538267,0.9091,0.08293202,247,2021-12-30,2022-01-03,AMPLO_PROXY,2022
MULT3,MULT3,MULT3,shopping,-0.1510371974121154,0.37009422530725555,1.7173,0.0499871,247,2021-12-30,2022-01-03,AMPLO_PROXY,2022
NATU3,NTCO3,NATU3,consumo,-0.5108674743652349,0.39633814297982994,1.2588,0.02291921,247,2021-12-30,2022-01-03,AMPLO_PROXY,2022
OIBR3,OIBR3,OIBR3,telecom,-0.6765957448027464,0.5449570044111696,4.1925,-0.06574096,247,2021-12-30,2022-01-03,AMPLO_PROXY,2022
PCAR3,PCAR3,PCAR3,supermercado,1.2983479795437316,1.2333510649649715,0.3619,0.04485651,247,2021-12-30,2022-01-03,AMPLO_PROXY,2022
PETR4,PETR4,PETR4,petróleo,0.2107507630311467,0.4386301786318997,0.9878,0.31515705,247,2021-12-30,2022-01-03,AMPLO_PROXY,2022
POSI3,POSI3,POSI3,tecnologia,1.2305106211026993,0.7213308858877944,1.277,0.23885461,247,2021-12-30,2022-01-03,AMPLO_PROXY,2022
PRIO3,PRIO3,PRIO3,petróleo,0.3816974452957653,0.5426047424143841,3.05,0.19067699,247,2021-12-30,2022-01-03,AMPLO_PROXY,2022
PSSA3,PSSA3,PSSA3,seguro,-0.06930034558272646,0.28018439962838754,1.476,0.0,247,2021-12-30,2022-01-03,AMPLO_PROXY,2022
QUAL3,QUAL3,QUAL3,saúde,-0.47126628369295664,0.3812963454780699,2.7959,0.15354771,247,2021-12-30,2022-01-03,AMPLO_PROXY,2022
RADL3,RADL3,RADL3,saúde,-0.019957186255255555,0.30640016494917127,8.3755,0.21202621,247,2021-12-30,2022-01-03,AMPLO_PROXY,2022
RAIL3,RAIL3,RAIL3,transporte,-0.07258479374799143,0.3334123269579476,2.1329,0.05449407,247,2021-12-30,2022-01-03,AMPLO_PROXY,2022
RDOR3,RDOR3,RDOR3,saúde,-0.30525335554935884,0.34215295094300474,5.9847,0.08516569,247,2021-12-30,2022-01-03,AMPLO_PROXY,2022
RENT3,RENT3,RENT3,transporte,-0.2128229611316368,0.39784099839903275,5.3375,0.16992186,247,2021-12-30,2022-01-03,AMPLO_PROXY,2022
RRRP3,RRRP3,RRRP3,petróleo,-0.07854984914724394,0.5098739948780586,3.5068,0.07754854,247,2021-12-30,2022-01-03,AMPLO_PROXY,2022
SANB11,SANB11,SANB11,banco,-0.2379427021496634,0.3231286049054463,1.0571,0.0,247,2021-12-30,2022-01-03,AMPLO_PROXY,2022
SAPR11,SAPR11,SAPR11,saneamento,-0.22539288399929935,0.25632219470033674,0.7646,0.15959025,247,2021-12-30,2022-01-03,AMPLO_PROXY,2022
SBSP3,SBSP3,SBSP3,saneamento,-0.047061905788769676,0.33177480288124767,1.1207,0.10706094,247,2021-12-30,2022-01-03,AMPLO_PROXY,2022
SLCE3,SLCE3,SLCE3,agrícola,0.612665536103759,0.4042156649740981,2.2302,0.25619428,247,2021-12-30,2022-01-03,AMPLO_PROXY,2022
SMTO3,SMTO3,SMTO3,agrícola,0.347483845629349,0.3654723325773828,2.6593,0.14917102,247,2021-12-30,2022-01-03,AMPLO_PROXY,2022
SOMA3,SOMA3,SOMA3,varejo,-0.03193916333707847,0.46054330150381173,1.3926,0.02346588,247,2021-12-30,2022-01-03,AMPLO_PROXY,2022
SULA11,SULA11,SULA11,seguro,-0.3100422571191309,0.37160361439662737,1.3375,0.0,247,2021-12-30,2022-01-03,AMPLO_PROXY,2022
SUZB3,SUZB3,SUZB3,madeira-papel,0.02037010600677891,0.32655540895385815,5.9548,0.17448004,247,2021-12-30,2022-01-03,AMPLO_PROXY,2022
TAEE11,TAEE11,TAEE11,energia,0.2279496392347038,0.22094617921070564,1.8091,0.28273501,247,2021-12-30,2022-01-03,AMPLO_PROXY,2022
TASA4,TASA4,TASA4,indústria,0.5848329017972358,0.5297202631978984,4.7986,0.73475139,247,2021-12-30,2022-01-03,AMPLO_PROXY,2022
TIMS3,TIMS3,TIMS3,telecom,-0.05683428520431033,0.26715710110489954,1.2917,0.10640988,247,2021-12-30,2022-01-03,AMPLO_PROXY,2022
TOTS3,TOTS3,TOTS3,tecnologia,0.040947318672744704,0.38491471023977825,4.1584,0.08190703,247,2021-12-30,2022-01-03,AMPLO_PROXY,2022
UGPA3,UGPA3,UGPA3,químico,0.3565088401153975,1.2821007119425865,1.5534,0.05925822,247,2021-12-30,2022-01-03,AMPLO_PROXY,2022
USIM5,USIM5,USIM5,siderurgico,0.09890997046387917,0.4994134859128116,0.813,0.39162092,247,2021-12-30,2022-01-03,AMPLO_PROXY,2022
VALE3,VALE3,VALE3,mineração,0.0027468859652983735,0.3517989565940999,2.0562,0.45849131,247,2021-12-30,2022-01-03,AMPLO_PROXY,2022
VBBR3,VBBR3,VBBR3,transporte,0.0700611144766905,0.3569416445940191,2.1468,0.241812,247,2021-12-30,2022-01-03,AMPLO_PROXY,2022
VIVT3,VIVT3,VIVT3,telecom,0.13203818545833212,0.21690162590994377,1.1662,0.08745451,247,2021-12-30,2022-01-03,AMPLO_PROXY,2022
WEGE3,WEGE3,WEGE3,indústria,-0.10590031645260012,0.34659204713101116,10.5318,0.27300428,247,2021-12-30,2022-01-03,AMPLO_PROXY,2022
YDUQ3,YDUQ3,YDUQ3,educação,-0.3856437609780492,0.4673677477361491,1.8547,0.05340989,247,2021-12-30,2022-01-03,AMPLO_PROXY,2022
ABEV3,ABEV3,ABEV3,indústria,-0.002931817410771087,0.2485550448330592,2.4972,0.18346298,250,2022-12-29,2023-01-02,AMPLO_PROXY,2023
ALOS3,ALOS3,ALOS3,shopping,-0.15928109693277004,0.3634107861092337,0.565,0.07547958,250,2022-12-29,2023-01-02,AMPLO_PROXY,2023
ALPA4,ALPA4,ALPA4,consumo,-0.5603498542057327,0.5539671820385295,1.7345,0.05663889,250,2022-12-29,2023-01-02,AMPLO_PROXY,2023
AMER3,AMER3,AMER3,varejo,-0.6809147094440815,0.7857426248171272,0.5915,0.03300118,250,2022-12-29,2023-01-02,AMPLO_PROXY,2023
ASAI3,ASAI3,ASAI3,supermercado,0.5460329965847612,0.3563779628743223,7.3059,0.17050223,250,2022-12-29,2023-01-02,AMPLO_PROXY,2023
AZUL3,AZUL4,AZUL3,aviação,-0.5491400491672255,0.6921494563954885,-0.6916,0.25838526,250,2022-12-29,2023-01-02,AMPLO_PROXY,2023
AZZA3,AZZA3,AZZA3,consumo,0.11005295579866448,0.3789549283952958,3.2973,0.18381776,250,2022-12-29,2023-01-02,AMPLO_PROXY,2023
B3SA3,B3SA3,B3SA3,financeiro,0.2724558439957676,0.44306711401382726,3.8223,0.1714491,250,2022-12-29,2023-01-02,AMPLO_PROXY,2023
BBAS3,BBAS3,BBAS3,banco,0.3509738926507324,0.32499022999847255,0.628,0.0,250,2022-12-29,2023-01-02,AMPLO_PROXY,2023
BBDC4,BBDC4,BBDC4,banco,-0.13457537487079918,0.32225853954311184,0.9977,0.0,250,2022-12-29,2023-01-02,AMPLO_PROXY,2023
BBSE3,BBSE3,BBSE3,seguro,0.7614095762271529,0.25282521882127246,7.1141,0.0,250,2022-12-29,2023-01-02,AMPLO_PROXY,2023
BEEF3,BEEF3,BEEF3,proteína,0.2873655257519978,0.40987539636311593,11.1917,0.1693214,250,2022-12-29,2023-01-02,AMPLO_PROXY,2023
BHIA3,BHIA3,BHIA3,varejo,-0.5180722764986757,0.736585885354026,0.6889,0.08346265,250,2022-12-29,2023-01-02,AMPLO_PROXY,2023
BPAC11,BPAC11,BPAC11,banco,0.2257102358007128,0.4303970130553897,2.1726,0.0,250,2022-12-29,2023-01-02,AMPLO_PROXY,2023
BPAN4,BPAN4,BPAN4,banco,-0.3837482374172422,0.5332403318987101,1.0986,0.0,250,2022-12-29,2023-01-02,AMPLO_PROXY,2023
BRAP4,BRAP4,BRAP4,mineração,0.3543375029635336,0.3461155771719977,1.4914,0.75299869,250,2022-12-29,2023-01-02,AMPLO_PROXY,2023
BRFS3,BRFS3,BRFS3,proteína,-0.6434108521917803,0.5464745062399767,0.7081,0.03404381,250,2022-12-29,2023-01-02,AMPLO_PROXY,2023
BRKM5,BRKM5,BRKM5,químico,-0.565142734305063,0.4722683129773366,2.7707,0.23053618,250,2022-12-29,2023-01-02,AMPLO_PROXY,2023
BRML3,BRML3,BRML3,shopping,0.04475581082293867,0.34901492062180567,0.6136,0.06512226,250,2022-12-29,2023-01-02,AMPLO_PROXY,2023
CASH3,CASH3,CASH3,tecnologia,-0.6131147541110742,0.7041799690903248,1.2937,-0.21816753,250,2022-12-29,2023-01-02,AMPLO_PROXY,2023
CBAV3,CBAV3,CBAV3,indústria,-0.11650230770220937,0.6074337035938495,1.2164,0.21707401,250,2022-12-29,2023-01-02,AMPLO_PROXY,2023
MOTV3,CCRO3,MOTV3,transporte,-0.026401227433779595,0.33788176707855705,1.7248,0.2415062,250,2022-12-29,2023-01-02,AMPLO_PROXY,2023
CIEL3,CIEL3,CIEL3,tecnologia,1.5004431960862465,0.4884410278740737,1.0281,0.06752492,250,2022-12-29,2023-01-02,AMPLO_PROXY,2023
CMIG4,CMIG4,CMIG4,energia,0.3432406659823626,0.3489999836040705,1.1629,0.16641853,250,2022-12-29,2023-01-02,AMPLO_PROXY,2023
CMIN3,CMIN3,CMIN3,mineração,-0.2887274597842514,0.463170104641026,1.6996,0.18625618,250,2022-12-29,2023-01-02,AMPLO_PROXY,2023
COGN3,COGN3,COGN3,educação,-0.11297100516424197,0.5527907960849641,0.2959,0.01648597,250,2022-12-29,2023-01-02,AMPLO_PROXY,2023
CPFE3,CPFE3,CPFE3,energia,0.40923815167098154,0.29218031717869297,2.431,0.23122833,250,2022-12-29,2023-01-02,AMPLO_PROXY,2023
CPLE6,CPLE6,CPLE6,energia,0.371434033494368,0.3509978322701037,1.0148,0.0861023,250,2022-12-29,2023-01-02,AMPLO_PROXY,2023
CRFB3,CRFB3,CRFB3,supermercado,0.049563349819172764,0.3599882590590325,1.4491,0.11973166,250,2022-12-29,2023-01-02,AMPLO_PROXY,2023
CSAN3,CSAN3,CSAN3,químico,-0.17281618510908092,0.3674893107025229,0.9864,0.07011926,250,2022-12-29,2023-01-02,AMPLO_PROXY,2023
CSNA3,CSNA3,CSNA3,siderurgico,-0.3085811617416667,0.5497835822925603,0.811,0.14808127,250,2022-12-29,2023-01-02,AMPLO_PROXY,2023
CVCB3,CVCB3,CVCB3,consumo,-0.6511266511266511,0.7589078731302786,2.9916,-0.12154695,250,2022-12-29,2023-01-02,AMPLO_PROXY,2023
CYRE3,CYRE3,CYRE3,construção,-0.0644727612666236,0.4953317609911079,0.6822,0.08106158,250,2022-12-29,2023-01-02,AMPLO_PROXY,2023
DXCO3,DXCO3,DXCO3,madeira-papel,-0.46815510880560607,0.4530659938709619,0.8429,0.1214802,250,2022-12-29,2023-01-02,AMPLO_PROXY,2023
ECOR3,ECOR3,ECOR3,transporte,-0.3746905784956681,0.4821316061413881,1.2656,0.09210212,250,2022-12-29,2023-01-02,AMPLO_PROXY,2023
EGIE3,EGIE3,EGIE3,energia,0.07125759422598876,0.19482138973582402,3.8401,0.18952878,250,2022-12-29,2023-01-02,AMPLO_PROXY,2023
AXIA3,ELET3,AXIA3,energia,0.31621924743119356,0.34351535098137986,0.8666,0.05331532,250,2022-12-29,2023-01-02,AMPLO_PROXY,2023
EMBJ3,EMBR3,EMBJ3,indústria,-0.4330427895355752,0.46659173068395665,0.7172,-0.03031002,250,2022-12-29,2023-01-02,AMPLO_PROXY,2023
ENAT3,ENAT3,ENAT3,petróleo,0.09355231811972153,0.5023143922587786,0.8918,0.31814192,250,2022-12-29,2023-01-02,AMPLO_PROXY,2023
ENBR3,ENBR3,ENBR3,energia,0.10005234573522248,0.2282141249703023,0.9115,0.16141661,250,2022-12-29,2023-01-02,AMPLO_PROXY,2023
ENEV3,ENEV3,ENEV3,energia,-0.1123511400559476,0.35601232311872,1.3608,0.062945,250,2022-12-29,2023-01-02,AMPLO_PROXY,2023
ENGI11,ENGI11,ENGI11,energia,0.12322566790271416,0.25269501231439745,1.3907,0.14555527,250,2022-12-29,2023-01-02,AMPLO_PROXY,2023
EQTL3,EQTL3,EQTL3,energia,0.2554101993084077,0.26324503787585496,1.6256,0.11336486,250,2022-12-29,2023-01-02,AMPLO_PROXY,2023
EZTC3,EZTC3,EZTC3,construção,-0.2769104174621868,0.4755059787489676,0.6511,0.05271543,250,2022-12-29,2023-01-02,AMPLO_PROXY,2023
FLRY3,FLRY3,FLRY3,saúde,-0.019119859302953124,0.39489056165870146,2.5384,0.14082147,250,2022-12-29,2023-01-02,AMPLO_PROXY,2023
GGBR4,GGBR4,GGBR4,siderurgico,0.2263161507985505,0.3940009295454457,0.966,0.31783705,250,2022-12-29,2023-01-02,AMPLO_PROXY,2023
GMAT3,GMAT3,GMAT3,varejo,0.08777968707903994,0.49439097925344455,1.9309,0.11583463,250,2022-12-29,2023-01-02,AMPLO_PROXY,2023
GOAU4,GOAU4,GOAU4,siderurgico,0.27846990974861985,0.36686699006354384,0.2586,0.31469683,250,2022-12-29,2023-01-02,AMPLO_PROXY,2023
HAPV3,HAPV3,HAPV3,saúde,-0.494527363165861,0.6007081899753575,0.7363,0.00167257,250,2022-12-29,2023-01-02,AMPLO_PROXY,2023
HYPE3,HYPE3,HYPE3,saúde,0.696133281251001,0.2983797849772679,2.7198,0.12025488,250,2022-12-29,2023-01-02,AMPLO_PROXY,2023
IGTI11,IGTI11,IGTI11,shopping,0.08523778041787988,0.4033758722258157,1.8929,0.06186549,250,2022-12-29,2023-01-02,AMPLO_PROXY,2023
INTB3,INTB3,INTB3,tecnologia,0.1575560215928511,0.35467634586218083,4.636,0.15250247,250,2022-12-29,2023-01-02,AMPLO_PROXY,2023
IRBR3,IRBR3,IRBR3,seguro,-0.7800511509457242,0.678355234970124,0.5142,0.0,250,2022-12-29,2023-01-02,AMPLO_PROXY,2023
ITSA4,ITSA4,ITSA4,financeiro,0.10919037437425838,0.24220931598327952,1.1067,0.16858277,250,2022-12-29,2023-01-02,AMPLO_PROXY,2023
ITUB4,ITUB4,ITUB4,banco,0.20845399114530871,0.265679008799053,1.4105,0.0,250,2022-12-29,2023-01-02,AMPLO_PROXY,2023
KLBN11,KLBN11,KLBN11,madeira-papel,-0.16533390357557753,0.28728000688681277,1.9972,0.19172034,250,2022-12-29,2023-01-02,AMPLO_PROXY,2023
LREN3,LREN3,LREN3,varejo,-0.08721033045883408,0.45226920621721584,2.0273,0.09837757,250,2022-12-29,2023-01-02,AMPLO_PROXY,2023
LWSA3,LWSA3,LWSA3,tecnologia,-0.4494117648086373,0.7738592105522981,1.398,0.00828428,250,2022-12-29,2023-01-02,AMPLO_PROXY,2023
MDIA3,MDIA3,MDIA3,consumo,0.5494507667762527,0.4522571977670109,1.8273,0.07526195,250,2022-12-29,2023-01-02,AMPLO_PROXY,2023
MGLU3,MGLU3,MGLU3,varejo,-0.5922619597818306,0.8241076128117333,1.6927,0.01391458,250,2022-12-29,2023-01-02,AMPLO_PROXY,2023
MOVI3,MOVI3,MOVI3,transporte,-0.44583633282511415,0.5144404729409918,0.994,0.11355257,250,2022-12-29,2023-01-02,AMPLO_PROXY,2023
MBRF3,MRFG3,MBRF3,proteína,-0.49931568865516995,0.46463585217357234,0.1898,0.14657161,250,2022-12-29,2023-01-02,AMPLO_PROXY,2023
MRVE3,MRVE3,MRVE3,construção,-0.3004047010282127,0.5620362917820565,0.5265,0.05947573,250,2022-12-29,2023-01-02,AMPLO_PROXY,2023
MULT3,MULT3,MULT3,shopping,0.28931603759856706,0.36164009976700656,1.9679,0.1014962,250,2022-12-29,2023-01-02,AMPLO_PROXY,2023
NATU3,NTCO3,NATU3,consumo,-0.5489304533905253,0.668657618201762,0.6931,0.01251878,250,2022-12-29,2023-01-02,AMPLO_PROXY,2023
OIBR3,OIBR3,OIBR3,telecom,-0.7733333329942266,0.8046163732351775,-0.4499,-0.16539317,250,2022-12-29,2023-01-02,AMPLO_PROXY,2023
PCAR3,PCAR3,PCAR3,supermercado,-0.19578887591440408,0.46481928997247013,0.2799,0.06285762,250,2022-12-29,2023-01-02,AMPLO_PROXY,2023
PETR4,PETR4,PETR4,petróleo,0.3490215413370439,0.41171752597639844,0.8543,0.44154227,250,2022-12-29,2023-01-02,AMPLO_PROXY,2023
PRIO3,PRIO3,PRIO3,petróleo,0.8339083291418035,0.475953474733334,3.3992,0.22819547,250,2022-12-29,2023-01-02,AMPLO_PROXY,2023
PSSA3,PSSA3,PSSA3,seguro,0.21660455061793127,0.3032311984895713,1.476,0.0,250,2022-12-29,2023-01-02,AMPLO_PROXY,2023
QUAL3,QUAL3,QUAL3,saúde,-0.6296303120572639,0.663882610985508,1.1213,0.14247658,250,2022-12-29,2023-01-02,AMPLO_PROXY,2023
RADL3,RADL3,RADL3,saúde,0.0316707399426408,0.3171143607292185,7.6505,0.22690295,250,2022-12-29,2023-01-02,AMPLO_PROXY,2023
RAIL3,RAIL3,RAIL3,transporte,0.07132614595004338,0.3693047673767261,2.2545,0.06502614,250,2022-12-29,2023-01-02,AMPLO_PROXY,2023
RAIZ4,RAIZ4,RAIZ4,agrícola,-0.3789534409273301,0.4517930269299305,1.721,0.06728835,250,2022-12-29,2023-01-02,AMPLO_PROXY,2023
RDOR3,RDOR3,RDOR3,saúde,-0.3178513307545179,0.44826392941010923,3.9273,0.0894035,250,2022-12-29,2023-01-02,AMPLO_PROXY,2023
RECV3,RECV3,RECV3,petróleo,0.930949584810469,0.48957120501503076,2.6408,0.24072133,250,2022-12-29,2023-01-02,AMPLO_PROXY,2023
RENT3,RENT3,RENT3,transporte,0.06893867890635663,0.3869484771714189,2.56,0.08228454,250,2022-12-29,2023-01-02,AMPLO_PROXY,2023
RRRP3,RRRP3,RRRP3,petróleo,0.10541727682388857,0.5169901767660342,1.7487,0.09309799,250,2022-12-29,2023-01-02,AMPLO_PROXY,2023
SANB11,SANB11,SANB11,banco,-0.011249734510478615,0.27977076782993265,0.9546,0.0,250,2022-12-29,2023-01-02,AMPLO_PROXY,2023
SBSP3,SBSP3,SBSP3,saneamento,0.46052561984738083,0.3630530941410381,1.4282,0.0961156,250,2022-12-29,2023-01-02,AMPLO_PROXY,2023
SLCE3,SLCE3,SLCE3,agrícola,0.19109570063533732,0.38606358121937734,1.9123,0.27355163,250,2022-12-29,2023-01-02,AMPLO_PROXY,2023
SMTO3,SMTO3,SMTO3,agrícola,-0.18322966515391648,0.41746844867813965,1.6848,0.16607944,250,2022-12-29,2023-01-02,AMPLO_PROXY,2023
SOMA3,SOMA3,SOMA3,varejo,-0.1407066193995441,0.5297798551562817,1.0733,0.04346638,250,2022-12-29,2023-01-02,AMPLO_PROXY,2023
STBP3,STBP3,STBP3,transporte,0.2872278119151026,0.4777919576304114,3.1517,0.22029504,250,2022-12-29,2023-01-02,AMPLO_PROXY,2023
SUZB3,SUZB3,SUZB3,madeira-papel,-0.14139053985397554,0.32537044411598104,2.3198,0.18899834,250,2022-12-29,2023-01-02,AMPLO_PROXY,2023
TAEE11,TAEE11,TAEE11,energia,0.06634729036753861,0.18957016009572672,1.7183,0.18847943,250,2022-12-29,2023-01-02,AMPLO_PROXY,2023
TIMS3,TIMS3,TIMS3,telecom,0.0287634833285062,0.24376847863748896,1.1867,0.1307962,250,2022-12-29,2023-01-02,AMPLO_PROXY,2023
TOTS3,TOTS3,TOTS3,tecnologia,0.007539153824899891,0.44658709007785474,3.5491,0.09682937,250,2022-12-29,2023-01-02,AMPLO_PROXY,2023
ISAE4,TRPL4,ISAE4,energia,-0.006135909534126793,0.18673056872334273,0.9144,0.16288526,250,2022-12-29,2023-01-02,AMPLO_PROXY,2023
UGPA3,UGPA3,UGPA3,químico,-0.06800549788417853,0.4210008552003691,1.2075,0.1008826,250,2022-12-29,2023-01-02,AMPLO_PROXY,2023
USIM5,USIM5,USIM5,siderurgico,-0.4958832464516031,0.4696794498074968,0.3259,0.1786529,250,2022-12-29,2023-01-02,AMPLO_PROXY,2023
VALE3,VALE3,VALE3,mineração,0.24886244563991022,0.38963971554879584,2.1556,0.40652628,250,2022-12-29,2023-01-02,AMPLO_PROXY,2023
VAMO3,VAMO3,VAMO3,transporte,0.14400511769797553,0.4879249785948987,3.5177,0.12447219,250,2022-12-29,2023-01-02,AMPLO_PROXY,2023
VBBR3,VBBR3,VBBR3,transporte,-0.19719810945672178,0.37066319074565024,1.372,0.12134386,250,2022-12-29,2023-01-02,AMPLO_PROXY,2023
VIVT3,VIVT3,VIVT3,telecom,-0.16515916593000923,0.2040316548350371,0.9288,0.07308752,250,2022-12-29,2023-01-02,AMPLO_PROXY,2023
WEGE3,WEGE3,WEGE3,indústria,0.22413817336483466,0.37334585183156116,11.3096,0.25553901,250,2022-12-29,2023-01-02,AMPLO_PROXY,2023
YDUQ3,YDUQ3,YDUQ3,educação,-0.4876476159892923,0.6314568345681102,0.9714,0.06517603,250,2022-12-29,2023-01-02,AMPLO_PROXY,2023
ABEV3,ABEV3,ABEV3,indústria,0.018158168834960575,0.20831339787057696,2.3614,0.19548917,248,2023-12-28,2024-01-02,AMPLO_PROXY,2024
ALOS3,ALOS3,ALOS3,shopping,0.6775445947250489,0.2876759042338784,0.9456,0.33363354,248,2023-12-28,2024-01-02,AMPLO_PROXY,2024
ALPA4,ALPA4,ALPA4,consumo,-0.29378925385852905,0.5455261732904217,1.267,-0.0552254,248,2023-12-28,2024-01-02,AMPLO_PROXY,2024
ASAI3,ASAI3,ASAI3,supermercado,-0.284610485093563,0.4432517633734411,4.2278,0.16890168,248,2023-12-28,2024-01-02,AMPLO_PROXY,2024
AURE3,AURE3,AURE3,energia,0.12942920859004792,0.1684674096925863,0.9533,0.0720121,248,2023-12-28,2024-01-02,AMPLO_PROXY,2024
AZUL3,AZUL4,AZUL3,aviação,0.5543689318265101,0.7880035454355793,-0.9509,0.42216074,248,2023-12-28,2024-01-02,AMPLO_PROXY,2024
AZZA3,AZZA3,AZZA3,consumo,-0.10348308435694376,0.4196483425414577,2.4586,0.13603239,248,2023-12-28,2024-01-02,AMPLO_PROXY,2024
B3SA3,B3SA3,B3SA3,financeiro,0.21872278288812574,0.34907531102767325,4.0995,0.17001063,248,2023-12-28,2024-01-02,AMPLO_PROXY,2024
BBAS3,BBAS3,BBAS3,banco,0.8116051438851937,0.2421458179055295,0.926,0.0,248,2023-12-28,2024-01-02,AMPLO_PROXY,2024
BBDC4,BBDC4,BBDC4,banco,0.2905584870945088,0.2960512633919107,1.0898,0.0,248,2023-12-28,2024-01-02,AMPLO_PROXY,2024
BBSE3,BBSE3,BBSE3,seguro,0.11709600379927276,0.20047418126683728,6.3013,0.0,248,2023-12-28,2024-01-02,AMPLO_PROXY,2024
BEEF3,BEEF3,BEEF3,proteína,-0.380524001928212,0.4328864622008062,3.9412,0.09957063,248,2023-12-28,2024-01-02,AMPLO_PROXY,2024
BHIA3,BHIA3,BHIA3,varejo,-0.7747733387752563,0.7940258294160567,6.0697,-0.01275978,248,2023-12-28,2024-01-02,AMPLO_PROXY,2024
BPAC11,BPAC11,BPAC11,banco,0.7241300218121942,0.34595174240577986,3.0005,0.0,248,2023-12-28,2024-01-02,AMPLO_PROXY,2024
BRAP4,BRAP4,BRAP4,mineração,-0.03509840954021892,0.27155265725430583,1.2571,0.25630147,248,2023-12-28,2024-01-02,AMPLO_PROXY,2024
BRFS3,BRFS3,BRFS3,proteína,0.7349246246248684,0.6103690061825455,1.5526,-0.0107717,248,2023-12-28,2024-01-02,AMPLO_PROXY,2024
BRKM5,BRKM5,BRKM5,químico,-0.05857014398018334,0.5108226530029448,3.9806,-0.07690557,248,2023-12-28,2024-01-02,AMPLO_PROXY,2024
MOTV3,CCRO3,MOTV3,transporte,0.3998949607211748,0.24973822356670863,2.1733,0.1159181,248,2023-12-28,2024-01-02,AMPLO_PROXY,2024
CIEL3,CIEL3,CIEL3,tecnologia,-0.04068126546419504,0.35647572281011264,0.8536,0.16063314,248,2023-12-28,2024-01-02,AMPLO_PROXY,2024
CMIG4,CMIG4,CMIG4,energia,0.17529021073645357,0.2532935241752169,1.0339,0.18570977,248,2023-12-28,2024-01-02,AMPLO_PROXY,2024
CMIN3,CMIN3,CMIN3,mineração,1.2101336655889394,0.3649487078952632,3.753,0.26844473,248,2023-12-28,2024-01-02,AMPLO_PROXY,2024
COGN3,COGN3,COGN3,educação,0.7024392886738546,0.4600899965316469,0.498,0.02665673,248,2023-12-28,2024-01-02,AMPLO_PROXY,2024
CPFE3,CPFE3,CPFE3,energia,0.3064208188792905,0.22428318837502217,2.2802,0.25343744,248,2023-12-28,2024-01-02,AMPLO_PROXY,2024
CPLE6,CPLE6,CPLE6,energia,0.40055248312740255,0.2341712013476338,1.3145,0.07954958,248,2023-12-28,2024-01-02,AMPLO_PROXY,2024
CRFB3,CRFB3,CRFB3,supermercado,-0.11093216673497608,0.4671224363265194,1.2299,0.09605794,248,2023-12-28,2024-01-02,AMPLO_PROXY,2024
CSAN3,CSAN3,CSAN3,químico,0.2230073983703993,0.30910304351723694,0.7582,0.1114609,248,2023-12-28,2024-01-02,AMPLO_PROXY,2024
CSMG3,CSMG3,CSMG3,saneamento,0.5710767139047221,0.3014836133643514,0.9841,0.1322869,248,2023-12-28,2024-01-02,AMPLO_PROXY,2024
CSNA3,CSNA3,CSNA3,siderurgico,0.5305131311988267,0.39733168026184146,1.297,0.07156542,248,2023-12-28,2024-01-02,AMPLO_PROXY,2024
CVCB3,CVCB3,CVCB3,consumo,-0.17647058823529416,0.8056988990193258,3.5601,-0.07861361,248,2023-12-28,2024-01-02,AMPLO_PROXY,2024
CYRE3,CYRE3,CYRE3,construção,0.9682410285891774,0.38105229215003605,1.0572,0.0770482,248,2023-12-28,2024-01-02,AMPLO_PROXY,2024
DIRR3,DIRR3,DIRR3,construção,0.5017378646005419,0.3569322218244537,1.8469,0.13725914,248,2023-12-28,2024-01-02,AMPLO_PROXY,2024
DXCO3,DXCO3,DXCO3,madeira-papel,0.24929296559552117,0.45101401194580487,1.0001,0.10828007,248,2023-12-28,2024-01-02,AMPLO_PROXY,2024
ECOR3,ECOR3,ECOR3,transporte,1.2446893168849944,0.42985399267576496,2.1883,0.13877554,248,2023-12-28,2024-01-02,AMPLO_PROXY,2024
EGIE3,EGIE3,EGIE3,energia,0.3008928615505546,0.17019644701824316,3.9379,0.23037225,248,2023-12-28,2024-01-02,AMPLO_PROXY,2024
AXIA3,ELET3,AXIA3,energia,0.05214002639168869,0.3000306557942352,0.8449,0.07659401,248,2023-12-28,2024-01-02,AMPLO_PROXY,2024
EMBJ3,EMBR3,EMBJ3,indústria,0.5657342661585609,0.3160854289016869,1.1749,0.04389581,248,2023-12-28,2024-01-02,AMPLO_PROXY,2024
ENEV3,ENEV3,ENEV3,energia,0.21517856146912173,0.313148297094138,1.4104,0.05725118,248,2023-12-28,2024-01-02,AMPLO_PROXY,2024
ENGI11,ENGI11,ENGI11,energia,0.3015866177037334,0.2776359203203602,1.4715,0.12488764,248,2023-12-28,2024-01-02,AMPLO_PROXY,2024
EQTL3,EQTL3,EQTL3,energia,0.3830997778109031,0.22247114391085393,1.7405,0.10979801,248,2023-12-28,2024-01-02,AMPLO_PROXY,2024
EZTC3,EZTC3,EZTC3,construção,0.4684675354394503,0.4458297892674134,0.8745,0.02628663,248,2023-12-28,2024-01-02,AMPLO_PROXY,2024
FLRY3,FLRY3,FLRY3,saúde,0.2865357483299038,0.2868489452696051,1.8999,0.09047383,248,2023-12-28,2024-01-02,AMPLO_PROXY,2024
GFSA3,GFSA3,GFSA3,construção,-0.2641242653704262,1.1902707036441025,0.3901,-0.07491335,248,2023-12-28,2024-01-02,AMPLO_PROXY,2024
GGBR4,GGBR4,GGBR4,siderurgico,-0.09637813978760379,0.28330089274862436,0.8183,0.19346572,248,2023-12-28,2024-01-02,AMPLO_PROXY,2024
GGPS3,GGPS3,GGPS3,transporte,0.7040328009841632,0.280577178007907,4.2888,0.18178503,248,2023-12-28,2024-01-02,AMPLO_PROXY,2024
GMAT3,GMAT3,GMAT3,varejo,0.18286655887024672,0.4264040912767626,1.8918,0.12973535,248,2023-12-28,2024-01-02,AMPLO_PROXY,2024
GOAU4,GOAU4,GOAU4,siderurgico,-0.046152764207340824,0.2747064184923879,0.2165,0.18937659,248,2023-12-28,2024-01-02,AMPLO_PROXY,2024
HAPV3,HAPV3,HAPV3,saúde,-0.04094827580199245,0.8181626744514163,0.6795,0.00265922,248,2023-12-28,2024-01-02,AMPLO_PROXY,2024
HYPE3,HYPE3,HYPE3,saúde,-0.15676896394154005,0.2918526092381746,1.9818,0.12676445,248,2023-12-28,2024-01-02,AMPLO_PROXY,2024
IGTI11,IGTI11,IGTI11,shopping,0.4082406421225151,0.28762783430939165,2.3834,0.08286084,248,2023-12-28,2024-01-02,AMPLO_PROXY,2024
INTB3,INTB3,INTB3,tecnologia,-0.23605254648159268,0.3862894680817723,2.8984,0.14311866,248,2023-12-28,2024-01-02,AMPLO_PROXY,2024
IRBR3,IRBR3,IRBR3,seguro,0.69735878608207,0.6563339387598492,0.8696,0.0,248,2023-12-28,2024-01-02,AMPLO_PROXY,2024
ITSA4,ITSA4,ITSA4,financeiro,0.39432169133617934,0.2138958955459582,1.2002,0.16084211,248,2023-12-28,2024-01-02,AMPLO_PROXY,2024
ITUB4,ITUB4,ITUB4,banco,0.45168314248616515,0.23387677085183978,1.7285,0.0,248,2023-12-28,2024-01-02,AMPLO_PROXY,2024
KLBN11,KLBN11,KLBN11,madeira-papel,0.18239391404295424,0.2226642961311123,1.8007,0.10608687,248,2023-12-28,2024-01-02,AMPLO_PROXY,2024
LREN3,LREN3,LREN3,varejo,-0.05938462555231272,0.47266559822930787,1.7047,0.07693511,248,2023-12-28,2024-01-02,AMPLO_PROXY,2024
LWSA3,LWSA3,LWSA3,tecnologia,-0.05571337579838809,0.6035675784988525,1.2127,0.02400689,248,2023-12-28,2024-01-02,AMPLO_PROXY,2024
MDIA3,MDIA3,MDIA3,consumo,0.11882442823297157,0.40782302475972104,1.7801,0.08042304,248,2023-12-28,2024-01-02,AMPLO_PROXY,2024
MGLU3,MGLU3,MGLU3,varejo,-0.166023230078036,0.7735842794462965,1.513,0.06315729,248,2023-12-28,2024-01-02,AMPLO_PROXY,2024
MOVI3,MOVI3,MOVI3,transporte,0.6787832214848359,0.5609028003003553,1.4123,0.11486747,248,2023-12-28,2024-01-02,AMPLO_PROXY,2024
MBRF3,MRFG3,MBRF3,proteína,0.16681941782987697,0.42637154938850613,0.3439,0.00044923,248,2023-12-28,2024-01-02,AMPLO_PROXY,2024
MRVE3,MRVE3,MRVE3,construção,0.5299726578720747,0.5402728097514803,0.8307,0.0054265,248,2023-12-28,2024-01-02,AMPLO_PROXY,2024
MULT3,MULT3,MULT3,shopping,0.417810410852663,0.2656127989773037,2.4067,0.13858548,248,2023-12-28,2024-01-02,AMPLO_PROXY,2024
NATU3,NTCO3,NATU3,consumo,0.5874060163860366,0.4922410291933022,0.8315,-0.00892581,248,2023-12-28,2024-01-02,AMPLO_PROXY,2024
PCAR3,PCAR3,PCAR3,supermercado,-0.7479826325909158,0.8563514586600609,0.2184,-0.04056007,248,2023-12-28,2024-01-02,AMPLO_PROXY,2024
PETR4,PETR4,PETR4,petróleo,1.1037885340683964,0.3183323988660741,1.2537,0.29948437,248,2023-12-28,2024-01-02,AMPLO_PROXY,2024
POMO4,POMO4,POMO4,transporte,1.7771978996841296,0.3596715848010073,1.9428,0.121895,248,2023-12-28,2024-01-02,AMPLO_PROXY,2024
PRIO3,PRIO3,PRIO3,petróleo,0.25463042883279474,0.3704810152832103,2.9848,0.23902423,248,2023-12-28,2024-01-02,AMPLO_PROXY,2024
PSSA3,PSSA3,PSSA3,seguro,0.33233712216876343,0.22728922222507003,1.544,0.0,248,2023-12-28,2024-01-02,AMPLO_PROXY,2024
RADL3,RADL3,RADL3,saúde,0.329457959678785,0.22677740431892873,8.6978,0.23199881,248,2023-12-28,2024-01-02,AMPLO_PROXY,2024
RAIL3,RAIL3,RAIL3,transporte,0.3040052429509239,0.25787571125959424,2.6362,0.10591568,248,2023-12-28,2024-01-02,AMPLO_PROXY,2024
RAIZ4,RAIZ4,RAIZ4,agrícola,0.23139471720848404,0.4311446575897897,1.8249,0.15668202,248,2023-12-28,2024-01-02,AMPLO_PROXY,2024
RDOR3,RDOR3,RDOR3,saúde,0.077492313232433,0.42191912550062804,2.6953,0.07414468,248,2023-12-28,2024-01-02,AMPLO_PROXY,2024
RECV3,RECV3,RECV3,petróleo,-0.3052289404437363,0.4569933350334602,1.437,0.16969403,248,2023-12-28,2024-01-02,AMPLO_PROXY,2024
RENT3,RENT3,RENT3,transporte,0.27184684444015894,0.3140540928953537,2.6627,0.08587527,248,2023-12-28,2024-01-02,AMPLO_PROXY,2024
RRRP3,RRRP3,RRRP3,petróleo,-0.26684944420125545,0.4956957467587568,1.1999,0.04437652,248,2023-12-28,2024-01-02,AMPLO_PROXY,2024
SANB11,SANB11,SANB11,banco,0.2412507578691776,0.24008269374890395,1.0572,0.0,248,2023-12-28,2024-01-02,AMPLO_PROXY,2024
SBSP3,SBSP3,SBSP3,saneamento,0.4502173752870393,0.27372999074009785,1.7408,0.10801682,248,2023-12-28,2024-01-02,AMPLO_PROXY,2024
SLCE3,SLCE3,SLCE3,agrícola,-0.03836452085455333,0.2453696227025196,1.4988,0.22296516,248,2023-12-28,2024-01-02,AMPLO_PROXY,2024
SMFT3,SMFT3,SMFT3,consumo,1.080221076837264,0.4298546413617835,3.2205,0.08436757,248,2023-12-28,2024-01-02,AMPLO_PROXY,2024
SMTO3,SMTO3,SMTO3,agrícola,0.2910805849118594,0.35100810793831394,1.6461,0.15417212,248,2023-12-28,2024-01-02,AMPLO_PROXY,2024
SOMA3,SOMA3,SOMA3,varejo,-0.18473532120323077,0.5100910745857968,0.7655,0.04726242,248,2023-12-28,2024-01-02,AMPLO_PROXY,2024
STBP3,STBP3,STBP3,transporte,0.3165908983695078,0.3360919166646033,3.6946,0.23703559,248,2023-12-28,2024-01-02,AMPLO_PROXY,2024
SUZB3,SUZB3,SUZB3,madeira-papel,0.16233102151812173,0.2535059791513072,1.7368,0.13582587,248,2023-12-28,2024-01-02,AMPLO_PROXY,2024
TAEE11,TAEE11,TAEE11,energia,0.20675676541595656,0.14979417118289828,1.9876,0.11033383,248,2023-12-28,2024-01-02,AMPLO_PROXY,2024
TEND3,TEND3,TEND3,construção,2.6170731700854564,0.6818082322950209,2.0287,-0.01507835,248,2023-12-28,2024-01-02,AMPLO_PROXY,2024
TIMS3,TIMS3,TIMS3,telecom,0.7007541012631346,0.2287921065190006,1.6972,0.13179838,248,2023-12-28,2024-01-02,AMPLO_PROXY,2024
TOTS3,TOTS3,TOTS3,tecnologia,0.3167775560759616,0.318500825946791,4.059,0.10723523,248,2023-12-28,2024-01-02,AMPLO_PROXY,2024
ISAE4,TRPL4,ISAE4,energia,0.26993070200239266,0.20935351128081173,0.9448,0.13078813,248,2023-12-28,2024-01-02,AMPLO_PROXY,2024
UGPA3,UGPA3,UGPA3,químico,1.2651885682717627,0.3010583989703617,2.1808,0.15391589,248,2023-12-28,2024-01-02,AMPLO_PROXY,2024
USIM5,USIM5,USIM5,siderurgico,0.3854529074918289,0.30405134320175653,0.4384,-0.01855015,248,2023-12-28,2024-01-02,AMPLO_PROXY,2024
VALE3,VALE3,VALE3,mineração,-0.06282642164740926,0.2655497761481889,1.73,0.23921092,248,2023-12-28,2024-01-02,AMPLO_PROXY,2024
VAMO3,VAMO3,VAMO3,transporte,-0.09433543937383893,0.47864233078899204,2.263,0.13514398,248,2023-12-28,2024-01-02,AMPLO_PROXY,2024
VBBR3,VBBR3,VBBR3,transporte,0.6119667475322423,0.35145071910044556,1.872,0.13739089,248,2023-12-28,2024-01-02,AMPLO_PROXY,2024
VIVA3,VIVA3,VIVA3,consumo,0.6793660483735147,0.3544347987565649,4.2928,0.20545348,248,2023-12-28,2024-01-02,AMPLO_PROXY,2024
VIVT3,VIVT3,VIVT3,telecom,0.5396904646912022,0.21492038603211108,1.2808,0.08758621,248,2023-12-28,2024-01-02,AMPLO_PROXY,2024
WEGE3,WEGE3,WEGE3,indústria,-0.015481715346076341,0.2531059371484834,9.33,0.31911412,248,2023-12-28,2024-01-02,AMPLO_PROXY,2024
YDUQ3,YDUQ3,YDUQ3,educação,1.3184847378969273,0.6345113948744218,2.006,0.09945199,248,2023-12-28,2024-01-02,AMPLO_PROXY,2024
ABEV3,ABEV3,ABEV3,indústria,-0.09649349070371394,0.2035563736637462,1.8697,0.19271223,251,2024-12-30,2025-01-02,AMPLO_PROXY,2025
ALOS3,ALOS3,ALOS3,shopping,-0.23237235738125062,0.22508612337907863,0.6468,0.08070781,251,2024-12-30,2025-01-02,AMPLO_PROXY,2025
ALPA4,ALPA4,ALPA4,consumo,-0.31686358754708877,0.376578203897039,1.0872,-0.28599676,251,2024-12-30,2025-01-02,AMPLO_PROXY,2025
ALUP11,ALUP11,ALUP11,energia,-0.05369494134095598,0.17251139043422728,0.7091,0.11292986,251,2024-12-30,2025-01-02,AMPLO_PROXY,2025
AMBP3,AMBP3,AMBP3,saneamento,7.344030977276704,1.1507466938004531,7.6879,0.10563599,251,2024-12-30,2025-01-02,AMPLO_PROXY,2025
ASAI3,ASAI3,ASAI3,supermercado,-0.5675883215895691,0.431950468226619,1.5221,0.17068431,251,2024-12-30,2025-01-02,AMPLO_PROXY,2025
AURE3,AURE3,AURE3,energia,-0.3194159643126554,0.1834649937611663,0.7318,0.07362166,251,2024-12-30,2025-01-02,AMPLO_PROXY,2025
AZUL3,AZUL4,AZUL3,aviação,-0.7591836737049231,0.7455448744674126,-0.1719,0.64403899,251,2024-12-30,2025-01-02,AMPLO_PROXY,2025
AZZA3,AZZA3,AZZA3,consumo,-0.5118849973851454,0.3800376246803131,0.7747,0.07254619,251,2024-12-30,2025-01-02,AMPLO_PROXY,2025
B3SA3,B3SA3,B3SA3,financeiro,-0.25224375834256196,0.2771791857522577,2.9109,0.17877203,251,2024-12-30,2025-01-02,AMPLO_PROXY,2025
BBAS3,BBAS3,BBAS3,banco,-0.043208570764749266,0.17047577309593792,0.7423,0.0,251,2024-12-30,2025-01-02,AMPLO_PROXY,2025
BBDC4,BBDC4,BBDC4,banco,-0.2665418968163179,0.27268423275204073,0.7316,0.0,251,2024-12-30,2025-01-02,AMPLO_PROXY,2025
BBSE3,BBSE3,BBSE3,seguro,0.15077663769847982,0.1538896954243885,5.8375,0.0,251,2024-12-30,2025-01-02,AMPLO_PROXY,2025
BEEF3,BEEF3,BEEF3,proteína,-0.30464485217764514,0.3754228754933627,2.2429,0.08226692,251,2024-12-30,2025-01-02,AMPLO_PROXY,2025
BHIA3,BHIA3,BHIA3,varejo,-0.7396396391365244,0.8038930989169855,0.0954,-0.039048,251,2024-12-30,2025-01-02,AMPLO_PROXY,2025
BPAC11,BPAC11,BPAC11,banco,-0.2490909522228537,0.26634002140626273,1.5904,0.0,251,2024-12-30,2025-01-02,AMPLO_PROXY,2025
BRAP4,BRAP4,BRAP4,mineração,-0.2720523951788729,0.22098555965448322,0.7399,0.19848506,251,2024-12-30,2025-01-02,AMPLO_PROXY,2025
BRFS3,BRFS3,BRFS3,proteína,0.9590527943135561,0.3941184588689912,2.3914,0.15849778,251,2024-12-30,2025-01-02,AMPLO_PROXY,2025
BRKM5,BRKM5,BRKM5,químico,-0.4511848476611521,0.4525886038929819,-0.0062,0.01896283,251,2024-12-30,2025-01-02,AMPLO_PROXY,2025
MOTV3,CCRO3,MOTV3,transporte,-0.24836934825920387,0.2375460366967091,1.4732,0.12577178,251,2024-12-30,2025-01-02,AMPLO_PROXY,2025
CEAB3,CEAB3,CEAB3,varejo,0.07047886212448762,0.6153213868341404,0.7717,0.16521372,251,2024-12-30,2025-01-02,AMPLO_PROXY,2025
CMIG4,CMIG4,CMIG4,energia,0.4393057652867087,0.2546774586806629,1.1324,0.24711848,251,2024-12-30,2025-01-02,AMPLO_PROXY,2025
CMIN3,CMIN3,CMIN3,mineração,-0.2688730661981019,0.3865616315669488,3.1274,0.30694251,251,2024-12-30,2025-01-02,AMPLO_PROXY,2025
COGN3,COGN3,COGN3,educação,-0.6755952132522292,0.567993341733494,0.1617,0.04212138,251,2024-12-30,2025-01-02,AMPLO_PROXY,2025
CPFE3,CPFE3,CPFE3,energia,-0.17755789785188625,0.19088542101747286,1.696,0.21281288,251,2024-12-30,2025-01-02,AMPLO_PROXY,2025
CPLE6,CPLE6,CPLE6,energia,-0.06316174653764905,0.20637146157906638,1.0717,0.10378709,251,2024-12-30,2025-01-02,AMPLO_PROXY,2025
CRFB3,CRFB3,CRFB3,supermercado,-0.5414134148994295,0.4562355956402725,0.5294,0.08035247,251,2024-12-30,2025-01-02,AMPLO_PROXY,2025
CSAN3,CSAN3,CSAN3,químico,-0.5605006905523967,0.3153208927006537,0.3087,0.08784725,251,2024-12-30,2025-01-02,AMPLO_PROXY,2025
CSMG3,CSMG3,CSMG3,saneamento,0.17124288740141735,0.2793749236429784,1.0036,0.14571245,251,2024-12-30,2025-01-02,AMPLO_PROXY,2025
CSNA3,CSNA3,CSNA3,siderurgico,-0.4944538959090855,0.38349497322908777,0.7712,0.07171989,251,2024-12-30,2025-01-02,AMPLO_PROXY,2025
CURY3,CURY3,CURY3,construção,0.080568006302151,0.30090029276595726,4.104,0.33220869,251,2024-12-30,2025-01-02,AMPLO_PROXY,2025
CVCB3,CVCB3,CVCB3,consumo,-0.5792682926829269,0.6550688130251435,1.2459,0.05342693,251,2024-12-30,2025-01-02,AMPLO_PROXY,2025
CXSE3,CXSE3,CXSE3,seguro,0.1942654196407767,0.2485403606177796,3.2711,0.0,251,2024-12-30,2025-01-02,AMPLO_PROXY,2025
CYRE3,CYRE3,CYRE3,construção,-0.24605602284690076,0.3386349330112476,0.6451,0.10957938,251,2024-12-30,2025-01-02,AMPLO_PROXY,2025
DIRR3,DIRR3,DIRR3,construção,0.30598373770551235,0.301464983326154,2.0524,0.15153125,251,2024-12-30,2025-01-02,AMPLO_PROXY,2025
ECOR3,ECOR3,ECOR3,transporte,-0.5391293710439096,0.46133914921092123,0.7843,0.14076443,251,2024-12-30,2025-01-02,AMPLO_PROXY,2025
EGIE3,EGIE3,EGIE3,energia,-0.15198920186199016,0.18224331004011163,2.4539,0.21775714,251,2024-12-30,2025-01-02,AMPLO_PROXY,2025
AXIA3,ELET3,AXIA3,energia,-0.152571717312872,0.23881163679330736,0.6328,0.09616508,251,2024-12-30,2025-01-02,AMPLO_PROXY,2025
EMBJ3,EMBR3,EMBJ3,indústria,1.5517711179228937,0.39993739798038225,2.2182,0.09851989,251,2024-12-30,2025-01-02,AMPLO_PROXY,2025
ENEV3,ENEV3,ENEV3,energia,-0.20767496138480113,0.2331353803235081,1.2535,0.08437673,251,2024-12-30,2025-01-02,AMPLO_PROXY,2025
ENGI11,ENGI11,ENGI11,energia,-0.28576497717336213,0.2420019125525063,0.8138,0.11806316,251,2024-12-30,2025-01-02,AMPLO_PROXY,2025
EQTL3,EQTL3,EQTL3,energia,-0.20509973103717682,0.28269829377849215,1.1473,0.10104843,251,2024-12-30,2025-01-02,AMPLO_PROXY,2025
EZTC3,EZTC3,EZTC3,construção,-0.33383393912824877,0.39815782762842994,0.4755,0.04945406,251,2024-12-30,2025-01-02,AMPLO_PROXY,2025
FLRY3,FLRY3,FLRY3,saúde,-0.290742168057906,0.22005309904440726,1.2103,0.11157027,251,2024-12-30,2025-01-02,AMPLO_PROXY,2025
GGBR4,GGBR4,GGBR4,siderurgico,-0.03644386064563476,0.2791900267403537,0.6777,0.10852635,251,2024-12-30,2025-01-02,AMPLO_PROXY,2025
GGPS3,GGPS3,GGPS3,transporte,-0.22421979687591664,0.24281538291093882,2.7374,0.14317578,251,2024-12-30,2025-01-02,AMPLO_PROXY,2025
GMAT3,GMAT3,GMAT3,varejo,-0.05202723133339382,0.3070170462122827,1.5023,0.15069278,251,2024-12-30,2025-01-02,AMPLO_PROXY,2025
GOAU4,GOAU4,GOAU4,siderurgico,-0.00814719779313533,0.26033329569577673,0.1864,0.10790087,251,2024-12-30,2025-01-02,AMPLO_PROXY,2025
HAPV3,HAPV3,HAPV3,saúde,-0.4801864801430087,0.4365660181694443,0.3432,0.01438311,251,2024-12-30,2025-01-02,AMPLO_PROXY,2025
HYPE3,HYPE3,HYPE3,saúde,-0.4617001095239993,0.3424929119988987,0.9365,0.10088215,251,2024-12-30,2025-01-02,AMPLO_PROXY,2025
IGTI11,IGTI11,IGTI11,shopping,-0.2549908054076835,0.24914188077987004,1.6298,0.08581806,251,2024-12-30,2025-01-02,AMPLO_PROXY,2025
IRBR3,IRBR3,IRBR3,seguro,0.01264312997310757,0.5458829856857512,0.726,0.0,251,2024-12-30,2025-01-02,AMPLO_PROXY,2025
ITSA4,ITSA4,ITSA4,financeiro,-0.0276929805878513,0.18402167227321853,1.0054,0.14752773,251,2024-12-30,2025-01-02,AMPLO_PROXY,2025
ITUB4,ITUB4,ITUB4,banco,-0.01682784764142642,0.18380649693703643,1.4262,0.0,251,2024-12-30,2025-01-02,AMPLO_PROXY,2025
KLBN11,KLBN11,KLBN11,madeira-papel,0.25063940246885896,0.19185389785995458,2.3562,0.08443026,251,2024-12-30,2025-01-02,AMPLO_PROXY,2025
LREN3,LREN3,LREN3,varejo,-0.18983386117066625,0.42958437510422576,1.1148,0.11254517,251,2024-12-30,2025-01-02,AMPLO_PROXY,2025
LWSA3,LWSA3,LWSA3,tecnologia,-0.39365737096019915,0.4631009325338943,0.6618,0.04046023,251,2024-12-30,2025-01-02,AMPLO_PROXY,2025
MDIA3,MDIA3,MDIA3,consumo,-0.4643940474229923,0.28395303948437456,0.8591,0.09226797,251,2024-12-30,2025-01-02,AMPLO_PROXY,2025
MGLU3,MGLU3,MGLU3,varejo,-0.661001543678477,0.6100244770425067,0.4323,-0.00668315,251,2024-12-30,2025-01-02,AMPLO_PROXY,2025
MOVI3,MOVI3,MOVI3,transporte,-0.6672594707419575,0.5602839502248494,0.4765,0.08153451,251,2024-12-30,2025-01-02,AMPLO_PROXY,2025
MBRF3,MRFG3,MBRF3,proteína,1.0593643314588945,0.45547945451289346,0.661,0.06458589,251,2024-12-30,2025-01-02,AMPLO_PROXY,2025
MRVE3,MRVE3,MRVE3,construção,-0.5046641967807266,0.4797992553895144,0.3991,0.02355946,251,2024-12-30,2025-01-02,AMPLO_PROXY,2025
MULT3,MULT3,MULT3,shopping,-0.22609931568223174,0.24602675108850874,1.5558,0.1313651,251,2024-12-30,2025-01-02,AMPLO_PROXY,2025
NATU3,NTCO3,NATU3,consumo,-0.2038844812099464,0.37820067223666104,1.1384,0.05898129,251,2024-12-30,2025-01-02,AMPLO_PROXY,2025
ONCO3,ONCO3,ONCO3,saúde,-0.8127999996520334,0.8486212862439957,0.3563,0.07549848,251,2024-12-30,2025-01-02,AMPLO_PROXY,2025
PCAR3,PCAR3,PCAR3,supermercado,-0.39140813425002907,0.689069456569364,0.3098,0.00179641,251,2024-12-30,2025-01-02,AMPLO_PROXY,2025
PETR4,PETR4,PETR4,petróleo,0.17383781234871276,0.2501655962204353,1.1826,0.22818979,251,2024-12-30,2025-01-02,AMPLO_PROXY,2025
POMO4,POMO4,POMO4,transporte,0.2895595540084819,0.3778238726984089,2.1265,0.18862688,251,2024-12-30,2025-01-02,AMPLO_PROXY,2025
PRIO3,PRIO3,PRIO3,petróleo,-0.11466372657111357,0.29587553663936156,1.8486,0.2049672,251,2024-12-30,2025-01-02,AMPLO_PROXY,2025
PSSA3,PSSA3,PSSA3,seguro,0.31078099946678517,0.21633457029214878,1.7368,0.0,251,2024-12-30,2025-01-02,AMPLO_PROXY,2025
RADL3,RADL3,RADL3,saúde,-0.2367268693633865,0.2556734030177503,5.9745,0.24350531,251,2024-12-30,2025-01-02,AMPLO_PROXY,2025
RAIL3,RAIL3,RAIL3,transporte,-0.19451039097907508,0.257428886670028,2.1729,0.06995717,251,2024-12-30,2025-01-02,AMPLO_PROXY,2025
RAIZ4,RAIZ4,RAIZ4,agrícola,-0.4681358701165491,0.33408794922681173,0.9935,0.09891928,251,2024-12-30,2025-01-02,AMPLO_PROXY,2025
RDOR3,RDOR3,RDOR3,saúde,-0.061700507983708075,0.3031304021384169,2.1668,0.12615827,251,2024-12-30,2025-01-02,AMPLO_PROXY,2025
RECV3,RECV3,RECV3,petróleo,-0.10543079069339312,0.3582589426495512,1.0386,0.12476392,251,2024-12-30,2025-01-02,AMPLO_PROXY,2025
RENT3,RENT3,RENT3,transporte,-0.45537974450219654,0.40504292843377465,1.3316,0.08108,251,2024-12-30,2025-01-02,AMPLO_PROXY,2025
SANB11,SANB11,SANB11,banco,-0.21378676385596973,0.21818785504983268,0.7484,0.0,251,2024-12-30,2025-01-02,AMPLO_PROXY,2025
SAPR11,SAPR11,SAPR11,saneamento,0.009466639817556244,0.2483934310233419,0.7956,0.13882416,251,2024-12-30,2025-01-02,AMPLO_PROXY,2025
SBFG3,SBFG3,SBFG3,varejo,-0.006401428581723323,0.47547915123379825,0.8746,0.1072542,251,2024-12-30,2025-01-02,AMPLO_PROXY,2025
SBSP3,SBSP3,SBSP3,saneamento,0.22329570350336092,0.2325987827462325,1.5957,0.25759794,251,2024-12-30,2025-01-02,AMPLO_PROXY,2025
SLCE3,SLCE3,SLCE3,agrícola,-0.0029744408130168987,0.2263272953121655,1.475,0.10339039,251,2024-12-30,2025-01-02,AMPLO_PROXY,2025
SMFT3,SMFT3,SMFT3,consumo,-0.29897997124867337,0.3208688161636644,1.8847,0.10775239,251,2024-12-30,2025-01-02,AMPLO_PROXY,2025
SMTO3,SMTO3,SMTO3,agrícola,-0.14822115235162103,0.31505580387217086,1.1773,0.12346875,251,2024-12-30,2025-01-02,AMPLO_PROXY,2025
STBP3,STBP3,STBP3,transporte,0.7235540495287516,0.3572637075310414,4.9288,0.24555893,251,2024-12-30,2025-01-02,AMPLO_PROXY,2025
SUZB3,SUZB3,SUZB3,madeira-papel,0.15696398598374217,0.2803359408672707,1.8624,0.11156259,251,2024-12-30,2025-01-02,AMPLO_PROXY,2025
TAEE11,TAEE11,TAEE11,energia,-0.053602688049819824,0.1362685198356032,1.6264,0.16086099,251,2024-12-30,2025-01-02,AMPLO_PROXY,2025
TEND3,TEND3,TEND3,construção,-0.10936067697857121,0.5346254878642633,1.6007,0.11106463,251,2024-12-30,2025-01-02,AMPLO_PROXY,2025
TIMS3,TIMS3,TIMS3,telecom,-0.127132304145684,0.24825857916280286,1.3492,0.19231544,251,2024-12-30,2025-01-02,AMPLO_PROXY,2025
TOTS3,TOTS3,TOTS3,tecnologia,-0.17794826860527868,0.3216792727601018,3.0253,0.11777339,251,2024-12-30,2025-01-02,AMPLO_PROXY,2025
UGPA3,UGPA3,UGPA3,químico,-0.3877578285103187,0.30267715114151084,1.1286,0.15507695,251,2024-12-30,2025-01-02,AMPLO_PROXY,2025
USIM5,USIM5,USIM5,siderurgico,-0.3972084055473786,0.44416101619845616,0.246,0.01900272,251,2024-12-30,2025-01-02,AMPLO_PROXY,2025
VALE3,VALE3,VALE3,mineração,-0.22648586808852778,0.23088393778320318,1.0772,0.24116952,251,2024-12-30,2025-01-02,AMPLO_PROXY,2025
VAMO3,VAMO3,VAMO3,transporte,-0.4708012172354774,0.5119290562601427,0.9876,0.11601508,251,2024-12-30,2025-01-02,AMPLO_PROXY,2025
VBBR3,VBBR3,VBBR3,transporte,-0.1651724097283298,0.26578567190683744,0.9742,0.34529459,251,2024-12-30,2025-01-02,AMPLO_PROXY,2025
VIVA3,VIVA3,VIVA3,consumo,-0.42477772485802845,0.3660147402271914,1.9819,0.22300726,251,2024-12-30,2025-01-02,AMPLO_PROXY,2025
VIVT3,VIVT3,VIVT3,telecom,-0.059309174026005995,0.22709162024638319,1.1177,0.09613992,251,2024-12-30,2025-01-02,AMPLO_PROXY,2025
WEGE3,WEGE3,WEGE3,indústria,0.46878192145183295,0.2533304658102318,10.8168,0.30682234,251,2024-12-30,2025-01-02,AMPLO_PROXY,2025
YDUQ3,YDUQ3,YDUQ3,educação,-0.5927475260908999,0.5015259056468141,0.7233,0.09194675,251,2024-12-30,2025-01-02,AMPLO_PROXY,2025
BBAS3,BBAS3,BBAS3,banco,-0.28104148993976663,0.48266741197903157,0.5684,0.12733964,246,2015-12-30,2016-01-04,ISE,2016
BBDC4,BBDC4,BBDC4,banco,-0.2832404959665714,0.3573312827170785,1.1246,0.07795141,246,2015-12-30,2016-01-04,ISE,2016
BRFS3,BRFS3,BRFS3,proteína,-0.10217006297195952,0.26844190000802265,3.237,0.13686556,246,2015-12-30,2016-01-04,ISE,2016
BRKM5,BRKM5,BRKM5,químico,0.6704154179539616,0.5561097765715116,13.3757,0.21635653,246,2015-12-30,2016-01-04,ISE,2016
AMER3,BTOW3,AMER3,varejo,-0.30456622111703446,0.6027208205234204,1.3688,0.04945135,246,2015-12-30,2016-01-04,ISE,2016
MOTV3,CCRO3,MOTV3,transporte,-0.10594285774417345,0.39365614757972606,4.7215,0.15823398,246,2015-12-30,2016-01-04,ISE,2016
CESP6,CESP6,CESP6,energia,-0.339806470144982,0.385543962482244,0.5689,-0.081247,246,2015-12-30,2016-01-04,ISE,2016
CIEL3,CIEL3,CIEL3,tecnologia,0.03406138176709339,0.2886168006239945,6.4437,0.17315251,246,2015-12-30,2016-01-04,ISE,2016
CMIG4,CMIG4,CMIG4,energia,-0.5057793789302785,0.437202100087386,0.5393,0.20596181,246,2015-12-30,2016-01-04,ISE,2016
CPFE3,CPFE3,CPFE3,energia,-0.14527026935670329,0.36075911564570623,1.502,0.08891609,246,2015-12-30,2016-01-04,ISE,2016
CPLE6,CPLE6,CPLE6,energia,-0.26668918721103874,0.36860423219691674,0.4663,0.06908596,246,2015-12-30,2016-01-04,ISE,2016
DXCO3,DTEX3,DXCO3,madeira-papel,-0.18392416523614286,0.3811670393973532,0.8221,0.05576814,246,2015-12-30,2016-01-04,ISE,2016
ECOR3,ECOR3,ECOR3,transporte,-0.49849612728079906,0.4876018144289955,1.75,0.13080153,246,2015-12-30,2016-01-04,ISE,2016
AXIA3,ELET3,AXIA3,energia,0.017667680152547938,0.46711509152120556,0.1491,-0.0390891,246,2015-12-30,2016-01-04,ISE,2016
EMBJ3,EMBR3,EMBJ3,indústria,0.22385563566137012,0.2927517322191384,1.4846,0.04806601,246,2015-12-30,2016-01-04,ISE,2016
ENBR3,ENBR3,ENBR3,energia,0.3998421729031094,0.3638406639945287,0.7606,0.17321133,246,2015-12-30,2016-01-04,ISE,2016
EVEN3,EVEN3,EVEN3,construção,-0.17462546082614872,0.44668085652002343,0.3604,0.03577602,246,2015-12-30,2016-01-04,ISE,2016
FLRY3,FLRY3,FLRY3,saúde,0.005841769350013015,0.2983006494413601,1.5244,0.0824961,246,2015-12-30,2016-01-04,ISE,2016
ITSA4,ITSA4,ITSA4,financeiro,-0.12639805722107744,0.3027894057028329,0.9918,0.19380945,246,2015-12-30,2016-01-04,ISE,2016
ITUB4,ITUB4,ITUB4,banco,-0.10036962156644924,0.3245396463294813,1.4037,0.16253483,246,2015-12-30,2016-01-04,ISE,2016
KLBN11,KLBN11,KLBN11,madeira-papel,0.6858117668689789,0.27586432589243864,4.3033,0.05220174,246,2015-12-30,2016-01-04,ISE,2016
LAME4,LAME4,LAME4,varejo,0.15885103399987743,0.352866164198781,7.9833,0.14094842,246,2015-12-30,2016-01-04,ISE,2016
LIGT3,LIGT3,LIGT3,energia,-0.39458382150978577,0.47532782491245634,0.5402,0.13132933,246,2015-12-30,2016-01-04,ISE,2016
LREN3,LREN3,LREN3,varejo,0.1483128925650179,0.32565839524252926,5.0299,0.22640401,246,2015-12-30,2016-01-04,ISE,2016
NATU3,NATU3,NATU3,consumo,-0.18131150743627122,0.4106242596830893,11.0535,0.19235308,246,2015-12-30,2016-01-04,ISE,2016
SANB11,SANB11,SANB11,banco,0.3438731948889313,0.40135670867528644,0.7352,-0.04803981,246,2015-12-30,2016-01-04,ISE,2016
SULA11,SULA11,SULA11,seguro,0.5771957251472204,0.34782976772606444,1.4453,0.06163545,246,2015-12-30,2016-01-04,ISE,2016
TIMS3,TIMP3,TIMS3,telecom,-0.4056175153765106,0.37348160553360343,0.9808,0.14083159,246,2015-12-30,2016-01-04,ISE,2016
VIVT3,VIVT3,VIVT3,telecom,-0.04760611873647491,0.3397755260399454,0.8516,0.06590635,246,2015-12-30,2016-01-04,ISE,2016
WEGE3,WEGE3,WEGE3,indústria,-0.006421126040187075,0.27845914709880326,4.0254,0.10628469,246,2015-12-30,2016-01-04,ISE,2016
BBAS3,BBAS3,BBAS3,banco,1.0641285672456307,0.5636088223032607,1.0486,0.21786894,249,2016-12-29,2017-01-02,ISE,2017
BBDC4,BBDC4,BBDC4,banco,0.7626076441387988,0.4214817323207009,1.6279,0.31773269,249,2016-12-29,2017-01-02,ISE,2017
BRFS3,BRFS3,BRFS3,proteína,-0.09675433601632322,0.2985216696357425,3.0367,0.10263014,249,2016-12-29,2017-01-02,ISE,2017
BRKM5,BRKM5,BRKM5,químico,0.4046085418060774,0.44441643757167665,6.205,0.31535676,249,2016-12-29,2017-01-02,ISE,2017
AMER3,BTOW3,AMER3,varejo,-0.29606624366202594,0.6012243605541577,1.0993,0.05905705,249,2016-12-29,2017-01-02,ISE,2017
MOTV3,CCRO3,MOTV3,transporte,0.3757933507830893,0.3866101620397765,5.9624,0.2236927,249,2016-12-29,2017-01-02,ISE,2017
CIEL3,CIEL3,CIEL3,tecnologia,0.05664073252743296,0.338678929206527,5.0914,0.17721597,249,2016-12-29,2017-01-02,ISE,2017
CLSC4,CLSC4,CLSC4,energia,0.7953431775828219,0.34228375540533107,0.28,0.03414349,249,2016-12-29,2017-01-02,ISE,2017
CMIG4,CMIG4,CMIG4,energia,0.4954415313176874,0.6148859600504593,0.6805,0.07158655,249,2016-12-29,2017-01-02,ISE,2017
CPFE3,CPFE3,CPFE3,energia,0.7649472077997446,0.26801255646797245,2.4548,0.08922084,249,2016-12-29,2017-01-02,ISE,2017
CPLE6,CPLE6,CPLE6,energia,0.24201886708469855,0.48278978715323484,0.4797,0.11287603,249,2016-12-29,2017-01-02,ISE,2017
DXCO3,DTEX3,DXCO3,madeira-papel,0.22282519530917333,0.41781914451960617,1.0255,0.03034981,249,2016-12-29,2017-01-02,ISE,2017
ECOR3,ECOR3,ECOR3,transporte,0.7783100588161735,0.43217133758030674,8.8241,0.13889577,249,2016-12-29,2017-01-02,ISE,2017
EGIE3,EGIE3,EGIE3,energia,0.12665448308169314,0.21701654826683148,3.4682,0.24877421,249,2016-12-29,2017-01-02,ISE,2017
AXIA3,ELET3,AXIA3,energia,3.200736391445967,0.5278674513733908,0.6012,0.14670194,249,2016-12-29,2017-01-02,ISE,2017
EMBJ3,EMBR3,EMBJ3,indústria,-0.4513744688854474,0.4004744624937745,0.9568,0.00190013,249,2016-12-29,2017-01-02,ISE,2017
ENBR3,ENBR3,ENBR3,energia,0.31825082561407037,0.26957439591958665,0.8492,0.13652105,249,2016-12-29,2017-01-02,ISE,2017
FLRY3,FLRY3,FLRY3,saúde,1.5021051481782508,0.30696802450174127,3.1495,0.11996113,249,2016-12-29,2017-01-02,ISE,2017
ITSA4,ITSA4,ITSA4,financeiro,0.49429492741595205,0.34278847717167127,1.2044,0.14847562,249,2016-12-29,2017-01-02,ISE,2017
ITUB4,ITUB4,ITUB4,banco,0.5703932574232233,0.35667795270396524,1.4825,0.27819865,249,2016-12-29,2017-01-02,ISE,2017
KLBN11,KLBN11,KLBN11,madeira-papel,-0.16934226630054827,0.34173137003883636,2.214,0.06636508,249,2016-12-29,2017-01-02,ISE,2017
LAME4,LAME4,LAME4,varejo,0.09342823262927569,0.3958254794685007,8.4892,0.15089799,249,2016-12-29,2017-01-02,ISE,2017
LIGT3,LIGT3,LIGT3,energia,0.9932875396903198,0.5467353664475036,0.9977,0.03506917,249,2016-12-29,2017-01-02,ISE,2017
LREN3,LREN3,LREN3,varejo,0.4649132296005922,0.32870575227877535,6.2892,0.21216851,249,2016-12-29,2017-01-02,ISE,2017
MRVE3,MRVE3,MRVE3,construção,0.35722551160500027,0.2978978688741719,0.8879,0.06223335,249,2016-12-29,2017-01-02,ISE,2017
NATU3,NATU3,NATU3,consumo,-0.012434710244006109,0.4258732960465231,10.3429,0.21305398,249,2016-12-29,2017-01-02,ISE,2017
SANB11,SANB11,SANB11,banco,1.0312958134842627,0.3516357244509312,1.2456,0.19893724,249,2016-12-29,2017-01-02,ISE,2017
SULA11,SULA11,SULA11,seguro,0.015781124771650612,0.4055688819754644,1.2305,0.04409146,249,2016-12-29,2017-01-02,ISE,2017
AESB3,TIET11,AESB3,energia,0.14663815139023417,0.2899808426253224,3.3233,0.24118779,249,2016-12-29,2017-01-02,ISE,2017
TIMS3,TIMP3,TIMS3,telecom,0.18376790226281003,0.3673021300091193,1.1168,0.06418153,249,2016-12-29,2017-01-02,ISE,2017
VIVT3,VIVT3,VIVT3,telecom,0.2518689179714735,0.3433786426168006,0.8952,0.07804127,249,2016-12-29,2017-01-02,ISE,2017
WEGE3,WEGE3,WEGE3,indústria,0.08588698011394502,0.32673411268221825,4.1933,0.09788845,249,2016-12-29,2017-01-02,ISE,2017
BBAS3,BBAS3,BBAS3,banco,0.19182068890716475,0.3802378024294493,1.0791,0.13605769,246,2017-12-28,2018-01-02,ISE,2018
BBDC4,BBDC4,BBDC4,banco,0.34384134992597626,0.27034215330809397,1.8674,0.21846475,246,2017-12-28,2018-01-02,ISE,2018
BRKM5,BRKM5,BRKM5,químico,0.2969172339031292,0.3125603574757098,4.8734,0.2051937,246,2017-12-28,2018-01-02,ISE,2018
AMER3,BTOW3,AMER3,varejo,1.0579025428919069,0.5279981626984992,2.3632,0.02992621,246,2017-12-28,2018-01-02,ISE,2018
MOTV3,CCRO3,MOTV3,transporte,0.0589617923218444,0.30770646509990507,3.4984,0.15027191,246,2017-12-28,2018-01-02,ISE,2018
CIEL3,CIEL3,CIEL3,tecnologia,0.07355341293463358,0.2687340418249513,4.4096,0.16809427,246,2017-12-28,2018-01-02,ISE,2018
CLSC4,CLSC4,CLSC4,energia,0.7217284706996752,0.44128843445969823,0.489,0.1460435,246,2017-12-28,2018-01-02,ISE,2018
CMIG4,CMIG4,CMIG4,energia,-0.06964561063860797,0.47421440441349777,0.6506,0.04427951,246,2017-12-28,2018-01-02,ISE,2018
CPFE3,CPFE3,CPFE3,energia,-0.22731784169596603,0.21833921614342322,1.7753,0.10356924,246,2017-12-28,2018-01-02,ISE,2018
CPLE6,CPLE6,CPLE6,energia,-0.017245621826920243,0.37336738174422257,0.4344,0.07446937,246,2017-12-28,2018-01-02,ISE,2018
DXCO3,DTEX3,DXCO3,madeira-papel,0.3968838401554051,0.3940103341164251,1.3556,0.05086475,246,2017-12-28,2018-01-02,ISE,2018
ECOR3,ECOR3,ECOR3,transporte,0.5743935390899342,0.36790944130788206,8.6916,0.20824067,246,2017-12-28,2018-01-02,ISE,2018
EGIE3,EGIE3,EGIE3,energia,0.10071990838296085,0.1820186059584335,3.535,0.25623817,246,2017-12-28,2018-01-02,ISE,2018
ENBR3,ENBR3,ENBR3,energia,0.0541633540830333,0.2385413185692038,0.9014,0.0941121,246,2017-12-28,2018-01-02,ISE,2018
FLRY3,FLRY3,FLRY3,saúde,0.7364343327478637,0.2981614090832754,5.5606,0.17773042,246,2017-12-28,2018-01-02,ISE,2018
ITSA4,ITSA4,ITSA4,financeiro,0.389037545868844,0.2349896195548161,1.4799,0.14511099,246,2017-12-28,2018-01-02,ISE,2018
ITUB4,ITUB4,ITUB4,banco,0.3175868241007527,0.24749096378926327,1.9274,0.24636894,246,2017-12-28,2018-01-02,ISE,2018
KLBN11,KLBN11,KLBN11,madeira-papel,0.06058982531975299,0.26941295078196376,2.1501,0.05059677,246,2017-12-28,2018-01-02,ISE,2018
LAME4,LAME4,LAME4,varejo,0.026749662225131976,0.3336365208636525,4.5819,0.09280682,246,2017-12-28,2018-01-02,ISE,2018
LIGT3,LIGT3,LIGT3,energia,-0.049544357464834876,0.4873806449013032,1.0097,0.08192785,246,2017-12-28,2018-01-02,ISE,2018
LREN3,LREN3,LREN3,varejo,0.7103822343669364,0.2887890083920467,8.6514,0.22796433,246,2017-12-28,2018-01-02,ISE,2018
MRVE3,MRVE3,MRVE3,construção,0.42881373238492837,0.2966197459842591,1.1519,0.06230981,246,2017-12-28,2018-01-02,ISE,2018
NATU3,NATU3,NATU3,consumo,0.48740097677045524,0.37381711671333034,10.073,0.11736199,246,2017-12-28,2018-01-02,ISE,2018
SANB11,SANB11,SANB11,banco,0.14652824944473442,0.33317450967613615,1.3178,0.13622155,246,2017-12-28,2018-01-02,ISE,2018
AESB3,TIET11,AESB3,energia,-0.0328381984874766,0.22687952628449676,3.2083,0.12092623,246,2017-12-28,2018-01-02,ISE,2018
TIMS3,TIMP3,TIMS3,telecom,0.7165464268741959,0.22382897330185123,1.7787,0.07566845,246,2017-12-28,2018-01-02,ISE,2018
VIVT3,VIVT3,VIVT3,telecom,0.23873741208242127,0.2602650271544028,1.0009,0.08593776,246,2017-12-28,2018-01-02,ISE,2018
WEGE3,WEGE3,WEGE3,indústria,0.6272560755513203,0.2595498159049798,5.9708,0.10911526,246,2017-12-28,2018-01-02,ISE,2018
BBAS3,BBAS3,BBAS3,banco,0.4869271363295784,0.41640455586977526,1.3961,0.1773544,245,2018-12-28,2019-01-02,ISE,2019
BBDC4,BBDC4,BBDC4,banco,0.261751684438444,0.32702007992528104,2.2366,0.19673735,245,2018-12-28,2019-01-02,ISE,2019
BRKM5,BRKM5,BRKM5,químico,0.17754040181118924,0.3802802418844324,5.882,0.29542664,245,2018-12-28,2019-01-02,ISE,2019
AMER3,BTOW3,AMER3,varejo,1.1009999506837418,0.5498393195858468,5.3346,0.00317916,245,2018-12-28,2019-01-02,ISE,2019
MOTV3,CCRO3,MOTV3,transporte,-0.2864775627237738,0.3898783549592688,2.3172,0.11853303,245,2018-12-28,2019-01-02,ISE,2019
CIEL3,CIEL3,CIEL3,tecnologia,-0.5913776771583863,0.4007057379378725,1.6063,0.15320368,245,2018-12-28,2019-01-02,ISE,2019
CMIG4,CMIG4,CMIG4,energia,1.1395722669906765,0.43455455656559466,1.3498,0.11383412,245,2018-12-28,2019-01-02,ISE,2019
CPLE6,CPLE6,CPLE6,energia,0.31975721372537946,0.3436987515886953,0.5057,0.082006,245,2018-12-28,2019-01-02,ISE,2019
DXCO3,DTEX3,DXCO3,madeira-papel,0.35470412016569086,0.40828834055665414,1.5128,0.13197051,245,2018-12-28,2019-01-02,ISE,2019
ECOR3,ECOR3,ECOR3,transporte,-0.1883230024893483,0.40604695169908717,6.7081,0.1469419,245,2018-12-28,2019-01-02,ISE,2019
EGIE3,EGIE3,EGIE3,energia,0.36448652333548903,0.20747144141842014,3.2563,0.2245164,245,2018-12-28,2019-01-02,ISE,2019
AXIA3,ELET3,AXIA3,energia,0.2895159624192265,0.6511996417730939,0.7495,0.0161618,245,2018-12-28,2019-01-02,ISE,2019
ENBR3,ENBR3,ENBR3,energia,0.07764814207598314,0.3352760636357432,0.9317,0.11728909,245,2018-12-28,2019-01-02,ISE,2019
FLRY3,FLRY3,FLRY3,saúde,-0.3109247173486219,0.3313866001886197,3.6149,0.16201911,245,2018-12-28,2019-01-02,ISE,2019
ITSA4,ITSA4,ITSA4,financeiro,0.2990004465286864,0.3235414405136823,1.8109,0.15770978,245,2018-12-28,2019-01-02,ISE,2019
ITUB4,ITUB4,ITUB4,banco,0.29510520107937266,0.2981149099316833,1.5865,0.17331116,245,2018-12-28,2019-01-02,ISE,2019
KLBN11,KLBN11,KLBN11,madeira-papel,-0.07663998227590751,0.22202054398239063,2.7768,0.09243247,245,2018-12-28,2019-01-02,ISE,2019
LAME4,LAME4,LAME4,varejo,0.19228023816020579,0.3550085911103896,5.1092,0.07913831,245,2018-12-28,2019-01-02,ISE,2019
LIGT3,LIGT3,LIGT3,energia,-0.011261738612290961,0.4752138048780595,1.0085,0.0888605,245,2018-12-28,2019-01-02,ISE,2019
LREN3,LREN3,LREN3,varejo,0.21583894847025675,0.34457645894123357,8.414,0.23410776,245,2018-12-28,2019-01-02,ISE,2019
MRVE3,MRVE3,MRVE3,construção,-0.021025932599199604,0.34211971678522934,0.9135,0.07884451,245,2018-12-28,2019-01-02,ISE,2019
NATU3,NATU3,NATU3,consumo,0.4067790930611084,0.3691905106607644,7.7452,0.10500366,245,2018-12-28,2019-01-02,ISE,2019
SANB11,SANB11,SANB11,banco,0.38567322401908877,0.3448407209005279,1.7359,0.12601004,245,2018-12-28,2019-01-02,ISE,2019
AESB3,TIET11,AESB3,energia,-0.1582954251038593,0.23827548304278706,2.5938,0.11785063,245,2018-12-28,2019-01-02,ISE,2019
TIMS3,TIMP3,TIMS3,telecom,-0.08683325727888846,0.32815159243269754,1.4675,0.10707904,245,2018-12-28,2019-01-02,ISE,2019
VIVT3,VIVT3,VIVT3,telecom,0.1174111048859392,0.26488461842361655,0.9757,0.12220791,245,2018-12-28,2019-01-02,ISE,2019
WEGE3,WEGE3,WEGE3,indústria,-0.07240237872702127,0.2822276276650048,4.7328,0.11222739,245,2018-12-28,2019-01-02,ISE,2019
BBAS3,BBAS3,BBAS3,banco,0.14451967255444131,0.30275434736723755,1.558,0.21166048,248,2019-12-30,2020-01-02,ISE,2020
BBDC4,BBDC4,BBDC4,banco,0.13748484401133987,0.2601664993926376,2.1005,0.18108347,248,2019-12-30,2020-01-02,ISE,2020
VBBR3,BRDT3,VBBR3,transporte,0.29716593410953984,0.3054284860684469,3.6484,0.10238908,248,2019-12-30,2020-01-02,ISE,2020
BRFS3,BRFS3,BRFS3,proteína,0.5728328865478363,0.3706118948296213,3.8512,0.08961451,248,2019-12-30,2020-01-02,ISE,2020
BRKM5,BRKM5,BRKM5,químico,-0.36471053683134913,0.3798641673045782,3.8292,0.13698222,248,2019-12-30,2020-01-02,ISE,2020
AMER3,BTOW3,AMER3,varejo,0.47899648803445216,0.503307174455003,5.1153,-0.00117087,248,2019-12-30,2020-01-02,ISE,2020
MOTV3,CCRO3,MOTV3,transporte,0.6643559677698154,0.3304804270081875,4.2782,0.10131689,248,2019-12-30,2020-01-02,ISE,2020
CIEL3,CIEL3,CIEL3,tecnologia,-0.08234925965657947,0.49258540596419137,2.442,0.08483835,248,2019-12-30,2020-01-02,ISE,2020
CMIG4,CMIG4,CMIG4,energia,0.01568139008106395,0.27391621507371333,1.1683,0.08623651,248,2019-12-30,2020-01-02,ISE,2020
CPLE6,CPLE6,CPLE6,energia,1.3432748896740438,0.30913393604740796,1.0623,0.10661949,248,2019-12-30,2020-01-02,ISE,2020
DXCO3,DTEX3,DXCO3,madeira-papel,0.4138649484421182,0.29530999515407746,2.4195,0.00642268,248,2019-12-30,2020-01-02,ISE,2020
ECOR3,ECOR3,ECOR3,transporte,0.6769544499618672,0.321918022121738,24.1468,0.06868421,248,2019-12-30,2020-01-02,ISE,2020
EGIE3,EGIE3,EGIE3,energia,0.5415817142956882,0.2473904380105526,5.4745,0.19186034,248,2019-12-30,2020-01-02,ISE,2020
AXIA3,ELET3,AXIA3,energia,0.5983208923733891,0.5213982225697215,0.8047,0.16411218,248,2019-12-30,2020-01-02,ISE,2020
ENBR3,ENBR3,ENBR3,energia,0.5641703158284708,0.2608860864300241,1.2836,0.11955863,248,2019-12-30,2020-01-02,ISE,2020
FLRY3,FLRY3,FLRY3,saúde,0.5925191814789574,0.264737361015893,5.5669,0.1858255,248,2019-12-30,2020-01-02,ISE,2020
ITSA4,ITSA4,ITSA4,financeiro,0.220906255906256,0.2364611785986421,2.1489,0.15722078,248,2019-12-30,2020-01-02,ISE,2020
ITUB4,ITUB4,ITUB4,banco,0.08303837945688275,0.24501714214882636,2.5129,0.23496128,248,2019-12-30,2020-01-02,ISE,2020
KLBN11,KLBN11,KLBN11,madeira-papel,0.19316350617793,0.2525941387716935,3.123,0.09753016,248,2019-12-30,2020-01-02,ISE,2020
LAME4,LAME4,LAME4,varejo,0.33238641265061797,0.33829025212792596,5.9063,0.06878607,248,2019-12-30,2020-01-02,ISE,2020
LIGT3,LIGT3,LIGT3,energia,0.4401753618329671,0.3282980202153667,1.045,0.1100217,248,2019-12-30,2020-01-02,ISE,2020
LREN3,LREN3,LREN3,varejo,0.43745610472536356,0.28001325638196356,10.4334,0.25506632,248,2019-12-30,2020-01-02,ISE,2020
MOVI3,MOVI3,MOVI3,transporte,1.1690708480961778,0.36690396881294435,2.5325,0.07680419,248,2019-12-30,2020-01-02,ISE,2020
MRVE3,MRVE3,MRVE3,construção,0.8154853593280813,0.48577988604681827,1.8652,0.09728584,248,2019-12-30,2020-01-02,ISE,2020
NATU3,NATU3,NATU3,consumo,0.6873050012210324,0.39464162775096684,10.9466,0.11549501,248,2019-12-30,2020-01-02,ISE,2020
SANB11,SANB11,SANB11,banco,0.1294287570243695,0.2550305702208728,1.8447,0.22762017,248,2019-12-30,2020-01-02,ISE,2020
AESB3,TIET11,AESB3,energia,0.7101536417572132,0.2084429592492891,4.1938,0.12402178,248,2019-12-30,2020-01-02,ISE,2020
TIMS3,TIMP3,TIMS3,telecom,0.34134917956383704,0.25982997064339364,30.6897,0.1137517,248,2019-12-30,2020-01-02,ISE,2020
VIVT3,VIVT3,VIVT3,telecom,0.24484504215102,0.23202677669127525,1.1728,0.08251596,248,2019-12-30,2020-01-02,ISE,2020
WEGE3,WEGE3,WEGE3,indústria,0.9579053397749604,0.25523297375043724,8.5627,0.14722715,248,2019-12-30,2020-01-02,ISE,2020
AESB3,AESB3,AESB3,energia,0.12502307803900825,0.49588733282268393,4.7889,0.14149266,249,2020-12-30,2021-01-04,ISE,2021
BBAS3,BBAS3,BBAS3,banco,-0.2497439448323271,0.6223013356816357,0.9873,0.0,248,2020-12-30,2021-01-04,ISE,2021
BBDC4,BBDC4,BBDC4,banco,-0.1824444808014194,0.5733043582555655,1.7445,0.0,248,2020-12-30,2021-01-04,ISE,2021
BEEF3,BEEF3,BEEF3,proteína,-0.1578915508855041,0.609087660404703,4.5539,0.13453818,248,2020-12-30,2021-01-04,ISE,2021
BPAC11,BPAC11,BPAC11,banco,0.25727013537841037,0.7874110751402494,3.2699,0.0,248,2020-12-30,2021-01-04,ISE,2021
VBBR3,BRDT3,VBBR3,transporte,-0.24916713204287166,0.5994755614972569,2.6814,0.07124722,248,2020-12-30,2021-01-04,ISE,2021
BRFS3,BRFS3,BRFS3,proteína,-0.3857302120179543,0.6163282054354765,2.4246,0.08047988,249,2020-12-30,2021-01-04,ISE,2021
BRKM5,BRKM5,BRKM5,químico,-0.22467112245471432,0.9141742381564634,-2.926,-0.12205142,248,2020-12-30,2021-01-04,ISE,2021
AMER3,BTOW3,AMER3,varejo,0.16394038046603243,0.7945068190550791,4.4376,0.0132163,248,2020-12-30,2021-01-04,ISE,2021
MOTV3,CCRO3,MOTV3,transporte,-0.26360185993911556,0.6565345812714265,3.3166,0.08725734,249,2020-12-30,2021-01-04,ISE,2021
CIEL3,CIEL3,CIEL3,tecnologia,-0.5268001529529152,0.7498953728370511,1.1827,0.02697613,249,2020-12-30,2021-01-04,ISE,2021
CMIG4,CMIG4,CMIG4,energia,0.12476151498622712,0.5646739659869437,1.2775,0.11915152,248,2020-12-30,2021-01-04,ISE,2021
CPFE3,CPFE3,CPFE3,energia,-0.022199494543805542,0.4303682364886564,2.5306,0.14015289,248,2020-12-30,2021-01-04,ISE,2021
CPLE6,CPLE6,CPLE6,energia,0.13022079978379342,0.5306882910385596,1.0088,0.12734509,249,2020-12-30,2021-01-04,ISE,2021
CSAN3,CSAN3,CSAN3,químico,0.07854815846107743,0.5635110132451725,2.5743,0.09253672,248,2020-12-30,2021-01-04,ISE,2021
DXCO3,DTEX3,DXCO3,madeira-papel,0.12271156533281236,0.6966158443600899,2.7068,0.08538225,248,2020-12-30,2021-01-04,ISE,2021
ECOR3,ECOR3,ECOR3,transporte,-0.17975462531922215,0.6961934262019298,10.8601,0.13062509,248,2020-12-30,2021-01-04,ISE,2021
EGIE3,EGIE3,EGIE3,energia,-0.12206713700176064,0.35805499116791484,5.0151,0.18197331,248,2020-12-30,2021-01-04,ISE,2021
AXIA3,ELET3,AXIA3,energia,0.0013979154181777975,0.7418965312964282,0.7533,0.10860796,248,2020-12-30,2021-01-04,ISE,2021
ENBR3,ENBR3,ENBR3,energia,-0.09231826339533833,0.39433753987651776,1.0766,0.11533612,249,2020-12-30,2021-01-04,ISE,2021
FLRY3,FLRY3,FLRY3,saúde,-0.10795873785232102,0.46394099565424923,5.0815,0.11284999,248,2020-12-30,2021-01-04,ISE,2021
ITSA4,ITSA4,ITSA4,financeiro,-0.13814136172498326,0.44444914735496616,1.7132,0.12771119,248,2020-12-30,2021-01-04,ISE,2021
ITUB4,ITUB4,ITUB4,banco,-0.13366918682938067,0.4827739205717929,2.0873,0.0,248,2020-12-30,2021-01-04,ISE,2021
KLBN11,KLBN11,KLBN11,madeira-papel,0.43743905735195,0.4780565330782834,9.0295,0.0786816,248,2020-12-30,2021-01-04,ISE,2021
LAME4,LAME4,LAME4,varejo,-0.01848477084069078,0.6224588735405381,3.0479,0.05549609,249,2020-12-30,2021-01-04,ISE,2021
LIGT3,LIGT3,LIGT3,energia,0.016736444494857894,0.7408206783083932,1.0845,0.02577046,248,2020-12-30,2021-01-04,ISE,2021
LREN3,LREN3,LREN3,varejo,-0.23681062875451564,0.6311969595951918,6.5252,0.13098262,248,2020-12-30,2021-01-04,ISE,2021
MDIA3,MDIA3,MDIA3,consumo,-0.12159984356127607,0.5113874312699231,1.7703,0.10035371,248,2020-12-30,2021-01-04,ISE,2021
MOVI3,MOVI3,MOVI3,transporte,0.06159504784476311,0.731667398921441,2.7725,0.02695093,248,2020-12-30,2021-01-04,ISE,2021
MBRF3,MRFG3,MBRF3,proteína,0.4423459256201576,0.7048277839268561,3.6814,0.24377251,249,2020-12-30,2021-01-04,ISE,2021
MRVE3,MRVE3,MRVE3,construção,-0.1298047939527558,0.6629860442580204,1.5299,0.05807923,248,2020-12-30,2021-01-04,ISE,2021
NATU3,NATU3,NATU3,consumo,0.36979109340509675,0.670928928164963,2.9308,0.01837125,249,2020-12-30,2021-01-04,ISE,2021
NEOE3,NEOE3,NEOE3,energia,-0.2697441685370099,0.47435859837896954,1.0088,0.09115175,248,2020-12-30,2021-01-04,ISE,2021
PCAR3,PCAR3,PCAR3,supermercado,-0.10226019234767791,0.4976083234555832,1.2388,0.08452254,248,2020-12-30,2021-01-04,ISE,2021
PETR4,PETR4,PETR4,petróleo,-0.07685416421089564,0.6849881960228587,1.4766,-0.00608188,248,2020-12-30,2021-01-04,ISE,2021
SANB11,SANB11,SANB11,banco,-0.050523120791665765,0.5630913602312481,1.6118,0.0,248,2020-12-30,2021-01-04,ISE,2021
SUZB3,SUZB3,SUZB3,madeira-papel,0.43515565164799264,0.5575681865803839,54.2517,0.0825033,248,2020-12-30,2021-01-04,ISE,2021
TIMS3,TIMP3,TIMS3,telecom,-0.03384958043396513,0.4735267511190415,1.5254,0.10739274,248,2020-12-30,2021-01-04,ISE,2021
VIVT3,VIVT3,VIVT3,telecom,0.03730678550347455,0.42376014857056943,1.1242,0.08010479,248,2020-12-30,2021-01-04,ISE,2021
WEGE3,WEGE3,WEGE3,indústria,1.1665677556703886,0.5790377780730429,13.9362,0.18848617,248,2020-12-30,2021-01-04,ISE,2021
AESB3,AESB3,AESB3,energia,-0.3078693981388356,0.30659865496123984,1.789,0.132186,247,2021-12-30,2022-01-03,ISE,2022
AMBP3,AMBP3,AMBP3,saneamento,0.5760591293364257,0.5126756706117679,3.629,0.06798662,247,2021-12-30,2022-01-03,ISE,2022
AMER3,AMER3,AMER3,varejo,-0.5799414870967037,0.5949961812569652,1.8097,0.01489913,247,2021-12-30,2022-01-03,ISE,2022
AZZA3,ARZZ3,AZZA3,consumo,0.14225048592345768,0.3587759632142119,4.9405,0.197633,247,2021-12-30,2022-01-03,ISE,2022
AZUL3,AZUL4,AZUL3,aviação,-0.35435992580366227,0.5313633213637916,-1.7138,-0.11404861,247,2021-12-30,2022-01-03,ISE,2022
BBAS3,BBAS3,BBAS3,banco,-0.17314368347779774,0.31931563197201296,0.6021,0.0,247,2021-12-30,2022-01-03,ISE,2022
BBDC4,BBDC4,BBDC4,banco,-0.16469974547387034,0.3221343753541053,1.2625,0.0,247,2021-12-30,2022-01-03,ISE,2022
BEEF3,BEEF3,BEEF3,proteína,0.15764828616644122,0.41163042135831257,12.5803,0.13547382,247,2021-12-30,2022-01-03,ISE,2022
BPAC11,BPAC11,BPAC11,banco,-0.0844401367671942,0.3997173762709782,2.2157,0.0,247,2021-12-30,2022-01-03,ISE,2022
BRFS3,BRFS3,BRFS3,proteína,0.04841713199133224,0.397440098466368,2.3695,0.09102423,247,2021-12-30,2022-01-03,ISE,2022
BRKM5,BRKM5,BRKM5,químico,1.7889005971197753,0.4986615442967521,4.1201,0.52031832,247,2021-12-30,2022-01-03,ISE,2022
MOTV3,CCRO3,MOTV3,transporte,-0.1149619212151245,0.3517323150813969,2.6326,0.10354374,247,2021-12-30,2022-01-03,ISE,2022
CIEL3,CIEL3,CIEL3,tecnologia,-0.3801174472791029,0.46983527052571267,0.6269,0.07810443,247,2021-12-30,2022-01-03,ISE,2022
CMIG4,CMIG4,CMIG4,energia,0.12763504706147843,0.29481235873492523,1.0949,0.2207915,247,2021-12-30,2022-01-03,ISE,2022
CPFE3,CPFE3,CPFE3,energia,-0.029056732062088253,0.27071706750396335,2.0527,0.19709898,247,2021-12-30,2022-01-03,ISE,2022
CPLE6,CPLE6,CPLE6,energia,0.03813452067692258,0.29188906672274606,0.8041,0.18076833,247,2021-12-30,2022-01-03,ISE,2022
CSAN3,CSAN3,CSAN3,químico,0.1267169086990041,0.3339798109207235,1.5435,0.11086166,247,2021-12-30,2022-01-03,ISE,2022
DXCO3,DXCO3,DXCO3,madeira-papel,-0.036769481662344505,0.39762061397453513,1.709,0.21032431,247,2021-12-30,2022-01-03,ISE,2022
ECOR3,ECOR3,ECOR3,transporte,-0.4406564140464162,0.3893131966494289,2.2221,0.08801461,247,2021-12-30,2022-01-03,ISE,2022
EGIE3,EGIE3,EGIE3,energia,-0.07680251176680297,0.19667725991828217,3.974,0.22895939,247,2021-12-30,2022-01-03,ISE,2022
AXIA3,ELET3,AXIA3,energia,0.008995544134518418,0.41950259154493785,0.6858,0.07008814,247,2021-12-30,2022-01-03,ISE,2022
ENBR3,ENBR3,ENBR3,energia,0.12516753175837092,0.20613090623904173,0.9947,0.17556815,247,2021-12-30,2022-01-03,ISE,2022
FLRY3,FLRY3,FLRY3,saúde,-0.3068677461606022,0.29152604638295554,3.1368,0.14698608,247,2021-12-30,2022-01-03,ISE,2022
ITSA4,ITSA4,ITSA4,financeiro,-0.15626906348014225,0.2676547365632757,1.13,0.17760706,247,2021-12-30,2022-01-03,ISE,2022
ITUB4,ITUB4,ITUB4,banco,-0.29817677172962886,0.3514567431185652,1.2889,0.0,247,2021-12-30,2022-01-03,ISE,2022
KLBN11,KLBN11,KLBN11,madeira-papel,0.0033386294021022778,0.285276971595098,4.3623,0.13365567,247,2021-12-30,2022-01-03,ISE,2022
LIGT3,LIGT3,LIGT3,energia,-0.4862472595371512,0.43074484294165977,0.5003,0.08966483,247,2021-12-30,2022-01-03,ISE,2022
LREN3,LREN3,LREN3,varejo,-0.3491788104660124,0.38253062007876093,2.5354,0.06418671,247,2021-12-30,2022-01-03,ISE,2022
MDIA3,MDIA3,MDIA3,consumo,-0.23565080599784105,0.2867987098524363,1.2492,0.04743998,247,2021-12-30,2022-01-03,ISE,2022
MGLU3,MGLU3,MGLU3,varejo,-0.7132842850004262,0.5685550513126828,4.4022,0.07736,247,2021-12-30,2022-01-03,ISE,2022
MOVI3,MOVI3,MOVI3,transporte,-0.1998536165987007,0.3994148014149333,1.7935,0.0785532,247,2021-12-30,2022-01-03,ISE,2022
MBRF3,MRFG3,MBRF3,proteína,0.7560212191361255,0.36599001069808884,2.2255,0.2889235,247,2021-12-30,2022-01-03,ISE,2022
MRVE3,MRVE3,MRVE3,construção,-0.3335906836040713,0.39744345668538267,0.9091,0.08293202,247,2021-12-30,2022-01-03,ISE,2022
MYPK3,MYPK3,MYPK3,indústria,0.10751072129214312,0.43483089773187994,0.5298,0.10183953,247,2021-12-30,2022-01-03,ISE,2022
NATU3,NATU3,NATU3,consumo,-0.5108674743652349,0.39633814297982994,1.2588,0.02291921,247,2021-12-30,2022-01-03,ISE,2022
NEOE3,NEOE3,NEOE3,energia,-0.059274442036226116,0.255435929894726,0.8124,0.13137773,247,2021-12-30,2022-01-03,ISE,2022
PCAR3,PCAR3,PCAR3,supermercado,1.2983479795437316,1.2333510649649715,0.3619,0.04485651,247,2021-12-30,2022-01-03,ISE,2022
RADL3,RADL3,RADL3,saúde,-0.019957186255255555,0.30640016494917127,8.3755,0.21202621,247,2021-12-30,2022-01-03,ISE,2022
RAIL3,RAIL3,RAIL3,transporte,-0.07258479374799143,0.3334123269579476,2.1329,0.05449407,247,2021-12-30,2022-01-03,ISE,2022
SANB11,SANB11,SANB11,banco,-0.2379427021496634,0.3231286049054463,1.0571,0.0,247,2021-12-30,2022-01-03,ISE,2022
SIMH3,SIMH3,SIMH3,transporte,0.40557351909359696,0.4541245976828022,1.6419,0.07521451,247,2021-12-30,2022-01-03,ISE,2022
SULA11,SULA11,SULA11,seguro,-0.3100422571191309,0.37160361439662737,1.3375,0.0,247,2021-12-30,2022-01-03,ISE,2022
SUZB3,SUZB3,SUZB3,madeira-papel,0.02037010600677891,0.32655540895385815,5.9548,0.17448004,247,2021-12-30,2022-01-03,ISE,2022
TIMS3,TIMP3,TIMS3,telecom,-0.05683428520431033,0.26715710110489954,1.2917,0.10640988,247,2021-12-30,2022-01-03,ISE,2022
VBBR3,VBBR3,VBBR3,transporte,0.0700611144766905,0.3569416445940191,2.1468,0.241812,247,2021-12-30,2022-01-03,ISE,2022
BHIA3,VIIA3,BHIA3,varejo,-0.6753246904523638,0.5561331942467634,1.4784,-0.03747849,247,2021-12-30,2022-01-03,ISE,2022
VIVT3,VIVT3,VIVT3,telecom,0.13203818545833212,0.21690162590994377,1.1662,0.08745451,247,2021-12-30,2022-01-03,ISE,2022
WEGE3,WEGE3,WEGE3,indústria,-0.10590031645260012,0.34659204713101116,10.5318,0.27300428,247,2021-12-30,2022-01-03,ISE,2022
ABEV3,ABEV3,ABEV3,indústria,-0.002931817410771087,0.2485550448330592,2.4972,0.18346298,250,2022-12-29,2023-01-02,ISE,2023
AERI3,AERI3,AERI3,indústria,-0.8268805859893904,0.7311069977408697,0.9146,0.08135784,250,2022-12-29,2023-01-02,ISE,2023
AESB3,AESB3,AESB3,energia,-0.09935271285083225,0.25989370096958336,1.0726,0.04206288,250,2022-12-29,2023-01-02,ISE,2023
ALOS3,ALSO3,ALOS3,shopping,-0.15928109693277004,0.3634107861092337,0.565,0.07547958,250,2022-12-29,2023-01-02,ISE,2023
AMBP3,AMBP3,AMBP3,saneamento,-0.488838847183119,0.5379005622923474,1.8796,0.08547913,250,2022-12-29,2023-01-02,ISE,2023
AMER3,AMER3,AMER3,varejo,-0.6809147094440815,0.7857426248171272,0.5915,0.03300118,250,2022-12-29,2023-01-02,ISE,2023
AZZA3,ARZZ3,AZZA3,consumo,0.11005295579866448,0.3789549283952958,3.2973,0.18381776,250,2022-12-29,2023-01-02,ISE,2023
ASAI3,ASAI3,ASAI3,supermercado,0.5460329965847612,0.3563779628743223,7.3059,0.17050223,250,2022-12-29,2023-01-02,ISE,2023
AZUL3,AZUL4,AZUL3,aviação,-0.5491400491672255,0.6921494563954885,-0.6916,0.25838526,250,2022-12-29,2023-01-02,ISE,2023
B3SA3,B3SA3,B3SA3,financeiro,0.2724558439957676,0.44306711401382726,3.8223,0.1714491,250,2022-12-29,2023-01-02,ISE,2023
BBAS3,BBAS3,BBAS3,banco,0.3509738926507324,0.32499022999847255,0.628,0.0,250,2022-12-29,2023-01-02,ISE,2023
BBDC4,BBDC4,BBDC4,banco,-0.13457537487079918,0.32225853954311184,0.9977,0.0,250,2022-12-29,2023-01-02,ISE,2023
BEEF3,BEEF3,BEEF3,proteína,0.2873655257519978,0.40987539636311593,11.1917,0.1693214,250,2022-12-29,2023-01-02,ISE,2023
BPAC11,BPAC11,BPAC11,banco,0.2257102358007128,0.4303970130553897,2.1726,0.0,250,2022-12-29,2023-01-02,ISE,2023
BPAN4,BPAN4,BPAN4,banco,-0.3837482374172422,0.5332403318987101,1.0986,0.0,250,2022-12-29,2023-01-02,ISE,2023
BRFS3,BRFS3,BRFS3,proteína,-0.6434108521917803,0.5464745062399767,0.7081,0.03404381,250,2022-12-29,2023-01-02,ISE,2023
BRKM5,BRKM5,BRKM5,químico,-0.565142734305063,0.4722683129773366,2.7707,0.23053618,250,2022-12-29,2023-01-02,ISE,2023
CBAV3,CBAV3,CBAV3,indústria,-0.11650230770220937,0.6074337035938495,1.2164,0.21707401,250,2022-12-29,2023-01-02,ISE,2023
MOTV3,CCRO3,MOTV3,transporte,-0.026401227433779595,0.33788176707855705,1.7248,0.2415062,250,2022-12-29,2023-01-02,ISE,2023
CIEL3,CIEL3,CIEL3,tecnologia,1.5004431960862465,0.4884410278740737,1.0281,0.06752492,250,2022-12-29,2023-01-02,ISE,2023
CMIG4,CMIG4,CMIG4,energia,0.3432406659823626,0.3489999836040705,1.1629,0.16641853,250,2022-12-29,2023-01-02,ISE,2023
COGN3,COGN3,COGN3,educação,-0.11297100516424197,0.5527907960849641,0.2959,0.01648597,250,2022-12-29,2023-01-02,ISE,2023
CPFE3,CPFE3,CPFE3,energia,0.40923815167098154,0.29218031717869297,2.431,0.23122833,250,2022-12-29,2023-01-02,ISE,2023
CPLE6,CPLE6,CPLE6,energia,0.371434033494368,0.3509978322701037,1.0148,0.0861023,250,2022-12-29,2023-01-02,ISE,2023
CSAN3,CSAN3,CSAN3,químico,-0.17281618510908092,0.3674893107025229,0.9864,0.07011926,250,2022-12-29,2023-01-02,ISE,2023
DASA3,DASA3,DASA3,saúde,-0.5775384756234976,0.47786301704403955,1.0413,0.04507246,250,2022-12-29,2023-01-02,ISE,2023
DXCO3,DXCO3,DXCO3,madeira-papel,-0.46815510880560607,0.4530659938709619,0.8429,0.1214802,250,2022-12-29,2023-01-02,ISE,2023
ECOR3,ECOR3,ECOR3,transporte,-0.3746905784956681,0.4821316061413881,1.2656,0.09210212,250,2022-12-29,2023-01-02,ISE,2023
EGIE3,EGIE3,EGIE3,energia,0.07125759422598876,0.19482138973582402,3.8401,0.18952878,250,2022-12-29,2023-01-02,ISE,2023
AXIA3,ELET3,AXIA3,energia,0.31621924743119356,0.34351535098137986,0.8666,0.05331532,250,2022-12-29,2023-01-02,ISE,2023
ENBR3,ENBR3,ENBR3,energia,0.10005234573522248,0.2282141249703023,0.9115,0.16141661,250,2022-12-29,2023-01-02,ISE,2023
ENEV3,ENEV3,ENEV3,energia,-0.1123511400559476,0.35601232311872,1.3608,0.062945,250,2022-12-29,2023-01-02,ISE,2023
FLRY3,FLRY3,FLRY3,saúde,-0.019119859302953124,0.39489056165870146,2.5384,0.14082147,250,2022-12-29,2023-01-02,ISE,2023
GFSA3,GFSA3,GFSA3,construção,-0.41931511398303256,0.7440487589898472,0.2151,0.02719023,250,2022-12-29,2023-01-02,ISE,2023
GRND3,GRND3,GRND3,consumo,-0.22708999663405582,0.3826713638450375,1.2736,0.06470983,250,2022-12-29,2023-01-02,ISE,2023
RIAA3,GUAR3,RIAA3,varejo,-0.299861472650473,0.6088787964559033,0.631,0.0562029,250,2022-12-29,2023-01-02,ISE,2023
HYPE3,HYPE3,HYPE3,saúde,0.696133281251001,0.2983797849772679,2.7198,0.12025488,250,2022-12-29,2023-01-02,ISE,2023
ITSA4,ITSA4,ITSA4,financeiro,0.10919037437425838,0.24220931598327952,1.1067,0.16858277,250,2022-12-29,2023-01-02,ISE,2023
ITUB4,ITUB4,ITUB4,banco,0.20845399114530871,0.265679008799053,1.4105,0.0,250,2022-12-29,2023-01-02,ISE,2023
KLBN11,KLBN11,KLBN11,madeira-papel,-0.16533390357557753,0.28728000688681277,1.9972,0.19172034,250,2022-12-29,2023-01-02,ISE,2023
LIGT3,LIGT3,LIGT3,energia,-0.5750890645259965,0.5942769298328477,0.2016,0.0758246,250,2022-12-29,2023-01-02,ISE,2023
LREN3,LREN3,LREN3,varejo,-0.08721033045883408,0.45226920621721584,2.0273,0.09837757,250,2022-12-29,2023-01-02,ISE,2023
MDIA3,MDIA3,MDIA3,consumo,0.5494507667762527,0.4522571977670109,1.8273,0.07526195,250,2022-12-29,2023-01-02,ISE,2023
MGLU3,MGLU3,MGLU3,varejo,-0.5922619597818306,0.8241076128117333,1.6927,0.01391458,250,2022-12-29,2023-01-02,ISE,2023
MOVI3,MOVI3,MOVI3,transporte,-0.44583633282511415,0.5144404729409918,0.994,0.11355257,250,2022-12-29,2023-01-02,ISE,2023
MBRF3,MRFG3,MBRF3,proteína,-0.49931568865516995,0.46463585217357234,0.1898,0.14657161,250,2022-12-29,2023-01-02,ISE,2023
MRVE3,MRVE3,MRVE3,construção,-0.3004047010282127,0.5620362917820565,0.5265,0.05947573,250,2022-12-29,2023-01-02,ISE,2023
MYPK3,MYPK3,MYPK3,indústria,-0.1637785414111872,0.39606234138973,0.4042,0.12521389,250,2022-12-29,2023-01-02,ISE,2023
NATU3,NATU3,NATU3,consumo,-0.5489304533905253,0.668657618201762,0.6931,0.01251878,250,2022-12-29,2023-01-02,ISE,2023
NEOE3,NEOE3,NEOE3,energia,0.023878742759081195,0.27424432084725564,0.6929,0.12749823,250,2022-12-29,2023-01-02,ISE,2023
PCAR3,PCAR3,PCAR3,supermercado,-0.19578887591440408,0.46481928997247013,0.2799,0.06285762,250,2022-12-29,2023-01-02,ISE,2023
RADL3,RADL3,RADL3,saúde,0.0316707399426408,0.3171143607292185,7.6505,0.22690295,250,2022-12-29,2023-01-02,ISE,2023
RAIL3,RAIL3,RAIL3,transporte,0.07132614595004338,0.3693047673767261,2.2545,0.06502614,250,2022-12-29,2023-01-02,ISE,2023
RAIZ4,RAIZ4,RAIZ4,agrícola,-0.3789534409273301,0.4517930269299305,1.721,0.06728835,250,2022-12-29,2023-01-02,ISE,2023
RANI3,RANI3,RANI3,madeira-papel,0.34339173780457743,0.3913527998222109,1.8152,0.26302305,250,2022-12-29,2023-01-02,ISE,2023
RDOR3,RDOR3,RDOR3,saúde,-0.3178513307545179,0.44826392941010923,3.9273,0.0894035,250,2022-12-29,2023-01-02,ISE,2023
SANB11,SANB11,SANB11,banco,-0.011249734510478615,0.27977076782993265,0.9546,0.0,250,2022-12-29,2023-01-02,ISE,2023
SAPR11,SAPR11,SAPR11,saneamento,0.026465105626503505,0.2961794719324903,0.6491,0.13268229,250,2022-12-29,2023-01-02,ISE,2023
SIMH3,SIMH3,SIMH3,transporte,-0.34973149080433974,0.49767070141937714,1.0068,0.10439075,250,2022-12-29,2023-01-02,ISE,2023
SLCE3,SLCE3,SLCE3,agrícola,0.19109570063533732,0.38606358121937734,1.9123,0.27355163,250,2022-12-29,2023-01-02,ISE,2023
STBP3,STBP3,STBP3,transporte,0.2872278119151026,0.4777919576304114,3.1517,0.22029504,250,2022-12-29,2023-01-02,ISE,2023
SUZB3,SUZB3,SUZB3,madeira-papel,-0.14139053985397554,0.32537044411598104,2.3198,0.18899834,250,2022-12-29,2023-01-02,ISE,2023
TIMS3,TIMS3,TIMS3,telecom,0.0287634833285062,0.24376847863748896,1.1867,0.1307962,250,2022-12-29,2023-01-02,ISE,2023
ISAE4,TRPL4,ISAE4,energia,-0.006135909534126793,0.18673056872334273,0.9144,0.16288526,250,2022-12-29,2023-01-02,ISE,2023
USIM5,USIM5,USIM5,siderurgico,-0.4958832464516031,0.4696794498074968,0.3259,0.1786529,250,2022-12-29,2023-01-02,ISE,2023
VAMO3,VAMO3,VAMO3,transporte,0.14400511769797553,0.4879249785948987,3.5177,0.12447219,250,2022-12-29,2023-01-02,ISE,2023
VBBR3,VBBR3,VBBR3,transporte,-0.19719810945672178,0.37066319074565024,1.372,0.12134386,250,2022-12-29,2023-01-02,ISE,2023
BHIA3,VIIA3,BHIA3,varejo,-0.5180722764986757,0.736585885354026,0.6889,0.08346265,250,2022-12-29,2023-01-02,ISE,2023
VIVT3,VIVT3,VIVT3,telecom,-0.16515916593000923,0.2040316548350371,0.9288,0.07308752,250,2022-12-29,2023-01-02,ISE,2023
WEGE3,WEGE3,WEGE3,indústria,0.22413817336483466,0.37334585183156116,11.3096,0.25553901,250,2022-12-29,2023-01-02,ISE,2023
ABEV3,ABEV3,ABEV3,indústria,0.018158168834960575,0.20831339787057696,2.3614,0.19548917,248,2023-12-28,2024-01-02,ISE,2024
AERI3,AERI3,AERI3,indústria,-0.15887848967932772,0.6966015134862534,0.826,0.11288148,248,2023-12-28,2024-01-02,ISE,2024
AESB3,AESB3,AESB3,energia,0.29684210529666943,0.2111370789215889,1.3387,0.05374989,248,2023-12-28,2024-01-02,ISE,2024
ALOS3,ALSO3,ALOS3,shopping,0.6775445947250489,0.2876759042338784,0.9456,0.33363354,248,2023-12-28,2024-01-02,ISE,2024
AMBP3,AMBP3,AMBP3,saneamento,-0.10633592423919502,0.4763972843299406,1.5763,0.09896431,248,2023-12-28,2024-01-02,ISE,2024
AZZA3,ARZZ3,AZZA3,consumo,-0.10348308435694376,0.4196483425414577,2.4586,0.13603239,248,2023-12-28,2024-01-02,ISE,2024
ASAI3,ASAI3,ASAI3,supermercado,-0.284610485093563,0.4432517633734411,4.2278,0.16890168,248,2023-12-28,2024-01-02,ISE,2024
AZUL3,AZUL4,AZUL3,aviação,0.5543689318265101,0.7880035454355793,-0.9509,0.42216074,248,2023-12-28,2024-01-02,ISE,2024
B3SA3,B3SA3,B3SA3,financeiro,0.21872278288812574,0.34907531102767325,4.0995,0.17001063,248,2023-12-28,2024-01-02,ISE,2024
BBAS3,BBAS3,BBAS3,banco,0.8116051438851937,0.2421458179055295,0.926,0.0,248,2023-12-28,2024-01-02,ISE,2024
BBDC4,BBDC4,BBDC4,banco,0.2905584870945088,0.2960512633919107,1.0898,0.0,248,2023-12-28,2024-01-02,ISE,2024
BEEF3,BEEF3,BEEF3,proteína,-0.380524001928212,0.4328864622008062,3.9412,0.09957063,248,2023-12-28,2024-01-02,ISE,2024
BPAC11,BPAC11,BPAC11,banco,0.7241300218121942,0.34595174240577986,3.0005,0.0,248,2023-12-28,2024-01-02,ISE,2024
BPAN4,BPAN4,BPAN4,banco,0.5369515682181067,0.3913392293215964,1.493,0.0,248,2023-12-28,2024-01-02,ISE,2024
BRFS3,BRFS3,BRFS3,proteína,0.7349246246248684,0.6103690061825455,1.5526,-0.0107717,248,2023-12-28,2024-01-02,ISE,2024
CBAV3,CBAV3,CBAV3,indústria,-0.4986894469319202,0.5365069545035541,0.6046,-0.02622094,248,2023-12-28,2024-01-02,ISE,2024
MOTV3,CCRO3,MOTV3,transporte,0.3998949607211748,0.24973822356670863,2.1733,0.1159181,248,2023-12-28,2024-01-02,ISE,2024
CIEL3,CIEL3,CIEL3,tecnologia,-0.04068126546419504,0.35647572281011264,0.8536,0.16063314,248,2023-12-28,2024-01-02,ISE,2024
CMIG4,CMIG4,CMIG4,energia,0.17529021073645357,0.2532935241752169,1.0339,0.18570977,248,2023-12-28,2024-01-02,ISE,2024
COGN3,COGN3,COGN3,educação,0.7024392886738546,0.4600899965316469,0.498,0.02665673,248,2023-12-28,2024-01-02,ISE,2024
CPFE3,CPFE3,CPFE3,energia,0.3064208188792905,0.22428318837502217,2.2802,0.25343744,248,2023-12-28,2024-01-02,ISE,2024
CPLE6,CPLE6,CPLE6,energia,0.40055248312740255,0.2341712013476338,1.3145,0.07954958,248,2023-12-28,2024-01-02,ISE,2024
CSAN3,CSAN3,CSAN3,químico,0.2230073983703993,0.30910304351723694,0.7582,0.1114609,248,2023-12-28,2024-01-02,ISE,2024
DASA3,DASA3,DASA3,saúde,-0.2810164571541147,0.7106869760755524,0.9044,0.05421517,248,2023-12-28,2024-01-02,ISE,2024
DXCO3,DXCO3,DXCO3,madeira-papel,0.24929296559552117,0.45101401194580487,1.0001,0.10828007,248,2023-12-28,2024-01-02,ISE,2024
ECOR3,ECOR3,ECOR3,transporte,1.2446893168849944,0.42985399267576496,2.1883,0.13877554,248,2023-12-28,2024-01-02,ISE,2024
EGIE3,EGIE3,EGIE3,energia,0.3008928615505546,0.17019644701824316,3.9379,0.23037225,248,2023-12-28,2024-01-02,ISE,2024
AXIA3,ELET3,AXIA3,energia,0.05214002639168869,0.3000306557942352,0.8449,0.07659401,248,2023-12-28,2024-01-02,ISE,2024
ENEV3,ENEV3,ENEV3,energia,0.21517856146912173,0.313148297094138,1.4104,0.05725118,248,2023-12-28,2024-01-02,ISE,2024
FLRY3,FLRY3,FLRY3,saúde,0.2865357483299038,0.2868489452696051,1.8999,0.09047383,248,2023-12-28,2024-01-02,ISE,2024
GFSA3,GFSA3,GFSA3,construção,-0.2641242653704262,1.1902707036441025,0.3901,-0.07491335,248,2023-12-28,2024-01-02,ISE,2024
GRND3,GRND3,GRND3,consumo,0.3892430254973296,0.2833696781702824,1.831,0.07144715,248,2023-12-28,2024-01-02,ISE,2024
RIAA3,GUAR3,RIAA3,varejo,0.09181968555245534,0.6911584603863576,0.6547,0.03320547,248,2023-12-28,2024-01-02,ISE,2024
HYPE3,HYPE3,HYPE3,saúde,-0.15676896394154005,0.2918526092381746,1.9818,0.12676445,248,2023-12-28,2024-01-02,ISE,2024
ITSA4,ITSA4,ITSA4,financeiro,0.39432169133617934,0.2138958955459582,1.2002,0.16084211,248,2023-12-28,2024-01-02,ISE,2024
ITUB4,ITUB4,ITUB4,banco,0.45168314248616515,0.23387677085183978,1.7285,0.0,248,2023-12-28,2024-01-02,ISE,2024
KLBN11,KLBN11,KLBN11,madeira-papel,0.18239391404295424,0.2226642961311123,1.8007,0.10608687,248,2023-12-28,2024-01-02,ISE,2024
LREN3,LREN3,LREN3,varejo,-0.05938462555231272,0.47266559822930787,1.7047,0.07693511,248,2023-12-28,2024-01-02,ISE,2024
MDIA3,MDIA3,MDIA3,consumo,0.11882442823297157,0.40782302475972104,1.7801,0.08042304,248,2023-12-28,2024-01-02,ISE,2024
MGLU3,MGLU3,MGLU3,varejo,-0.166023230078036,0.7735842794462965,1.513,0.06315729,248,2023-12-28,2024-01-02,ISE,2024
MOVI3,MOVI3,MOVI3,transporte,0.6787832214848359,0.5609028003003553,1.4123,0.11486747,248,2023-12-28,2024-01-02,ISE,2024
MBRF3,MRFG3,MBRF3,proteína,0.16681941782987697,0.42637154938850613,0.3439,0.00044923,248,2023-12-28,2024-01-02,ISE,2024
MRVE3,MRVE3,MRVE3,construção,0.5299726578720747,0.5402728097514803,0.8307,0.0054265,248,2023-12-28,2024-01-02,ISE,2024
MYPK3,MYPK3,MYPK3,indústria,0.1530028217456525,0.3547203650472645,0.4606,0.07005102,248,2023-12-28,2024-01-02,ISE,2024
NATU3,NATU3,NATU3,consumo,0.5874060163860366,0.4922410291933022,0.8315,-0.00892581,248,2023-12-28,2024-01-02,ISE,2024
NEOE3,NEOE3,NEOE3,energia,0.5218628535809189,0.26036085537672066,0.8717,0.13094953,248,2023-12-28,2024-01-02,ISE,2024
PCAR3,PCAR3,PCAR3,supermercado,-0.7479826325909158,0.8563514586600609,0.2184,-0.04056007,248,2023-12-28,2024-01-02,ISE,2024
RADL3,RADL3,RADL3,saúde,0.329457959678785,0.22677740431892873,8.6978,0.23199881,248,2023-12-28,2024-01-02,ISE,2024
RAIL3,RAIL3,RAIL3,transporte,0.3040052429509239,0.25787571125959424,2.6362,0.10591568,248,2023-12-28,2024-01-02,ISE,2024
RAIZ4,RAIZ4,RAIZ4,agrícola,0.23139471720848404,0.4311446575897897,1.8249,0.15668202,248,2023-12-28,2024-01-02,ISE,2024
RANI3,RANI3,RANI3,madeira-papel,0.5339797404640547,0.31318390981812416,2.0431,0.22893469,248,2023-12-28,2024-01-02,ISE,2024
RDOR3,RDOR3,RDOR3,saúde,0.077492313232433,0.42191912550062804,2.6953,0.07414468,248,2023-12-28,2024-01-02,ISE,2024
SANB11,SANB11,SANB11,banco,0.2412507578691776,0.24008269374890395,1.0572,0.0,248,2023-12-28,2024-01-02,ISE,2024
SAPR11,SAPR11,SAPR11,saneamento,0.8057132134582559,0.22501727528284354,0.9289,0.14797556,248,2023-12-28,2024-01-02,ISE,2024
SIMH3,SIMH3,SIMH3,transporte,0.5254192882550286,0.4694179208902983,1.1462,0.11524959,248,2023-12-28,2024-01-02,ISE,2024
SLCE3,SLCE3,SLCE3,agrícola,-0.03836452085455333,0.2453696227025196,1.4988,0.22296516,248,2023-12-28,2024-01-02,ISE,2024
STBP3,STBP3,STBP3,transporte,0.3165908983695078,0.3360919166646033,3.6946,0.23703559,248,2023-12-28,2024-01-02,ISE,2024
SUZB3,SUZB3,SUZB3,madeira-papel,0.16233102151812173,0.2535059791513072,1.7368,0.13582587,248,2023-12-28,2024-01-02,ISE,2024
TIMS3,TIMS3,TIMS3,telecom,0.7007541012631346,0.2287921065190006,1.6972,0.13179838,248,2023-12-28,2024-01-02,ISE,2024
ISAE4,TRPL4,ISAE4,energia,0.26993070200239266,0.20935351128081173,0.9448,0.13078813,248,2023-12-28,2024-01-02,ISE,2024
USIM5,USIM5,USIM5,siderurgico,0.3854529074918289,0.30405134320175653,0.4384,-0.01855015,248,2023-12-28,2024-01-02,ISE,2024
VAMO3,VAMO3,VAMO3,transporte,-0.09433543937383893,0.47864233078899204,2.263,0.13514398,248,2023-12-28,2024-01-02,ISE,2024
VBBR3,VBBR3,VBBR3,transporte,0.6119667475322423,0.35145071910044556,1.872,0.13739089,248,2023-12-28,2024-01-02,ISE,2024
BHIA3,VIIA3,BHIA3,varejo,-0.7747733387752563,0.7940258294160567,6.0697,-0.01275978,248,2023-12-28,2024-01-02,ISE,2024
VIVT3,VIVT3,VIVT3,telecom,0.5396904646912022,0.21492038603211108,1.2808,0.08758621,248,2023-12-28,2024-01-02,ISE,2024
WEGE3,WEGE3,WEGE3,indústria,-0.015481715346076341,0.2531059371484834,9.33,0.31911412,248,2023-12-28,2024-01-02,ISE,2024
ABEV3,ABEV3,ABEV3,indústria,-0.09649349070371394,0.2035563736637462,1.8697,0.19271223,251,2024-12-30,2025-01-02,ISE,2025
AERI3,AERI3,AERI3,indústria,-0.6718390710729636,1.060266388651797,0.3368,0.04280977,251,2024-12-30,2025-01-02,ISE,2025
ALOS3,ALSO3,ALOS3,shopping,-0.23237235738125062,0.22508612337907863,0.6468,0.08070781,251,2024-12-30,2025-01-02,ISE,2025
AMBP3,AMBP3,AMBP3,saneamento,7.344030977276704,1.1507466938004531,7.6879,0.10563599,251,2024-12-30,2025-01-02,ISE,2025
ASAI3,ASAI3,ASAI3,supermercado,-0.5675883215895691,0.431950468226619,1.5221,0.17068431,251,2024-12-30,2025-01-02,ISE,2025
AURE3,AURE3,AURE3,energia,-0.3194159643126554,0.1834649937611663,0.7318,0.07362166,251,2024-12-30,2025-01-02,ISE,2025
AZUL3,AZUL4,AZUL3,aviação,-0.7591836737049231,0.7455448744674126,-0.1719,0.64403899,251,2024-12-30,2025-01-02,ISE,2025
AZZA3,AZZA3,AZZA3,consumo,-0.5118849973851454,0.3800376246803131,0.7747,0.07254619,251,2024-12-30,2025-01-02,ISE,2025
B3SA3,B3SA3,B3SA3,financeiro,-0.25224375834256196,0.2771791857522577,2.9109,0.17877203,251,2024-12-30,2025-01-02,ISE,2025
BBAS3,BBAS3,BBAS3,banco,-0.043208570764749266,0.17047577309593792,0.7423,0.0,251,2024-12-30,2025-01-02,ISE,2025
BBDC4,BBDC4,BBDC4,banco,-0.2665418968163179,0.27268423275204073,0.7316,0.0,251,2024-12-30,2025-01-02,ISE,2025
BEEF3,BEEF3,BEEF3,proteína,-0.30464485217764514,0.3754228754933627,2.2429,0.08226692,251,2024-12-30,2025-01-02,ISE,2025
BHIA3,BHIA3,BHIA3,varejo,-0.7396396391365244,0.8038930989169855,0.0954,-0.039048,251,2024-12-30,2025-01-02,ISE,2025
BPAC11,BPAC11,BPAC11,banco,-0.2490909522228537,0.26634002140626273,1.5904,0.0,251,2024-12-30,2025-01-02,ISE,2025
BPAN4,BPAN4,BPAN4,banco,-0.21424993388700186,0.3162531692198558,1.0538,0.0,251,2024-12-30,2025-01-02,ISE,2025
BRFS3,BRFS3,BRFS3,proteína,0.9590527943135561,0.3941184588689912,2.3914,0.15849778,251,2024-12-30,2025-01-02,ISE,2025
CAML3,CAML3,CAML3,consumo,-0.2325676145111556,0.33985070114259247,0.5799,0.07844117,251,2024-12-30,2025-01-02,ISE,2025
CBAV3,CBAV3,CBAV3,indústria,-0.06759443339960236,0.5403625735345198,0.715,-0.02864461,251,2024-12-30,2025-01-02,ISE,2025
MOTV3,CCRO3,MOTV3,transporte,-0.24836934825920387,0.2375460366967091,1.4732,0.12577178,251,2024-12-30,2025-01-02,ISE,2025
CEAB3,CEAB3,CEAB3,varejo,0.07047886212448762,0.6153213868341404,0.7717,0.16521372,251,2024-12-30,2025-01-02,ISE,2025
CMIG4,CMIG4,CMIG4,energia,0.4393057652867087,0.2546774586806629,1.1324,0.24711848,251,2024-12-30,2025-01-02,ISE,2025
COGN3,COGN3,COGN3,educação,-0.6755952132522292,0.567993341733494,0.1617,0.04212138,251,2024-12-30,2025-01-02,ISE,2025
CPFE3,CPFE3,CPFE3,energia,-0.17755789785188625,0.19088542101747286,1.696,0.21281288,251,2024-12-30,2025-01-02,ISE,2025
CPLE6,CPLE6,CPLE6,energia,-0.06316174653764905,0.20637146157906638,1.0717,0.10378709,251,2024-12-30,2025-01-02,ISE,2025
CRFB3,CRFB3,CRFB3,supermercado,-0.5414134148994295,0.4562355956402725,0.5294,0.08035247,251,2024-12-30,2025-01-02,ISE,2025
CSAN3,CSAN3,CSAN3,químico,-0.5605006905523967,0.3153208927006537,0.3087,0.08784725,251,2024-12-30,2025-01-02,ISE,2025
CSMG3,CSMG3,CSMG3,saneamento,0.17124288740141735,0.2793749236429784,1.0036,0.14571245,251,2024-12-30,2025-01-02,ISE,2025
CYRE3,CYRE3,CYRE3,construção,-0.24605602284690076,0.3386349330112476,0.6451,0.10957938,251,2024-12-30,2025-01-02,ISE,2025
DASA3,DASA3,DASA3,saúde,-0.7928026215539545,0.6832242526192633,0.1645,0.05704745,251,2024-12-30,2025-01-02,ISE,2025
DXCO3,DXCO3,DXCO3,madeira-papel,-0.22149307314194633,0.38843160423031425,0.716,0.07173528,251,2024-12-30,2025-01-02,ISE,2025
ECOR3,ECOR3,ECOR3,transporte,-0.5391293710439096,0.46133914921092123,0.7843,0.14076443,251,2024-12-30,2025-01-02,ISE,2025
EGIE3,EGIE3,EGIE3,energia,-0.15198920186199016,0.18224331004011163,2.4539,0.21775714,251,2024-12-30,2025-01-02,ISE,2025
AXIA3,ELET3,AXIA3,energia,-0.152571717312872,0.23881163679330736,0.6328,0.09616508,251,2024-12-30,2025-01-02,ISE,2025
ENEV3,ENEV3,ENEV3,energia,-0.20767496138480113,0.2331353803235081,1.2535,0.08437673,251,2024-12-30,2025-01-02,ISE,2025
FLRY3,FLRY3,FLRY3,saúde,-0.290742168057906,0.22005309904440726,1.2103,0.11157027,251,2024-12-30,2025-01-02,ISE,2025
GFSA3,GFSA3,GFSA3,construção,-0.8556768585743915,0.9497520807531601,0.0701,0.02141456,251,2024-12-30,2025-01-02,ISE,2025
GRND3,GRND3,GRND3,consumo,-0.23816251570257208,0.23902155971278607,1.1422,0.10275071,251,2024-12-30,2025-01-02,ISE,2025
RIAA3,GUAR3,RIAA3,varejo,0.061418377228153354,0.5976758347187706,0.5994,0.10779696,251,2024-12-30,2025-01-02,ISE,2025
HYPE3,HYPE3,HYPE3,saúde,-0.4617001095239993,0.3424929119988987,0.9365,0.10088215,251,2024-12-30,2025-01-02,ISE,2025
IGTI11,IGTI11,IGTI11,shopping,-0.2549908054076835,0.24914188077987004,1.6298,0.08581806,251,2024-12-30,2025-01-02,ISE,2025
ISAE4,ISAE4,ISAE4,energia,-0.12175585777621933,0.21529259650211188,0.7495,0.15476988,251,2024-12-30,2025-01-02,ISE,2025
ITSA4,ITSA4,ITSA4,financeiro,-0.0276929805878513,0.18402167227321853,1.0054,0.14752773,251,2024-12-30,2025-01-02,ISE,2025
ITUB4,ITUB4,ITUB4,banco,-0.01682784764142642,0.18380649693703643,1.4262,0.0,251,2024-12-30,2025-01-02,ISE,2025
JSLG3,JSLG3,JSLG3,transporte,-0.5402980989498758,0.4613545390340109,0.8287,0.12008108,251,2024-12-30,2025-01-02,ISE,2025
KLBN11,KLBN11,KLBN11,madeira-papel,0.25063940246885896,0.19185389785995458,2.3562,0.08443026,251,2024-12-30,2025-01-02,ISE,2025
LREN3,LREN3,LREN3,varejo,-0.18983386117066625,0.42958437510422576,1.1148,0.11254517,251,2024-12-30,2025-01-02,ISE,2025
MDIA3,MDIA3,MDIA3,consumo,-0.4643940474229923,0.28395303948437456,0.8591,0.09226797,251,2024-12-30,2025-01-02,ISE,2025
MGLU3,MGLU3,MGLU3,varejo,-0.661001543678477,0.6100244770425067,0.4323,-0.00668315,251,2024-12-30,2025-01-02,ISE,2025
MOVI3,MOVI3,MOVI3,transporte,-0.6672594707419575,0.5602839502248494,0.4765,0.08153451,251,2024-12-30,2025-01-02,ISE,2025
MRVE3,MRVE3,MRVE3,construção,-0.5046641967807266,0.4797992553895144,0.3991,0.02355946,251,2024-12-30,2025-01-02,ISE,2025
MTRE3,MTRE3,MTRE3,construção,-0.4741928282010721,0.479857330383685,0.2957,0.04678466,251,2024-12-30,2025-01-02,ISE,2025
MYPK3,MYPK3,MYPK3,indústria,-0.05207289047372066,0.36070551666080397,0.3676,0.0876215,251,2024-12-30,2025-01-02,ISE,2025
NATU3,NATU3,NATU3,consumo,-0.2038844812099464,0.37820067223666104,1.1384,0.05898129,251,2024-12-30,2025-01-02,ISE,2025
NEOE3,NEOE3,NEOE3,energia,-0.049435128086813274,0.20568692788758308,0.7029,0.11440841,251,2024-12-30,2025-01-02,ISE,2025
PCAR3,PCAR3,PCAR3,supermercado,-0.39140813425002907,0.689069456569364,0.3098,0.00179641,251,2024-12-30,2025-01-02,ISE,2025
PSSA3,PSSA3,PSSA3,seguro,0.31078099946678517,0.21633457029214878,1.7368,0.0,251,2024-12-30,2025-01-02,ISE,2025
RADL3,RADL3,RADL3,saúde,-0.2367268693633865,0.2556734030177503,5.9745,0.24350531,251,2024-12-30,2025-01-02,ISE,2025
RAIL3,RAIL3,RAIL3,transporte,-0.19451039097907508,0.257428886670028,2.1729,0.06995717,251,2024-12-30,2025-01-02,ISE,2025
RAIZ4,RAIZ4,RAIZ4,agrícola,-0.4681358701165491,0.33408794922681173,0.9935,0.09891928,251,2024-12-30,2025-01-02,ISE,2025
RANI3,RANI3,RANI3,madeira-papel,-0.3166717202809197,0.28861022405373826,1.3031,0.09620066,251,2024-12-30,2025-01-02,ISE,2025
RDOR3,RDOR3,RDOR3,saúde,-0.061700507983708075,0.3031304021384169,2.1668,0.12615827,251,2024-12-30,2025-01-02,ISE,2025
SANB11,SANB11,SANB11,banco,-0.21378676385596973,0.21818785504983268,0.7484,0.0,251,2024-12-30,2025-01-02,ISE,2025
SAPR11,SAPR11,SAPR11,saneamento,0.009466639817556244,0.2483934310233419,0.7956,0.13882416,251,2024-12-30,2025-01-02,ISE,2025
SIMH3,SIMH3,SIMH3,transporte,-0.6108647677637544,0.5428990181293589,0.4284,0.09094272,251,2024-12-30,2025-01-02,ISE,2025
SLCE3,SLCE3,SLCE3,agrícola,-0.0029744408130168987,0.2263272953121655,1.475,0.10339039,251,2024-12-30,2025-01-02,ISE,2025
SRNA3,SRNA3,SRNA3,energia,-0.43705220061412486,0.3721963804836061,0.6339,0.08074281,251,2024-12-30,2025-01-02,ISE,2025
STBP3,STBP3,STBP3,transporte,0.7235540495287516,0.3572637075310414,4.9288,0.24555893,251,2024-12-30,2025-01-02,ISE,2025
SUZB3,SUZB3,SUZB3,madeira-papel,0.15696398598374217,0.2803359408672707,1.8624,0.11156259,251,2024-12-30,2025-01-02,ISE,2025
TIMS3,TIMS3,TIMS3,telecom,-0.127132304145684,0.24825857916280286,1.3492,0.19231544,251,2024-12-30,2025-01-02,ISE,2025
UGPA3,UGPA3,UGPA3,químico,-0.3877578285103187,0.30267715114151084,1.1286,0.15507695,251,2024-12-30,2025-01-02,ISE,2025
USIM5,USIM5,USIM5,siderurgico,-0.3972084055473786,0.44416101619845616,0.246,0.01900272,251,2024-12-30,2025-01-02,ISE,2025
VAMO3,VAMO3,VAMO3,transporte,-0.4708012172354774,0.5119290562601427,0.9876,0.11601508,251,2024-12-30,2025-01-02,ISE,2025
VBBR3,VBBR3,VBBR3,transporte,-0.1651724097283298,0.26578567190683744,0.9742,0.34529459,251,2024-12-30,2025-01-02,ISE,2025
VIVT3,VIVT3,VIVT3,telecom,-0.059309174026005995,0.22709162024638319,1.1177,0.09613992,251,2024-12-30,2025-01-02,ISE,2025
WEGE3,WEGE3,WEGE3,indústria,0.46878192145183295,0.2533304658102318,10.8168,0.30682234,251,2024-12-30,2025-01-02,ISE,2025
YDUQ3,YDUQ3,YDUQ3,educação,-0.5927475260908999,0.5015259056468141,0.7233,0.09194675,251,2024-12-30,2025-01-02,ISE,2025
