Data,Ticker,Valor,Custo,Universo,Estrategia
2016-01-04,BEEF3,0.09980039920159683,0.00019960079840319368,AMPLO_PROXY,Momentum
2016-01-04,BRKM5,0.09980039920159683,0.00019960079840319368,AMPLO_PROXY,Momentum
2016-01-04,ENBR3,0.09980039920159683,0.00019960079840319368,AMPLO_PROXY,Momentum
2016-01-04,EQTL3,0.09980039920159683,0.00019960079840319368,AMPLO_PROXY,Momentum
2016-01-04,HYPE3,0.09980039920159683,0.00019960079840319368,AMPLO_PROXY,Momentum
2016-01-04,KLBN11,0.09980039920159683,0.00019960079840319368,AMPLO_PROXY,Momentum
2016-01-04,RADL3,0.09980039920159683,0.00019960079840319368,AMPLO_PROXY,Momentum
2016-01-04,SANB11,0.09980039920159683,0.00019960079840319368,AMPLO_PROXY,Momentum
2016-01-04,SMTO3,0.09980039920159683,0.00019960079840319368,AMPLO_PROXY,Momentum
2016-01-04,SULA11,0.09980039920159683,0.00019960079840319368,AMPLO_PROXY,Momentum
2017-01-02,AXIA3,0.13411125531873527,0.00026822251063747055,AMPLO_PROXY,Momentum
2017-01-02,BEEF3,-0.09500997155264969,0.00019001994310529938,AMPLO_PROXY,Momentum
2017-01-02,BRAP4,0.13411125531873527,0.00026822251063747055,AMPLO_PROXY,Momentum
2017-01-02,BRKM5,-0.13915728501940572,0.00027831457003881145,AMPLO_PROXY,Momentum
2017-01-02,CSMG3,0.13411125531873527,0.00026822251063747055,AMPLO_PROXY,Momentum
2017-01-02,CSNA3,0.13411125531873527,0.00026822251063747055,AMPLO_PROXY,Momentum
2017-01-02,ENBR3,-0.13156195864411882,0.00026312391728823764,AMPLO_PROXY,Momentum
2017-01-02,EQTL3,-0.1691626450930034,0.00033832529018600684,AMPLO_PROXY,Momentum
2017-01-02,FLRY3,0.13411125531873527,0.00026822251063747055,AMPLO_PROXY,Momentum
2017-01-02,GOAU4,0.13411125531873527,0.00026822251063747055,AMPLO_PROXY,Momentum
2017-01-02,HYPE3,-0.12599939256181975,0.0002519987851236395,AMPLO_PROXY,Momentum
2017-01-02,KLBN11,-0.07999940934798869,0.00015999881869597737,AMPLO_PROXY,Momentum
2017-01-02,MGLU3,0.13411125531873527,0.00026822251063747055,AMPLO_PROXY,Momentum
2017-01-02,RADL3,-0.17384042834398758,0.0003476808566879752,AMPLO_PROXY,Momentum
2017-01-02,SANB11,-0.2025181680463156,0.00040503633609263116,AMPLO_PROXY,Momentum
2017-01-02,SAPR4,0.13411125531873527,0.00026822251063747055,AMPLO_PROXY,Momentum
2017-01-02,SEER3,0.13411125531873527,0.00026822251063747055,AMPLO_PROXY,Momentum
2017-01-02,SMTO3,-0.13067968306106542,0.00026135936612213084,AMPLO_PROXY,Momentum
2017-01-02,SULA11,-0.09855881213097535,0.00019711762426195072,AMPLO_PROXY,Momentum
2017-01-02,USIM5,0.13411125531873527,0.00026822251063747055,AMPLO_PROXY,Momentum
2018-01-02,AMER3,0.2627178827032574,0.0005254357654065148,AMPLO_PROXY,Momentum
2018-01-02,AXIA3,-0.11199779268083822,0.00022399558536167645,AMPLO_PROXY,Momentum
2018-01-02,AZZA3,0.2627178827032574,0.0005254357654065148,AMPLO_PROXY,Momentum
2018-01-02,BRAP4,-0.027506644414404313,5.5013288828808625e-05,AMPLO_PROXY,Momentum
2018-01-02,CSMG3,-0.17213958972612,0.00034427917945224003,AMPLO_PROXY,Momentum
2018-01-02,CSNA3,-0.1071902109447145,0.00021438042188942898,AMPLO_PROXY,Momentum
2018-01-02,CVCB3,0.2627178827032574,0.0005254357654065148,AMPLO_PROXY,Momentum
2018-01-02,FLRY3,-0.23358314496575902,0.00046716628993151806,AMPLO_PROXY,Momentum
2018-01-02,GOAU4,-0.171886057788468,0.000343772115576936,AMPLO_PROXY,Momentum
2018-01-02,MGLU3,-0.5828665128125587,0.0011657330256251174,AMPLO_PROXY,Momentum
2018-01-02,MYPK3,0.2627178827032574,0.0005254357654065148,AMPLO_PROXY,Momentum
2018-01-02,RAPT4,0.2627178827032574,0.0005254357654065148,AMPLO_PROXY,Momentum
2018-01-02,RIAA3,0.2627178827032574,0.0005254357654065148,AMPLO_PROXY,Momentum
2018-01-02,SAPR4,-0.1526079110858212,0.0003052158221716424,AMPLO_PROXY,Momentum
2018-01-02,SEER3,-0.23378017533595824,0.0004675603506719165,AMPLO_PROXY,Momentum
2018-01-02,USIM5,-0.05283798156865155,0.0001056759631373031,AMPLO_PROXY,Momentum
2018-01-02,YDUQ3,0.2627178827032574,0.0005254357654065148,AMPLO_PROXY,Momentum
2019-01-02,AMER3,-0.22109371410358203,0.0004421874282071641,AMPLO_PROXY,Momentum
2019-01-02,AZZA3,-0.26530354329507627,0.0005306070865901526,AMPLO_PROXY,Momentum
2019-01-02,BRAP4,-0.29176010536396346,0.0005835202107279269,AMPLO_PROXY,Momentum
2019-01-02,BRSR6,0.34374972702993534,0.0006874994540598707,AMPLO_PROXY,Momentum
2019-01-02,CESP6,0.34374972702993534,0.0006874994540598707,AMPLO_PROXY,Momentum
2019-01-02,CMIG4,0.34374972702993534,0.0006874994540598707,AMPLO_PROXY,Momentum
2019-01-02,CVCB3,-0.3246306819288859,0.0006492613638577718,AMPLO_PROXY,Momentum
2019-01-02,IRBR3,0.34374972702993534,0.0006874994540598707,AMPLO_PROXY,Momentum
2019-01-02,MGLU3,-0.276156301637249,0.0005523126032744981,AMPLO_PROXY,Momentum
2019-01-02,MYPK3,-0.2857538308756725,0.0005715076617513451,AMPLO_PROXY,Momentum
2019-01-02,RAPT4,-0.33321811785708993,0.0006664362357141799,AMPLO_PROXY,Momentum
2019-01-02,RIAA3,-0.28835430122910105,0.0005767086024582021,AMPLO_PROXY,Momentum
2019-01-02,SLCE3,0.34374972702993534,0.0006874994540598707,AMPLO_PROXY,Momentum
2019-01-02,SULA11,0.34374972702993534,0.0006874994540598707,AMPLO_PROXY,Momentum
2019-01-02,SUZB3,0.34374972702993534,0.0006874994540598707,AMPLO_PROXY,Momentum
2019-01-02,TEND3,0.34374972702993534,0.0006874994540598707,AMPLO_PROXY,Momentum
2019-01-02,USIM5,-0.2682674228215418,0.0005365348456430836,AMPLO_PROXY,Momentum
2019-01-02,YDUQ3,-0.20648183246294893,0.0004129636649258979,AMPLO_PROXY,Momentum
2020-01-02,ALPA4,0.523043321259385,0.00104608664251877,AMPLO_PROXY,Momentum
2020-01-02,AMER3,-0.5271685346116489,0.001054337069223298,AMPLO_PROXY,Momentum
2020-01-02,BEEF3,0.523043321259385,0.00104608664251877,AMPLO_PROXY,Momentum
2020-01-02,BHIA3,0.523043321259385,0.00104608664251877,AMPLO_PROXY,Momentum
2020-01-02,BPAC11,0.523043321259385,0.00104608664251877,AMPLO_PROXY,Momentum
2020-01-02,BPAN4,0.523043321259385,0.00104608664251877,AMPLO_PROXY,Momentum
2020-01-02,BRSR6,-0.35268010799764293,0.0007053602159952859,AMPLO_PROXY,Momentum
2020-01-02,CESP6,-0.5273649652682796,0.0010547299305365592,AMPLO_PROXY,Momentum
2020-01-02,CMIG4,-0.351418855286944,0.000702837710573888,AMPLO_PROXY,Momentum
2020-01-02,CPLE6,0.523043321259385,0.00104608664251877,AMPLO_PROXY,Momentum
2020-01-02,ENEV3,0.523043321259385,0.00104608664251877,AMPLO_PROXY,Momentum
2020-01-02,EZTC3,0.523043321259385,0.00104608664251877,AMPLO_PROXY,Momentum
2020-01-02,IRBR3,-0.5098397759335513,0.0010196795518671027,AMPLO_PROXY,Momentum
2020-01-02,MGLU3,-0.7329894249203532,0.0014659788498407064,AMPLO_PROXY,Momentum
2020-01-02,PRIO3,0.523043321259385,0.00104608664251877,AMPLO_PROXY,Momentum
2020-01-02,QUAL3,0.523043321259385,0.00104608664251877,AMPLO_PROXY,Momentum
2020-01-02,SLCE3,-0.42159249211636196,0.0008431849842327239,AMPLO_PROXY,Momentum
2020-01-02,SULA11,-0.774503490633392,0.0015490069812667839,AMPLO_PROXY,Momentum
2020-01-02,SUZB3,-0.3672328473609843,0.0007344656947219687,AMPLO_PROXY,Momentum
2020-01-02,TEND3,-0.6866063786354099,0.0013732127572708198,AMPLO_PROXY,Momentum
2021-01-04,ALPA4,-0.6696867025221718,0.0013393734050443436,AMPLO_PROXY,Momentum
2021-01-04,BEEF3,-0.4360224305705688,0.0008720448611411376,AMPLO_PROXY,Momentum
2021-01-04,BHIA3,-0.7210239247465774,0.0014420478494931548,AMPLO_PROXY,Momentum
2021-01-04,BIDI11,0.622158543512337,0.0012443170870246741,AMPLO_PROXY,Momentum
2021-01-04,BPAC11,-0.6517942805899158,0.0013035885611798316,AMPLO_PROXY,Momentum
2021-01-04,BPAN4,-0.46552056674804326,0.0009310411334960865,AMPLO_PROXY,Momentum
2021-01-04,BRAP4,0.622158543512337,0.0012443170870246741,AMPLO_PROXY,Momentum
2021-01-04,CPLE6,-0.5809784445691674,0.0011619568891383348,AMPLO_PROXY,Momentum
2021-01-04,CSNA3,0.622158543512337,0.0012443170870246741,AMPLO_PROXY,Momentum
2021-01-04,ENEV3,-0.7456885039839624,0.0014913770079679248,AMPLO_PROXY,Momentum
2021-01-04,EZTC3,-0.4165181781513184,0.0008330363563026368,AMPLO_PROXY,Momentum
2021-01-04,MBRF3,0.622158543512337,0.0012443170870246741,AMPLO_PROXY,Momentum
2021-01-04,MGLU3,0.622158543512337,0.0012443170870246741,AMPLO_PROXY,Momentum
2021-01-04,OIBR3,0.622158543512337,0.0012443170870246741,AMPLO_PROXY,Momentum
2021-01-04,PRIO3,-0.47129144109497434,0.0009425828821899487,AMPLO_PROXY,Momentum
2021-01-04,QUAL3,-0.4633450113862805,0.0009266900227725609,AMPLO_PROXY,Momentum
2021-01-04,USIM5,0.622158543512337,0.0012443170870246741,AMPLO_PROXY,Momentum
2021-01-04,VALE3,0.622158543512337,0.0012443170870246741,AMPLO_PROXY,Momentum
2021-01-04,WEGE3,0.622158543512337,0.0012443170870246741,AMPLO_PROXY,Momentum
2022-01-03,AMBP3,0.5769591328005534,0.001153918265601107,AMPLO_PROXY,Momentum
2022-01-03,BIDI11,-0.545459367659011,0.0010909187353180221,AMPLO_PROXY,Momentum
2022-01-03,BRAP4,-0.6792801132108726,0.001358560226421745,AMPLO_PROXY,Momentum
2022-01-03,BRKM5,0.5769591328005534,0.001153918265601107,AMPLO_PROXY,Momentum
2022-01-03,CSNA3,-0.4649261923135888,0.0009298523846271775,AMPLO_PROXY,Momentum
2022-01-03,EMBJ3,0.5769591328005534,0.001153918265601107,AMPLO_PROXY,Momentum
2022-01-03,ETER3,0.5769591328005534,0.001153918265601107,AMPLO_PROXY,Momentum
2022-01-03,FHER3,0.5769591328005534,0.001153918265601107,AMPLO_PROXY,Momentum
2022-01-03,MBRF3,-0.4759623475448409,0.0009519246950896818,AMPLO_PROXY,Momentum
2022-01-03,MGLU3,-0.16602927230600245,0.0003320585446120049,AMPLO_PROXY,Momentum
2022-01-03,OIBR3,-0.19856123717519683,0.0003971224743503937,AMPLO_PROXY,Momentum
2022-01-03,PCAR3,0.5769591328005534,0.001153918265601107,AMPLO_PROXY,Momentum
2022-01-03,POSI3,0.5769591328005534,0.001153918265601107,AMPLO_PROXY,Momentum
2022-01-03,PRIO3,-0.8438312295076414,0.001687662459015283,AMPLO_PROXY,Momentum
2022-01-03,SLCE3,0.5769591328005534,0.001153918265601107,AMPLO_PROXY,Momentum
2022-01-03,TASA4,0.5769591328005534,0.001153918265601107,AMPLO_PROXY,Momentum
2022-01-03,USIM5,-0.67512754039383,0.00135025508078766,AMPLO_PROXY,Momentum
2022-01-03,VALE3,-0.6241875836415579,0.0012483751672831159,AMPLO_PROXY,Momentum
2022-01-03,WEGE3,-0.5400794645394335,0.001080158929078867,AMPLO_PROXY,Momentum
2023-01-02,AMBP3,-0.2870169419726803,0.0005740338839453606,AMPLO_PROXY,Momentum
2023-01-02,ASAI3,0.3944025595715943,0.0007888051191431886,AMPLO_PROXY,Momentum
2023-01-02,BBSE3,0.3944025595715943,0.0007888051191431886,AMPLO_PROXY,Momentum
2023-01-02,BRKM5,-0.24519270513775893,0.0004903854102755179,AMPLO_PROXY,Momentum
2023-01-02,CIEL3,0.3944025595715943,0.0007888051191431886,AMPLO_PROXY,Momentum
2023-01-02,CPFE3,0.3944025595715943,0.0007888051191431886,AMPLO_PROXY,Momentum
2023-01-02,CPLE6,0.3944025595715943,0.0007888051191431886,AMPLO_PROXY,Momentum
2023-01-02,EMBJ3,-0.3268825513860373,0.0006537651027720745,AMPLO_PROXY,Momentum
2023-01-02,ETER3,-0.32391553357205904,0.0006478310671441181,AMPLO_PROXY,Momentum
2023-01-02,FHER3,-0.5559022301435991,0.0011118044602871982,AMPLO_PROXY,Momentum
2023-01-02,HYPE3,0.3944025595715943,0.0007888051191431886,AMPLO_PROXY,Momentum
2023-01-02,MBRF3,-0.27758504298088094,0.0005551700859617619,AMPLO_PROXY,Momentum
2023-01-02,MDIA3,0.3944025595715943,0.0007888051191431886,AMPLO_PROXY,Momentum
2023-01-02,PCAR3,-0.4524812944751219,0.0009049625889502439,AMPLO_PROXY,Momentum
2023-01-02,POSI3,-0.5067078124667422,0.0010134156249334845,AMPLO_PROXY,Momentum
2023-01-02,PRIO3,0.3944025595715943,0.0007888051191431886,AMPLO_PROXY,Momentum
2023-01-02,RECV3,0.3944025595715943,0.0007888051191431886,AMPLO_PROXY,Momentum
2023-01-02,SBSP3,0.3944025595715943,0.0007888051191431886,AMPLO_PROXY,Momentum
2023-01-02,SLCE3,-0.6730034970274994,0.0013460069940549988,AMPLO_PROXY,Momentum
2023-01-02,TASA4,-0.3111457043720638,0.0006222914087441276,AMPLO_PROXY,Momentum
2024-01-02,ASAI3,-0.2715160340868238,0.0005430320681736475,AMPLO_PROXY,Momentum
2024-01-02,BBAS3,0.41908220121483775,0.0008381644024296755,AMPLO_PROXY,Momentum
2024-01-02,BBSE3,-0.4437278866660826,0.0008874557733321652,AMPLO_PROXY,Momentum
2024-01-02,CIEL3,-0.3707527730423011,0.0007415055460846022,AMPLO_PROXY,Momentum
2024-01-02,CMIN3,0.41908220121483775,0.0008381644024296755,AMPLO_PROXY,Momentum
2024-01-02,CPFE3,-0.5139177127730116,0.001027835425546023,AMPLO_PROXY,Momentum
2024-01-02,CPLE6,-0.5411845626659247,0.0010823691253318494,AMPLO_PROXY,Momentum
2024-01-02,CYRE3,0.41908220121483775,0.0008381644024296755,AMPLO_PROXY,Momentum
2024-01-02,ECOR3,0.41908220121483775,0.0008381644024296755,AMPLO_PROXY,Momentum
2024-01-02,HYPE3,-0.3270838945162336,0.0006541677890324672,AMPLO_PROXY,Momentum
2024-01-02,MDIA3,-0.43132921753845804,0.0008626584350769161,AMPLO_PROXY,Momentum
2024-01-02,PETR4,0.41908220121483775,0.0008381644024296755,AMPLO_PROXY,Momentum
2024-01-02,POMO4,0.41908220121483775,0.0008381644024296755,AMPLO_PROXY,Momentum
2024-01-02,PRIO3,-0.4873076149515653,0.0009746152299031307,AMPLO_PROXY,Momentum
2024-01-02,RECV3,-0.26203428573089305,0.0005240685714617861,AMPLO_PROXY,Momentum
2024-01-02,SBSP3,-0.5587649119893008,0.0011175298239786016,AMPLO_PROXY,Momentum
2024-01-02,SMFT3,0.41908220121483775,0.0008381644024296755,AMPLO_PROXY,Momentum
2024-01-02,TEND3,0.41908220121483775,0.0008381644024296755,AMPLO_PROXY,Momentum
2024-01-02,UGPA3,0.41908220121483775,0.0008381644024296755,AMPLO_PROXY,Momentum
2024-01-02,YDUQ3,0.41908220121483775,0.0008381644024296755,AMPLO_PROXY,Momentum
2025-01-02,AMBP3,0.3331374990399927,0.0006662749980799854,AMPLO_PROXY,Momentum
2025-01-02,BBAS3,-0.39682687257216337,0.0007936537451443267,AMPLO_PROXY,Momentum
2025-01-02,BRFS3,0.3331374990399927,0.0006662749980799854,AMPLO_PROXY,Momentum
2025-01-02,CMIG4,0.3331374990399927,0.0006662749980799854,AMPLO_PROXY,Momentum
2025-01-02,CMIN3,-0.2998577704031369,0.0005997155408062738,AMPLO_PROXY,Momentum
2025-01-02,CYRE3,-0.3088809307372194,0.0006177618614744388,AMPLO_PROXY,Momentum
2025-01-02,DIRR3,0.3331374990399927,0.0006662749980799854,AMPLO_PROXY,Momentum
2025-01-02,ECOR3,-0.1913205769255607,0.00038264115385112143,AMPLO_PROXY,Momentum
2025-01-02,EMBJ3,0.3331374990399927,0.0006662749980799854,AMPLO_PROXY,Momentum
2025-01-02,MBRF3,0.3331374990399927,0.0006662749980799854,AMPLO_PROXY,Momentum
2025-01-02,PETR4,-0.49981857969273746,0.000999637159385475,AMPLO_PROXY,Momentum
2025-01-02,POMO4,-0.2277981319041522,0.0004555962638083044,AMPLO_PROXY,Momentum
2025-01-02,PSSA3,0.3331374990399927,0.0006662749980799854,AMPLO_PROXY,Momentum
2025-01-02,SMFT3,-0.28806868085269605,0.0005761373617053921,AMPLO_PROXY,Momentum
2025-01-02,STBP3,0.3331374990399927,0.0006662749980799854,AMPLO_PROXY,Momentum
2025-01-02,TEND3,-0.37235096508427373,0.0007447019301685475,AMPLO_PROXY,Momentum
2025-01-02,UGPA3,-0.2562566441823985,0.000512513288364797,AMPLO_PROXY,Momentum
2025-01-02,WEGE3,0.3331374990399927,0.0006662749980799854,AMPLO_PROXY,Momentum
2025-01-02,YDUQ3,-0.1690753229389017,0.0003381506458778034,AMPLO_PROXY,Momentum
2016-01-04,ABEV3,0.09980039920159683,0.00019960079840319368,AMPLO_PROXY,Baixa_Vol
2016-01-04,BRFS3,0.09980039920159683,0.00019960079840319368,AMPLO_PROXY,Baixa_Vol
2016-01-04,CIEL3,0.09980039920159683,0.00019960079840319368,AMPLO_PROXY,Baixa_Vol
2016-01-04,EQTL3,0.09980039920159683,0.00019960079840319368,AMPLO_PROXY,Baixa_Vol
2016-01-04,KLBN11,0.09980039920159683,0.00019960079840319368,AMPLO_PROXY,Baixa_Vol
2016-01-04,LEVE3,0.09980039920159683,0.00019960079840319368,AMPLO_PROXY,Baixa_Vol
2016-01-04,SUZB3,0.09980039920159683,0.00019960079840319368,AMPLO_PROXY,Baixa_Vol
2016-01-04,TAEE11,0.09980039920159683,0.00019960079840319368,AMPLO_PROXY,Baixa_Vol
2016-01-04,UGPA3,0.09980039920159683,0.00019960079840319368,AMPLO_PROXY,Baixa_Vol
2016-01-04,WEGE3,0.09980039920159683,0.00019960079840319368,AMPLO_PROXY,Baixa_Vol
2017-01-02,ABEV3,0.012466214238977327,2.4932428477954656e-05,AMPLO_PROXY,Baixa_Vol
2017-01-02,BRFS3,-0.08949038152343847,0.00017898076304687693,AMPLO_PROXY,Baixa_Vol
2017-01-02,CIEL3,-0.10303330209574398,0.00020606660419148797,AMPLO_PROXY,Baixa_Vol
2017-01-02,CPFE3,0.11049524486192555,0.0002209904897238511,AMPLO_PROXY,Baixa_Vol
2017-01-02,EGIE3,0.11049524486192555,0.0002209904897238511,AMPLO_PROXY,Baixa_Vol
2017-01-02,ENBR3,0.11049524486192555,0.0002209904897238511,AMPLO_PROXY,Baixa_Vol
2017-01-02,EQTL3,-0.05866740023107786,0.00011733480046215572,AMPLO_PROXY,Baixa_Vol
2017-01-02,GRND3,0.11049524486192555,0.0002209904897238511,AMPLO_PROXY,Baixa_Vol
2017-01-02,ISAE4,0.11049524486192555,0.0002209904897238511,AMPLO_PROXY,Baixa_Vol
2017-01-02,KLBN11,-0.07999940934798869,0.00015999881869597737,AMPLO_PROXY,Baixa_Vol
2017-01-02,LEVE3,-0.08944688827463439,0.00017889377654926877,AMPLO_PROXY,Baixa_Vol
2017-01-02,RADL3,0.11049524486192555,0.0002209904897238511,AMPLO_PROXY,Baixa_Vol
2017-01-02,SUZB3,0.009391263137688136,1.8782526275376272e-05,AMPLO_PROXY,Baixa_Vol
2017-01-02,TAEE11,-0.15125202903125418,0.00030250405806250835,AMPLO_PROXY,Baixa_Vol
2017-01-02,UGPA3,-0.01010905023101595,2.02181004620319e-05,AMPLO_PROXY,Baixa_Vol
2017-01-02,WEGE3,-0.1055752912100519,0.0002111505824201038,AMPLO_PROXY,Baixa_Vol
2018-01-02,ABEV3,-0.019665326431672903,3.933065286334581e-05,AMPLO_PROXY,Baixa_Vol
2018-01-02,ALUP11,0.13141891841403738,0.00026283783682807475,AMPLO_PROXY,Baixa_Vol
2018-01-02,CPFE3,0.045688230023390966,9.137646004678193e-05,AMPLO_PROXY,Baixa_Vol
2018-01-02,EGIE3,0.009075326041702664,1.815065208340533e-05,AMPLO_PROXY,Baixa_Vol
2018-01-02,ENBR3,-0.1181440385399085,0.000236288077079817,AMPLO_PROXY,Baixa_Vol
2018-01-02,EQTL3,-0.0026247239938883005,5.249447987776601e-06,AMPLO_PROXY,Baixa_Vol
2018-01-02,GRND3,-0.1841624830231288,0.0003683249660462576,AMPLO_PROXY,Baixa_Vol
2018-01-02,HYPE3,0.13141891841403738,0.00026283783682807475,AMPLO_PROXY,Baixa_Vol
2018-01-02,ISAE4,0.01035178871063576,2.0703577421271518e-05,AMPLO_PROXY,Baixa_Vol
2018-01-02,RADL3,-0.16627004911653717,0.00033254009823307433,AMPLO_PROXY,Baixa_Vol
2018-01-02,SUZB3,0.026603694571707776,5.320738914341555e-05,AMPLO_PROXY,Baixa_Vol
2018-01-02,UGPA3,0.002931279125945374,5.862558251890748e-06,AMPLO_PROXY,Baixa_Vol
2018-01-02,VIVT4,0.13141891841403738,0.00026283783682807475,AMPLO_PROXY,Baixa_Vol
2019-01-02,ABEV3,0.05489760519816844,0.00010979521039633688,AMPLO_PROXY,Baixa_Vol
2019-01-02,ALUP11,0.01685757105534924,3.3715142110698485e-05,AMPLO_PROXY,Baixa_Vol
2019-01-02,CPFE3,-0.042017832956107865,8.403566591221573e-05,AMPLO_PROXY,Baixa_Vol
2019-01-02,EGIE3,-0.02945623754703236,5.8912475094064724e-05,AMPLO_PROXY,Baixa_Vol
2019-01-02,EQTL3,0.003556633156563932,7.113266313127864e-06,AMPLO_PROXY,Baixa_Vol
2019-01-02,HYPE3,-0.11750223242322035,0.0002350044648464407,AMPLO_PROXY,Baixa_Vol
2019-01-02,ISAE4,-0.007556403110470317,1.5112806220940633e-05,AMPLO_PROXY,Baixa_Vol
2019-01-02,KLBN11,0.15594539466597765,0.0003118907893319553,AMPLO_PROXY,Baixa_Vol
2019-01-02,SAPR11,0.15594539466597765,0.0003118907893319553,AMPLO_PROXY,Baixa_Vol
2019-01-02,SMTO3,0.15594539466597765,0.0003118907893319553,AMPLO_PROXY,Baixa_Vol
2019-01-02,SUZB3,-0.27127545300290695,0.0005425509060058139,AMPLO_PROXY,Baixa_Vol
2019-01-02,TAEE11,0.15594539466597765,0.0003118907893319553,AMPLO_PROXY,Baixa_Vol
2019-01-02,UGPA3,-0.09513927255070534,0.00019027854510141067,AMPLO_PROXY,Baixa_Vol
2019-01-02,VIVT4,-0.13894793399085903,0.0002778958679817181,AMPLO_PROXY,Baixa_Vol
2020-01-02,ABEV3,-0.19026570821483912,0.00038053141642967826,AMPLO_PROXY,Baixa_Vol
2020-01-02,ALUP11,-0.022759350249123705,4.5518700498247414e-05,AMPLO_PROXY,Baixa_Vol
2020-01-02,BBSE3,0.2212385168464052,0.0004424770336928104,AMPLO_PROXY,Baixa_Vol
2020-01-02,CESP6,0.2212385168464052,0.0004424770336928104,AMPLO_PROXY,Baixa_Vol
2020-01-02,CPFE3,0.028401577477420836,5.6803154954841674e-05,AMPLO_PROXY,Baixa_Vol
2020-01-02,EGIE3,-0.24608142524059,0.00049216285048118,AMPLO_PROXY,Baixa_Vol
2020-01-02,ENGI11,0.2212385168464052,0.0004424770336928104,AMPLO_PROXY,Baixa_Vol
2020-01-02,EQTL3,-0.026739830404248127,5.3479660808496254e-05,AMPLO_PROXY,Baixa_Vol
2020-01-02,ISAE4,0.004868715851262001,9.737431702524003e-06,AMPLO_PROXY,Baixa_Vol
2020-01-02,ITSA4,0.2212385168464052,0.0004424770336928104,AMPLO_PROXY,Baixa_Vol
2020-01-02,KLBN11,-0.18606835387195894,0.0003721367077439179,AMPLO_PROXY,Baixa_Vol
2020-01-02,SAPR11,-0.2710082203770856,0.0005420164407541712,AMPLO_PROXY,Baixa_Vol
2020-01-02,SMTO3,-0.20876838605724776,0.00041753677211449553,AMPLO_PROXY,Baixa_Vol
2020-01-02,TAEE11,0.007630826896638798,1.5261653793277595e-05,AMPLO_PROXY,Baixa_Vol
2020-01-02,VIVT4,0.2212385168464052,0.0004424770336928104,AMPLO_PROXY,Baixa_Vol
2021-01-04,ALUP11,-0.21080137016960904,0.0004216027403392181,AMPLO_PROXY,Baixa_Vol
2021-01-04,BBSE3,0.025180323073994593,5.0360646147989185e-05,AMPLO_PROXY,Baixa_Vol
2021-01-04,CESP6,0.0027326831516344685,5.465366303268937e-06,AMPLO_PROXY,Baixa_Vol
2021-01-04,CPFE3,0.00799906476255477,1.599812952510954e-05,AMPLO_PROXY,Baixa_Vol
2021-01-04,CRFB3,0.2174808494640959,0.00043496169892819184,AMPLO_PROXY,Baixa_Vol
2021-01-04,EGIE3,0.2174808494640959,0.00043496169892819184,AMPLO_PROXY,Baixa_Vol
2021-01-04,ENBR3,0.2174808494640959,0.00043496169892819184,AMPLO_PROXY,Baixa_Vol
2021-01-04,ENGI11,-0.20895010358369734,0.0004179002071673947,AMPLO_PROXY,Baixa_Vol
2021-01-04,EQTL3,-0.2164962066046735,0.000432992413209347,AMPLO_PROXY,Baixa_Vol
2021-01-04,ISAE4,-0.07338528794001159,0.00014677057588002317,AMPLO_PROXY,Baixa_Vol
2021-01-04,ITSA4,-0.18775034722740508,0.0003755006944548102,AMPLO_PROXY,Baixa_Vol
2021-01-04,PSSA3,0.2174808494640959,0.00043496169892819184,AMPLO_PROXY,Baixa_Vol
2021-01-04,RADL3,0.2174808494640959,0.00043496169892819184,AMPLO_PROXY,Baixa_Vol
2021-01-04,TAEE11,-0.044969417866220995,8.9938835732442e-05,AMPLO_PROXY,Baixa_Vol
2022-01-03,BBSE3,0.04355596659685365,8.71119331937073e-05,AMPLO_PROXY,Baixa_Vol
2022-01-03,CESP6,0.032388148244257536,6.477629648851507e-05,AMPLO_PROXY,Baixa_Vol
2022-01-03,CPFE3,-0.001280074562255401,2.560149124510802e-06,AMPLO_PROXY,Baixa_Vol
2022-01-03,CRFB3,-0.16980975008362903,0.0003396195001672581,AMPLO_PROXY,Baixa_Vol
2022-01-03,EGIE3,0.0035609723798006587,7.121944759601318e-06,AMPLO_PROXY,Baixa_Vol
2022-01-03,ENBR3,-0.03996056724096389,7.992113448192779e-05,AMPLO_PROXY,Baixa_Vol
2022-01-03,ISAE4,-0.21928730131872276,0.00043857460263744554,AMPLO_PROXY,Baixa_Vol
2022-01-03,ITSA4,0.20240464690381155,0.0004048092938076231,AMPLO_PROXY,Baixa_Vol
2022-01-03,PSSA3,-0.19428199907988597,0.00038856399815977193,AMPLO_PROXY,Baixa_Vol
2022-01-03,RADL3,-0.20393071306206406,0.00040786142612412815,AMPLO_PROXY,Baixa_Vol
2022-01-03,SAPR11,0.20240464690381155,0.0004048092938076231,AMPLO_PROXY,Baixa_Vol
2022-01-03,TAEE11,-0.06413689143186724,0.0001282737828637345,AMPLO_PROXY,Baixa_Vol
2022-01-03,TIMS3,0.20240464690381155,0.0004048092938076231,AMPLO_PROXY,Baixa_Vol
2022-01-03,VIVT3,0.20240464690381155,0.0004048092938076231,AMPLO_PROXY,Baixa_Vol
2023-01-02,ABEV3,0.2332956564404335,0.000466591312880867,AMPLO_PROXY,Baixa_Vol
2023-01-02,BBSE3,-0.11983750198473345,0.0002396750039694669,AMPLO_PROXY,Baixa_Vol
2023-01-02,CPFE3,-0.276558953385621,0.000553117906771242,AMPLO_PROXY,Baixa_Vol
2023-01-02,EGIE3,0.01967363018739851,3.934726037479702e-05,AMPLO_PROXY,Baixa_Vol
2023-01-02,ENBR3,0.014174167369804147,2.8348334739608296e-05,AMPLO_PROXY,Baixa_Vol
2023-01-02,ENGI11,0.2332956564404335,0.000466591312880867,AMPLO_PROXY,Baixa_Vol
2023-01-02,ISAE4,0.2332956564404335,0.000466591312880867,AMPLO_PROXY,Baixa_Vol
2023-01-02,ITSA4,0.012747537991989022,2.5495075983978043e-05,AMPLO_PROXY,Baixa_Vol
2023-01-02,SAPR11,-0.20463819670795216,0.0004092763934159043,AMPLO_PROXY,Baixa_Vol
2023-01-02,TAEE11,0.019516382390720843,3.903276478144169e-05,AMPLO_PROXY,Baixa_Vol
2023-01-02,TIMS3,0.03212196383554,6.424392767108001e-05,AMPLO_PROXY,Baixa_Vol
2023-01-02,VIVT3,0.06852666577783109,0.00013705333155566217,AMPLO_PROXY,Baixa_Vol
2024-01-02,ABEV3,0.0663737162030428,0.0001327474324060856,AMPLO_PROXY,Baixa_Vol
2024-01-02,AURE3,0.30355958296701274,0.0006071191659340255,AMPLO_PROXY,Baixa_Vol
2024-01-02,BBSE3,0.041087177328634816,8.217435465726963e-05,AMPLO_PROXY,Baixa_Vol
2024-01-02,EGIE3,0.00549004572520001,1.0980091450400021e-05,AMPLO_PROXY,Baixa_Vol
2024-01-02,ENGI11,-0.29998028492222834,0.0005999605698444566,AMPLO_PROXY,Baixa_Vol
2024-01-02,EQTL3,0.30355958296701274,0.0006071191659340255,AMPLO_PROXY,Baixa_Vol
2024-01-02,ISAE4,0.010644218307649389,2.128843661529878e-05,AMPLO_PROXY,Baixa_Vol
2024-01-02,ITSA4,-0.015455962170605242,3.091192434121048e-05,AMPLO_PROXY,Baixa_Vol
2024-01-02,KLBN11,0.30355958296701274,0.0006071191659340255,AMPLO_PROXY,Baixa_Vol
2024-01-02,TAEE11,0.023862311018825133,4.772462203765027e-05,AMPLO_PROXY,Baixa_Vol
2024-01-02,TIMS3,-0.39235272524587034,0.0007847054504917407,AMPLO_PROXY,Baixa_Vol
2024-01-02,VIVT3,-0.05013184460784065,0.0001002636892156813,AMPLO_PROXY,Baixa_Vol
2025-01-02,ABEV3,-0.2709974166929824,0.0005419948333859648,AMPLO_PROXY,Baixa_Vol
2025-01-02,ALUP11,0.28194789238854867,0.0005638957847770974,AMPLO_PROXY,Baixa_Vol
2025-01-02,AURE3,0.07935483268620502,0.00015870966537241004,AMPLO_PROXY,Baixa_Vol
2025-01-02,BBAS3,0.28194789238854867,0.0005638957847770974,AMPLO_PROXY,Baixa_Vol
2025-01-02,BBSE3,-0.06969865917515716,0.00013939731835031432,AMPLO_PROXY,Baixa_Vol
2025-01-02,CPFE3,0.28194789238854867,0.0005638957847770974,AMPLO_PROXY,Baixa_Vol
2025-01-02,EGIE3,0.025541268224717473,5.1082536449434946e-05,AMPLO_PROXY,Baixa_Vol
2025-01-02,EQTL3,-0.23531111632877563,0.0004706222326575513,AMPLO_PROXY,Baixa_Vol
2025-01-02,ISAE4,-0.2653249716224756,0.0005306499432449512,AMPLO_PROXY,Baixa_Vol
2025-01-02,ITSA4,-0.008191295465684423,1.6382590931368847e-05,AMPLO_PROXY,Baixa_Vol
2025-01-02,ITUB4,0.28194789238854867,0.0005638957847770974,AMPLO_PROXY,Baixa_Vol
2025-01-02,KLBN11,-0.09491382234671558,0.00018982764469343118,AMPLO_PROXY,Baixa_Vol
2025-01-02,TAEE11,-0.005864648189056354,1.1729296378112708e-05,AMPLO_PROXY,Baixa_Vol
2025-01-02,VIVT3,-0.2873263725900226,0.0005746527451800452,AMPLO_PROXY,Baixa_Vol
2016-01-04,BRAP4,0.09980039920159683,0.00019960079840319368,AMPLO_PROXY,Valor
2016-01-04,DIRR3,0.09980039920159683,0.00019960079840319368,AMPLO_PROXY,Valor
2016-01-04,GFSA3,0.09980039920159683,0.00019960079840319368,AMPLO_PROXY,Valor
2016-01-04,GGBR4,0.09980039920159683,0.00019960079840319368,AMPLO_PROXY,Valor
2016-01-04,GOAU4,0.09980039920159683,0.00019960079840319368,AMPLO_PROXY,Valor
2016-01-04,OIBR4,0.09980039920159683,0.00019960079840319368,AMPLO_PROXY,Valor
2016-01-04,RLOG3,0.09980039920159683,0.00019960079840319368,AMPLO_PROXY,Valor
2016-01-04,RSID3,0.09980039920159683,0.00019960079840319368,AMPLO_PROXY,Valor
2016-01-04,TCSA3,0.09980039920159683,0.00019960079840319368,AMPLO_PROXY,Valor
2016-01-04,USIM5,0.09980039920159683,0.00019960079840319368,AMPLO_PROXY,Valor
2017-01-02,BRAP4,-0.3102981329422827,0.0006205962658845654,AMPLO_PROXY,Valor
2017-01-02,BRPR3,0.17939405736896805,0.0003587881147379361,AMPLO_PROXY,Valor
2017-01-02,CPLE6,0.17939405736896805,0.0003587881147379361,AMPLO_PROXY,Valor
2017-01-02,DIRR3,0.03799856996338158,7.599713992676315e-05,AMPLO_PROXY,Valor
2017-01-02,ENAT3,0.17939405736896805,0.0003587881147379361,AMPLO_PROXY,Valor
2017-01-02,EVEN3,0.17939405736896805,0.0003587881147379361,AMPLO_PROXY,Valor
2017-01-02,GFSA3,0.09770178338889488,0.00019540356677778977,AMPLO_PROXY,Valor
2017-01-02,GGBR4,-0.23938507582120763,0.00047877015164241526,AMPLO_PROXY,Valor
2017-01-02,GOAU4,-0.11626458115789903,0.00023252916231579807,AMPLO_PROXY,Valor
2017-01-02,MYPK3,0.17939405736896805,0.0003587881147379361,AMPLO_PROXY,Valor
2017-01-02,OIBR4,0.054101164535437674,0.00010820232907087534,AMPLO_PROXY,Valor
2017-01-02,RLOG3,-0.1328902015897567,0.0002657804031795134,AMPLO_PROXY,Valor
2017-01-02,RSID3,-0.09044411177644712,0.00018088822355289425,AMPLO_PROXY,Valor
2017-01-02,TCSA3,-0.10234530162643231,0.00020469060325286462,AMPLO_PROXY,Valor
2017-01-02,USIM5,-0.09950019863509216,0.00019900039727018432,AMPLO_PROXY,Valor
2018-01-02,AXIA3,0.28511638258790434,0.0005702327651758087,AMPLO_PROXY,Valor
2018-01-02,BRPR3,0.03257944827926046,6.515889655852092e-05,AMPLO_PROXY,Valor
2018-01-02,CESP6,0.28511638258790434,0.0005702327651758087,AMPLO_PROXY,Valor
2018-01-02,CMIG4,0.28511638258790434,0.0005702327651758087,AMPLO_PROXY,Valor
2018-01-02,CPLE6,0.10757202446996639,0.00021514404893993277,AMPLO_PROXY,Valor
2018-01-02,DIRR3,0.05785973353368326,0.00011571946706736652,AMPLO_PROXY,Valor
2018-01-02,ENAT3,-0.39116395659799524,0.0007823279131959905,AMPLO_PROXY,Valor
2018-01-02,EVEN3,-0.27895058698977154,0.0005579011739795431,AMPLO_PROXY,Valor
2018-01-02,GFSA3,0.04270995925085719,8.541991850171437e-05,AMPLO_PROXY,Valor
2018-01-02,GOAU4,0.055192822193622454,0.0001103856443872449,AMPLO_PROXY,Valor
2018-01-02,MYPK3,-0.3683738544008222,0.0007367477088016444,AMPLO_PROXY,Valor
2018-01-02,OIBR4,0.019519985860333045,3.903997172066609e-05,AMPLO_PROXY,Valor
2018-01-02,USIM5,-0.13698724088329367,0.00027397448176658736,AMPLO_PROXY,Valor
2019-01-02,ALUP11,0.3540165807568767,0.0007080331615137534,AMPLO_PROXY,Valor
2019-01-02,AXIA3,-0.014555872386014024,2.911174477202805e-05,AMPLO_PROXY,Valor
2019-01-02,BRPR3,-0.22702379129916125,0.0004540475825983225,AMPLO_PROXY,Valor
2019-01-02,CESP6,-0.4783349895600994,0.0009566699791201988,AMPLO_PROXY,Valor
2019-01-02,CMIG4,-0.6293929786589557,0.0012587859573179115,AMPLO_PROXY,Valor
2019-01-02,COGN3,0.3540165807568767,0.0007080331615137534,AMPLO_PROXY,Valor
2019-01-02,CPLE6,-0.025962926073508807,5.192585214701762e-05,AMPLO_PROXY,Valor
2019-01-02,DIRR3,-0.43881606549243657,0.0008776321309848732,AMPLO_PROXY,Valor
2019-01-02,ENAT3,0.3540165807568767,0.0007080331615137534,AMPLO_PROXY,Valor
2019-01-02,GFSA3,0.11417923140059211,0.00022835846280118421,AMPLO_PROXY,Valor
2019-01-02,GOAU4,0.007603676779461388,1.5207353558922777e-05,AMPLO_PROXY,Valor
2019-01-02,MRVE3,0.3540165807568767,0.0007080331615137534,AMPLO_PROXY,Valor
2019-01-02,OIBR3,0.3540165807568767,0.0007080331615137534,AMPLO_PROXY,Valor
2019-01-02,OIBR4,-0.1484913528393184,0.00029698270567863683,AMPLO_PROXY,Valor
2019-01-02,USIM5,0.06287752172505906,0.00012575504345011811,AMPLO_PROXY,Valor
2020-01-02,ALUP11,-0.05063121137384796,0.00010126242274769592,AMPLO_PROXY,Valor
2020-01-02,AXIA3,-0.06824429783734476,0.00013648859567468952,AMPLO_PROXY,Valor
2020-01-02,COGN3,-0.47245649012104096,0.000944912980242082,AMPLO_PROXY,Valor
2020-01-02,CPLE6,-0.32159803200978165,0.0006431960640195634,AMPLO_PROXY,Valor
2020-01-02,EMBJ3,0.5032760765338674,0.0010065521530677349,AMPLO_PROXY,Valor
2020-01-02,ENAT3,-0.6438661353915693,0.0012877322707831387,AMPLO_PROXY,Valor
2020-01-02,EQTL3,0.5032760765338674,0.0010065521530677349,AMPLO_PROXY,Valor
2020-01-02,GFSA3,-0.22481884725674084,0.0004496376945134817,AMPLO_PROXY,Valor
2020-01-02,GOAU4,0.013756044017007751,2.7512088034015502e-05,AMPLO_PROXY,Valor
2020-01-02,LIGT3,0.5032760765338674,0.0010065521530677349,AMPLO_PROXY,Valor
2020-01-02,MRVE3,-0.6620976074672584,0.0013241952149345168,AMPLO_PROXY,Valor
2020-01-02,MYPK3,0.5032760765338674,0.0010065521530677349,AMPLO_PROXY,Valor
2020-01-02,OIBR3,0.26164571190963926,0.0005232914238192786,AMPLO_PROXY,Valor
2020-01-02,USIM5,0.14545121958924795,0.0002909024391784959,AMPLO_PROXY,Valor
2021-01-04,ALOS3,0.5825649857932563,0.0011651299715865126,AMPLO_PROXY,Valor
2021-01-04,ALUP11,-0.4795335279732423,0.0009590670559464846,AMPLO_PROXY,Valor
2021-01-04,AXIA3,0.09287885876616225,0.0001857577175323245,AMPLO_PROXY,Valor
2021-01-04,BBAS3,0.5825649857932563,0.0011651299715865126,AMPLO_PROXY,Valor
2021-01-04,BRML3,0.5825649857932563,0.0011651299715865126,AMPLO_PROXY,Valor
2021-01-04,COGN3,0.5825649857932563,0.0011651299715865126,AMPLO_PROXY,Valor
2021-01-04,CPLE6,-0.5590216722957021,0.0011180433445914042,AMPLO_PROXY,Valor
2021-01-04,CSMG3,0.5825649857932563,0.0011651299715865126,AMPLO_PROXY,Valor
2021-01-04,EMBJ3,0.3740293046021035,0.000748058609204207,AMPLO_PROXY,Valor
2021-01-04,EQTL3,-0.4924882113547582,0.0009849764227095163,AMPLO_PROXY,Valor
2021-01-04,GOAU4,-0.04180364339977516,8.360728679955032e-05,AMPLO_PROXY,Valor
2021-01-04,HBOR3,0.5825649857932563,0.0011651299715865126,AMPLO_PROXY,Valor
2021-01-04,LIGT3,-0.5043289580489299,0.0010086579160978597,AMPLO_PROXY,Valor
2021-01-04,MEAL3,0.5825649857932563,0.0011651299715865126,AMPLO_PROXY,Valor
2021-01-04,MYPK3,-0.32830537988829617,0.0006566107597765923,AMPLO_PROXY,Valor
2021-01-04,OIBR3,-1.3752311393362695,0.002750462278672539,AMPLO_PROXY,Valor
2021-01-04,USIM5,-0.7823664156478176,0.0015647328312956353,AMPLO_PROXY,Valor
2022-01-03,ALOS3,-0.4298885206340433,0.0008597770412680866,AMPLO_PROXY,Valor
2022-01-03,AXIA3,-0.003228441654864689,6.456883309729378e-06,AMPLO_PROXY,Valor
2022-01-03,BBAS3,0.08965742579955033,0.00017931485159910067,AMPLO_PROXY,Valor
2022-01-03,BRAP4,0.5708540145373452,0.0011417080290746903,AMPLO_PROXY,Valor
2022-01-03,BRML3,0.08242859620799509,0.00016485719241599018,AMPLO_PROXY,Valor
2022-01-03,CIEL3,0.5708540145373452,0.0011417080290746903,AMPLO_PROXY,Valor
2022-01-03,COGN3,0.27461355578592267,0.0005492271115718453,AMPLO_PROXY,Valor
2022-01-03,CSMG3,-0.46261325281130367,0.0009252265056226074,AMPLO_PROXY,Valor
2022-01-03,EMBJ3,-1.7567431601180088,0.0035134863202360175,AMPLO_PROXY,Valor
2022-01-03,GOAU4,-0.11129537820798574,0.0002225907564159715,AMPLO_PROXY,Valor
2022-01-03,HBOR3,-0.21814295560287786,0.0004362859112057557,AMPLO_PROXY,Valor
2022-01-03,LAME4,0.5708540145373452,0.0011417080290746903,AMPLO_PROXY,Valor
2022-01-03,LIGT3,0.5708540145373452,0.0011417080290746903,AMPLO_PROXY,Valor
2022-01-03,MEAL3,-0.3322882807315904,0.0006645765614631808,AMPLO_PROXY,Valor
2022-01-03,PCAR3,0.5708540145373452,0.0011417080290746903,AMPLO_PROXY,Valor
2023-01-02,ALOS3,0.6798252049745745,0.001359650409949149,AMPLO_PROXY,Valor
2023-01-02,AMER3,0.6798252049745745,0.001359650409949149,AMPLO_PROXY,Valor
2023-01-02,AXIA3,-0.7240757950123318,0.0014481515900246636,AMPLO_PROXY,Valor
2023-01-02,BBAS3,-0.7385662955410107,0.0014771325910820216,AMPLO_PROXY,Valor
2023-01-02,BRAP4,-0.7746898262573849,0.00154937965251477,AMPLO_PROXY,Valor
2023-01-02,BRML3,0.10282321918896808,0.00020564643837793617,AMPLO_PROXY,Valor
2023-01-02,CIEL3,-1.3892517186885829,0.0027785034373771656,AMPLO_PROXY,Valor
2023-01-02,COGN3,0.1901806030912323,0.0003803612061824646,AMPLO_PROXY,Valor
2023-01-02,GOAU4,-0.05449583749811204,0.00010899167499622409,AMPLO_PROXY,Valor
2023-01-02,IRBR3,0.6798252049745745,0.001359650409949149,AMPLO_PROXY,Valor
2023-01-02,LIGT3,-0.2273692403608216,0.0004547384807216432,AMPLO_PROXY,Valor
2023-01-02,MBRF3,0.6798252049745745,0.001359650409949149,AMPLO_PROXY,Valor
2023-01-02,MRVE3,0.6798252049745745,0.001359650409949149,AMPLO_PROXY,Valor
2023-01-02,PCAR3,0.23213186107968053,0.0004642637221593611,AMPLO_PROXY,Valor
2023-01-02,USIM5,0.6798252049745745,0.001359650409949149,AMPLO_PROXY,Valor
2024-01-02,ALOS3,-1.106073825290262,0.002212147650580524,AMPLO_PROXY,Valor
2024-01-02,AMER3,-0.06775666494763202,0.00013551332989526405,AMPLO_PROXY,Valor
2024-01-02,COGN3,-0.34643514965715916,0.0006928702993143183,AMPLO_PROXY,Valor
2024-01-02,CSAN3,0.7678149895839121,0.0015356299791678242,AMPLO_PROXY,Valor
2024-01-02,GFSA3,0.7678149895839121,0.0015356299791678242,AMPLO_PROXY,Valor
2024-01-02,GGBR4,0.7678149895839121,0.0015356299791678242,AMPLO_PROXY,Valor
2024-01-02,GOAU4,0.12473959597230999,0.00024947919194461996,AMPLO_PROXY,Valor
2024-01-02,HAPV3,0.7678149895839121,0.0015356299791678242,AMPLO_PROXY,Valor
2024-01-02,IRBR3,-1.0919140718211588,0.0021838281436423177,AMPLO_PROXY,Valor
2024-01-02,MBRF3,-0.02132942918609404,4.2658858372188084e-05,AMPLO_PROXY,Valor
2024-01-02,MRVE3,-0.9928782326102397,0.0019857564652204793,AMPLO_PROXY,Valor
2024-01-02,PCAR3,0.5910013620342596,0.0011820027240685193,AMPLO_PROXY,Valor
2024-01-02,SOMA3,0.7678149895839121,0.0015356299791678242,AMPLO_PROXY,Valor
2024-01-02,USIM5,-0.15782919353440206,0.0003156583870688041,AMPLO_PROXY,Valor
2025-01-02,BHIA3,0.5733911441945084,0.001146782288389017,AMPLO_PROXY,Valor
2025-01-02,COGN3,0.326593482704989,0.000653186965409978,AMPLO_PROXY,Valor
2025-01-02,CSAN3,0.24172661602275075,0.00048345323204550153,AMPLO_PROXY,Valor
2025-01-02,GFSA3,-0.10893527872263682,0.00021787055744527364,AMPLO_PROXY,Valor
2025-01-02,GGBR4,-0.7304524586492321,0.0014609049172984642,AMPLO_PROXY,Valor
2025-01-02,GOAU4,-0.17776647139569446,0.00035553294279138894,AMPLO_PROXY,Valor
2025-01-02,HAPV3,0.18500920304543106,0.0003700184060908621,AMPLO_PROXY,Valor
2025-01-02,MBRF3,-1.5932811141003753,0.003186562228200751,AMPLO_PROXY,Valor
2025-01-02,MGLU3,0.5733911441945084,0.001146782288389017,AMPLO_PROXY,Valor
2025-01-02,MRVE3,0.5733911441945084,0.001146782288389017,AMPLO_PROXY,Valor
2025-01-02,ONCO3,0.5733911441945084,0.001146782288389017,AMPLO_PROXY,Valor
2025-01-02,PCAR3,0.091445205555374,0.000182890411110748,AMPLO_PROXY,Valor
2025-01-02,USIM5,0.12447852222335987,0.00024895704444671975,AMPLO_PROXY,Valor
2016-01-04,ABEV3,0.09980039920159683,0.00019960079840319368,AMPLO_PROXY,Qualidade
2016-01-04,BBSE3,0.09980039920159683,0.00019960079840319368,AMPLO_PROXY,Qualidade
2016-01-04,BRKM5,0.09980039920159683,0.00019960079840319368,AMPLO_PROXY,Qualidade
2016-01-04,CMIG4,0.09980039920159683,0.00019960079840319368,AMPLO_PROXY,Qualidade
2016-01-04,CVCB3,0.09980039920159683,0.00019960079840319368,AMPLO_PROXY,Qualidade
2016-01-04,HGTX3,0.09980039920159683,0.00019960079840319368,AMPLO_PROXY,Qualidade
2016-01-04,ITSA4,0.09980039920159683,0.00019960079840319368,AMPLO_PROXY,Qualidade
2016-01-04,LREN3,0.09980039920159683,0.00019960079840319368,AMPLO_PROXY,Qualidade
2016-01-04,NATU3,0.09980039920159683,0.00019960079840319368,AMPLO_PROXY,Qualidade
2016-01-04,SEER3,0.09980039920159683,0.00019960079840319368,AMPLO_PROXY,Qualidade
2017-01-02,ABCB4,0.14615426345004093,0.00029230852690008185,AMPLO_PROXY,Qualidade
2017-01-02,ABEV3,0.048125232827092704,9.625046565418541e-05,AMPLO_PROXY,Qualidade
2017-01-02,BBDC4,0.14615426345004093,0.00029230852690008185,AMPLO_PROXY,Qualidade
2017-01-02,BBSE3,0.016839721758606485,3.3679443517212974e-05,AMPLO_PROXY,Qualidade
2017-01-02,BRKM5,0.006996978430635209,1.3993956861270419e-05,AMPLO_PROXY,Qualidade
2017-01-02,CGAS5,0.14615426345004093,0.00029230852690008185,AMPLO_PROXY,Qualidade
2017-01-02,CMIG4,-0.1494392319955939,0.0002988784639911878,AMPLO_PROXY,Qualidade
2017-01-02,CVCB3,-0.04576800980186185,9.153601960372371e-05,AMPLO_PROXY,Qualidade
2017-01-02,EGIE3,0.14615426345004093,0.00029230852690008185,AMPLO_PROXY,Qualidade
2017-01-02,HGTX3,-0.11841824937959738,0.00023683649875919479,AMPLO_PROXY,Qualidade
2017-01-02,ISAE4,0.14615426345004093,0.00029230852690008185,AMPLO_PROXY,Qualidade
2017-01-02,ITSA4,-0.14787044200342336,0.00029574088400684674,AMPLO_PROXY,Qualidade
2017-01-02,ITUB4,0.14615426345004093,0.00029230852690008185,AMPLO_PROXY,Qualidade
2017-01-02,LREN3,-0.14600965067760835,0.0002920193013552167,AMPLO_PROXY,Qualidade
2017-01-02,NATU3,-0.09620460238277163,0.00019240920476554327,AMPLO_PROXY,Qualidade
2017-01-02,SEER3,-0.248980483843325,0.00049796096768665,AMPLO_PROXY,Qualidade
2018-01-02,ABCB4,-0.19719457877058907,0.00039438915754117816,AMPLO_PROXY,Qualidade
2018-01-02,ABEV3,0.00201968813468123,4.039376269362461e-06,AMPLO_PROXY,Qualidade
2018-01-02,AZZA3,0.20186183113299327,0.00040372366226598655,AMPLO_PROXY,Qualidade
2018-01-02,BBDC4,0.0011019274620830133,2.2038549241660267e-06,AMPLO_PROXY,Qualidade
2018-01-02,BBSE3,0.041794347354372346,8.35886947087447e-05,AMPLO_PROXY,Qualidade
2018-01-02,BRKM5,-0.1939272935008365,0.00038785458700167305,AMPLO_PROXY,Qualidade
2018-01-02,CGAS5,-0.22954622750141393,0.00045909245500282787,AMPLO_PROXY,Qualidade
2018-01-02,CVCB3,-0.11852447224044599,0.00023704894448089197,AMPLO_PROXY,Qualidade
2018-01-02,EGIE3,0.04003552219676074,8.007104439352148e-05,AMPLO_PROXY,Qualidade
2018-01-02,ISAE4,-0.1601379063137259,0.0003202758126274518,AMPLO_PROXY,Qualidade
2018-01-02,ITUB4,0.003341527017093615,6.68305403418723e-06,AMPLO_PROXY,Qualidade
2018-01-02,LREN3,0.20186183113299327,0.00040372366226598655,AMPLO_PROXY,Qualidade
2018-01-02,MGLU3,0.20186183113299327,0.00040372366226598655,AMPLO_PROXY,Qualidade
2018-01-02,WIZC3,0.20186183113299327,0.00040372366226598655,AMPLO_PROXY,Qualidade
2019-01-02,ABEV3,0.09513582813555713,0.00019027165627111427,AMPLO_PROXY,Qualidade
2019-01-02,AZZA3,-0.20384854850595002,0.00040769709701190003,AMPLO_PROXY,Qualidade
2019-01-02,BBDC4,-0.2661658687397625,0.000532331737479525,AMPLO_PROXY,Qualidade
2019-01-02,BBSE3,0.02731490582407406,5.462981164814812e-05,AMPLO_PROXY,Qualidade
2019-01-02,BRKM5,0.25034705693025705,0.0005006941138605141,AMPLO_PROXY,Qualidade
2019-01-02,BRSR6,0.25034705693025705,0.0005006941138605141,AMPLO_PROXY,Qualidade
2019-01-02,CVCB3,-0.2494331304052669,0.0004988662608105338,AMPLO_PROXY,Qualidade
2019-01-02,EGIE3,-0.03443319712459891,6.886639424919782e-05,AMPLO_PROXY,Qualidade
2019-01-02,IRBR3,0.25034705693025705,0.0005006941138605141,AMPLO_PROXY,Qualidade
2019-01-02,ITUB4,-0.2725939008105529,0.0005451878016211058,AMPLO_PROXY,Qualidade
2019-01-02,LREN3,-0.001741128066970854,3.482256133941708e-06,AMPLO_PROXY,Qualidade
2019-01-02,MGLU3,-0.22596374760862303,0.0004519274952172461,AMPLO_PROXY,Qualidade
2019-01-02,QUAL3,0.25034705693025705,0.0005006941138605141,AMPLO_PROXY,Qualidade
2019-01-02,SMLS3,0.25034705693025705,0.0005006941138605141,AMPLO_PROXY,Qualidade
2019-01-02,WIZC3,-0.12551425694282137,0.00025102851388564273,AMPLO_PROXY,Qualidade
2020-01-02,ABEV3,0.07890824160062776,0.00015781648320125553,AMPLO_PROXY,Qualidade
2020-01-02,AZUL3,0.3843514397685561,0.0007687028795371123,AMPLO_PROXY,Qualidade
2020-01-02,AZZA3,0.3843514397685561,0.0007687028795371123,AMPLO_PROXY,Qualidade
2020-01-02,BBSE3,0.030374015437778956,6.074803087555791e-05,AMPLO_PROXY,Qualidade
2020-01-02,BPAC11,0.3843514397685561,0.0007687028795371123,AMPLO_PROXY,Qualidade
2020-01-02,BRKM5,-0.16197328124544277,0.00032394656249088555,AMPLO_PROXY,Qualidade
2020-01-02,BRSR6,-0.2568509009095626,0.0005137018018191252,AMPLO_PROXY,Qualidade
2020-01-02,EGIE3,-0.3950470015875705,0.000790094003175141,AMPLO_PROXY,Qualidade
2020-01-02,IRBR3,-0.3713076036852564,0.0007426152073705128,AMPLO_PROXY,Qualidade
2020-01-02,ITUB4,0.3843514397685561,0.0007687028795371123,AMPLO_PROXY,Qualidade
2020-01-02,LREN3,0.01609874276218415,3.21974855243683e-05,AMPLO_PROXY,Qualidade
2020-01-02,MGLU3,-0.14947224316292695,0.0002989444863258539,AMPLO_PROXY,Qualidade
2020-01-02,QUAL3,-0.8575685134330889,0.001715137026866178,AMPLO_PROXY,Qualidade
2020-01-02,SANB11,0.3843514397685561,0.0007687028795371123,AMPLO_PROXY,Qualidade
2020-01-02,SMLS3,0.13632996995523222,0.0002726599399104645,AMPLO_PROXY,Qualidade
2021-01-04,ABEV3,-0.3180768550248411,0.0006361537100496822,AMPLO_PROXY,Qualidade
2021-01-04,AZUL3,-0.24662550717054219,0.0004932510143410844,AMPLO_PROXY,Qualidade
2021-01-04,AZZA3,-0.4124718896991934,0.0008249437793983868,AMPLO_PROXY,Qualidade
2021-01-04,BBSE3,-0.3340782845583771,0.0006681565691167543,AMPLO_PROXY,Qualidade
2021-01-04,BPAC11,-0.4789623727045139,0.0009579247454090279,AMPLO_PROXY,Qualidade
2021-01-04,CRFB3,0.37722942610550936,0.0007544588522110187,AMPLO_PROXY,Qualidade
2021-01-04,CYRE3,0.37722942610550936,0.0007544588522110187,AMPLO_PROXY,Qualidade
2021-01-04,EGIE3,0.37722942610550936,0.0007544588522110187,AMPLO_PROXY,Qualidade
2021-01-04,EQTL3,0.37722942610550936,0.0007544588522110187,AMPLO_PROXY,Qualidade
2021-01-04,ISAE4,0.37722942610550936,0.0007544588522110187,AMPLO_PROXY,Qualidade
2021-01-04,ITUB4,-0.3254449929197573,0.0006508899858395146,AMPLO_PROXY,Qualidade
2021-01-04,JHSF3,0.37722942610550936,0.0007544588522110187,AMPLO_PROXY,Qualidade
2021-01-04,LREN3,-0.2843726292208705,0.0005687452584417409,AMPLO_PROXY,Qualidade
2021-01-04,MBRF3,0.37722942610550936,0.0007544588522110187,AMPLO_PROXY,Qualidade
2021-01-04,MGLU3,-0.787084392149727,0.001574168784299454,AMPLO_PROXY,Qualidade
2021-01-04,QUAL3,0.37722942610550936,0.0007544588522110187,AMPLO_PROXY,Qualidade
2021-01-04,SANB11,-0.3591978604253413,0.0007183957208506826,AMPLO_PROXY,Qualidade
2021-01-04,SMLS3,-0.24109889305790289,0.00048219778611580577,AMPLO_PROXY,Qualidade
2021-01-04,TAEE11,0.37722942610550936,0.0007544588522110187,AMPLO_PROXY,Qualidade
2021-01-04,WEGE3,0.37722942610550936,0.0007544588522110187,AMPLO_PROXY,Qualidade
2022-01-03,BRAP4,0.3483282681526163,0.0006966565363052327,AMPLO_PROXY,Qualidade
2022-01-03,BRKM5,0.3483282681526163,0.0006966565363052327,AMPLO_PROXY,Qualidade
2022-01-03,CRFB3,-0.294541954976788,0.0005890839099535759,AMPLO_PROXY,Qualidade
2022-01-03,CSNA3,0.3483282681526163,0.0006966565363052327,AMPLO_PROXY,Qualidade
2022-01-03,CYRE3,-0.20075149972134557,0.00040150299944269113,AMPLO_PROXY,Qualidade
2022-01-03,EGIE3,-0.344902484104867,0.0006898049682097341,AMPLO_PROXY,Qualidade
2022-01-03,EQTL3,-0.3767125787576687,0.0007534251575153374,AMPLO_PROXY,Qualidade
2022-01-03,ETER3,0.3483282681526163,0.0006966565363052327,AMPLO_PROXY,Qualidade
2022-01-03,FHER3,0.3483282681526163,0.0006966565363052327,AMPLO_PROXY,Qualidade
2022-01-03,GGBR4,0.3483282681526163,0.0006966565363052327,AMPLO_PROXY,Qualidade
2022-01-03,GOAU4,0.3483282681526163,0.0006966565363052327,AMPLO_PROXY,Qualidade
2022-01-03,ISAE4,-0.3803627907124957,0.0007607255814249913,AMPLO_PROXY,Qualidade
2022-01-03,JHSF3,-0.2809326633943072,0.0005618653267886144,AMPLO_PROXY,Qualidade
2022-01-03,MBRF3,-0.6384111733362066,0.0012768223466724132,AMPLO_PROXY,Qualidade
2022-01-03,QUAL3,-0.19083845127524318,0.0003816769025504864,AMPLO_PROXY,Qualidade
2022-01-03,TAEE11,-0.4623271970263625,0.000924654394052725,AMPLO_PROXY,Qualidade
2022-01-03,TASA4,0.3483282681526163,0.0006966565363052327,AMPLO_PROXY,Qualidade
2022-01-03,USIM5,0.3483282681526163,0.0006966565363052327,AMPLO_PROXY,Qualidade
2022-01-03,VALE3,0.3483282681526163,0.0006966565363052327,AMPLO_PROXY,Qualidade
2022-01-03,WEGE3,-0.3274629410526472,0.0006549258821052945,AMPLO_PROXY,Qualidade
2023-01-02,AZUL3,0.30625611743057535,0.0006125122348611507,AMPLO_PROXY,Qualidade
2023-01-02,BRAP4,-0.16645031655042425,0.0003329006331008485,AMPLO_PROXY,Qualidade
2023-01-02,BRKM5,-0.1480305024893589,0.0002960610049787178,AMPLO_PROXY,Qualidade
2023-01-02,CSNA3,-0.24365467303595592,0.00048730934607191186,AMPLO_PROXY,Qualidade
2023-01-02,ENAT3,0.30625611743057535,0.0006125122348611507,AMPLO_PROXY,Qualidade
2023-01-02,ETER3,-0.19555793542813948,0.000391115870856279,AMPLO_PROXY,Qualidade
2023-01-02,FHER3,-0.3356155576360975,0.000671231115272195,AMPLO_PROXY,Qualidade
2023-01-02,GGBR4,-0.12221353511508543,0.0002444270702301709,AMPLO_PROXY,Qualidade
2023-01-02,GOAU4,-0.14181776920020928,0.00028363553840041856,AMPLO_PROXY,Qualidade
2023-01-02,MOTV3,0.30625611743057535,0.0006125122348611507,AMPLO_PROXY,Qualidade
2023-01-02,PETR4,0.30625611743057535,0.0006125122348611507,AMPLO_PROXY,Qualidade
2023-01-02,SLCE3,0.30625611743057535,0.0006125122348611507,AMPLO_PROXY,Qualidade
2023-01-02,TASA4,-0.1878483902680723,0.0003756967805361446,AMPLO_PROXY,Qualidade
2023-01-02,USIM5,-0.17240988470633034,0.0003448197694126607,AMPLO_PROXY,Qualidade
2023-01-02,VALE3,-0.13130301672525568,0.0002626060334505114,AMPLO_PROXY,Qualidade
2023-01-02,WEGE3,0.30625611743057535,0.0006125122348611507,AMPLO_PROXY,Qualidade
2024-01-02,ALOS3,0.36771719566974587,0.0007354343913394917,AMPLO_PROXY,Qualidade
2024-01-02,AZUL3,-0.06936677776394928,0.00013873355552789857,AMPLO_PROXY,Qualidade
2024-01-02,BRAP4,0.07508924371840686,0.00015017848743681373,AMPLO_PROXY,Qualidade
2024-01-02,CMIN3,0.36771719566974587,0.0007354343913394917,AMPLO_PROXY,Qualidade
2024-01-02,CPFE3,0.36771719566974587,0.0007354343913394917,AMPLO_PROXY,Qualidade
2024-01-02,ENAT3,-0.44300143528043395,0.000886002870560868,AMPLO_PROXY,Qualidade
2024-01-02,GGBR4,-0.27406090048211623,0.0005481218009642325,AMPLO_PROXY,Qualidade
2024-01-02,GOAU4,-0.2897006051283345,0.0005794012102566691,AMPLO_PROXY,Qualidade
2024-01-02,MOTV3,-0.4229818249167562,0.0008459636498335123,AMPLO_PROXY,Qualidade
2024-01-02,PETR4,-0.28592361958354723,0.0005718472391670944,AMPLO_PROXY,Qualidade
2024-01-02,PRIO3,0.36771719566974587,0.0007354343913394917,AMPLO_PROXY,Qualidade
2024-01-02,SLCE3,-0.28715191950327856,0.0005743038390065571,AMPLO_PROXY,Qualidade
2024-01-02,STBP3,0.36771719566974587,0.0007354343913394917,AMPLO_PROXY,Qualidade
2024-01-02,VALE3,0.08125975475756414,0.00016251950951512827,AMPLO_PROXY,Qualidade
2024-01-02,WEGE3,0.06897990191092834,0.00013795980382185668,AMPLO_PROXY,Qualidade
2025-01-02,ALOS3,-0.2824257848763269,0.0005648515697526538,AMPLO_PROXY,Qualidade
2025-01-02,AZUL3,0.2514361610669375,0.000502872322133875,AMPLO_PROXY,Qualidade
2025-01-02,BRAP4,-0.2662258303576825,0.000532451660715365,AMPLO_PROXY,Qualidade
2025-01-02,CMIG4,0.3424899426864671,0.0006849798853729342,AMPLO_PROXY,Qualidade
2025-01-02,CMIN3,0.07938437983318097,0.00015876875966636196,AMPLO_PROXY,Qualidade
2025-01-02,CPFE3,-0.30079861991473905,0.0006015972398294782,AMPLO_PROXY,Qualidade
2025-01-02,CURY3,0.3424899426864671,0.0006849798853729342,AMPLO_PROXY,Qualidade
2025-01-02,PETR4,-0.43855808224608894,0.0008771161644921778,AMPLO_PROXY,Qualidade
2025-01-02,PRIO3,-0.33058059685679253,0.0006611611937135851,AMPLO_PROXY,Qualidade
2025-01-02,RADL3,0.3424899426864671,0.0006849798853729342,AMPLO_PROXY,Qualidade
2025-01-02,SBSP3,0.3424899426864671,0.0006849798853729342,AMPLO_PROXY,Qualidade
2025-01-02,STBP3,-0.29563478729102627,0.0005912695745820526,AMPLO_PROXY,Qualidade
2025-01-02,VALE3,0.05961976429927862,0.00011923952859855725,AMPLO_PROXY,Qualidade
2025-01-02,VBBR3,0.3424899426864671,0.0006849798853729342,AMPLO_PROXY,Qualidade
2025-01-02,WEGE3,-0.19709473399742045,0.0003941894679948409,AMPLO_PROXY,Qualidade
2016-01-04,ABEV3,0.09980039920159683,0.00019960079840319368,AMPLO_PROXY,Multifator
2016-01-04,B3SA3,0.09980039920159683,0.00019960079840319368,AMPLO_PROXY,Multifator
2016-01-04,ENBR3,0.09980039920159683,0.00019960079840319368,AMPLO_PROXY,Multifator
2016-01-04,EQTL3,0.09980039920159683,0.00019960079840319368,AMPLO_PROXY,Multifator
2016-01-04,GRND3,0.09980039920159683,0.00019960079840319368,AMPLO_PROXY,Multifator
2016-01-04,ITSA4,0.09980039920159683,0.00019960079840319368,AMPLO_PROXY,Multifator
2016-01-04,LEVE3,0.09980039920159683,0.00019960079840319368,AMPLO_PROXY,Multifator
2016-01-04,RADL3,0.09980039920159683,0.00019960079840319368,AMPLO_PROXY,Multifator
2016-01-04,TAEE11,0.09980039920159683,0.00019960079840319368,AMPLO_PROXY,Multifator
2016-01-04,UGPA3,0.09980039920159683,0.00019960079840319368,AMPLO_PROXY,Multifator
2017-01-02,ABCB4,0.13502372424397188,0.00027004744848794376,AMPLO_PROXY,Multifator
2017-01-02,ABEV3,-0.09802903062294822,0.00019605806124589644,AMPLO_PROXY,Multifator
2017-01-02,ALUP11,0.13502372424397188,0.00027004744848794376,AMPLO_PROXY,Multifator
2017-01-02,AXIA3,0.13502372424397188,0.00027004744848794376,AMPLO_PROXY,Multifator
2017-01-02,B3SA3,-0.16035935694837966,0.0003207187138967593,AMPLO_PROXY,Multifator
2017-01-02,BRSR6,0.13502372424397188,0.00027004744848794376,AMPLO_PROXY,Multifator
2017-01-02,CGAS5,0.13502372424397188,0.00027004744848794376,AMPLO_PROXY,Multifator
2017-01-02,CSAN3,0.13502372424397188,0.00027004744848794376,AMPLO_PROXY,Multifator
2017-01-02,ENBR3,0.0034617655998530616,6.923531199706123e-06,AMPLO_PROXY,Multifator
2017-01-02,EQTL3,-0.1691626450930034,0.00033832529018600684,AMPLO_PROXY,Multifator
2017-01-02,GRND3,-0.11299463846036027,0.00022598927692072055,AMPLO_PROXY,Multifator
2017-01-02,ISAE4,0.13502372424397188,0.00027004744848794376,AMPLO_PROXY,Multifator
2017-01-02,ITSA4,-0.14787044200342336,0.00029574088400684674,AMPLO_PROXY,Multifator
2017-01-02,ITUB4,0.13502372424397188,0.00027004744848794376,AMPLO_PROXY,Multifator
2017-01-02,LEVE3,-0.08944688827463439,0.00017889377654926877,AMPLO_PROXY,Multifator
2017-01-02,RADL3,-0.17384042834398758,0.0003476808566879752,AMPLO_PROXY,Multifator
2017-01-02,SANB11,0.13502372424397188,0.00027004744848794376,AMPLO_PROXY,Multifator
2017-01-02,TAEE11,-0.15125202903125418,0.00030250405806250835,AMPLO_PROXY,Multifator
2017-01-02,UGPA3,-0.1206042950929415,0.00024120859018588302,AMPLO_PROXY,Multifator
2018-01-02,ABCB4,-0.018012660472201486,3.602532094440297e-05,AMPLO_PROXY,Multifator
2018-01-02,ABEV3,0.16416434755895737,0.00032832869511791474,AMPLO_PROXY,Multifator
2018-01-02,ALUP11,0.01585455251088022,3.1709105021760444e-05,AMPLO_PROXY,Multifator
2018-01-02,AXIA3,-0.112759805572847,0.000225519611145694,AMPLO_PROXY,Multifator
2018-01-02,BBDC4,0.16416434755895737,0.00032832869511791474,AMPLO_PROXY,Multifator
2018-01-02,BRSR6,-0.1971247857985796,0.0003942495715971592,AMPLO_PROXY,Multifator
2018-01-02,CGAS5,-0.2120648812546581,0.00042412976250931624,AMPLO_PROXY,Multifator
2018-01-02,CSAN3,-0.1586328441705391,0.0003172656883410782,AMPLO_PROXY,Multifator
2018-01-02,CVCB3,0.16416434755895737,0.00032832869511791474,AMPLO_PROXY,Multifator
2018-01-02,ENBR3,-0.1443704487085907,0.0002887408974171814,AMPLO_PROXY,Multifator
2018-01-02,ISAE4,0.016221920203749934,3.244384040749987e-05,AMPLO_PROXY,Multifator
2018-01-02,ITSA3,0.16416434755895737,0.00032832869511791474,AMPLO_PROXY,Multifator
2018-01-02,ITUB4,-0.019237423740976367,3.8474847481952736e-05,AMPLO_PROXY,Multifator
2018-01-02,SANB11,-0.15893611138833244,0.00031787222277666487,AMPLO_PROXY,Multifator
2018-01-02,SLCE3,0.16416434755895737,0.00032832869511791474,AMPLO_PROXY,Multifator
2018-01-02,TIMS3,0.16416434755895737,0.00032832869511791474,AMPLO_PROXY,Multifator
2019-01-02,ABCB4,-0.18387962404782818,0.0003677592480956564,AMPLO_PROXY,Multifator
2019-01-02,ABEV3,-0.12622569589254742,0.00025245139178509487,AMPLO_PROXY,Multifator
2019-01-02,ALUP11,0.02615003386320061,5.2300067726401226e-05,AMPLO_PROXY,Multifator
2019-01-02,BBDC4,-0.21645967411906872,0.00043291934823813747,AMPLO_PROXY,Multifator
2019-01-02,BRSR6,0.19989413472771697,0.000399788269455434,AMPLO_PROXY,Multifator
2019-01-02,CPFE3,0.19989413472771697,0.000399788269455434,AMPLO_PROXY,Multifator
2019-01-02,CVCB3,-0.2028517569802042,0.0004057035139604084,AMPLO_PROXY,Multifator
2019-01-02,EGIE3,0.19989413472771697,0.000399788269455434,AMPLO_PROXY,Multifator
2019-01-02,IRBR3,0.19989413472771697,0.000399788269455434,AMPLO_PROXY,Multifator
2019-01-02,ISAE4,-0.004347128863599836,8.694257727199672e-06,AMPLO_PROXY,Multifator
2019-01-02,ITSA3,-0.24485113040019799,0.000489702260800396,AMPLO_PROXY,Multifator
2019-01-02,ITUB4,-0.02179314326805551,4.358628653611102e-05,AMPLO_PROXY,Multifator
2019-01-02,SAPR11,0.19989413472771697,0.000399788269455434,AMPLO_PROXY,Multifator
2019-01-02,SLCE3,-0.2770093145835139,0.0005540186291670278,AMPLO_PROXY,Multifator
2019-01-02,TAEE11,0.19989413472771697,0.000399788269455434,AMPLO_PROXY,Multifator
2019-01-02,TEND3,0.19989413472771697,0.000399788269455434,AMPLO_PROXY,Multifator
2019-01-02,TIMS3,-0.15370457083409597,0.00030740914166819196,AMPLO_PROXY,Multifator
2020-01-02,ALUP11,-0.023791498143011458,4.758299628602292e-05,AMPLO_PROXY,Multifator
2020-01-02,BRML3,0.28897017476780856,0.0005779403495356171,AMPLO_PROXY,Multifator
2020-01-02,BRSR6,-0.2050872465644962,0.0004101744931289924,AMPLO_PROXY,Multifator
2020-01-02,CPFE3,-0.24718250398653216,0.0004943650079730643,AMPLO_PROXY,Multifator
2020-01-02,CPLE6,0.28897017476780856,0.0005779403495356171,AMPLO_PROXY,Multifator
2020-01-02,CSAN3,0.28897017476780856,0.0005779403495356171,AMPLO_PROXY,Multifator
2020-01-02,EGIE3,-0.3154324222038913,0.0006308648444077826,AMPLO_PROXY,Multifator
2020-01-02,ENBR3,0.28897017476780856,0.0005779403495356171,AMPLO_PROXY,Multifator
2020-01-02,EQTL3,0.28897017476780856,0.0005779403495356171,AMPLO_PROXY,Multifator
2020-01-02,IRBR3,-0.2964772706601603,0.0005929545413203205,AMPLO_PROXY,Multifator
2020-01-02,ISAE4,0.01162274656210427,2.324549312420854e-05,AMPLO_PROXY,Multifator
2020-01-02,ITUB4,-0.22200979249467848,0.00044401958498935696,AMPLO_PROXY,Multifator
2020-01-02,SANB11,0.28897017476780856,0.0005779403495356171,AMPLO_PROXY,Multifator
2020-01-02,SAPR11,-0.05841394537507877,0.00011682789075015754,AMPLO_PROXY,Multifator
2020-01-02,TAEE11,0.01516327944298912,3.032655888597824e-05,AMPLO_PROXY,Multifator
2020-01-02,TEND3,-0.3992689365653059,0.0007985378731306117,AMPLO_PROXY,Multifator
2021-01-04,ALUP11,-0.27533771988489636,0.0005506754397697928,AMPLO_PROXY,Multifator
2021-01-04,BRML3,-0.15114630987512762,0.00030229261975025525,AMPLO_PROXY,Multifator
2021-01-04,CESP6,0.28311001148958276,0.0005662200229791655,AMPLO_PROXY,Multifator
2021-01-04,CMIG4,0.28311001148958276,0.0005662200229791655,AMPLO_PROXY,Multifator
2021-01-04,CPLE6,-0.03786807166277811,7.573614332555622e-05,AMPLO_PROXY,Multifator
2021-01-04,CSAN3,-0.32611375736958564,0.0006522275147391713,AMPLO_PROXY,Multifator
2021-01-04,CSMG3,0.28311001148958276,0.0005662200229791655,AMPLO_PROXY,Multifator
2021-01-04,ENBR3,0.022018403066688563,4.403680613337713e-05,AMPLO_PROXY,Multifator
2021-01-04,EQTL3,0.00033399422603808127,6.679884520761626e-07,AMPLO_PROXY,Multifator
2021-01-04,ISAE4,-0.0968041181014016,0.0001936082362028032,AMPLO_PROXY,Multifator
2021-01-04,SANB11,-0.27005874770714333,0.0005401174954142866,AMPLO_PROXY,Multifator
2021-01-04,SAPR11,0.05736672340061996,0.00011473344680123993,AMPLO_PROXY,Multifator
2021-01-04,TAEE11,-0.05968879542409711,0.00011937759084819422,AMPLO_PROXY,Multifator
2021-01-04,VALE3,0.28311001148958276,0.0005662200229791655,AMPLO_PROXY,Multifator
2022-01-03,BRAP4,0.27801823889551963,0.0005560364777910393,AMPLO_PROXY,Multifator
2022-01-03,CESP6,-0.22132235094507177,0.00044264470189014357,AMPLO_PROXY,Multifator
2022-01-03,CMIG4,-0.035625670730285,7.125134146057e-05,AMPLO_PROXY,Multifator
2022-01-03,CPLE6,-0.01962064613973402,3.924129227946804e-05,AMPLO_PROXY,Multifator
2022-01-03,CSMG3,-0.22481688139959877,0.00044963376279919757,AMPLO_PROXY,Multifator
2022-01-03,ENBR3,-0.03748548812358249,7.497097624716499e-05,AMPLO_PROXY,Multifator
2022-01-03,EQTL3,-0.2827221184768447,0.0005654442369536894,AMPLO_PROXY,Multifator
2022-01-03,GGBR4,0.27801823889551963,0.0005560364777910393,AMPLO_PROXY,Multifator
2022-01-03,GOAU4,0.27801823889551963,0.0005560364777910393,AMPLO_PROXY,Multifator
2022-01-03,ISAE4,-0.28546159603865456,0.0005709231920773091,AMPLO_PROXY,Multifator
2022-01-03,MBRF3,0.27801823889551963,0.0005560364777910393,AMPLO_PROXY,Multifator
2022-01-03,PETR4,0.27801823889551963,0.0005560364777910393,AMPLO_PROXY,Multifator
2022-01-03,SAPR11,-0.21474967732216324,0.0004294993546443265,AMPLO_PROXY,Multifator
2022-01-03,TAEE11,-0.06895749789514866,0.00013791499579029733,AMPLO_PROXY,Multifator
2022-01-03,VALE3,-0.28403331565423123,0.0005680666313084625,AMPLO_PROXY,Multifator
2022-01-03,VIVT3,0.27801823889551963,0.0005560364777910393,AMPLO_PROXY,Multifator
2023-01-02,BRAP4,-0.06602833766457333,0.00013205667532914666,AMPLO_PROXY,Multifator
2023-01-02,CMIG4,-0.05447273427723687,0.00010894546855447374,AMPLO_PROXY,Multifator
2023-01-02,CPFE3,0.3112623455951557,0.0006225246911903114,AMPLO_PROXY,Multifator
2023-01-02,CPLE6,-0.36826893457768783,0.0007365378691553757,AMPLO_PROXY,Multifator
2023-01-02,ENBR3,0.010282247423145707,2.0564494846291414e-05,AMPLO_PROXY,Multifator
2023-01-02,GGBR4,-0.030720746540012667,6.144149308002533e-05,AMPLO_PROXY,Multifator
2023-01-02,GOAU4,-0.046367867757443226,9.273573551488645e-05,AMPLO_PROXY,Multifator
2023-01-02,ISAE4,0.3112623455951557,0.0006225246911903114,AMPLO_PROXY,Multifator
2023-01-02,ITSA4,0.3112623455951557,0.0006225246911903114,AMPLO_PROXY,Multifator
2023-01-02,MBRF3,-0.13375939543357485,0.0002675187908671497,AMPLO_PROXY,Multifator
2023-01-02,PETR4,-0.039603131435953454,7.920626287190691e-05,AMPLO_PROXY,Multifator
2023-01-02,TAEE11,0.01762018770582241,3.524037541164482e-05,AMPLO_PROXY,Multifator
2023-01-02,VIVT3,-0.22632279104925232,0.00045264558209850465,AMPLO_PROXY,Multifator
2024-01-02,ALOS3,0.3889189260677152,0.0007778378521354304,AMPLO_PROXY,Multifator
2024-01-02,BBAS3,0.3889189260677152,0.0007778378521354304,AMPLO_PROXY,Multifator
2024-01-02,BRAP4,-0.2974114067508479,0.0005948228135016958,AMPLO_PROXY,Multifator
2024-01-02,CMIG4,0.02755666354287739,5.511332708575478e-05,AMPLO_PROXY,Multifator
2024-01-02,CPFE3,-0.4055836577084576,0.0008111673154169153,AMPLO_PROXY,Multifator
2024-01-02,CSMG3,0.3889189260677152,0.0007778378521354304,AMPLO_PROXY,Multifator
2024-01-02,GGBR4,-0.2785408482144741,0.0005570816964289482,AMPLO_PROXY,Multifator
2024-01-02,GOAU4,0.09448271813458708,0.00018896543626917417,AMPLO_PROXY,Multifator
2024-01-02,ISAE4,-0.001887850431412652,3.775700862825304e-06,AMPLO_PROXY,Multifator
2024-01-02,ITSA4,-0.036710630761198515,7.342126152239703e-05,AMPLO_PROXY,Multifator
2024-01-02,PETR4,-0.2754066555383092,0.0005508133110766184,AMPLO_PROXY,Multifator
2024-01-02,TAEE11,-0.373171237953963,0.000746342475907926,AMPLO_PROXY,Multifator
2024-01-02,TIMS3,0.3889189260677152,0.0007778378521354304,AMPLO_PROXY,Multifator
2024-01-02,VIVT3,0.3889189260677152,0.0007778378521354304,AMPLO_PROXY,Multifator
2025-01-02,ALOS3,-0.29870980808464226,0.0005974196161692845,AMPLO_PROXY,Multifator
2025-01-02,ALUP11,0.3929343543773408,0.0007858687087546817,AMPLO_PROXY,Multifator
2025-01-02,BBAS3,-0.36826541587352823,0.0007365308317470565,AMPLO_PROXY,Multifator
2025-01-02,BRAP4,0.3929343543773408,0.0007858687087546817,AMPLO_PROXY,Multifator
2025-01-02,CMIG4,-0.16532738758390708,0.00033065477516781416,AMPLO_PROXY,Multifator
2025-01-02,CSMG3,-0.4491736681753891,0.0008983473363507783,AMPLO_PROXY,Multifator
2025-01-02,GOAU4,0.012452835878670798,2.4905671757341596e-05,AMPLO_PROXY,Multifator
2025-01-02,ISAE4,-0.3399329450046506,0.0006798658900093013,AMPLO_PROXY,Multifator
2025-01-02,ITSA4,0.021209567277835573,4.2419134555671145e-05,AMPLO_PROXY,Multifator
2025-01-02,PETR4,-0.07090998136226961,0.00014181996272453923,AMPLO_PROXY,Multifator
2025-01-02,SAPR11,0.3929343543773408,0.0007858687087546817,AMPLO_PROXY,Multifator
2025-01-02,SBSP3,0.3929343543773408,0.0007858687087546817,AMPLO_PROXY,Multifator
2025-01-02,TAEE11,0.3929343543773408,0.0007858687087546817,AMPLO_PROXY,Multifator
2025-01-02,TIMS3,-0.3404125428225221,0.0006808250856450441,AMPLO_PROXY,Multifator
2025-01-02,VBBR3,0.3929343543773408,0.0007858687087546817,AMPLO_PROXY,Multifator
2025-01-02,VIVT3,-0.3681210231165296,0.0007362420462330593,AMPLO_PROXY,Multifator
2016-01-04,ABEV3,0.02772233311155467,5.544466622310934e-05,AMPLO_PROXY,Uniao_TCC
2016-01-04,BBSE3,0.02772233311155467,5.544466622310934e-05,AMPLO_PROXY,Uniao_TCC
2016-01-04,BEEF3,0.02772233311155467,5.544466622310934e-05,AMPLO_PROXY,Uniao_TCC
2016-01-04,BRAP4,0.02772233311155467,5.544466622310934e-05,AMPLO_PROXY,Uniao_TCC
2016-01-04,BRFS3,0.02772233311155467,5.544466622310934e-05,AMPLO_PROXY,Uniao_TCC
2016-01-04,BRKM5,0.02772233311155467,5.544466622310934e-05,AMPLO_PROXY,Uniao_TCC
2016-01-04,CIEL3,0.02772233311155467,5.544466622310934e-05,AMPLO_PROXY,Uniao_TCC
2016-01-04,CMIG4,0.02772233311155467,5.544466622310934e-05,AMPLO_PROXY,Uniao_TCC
2016-01-04,CVCB3,0.02772233311155467,5.544466622310934e-05,AMPLO_PROXY,Uniao_TCC
2016-01-04,DIRR3,0.02772233311155467,5.544466622310934e-05,AMPLO_PROXY,Uniao_TCC
2016-01-04,ENBR3,0.02772233311155467,5.544466622310934e-05,AMPLO_PROXY,Uniao_TCC
2016-01-04,EQTL3,0.02772233311155467,5.544466622310934e-05,AMPLO_PROXY,Uniao_TCC
2016-01-04,GFSA3,0.02772233311155467,5.544466622310934e-05,AMPLO_PROXY,Uniao_TCC
2016-01-04,GGBR4,0.02772233311155467,5.544466622310934e-05,AMPLO_PROXY,Uniao_TCC
2016-01-04,GOAU4,0.02772233311155467,5.544466622310934e-05,AMPLO_PROXY,Uniao_TCC
2016-01-04,HGTX3,0.02772233311155467,5.544466622310934e-05,AMPLO_PROXY,Uniao_TCC
2016-01-04,HYPE3,0.02772233311155467,5.544466622310934e-05,AMPLO_PROXY,Uniao_TCC
2016-01-04,ITSA4,0.02772233311155467,5.544466622310934e-05,AMPLO_PROXY,Uniao_TCC
2016-01-04,KLBN11,0.02772233311155467,5.544466622310934e-05,AMPLO_PROXY,Uniao_TCC
2016-01-04,LEVE3,0.02772233311155467,5.544466622310934e-05,AMPLO_PROXY,Uniao_TCC
2016-01-04,LREN3,0.02772233311155467,5.544466622310934e-05,AMPLO_PROXY,Uniao_TCC
2016-01-04,NATU3,0.02772233311155467,5.544466622310934e-05,AMPLO_PROXY,Uniao_TCC
2016-01-04,OIBR4,0.02772233311155467,5.544466622310934e-05,AMPLO_PROXY,Uniao_TCC
2016-01-04,RADL3,0.02772233311155467,5.544466622310934e-05,AMPLO_PROXY,Uniao_TCC
2016-01-04,RLOG3,0.02772233311155467,5.544466622310934e-05,AMPLO_PROXY,Uniao_TCC
2016-01-04,RSID3,0.02772233311155467,5.544466622310934e-05,AMPLO_PROXY,Uniao_TCC
2016-01-04,SANB11,0.02772233311155467,5.544466622310934e-05,AMPLO_PROXY,Uniao_TCC
2016-01-04,SEER3,0.02772233311155467,5.544466622310934e-05,AMPLO_PROXY,Uniao_TCC
2016-01-04,SMTO3,0.02772233311155467,5.544466622310934e-05,AMPLO_PROXY,Uniao_TCC
2016-01-04,SULA11,0.02772233311155467,5.544466622310934e-05,AMPLO_PROXY,Uniao_TCC
2016-01-04,SUZB3,0.02772233311155467,5.544466622310934e-05,AMPLO_PROXY,Uniao_TCC
2016-01-04,TAEE11,0.02772233311155467,5.544466622310934e-05,AMPLO_PROXY,Uniao_TCC
2016-01-04,TCSA3,0.02772233311155467,5.544466622310934e-05,AMPLO_PROXY,Uniao_TCC
2016-01-04,UGPA3,0.02772233311155467,5.544466622310934e-05,AMPLO_PROXY,Uniao_TCC
2016-01-04,USIM5,0.02772233311155467,5.544466622310934e-05,AMPLO_PROXY,Uniao_TCC
2016-01-04,WEGE3,0.02772233311155467,5.544466622310934e-05,AMPLO_PROXY,Uniao_TCC
2017-01-02,ABCB4,0.04142083825198904,8.284167650397808e-05,AMPLO_PROXY,Uniao_TCC
2017-01-02,ABEV3,0.014190551967836765,2.838110393567353e-05,AMPLO_PROXY,Uniao_TCC
2017-01-02,AXIA3,0.04142083825198904,8.284167650397808e-05,AMPLO_PROXY,Uniao_TCC
2017-01-02,BBDC4,0.04142083825198904,8.284167650397808e-05,AMPLO_PROXY,Uniao_TCC
2017-01-02,BBSE3,0.005500132226590598,1.1000264453181197e-05,AMPLO_PROXY,Uniao_TCC
2017-01-02,BEEF3,-0.02639165876462491,5.278331752924982e-05,AMPLO_PROXY,Uniao_TCC
2017-01-02,BRAP4,-0.044773087565311676,8.954617513062335e-05,AMPLO_PROXY,Uniao_TCC
2017-01-02,BRFS3,-0.024858439312066234,4.971687862413247e-05,AMPLO_PROXY,Uniao_TCC
2017-01-02,BRKM5,0.0027660368577096875,5.532073715419375e-06,AMPLO_PROXY,Uniao_TCC
2017-01-02,BRPR3,0.04142083825198904,8.284167650397808e-05,AMPLO_PROXY,Uniao_TCC
2017-01-02,CGAS5,0.04142083825198904,8.284167650397808e-05,AMPLO_PROXY,Uniao_TCC
2017-01-02,CIEL3,-0.02862036169326221,5.7240723386524416e-05,AMPLO_PROXY,Uniao_TCC
2017-01-02,CMIG4,-0.04151089777655385,8.30217955531077e-05,AMPLO_PROXY,Uniao_TCC
2017-01-02,CPFE3,0.04142083825198904,8.284167650397808e-05,AMPLO_PROXY,Uniao_TCC
2017-01-02,CPLE6,0.04142083825198904,8.284167650397808e-05,AMPLO_PROXY,Uniao_TCC
2017-01-02,CSMG3,0.04142083825198904,8.284167650397808e-05,AMPLO_PROXY,Uniao_TCC
2017-01-02,CSNA3,0.04142083825198904,8.284167650397808e-05,AMPLO_PROXY,Uniao_TCC
2017-01-02,CVCB3,-0.011890904317983939,2.3781808635967877e-05,AMPLO_PROXY,Uniao_TCC
2017-01-02,DIRR3,0.0021443139726594757,4.288627945318951e-06,AMPLO_PROXY,Uniao_TCC
2017-01-02,EGIE3,0.04142083825198904,8.284167650397808e-05,AMPLO_PROXY,Uniao_TCC
2017-01-02,ENAT3,0.04142083825198904,8.284167650397808e-05,AMPLO_PROXY,Uniao_TCC
2017-01-02,ENBR3,0.004875849739733817,9.751699479467636e-06,AMPLO_PROXY,Uniao_TCC
2017-01-02,EQTL3,-0.005568785384956337,1.1137570769912676e-05,AMPLO_PROXY,Uniao_TCC
2017-01-02,EVEN3,0.04142083825198904,8.284167650397808e-05,AMPLO_PROXY,Uniao_TCC
2017-01-02,FLRY3,0.04142083825198904,8.284167650397808e-05,AMPLO_PROXY,Uniao_TCC
2017-01-02,GFSA3,0.018728539924190945,3.745707984838189e-05,AMPLO_PROXY,Uniao_TCC
2017-01-02,GGBR4,-0.06649585439477987,0.00013299170878955973,AMPLO_PROXY,Uniao_TCC
2017-01-02,GOAU4,-0.040706561338807346,8.141312267761469e-05,AMPLO_PROXY,Uniao_TCC
2017-01-02,GRND3,0.04142083825198904,8.284167650397808e-05,AMPLO_PROXY,Uniao_TCC
2017-01-02,HGTX3,-0.03289395816099926,6.578791632199853e-05,AMPLO_PROXY,Uniao_TCC
2017-01-02,HYPE3,-0.03499983126717215,6.99996625343443e-05,AMPLO_PROXY,Uniao_TCC
2017-01-02,ISAE4,0.04142083825198904,8.284167650397808e-05,AMPLO_PROXY,Uniao_TCC
2017-01-02,ITSA4,-0.041075122778728705,8.215024555745742e-05,AMPLO_PROXY,Uniao_TCC
2017-01-02,ITUB4,0.04142083825198904,8.284167650397808e-05,AMPLO_PROXY,Uniao_TCC
2017-01-02,KLBN11,-0.022222058152219074,4.444411630443815e-05,AMPLO_PROXY,Uniao_TCC
2017-01-02,LEVE3,-0.024846357854065103,4.9692715708130203e-05,AMPLO_PROXY,Uniao_TCC
2017-01-02,LREN3,-0.040558236299335644,8.111647259867128e-05,AMPLO_PROXY,Uniao_TCC
2017-01-02,MGLU3,0.04142083825198904,8.284167650397808e-05,AMPLO_PROXY,Uniao_TCC
2017-01-02,MYPK3,0.04142083825198904,8.284167650397808e-05,AMPLO_PROXY,Uniao_TCC
2017-01-02,NATU3,-0.026723500661881002,5.344700132376201e-05,AMPLO_PROXY,Uniao_TCC
2017-01-02,OIBR4,0.006617256909341729,1.3234513818683458e-05,AMPLO_PROXY,Uniao_TCC
2017-01-02,RADL3,-0.006868169621340826,1.3736339242681652e-05,AMPLO_PROXY,Uniao_TCC
2017-01-02,RLOG3,-0.03691394488604352,7.382788977208705e-05,AMPLO_PROXY,Uniao_TCC
2017-01-02,RSID3,-0.02512336438234642,5.0246728764692845e-05,AMPLO_PROXY,Uniao_TCC
2017-01-02,SANB11,-0.056255046679532086,0.00011251009335906418,AMPLO_PROXY,Uniao_TCC
2017-01-02,SAPR4,0.04142083825198904,8.284167650397808e-05,AMPLO_PROXY,Uniao_TCC
2017-01-02,SEER3,-0.02774040726004566,5.548081452009132e-05,AMPLO_PROXY,Uniao_TCC
2017-01-02,SMTO3,-0.03629991196140704,7.259982392281409e-05,AMPLO_PROXY,Uniao_TCC
2017-01-02,SULA11,-0.027377447814159815,5.4754895628319634e-05,AMPLO_PROXY,Uniao_TCC
2017-01-02,SUZB3,0.013336398884145322,2.6672797768290645e-05,AMPLO_PROXY,Uniao_TCC
2017-01-02,TAEE11,-0.04201445250868171,8.402890501736342e-05,AMPLO_PROXY,Uniao_TCC
2017-01-02,TCSA3,-0.028429250451786747,5.685850090357349e-05,AMPLO_PROXY,Uniao_TCC
2017-01-02,UGPA3,0.007919645170616413,1.5839290341232825e-05,AMPLO_PROXY,Uniao_TCC
2017-01-02,USIM5,-0.036049788415805445,7.20995768316109e-05,AMPLO_PROXY,Uniao_TCC
2017-01-02,WEGE3,-0.029326469780569967,5.8652939561139936e-05,AMPLO_PROXY,Uniao_TCC
2018-01-02,ABCB4,-0.05588591505041993,0.00011177183010083987,AMPLO_PROXY,Uniao_TCC
2018-01-02,ABEV3,0.00915294386010821,1.8305887720216423e-05,AMPLO_PROXY,Uniao_TCC
2018-01-02,ALUP11,0.06578919165518839,0.00013157838331037677,AMPLO_PROXY,Uniao_TCC
2018-01-02,AMER3,0.06578919165518839,0.00013157838331037677,AMPLO_PROXY,Uniao_TCC
2018-01-02,AXIA3,0.031198191487548245,6.239638297509649e-05,AMPLO_PROXY,Uniao_TCC
2018-01-02,AZZA3,0.06578919165518839,0.00013157838331037677,AMPLO_PROXY,Uniao_TCC
2018-01-02,BBDC4,0.008892845964389141,1.7785691928778285e-05,AMPLO_PROXY,Uniao_TCC
2018-01-02,BBSE3,0.020425278222286875,4.085055644457375e-05,AMPLO_PROXY,Uniao_TCC
2018-01-02,BRAP4,-0.02384790230780652,4.769580461561304e-05,AMPLO_PROXY,Uniao_TCC
2018-01-02,BRKM5,-0.05495995030955702,0.00010991990061911404,AMPLO_PROXY,Uniao_TCC
2018-01-02,BRPR3,0.007480172604811729,1.4960345209623457e-05,AMPLO_PROXY,Uniao_TCC
2018-01-02,CESP6,0.06578919165518839,0.00013157838331037677,AMPLO_PROXY,Uniao_TCC
2018-01-02,CGAS5,-0.06505453167255987,0.00013010906334511973,AMPLO_PROXY,Uniao_TCC
2018-01-02,CMIG4,0.06578919165518839,0.00013157838331037677,AMPLO_PROXY,Uniao_TCC
2018-01-02,CPFE3,0.033651727445773744,6.730345489154749e-05,AMPLO_PROXY,Uniao_TCC
2018-01-02,CPLE6,0.024795436075922238,4.9590872151844476e-05,AMPLO_PROXY,Uniao_TCC
2018-01-02,CSMG3,-0.053166052960010514,0.00010633210592002103,AMPLO_PROXY,Uniao_TCC
2018-01-02,CSNA3,-0.033106157862630575,6.621231572526116e-05,AMPLO_PROXY,Uniao_TCC
2018-01-02,CVCB3,-0.02500986501906427,5.0019730038128545e-05,AMPLO_PROXY,Uniao_TCC
2018-01-02,DIRR3,0.013317214376679952,2.6634428753359906e-05,AMPLO_PROXY,Uniao_TCC
2018-01-02,EGIE3,0.019926818508233704,3.985363701646741e-05,AMPLO_PROXY,Uniao_TCC
2018-01-02,ENAT3,-0.09031703287099149,0.00018063406574198298,AMPLO_PROXY,Uniao_TCC
2018-01-02,ENBR3,-0.04428810594440843,8.857621188881686e-05,AMPLO_PROXY,Uniao_TCC
2018-01-02,EQTL3,0.015540875197551166,3.1081750395102334e-05,AMPLO_PROXY,Uniao_TCC
2018-01-02,EVEN3,-0.06440774746644101,0.00012881549493288204,AMPLO_PROXY,Uniao_TCC
2018-01-02,FLRY3,-0.07214315937184425,0.0001442863187436885,AMPLO_PROXY,Uniao_TCC
2018-01-02,GFSA3,0.00981923702265624,1.963847404531248e-05,AMPLO_PROXY,Uniao_TCC
2018-01-02,GOAU4,0.012701443125005471,2.540288625001094e-05,AMPLO_PROXY,Uniao_TCC
2018-01-02,GRND3,-0.06903613301113384,0.00013807226602226768,AMPLO_PROXY,Uniao_TCC
2018-01-02,HYPE3,0.06578919165518839,0.00013157838331037677,AMPLO_PROXY,Uniao_TCC
2018-01-02,ISAE4,0.02040532012892017,4.081064025784034e-05,AMPLO_PROXY,Uniao_TCC
2018-01-02,ITUB4,0.009527559511072842,1.9055119022145685e-05,AMPLO_PROXY,Uniao_TCC
2018-01-02,LREN3,0.06578919165518839,0.00013157838331037677,AMPLO_PROXY,Uniao_TCC
2018-01-02,MGLU3,-0.1953731872355683,0.0003907463744711366,AMPLO_PROXY,Uniao_TCC
2018-01-02,MYPK3,-0.01926576536613399,3.8531530732267976e-05,AMPLO_PROXY,Uniao_TCC
2018-01-02,OIBR4,0.004464833699801295,8.929667399602589e-06,AMPLO_PROXY,Uniao_TCC
2018-01-02,RADL3,-0.062328879574975245,0.0001246577591499505,AMPLO_PROXY,Uniao_TCC
2018-01-02,RAPT4,0.06578919165518839,0.00013157838331037677,AMPLO_PROXY,Uniao_TCC
2018-01-02,RIAA3,0.06578919165518839,0.00013157838331037677,AMPLO_PROXY,Uniao_TCC
2018-01-02,SAPR4,-0.047133609972083115,9.426721994416623e-05,AMPLO_PROXY,Uniao_TCC
2018-01-02,SEER3,-0.0722040130494521,0.0001444080260989042,AMPLO_PROXY,Uniao_TCC
2018-01-02,SUZB3,0.026497596450848822,5.2995192901697643e-05,AMPLO_PROXY,Uniao_TCC
2018-01-02,UGPA3,0.017623628232233804,3.5247256464467606e-05,AMPLO_PROXY,Uniao_TCC
2018-01-02,USIM5,-0.031671594782230014,6.334318956446003e-05,AMPLO_PROXY,Uniao_TCC
2018-01-02,VIVT4,0.06578919165518839,0.00013157838331037677,AMPLO_PROXY,Uniao_TCC
2018-01-02,WIZC3,0.06578919165518839,0.00013157838331037677,AMPLO_PROXY,Uniao_TCC
2018-01-02,YDUQ3,0.06578919165518839,0.00013157838331037677,AMPLO_PROXY,Uniao_TCC
2019-01-02,ABEV3,0.03067633035298322,6.135266070596644e-05,AMPLO_PROXY,Uniao_TCC
2019-01-02,ALUP11,0.011633234221973474,2.3266468443946946e-05,AMPLO_PROXY,Uniao_TCC
2019-01-02,AMER3,-0.06018522915155347,0.00012037045830310695,AMPLO_PROXY,Uniao_TCC
2019-01-02,AXIA3,-0.0037847349200245683,7.569469840049137e-06,AMPLO_PROXY,Uniao_TCC
2019-01-02,AZZA3,-0.0664366866733428,0.0001328733733466856,AMPLO_PROXY,Uniao_TCC
2019-01-02,BBDC4,-0.08674664869681695,0.0001734932973936339,AMPLO_PROXY,Uniao_TCC
2019-01-02,BBSE3,0.008572678408786977,1.7145356817573954e-05,AMPLO_PROXY,Uniao_TCC
2019-01-02,BRAP4,-0.07306187645706753,0.00014612375291413507,AMPLO_PROXY,Uniao_TCC
2019-01-02,BRKM5,0.08126153123469085,0.0001625230624693817,AMPLO_PROXY,Uniao_TCC
2019-01-02,BRPR3,-0.052384614242442465,0.00010476922848488493,AMPLO_PROXY,Uniao_TCC
2019-01-02,BRSR6,0.08126153123469085,0.0001625230624693817,AMPLO_PROXY,Uniao_TCC
2019-01-02,CESP6,-0.029111895987961336,5.8223791975922676e-05,AMPLO_PROXY,Uniao_TCC
2019-01-02,CMIG4,-0.06396777801644501,0.00012793555603289003,AMPLO_PROXY,Uniao_TCC
2019-01-02,COGN3,0.08126153123469085,0.0001625230624693817,AMPLO_PROXY,Uniao_TCC
2019-01-02,CPFE3,-0.01784018775585243,3.568037551170486e-05,AMPLO_PROXY,Uniao_TCC
2019-01-02,CPLE6,-0.006416856001443816,1.2833712002887632e-05,AMPLO_PROXY,Uniao_TCC
2019-01-02,CVCB3,-0.08129324860118922,0.00016258649720237844,AMPLO_PROXY,Uniao_TCC
2019-01-02,DIRR3,-0.1012546314316291,0.00020250926286325823,AMPLO_PROXY,Uniao_TCC
2019-01-02,EGIE3,-0.01155176887495006,2.3103537749900123e-05,AMPLO_PROXY,Uniao_TCC
2019-01-02,ENAT3,0.08126153123469085,0.0001625230624693817,AMPLO_PROXY,Uniao_TCC
2019-01-02,EQTL3,0.0049746955338063475,9.949391067612696e-06,AMPLO_PROXY,Uniao_TCC
2019-01-02,GFSA3,0.0259202520010844,5.18405040021688e-05,AMPLO_PROXY,Uniao_TCC
2019-01-02,GOAU4,0.0013284711813139338,2.656942362627868e-06,AMPLO_PROXY,Uniao_TCC
2019-01-02,HYPE3,-0.05882240534387187,0.00011764481068774374,AMPLO_PROXY,Uniao_TCC
2019-01-02,IRBR3,0.08126153123469085,0.0001625230624693817,AMPLO_PROXY,Uniao_TCC
2019-01-02,ISAE4,-0.000588564928736629,1.177129857473258e-06,AMPLO_PROXY,Uniao_TCC
2019-01-02,ITUB4,-0.08884162143880256,0.0001776832428776051,AMPLO_PROXY,Uniao_TCC
2019-01-02,KLBN11,0.08126153123469085,0.0001625230624693817,AMPLO_PROXY,Uniao_TCC
2019-01-02,LREN3,-0.0008970314995621481,1.7940629991242962e-06,AMPLO_PROXY,Uniao_TCC
2019-01-02,MGLU3,-0.07397387226563751,0.000147947744531275,AMPLO_PROXY,Uniao_TCC
2019-01-02,MRVE3,0.08126153123469085,0.0001625230624693817,AMPLO_PROXY,Uniao_TCC
2019-01-02,MYPK3,-0.07155779938634081,0.00014311559877268164,AMPLO_PROXY,Uniao_TCC
2019-01-02,OIBR3,0.08126153123469085,0.0001625230624693817,AMPLO_PROXY,Uniao_TCC
2019-01-02,OIBR4,-0.03426364343715745,6.85272868743149e-05,AMPLO_PROXY,Uniao_TCC
2019-01-02,QUAL3,0.08126153123469085,0.0001625230624693817,AMPLO_PROXY,Uniao_TCC
2019-01-02,RAPT4,-0.083443694023077,0.000166887388046154,AMPLO_PROXY,Uniao_TCC
2019-01-02,RIAA3,-0.07220900303001733,0.00014441800606003466,AMPLO_PROXY,Uniao_TCC
2019-01-02,SAPR11,0.08126153123469085,0.0001625230624693817,AMPLO_PROXY,Uniao_TCC
2019-01-02,SLCE3,0.08126153123469085,0.0001625230624693817,AMPLO_PROXY,Uniao_TCC
2019-01-02,SMLS3,0.08126153123469085,0.0001625230624693817,AMPLO_PROXY,Uniao_TCC
2019-01-02,SMTO3,0.08126153123469085,0.0001625230624693817,AMPLO_PROXY,Uniao_TCC
2019-01-02,SULA11,0.08126153123469085,0.0001625230624693817,AMPLO_PROXY,Uniao_TCC
2019-01-02,SUZB3,-0.054540779302739234,0.00010908155860547846,AMPLO_PROXY,Uniao_TCC
2019-01-02,TAEE11,0.08126153123469085,0.0001625230624693817,AMPLO_PROXY,Uniao_TCC
2019-01-02,TEND3,0.08126153123469085,0.0001625230624693817,AMPLO_PROXY,Uniao_TCC
2019-01-02,UGPA3,-0.047627357699399485,9.525471539879898e-05,AMPLO_PROXY,Uniao_TCC
2019-01-02,USIM5,0.014082636850920607,2.8165273701841216e-05,AMPLO_PROXY,Uniao_TCC
2019-01-02,VIVT4,-0.06955826733117196,0.0001391165346623439,AMPLO_PROXY,Uniao_TCC
2019-01-02,WIZC3,-0.04090660160528085,8.18132032105617e-05,AMPLO_PROXY,Uniao_TCC
2019-01-02,YDUQ3,-0.05170669278178914,0.00010341338556357828,AMPLO_PROXY,Uniao_TCC
2020-01-02,ABEV3,0.01696256596272691,3.392513192545382e-05,AMPLO_PROXY,Uniao_TCC
2020-01-02,ALPA4,0.1161080573964915,0.00023221611479298302,AMPLO_PROXY,Uniao_TCC
2020-01-02,ALUP11,-0.011036705939742056,2.2073411879484112e-05,AMPLO_PROXY,Uniao_TCC
2020-01-02,AMER3,-0.1246212548630188,0.0002492425097260376,AMPLO_PROXY,Uniao_TCC
2020-01-02,AXIA3,-0.015079641930855106,3.0159283861710213e-05,AMPLO_PROXY,Uniao_TCC
2020-01-02,AZUL3,0.1161080573964915,0.00023221611479298302,AMPLO_PROXY,Uniao_TCC
2020-01-02,AZZA3,0.1161080573964915,0.00023221611479298302,AMPLO_PROXY,Uniao_TCC
2020-01-02,BBSE3,0.0012085739500202614,2.4171479000405227e-06,AMPLO_PROXY,Uniao_TCC
2020-01-02,BEEF3,0.1161080573964915,0.00023221611479298302,AMPLO_PROXY,Uniao_TCC
2020-01-02,BHIA3,0.1161080573964915,0.00023221611479298302,AMPLO_PROXY,Uniao_TCC
2020-01-02,BPAC11,0.1161080573964915,0.00023221611479298302,AMPLO_PROXY,Uniao_TCC
2020-01-02,BPAN4,0.1161080573964915,0.00023221611479298302,AMPLO_PROXY,Uniao_TCC
2020-01-02,BRKM5,-0.052575800229114365,0.00010515160045822874,AMPLO_PROXY,Uniao_TCC
2020-01-02,BRSR6,-0.08337264980405007,0.00016674529960810015,AMPLO_PROXY,Uniao_TCC
2020-01-02,CESP6,-0.008559633157043056,1.7119266314086113e-05,AMPLO_PROXY,Uniao_TCC
2020-01-02,CMIG4,-0.0830744929809717,0.0001661489859619434,AMPLO_PROXY,Uniao_TCC
2020-01-02,COGN3,-0.1084484171530082,0.0002168968343060164,AMPLO_PROXY,Uniao_TCC
2020-01-02,CPFE3,0.015622724018745676,3.1245448037491354e-05,AMPLO_PROXY,Uniao_TCC
2020-01-02,CPLE6,-0.0732348626238032,0.00014646972524760642,AMPLO_PROXY,Uniao_TCC
2020-01-02,EGIE3,-0.12823048392225558,0.00025646096784451115,AMPLO_PROXY,Uniao_TCC
2020-01-02,EMBJ3,0.1161080573964915,0.00023221611479298302,AMPLO_PROXY,Uniao_TCC
2020-01-02,ENAT3,-0.14779406083246108,0.00029558812166492217,AMPLO_PROXY,Uniao_TCC
2020-01-02,ENEV3,0.1161080573964915,0.00023221611479298302,AMPLO_PROXY,Uniao_TCC
2020-01-02,ENGI11,0.1161080573964915,0.00023221611479298302,AMPLO_PROXY,Uniao_TCC
2020-01-02,EQTL3,-0.01311089295339217,2.622178590678434e-05,AMPLO_PROXY,Uniao_TCC
2020-01-02,EZTC3,0.1161080573964915,0.00023221611479298302,AMPLO_PROXY,Uniao_TCC
2020-01-02,GFSA3,-0.05160527718628886,0.00010321055437257772,AMPLO_PROXY,Uniao_TCC
2020-01-02,GOAU4,0.003742847475167871,7.485694950335742e-06,AMPLO_PROXY,Uniao_TCC
2020-01-02,IRBR3,-0.12052478189489331,0.00024104956378978663,AMPLO_PROXY,Uniao_TCC
2020-01-02,ISAE4,0.0033599933740107862,6.719986748021573e-06,AMPLO_PROXY,Uniao_TCC
2020-01-02,ITSA4,0.1161080573964915,0.00023221611479298302,AMPLO_PROXY,Uniao_TCC
2020-01-02,ITUB4,0.1161080573964915,0.00023221611479298302,AMPLO_PROXY,Uniao_TCC
2020-01-02,KLBN11,-0.09695829352537108,0.00019391658705074217,AMPLO_PROXY,Uniao_TCC
2020-01-02,LIGT3,0.1161080573964915,0.00023221611479298302,AMPLO_PROXY,Uniao_TCC
2020-01-02,LREN3,-0.0034251154994816013,6.850230998963203e-06,AMPLO_PROXY,Uniao_TCC
2020-01-02,MGLU3,-0.057168714522737626,0.00011433742904547525,AMPLO_PROXY,Uniao_TCC
2020-01-02,MRVE3,-0.15197894204442455,0.0003039578840888491,AMPLO_PROXY,Uniao_TCC
2020-01-02,MYPK3,0.1161080573964915,0.00023221611479298302,AMPLO_PROXY,Uniao_TCC
2020-01-02,OIBR3,0.060643837669319745,0.0001212876753386395,AMPLO_PROXY,Uniao_TCC
2020-01-02,PRIO3,0.1161080573964915,0.00023221611479298302,AMPLO_PROXY,Uniao_TCC
2020-01-02,QUAL3,-0.16225483368252847,0.00032450966736505694,AMPLO_PROXY,Uniao_TCC
2020-01-02,SANB11,0.1161080573964915,0.00023221611479298302,AMPLO_PROXY,Uniao_TCC
2020-01-02,SAPR11,-0.1412195788929902,0.0002824391577859804,AMPLO_PROXY,Uniao_TCC
2020-01-02,SLCE3,-0.09966335613538231,0.00019932671227076464,AMPLO_PROXY,Uniao_TCC
2020-01-02,SMLS3,0.03560140130376929,7.120280260753859e-05,AMPLO_PROXY,Uniao_TCC
2020-01-02,SMTO3,-0.10878704536767078,0.00021757409073534158,AMPLO_PROXY,Uniao_TCC
2020-01-02,SULA11,-0.18309058785085697,0.00036618117570171396,AMPLO_PROXY,Uniao_TCC
2020-01-02,SUZB3,-0.08681287910849834,0.00017362575821699668,AMPLO_PROXY,Uniao_TCC
2020-01-02,TAEE11,0.004799300853839436,9.598601707678873e-06,AMPLO_PROXY,Uniao_TCC
2020-01-02,TEND3,-0.162311941788278,0.000324623883576556,AMPLO_PROXY,Uniao_TCC
2020-01-02,USIM5,0.03397236836467443,6.794473672934887e-05,AMPLO_PROXY,Uniao_TCC
2020-01-02,VIVT4,0.1161080573964915,0.00023221611479298302,AMPLO_PROXY,Uniao_TCC
2021-01-04,ABEV3,-0.0960872834558876,0.0001921745669117752,AMPLO_PROXY,Uniao_TCC
2021-01-04,ALOS3,0.129767195415433,0.000259534390830866,AMPLO_PROXY,Uniao_TCC
2021-01-04,ALPA4,-0.14866076849407103,0.00029732153698814207,AMPLO_PROXY,Uniao_TCC
2021-01-04,ALUP11,-0.11063054451727453,0.00022126108903454907,AMPLO_PROXY,Uniao_TCC
2021-01-04,AXIA3,0.01679440057347238,3.358880114694476e-05,AMPLO_PROXY,Uniao_TCC
2021-01-04,AZUL3,-0.0745026701584345,0.000149005340316869,AMPLO_PROXY,Uniao_TCC
2021-01-04,AZZA3,-0.12460291516657734,0.0002492058303331547,AMPLO_PROXY,Uniao_TCC
2021-01-04,BBAS3,0.129767195415433,0.000259534390830866,AMPLO_PROXY,Uniao_TCC
2021-01-04,BBSE3,0.028846067965557845,5.769213593111569e-05,AMPLO_PROXY,Uniao_TCC
2021-01-04,BEEF3,-0.09679067743939183,0.00019358135487878368,AMPLO_PROXY,Uniao_TCC
2021-01-04,BHIA3,-0.16005688981391816,0.0003201137796278363,AMPLO_PROXY,Uniao_TCC
2021-01-04,BIDI11,0.129767195415433,0.000259534390830866,AMPLO_PROXY,Uniao_TCC
2021-01-04,BPAC11,-0.14468890943721407,0.0002893778188744282,AMPLO_PROXY,Uniao_TCC
2021-01-04,BPAN4,-0.10333883731291259,0.00020667767462582517,AMPLO_PROXY,Uniao_TCC
2021-01-04,BRAP4,0.129767195415433,0.000259534390830866,AMPLO_PROXY,Uniao_TCC
2021-01-04,BRML3,0.129767195415433,0.000259534390830866,AMPLO_PROXY,Uniao_TCC
2021-01-04,CESP6,0.017065335109123864,3.413067021824773e-05,AMPLO_PROXY,Uniao_TCC
2021-01-04,COGN3,0.129767195415433,0.000259534390830866,AMPLO_PROXY,Uniao_TCC
2021-01-04,CPFE3,0.019829181780438673,3.9658363560877345e-05,AMPLO_PROXY,Uniao_TCC
2021-01-04,CPLE6,-0.12896881739306001,0.00025793763478612,AMPLO_PROXY,Uniao_TCC
2021-01-04,CRFB3,0.129767195415433,0.000259534390830866,AMPLO_PROXY,Uniao_TCC
2021-01-04,CSMG3,0.129767195415433,0.000259534390830866,AMPLO_PROXY,Uniao_TCC
2021-01-04,CSNA3,0.129767195415433,0.000259534390830866,AMPLO_PROXY,Uniao_TCC
2021-01-04,CYRE3,0.129767195415433,0.000259534390830866,AMPLO_PROXY,Uniao_TCC
2021-01-04,EGIE3,0.129767195415433,0.000259534390830866,AMPLO_PROXY,Uniao_TCC
2021-01-04,EMBJ3,0.08165707460914534,0.00016331414921829068,AMPLO_PROXY,Uniao_TCC
2021-01-04,ENBR3,0.129767195415433,0.000259534390830866,AMPLO_PROXY,Uniao_TCC
2021-01-04,ENEV3,-0.16553206990963037,0.00033106413981926077,AMPLO_PROXY,Uniao_TCC
2021-01-04,ENGI11,-0.10965898237666197,0.00021931796475332393,AMPLO_PROXY,Uniao_TCC
2021-01-04,EQTL3,0.016147947099691307,3.229589419938261e-05,AMPLO_PROXY,Uniao_TCC
2021-01-04,EZTC3,-0.09246101531137295,0.0001849220306227459,AMPLO_PROXY,Uniao_TCC
2021-01-04,GOAU4,-0.014277459228576872,2.8554918457153744e-05,AMPLO_PROXY,Uniao_TCC
2021-01-04,HBOR3,0.129767195415433,0.000259534390830866,AMPLO_PROXY,Uniao_TCC
2021-01-04,ISAE4,-0.022882093043945145,4.576418608789029e-05,AMPLO_PROXY,Uniao_TCC
2021-01-04,ITSA4,-0.09853315056900755,0.0001970663011380151,AMPLO_PROXY,Uniao_TCC
2021-01-04,ITUB4,-0.09831311140679456,0.00019662622281358912,AMPLO_PROXY,Uniao_TCC
2021-01-04,JHSF3,0.129767195415433,0.000259534390830866,AMPLO_PROXY,Uniao_TCC
2021-01-04,LIGT3,-0.11635096190374429,0.00023270192380748858,AMPLO_PROXY,Uniao_TCC
2021-01-04,LREN3,-0.08590563255194353,0.00017181126510388707,AMPLO_PROXY,Uniao_TCC
2021-01-04,MBRF3,0.129767195415433,0.000259534390830866,AMPLO_PROXY,Uniao_TCC
2021-01-04,MEAL3,0.129767195415433,0.000259534390830866,AMPLO_PROXY,Uniao_TCC
2021-01-04,MGLU3,-0.10800175852586955,0.00021600351705173908,AMPLO_PROXY,Uniao_TCC
2021-01-04,MYPK3,-0.07574152968719958,0.00015148305937439917,AMPLO_PROXY,Uniao_TCC
2021-01-04,OIBR3,-0.18750482188212045,0.0003750096437642409,AMPLO_PROXY,Uniao_TCC
2021-01-04,PRIO3,-0.11296289674459659,0.00022592579348919316,AMPLO_PROXY,Uniao_TCC
2021-01-04,PSSA3,0.129767195415433,0.000259534390830866,AMPLO_PROXY,Uniao_TCC
2021-01-04,QUAL3,0.026911299947957962,5.382259989591592e-05,AMPLO_PROXY,Uniao_TCC
2021-01-04,RADL3,0.129767195415433,0.000259534390830866,AMPLO_PROXY,Uniao_TCC
2021-01-04,SANB11,-0.1085094563977081,0.0002170189127954162,AMPLO_PROXY,Uniao_TCC
2021-01-04,SMLS3,-0.07283314492136245,0.0001456662898427249,AMPLO_PROXY,Uniao_TCC
2021-01-04,TAEE11,-0.00796917679171108,1.593835358342216e-05,AMPLO_PROXY,Uniao_TCC
2021-01-04,USIM5,-0.05072826011812884,0.00010145652023625768,AMPLO_PROXY,Uniao_TCC
2021-01-04,VALE3,0.129767195415433,0.000259534390830866,AMPLO_PROXY,Uniao_TCC
2021-01-04,WEGE3,0.129767195415433,0.000259534390830866,AMPLO_PROXY,Uniao_TCC
2022-01-03,ALOS3,-0.09575829139131736,0.00019151658278263473,AMPLO_PROXY,Uniao_TCC
2022-01-03,AMBP3,0.12256144809553704,0.0002451228961910741,AMPLO_PROXY,Uniao_TCC
2022-01-03,AXIA3,-0.005316251549982276,1.0632503099964552e-05,AMPLO_PROXY,Uniao_TCC
2022-01-03,BBAS3,0.015374210127655705,3.074842025531141e-05,AMPLO_PROXY,Uniao_TCC
2022-01-03,BBSE3,0.02777909006414761,5.555818012829522e-05,AMPLO_PROXY,Uniao_TCC
2022-01-03,BIDI11,-0.11376960598272622,0.00022753921196545242,AMPLO_PROXY,Uniao_TCC
2022-01-03,BRAP4,-0.019119922532631173,3.8239845065262346e-05,AMPLO_PROXY,Uniao_TCC
2022-01-03,BRKM5,0.12256144809553704,0.0002451228961910741,AMPLO_PROXY,Uniao_TCC
2022-01-03,BRML3,0.013763977852959547,2.7527955705919093e-05,AMPLO_PROXY,Uniao_TCC
2022-01-03,CESP6,0.021115439126161678,4.223087825232336e-05,AMPLO_PROXY,Uniao_TCC
2022-01-03,CIEL3,0.12256144809553704,0.0002451228961910741,AMPLO_PROXY,Uniao_TCC
2022-01-03,COGN3,0.056573456303672026,0.00011314691260734406,AMPLO_PROXY,Uniao_TCC
2022-01-03,CPFE3,0.001026172144774476,2.0523442895489517e-06,AMPLO_PROXY,Uniao_TCC
2022-01-03,CRFB3,-0.10132264554257236,0.00020264529108514473,AMPLO_PROXY,Uniao_TCC
2022-01-03,CSMG3,-0.10304777294088531,0.0002060955458817706,AMPLO_PROXY,Uniao_TCC
2022-01-03,CSNA3,0.02558911093030078,5.1178221860601556e-05,AMPLO_PROXY,Uniao_TCC
2022-01-03,CYRE3,-0.06905866109976998,0.00013811732219953996,AMPLO_PROXY,Uniao_TCC
2022-01-03,EGIE3,0.0039147441091247626,7.829488218249525e-06,AMPLO_PROXY,Uniao_TCC
2022-01-03,EMBJ3,-0.26875563843231903,0.000537511276864638,AMPLO_PROXY,Uniao_TCC
2022-01-03,ENBR3,-0.022053832667473877,4.4107665334947756e-05,AMPLO_PROXY,Uniao_TCC
2022-01-03,EQTL3,-0.12958939955396057,0.00025917879910792116,AMPLO_PROXY,Uniao_TCC
2022-01-03,ETER3,0.12256144809553704,0.0002451228961910741,AMPLO_PROXY,Uniao_TCC
2022-01-03,FHER3,0.12256144809553704,0.0002451228961910741,AMPLO_PROXY,Uniao_TCC
2022-01-03,GGBR4,0.12256144809553704,0.0002451228961910741,AMPLO_PROXY,Uniao_TCC
2022-01-03,GOAU4,-0.029388318384793388,5.877663676958678e-05,AMPLO_PROXY,Uniao_TCC
2022-01-03,HBOR3,-0.04859165970929945,9.718331941859889e-05,AMPLO_PROXY,Uniao_TCC
2022-01-03,ISAE4,-0.1308450751064751,0.00026169015021295023,AMPLO_PROXY,Uniao_TCC
2022-01-03,ITSA4,0.12256144809553704,0.0002451228961910741,AMPLO_PROXY,Uniao_TCC
2022-01-03,JHSF3,-0.09664103939513612,0.00019328207879027224,AMPLO_PROXY,Uniao_TCC
2022-01-03,LAME4,0.12256144809553704,0.0002451228961910741,AMPLO_PROXY,Uniao_TCC
2022-01-03,LIGT3,0.12256144809553704,0.0002451228961910741,AMPLO_PROXY,Uniao_TCC
2022-01-03,MBRF3,-0.09705245726969305,0.00019410491453938613,AMPLO_PROXY,Uniao_TCC
2022-01-03,MEAL3,-0.0740176964141426,0.0001480353928282852,AMPLO_PROXY,Uniao_TCC
2022-01-03,MGLU3,-0.03462968281747614,6.925936563495227e-05,AMPLO_PROXY,Uniao_TCC
2022-01-03,OIBR3,-0.04141506234243807,8.283012468487614e-05,AMPLO_PROXY,Uniao_TCC
2022-01-03,PCAR3,0.12256144809553704,0.0002451228961910741,AMPLO_PROXY,Uniao_TCC
2022-01-03,POSI3,0.12256144809553704,0.0002451228961910741,AMPLO_PROXY,Uniao_TCC
2022-01-03,PRIO3,-0.1760027459222568,0.0003520054918445136,AMPLO_PROXY,Uniao_TCC
2022-01-03,PSSA3,-0.11592482833511607,0.00023184965667023214,AMPLO_PROXY,Uniao_TCC
2022-01-03,QUAL3,-0.06564856526459453,0.00013129713052918907,AMPLO_PROXY,Uniao_TCC
2022-01-03,RADL3,-0.12168205503309083,0.00024336411006618168,AMPLO_PROXY,Uniao_TCC
2022-01-03,SAPR11,0.12256144809553704,0.0002451228961910741,AMPLO_PROXY,Uniao_TCC
2022-01-03,SLCE3,0.12256144809553704,0.0002451228961910741,AMPLO_PROXY,Uniao_TCC
2022-01-03,TAEE11,-0.036479442064524525,7.295888412904905e-05,AMPLO_PROXY,Uniao_TCC
2022-01-03,TASA4,0.12256144809553704,0.0002451228961910741,AMPLO_PROXY,Uniao_TCC
2022-01-03,TIMS3,0.12256144809553704,0.0002451228961910741,AMPLO_PROXY,Uniao_TCC
2022-01-03,USIM5,-0.018253796472248174,3.650759294449635e-05,AMPLO_PROXY,Uniao_TCC
2022-01-03,VALE3,-0.0076289559211439595,1.525791184228792e-05,AMPLO_PROXY,Uniao_TCC
2022-01-03,VIVT3,0.12256144809553704,0.0002451228961910741,AMPLO_PROXY,Uniao_TCC
2022-01-03,WEGE3,-0.11264748856311631,0.00022529497712623262,AMPLO_PROXY,Uniao_TCC
2023-01-02,ABEV3,0.10699652205144498,0.00021399304410288998,AMPLO_PROXY,Uniao_TCC
2023-01-02,ALOS3,0.10699652205144498,0.00021399304410288998,AMPLO_PROXY,Uniao_TCC
2023-01-02,AMBP3,-0.06097002376125776,0.00012194004752251553,AMPLO_PROXY,Uniao_TCC
2023-01-02,AMER3,0.10699652205144498,0.00021399304410288998,AMPLO_PROXY,Uniao_TCC
2023-01-02,ASAI3,0.10699652205144498,0.00021399304410288998,AMPLO_PROXY,Uniao_TCC
2023-01-02,AXIA3,-0.15545792042745288,0.00031091584085490576,AMPLO_PROXY,Uniao_TCC
2023-01-02,AZUL3,0.10699652205144498,0.00021399304410288998,AMPLO_PROXY,Uniao_TCC
2023-01-02,BBAS3,-0.1585690078214224,0.0003171380156428448,AMPLO_PROXY,Uniao_TCC
2023-01-02,BBSE3,-0.10683508670458965,0.0002136701734091793,AMPLO_PROXY,Uniao_TCC
2023-01-02,BRAP4,-0.059328150304474234,0.00011865630060894847,AMPLO_PROXY,Uniao_TCC
2023-01-02,BRKM5,-0.052085444697404636,0.00010417088939480928,AMPLO_PROXY,Uniao_TCC
2023-01-02,BRML3,-0.016884885683243075,3.376977136648615e-05,AMPLO_PROXY,Uniao_TCC
2023-01-02,CIEL3,-0.1912736101988861,0.00038254722039777225,AMPLO_PROXY,Uniao_TCC
2023-01-02,COGN3,0.0018706055636330127,3.7412111272660256e-06,AMPLO_PROXY,Uniao_TCC
2023-01-02,CPFE3,-0.06046734959986115,0.00012093469919972231,AMPLO_PROXY,Uniao_TCC
2023-01-02,CPLE6,0.10699652205144498,0.00021399304410288998,AMPLO_PROXY,Uniao_TCC
2023-01-02,CSNA3,-0.08573139849059666,0.00017146279698119333,AMPLO_PROXY,Uniao_TCC
2023-01-02,EGIE3,-0.022357350417289132,4.4714700834578264e-05,AMPLO_PROXY,Uniao_TCC
2023-01-02,EMBJ3,-0.06943853832518464,0.00013887707665036927,AMPLO_PROXY,Uniao_TCC
2023-01-02,ENAT3,0.10699652205144498,0.00021399304410288998,AMPLO_PROXY,Uniao_TCC
2023-01-02,ENBR3,-0.025687422809314006,5.137484561862801e-05,AMPLO_PROXY,Uniao_TCC
2023-01-02,ENGI11,0.10699652205144498,0.00021399304410288998,AMPLO_PROXY,Uniao_TCC
2023-01-02,ETER3,-0.06880826491562561,0.00013761652983125124,AMPLO_PROXY,Uniao_TCC
2023-01-02,FHER3,-0.11808840254460504,0.00023617680508921008,AMPLO_PROXY,Uniao_TCC
2023-01-02,GGBR4,-0.043763166099903675,8.752633219980735e-05,AMPLO_PROXY,Uniao_TCC
2023-01-02,GOAU4,-0.050661036694844716,0.00010132207338968943,AMPLO_PROXY,Uniao_TCC
2023-01-02,HYPE3,0.10699652205144498,0.00021399304410288998,AMPLO_PROXY,Uniao_TCC
2023-01-02,IRBR3,0.10699652205144498,0.00021399304410288998,AMPLO_PROXY,Uniao_TCC
2023-01-02,ISAE4,0.10699652205144498,0.00021399304410288998,AMPLO_PROXY,Uniao_TCC
2023-01-02,ITSA4,-0.026551285201385236,5.3102570402770475e-05,AMPLO_PROXY,Uniao_TCC
2023-01-02,LIGT3,-0.048815813923266164,9.763162784653233e-05,AMPLO_PROXY,Uniao_TCC
2023-01-02,MBRF3,0.04803008421682747,9.606016843365495e-05,AMPLO_PROXY,Uniao_TCC
2023-01-02,MDIA3,0.10699652205144498,0.00021399304410288998,AMPLO_PROXY,Uniao_TCC
2023-01-02,MOTV3,0.10699652205144498,0.00021399304410288998,AMPLO_PROXY,Uniao_TCC
2023-01-02,MRVE3,0.10699652205144498,0.00021399304410288998,AMPLO_PROXY,Uniao_TCC
2023-01-02,PCAR3,0.010877473865436499,2.1754947730873e-05,AMPLO_PROXY,Uniao_TCC
2023-01-02,PETR4,0.10699652205144498,0.00021399304410288998,AMPLO_PROXY,Uniao_TCC
2023-01-02,POSI3,-0.10763820126357862,0.00021527640252715725,AMPLO_PROXY,Uniao_TCC
2023-01-02,PRIO3,0.10699652205144498,0.00021399304410288998,AMPLO_PROXY,Uniao_TCC
2023-01-02,RECV3,0.10699652205144498,0.00021399304410288998,AMPLO_PROXY,Uniao_TCC
2023-01-02,SAPR11,-0.12391392247088609,0.0002478278449417722,AMPLO_PROXY,Uniao_TCC
2023-01-02,SBSP3,0.10699652205144498,0.00021399304410288998,AMPLO_PROXY,Uniao_TCC
2023-01-02,SLCE3,-0.035967300652379755,7.193460130475952e-05,AMPLO_PROXY,Uniao_TCC
2023-01-02,TAEE11,-0.022452568180149166,4.490513636029833e-05,AMPLO_PROXY,Uniao_TCC
2023-01-02,TASA4,-0.06609561393272641,0.0001321912278654528,AMPLO_PROXY,Uniao_TCC
2023-01-02,TIMS3,-0.014819550166005044,2.9639100332010087e-05,AMPLO_PROXY,Uniao_TCC
2023-01-02,USIM5,0.04633304145694384,9.266608291388768e-05,AMPLO_PROXY,Uniao_TCC
2023-01-02,VALE3,-0.046961356228108056,9.392271245621612e-05,AMPLO_PROXY,Uniao_TCC
2023-01-02,VIVT3,0.007224474295814701,1.4448948591629401e-05,AMPLO_PROXY,Uniao_TCC
2023-01-02,WEGE3,0.10699652205144498,0.00021399304410288998,AMPLO_PROXY,Uniao_TCC
2024-01-02,ABEV3,0.017622630985162077,3.5245261970324156e-05,AMPLO_PROXY,Uniao_TCC
2024-01-02,ALOS3,-0.047679738271660804,9.535947654332162e-05,AMPLO_PROXY,Uniao_TCC
2024-01-02,AMER3,-0.01066410518785166,2.132821037570332e-05,AMPLO_PROXY,Uniao_TCC
2024-01-02,ASAI3,-0.07365893203139359,0.0001473178640627872,AMPLO_PROXY,Uniao_TCC
2024-01-02,AURE3,0.12640332245072258,0.0002528066449014452,AMPLO_PROXY,Uniao_TCC
2024-01-02,AZUL3,-0.026300451743871134,5.260090348774227e-05,AMPLO_PROXY,Uniao_TCC
2024-01-02,BBAS3,0.12640332245072258,0.0002528066449014452,AMPLO_PROXY,Uniao_TCC
2024-01-02,BBSE3,0.00602545101378478,1.2050902027569561e-05,AMPLO_PROXY,Uniao_TCC
2024-01-02,BRAP4,0.024168064665453126,4.8336129330906254e-05,AMPLO_PROXY,Uniao_TCC
2024-01-02,CIEL3,-0.10058062832945168,0.00020116125665890335,AMPLO_PROXY,Uniao_TCC
2024-01-02,CMIN3,0.12640332245072258,0.0002528066449014452,AMPLO_PROXY,Uniao_TCC
2024-01-02,COGN3,-0.04896659428926031,9.793318857852062e-05,AMPLO_PROXY,Uniao_TCC
2024-01-02,CPFE3,-0.01301617814043432,2.6032356280868642e-05,AMPLO_PROXY,Uniao_TCC
2024-01-02,CPLE6,-0.1468166587358949,0.0002936333174717898,AMPLO_PROXY,Uniao_TCC
2024-01-02,CSAN3,0.12640332245072258,0.0002528066449014452,AMPLO_PROXY,Uniao_TCC
2024-01-02,CYRE3,0.12640332245072258,0.0002528066449014452,AMPLO_PROXY,Uniao_TCC
2024-01-02,ECOR3,0.12640332245072258,0.0002528066449014452,AMPLO_PROXY,Uniao_TCC
2024-01-02,EGIE3,-0.010300482073390294,2.0600964146780587e-05,AMPLO_PROXY,Uniao_TCC
2024-01-02,ENAT3,-0.15477115440657171,0.00030954230881314346,AMPLO_PROXY,Uniao_TCC
2024-01-02,ENGI11,-0.13758013183959605,0.00027516026367919213,AMPLO_PROXY,Uniao_TCC
2024-01-02,EQTL3,0.12640332245072258,0.0002528066449014452,AMPLO_PROXY,Uniao_TCC
2024-01-02,GFSA3,0.12640332245072258,0.0002528066449014452,AMPLO_PROXY,Uniao_TCC
2024-01-02,GGBR4,0.030654824664320235,6.130964932864048e-05,AMPLO_PROXY,Uniao_TCC
2024-01-02,GOAU4,0.025190790126507226,5.038158025301445e-05,AMPLO_PROXY,Uniao_TCC
2024-01-02,HAPV3,0.12640332245072258,0.0002528066449014452,AMPLO_PROXY,Uniao_TCC
2024-01-02,HYPE3,-0.08873380327524436,0.0001774676065504887,AMPLO_PROXY,Uniao_TCC
2024-01-02,IRBR3,-0.17185448142992163,0.00034370896285984326,AMPLO_PROXY,Uniao_TCC
2024-01-02,ISAE4,-0.007936620916310394,1.5873241832620788e-05,AMPLO_PROXY,Uniao_TCC
2024-01-02,ITSA4,-0.019906961807767576,3.9813923615535154e-05,AMPLO_PROXY,Uniao_TCC
2024-01-02,KLBN11,0.12640332245072258,0.0002528066449014452,AMPLO_PROXY,Uniao_TCC
2024-01-02,MBRF3,0.0022012369928031544,4.402473985606309e-06,AMPLO_PROXY,Uniao_TCC
2024-01-02,MDIA3,-0.11701426630170889,0.00023402853260341778,AMPLO_PROXY,Uniao_TCC
2024-01-02,MOTV3,-0.14777691474954946,0.0002955538294990989,AMPLO_PROXY,Uniao_TCC
2024-01-02,MRVE3,-0.15626740069729303,0.00031253480139458605,AMPLO_PROXY,Uniao_TCC
2024-01-02,PCAR3,0.09857492912155802,0.00019714985824311604,AMPLO_PROXY,Uniao_TCC
2024-01-02,PETR4,-0.1019587899202325,0.000203917579840465,AMPLO_PROXY,Uniao_TCC
2024-01-02,POMO4,0.12640332245072258,0.0002528066449014452,AMPLO_PROXY,Uniao_TCC
2024-01-02,PRIO3,-0.005797188686014643,1.1594377372029285e-05,AMPLO_PROXY,Uniao_TCC
2024-01-02,RECV3,-0.07108665131862749,0.000142173302637255,AMPLO_PROXY,Uniao_TCC
2024-01-02,SBSP3,-0.15158598943216095,0.00030317197886432193,AMPLO_PROXY,Uniao_TCC
2024-01-02,SLCE3,-0.10032209950618252,0.00020064419901236506,AMPLO_PROXY,Uniao_TCC
2024-01-02,SMFT3,0.12640332245072258,0.0002528066449014452,AMPLO_PROXY,Uniao_TCC
2024-01-02,SOMA3,0.12640332245072258,0.0002528066449014452,AMPLO_PROXY,Uniao_TCC
2024-01-02,STBP3,0.12640332245072258,0.0002528066449014452,AMPLO_PROXY,Uniao_TCC
2024-01-02,TAEE11,-0.0018743993995096186,3.7487987990192374e-06,AMPLO_PROXY,Uniao_TCC
2024-01-02,TEND3,0.12640332245072258,0.0002528066449014452,AMPLO_PROXY,Uniao_TCC
2024-01-02,TIMS3,-0.17994495765262133,0.0003598899153052427,AMPLO_PROXY,Uniao_TCC
2024-01-02,UGPA3,0.12640332245072258,0.0002528066449014452,AMPLO_PROXY,Uniao_TCC
2024-01-02,USIM5,-0.019282226608192676,3.856445321638535e-05,AMPLO_PROXY,Uniao_TCC
2024-01-02,VALE3,0.02632385252696265,5.26477050539253e-05,AMPLO_PROXY,Uniao_TCC
2024-01-02,VIVT3,-0.03581038185620847,7.162076371241694e-05,AMPLO_PROXY,Uniao_TCC
2024-01-02,WEGE3,0.02203364746292369,4.406729492584738e-05,AMPLO_PROXY,Uniao_TCC
2024-01-02,YDUQ3,0.12640332245072258,0.0002528066449014452,AMPLO_PROXY,Uniao_TCC
2025-01-02,ABEV3,-0.11284431712135506,0.00022568863424271012,AMPLO_PROXY,Uniao_TCC
2025-01-02,ALOS3,-0.09708427556426609,0.00019416855112853218,AMPLO_PROXY,Uniao_TCC
2025-01-02,ALUP11,0.10975913569744752,0.00021951827139489506,AMPLO_PROXY,Uniao_TCC
2025-01-02,AMBP3,0.10975913569744752,0.00021951827139489506,AMPLO_PROXY,Uniao_TCC
2025-01-02,AURE3,0.025398643429224002,5.079728685844801e-05,AMPLO_PROXY,Uniao_TCC
2025-01-02,AZUL3,0.07845926543315893,0.00015691853086631784,AMPLO_PROXY,Uniao_TCC
2025-01-02,BBAS3,-0.009931547861639967,1.9863095723279932e-05,AMPLO_PROXY,Uniao_TCC
2025-01-02,BBSE3,-0.03666777664556348,7.333555329112696e-05,AMPLO_PROXY,Uniao_TCC
2025-01-02,BHIA3,0.10975913569744752,0.00021951827139489506,AMPLO_PROXY,Uniao_TCC
2025-01-02,BRAP4,-0.09151551756539796,0.00018303103513079593,AMPLO_PROXY,Uniao_TCC
2025-01-02,BRFS3,0.10975913569744752,0.00021951827139489506,AMPLO_PROXY,Uniao_TCC
2025-01-02,CMIG4,0.10975913569744752,0.00021951827139489506,AMPLO_PROXY,Uniao_TCC
2025-01-02,CMIN3,0.01931621463864576,3.863242927729152e-05,AMPLO_PROXY,Uniao_TCC
2025-01-02,COGN3,0.06912949859925868,0.00013825899719851735,AMPLO_PROXY,Uniao_TCC
2025-01-02,CPFE3,0.006359171285765866,1.2718342571531732e-05,AMPLO_PROXY,Uniao_TCC
2025-01-02,CSAN3,0.05515809395081493,0.00011031618790162986,AMPLO_PROXY,Uniao_TCC
2025-01-02,CURY3,0.10975913569744752,0.00021951827139489506,AMPLO_PROXY,Uniao_TCC
2025-01-02,CYRE3,-0.09316448127282984,0.00018632896254565967,AMPLO_PROXY,Uniao_TCC
2025-01-02,DIRR3,0.10975913569744752,0.00021951827139489506,AMPLO_PROXY,Uniao_TCC
2025-01-02,ECOR3,-0.05770599778868322,0.00011541199557736643,AMPLO_PROXY,Uniao_TCC
2025-01-02,EGIE3,0.002990478039211139,5.980956078422278e-06,AMPLO_PROXY,Uniao_TCC
2025-01-02,EMBJ3,0.10975913569744752,0.00021951827139489506,AMPLO_PROXY,Uniao_TCC
2025-01-02,EQTL3,-0.0979844109114419,0.0001959688218228838,AMPLO_PROXY,Uniao_TCC
2025-01-02,GFSA3,-0.017933722771026915,3.586744554205383e-05,AMPLO_PROXY,Uniao_TCC
2025-01-02,GGBR4,-0.12025242918948166,0.0002405048583789633,AMPLO_PROXY,Uniao_TCC
2025-01-02,GOAU4,-0.013901927947869167,2.7803855895738335e-05,AMPLO_PROXY,Uniao_TCC
2025-01-02,HAPV3,0.04582085836880573,9.164171673761145e-05,AMPLO_PROXY,Uniao_TCC
2025-01-02,ISAE4,-0.11048229021275571,0.00022096458042551143,AMPLO_PROXY,Uniao_TCC
2025-01-02,ITSA4,-0.01105588506213348,2.2111770124266962e-05,AMPLO_PROXY,Uniao_TCC
2025-01-02,ITUB4,0.10975913569744752,0.00021951827139489506,AMPLO_PROXY,Uniao_TCC
2025-01-02,KLBN11,-0.0471674629670078,9.43349259340156e-05,AMPLO_PROXY,Uniao_TCC
2025-01-02,MBRF3,-0.15253846092724857,0.00030507692185449713,AMPLO_PROXY,Uniao_TCC
2025-01-02,MGLU3,0.10975913569744752,0.00021951827139489506,AMPLO_PROXY,Uniao_TCC
2025-01-02,MRVE3,0.10975913569744752,0.00021951827139489506,AMPLO_PROXY,Uniao_TCC
2025-01-02,ONCO3,0.10975913569744752,0.00021951827139489506,AMPLO_PROXY,Uniao_TCC
2025-01-02,PCAR3,0.03041766840122856,6.083533680245712e-05,AMPLO_PROXY,Uniao_TCC
2025-01-02,PETR4,-0.15075498055660783,0.00030150996111321564,AMPLO_PROXY,Uniao_TCC
2025-01-02,POMO4,-0.05942993324128337,0.00011885986648256675,AMPLO_PROXY,Uniao_TCC
2025-01-02,PRIO3,-0.11363756243254597,0.00022727512486509193,AMPLO_PROXY,Uniao_TCC
2025-01-02,PSSA3,0.10975913569744752,0.00021951827139489506,AMPLO_PROXY,Uniao_TCC
2025-01-02,RADL3,0.10975913569744752,0.00021951827139489506,AMPLO_PROXY,Uniao_TCC
2025-01-02,SBSP3,0.10975913569744752,0.00021951827139489506,AMPLO_PROXY,Uniao_TCC
2025-01-02,SMFT3,-0.08688710293165375,0.0001737742058633075,AMPLO_PROXY,Uniao_TCC
2025-01-02,STBP3,-0.10959717115193002,0.00021919434230386004,AMPLO_PROXY,Uniao_TCC
2025-01-02,TAEE11,-0.010087060612375714,2.017412122475143e-05,AMPLO_PROXY,Uniao_TCC
2025-01-02,TEND3,-0.11230827500654733,0.00022461655001309466,AMPLO_PROXY,Uniao_TCC
2025-01-02,UGPA3,-0.07729197549032289,0.0001545839509806458,AMPLO_PROXY,Uniao_TCC
2025-01-02,USIM5,0.03585585472872266,7.171170945744531e-05,AMPLO_PROXY,Uniao_TCC
2025-01-02,VALE3,0.012522099215525329,2.5044198431050657e-05,AMPLO_PROXY,Uniao_TCC
2025-01-02,VBBR3,0.10975913569744752,0.00021951827139489506,AMPLO_PROXY,Uniao_TCC
2025-01-02,VIVT3,-0.1196437541786971,0.0002392875083573942,AMPLO_PROXY,Uniao_TCC
2025-01-02,WEGE3,-0.0757238840784317,0.0001514477681568634,AMPLO_PROXY,Uniao_TCC
2025-01-02,YDUQ3,-0.05099639760875956,0.00010199279521751912,AMPLO_PROXY,Uniao_TCC
2016-01-04,ABCB4,0.010617063744850726,2.123412748970145e-05,AMPLO_PROXY,Universo_EW
2016-01-04,ABEV3,0.010617063744850726,2.123412748970145e-05,AMPLO_PROXY,Universo_EW
2016-01-04,ALPA4,0.010617063744850726,2.123412748970145e-05,AMPLO_PROXY,Universo_EW
2016-01-04,ALUP11,0.010617063744850726,2.123412748970145e-05,AMPLO_PROXY,Universo_EW
2016-01-04,AMER3,0.010617063744850726,2.123412748970145e-05,AMPLO_PROXY,Universo_EW
2016-01-04,ANIM3,0.010617063744850726,2.123412748970145e-05,AMPLO_PROXY,Universo_EW
2016-01-04,AZZA3,0.010617063744850726,2.123412748970145e-05,AMPLO_PROXY,Universo_EW
2016-01-04,B3SA3,0.010617063744850726,2.123412748970145e-05,AMPLO_PROXY,Universo_EW
2016-01-04,BBAS3,0.010617063744850726,2.123412748970145e-05,AMPLO_PROXY,Universo_EW
2016-01-04,BBDC4,0.010617063744850726,2.123412748970145e-05,AMPLO_PROXY,Universo_EW
2016-01-04,BBSE3,0.010617063744850726,2.123412748970145e-05,AMPLO_PROXY,Universo_EW
2016-01-04,BEEF3,0.010617063744850726,2.123412748970145e-05,AMPLO_PROXY,Universo_EW
2016-01-04,BRAP4,0.010617063744850726,2.123412748970145e-05,AMPLO_PROXY,Universo_EW
2016-01-04,BRFS3,0.010617063744850726,2.123412748970145e-05,AMPLO_PROXY,Universo_EW
2016-01-04,BRKM5,0.010617063744850726,2.123412748970145e-05,AMPLO_PROXY,Universo_EW
2016-01-04,BRML3,0.010617063744850726,2.123412748970145e-05,AMPLO_PROXY,Universo_EW
2016-01-04,BRPR3,0.010617063744850726,2.123412748970145e-05,AMPLO_PROXY,Universo_EW
2016-01-04,BRSR6,0.010617063744850726,2.123412748970145e-05,AMPLO_PROXY,Universo_EW
2016-01-04,CESP6,0.010617063744850726,2.123412748970145e-05,AMPLO_PROXY,Universo_EW
2016-01-04,CIEL3,0.010617063744850726,2.123412748970145e-05,AMPLO_PROXY,Universo_EW
2016-01-04,CMIG4,0.010617063744850726,2.123412748970145e-05,AMPLO_PROXY,Universo_EW
2016-01-04,COGN3,0.010617063744850726,2.123412748970145e-05,AMPLO_PROXY,Universo_EW
2016-01-04,CPFE3,0.010617063744850726,2.123412748970145e-05,AMPLO_PROXY,Universo_EW
2016-01-04,CPLE6,0.010617063744850726,2.123412748970145e-05,AMPLO_PROXY,Universo_EW
2016-01-04,CSAN3,0.010617063744850726,2.123412748970145e-05,AMPLO_PROXY,Universo_EW
2016-01-04,CSMG3,0.010617063744850726,2.123412748970145e-05,AMPLO_PROXY,Universo_EW
2016-01-04,CSNA3,0.010617063744850726,2.123412748970145e-05,AMPLO_PROXY,Universo_EW
2016-01-04,CVCB3,0.010617063744850726,2.123412748970145e-05,AMPLO_PROXY,Universo_EW
2016-01-04,CYRE3,0.010617063744850726,2.123412748970145e-05,AMPLO_PROXY,Universo_EW
2016-01-04,DIRR3,0.010617063744850726,2.123412748970145e-05,AMPLO_PROXY,Universo_EW
2016-01-04,DXCO3,0.010617063744850726,2.123412748970145e-05,AMPLO_PROXY,Universo_EW
2016-01-04,ECOR3,0.010617063744850726,2.123412748970145e-05,AMPLO_PROXY,Universo_EW
2016-01-04,EMBJ3,0.010617063744850726,2.123412748970145e-05,AMPLO_PROXY,Universo_EW
2016-01-04,ENAT3,0.010617063744850726,2.123412748970145e-05,AMPLO_PROXY,Universo_EW
2016-01-04,ENBR3,0.010617063744850726,2.123412748970145e-05,AMPLO_PROXY,Universo_EW
2016-01-04,EQTL3,0.010617063744850726,2.123412748970145e-05,AMPLO_PROXY,Universo_EW
2016-01-04,EVEN3,0.010617063744850726,2.123412748970145e-05,AMPLO_PROXY,Universo_EW
2016-01-04,EZTC3,0.010617063744850726,2.123412748970145e-05,AMPLO_PROXY,Universo_EW
2016-01-04,FLRY3,0.010617063744850726,2.123412748970145e-05,AMPLO_PROXY,Universo_EW
2016-01-04,GFSA3,0.010617063744850726,2.123412748970145e-05,AMPLO_PROXY,Universo_EW
2016-01-04,GGBR4,0.010617063744850726,2.123412748970145e-05,AMPLO_PROXY,Universo_EW
2016-01-04,GOAU4,0.010617063744850726,2.123412748970145e-05,AMPLO_PROXY,Universo_EW
2016-01-04,GRND3,0.010617063744850726,2.123412748970145e-05,AMPLO_PROXY,Universo_EW
2016-01-04,HGTX3,0.010617063744850726,2.123412748970145e-05,AMPLO_PROXY,Universo_EW
2016-01-04,HYPE3,0.010617063744850726,2.123412748970145e-05,AMPLO_PROXY,Universo_EW
2016-01-04,ISAE4,0.010617063744850726,2.123412748970145e-05,AMPLO_PROXY,Universo_EW
2016-01-04,ITSA4,0.010617063744850726,2.123412748970145e-05,AMPLO_PROXY,Universo_EW
2016-01-04,ITUB4,0.010617063744850726,2.123412748970145e-05,AMPLO_PROXY,Universo_EW
2016-01-04,KLBN11,0.010617063744850726,2.123412748970145e-05,AMPLO_PROXY,Universo_EW
2016-01-04,LAME4,0.010617063744850726,2.123412748970145e-05,AMPLO_PROXY,Universo_EW
2016-01-04,LEVE3,0.010617063744850726,2.123412748970145e-05,AMPLO_PROXY,Universo_EW
2016-01-04,LIGT3,0.010617063744850726,2.123412748970145e-05,AMPLO_PROXY,Universo_EW
2016-01-04,LINX3,0.010617063744850726,2.123412748970145e-05,AMPLO_PROXY,Universo_EW
2016-01-04,LREN3,0.010617063744850726,2.123412748970145e-05,AMPLO_PROXY,Universo_EW
2016-01-04,MBRF3,0.010617063744850726,2.123412748970145e-05,AMPLO_PROXY,Universo_EW
2016-01-04,MDIA3,0.010617063744850726,2.123412748970145e-05,AMPLO_PROXY,Universo_EW
2016-01-04,MGLU3,0.010617063744850726,2.123412748970145e-05,AMPLO_PROXY,Universo_EW
2016-01-04,MILS3,0.010617063744850726,2.123412748970145e-05,AMPLO_PROXY,Universo_EW
2016-01-04,MOTV3,0.010617063744850726,2.123412748970145e-05,AMPLO_PROXY,Universo_EW
2016-01-04,MRVE3,0.010617063744850726,2.123412748970145e-05,AMPLO_PROXY,Universo_EW
2016-01-04,MULT3,0.010617063744850726,2.123412748970145e-05,AMPLO_PROXY,Universo_EW
2016-01-04,MYPK3,0.010617063744850726,2.123412748970145e-05,AMPLO_PROXY,Universo_EW
2016-01-04,NATU3,0.010617063744850726,2.123412748970145e-05,AMPLO_PROXY,Universo_EW
2016-01-04,OIBR4,0.010617063744850726,2.123412748970145e-05,AMPLO_PROXY,Universo_EW
2016-01-04,PDGR3,0.010617063744850726,2.123412748970145e-05,AMPLO_PROXY,Universo_EW
2016-01-04,PETR4,0.010617063744850726,2.123412748970145e-05,AMPLO_PROXY,Universo_EW
2016-01-04,POMO4,0.010617063744850726,2.123412748970145e-05,AMPLO_PROXY,Universo_EW
2016-01-04,PSSA3,0.010617063744850726,2.123412748970145e-05,AMPLO_PROXY,Universo_EW
2016-01-04,QUAL3,0.010617063744850726,2.123412748970145e-05,AMPLO_PROXY,Universo_EW
2016-01-04,RADL3,0.010617063744850726,2.123412748970145e-05,AMPLO_PROXY,Universo_EW
2016-01-04,RAPT4,0.010617063744850726,2.123412748970145e-05,AMPLO_PROXY,Universo_EW
2016-01-04,RENT3,0.010617063744850726,2.123412748970145e-05,AMPLO_PROXY,Universo_EW
2016-01-04,RIAA3,0.010617063744850726,2.123412748970145e-05,AMPLO_PROXY,Universo_EW
2016-01-04,RLOG3,0.010617063744850726,2.123412748970145e-05,AMPLO_PROXY,Universo_EW
2016-01-04,RSID3,0.010617063744850726,2.123412748970145e-05,AMPLO_PROXY,Universo_EW
2016-01-04,SANB11,0.010617063744850726,2.123412748970145e-05,AMPLO_PROXY,Universo_EW
2016-01-04,SBSP3,0.010617063744850726,2.123412748970145e-05,AMPLO_PROXY,Universo_EW
2016-01-04,SEER3,0.010617063744850726,2.123412748970145e-05,AMPLO_PROXY,Universo_EW
2016-01-04,SLCE3,0.010617063744850726,2.123412748970145e-05,AMPLO_PROXY,Universo_EW
2016-01-04,SMTO3,0.010617063744850726,2.123412748970145e-05,AMPLO_PROXY,Universo_EW
2016-01-04,SULA11,0.010617063744850726,2.123412748970145e-05,AMPLO_PROXY,Universo_EW
2016-01-04,SUZB3,0.010617063744850726,2.123412748970145e-05,AMPLO_PROXY,Universo_EW
2016-01-04,TAEE11,0.010617063744850726,2.123412748970145e-05,AMPLO_PROXY,Universo_EW
2016-01-04,TCSA3,0.010617063744850726,2.123412748970145e-05,AMPLO_PROXY,Universo_EW
2016-01-04,TIMS3,0.010617063744850726,2.123412748970145e-05,AMPLO_PROXY,Universo_EW
2016-01-04,TOTS3,0.010617063744850726,2.123412748970145e-05,AMPLO_PROXY,Universo_EW
2016-01-04,TUPY3,0.010617063744850726,2.123412748970145e-05,AMPLO_PROXY,Universo_EW
2016-01-04,UGPA3,0.010617063744850726,2.123412748970145e-05,AMPLO_PROXY,Universo_EW
2016-01-04,USIM5,0.010617063744850726,2.123412748970145e-05,AMPLO_PROXY,Universo_EW
2016-01-04,VALE3,0.010617063744850726,2.123412748970145e-05,AMPLO_PROXY,Universo_EW
2016-01-04,VIVT4,0.010617063744850726,2.123412748970145e-05,AMPLO_PROXY,Universo_EW
2016-01-04,VLID3,0.010617063744850726,2.123412748970145e-05,AMPLO_PROXY,Universo_EW
2016-01-04,WEGE3,0.010617063744850726,2.123412748970145e-05,AMPLO_PROXY,Universo_EW
2016-01-04,YDUQ3,0.010617063744850726,2.123412748970145e-05,AMPLO_PROXY,Universo_EW
2017-01-02,ABCB4,-0.0036965112625595934,7.393022525119187e-06,AMPLO_PROXY,Universo_EW
2017-01-02,ABEV3,0.005130266425615147,1.0260532851230294e-05,AMPLO_PROXY,Universo_EW
2017-01-02,ALPA4,0.0003071003380952994,6.142006761905988e-07,AMPLO_PROXY,Universo_EW
2017-01-02,ALUP11,-0.0014865722829040511,2.973144565808102e-06,AMPLO_PROXY,Universo_EW
2017-01-02,AMER3,0.0080851771414597,1.61703542829194e-05,AMPLO_PROXY,Universo_EW
2017-01-02,ANIM3,0.004497396097336471,8.994792194672942e-06,AMPLO_PROXY,Universo_EW
2017-01-02,AXIA3,0.01555888670465219,3.111777340930438e-05,AMPLO_PROXY,Universo_EW
2017-01-02,AZZA3,0.0016388051088712888,3.2776102177425776e-06,AMPLO_PROXY,Universo_EW
2017-01-02,B3SA3,-0.00150061935368607,3.0012387073721398e-06,AMPLO_PROXY,Universo_EW
2017-01-02,BBAS3,-0.005927011830364945,1.185402366072989e-05,AMPLO_PROXY,Universo_EW
2017-01-02,BBDC4,-0.003025765580879884,6.051531161759768e-06,AMPLO_PROXY,Universo_EW
2017-01-02,BBSE3,0.0018020205672655502,3.6040411345311003e-06,AMPLO_PROXY,Universo_EW
2017-01-02,BEEF3,0.005451442922455415,1.090288584491083e-05,AMPLO_PROXY,Universo_EW
2017-01-02,BRAP4,-0.01745155297005873,3.490310594011746e-05,AMPLO_PROXY,Universo_EW
2017-01-02,BRFS3,0.006038633351094908,1.2077266702189816e-05,AMPLO_PROXY,Universo_EW
2017-01-02,BRKM5,0.0007549202132260506,1.5098404264521013e-06,AMPLO_PROXY,Universo_EW
2017-01-02,BRML3,0.0002203062768146441,4.406125536292882e-07,AMPLO_PROXY,Universo_EW
2017-01-02,BRPR3,0.005992002989896661,1.1984005979793321e-05,AMPLO_PROXY,Universo_EW
2017-01-02,BRSR6,-0.006269224052209003,1.2538448104418007e-05,AMPLO_PROXY,Universo_EW
2017-01-02,CESP6,0.004464058057833108,8.928116115666215e-06,AMPLO_PROXY,Universo_EW
2017-01-02,CGAS5,0.01555888670465219,3.111777340930438e-05,AMPLO_PROXY,Universo_EW
2017-01-02,CIEL3,0.004597897119998575,9.195794239997151e-06,AMPLO_PROXY,Universo_EW
2017-01-02,CMIG4,-0.0003389039331769452,6.778078663538904e-07,AMPLO_PROXY,Universo_EW
2017-01-02,COGN3,0.0001644756746967905,3.2895134939358097e-07,AMPLO_PROXY,Universo_EW
2017-01-02,CPFE3,-0.003216836261801489,6.4336725236029785e-06,AMPLO_PROXY,Universo_EW
2017-01-02,CPLE6,0.002449407778346492,4.8988155566929844e-06,AMPLO_PROXY,Universo_EW
2017-01-02,CSAN3,-0.0020627382574533084,4.1254765149066165e-06,AMPLO_PROXY,Universo_EW
2017-01-02,CSMG3,-0.012273850050561247,2.4547700101122495e-05,AMPLO_PROXY,Universo_EW
2017-01-02,CSNA3,-0.014311919768623513,2.8623839537247027e-05,AMPLO_PROXY,Universo_EW
2017-01-02,CVCB3,-0.00485837640725236,9.716752814504719e-06,AMPLO_PROXY,Universo_EW
2017-01-02,CYRE3,0.00016845684170458015,3.369136834091603e-07,AMPLO_PROXY,Universo_EW
2017-01-02,DIRR3,0.0005168135763983141,1.0336271527966283e-06,AMPLO_PROXY,Universo_EW
2017-01-02,DXCO3,0.0028433651057324944,5.686730211464989e-06,AMPLO_PROXY,Universo_EW
2017-01-02,ECOR3,-0.0030924116154546263,6.184823230909253e-06,AMPLO_PROXY,Universo_EW
2017-01-02,EGIE3,0.01555888670465219,3.111777340930438e-05,AMPLO_PROXY,Universo_EW
2017-01-02,EMBJ3,0.0097340944687564,1.94681889375128e-05,AMPLO_PROXY,Universo_EW
2017-01-02,ENAT3,0.00476444206893104,9.52888413786208e-06,AMPLO_PROXY,Universo_EW
2017-01-02,ENBR3,0.0015629336574055092,3.1258673148110186e-06,AMPLO_PROXY,Universo_EW
2017-01-02,ENGI11,0.01555888670465219,3.111777340930438e-05,AMPLO_PROXY,Universo_EW
2017-01-02,EQTL3,-0.002437139369071575,4.87427873814315e-06,AMPLO_PROXY,Universo_EW
2017-01-02,EVEN3,0.005705936880267128,1.1411873760534257e-05,AMPLO_PROXY,Universo_EW
2017-01-02,EZTC3,-4.987835950708008e-05,9.975671901416017e-08,AMPLO_PROXY,Universo_EW
2017-01-02,FLRY3,-0.01029822124454786,2.059644248909572e-05,AMPLO_PROXY,Universo_EW
2017-01-02,GFSA3,0.006868219259963556,1.3736438519927112e-05,AMPLO_PROXY,Universo_EW
2017-01-02,GGBR4,-0.009907610723135849,1.98152214462717e-05,AMPLO_PROXY,Universo_EW
2017-01-02,GOAU4,-0.015894159947142175,3.178831989428435e-05,AMPLO_PROXY,Universo_EW
2017-01-02,GRND3,0.003538180485464929,7.076360970929858e-06,AMPLO_PROXY,Universo_EW
2017-01-02,HGTX3,0.0029612006004397055,5.922401200879411e-06,AMPLO_PROXY,Universo_EW
2017-01-02,HYPE3,0.0021546960065862604,4.309392013172521e-06,AMPLO_PROXY,Universo_EW
2017-01-02,ISAE4,-0.00027136057070849436,5.427211414169887e-07,AMPLO_PROXY,Universo_EW
2017-01-02,ITSA4,-0.00017201138081837826,3.4402276163675653e-07,AMPLO_PROXY,Universo_EW
2017-01-02,ITUB4,-0.0009637892789174079,1.9275785578348158e-06,AMPLO_PROXY,Universo_EW
2017-01-02,KLBN11,0.007048311242100204,1.409662248420041e-05,AMPLO_PROXY,Universo_EW
2017-01-02,LAME4,0.004202555874376462,8.405111748752924e-06,AMPLO_PROXY,Universo_EW
2017-01-02,LEVE3,0.006043260292457045,1.208652058491409e-05,AMPLO_PROXY,Universo_EW
2017-01-02,LIGT3,-0.00584778684937025,1.16955736987405e-05,AMPLO_PROXY,Universo_EW
2017-01-02,LINX3,0.002858123101251194,5.716246202502388e-06,AMPLO_PROXY,Universo_EW
2017-01-02,LREN3,2.5945143204496313e-05,5.1890286408992627e-08,AMPLO_PROXY,Universo_EW
2017-01-02,MBRF3,0.004652111723817548,9.304223447635096e-06,AMPLO_PROXY,Universo_EW
2017-01-02,MDIA3,-0.0029478592111323327,5.895718422264666e-06,AMPLO_PROXY,Universo_EW
2017-01-02,MGLU3,-0.044600608151073994,8.920121630214799e-05,AMPLO_PROXY,Universo_EW
2017-01-02,MILS3,-0.0008038819371406474,1.6077638742812949e-06,AMPLO_PROXY,Universo_EW
2017-01-02,MOTV3,0.001107588136634077,2.215176273268154e-06,AMPLO_PROXY,Universo_EW
2017-01-02,MRVE3,0.001004248347420746,2.008496694841492e-06,AMPLO_PROXY,Universo_EW
2017-01-02,MULT3,-0.0013030497857373907,2.606099571474781e-06,AMPLO_PROXY,Universo_EW
2017-01-02,MYPK3,0.004552080172511299,9.104160345022597e-06,AMPLO_PROXY,Universo_EW
2017-01-02,NATU3,0.00532435453627223,1.064870907254446e-05,AMPLO_PROXY,Universo_EW
2017-01-02,OIBR4,0.002229855552148963,4.459711104297926e-06,AMPLO_PROXY,Universo_EW
2017-01-02,PDGR3,0.00577831888733195,1.15566377746639e-05,AMPLO_PROXY,Universo_EW
2017-01-02,PETR4,-0.007097024585757573,1.4194049171515147e-05,AMPLO_PROXY,Universo_EW
2017-01-02,POMO4,-0.0023263460129210097,4.65269202584202e-06,AMPLO_PROXY,Universo_EW
2017-01-02,PSSA3,0.00512714772392542,1.025429544785084e-05,AMPLO_PROXY,Universo_EW
2017-01-02,QUAL3,-0.0005950364671627965,1.190072934325593e-06,AMPLO_PROXY,Universo_EW
2017-01-02,RADL3,-0.0029347758851337186,5.869551770267438e-06,AMPLO_PROXY,Universo_EW
2017-01-02,RAPT4,-0.0012285118710501104,2.457023742100221e-06,AMPLO_PROXY,Universo_EW
2017-01-02,RENT3,-0.0006760841208090281,1.3521682416180563e-06,AMPLO_PROXY,Universo_EW
2017-01-02,RIAA3,-0.013992112707477012,2.7984225414954025e-05,AMPLO_PROXY,Universo_EW
2017-01-02,RLOG3,-0.014137255488271988,2.827451097654398e-05,AMPLO_PROXY,Universo_EW
2017-01-02,RSID3,-0.009621714018770969,1.924342803754194e-05,AMPLO_PROXY,Universo_EW
2017-01-02,SANB11,-0.005985599257721802,1.1971198515443603e-05,AMPLO_PROXY,Universo_EW
2017-01-02,SAPR4,0.01555888670465219,3.111777340930438e-05,AMPLO_PROXY,Universo_EW
2017-01-02,SBSP3,-0.0011926833706914861,2.3853667413829724e-06,AMPLO_PROXY,Universo_EW
2017-01-02,SEER3,-0.010928398810595147,2.1856797621190296e-05,AMPLO_PROXY,Universo_EW
2017-01-02,SLCE3,0.005515458449020596,1.1030916898041192e-05,AMPLO_PROXY,Universo_EW
2017-01-02,SMTO3,0.001656792761985661,3.313585523971322e-06,AMPLO_PROXY,Universo_EW
2017-01-02,SULA11,0.005073906690718643,1.0147813381437286e-05,AMPLO_PROXY,Universo_EW
2017-01-02,SUZB3,0.004803143968031189,9.606287936062379e-06,AMPLO_PROXY,Universo_EW
2017-01-02,TAEE11,-0.0005317546816514442,1.0635093633028884e-06,AMPLO_PROXY,Universo_EW
2017-01-02,TCSA3,-0.010887798045365138,2.1775596090730274e-05,AMPLO_PROXY,Universo_EW
2017-01-02,TIMS3,0.003151261540912916,6.302523081825832e-06,AMPLO_PROXY,Universo_EW
2017-01-02,TOTS3,0.007120154615700432,1.4240309231400864e-05,AMPLO_PROXY,Universo_EW
2017-01-02,TUPY3,0.008349458570643935,1.669891714128787e-05,AMPLO_PROXY,Universo_EW
2017-01-02,UGPA3,0.002728642545828627,5.457285091657254e-06,AMPLO_PROXY,Universo_EW
2017-01-02,USIM5,-0.014110714997907404,2.822142999581481e-05,AMPLO_PROXY,Universo_EW
2017-01-02,VALE3,-0.00553070452786346,1.1061409055726921e-05,AMPLO_PROXY,Universo_EW
2017-01-02,VIVT4,0.0017165298658593127,3.4330597317186257e-06,AMPLO_PROXY,Universo_EW
2017-01-02,VLID3,0.008837313371650253,1.7674626743300508e-05,AMPLO_PROXY,Universo_EW
2017-01-02,WEGE3,0.004327472746136032,8.654945492272065e-06,AMPLO_PROXY,Universo_EW
2017-01-02,YDUQ3,0.002240512095028834,4.4810241900576675e-06,AMPLO_PROXY,Universo_EW
2018-01-02,AALR3,0.022672775452958805,4.534555090591761e-05,AMPLO_PROXY,Universo_EW
2018-01-02,ABCB4,0.001680379901583269,3.360759803166538e-06,AMPLO_PROXY,Universo_EW
2018-01-02,ABEV3,0.0013985328251446619,2.797065650289324e-06,AMPLO_PROXY,Universo_EW
2018-01-02,AESB3,0.022672775452958805,4.534555090591761e-05,AMPLO_PROXY,Universo_EW
2018-01-02,ALPA4,-0.005849716137722425,1.1699432275444851e-05,AMPLO_PROXY,Universo_EW
2018-01-02,ALUP11,0.005582924678484716,1.1165849356969432e-05,AMPLO_PROXY,Universo_EW
2018-01-02,AMER3,-0.008564952666983663,1.7129905333967328e-05,AMPLO_PROXY,Universo_EW
2018-01-02,ANIM3,-0.03362067030268183,6.724134060536366e-05,AMPLO_PROXY,Universo_EW
2018-01-02,AXIA3,0.009679377073748711,1.9358754147497424e-05,AMPLO_PROXY,Universo_EW
2018-01-02,AZZA3,-0.014139859733923007,2.8279719467846016e-05,AMPLO_PROXY,Universo_EW
2018-01-02,B3SA3,0.00031828818682254,6.3657637364508e-07,AMPLO_PROXY,Universo_EW
2018-01-02,BBAS3,0.003482512679572749,6.965025359145498e-06,AMPLO_PROXY,Universo_EW
2018-01-02,BBDC4,0.0013008323955446613,2.6016647910893225e-06,AMPLO_PROXY,Universo_EW
2018-01-02,BBSE3,0.005632753585504909,1.126550717100982e-05,AMPLO_PROXY,Universo_EW
2018-01-02,BEEF3,0.008085372001207139,1.617074400241428e-05,AMPLO_PROXY,Universo_EW
2018-01-02,BRAP4,-0.010997556881214291,2.1995113762428584e-05,AMPLO_PROXY,Universo_EW
2018-01-02,BRFS3,0.010566727281040389,2.113345456208078e-05,AMPLO_PROXY,Universo_EW
2018-01-02,BRKM5,0.0020281995282152056,4.056399056430411e-06,AMPLO_PROXY,Universo_EW
2018-01-02,BRML3,0.004219092803866977,8.438185607733955e-06,AMPLO_PROXY,Universo_EW
2018-01-02,BRPR3,0.0007701906779958925,1.540381355991785e-06,AMPLO_PROXY,Universo_EW
2018-01-02,BRSR6,-4.206392872754816e-05,8.412785745509632e-08,AMPLO_PROXY,Universo_EW
2018-01-02,CESP6,0.006990750515850151,1.3981501031700302e-05,AMPLO_PROXY,Universo_EW
2018-01-02,CGAS5,-0.001763622520444385,3.52724504088877e-06,AMPLO_PROXY,Universo_EW
2018-01-02,CIEL3,0.005564680278896162,1.1129360557792324e-05,AMPLO_PROXY,Universo_EW
2018-01-02,CMIG4,0.008007863297706296,1.6015726595412592e-05,AMPLO_PROXY,Universo_EW
2018-01-02,COGN3,0.0006384184860370352,1.2768369720740706e-06,AMPLO_PROXY,Universo_EW
2018-01-02,CPFE3,0.01060099743709294,2.120199487418588e-05,AMPLO_PROXY,Universo_EW
2018-01-02,CPLE6,0.007274313577905431,1.4548627155810862e-05,AMPLO_PROXY,Universo_EW
2018-01-02,CSAN3,0.004393391856439815,8.78678371287963e-06,AMPLO_PROXY,Universo_EW
2018-01-02,CSMG3,0.0027020402035672943,5.404080407134589e-06,AMPLO_PROXY,Universo_EW
2018-01-02,CSNA3,0.010237127572600797,2.0474255145201595e-05,AMPLO_PROXY,Universo_EW
2018-01-02,CVCB3,-0.011434024295743781,2.2868048591487562e-05,AMPLO_PROXY,Universo_EW
2018-01-02,CYRE3,0.0023681279387794997,4.736255877558999e-06,AMPLO_PROXY,Universo_EW
2018-01-02,DIRR3,0.0029627554702948214,5.925510940589643e-06,AMPLO_PROXY,Universo_EW
2018-01-02,DXCO3,0.0005844603564154616,1.1689207128309231e-06,AMPLO_PROXY,Universo_EW
2018-01-02,ECOR3,-0.0021416819640612574,4.283363928122515e-06,AMPLO_PROXY,Universo_EW
2018-01-02,EGIE3,0.0054455174371052725,1.0891034874210546e-05,AMPLO_PROXY,Universo_EW
2018-01-02,EMBJ3,0.0023580901229768823,4.716180245953765e-06,AMPLO_PROXY,Universo_EW
2018-01-02,ENAT3,-0.03392573741243937,6.785147482487874e-05,AMPLO_PROXY,Universo_EW
2018-01-02,ENBR3,0.0060368585610645585,1.2073717122129118e-05,AMPLO_PROXY,Universo_EW
2018-01-02,ENGI11,-0.0004892154598308586,9.784309196617172e-07,AMPLO_PROXY,Universo_EW
2018-01-02,EQTL3,0.0037980279621509655,7.5960559243019314e-06,AMPLO_PROXY,Universo_EW
2018-01-02,EVEN3,-0.02419344677757899,4.838689355515798e-05,AMPLO_PROXY,Universo_EW
2018-01-02,EZTC3,-0.0031253898127025503,6.250779625405101e-06,AMPLO_PROXY,Universo_EW
2018-01-02,FLRY3,-0.004426319846694872,8.852639693389745e-06,AMPLO_PROXY,Universo_EW
2018-01-02,GFSA3,0.0016488121595487973,3.2976243190975945e-06,AMPLO_PROXY,Universo_EW
2018-01-02,GGBR4,0.003969611405465603,7.939222810931207e-06,AMPLO_PROXY,Universo_EW
2018-01-02,GOAU4,0.0027314536535015532,5.462907307003106e-06,AMPLO_PROXY,Universo_EW
2018-01-02,GRND3,-0.003259229242671677,6.518458485343354e-06,AMPLO_PROXY,Universo_EW
2018-01-02,HGTX3,-0.004517943620220014,9.035887240440028e-06,AMPLO_PROXY,Universo_EW
2018-01-02,HYPE3,0.00024873573075864797,4.97471461517296e-07,AMPLO_PROXY,Universo_EW
2018-01-02,ISAE4,0.005625256737864008,1.1250513475728017e-05,AMPLO_PROXY,Universo_EW
2018-01-02,ITSA3,0.022672775452958805,4.534555090591761e-05,AMPLO_PROXY,Universo_EW
2018-01-02,ITSA4,-0.02203132177264576,4.406264354529152e-05,AMPLO_PROXY,Universo_EW
2018-01-02,ITUB4,0.0015392494962001638,3.0784989924003277e-06,AMPLO_PROXY,Universo_EW
2018-01-02,KLBN11,0.005608625495944028,1.1217250991888056e-05,AMPLO_PROXY,Universo_EW
2018-01-02,LAME4,0.007119323520761452,1.4238647041522903e-05,AMPLO_PROXY,Universo_EW
2018-01-02,LEVE3,0.004061435480731533,8.122870961463066e-06,AMPLO_PROXY,Universo_EW
2018-01-02,LIGT3,0.007796140237962837,1.5592280475925673e-05,AMPLO_PROXY,Universo_EW
2018-01-02,LINX3,0.003420114658485938,6.840229316971876e-06,AMPLO_PROXY,Universo_EW
2018-01-02,LREN3,-0.0038338881678108075,7.667776335621615e-06,AMPLO_PROXY,Universo_EW
2018-01-02,MBRF3,0.00492592032421359,9.851840648427181e-06,AMPLO_PROXY,Universo_EW
2018-01-02,MDIA3,0.0013205435106565348,2.6410870213130696e-06,AMPLO_PROXY,Universo_EW
2018-01-02,MEAL3,0.022672775452958805,4.534555090591761e-05,AMPLO_PROXY,Universo_EW
2018-01-02,MGLU3,-0.07542750537570371,0.00015085501075140742,AMPLO_PROXY,Universo_EW
2018-01-02,MILS3,-0.01670699799496612,3.3413995989932246e-05,AMPLO_PROXY,Universo_EW
2018-01-02,MOTV3,0.005778225971872549,1.1556451943745099e-05,AMPLO_PROXY,Universo_EW
2018-01-02,MRVE3,0.0003089929699200619,6.179859398401239e-07,AMPLO_PROXY,Universo_EW
2018-01-02,MULT3,0.0032503613562789094,6.500722712557819e-06,AMPLO_PROXY,Universo_EW
2018-01-02,MYPK3,-0.00927637130049368,1.855274260098736e-05,AMPLO_PROXY,Universo_EW
2018-01-02,NATU3,6.247914196315374e-05,1.2495828392630747e-07,AMPLO_PROXY,Universo_EW
2018-01-02,OIBR4,-0.0003624594174409003,7.249188348818006e-07,AMPLO_PROXY,Universo_EW
2018-01-02,PDGR3,-0.0009726378930917448,1.9452757861834896e-06,AMPLO_PROXY,Universo_EW
2018-01-02,PETR4,0.005108001196706253,1.0216002393412507e-05,AMPLO_PROXY,Universo_EW
2018-01-02,POMO4,0.000519231234572131,1.038462469144262e-06,AMPLO_PROXY,Universo_EW
2018-01-02,PSSA3,0.0006537991618584434,1.3075983237168867e-06,AMPLO_PROXY,Universo_EW
2018-01-02,QUAL3,-0.00405690377541815,8.1138075508363e-06,AMPLO_PROXY,Universo_EW
2018-01-02,RADL3,-0.0007397873212477563,1.4795746424955125e-06,AMPLO_PROXY,Universo_EW
2018-01-02,RAPT4,-0.011228850555417887,2.2457701110835775e-05,AMPLO_PROXY,Universo_EW
2018-01-02,RENT3,-0.009725023097780807,1.9450046195561616e-05,AMPLO_PROXY,Universo_EW
2018-01-02,RIAA3,0.022672775452958805,4.534555090591761e-05,AMPLO_PROXY,Universo_EW
2018-01-02,SANB11,0.004358446143682283,8.716892287364566e-06,AMPLO_PROXY,Universo_EW
2018-01-02,SAPR4,-0.017704772005711168,3.5409544011422335e-05,AMPLO_PROXY,Universo_EW
2018-01-02,SBSP3,0.002973827848185874,5.947655696371748e-06,AMPLO_PROXY,Universo_EW
2018-01-02,SEER3,-0.004449178280165049,8.898356560330098e-06,AMPLO_PROXY,Universo_EW
2018-01-02,SLCE3,-0.00960547952299327,1.921095904598654e-05,AMPLO_PROXY,Universo_EW
2018-01-02,SMTO3,0.006953816961092384,1.3907633922184769e-05,AMPLO_PROXY,Universo_EW
2018-01-02,SULA11,0.003021226814919512,6.042453629839025e-06,AMPLO_PROXY,Universo_EW
2018-01-02,SUZB3,0.007913695143906435,1.582739028781287e-05,AMPLO_PROXY,Universo_EW
2018-01-02,TAEE11,0.005760979125471372,1.1521958250942744e-05,AMPLO_PROXY,Universo_EW
2018-01-02,TIMS3,-0.0042386466437872306,8.477293287574462e-06,AMPLO_PROXY,Universo_EW
2018-01-02,TOTS3,0.0025550919900811132,5.110183980162227e-06,AMPLO_PROXY,Universo_EW
2018-01-02,TUPY3,-0.0025265337017367877,5.053067403473576e-06,AMPLO_PROXY,Universo_EW
2018-01-02,UGPA3,0.004580371339734386,9.160742679468773e-06,AMPLO_PROXY,Universo_EW
2018-01-02,USIM5,-0.013936366184904559,2.787273236980912e-05,AMPLO_PROXY,Universo_EW
2018-01-02,VALE3,-0.004379784338981424,8.759568677962847e-06,AMPLO_PROXY,Universo_EW
2018-01-02,VIVT4,0.004397103491666627,8.794206983333255e-06,AMPLO_PROXY,Universo_EW
2018-01-02,VLID3,0.008813269279758703,1.7626538559517407e-05,AMPLO_PROXY,Universo_EW
2018-01-02,WEGE3,-0.003601122179111165,7.2022443582223305e-06,AMPLO_PROXY,Universo_EW
2018-01-02,WIZC3,0.022672775452958805,4.534555090591761e-05,AMPLO_PROXY,Universo_EW
2018-01-02,YDUQ3,-0.012028524830000342,2.4057049660000684e-05,AMPLO_PROXY,Universo_EW
2019-01-02,AALR3,-0.02017557250760381,4.035114501520762e-05,AMPLO_PROXY,Universo_EW
2019-01-02,ABCB4,-0.025395656781772497,5.0791313563545e-05,AMPLO_PROXY,Universo_EW
2019-01-02,ABEV3,0.008016467209899413,1.6032934419798826e-05,AMPLO_PROXY,Universo_EW
2019-01-02,AESB3,0.006194448021126186,1.2388896042252372e-05,AMPLO_PROXY,Universo_EW
2019-01-02,ALPA4,0.0021844552776496898,4.36891055529938e-06,AMPLO_PROXY,Universo_EW
2019-01-02,ALUP11,0.0014536894701999425,2.9073789403998853e-06,AMPLO_PROXY,Universo_EW
2019-01-02,AMER3,-0.023296939812172568,4.6593879624345136e-05,AMPLO_PROXY,Universo_EW
2019-01-02,AXIA3,-0.003859769222670336,7.719538445340672e-06,AMPLO_PROXY,Universo_EW
2019-01-02,AZUL3,0.025449526835329868,5.0899053670659735e-05,AMPLO_PROXY,Universo_EW
2019-01-02,AZZA3,0.0025536066866516244,5.107213373303249e-06,AMPLO_PROXY,Universo_EW
2019-01-02,B3SA3,-0.002897164595058954,5.794329190117909e-06,AMPLO_PROXY,Universo_EW
2019-01-02,BBAS3,-0.00979334231535639,1.958668463071278e-05,AMPLO_PROXY,Universo_EW
2019-01-02,BBDC4,-0.0044457680864845965,8.891536172969193e-06,AMPLO_PROXY,Universo_EW
2019-01-02,BBSE3,0.0003989372689977115,7.97874537995423e-07,AMPLO_PROXY,Universo_EW
2019-01-02,BEEF3,0.01487306371602913,2.9746127432058262e-05,AMPLO_PROXY,Universo_EW
2019-01-02,BPAC11,0.025449526835329868,5.0899053670659735e-05,AMPLO_PROXY,Universo_EW
2019-01-02,BRAP4,0.00027038300628009354,5.407660125601871e-07,AMPLO_PROXY,Universo_EW
2019-01-02,BRFS3,0.011834911467997183,2.3669822935994367e-05,AMPLO_PROXY,Universo_EW
2019-01-02,BRKM5,-0.001772628292387609,3.545256584775218e-06,AMPLO_PROXY,Universo_EW
2019-01-02,BRML3,0.0006472958225341406,1.2945916450682812e-06,AMPLO_PROXY,Universo_EW
2019-01-02,BRPR3,-0.018053187248958984,3.610637449791797e-05,AMPLO_PROXY,Universo_EW
2019-01-02,BRSR6,-0.013890735854632082,2.7781471709264166e-05,AMPLO_PROXY,Universo_EW
2019-01-02,CESP6,-0.012588209583572145,2.517641916714429e-05,AMPLO_PROXY,Universo_EW
2019-01-02,CGAS5,-0.024529665872773183,4.905933174554636e-05,AMPLO_PROXY,Universo_EW
2019-01-02,CIEL3,0.015413742972388175,3.082748594477635e-05,AMPLO_PROXY,Universo_EW
2019-01-02,CMIG4,-0.024600510792387925,4.920102158477585e-05,AMPLO_PROXY,Universo_EW
2019-01-02,COGN3,0.013609938090858874,2.721987618171775e-05,AMPLO_PROXY,Universo_EW
2019-01-02,CPFE3,-0.00870366710344398,1.740733420688796e-05,AMPLO_PROXY,Universo_EW
2019-01-02,CPLE6,-0.004766870962980462,9.533741925960924e-06,AMPLO_PROXY,Universo_EW
2019-01-02,CRFB3,0.025449526835329868,5.0899053670659735e-05,AMPLO_PROXY,Universo_EW
2019-01-02,CSAN3,0.005880579283705202,1.1761158567410404e-05,AMPLO_PROXY,Universo_EW
2019-01-02,CSMG3,-0.010515353620384908,2.1030707240769818e-05,AMPLO_PROXY,Universo_EW
2019-01-02,CSNA3,0.0013923537110706076,2.7847074221412155e-06,AMPLO_PROXY,Universo_EW
2019-01-02,CVCB3,-0.0025663755493130283,5.132751098626057e-06,AMPLO_PROXY,Universo_EW
2019-01-02,CYRE3,-0.003782133476598091,7.564266953196182e-06,AMPLO_PROXY,Universo_EW
2019-01-02,DIRR3,-0.034895147124677915,6.979029424935583e-05,AMPLO_PROXY,Universo_EW
2019-01-02,DXCO3,-0.006018315109523782,1.2036630219047565e-05,AMPLO_PROXY,Universo_EW
2019-01-02,ECOR3,0.006379497823204575,1.275899564640915e-05,AMPLO_PROXY,Universo_EW
2019-01-02,EGIE3,-0.006536503992699151,1.3073007985398303e-05,AMPLO_PROXY,Universo_EW
2019-01-02,EMBJ3,0.0015105802320438677,3.0211604640877354e-06,AMPLO_PROXY,Universo_EW
2019-01-02,ENAT3,0.025449526835329868,5.0899053670659735e-05,AMPLO_PROXY,Universo_EW
2019-01-02,ENBR3,0.000747762972846646,1.4955259456932921e-06,AMPLO_PROXY,Universo_EW
2019-01-02,ENGI11,-0.007455999515965969,1.4911999031931939e-05,AMPLO_PROXY,Universo_EW
2019-01-02,EQTL3,-0.000841027165214836,1.682054330429672e-06,AMPLO_PROXY,Universo_EW
2019-01-02,EZTC3,-0.001659379686875996,3.3187593737519923e-06,AMPLO_PROXY,Universo_EW
2019-01-02,FLRY3,0.009534033018394925,1.906806603678985e-05,AMPLO_PROXY,Universo_EW
2019-01-02,GFSA3,0.006377391036499189,1.2754782072998378e-05,AMPLO_PROXY,Universo_EW
2019-01-02,GGBR4,-0.0017629280507685842,3.5258561015371683e-06,AMPLO_PROXY,Universo_EW
2019-01-02,GOAU4,-0.0020976169471422015,4.195233894284403e-06,AMPLO_PROXY,Universo_EW
2019-01-02,GRND3,-0.02042186086484536,4.0843721729690716e-05,AMPLO_PROXY,Universo_EW
2019-01-02,HGTX3,-0.0020846518201133105,4.169303640226621e-06,AMPLO_PROXY,Universo_EW
2019-01-02,HYPE3,0.005177698676162131,1.0355397352324263e-05,AMPLO_PROXY,Universo_EW
2019-01-02,IRBR3,0.025449526835329868,5.0899053670659735e-05,AMPLO_PROXY,Universo_EW
2019-01-02,ISAE4,-0.002758280624029958,5.5165612480599164e-06,AMPLO_PROXY,Universo_EW
2019-01-02,ITSA3,-0.03381644541896099,6.763289083792199e-05,AMPLO_PROXY,Universo_EW
2019-01-02,ITSA4,0.025449526835329868,5.0899053670659735e-05,AMPLO_PROXY,Universo_EW
2019-01-02,ITUB4,-0.005167753649220473,1.0335507298440946e-05,AMPLO_PROXY,Universo_EW
2019-01-02,KLBN11,0.003947507322799748,7.895014645599496e-06,AMPLO_PROXY,Universo_EW
2019-01-02,LAME4,-0.0016102192389873676,3.2204384779747353e-06,AMPLO_PROXY,Universo_EW
2019-01-02,LEVE3,-0.026458866656245073,5.2917733312490146e-05,AMPLO_PROXY,Universo_EW
2019-01-02,LIGT3,0.0028826364912616954,5.765272982523391e-06,AMPLO_PROXY,Universo_EW
2019-01-02,LINX3,-0.011490237334806142,2.2980474669612284e-05,AMPLO_PROXY,Universo_EW
2019-01-02,LREN3,-0.002864586737832464,5.729173475664928e-06,AMPLO_PROXY,Universo_EW
2019-01-02,MBRF3,0.007901419853335784,1.580283970667157e-05,AMPLO_PROXY,Universo_EW
2019-01-02,MDIA3,0.005088240971964333,1.0176481943928666e-05,AMPLO_PROXY,Universo_EW
2019-01-02,MEAL3,-0.017352119710368808,3.4704239420737615e-05,AMPLO_PROXY,Universo_EW
2019-01-02,MGLU3,-0.028048887681742705,5.6097775363485414e-05,AMPLO_PROXY,Universo_EW
2019-01-02,MOTV3,0.00811645472351628,1.623290944703256e-05,AMPLO_PROXY,Universo_EW
2019-01-02,MRVE3,0.0027506431820944963,5.501286364188993e-06,AMPLO_PROXY,Universo_EW
2019-01-02,MULT3,0.001467102698901615,2.93420539780323e-06,AMPLO_PROXY,Universo_EW
2019-01-02,MYPK3,0.0007887295740151533,1.5774591480303066e-06,AMPLO_PROXY,Universo_EW
2019-01-02,NATU3,-0.007438366794252055,1.487673358850411e-05,AMPLO_PROXY,Universo_EW
2019-01-02,OIBR3,0.025449526835329868,5.0899053670659735e-05,AMPLO_PROXY,Universo_EW
2019-01-02,OIBR4,-0.011808199406408895,2.361639881281779e-05,AMPLO_PROXY,Universo_EW
2019-01-02,PARD3,0.025449526835329868,5.0899053670659735e-05,AMPLO_PROXY,Universo_EW
2019-01-02,PDGR3,-0.011189161909927256,2.2378323819854515e-05,AMPLO_PROXY,Universo_EW
2019-01-02,PETR4,-0.008935570412138327,1.7871140824276653e-05,AMPLO_PROXY,Universo_EW
2019-01-02,POMO4,0.00025909250893984756,5.181850178796951e-07,AMPLO_PROXY,Universo_EW
2019-01-02,PSSA3,-0.009266877979213002,1.8533755958426005e-05,AMPLO_PROXY,Universo_EW
2019-01-02,QUAL3,0.015029229796824762,3.0058459593649524e-05,AMPLO_PROXY,Universo_EW
2019-01-02,RADL3,0.011105687173107134,2.221137434621427e-05,AMPLO_PROXY,Universo_EW
2019-01-02,RAIL3,0.025449526835329868,5.0899053670659735e-05,AMPLO_PROXY,Universo_EW
2019-01-02,RAPT4,-0.0033074785321532095,6.6149570643064195e-06,AMPLO_PROXY,Universo_EW
2019-01-02,RENT3,-0.005714052484703455,1.142810496940691e-05,AMPLO_PROXY,Universo_EW
2019-01-02,RIAA3,-0.02488522005198541,4.977044010397082e-05,AMPLO_PROXY,Universo_EW
2019-01-02,SANB11,-0.008031750763438393,1.6063501526876786e-05,AMPLO_PROXY,Universo_EW
2019-01-02,SAPR11,0.025449526835329868,5.0899053670659735e-05,AMPLO_PROXY,Universo_EW
2019-01-02,SBSP3,0.0022584979388036407,4.5169958776072814e-06,AMPLO_PROXY,Universo_EW
2019-01-02,SEER3,0.013591482114582927,2.7182964229165853e-05,AMPLO_PROXY,Universo_EW
2019-01-02,SLCE3,-0.012808292729752355,2.561658545950471e-05,AMPLO_PROXY,Universo_EW
2019-01-02,SMLS3,0.025449526835329868,5.0899053670659735e-05,AMPLO_PROXY,Universo_EW
2019-01-02,SMTO3,0.0029416354057831585,5.883270811566317e-06,AMPLO_PROXY,Universo_EW
2019-01-02,SULA11,-0.00973787766690476,1.947575533380952e-05,AMPLO_PROXY,Universo_EW
2019-01-02,SUZB3,-0.02135170624480498,4.270341248960996e-05,AMPLO_PROXY,Universo_EW
2019-01-02,TAEE11,-0.003721805794317058,7.443611588634116e-06,AMPLO_PROXY,Universo_EW
2019-01-02,TEND3,0.025449526835329868,5.0899053670659735e-05,AMPLO_PROXY,Universo_EW
2019-01-02,TIMS3,0.004221353529531534,8.442707059063067e-06,AMPLO_PROXY,Universo_EW
2019-01-02,TOTS3,0.0036706823827664277,7.341364765532855e-06,AMPLO_PROXY,Universo_EW
2019-01-02,TUPY3,-0.000984155047186016,1.968310094372032e-06,AMPLO_PROXY,Universo_EW
2019-01-02,UGPA3,0.009035821797033161,1.8071643594066323e-05,AMPLO_PROXY,Universo_EW
2019-01-02,USIM5,0.0022978213770194038,4.595642754038808e-06,AMPLO_PROXY,Universo_EW
2019-01-02,VALE3,-0.0034401796099319294,6.880359219863859e-06,AMPLO_PROXY,Universo_EW
2019-01-02,VBBR3,0.025449526835329868,5.0899053670659735e-05,AMPLO_PROXY,Universo_EW
2019-01-02,VIVT4,0.0014778236357790402,2.9556472715580805e-06,AMPLO_PROXY,Universo_EW
2019-01-02,VLID3,0.0022577430348756783,4.515486069751357e-06,AMPLO_PROXY,Universo_EW
2019-01-02,WEGE3,0.003890739655883154,7.781479311766308e-06,AMPLO_PROXY,Universo_EW
2019-01-02,WIZC3,-0.014097546563593221,2.8195093127186444e-05,AMPLO_PROXY,Universo_EW
2019-01-02,YDUQ3,0.007629970075900126,1.5259940151800253e-05,AMPLO_PROXY,Universo_EW
2019-01-02,ZAMP3,0.025449526835329868,5.0899053670659735e-05,AMPLO_PROXY,Universo_EW
2020-01-02,ABEV3,0.007192551524475753,1.4385103048951507e-05,AMPLO_PROXY,Universo_EW
2020-01-02,AESB3,-0.04262909809036383,8.525819618072767e-05,AMPLO_PROXY,Universo_EW
2020-01-02,ALPA4,-0.020981698651127645,4.196339730225529e-05,AMPLO_PROXY,Universo_EW
2020-01-02,ALUP11,-0.0015762743987476,3.1525487974951998e-06,AMPLO_PROXY,Universo_EW
2020-01-02,AMER3,-0.0007859607579329547,1.5719215158659094e-06,AMPLO_PROXY,Universo_EW
2020-01-02,AXIA3,-0.0028424431065731393,5.684886213146279e-06,AMPLO_PROXY,Universo_EW
2020-01-02,AZUL3,-0.002946999709528275,5.893999419056551e-06,AMPLO_PROXY,Universo_EW
2020-01-02,AZZA3,0.008045161426306093,1.6090322852612188e-05,AMPLO_PROXY,Universo_EW
2020-01-02,B3SA3,-0.0042811191434185825,8.562238286837165e-06,AMPLO_PROXY,Universo_EW
2020-01-02,BBAS3,0.008575073370035137,1.7150146740070273e-05,AMPLO_PROXY,Universo_EW
2020-01-02,BBDC4,0.008222074359541833,1.6444148719083666e-05,AMPLO_PROXY,Universo_EW
2020-01-02,BBSE3,0.0022587084575389216,4.517416915077843e-06,AMPLO_PROXY,Universo_EW
2020-01-02,BEEF3,-0.024729565346709524,4.945913069341905e-05,AMPLO_PROXY,Universo_EW
2020-01-02,BHIA3,0.038242985924466406,7.648597184893281e-05,AMPLO_PROXY,Universo_EW
2020-01-02,BPAC11,-0.04213736761169586,8.427473522339173e-05,AMPLO_PROXY,Universo_EW
2020-01-02,BPAN4,0.038242985924466406,7.648597184893281e-05,AMPLO_PROXY,Universo_EW
2020-01-02,BRAP4,0.005860245305117688,1.1720490610235376e-05,AMPLO_PROXY,Universo_EW
2020-01-02,BRFS3,-0.0025581321732511195,5.116264346502239e-06,AMPLO_PROXY,Universo_EW
2020-01-02,BRKM5,0.02177727061625451,4.355454123250902e-05,AMPLO_PROXY,Universo_EW
2020-01-02,BRML3,0.0014065602943990896,2.8131205887981794e-06,AMPLO_PROXY,Universo_EW
2020-01-02,BRSR6,0.012132297923857702,2.4264595847715406e-05,AMPLO_PROXY,Universo_EW
2020-01-02,CESP6,-0.000800503510622233,1.6010070212444662e-06,AMPLO_PROXY,Universo_EW
2020-01-02,CIEL3,0.014270888160991702,2.8541776321983403e-05,AMPLO_PROXY,Universo_EW
2020-01-02,CMIG4,0.012225674826246546,2.4451349652493093e-05,AMPLO_PROXY,Universo_EW
2020-01-02,COGN3,0.004279056613148036,8.55811322629607e-06,AMPLO_PROXY,Universo_EW
2020-01-02,CPFE3,0.00677293915697099,1.3545878313941981e-05,AMPLO_PROXY,Universo_EW
2020-01-02,CPLE6,-0.021055524095230232,4.211104819046046e-05,AMPLO_PROXY,Universo_EW
2020-01-02,CRFB3,0.005699802708094628,1.1399605416189258e-05,AMPLO_PROXY,Universo_EW
2020-01-02,CSAN3,-0.013994420160878103,2.7988840321756207e-05,AMPLO_PROXY,Universo_EW
2020-01-02,CSMG3,0.010428629275826412,2.0857258551652826e-05,AMPLO_PROXY,Universo_EW
2020-01-02,CSNA3,-0.005243481105710102,1.0486962211420204e-05,AMPLO_PROXY,Universo_EW
2020-01-02,CVCB3,0.01943103604291726,3.8862072085834516e-05,AMPLO_PROXY,Universo_EW
2020-01-02,CYRE3,-0.015252725712995178,3.050545142599036e-05,AMPLO_PROXY,Universo_EW
2020-01-02,DXCO3,0.0009265235991529688,1.8530471983059377e-06,AMPLO_PROXY,Universo_EW
2020-01-02,ECOR3,-0.00443471135146397,8.86942270292794e-06,AMPLO_PROXY,Universo_EW
2020-01-02,EGIE3,-0.0019163009127673297,3.83260182553466e-06,AMPLO_PROXY,Universo_EW
2020-01-02,EMBJ3,0.014376670138136836,2.8753340276273674e-05,AMPLO_PROXY,Universo_EW
2020-01-02,ENAT3,-0.046286217600246066,9.257243520049213e-05,AMPLO_PROXY,Universo_EW
2020-01-02,ENBR3,-0.0019315123422405794,3.863024684481159e-06,AMPLO_PROXY,Universo_EW
2020-01-02,ENEV3,0.038242985924466406,7.648597184893281e-05,AMPLO_PROXY,Universo_EW
2020-01-02,ENGI11,0.0010001523136564383,2.0003046273128767e-06,AMPLO_PROXY,Universo_EW
2020-01-02,EQTL3,-0.0022258693210107233,4.451738642021447e-06,AMPLO_PROXY,Universo_EW
2020-01-02,EZTC3,-0.025306986227235324,5.061397245447065e-05,AMPLO_PROXY,Universo_EW
2020-01-02,FLRY3,-0.0029363591397850025,5.872718279570005e-06,AMPLO_PROXY,Universo_EW
2020-01-02,GFSA3,-0.016161766418160098,3.2323532836320194e-05,AMPLO_PROXY,Universo_EW
2020-01-02,GGBR4,0.0027842305935554604,5.568461187110921e-06,AMPLO_PROXY,Universo_EW
2020-01-02,GNDI3,0.038242985924466406,7.648597184893281e-05,AMPLO_PROXY,Universo_EW
2020-01-02,GOAU4,0.0030523935026808835,6.1047870053617675e-06,AMPLO_PROXY,Universo_EW
2020-01-02,HAPV3,0.038242985924466406,7.648597184893281e-05,AMPLO_PROXY,Universo_EW
2020-01-02,HGTX3,0.008145980349520517,1.6291960699041034e-05,AMPLO_PROXY,Universo_EW
2020-01-02,HYPE3,0.007784723092293579,1.5569446184587158e-05,AMPLO_PROXY,Universo_EW
2020-01-02,IRBR3,0.0004969746870246289,9.939493740492578e-07,AMPLO_PROXY,Universo_EW
2020-01-02,ISAE4,0.0029324910645484523,5.864982129096904e-06,AMPLO_PROXY,Universo_EW
2020-01-02,ITSA4,0.0065981515278423775,1.3196303055684755e-05,AMPLO_PROXY,Universo_EW
2020-01-02,ITUB4,0.00997780355933366,1.995560711866732e-05,AMPLO_PROXY,Universo_EW
2020-01-02,KLBN11,0.007877539255054907,1.5755078510109815e-05,AMPLO_PROXY,Universo_EW
2020-01-02,LAME4,0.0031696327285668097,6.339265457133619e-06,AMPLO_PROXY,Universo_EW
2020-01-02,LCAM3,0.038242985924466406,7.648597184893281e-05,AMPLO_PROXY,Universo_EW
2020-01-02,LIGT3,0.0013752421744947022,2.7504843489894045e-06,AMPLO_PROXY,Universo_EW
2020-01-02,LINX3,0.010427794750886548,2.0855589501773096e-05,AMPLO_PROXY,Universo_EW
2020-01-02,LREN3,0.0008075272873108649,1.61505457462173e-06,AMPLO_PROXY,Universo_EW
2020-01-02,MBRF3,-0.007070684991436399,1.4141369982872798e-05,AMPLO_PROXY,Universo_EW
2020-01-02,MDIA3,0.015850118059992722,3.1700236119985446e-05,AMPLO_PROXY,Universo_EW
2020-01-02,MGLU3,-0.016023919829029773,3.2047839658059546e-05,AMPLO_PROXY,Universo_EW
2020-01-02,MOTV3,-0.0041587193788191965,8.317438757638393e-06,AMPLO_PROXY,Universo_EW
2020-01-02,MOVI3,0.038242985924466406,7.648597184893281e-05,AMPLO_PROXY,Universo_EW
2020-01-02,MRVE3,-0.009353854858586058,1.8707709717172115e-05,AMPLO_PROXY,Universo_EW
2020-01-02,MULT3,0.003426166455371929,6.852332910743858e-06,AMPLO_PROXY,Universo_EW
2020-01-02,MYPK3,0.013185399351511778,2.6370798703023556e-05,AMPLO_PROXY,Universo_EW
2020-01-02,NATU3,-0.004320574860310386,8.641149720620773e-06,AMPLO_PROXY,Universo_EW
2020-01-02,OIBR3,0.02087267395888657,4.174534791777314e-05,AMPLO_PROXY,Universo_EW
2020-01-02,PARD3,-0.0363922929695809,7.27845859391618e-05,AMPLO_PROXY,Universo_EW
2020-01-02,PETR4,0.004691359410243352,9.382718820486704e-06,AMPLO_PROXY,Universo_EW
2020-01-02,POMO4,-0.02765491199958323,5.530982399916646e-05,AMPLO_PROXY,Universo_EW
2020-01-02,PRIO3,0.038242985924466406,7.648597184893281e-05,AMPLO_PROXY,Universo_EW
2020-01-02,PSSA3,0.005599398942253579,1.1198797884507159e-05,AMPLO_PROXY,Universo_EW
2020-01-02,QUAL3,-0.048934842979787015,9.786968595957404e-05,AMPLO_PROXY,Universo_EW
2020-01-02,RADL3,-0.013708744183215722,2.7417488366431444e-05,AMPLO_PROXY,Universo_EW
2020-01-02,RAIL3,-0.0013952128800478608,2.7904257600957218e-06,AMPLO_PROXY,Universo_EW
2020-01-02,RAPT4,-0.001552470963371029,3.104941926742058e-06,AMPLO_PROXY,Universo_EW
2020-01-02,RENT3,-0.0051483125787997255,1.029662515759945e-05,AMPLO_PROXY,Universo_EW
2020-01-02,SANB11,0.008485082205772924,1.697016441154585e-05,AMPLO_PROXY,Universo_EW
2020-01-02,SAPR11,-0.005984232146670036,1.1968464293340073e-05,AMPLO_PROXY,Universo_EW
2020-01-02,SBSP3,-0.0077113493198887745,1.542269863977755e-05,AMPLO_PROXY,Universo_EW
2020-01-02,SEER3,-0.04989156446257838,9.978312892515675e-05,AMPLO_PROXY,Universo_EW
2020-01-02,SLCE3,0.00703036639923086,1.406073279846172e-05,AMPLO_PROXY,Universo_EW
2020-01-02,SMLS3,0.013029871262165503,2.6059742524331008e-05,AMPLO_PROXY,Universo_EW
2020-01-02,SMTO3,-0.03406998106428579,6.813996212857159e-05,AMPLO_PROXY,Universo_EW
2020-01-02,SULA11,-0.019097415591589666,3.819483118317933e-05,AMPLO_PROXY,Universo_EW
2020-01-02,SUZB3,0.011054885196421078,2.2109770392842156e-05,AMPLO_PROXY,Universo_EW
2020-01-02,TAEE11,0.003383254098122117,6.7665081962442335e-06,AMPLO_PROXY,Universo_EW
2020-01-02,TEND3,-0.012589948866108196,2.5179897732216392e-05,AMPLO_PROXY,Universo_EW
2020-01-02,TIMS3,0.0038884355671917684,7.776871134383536e-06,AMPLO_PROXY,Universo_EW
2020-01-02,TOTS3,-0.02360574336274234,4.7211486725484683e-05,AMPLO_PROXY,Universo_EW
2020-01-02,TUPY3,-0.03335721334320795,6.671442668641591e-05,AMPLO_PROXY,Universo_EW
2020-01-02,UGPA3,0.013658733353413645,2.731746670682729e-05,AMPLO_PROXY,Universo_EW
2020-01-02,USIM5,0.01251968991474053,2.503937982948106e-05,AMPLO_PROXY,Universo_EW
2020-01-02,VALE3,0.01046237286267623,2.092474572535246e-05,AMPLO_PROXY,Universo_EW
2020-01-02,VBBR3,0.004495168208373916,8.990336416747833e-06,AMPLO_PROXY,Universo_EW
2020-01-02,VIVT4,0.004996713859066859,9.993427718133718e-06,AMPLO_PROXY,Universo_EW
2020-01-02,VLID3,-0.02452907736505154,4.905815473010308e-05,AMPLO_PROXY,Universo_EW
2020-01-02,WEGE3,-0.012418596102234482,2.4837192204468964e-05,AMPLO_PROXY,Universo_EW
2020-01-02,YDUQ3,-0.010525080624157322,2.1050161248314644e-05,AMPLO_PROXY,Universo_EW
2020-01-02,ZAMP3,0.016780053996242765,3.356010799248553e-05,AMPLO_PROXY,Universo_EW
2021-01-04,ABEV3,0.006315916599483377,1.2631833198966755e-05,AMPLO_PROXY,Universo_EW
2021-01-04,ALOS3,0.03796457829550416,7.592915659100832e-05,AMPLO_PROXY,Universo_EW
2021-01-04,ALPA4,-0.011000427273617608,2.2000854547235216e-05,AMPLO_PROXY,Universo_EW
2021-01-04,ALUP11,-0.03643883509602176,7.287767019204353e-05,AMPLO_PROXY,Universo_EW
2021-01-04,AMAR3,0.03796457829550416,7.592915659100832e-05,AMPLO_PROXY,Universo_EW
2021-01-04,AMER3,-0.006294831730612738,1.2589663461225475e-05,AMPLO_PROXY,Universo_EW
2021-01-04,AXIA3,0.0007542666266493678,1.5085332532987357e-06,AMPLO_PROXY,Universo_EW
2021-01-04,AZUL3,0.013425328995392543,2.6850657990785087e-05,AMPLO_PROXY,Universo_EW
2021-01-04,AZZA3,-0.0030763936896742866,6.152787379348573e-06,AMPLO_PROXY,Universo_EW
2021-01-04,B3SA3,-0.015932544042817506,3.186508808563501e-05,AMPLO_PROXY,Universo_EW
2021-01-04,BBAS3,0.010167322704047386,2.033464540809477e-05,AMPLO_PROXY,Universo_EW
2021-01-04,BBDC4,0.007516762240377561,1.5033524480755123e-05,AMPLO_PROXY,Universo_EW
2021-01-04,BBSE3,0.004723773625358321,9.447547250716642e-06,AMPLO_PROXY,Universo_EW
2021-01-04,BEEF3,0.006084236845177893,1.2168473690355786e-05,AMPLO_PROXY,Universo_EW
2021-01-04,BHIA3,-0.014754014380325989,2.9508028760651978e-05,AMPLO_PROXY,Universo_EW
2021-01-04,BIDI11,0.03796457829550416,7.592915659100832e-05,AMPLO_PROXY,Universo_EW
2021-01-04,BPAC11,-0.009692199805073867,1.9384399610147736e-05,AMPLO_PROXY,Universo_EW
2021-01-04,BPAN4,0.003927442635633417,7.854885271266835e-06,AMPLO_PROXY,Universo_EW
2021-01-04,BRAP4,-0.03157154555925866,6.314309111851731e-05,AMPLO_PROXY,Universo_EW
2021-01-04,BRFS3,0.015069947931695943,3.0139895863391887e-05,AMPLO_PROXY,Universo_EW
2021-01-04,BRKM5,0.008590442214934418,1.7180884429868834e-05,AMPLO_PROXY,Universo_EW
2021-01-04,BRML3,0.017961523635160473,3.5923047270320946e-05,AMPLO_PROXY,Universo_EW
2021-01-04,BRSR6,-0.025972791070240975,5.194558214048195e-05,AMPLO_PROXY,Universo_EW
2021-01-04,CESP6,0.0008435054431941008,1.6870108863882018e-06,AMPLO_PROXY,Universo_EW
2021-01-04,CIEL3,0.02032041761387713,4.064083522775426e-05,AMPLO_PROXY,Universo_EW
2021-01-04,CMIG4,-0.004644438808785248,9.288877617570496e-06,AMPLO_PROXY,Universo_EW
2021-01-04,COGN3,0.023231624528700166,4.646324905740033e-05,AMPLO_PROXY,Universo_EW
2021-01-04,CPFE3,0.0017538449296910022,3.5076898593820043e-06,AMPLO_PROXY,Universo_EW
2021-01-04,CPLE6,-0.0045144087692377335,9.028817538475467e-06,AMPLO_PROXY,Universo_EW
2021-01-04,CRFB3,0.007023781868255256,1.4047563736510512e-05,AMPLO_PROXY,Universo_EW
2021-01-04,CSAN3,-0.005194075855848947,1.0388151711697893e-05,AMPLO_PROXY,Universo_EW
2021-01-04,CSMG3,0.005013951774895116,1.0027903549790232e-05,AMPLO_PROXY,Universo_EW
2021-01-04,CSNA3,-0.051088906167178566,0.00010217781233435714,AMPLO_PROXY,Universo_EW
2021-01-04,CVCB3,0.01962875092334979,3.925750184669958e-05,AMPLO_PROXY,Universo_EW
2021-01-04,CYRE3,0.0007540770309243036,1.5081540618486073e-06,AMPLO_PROXY,Universo_EW
2021-01-04,DXCO3,-0.004320719898599161,8.641439797198323e-06,AMPLO_PROXY,Universo_EW
2021-01-04,ECOR3,0.006877486352070108,1.3754972704140217e-05,AMPLO_PROXY,Universo_EW
2021-01-04,EGIE3,0.00466487764830445,9.329755296608899e-06,AMPLO_PROXY,Universo_EW
2021-01-04,EMBJ3,0.022118350961458404,4.423670192291681e-05,AMPLO_PROXY,Universo_EW
2021-01-04,ENBR3,0.0034111067687763383,6.822213537552677e-06,AMPLO_PROXY,Universo_EW
2021-01-04,ENEV3,-0.01655739685032301,3.311479370064602e-05,AMPLO_PROXY,Universo_EW
2021-01-04,ENGI11,0.001845750596913144,3.6915011938262884e-06,AMPLO_PROXY,Universo_EW
2021-01-04,EQTL3,0.000541341601005281,1.082683202010562e-06,AMPLO_PROXY,Universo_EW
2021-01-04,EZTC3,0.0075103153752328206,1.5020630750465642e-05,AMPLO_PROXY,Universo_EW
2021-01-04,FLRY3,0.0038755042277890256,7.75100845557805e-06,AMPLO_PROXY,Universo_EW
2021-01-04,GGBR4,-0.010686761810200465,2.137352362040093e-05,AMPLO_PROXY,Universo_EW
2021-01-04,GNDI3,-0.0034092044854185863,6.818408970837173e-06,AMPLO_PROXY,Universo_EW
2021-01-04,GOAU4,-0.009479998967847361,1.895999793569472e-05,AMPLO_PROXY,Universo_EW
2021-01-04,HAPV3,-0.005517803129900349,1.1035606259800698e-05,AMPLO_PROXY,Universo_EW
2021-01-04,HBOR3,0.03796457829550416,7.592915659100832e-05,AMPLO_PROXY,Universo_EW
2021-01-04,HGTX3,0.01864557274717456,3.7291145494349125e-05,AMPLO_PROXY,Universo_EW
2021-01-04,HYPE3,0.0014923110134709844,2.9846220269419687e-06,AMPLO_PROXY,Universo_EW
2021-01-04,IRBR3,0.02964373271941577,5.9287465438831536e-05,AMPLO_PROXY,Universo_EW
2021-01-04,ISAE4,-0.012314142413746232,2.4628284827492465e-05,AMPLO_PROXY,Universo_EW
2021-01-04,ITSA4,0.005510311341092519,1.102062268218504e-05,AMPLO_PROXY,Universo_EW
2021-01-04,ITUB4,0.00558278654024779,1.116557308049558e-05,AMPLO_PROXY,Universo_EW
2021-01-04,JHSF3,0.03796457829550416,7.592915659100832e-05,AMPLO_PROXY,Universo_EW
2021-01-04,KLBN11,-0.01597214106118914,3.194428212237828e-05,AMPLO_PROXY,Universo_EW
2021-01-04,LAME4,0.0015564434884308212,3.1128869768616426e-06,AMPLO_PROXY,Universo_EW
2021-01-04,LCAM3,-0.01087098602464024,2.174197204928048e-05,AMPLO_PROXY,Universo_EW
2021-01-04,LIGT3,-0.00035841408036755423,7.168281607351085e-07,AMPLO_PROXY,Universo_EW
2021-01-04,LINX3,-0.0003956196477502283,7.912392955004566e-07,AMPLO_PROXY,Universo_EW
2021-01-04,LREN3,0.009669488616261691,1.9338977232523384e-05,AMPLO_PROXY,Universo_EW
2021-01-04,MBRF3,-0.016396723766197385,3.279344753239477e-05,AMPLO_PROXY,Universo_EW
2021-01-04,MDIA3,0.00484534244921709,9.69068489843418e-06,AMPLO_PROXY,Universo_EW
2021-01-04,MEAL3,0.03796457829550416,7.592915659100832e-05,AMPLO_PROXY,Universo_EW
2021-01-04,MGLU3,-0.040350354903327404,8.070070980665481e-05,AMPLO_PROXY,Universo_EW
2021-01-04,MOTV3,0.010220659581251606,2.0441319162503212e-05,AMPLO_PROXY,Universo_EW
2021-01-04,MOVI3,-0.0019065535430098646,3.813107086019729e-06,AMPLO_PROXY,Universo_EW
2021-01-04,MRVE3,0.0050720692905503115,1.0144138581100623e-05,AMPLO_PROXY,Universo_EW
2021-01-04,MULT3,0.011841221347741897,2.3682442695483795e-05,AMPLO_PROXY,Universo_EW
2021-01-04,MYPK3,-0.024947297531933862,4.989459506386772e-05,AMPLO_PROXY,Universo_EW
2021-01-04,NATU3,-0.013911441309307958,2.7822882618615915e-05,AMPLO_PROXY,Universo_EW
2021-01-04,NEOE3,0.03796457829550416,7.592915659100832e-05,AMPLO_PROXY,Universo_EW
2021-01-04,OIBR3,-0.0665366041702705,0.00013307320834054102,AMPLO_PROXY,Universo_EW
2021-01-04,PCAR3,0.03796457829550416,7.592915659100832e-05,AMPLO_PROXY,Universo_EW
2021-01-04,PETR4,0.0019506634020803604,3.901326804160721e-06,AMPLO_PROXY,Universo_EW
2021-01-04,PRIO3,-0.04198442529708324,8.396885059416648e-05,AMPLO_PROXY,Universo_EW
2021-01-04,PSSA3,0.007465636143531407,1.4931272287062814e-05,AMPLO_PROXY,Universo_EW
2021-01-04,QUAL3,0.004086511167237003,8.173022334474007e-06,AMPLO_PROXY,Universo_EW
2021-01-04,RADL3,-0.003952063058512784,7.904126117025568e-06,AMPLO_PROXY,Universo_EW
2021-01-04,RAIL3,0.010223930256227799,2.04478605124556e-05,AMPLO_PROXY,Universo_EW
2021-01-04,RAPT4,-0.00409492109692923,8.18984219385846e-06,AMPLO_PROXY,Universo_EW
2021-01-04,RENT3,-0.014650197829919193,2.9300395659838386e-05,AMPLO_PROXY,Universo_EW
2021-01-04,SANB11,0.0022243746719230253,4.448749343846051e-06,AMPLO_PROXY,Universo_EW
2021-01-04,SAPR11,0.008089185806068946,1.6178371612137892e-05,AMPLO_PROXY,Universo_EW
2021-01-04,SBFG3,0.03796457829550416,7.592915659100832e-05,AMPLO_PROXY,Universo_EW
2021-01-04,SBSP3,0.010174999932757094,2.034999986551419e-05,AMPLO_PROXY,Universo_EW
2021-01-04,SLCE3,-0.04298032131310169,8.596064262620339e-05,AMPLO_PROXY,Universo_EW
2021-01-04,SMLS3,-0.023989350941861956,4.797870188372391e-05,AMPLO_PROXY,Universo_EW
2021-01-04,SULA11,0.010085251293813987,2.0170502587627974e-05,AMPLO_PROXY,Universo_EW
2021-01-04,SUZB3,-0.017266950963717193,3.4533901927434386e-05,AMPLO_PROXY,Universo_EW
2021-01-04,TAEE11,-0.007402214171080036,1.4804428342160072e-05,AMPLO_PROXY,Universo_EW
2021-01-04,TEND3,0.0019225041006267832,3.845008201253566e-06,AMPLO_PROXY,Universo_EW
2021-01-04,TIMS3,0.0015709550533295202,3.1419101066590407e-06,AMPLO_PROXY,Universo_EW
2021-01-04,TOTS3,-0.008439148785230506,1.6878297570461012e-05,AMPLO_PROXY,Universo_EW
2021-01-04,UGPA3,0.0014752049168786571,2.9504098337573145e-06,AMPLO_PROXY,Universo_EW
2021-01-04,USIM5,-0.02148594839644219,4.297189679288438e-05,AMPLO_PROXY,Universo_EW
2021-01-04,VALE3,-0.029105471069926142,5.8210942139852285e-05,AMPLO_PROXY,Universo_EW
2021-01-04,VBBR3,0.0096137954670295,1.9227590934059e-05,AMPLO_PROXY,Universo_EW
2021-01-04,VIVA3,0.03796457829550416,7.592915659100832e-05,AMPLO_PROXY,Universo_EW
2021-01-04,WEGE3,-0.043666219739351184,8.733243947870237e-05,AMPLO_PROXY,Universo_EW
2021-01-04,YDUQ3,0.009627211341030974,1.925442268206195e-05,AMPLO_PROXY,Universo_EW
2021-01-04,ZAMP3,-0.02415446860786807,4.830893721573614e-05,AMPLO_PROXY,Universo_EW
2022-01-03,ABEV3,-0.0048793503178524295,9.75870063570486e-06,AMPLO_PROXY,Universo_EW
2022-01-03,ALOS3,-0.028014962790334108,5.6029925580668216e-05,AMPLO_PROXY,Universo_EW
2022-01-03,ALPA4,0.002775729745952714,5.551459491905428e-06,AMPLO_PROXY,Universo_EW
2022-01-03,AMAR3,0.010383291715403708,2.0766583430807417e-05,AMPLO_PROXY,Universo_EW
2022-01-03,AMBP3,0.03437080330276619,6.874160660553239e-05,AMPLO_PROXY,Universo_EW
2022-01-03,AMER3,0.01870624880733946,3.741249761467892e-05,AMPLO_PROXY,Universo_EW
2022-01-03,AXIA3,-0.0030409857468406062,6.081971493681213e-06,AMPLO_PROXY,Universo_EW
2022-01-03,AZUL3,0.009798977119826986,1.959795423965397e-05,AMPLO_PROXY,Universo_EW
2022-01-03,AZZA3,-0.006429750100413925,1.285950020082785e-05,AMPLO_PROXY,Universo_EW
2022-01-03,B3SA3,0.013315894852285466,2.663178970457093e-05,AMPLO_PROXY,Universo_EW
2022-01-03,BBAS3,0.003012197800943729,6.024395601887458e-06,AMPLO_PROXY,Universo_EW
2022-01-03,BBDC4,0.0018665884557712842,3.7331769115425685e-06,AMPLO_PROXY,Universo_EW
2022-01-03,BBSE3,0.006641358730927634,1.3282717461855269e-05,AMPLO_PROXY,Universo_EW
2022-01-03,BEEF3,-0.008915432654696478,1.7830865309392956e-05,AMPLO_PROXY,Universo_EW
2022-01-03,BHIA3,0.022678558922296005,4.535711784459201e-05,AMPLO_PROXY,Universo_EW
2022-01-03,BIDI11,0.0010864659157058046,2.1729318314116092e-06,AMPLO_PROXY,Universo_EW
2022-01-03,BPAC11,0.001020872637175041,2.041745274350082e-06,AMPLO_PROXY,Universo_EW
2022-01-03,BPAN4,-0.007899063212767558,1.5798126425535117e-05,AMPLO_PROXY,Universo_EW
2022-01-03,BRAP4,-0.007079375773753602,1.4158751547507205e-05,AMPLO_PROXY,Universo_EW
2022-01-03,BRFS3,-0.006669117924943298,1.3338235849886596e-05,AMPLO_PROXY,Universo_EW
2022-01-03,BRKM5,-0.07005721562770882,0.00014011443125541766,AMPLO_PROXY,Universo_EW
2022-01-03,BRML3,0.0025411096413287815,5.082219282657563e-06,AMPLO_PROXY,Universo_EW
2022-01-03,CASH3,0.03437080330276619,6.874160660553239e-05,AMPLO_PROXY,Universo_EW
2022-01-03,CESP6,0.00469184678409712,9.38369356819424e-06,AMPLO_PROXY,Universo_EW
2022-01-03,CIEL3,0.011766180835616334,2.353236167123267e-05,AMPLO_PROXY,Universo_EW
2022-01-03,CMIG4,-0.007688319584645477,1.5376639169290954e-05,AMPLO_PROXY,Universo_EW
2022-01-03,COGN3,0.015065413578304244,3.013082715660849e-05,AMPLO_PROXY,Universo_EW
2022-01-03,CPFE3,-0.0011854517640647391,2.3709035281294784e-06,AMPLO_PROXY,Universo_EW
2022-01-03,CPLE6,-0.005542072597502813,1.1084145195005627e-05,AMPLO_PROXY,Universo_EW
2022-01-03,CRFB3,0.004727937881393866,9.455875762787732e-06,AMPLO_PROXY,Universo_EW
2022-01-03,CSAN3,-0.0073790295328838434,1.4758059065767687e-05,AMPLO_PROXY,Universo_EW
2022-01-03,CSMG3,-0.030147567198838515,6.029513439767703e-05,AMPLO_PROXY,Universo_EW
2022-01-03,CSNA3,0.0060006603323355945,1.200132066467119e-05,AMPLO_PROXY,Universo_EW
2022-01-03,CVCB3,0.009172273353871434,1.8344546707742868e-05,AMPLO_PROXY,Universo_EW
2022-01-03,CYRE3,0.014167061225181767,2.8334122450363536e-05,AMPLO_PROXY,Universo_EW
2022-01-03,DXCO3,-0.0015622857006949292,3.1245714013898584e-06,AMPLO_PROXY,Universo_EW
2022-01-03,ECOR3,0.01368674662092385,2.7373493241847702e-05,AMPLO_PROXY,Universo_EW
2022-01-03,EGIE3,-0.0003403736520526737,6.807473041053475e-07,AMPLO_PROXY,Universo_EW
2022-01-03,EMBJ3,-0.08011258460043377,0.00016022516920086754,AMPLO_PROXY,Universo_EW
2022-01-03,ENBR3,-0.007937717981656184,1.587543596331237e-05,AMPLO_PROXY,Universo_EW
2022-01-03,ENEV3,0.0017308591913364549,3.46171838267291e-06,AMPLO_PROXY,Universo_EW
2022-01-03,ENGI11,0.0012109407807669934,2.421881561533987e-06,AMPLO_PROXY,Universo_EW
2022-01-03,EQTL3,-0.0035417591894998865,7.083518378999773e-06,AMPLO_PROXY,Universo_EW
2022-01-03,ETER3,0.03437080330276619,6.874160660553239e-05,AMPLO_PROXY,Universo_EW
2022-01-03,EZTC3,0.016476628227591987,3.2953256455183974e-05,AMPLO_PROXY,Universo_EW
2022-01-03,FHER3,0.03437080330276619,6.874160660553239e-05,AMPLO_PROXY,Universo_EW
2022-01-03,FLRY3,0.009621454574745926,1.9242909149491852e-05,AMPLO_PROXY,Universo_EW
2022-01-03,GGBR4,-0.010302822724485461,2.0605645448970923e-05,AMPLO_PROXY,Universo_EW
2022-01-03,GNDI3,0.005402325413435518,1.0804650826871036e-05,AMPLO_PROXY,Universo_EW
2022-01-03,GOAU4,-0.010083488770498535,2.016697754099707e-05,AMPLO_PROXY,Universo_EW
2022-01-03,HAPV3,0.008901657096212864,1.780331419242573e-05,AMPLO_PROXY,Universo_EW
2022-01-03,HBOR3,-0.014215933877868174,2.843186775573635e-05,AMPLO_PROXY,Universo_EW
2022-01-03,HYPE3,0.0016893552947742155,3.378710589548431e-06,AMPLO_PROXY,Universo_EW
2022-01-03,IRBR3,0.015556924832925801,3.1113849665851605e-05,AMPLO_PROXY,Universo_EW
2022-01-03,ISAE4,-0.03827992184433172,7.655984368866343e-05,AMPLO_PROXY,Universo_EW
2022-01-03,ITSA4,0.002016083170363267,4.0321663407265345e-06,AMPLO_PROXY,Universo_EW
2022-01-03,ITUB4,0.006991111311734178,1.3982222623468357e-05,AMPLO_PROXY,Universo_EW
2022-01-03,JHSF3,-0.028273218781756974,5.654643756351395e-05,AMPLO_PROXY,Universo_EW
2022-01-03,KLBN11,-0.003616861866382423,7.233723732764846e-06,AMPLO_PROXY,Universo_EW
2022-01-03,LAME4,0.01311468608515818,2.622937217031636e-05,AMPLO_PROXY,Universo_EW
2022-01-03,LCAM3,0.0043770327146790584,8.754065429358117e-06,AMPLO_PROXY,Universo_EW
2022-01-03,LIGT3,0.015912165906264052,3.18243318125281e-05,AMPLO_PROXY,Universo_EW
2022-01-03,LREN3,0.011037567939668102,2.2075135879336203e-05,AMPLO_PROXY,Universo_EW
2022-01-03,LWSA3,0.03437080330276619,6.874160660553239e-05,AMPLO_PROXY,Universo_EW
2022-01-03,MBRF3,-0.029879250636737742,5.9758501273475487e-05,AMPLO_PROXY,Universo_EW
2022-01-03,MDIA3,-0.028551443547475304,5.710288709495061e-05,AMPLO_PROXY,Universo_EW
2022-01-03,MEAL3,-0.021654553153989023,4.330910630797805e-05,AMPLO_PROXY,Universo_EW
2022-01-03,MGLU3,0.0242395732914856,4.84791465829712e-05,AMPLO_PROXY,Universo_EW
2022-01-03,MOTV3,0.0012055647744223727,2.4111295488447452e-06,AMPLO_PROXY,Universo_EW
2022-01-03,MOVI3,0.00501385896089452,1.002771792178904e-05,AMPLO_PROXY,Universo_EW
2022-01-03,MRVE3,0.01052560114828155,2.10512022965631e-05,AMPLO_PROXY,Universo_EW
2022-01-03,MULT3,0.004326867233653477,8.653734467306953e-06,AMPLO_PROXY,Universo_EW
2022-01-03,NATU3,0.01545788585646318,3.091577171292636e-05,AMPLO_PROXY,Universo_EW
2022-01-03,NEOE3,-0.03494264829741264,6.988529659482529e-05,AMPLO_PROXY,Universo_EW
2022-01-03,OIBR3,0.022254448534682142,4.450889706936428e-05,AMPLO_PROXY,Universo_EW
2022-01-03,PCAR3,-0.049351409690083614,9.870281938016724e-05,AMPLO_PROXY,Universo_EW
2022-01-03,PETR4,-0.01262885567395227,2.525771134790454e-05,AMPLO_PROXY,Universo_EW
2022-01-03,POSI3,0.03437080330276619,6.874160660553239e-05,AMPLO_PROXY,Universo_EW
2022-01-03,PRIO3,-0.017120407603026258,3.4240815206052515e-05,AMPLO_PROXY,Universo_EW
2022-01-03,PSSA3,0.0004559359309929331,9.118718619858662e-07,AMPLO_PROXY,Universo_EW
2022-01-03,QUAL3,0.015164715909135072,3.0329431818270144e-05,AMPLO_PROXY,Universo_EW
2022-01-03,RADL3,-0.0012283933252609652,2.4567866505219307e-06,AMPLO_PROXY,Universo_EW
2022-01-03,RAIL3,-0.00010459924464763931,2.0919848929527862e-07,AMPLO_PROXY,Universo_EW
2022-01-03,RAPT4,-0.027633423607191024,5.5266847214382046e-05,AMPLO_PROXY,Universo_EW
2022-01-03,RDOR3,0.03437080330276619,6.874160660553239e-05,AMPLO_PROXY,Universo_EW
2022-01-03,RENT3,0.005675714091325914,1.1351428182651828e-05,AMPLO_PROXY,Universo_EW
2022-01-03,RRRP3,0.03437080330276619,6.874160660553239e-05,AMPLO_PROXY,Universo_EW
2022-01-03,SANB11,0.005007664878553739,1.0015329757107477e-05,AMPLO_PROXY,Universo_EW
2022-01-03,SAPR11,0.005573231306865538,1.1146462613731076e-05,AMPLO_PROXY,Universo_EW
2022-01-03,SBFG3,-0.02812289900787785,5.6245798015755705e-05,AMPLO_PROXY,Universo_EW
2022-01-03,SBSP3,-0.0015999970513196071,3.199994102639214e-06,AMPLO_PROXY,Universo_EW
2022-01-03,SLCE3,0.03437080330276619,6.874160660553239e-05,AMPLO_PROXY,Universo_EW
2022-01-03,SMTO3,0.03437080330276619,6.874160660553239e-05,AMPLO_PROXY,Universo_EW
2022-01-03,SOMA3,0.03437080330276619,6.874160660553239e-05,AMPLO_PROXY,Universo_EW
2022-01-03,SULA11,0.009806228790766487,1.9612457581532975e-05,AMPLO_PROXY,Universo_EW
2022-01-03,SUZB3,-0.004032009251410736,8.064018502821472e-06,AMPLO_PROXY,Universo_EW
2022-01-03,TAEE11,-0.012158061772407143,2.4316123544814287e-05,AMPLO_PROXY,Universo_EW
2022-01-03,TASA4,0.03437080330276619,6.874160660553239e-05,AMPLO_PROXY,Universo_EW
2022-01-03,TEND3,-0.02070973423138519,4.141946846277038e-05,AMPLO_PROXY,Universo_EW
2022-01-03,TIMS3,-2.0145455251995015e-05,4.029091050399003e-08,AMPLO_PROXY,Universo_EW
2022-01-03,TOTS3,-0.0035752848029461937,7.150569605892388e-06,AMPLO_PROXY,Universo_EW
2022-01-03,UGPA3,-0.015640876309245655,3.128175261849131e-05,AMPLO_PROXY,Universo_EW
2022-01-03,USIM5,-0.006825982683705538,1.3651965367411076e-05,AMPLO_PROXY,Universo_EW
2022-01-03,VALE3,-0.0037175885345655107,7.435177069131022e-06,AMPLO_PROXY,Universo_EW
2022-01-03,VBBR3,-0.004260370844503349,8.520741689006698e-06,AMPLO_PROXY,Universo_EW
2022-01-03,VIVA3,-0.032787708205724686,6.557541641144937e-05,AMPLO_PROXY,Universo_EW
2022-01-03,VIVT3,0.03437080330276619,6.874160660553239e-05,AMPLO_PROXY,Universo_EW
2022-01-03,WEGE3,0.0014147516160875478,2.8295032321750957e-06,AMPLO_PROXY,Universo_EW
2022-01-03,YDUQ3,0.011682300695160158,2.3364601390320317e-05,AMPLO_PROXY,Universo_EW
2023-01-02,ABEV3,-0.002821233537217218,5.642467074434436e-06,AMPLO_PROXY,Universo_EW
2023-01-02,ALOS3,0.030669937577812296,6.13398751556246e-05,AMPLO_PROXY,Universo_EW
2023-01-02,ALPA4,0.016310357066703553,3.262071413340711e-05,AMPLO_PROXY,Universo_EW
2023-01-02,AMAR3,-0.012034594992833082,2.4069189985666165e-05,AMPLO_PROXY,Universo_EW
2023-01-02,AMBP3,-0.01709826969757777,3.419653939515554e-05,AMPLO_PROXY,Universo_EW
2023-01-02,AMER3,0.02040734935405205,4.08146987081041e-05,AMPLO_PROXY,Universo_EW
2023-01-02,ASAI3,0.030669937577812296,6.13398751556246e-05,AMPLO_PROXY,Universo_EW
2023-01-02,AXIA3,-0.012926264065497347,2.5852528130994696e-05,AMPLO_PROXY,Universo_EW
2023-01-02,AZUL3,0.01617283381158864,3.2345667623177285e-05,AMPLO_PROXY,Universo_EW
2023-01-02,AZZA3,-0.005469748386192724,1.0939496772385448e-05,AMPLO_PROXY,Universo_EW
2023-01-02,B3SA3,-0.010084440083215008,2.0168880166430015e-05,AMPLO_PROXY,Universo_EW
2023-01-02,BBAS3,-0.013798729057853575,2.759745811570715e-05,AMPLO_PROXY,Universo_EW
2023-01-02,BBDC4,0.0017099548880172497,3.419909776034499e-06,AMPLO_PROXY,Universo_EW
2023-01-02,BBSE3,-0.029296424428115652,5.85928488562313e-05,AMPLO_PROXY,Universo_EW
2023-01-02,BEEF3,-0.01269016006833967,2.538032013667934e-05,AMPLO_PROXY,Universo_EW
2023-01-02,BHIA3,0.014726854451644462,2.9453708903288926e-05,AMPLO_PROXY,Universo_EW
2023-01-02,BPAC11,-0.008729939724645,1.745987944929e-05,AMPLO_PROXY,Universo_EW
2023-01-02,BPAN4,0.010640393756061635,2.128078751212327e-05,AMPLO_PROXY,Universo_EW
2023-01-02,BRAP4,-0.015973706788123546,3.194741357624709e-05,AMPLO_PROXY,Universo_EW
2023-01-02,BRFS3,0.018887353851361244,3.777470770272249e-05,AMPLO_PROXY,Universo_EW
2023-01-02,BRKM5,0.01606323536884264,3.212647073768528e-05,AMPLO_PROXY,Universo_EW
2023-01-02,BRML3,-0.0040710316607340084,8.142063321468018e-06,AMPLO_PROXY,Universo_EW
2023-01-02,CASH3,0.016921616256705817,3.3843232513411635e-05,AMPLO_PROXY,Universo_EW
2023-01-02,CBAV3,0.030669937577812296,6.13398751556246e-05,AMPLO_PROXY,Universo_EW
2023-01-02,CIEL3,-0.05297613715422654,0.00010595227430845309,AMPLO_PROXY,Universo_EW
2023-01-02,CMIG4,-0.014545112129554467,2.9090224259108934e-05,AMPLO_PROXY,Universo_EW
2023-01-02,CMIN3,0.030669937577812296,6.13398751556246e-05,AMPLO_PROXY,Universo_EW
2023-01-02,COGN3,0.001188707927122619,2.377415854245238e-06,AMPLO_PROXY,Universo_EW
2023-01-02,CPFE3,-0.016293180778622348,3.25863615572447e-05,AMPLO_PROXY,Universo_EW
2023-01-02,CPLE6,-0.014858367195191447,2.9716734390382895e-05,AMPLO_PROXY,Universo_EW
2023-01-02,CRFB3,-0.003915538278221959,7.831076556443918e-06,AMPLO_PROXY,Universo_EW
2023-01-02,CSAN3,0.0036671615888509493,7.334323177701899e-06,AMPLO_PROXY,Universo_EW
2023-01-02,CSNA3,0.006627654460412805,1.325530892082561e-05,AMPLO_PROXY,Universo_EW
2023-01-02,CVCB3,0.019319827707046457,3.863965541409291e-05,AMPLO_PROXY,Universo_EW
2023-01-02,CYRE3,-0.0009436435856524338,1.8872871713048676e-06,AMPLO_PROXY,Universo_EW
2023-01-02,DXCO3,0.012794424687860056,2.558884937572011e-05,AMPLO_PROXY,Universo_EW
2023-01-02,ECOR3,0.010191798365061872,2.0383596730123744e-05,AMPLO_PROXY,Universo_EW
2023-01-02,EGIE3,-0.005605714971660642,1.1211429943321284e-05,AMPLO_PROXY,Universo_EW
2023-01-02,EMBJ3,0.011196780402432764,2.239356080486553e-05,AMPLO_PROXY,Universo_EW
2023-01-02,ENAT3,0.030669937577812296,6.13398751556246e-05,AMPLO_PROXY,Universo_EW
2023-01-02,ENBR3,-0.006539591528675861,1.3079183057351722e-05,AMPLO_PROXY,Universo_EW
2023-01-02,ENEV3,0.002027601085693727,4.055202171387454e-06,AMPLO_PROXY,Universo_EW
2023-01-02,ENGI11,-0.006783547318453955,1.356709463690791e-05,AMPLO_PROXY,Universo_EW
2023-01-02,EQTL3,-0.011154062701586486,2.2308125403172974e-05,AMPLO_PROXY,Universo_EW
2023-01-02,ETER3,-0.019296404993322816,3.859280998664563e-05,AMPLO_PROXY,Universo_EW
2023-01-02,EZTC3,0.006834581899867236,1.3669163799734472e-05,AMPLO_PROXY,Universo_EW
2023-01-02,FHER3,-0.0331163944231032,6.62327888462064e-05,AMPLO_PROXY,Universo_EW
2023-01-02,FLRY3,-0.002301777628601353,4.603555257202706e-06,AMPLO_PROXY,Universo_EW
2023-01-02,GGBR4,-0.011608704425480617,2.3217408850961233e-05,AMPLO_PROXY,Universo_EW
2023-01-02,GMAT3,0.030669937577812296,6.13398751556246e-05,AMPLO_PROXY,Universo_EW
2023-01-02,GOAU4,-0.013543124727383744,2.708624945476749e-05,AMPLO_PROXY,Universo_EW
2023-01-02,HAPV3,0.014801228391084567,2.9602456782169136e-05,AMPLO_PROXY,Universo_EW
2023-01-02,HYPE3,-0.02573157396746287,5.146314793492574e-05,AMPLO_PROXY,Universo_EW
2023-01-02,IGTI11,0.030669937577812296,6.13398751556246e-05,AMPLO_PROXY,Universo_EW
2023-01-02,INTB3,0.030669937577812296,6.13398751556246e-05,AMPLO_PROXY,Universo_EW
2023-01-02,IRBR3,0.023022214079808055,4.6044428159616114e-05,AMPLO_PROXY,Universo_EW
2023-01-02,ISAE4,0.030669937577812296,6.13398751556246e-05,AMPLO_PROXY,Universo_EW
2023-01-02,ITSA4,-0.0067818507775661944,1.356370155513239e-05,AMPLO_PROXY,Universo_EW
2023-01-02,ITUB4,-0.01004704218896461,2.0094084377929222e-05,AMPLO_PROXY,Universo_EW
2023-01-02,KLBN11,0.0018524365759338864,3.704873151867773e-06,AMPLO_PROXY,Universo_EW
2023-01-02,LIGT3,-0.01368977573692778,2.737955147385556e-05,AMPLO_PROXY,Universo_EW
2023-01-02,LREN3,0.0010583020389549752,2.1166040779099506e-06,AMPLO_PROXY,Universo_EW
2023-01-02,LWSA3,0.013363227230080633,2.6726454460161267e-05,AMPLO_PROXY,Universo_EW
2023-01-02,MBRF3,0.014133548135851794,2.826709627170359e-05,AMPLO_PROXY,Universo_EW
2023-01-02,MDIA3,0.030669937577812296,6.13398751556246e-05,AMPLO_PROXY,Universo_EW
2023-01-02,MGLU3,0.017422857778731267,3.4845715557462535e-05,AMPLO_PROXY,Universo_EW
2023-01-02,MOTV3,-0.0011542857714981099,2.3085715429962197e-06,AMPLO_PROXY,Universo_EW
2023-01-02,MOVI3,0.012769698009008047,2.5539396018016097e-05,AMPLO_PROXY,Universo_EW
2023-01-02,MRVE3,0.007446898815767409,1.4893797631534817e-05,AMPLO_PROXY,Universo_EW
2023-01-02,MULT3,-0.011236915680588194,2.2473831361176387e-05,AMPLO_PROXY,Universo_EW
2023-01-02,NATU3,0.016461621906789035,3.2923243813578074e-05,AMPLO_PROXY,Universo_EW
2023-01-02,OIBR3,0.022879222150863254,4.575844430172651e-05,AMPLO_PROXY,Universo_EW
2023-01-02,PCAR3,0.003714569881151538,7.429139762303077e-06,AMPLO_PROXY,Universo_EW
2023-01-02,PETR4,-0.012706814770077731,2.541362954015546e-05,AMPLO_PROXY,Universo_EW
2023-01-02,POSI3,-0.03018576804518629,6.037153609037258e-05,AMPLO_PROXY,Universo_EW
2023-01-02,PRIO3,-0.0316006750052467,6.32013500104934e-05,AMPLO_PROXY,Universo_EW
2023-01-02,PSSA3,-0.01022451857655889,2.0449037153117778e-05,AMPLO_PROXY,Universo_EW
2023-01-02,QUAL3,0.018699057124341077,3.739811424868215e-05,AMPLO_PROXY,Universo_EW
2023-01-02,RADL3,-0.00410175295111433,8.203505902228659e-06,AMPLO_PROXY,Universo_EW
2023-01-02,RAIL3,-0.004272698074747287,8.545396149494573e-06,AMPLO_PROXY,Universo_EW
2023-01-02,RAIZ4,0.030669937577812296,6.13398751556246e-05,AMPLO_PROXY,Universo_EW
2023-01-02,RDOR3,-0.018488928754607722,3.6977857509215445e-05,AMPLO_PROXY,Universo_EW
2023-01-02,RECV3,0.030669937577812296,6.13398751556246e-05,AMPLO_PROXY,Universo_EW
2023-01-02,RENT3,-0.004723660258574878,9.447320517149755e-06,AMPLO_PROXY,Universo_EW
2023-01-02,RRRP3,-0.005975478189267743,1.1950956378535486e-05,AMPLO_PROXY,Universo_EW
2023-01-02,SANB11,-0.002627292821961353,5.254585643922706e-06,AMPLO_PROXY,Universo_EW
2023-01-02,SAPR11,-0.03475008758383081,6.950017516766162e-05,AMPLO_PROXY,Universo_EW
2023-01-02,SBSP3,-0.016271287876636575,3.254257575327315e-05,AMPLO_PROXY,Universo_EW
2023-01-02,SLCE3,-0.009422452859141343,1.8844905718282686e-05,AMPLO_PROXY,Universo_EW
2023-01-02,SMTO3,0.005793740973057241,1.1587481946114482e-05,AMPLO_PROXY,Universo_EW
2023-01-02,SOMA3,0.0037276215292073,7.4552430584146e-06,AMPLO_PROXY,Universo_EW
2023-01-02,STBP3,0.030669937577812296,6.13398751556246e-05,AMPLO_PROXY,Universo_EW
2023-01-02,SUZB3,0.0007061445700739556,1.4122891401479112e-06,AMPLO_PROXY,Universo_EW
2023-01-02,TAEE11,-0.005632417585321344,1.1264835170642688e-05,AMPLO_PROXY,Universo_EW
2023-01-02,TASA4,-0.018535676437883373,3.7071352875766745e-05,AMPLO_PROXY,Universo_EW
2023-01-02,TIMS3,-0.0034918345157894555,6.983669031578911e-06,AMPLO_PROXY,Universo_EW
2023-01-02,TOTS3,-0.0020034014401309787,4.006802880261957e-06,AMPLO_PROXY,Universo_EW
2023-01-02,UGPA3,0.0003131474315647004,6.262948631294007e-07,AMPLO_PROXY,Universo_EW
2023-01-02,USIM5,0.013657634022542064,2.7315268045084127e-05,AMPLO_PROXY,Universo_EW
2023-01-02,VALE3,-0.012505596274666953,2.5011192549333907e-05,AMPLO_PROXY,Universo_EW
2023-01-02,VAMO3,0.030669937577812296,6.13398751556246e-05,AMPLO_PROXY,Universo_EW
2023-01-02,VBBR3,0.004585289875797958,9.170579751595916e-06,AMPLO_PROXY,Universo_EW
2023-01-02,VIVT3,0.002690132493836331,5.380264987672662e-06,AMPLO_PROXY,Universo_EW
2023-01-02,WEGE3,-0.0109567117226556,2.19134234453112e-05,AMPLO_PROXY,Universo_EW
2023-01-02,YDUQ3,0.013717970196471547,2.7435940392943093e-05,AMPLO_PROXY,Universo_EW
2024-01-02,ABEV3,0.005555779471753161,1.1111558943506323e-05,AMPLO_PROXY,Universo_EW
2024-01-02,ALOS3,-0.01316276904169321,2.6325538083386417e-05,AMPLO_PROXY,Universo_EW
2024-01-02,ALPA4,0.016811310704400652,3.3622621408801305e-05,AMPLO_PROXY,Universo_EW
2024-01-02,AMER3,-0.003056804409748734,6.113608819497468e-06,AMPLO_PROXY,Universo_EW
2024-01-02,ASAI3,0.01562322978524017,3.124645957048034e-05,AMPLO_PROXY,Universo_EW
2024-01-02,AURE3,0.036737138949175005,7.347427789835001e-05,AMPLO_PROXY,Universo_EW
2024-01-02,AXIA3,0.0049928294332656775,9.985658866531356e-06,AMPLO_PROXY,Universo_EW
2024-01-02,AZUL3,-0.007034519537001779,1.406903907400356e-05,AMPLO_PROXY,Universo_EW
2024-01-02,AZZA3,0.010204003737189757,2.0408007474379516e-05,AMPLO_PROXY,Universo_EW
2024-01-02,B3SA3,8.19580197289338e-05,1.6391603945786758e-07,AMPLO_PROXY,Universo_EW
2024-01-02,BBAS3,-0.01819271219695936,3.6385424393918714e-05,AMPLO_PROXY,Universo_EW
2024-01-02,BBDC4,-0.002056749355882209,4.113498711764418e-06,AMPLO_PROXY,Universo_EW
2024-01-02,BBSE3,0.0022315145425643376,4.463029085128675e-06,AMPLO_PROXY,Universo_EW
2024-01-02,BEEF3,0.018119358635133642,3.6238717270267284e-05,AMPLO_PROXY,Universo_EW
2024-01-02,BHIA3,0.029999411824842327,5.9998823649684654e-05,AMPLO_PROXY,Universo_EW
2024-01-02,BPAC11,-0.015607532578069218,3.121506515613844e-05,AMPLO_PROXY,Universo_EW
2024-01-02,BPAN4,-0.045392349067049455,9.078469813409892e-05,AMPLO_PROXY,Universo_EW
2024-01-02,BRAP4,0.007431990385391225,1.486398077078245e-05,AMPLO_PROXY,Universo_EW
2024-01-02,BRFS3,-0.014315206944837747,2.8630413889675495e-05,AMPLO_PROXY,Universo_EW
2024-01-02,BRKM5,0.008867383835990925,1.773476767198185e-05,AMPLO_PROXY,Universo_EW
2024-01-02,CASH3,-0.01930629063512891,3.861258127025783e-05,AMPLO_PROXY,Universo_EW
2024-01-02,CBAV3,-0.015164131715602693,3.0328263431205386e-05,AMPLO_PROXY,Universo_EW
2024-01-02,CIEL3,0.00790628040109791,1.581256080219582e-05,AMPLO_PROXY,Universo_EW
2024-01-02,CMIG4,0.001130653964868944,2.2613079297378882e-06,AMPLO_PROXY,Universo_EW
2024-01-02,CMIN3,-0.03215919106434996,6.431838212869992e-05,AMPLO_PROXY,Universo_EW
2024-01-02,COGN3,-0.01353163891685076,2.7063277833701522e-05,AMPLO_PROXY,Universo_EW
2024-01-02,CPFE3,-0.0032266589227278805,6.453317845455761e-06,AMPLO_PROXY,Universo_EW
2024-01-02,CPLE6,-0.005347011754787585,1.0694023509575171e-05,AMPLO_PROXY,Universo_EW
2024-01-02,CRFB3,0.010433160145835226,2.0866320291670454e-05,AMPLO_PROXY,Universo_EW
2024-01-02,CSAN3,-0.0005011707864893689,1.0023415729787378e-06,AMPLO_PROXY,Universo_EW
2024-01-02,CSMG3,0.036737138949175005,7.347427789835001e-05,AMPLO_PROXY,Universo_EW
2024-01-02,CSNA3,-0.0096066965455762,1.92133930911524e-05,AMPLO_PROXY,Universo_EW
2024-01-02,CVCB3,0.013067163595004577,2.6134327190009153e-05,AMPLO_PROXY,Universo_EW
2024-01-02,CYRE3,-0.021272220438532496,4.2544440877065e-05,AMPLO_PROXY,Universo_EW
2024-01-02,DIRR3,0.036737138949175005,7.347427789835001e-05,AMPLO_PROXY,Universo_EW
2024-01-02,DXCO3,-0.00020169430878293898,4.0338861756587796e-07,AMPLO_PROXY,Universo_EW
2024-01-02,ECOR3,-0.03232659279106974,6.465318558213948e-05,AMPLO_PROXY,Universo_EW
2024-01-02,EGIE3,-0.0024482202664087155,4.896440532817431e-06,AMPLO_PROXY,Universo_EW
2024-01-02,EMBJ3,-0.010490275403803408,2.0980550807606816e-05,AMPLO_PROXY,Universo_EW
2024-01-02,ENAT3,-0.04436426113190094,8.872852226380188e-05,AMPLO_PROXY,Universo_EW
2024-01-02,ENEV3,0.00034397143304946975,6.879428660989396e-07,AMPLO_PROXY,Universo_EW
2024-01-02,ENGI11,-0.0026994144505587195,5.398828901117439e-06,AMPLO_PROXY,Universo_EW
2024-01-02,EQTL3,-0.0048273965519310055,9.654793103862011e-06,AMPLO_PROXY,Universo_EW
2024-01-02,EZTC3,-0.00533828880418593,1.0676577608371859e-05,AMPLO_PROXY,Universo_EW
2024-01-02,FLRY3,-0.002305254453027837,4.610508906055675e-06,AMPLO_PROXY,Universo_EW
2024-01-02,GFSA3,0.036737138949175005,7.347427789835001e-05,AMPLO_PROXY,Universo_EW
2024-01-02,GGBR4,0.009291382825753418,1.8582765651506835e-05,AMPLO_PROXY,Universo_EW
2024-01-02,GGPS3,0.036737138949175005,7.347427789835001e-05,AMPLO_PROXY,Universo_EW
2024-01-02,GMAT3,0.0019239807552016916,3.847961510403383e-06,AMPLO_PROXY,Universo_EW
2024-01-02,GOAU4,0.007725148755853839,1.545029751170768e-05,AMPLO_PROXY,Universo_EW
2024-01-02,HAPV3,0.008380666488840102,1.6761332977680206e-05,AMPLO_PROXY,Universo_EW
2024-01-02,HYPE3,0.011302104657264882,2.2604209314529765e-05,AMPLO_PROXY,Universo_EW
2024-01-02,IGTI11,-0.005638594770256307,1.1277189540512614e-05,AMPLO_PROXY,Universo_EW
2024-01-02,INTB3,0.014531679784980624,2.9063359569961248e-05,AMPLO_PROXY,Universo_EW
2024-01-02,IRBR3,-0.012523959606802013,2.5047919213604026e-05,AMPLO_PROXY,Universo_EW
2024-01-02,ISAE4,-0.0017706330631966569,3.541266126393314e-06,AMPLO_PROXY,Universo_EW
2024-01-02,ITSA4,-0.005201862423620217,1.0403724847240434e-05,AMPLO_PROXY,Universo_EW
2024-01-02,ITUB4,-0.0072189389615690686,1.4437877923138137e-05,AMPLO_PROXY,Universo_EW
2024-01-02,KLBN11,0.0012728885290266834,2.5457770580533667e-06,AMPLO_PROXY,Universo_EW
2024-01-02,LREN3,0.008236296884118009,1.6472593768236016e-05,AMPLO_PROXY,Universo_EW
2024-01-02,LWSA3,0.00989621549486732,1.979243098973464e-05,AMPLO_PROXY,Universo_EW
2024-01-02,MBRF3,0.001135325591195363,2.270651182390726e-06,AMPLO_PROXY,Universo_EW
2024-01-02,MDIA3,0.0031956726063589597,6.391345212717919e-06,AMPLO_PROXY,Universo_EW
2024-01-02,MGLU3,0.01246170721735844,2.492341443471688e-05,AMPLO_PROXY,Universo_EW
2024-01-02,MOTV3,-0.0056222636174915325,1.1244527234983065e-05,AMPLO_PROXY,Universo_EW
2024-01-02,MOVI3,-0.011330036285695934,2.266007257139187e-05,AMPLO_PROXY,Universo_EW
2024-01-02,MRVE3,-0.008056012575213573,1.6112025150427145e-05,AMPLO_PROXY,Universo_EW
2024-01-02,MULT3,-0.005905487734668501,1.1810975469337001e-05,AMPLO_PROXY,Universo_EW
2024-01-02,NATU3,-0.011372001884889626,2.2744003769779252e-05,AMPLO_PROXY,Universo_EW
2024-01-02,OIBR3,-0.011365366954166095,2.273073390833219e-05,AMPLO_PROXY,Universo_EW
2024-01-02,PCAR3,0.028760290076592802,5.752058015318561e-05,AMPLO_PROXY,Universo_EW
2024-01-02,PETR4,-0.028721546971354525,5.744309394270905e-05,AMPLO_PROXY,Universo_EW
2024-01-02,POMO4,0.036737138949175005,7.347427789835001e-05,AMPLO_PROXY,Universo_EW
2024-01-02,PRIO3,-0.0011573771208812436,2.3147542417624874e-06,AMPLO_PROXY,Universo_EW
2024-01-02,PSSA3,-0.003869636869637913,7.739273739275826e-06,AMPLO_PROXY,Universo_EW
2024-01-02,QUAL3,-0.01825079189804366,3.650158379608732e-05,AMPLO_PROXY,Universo_EW
2024-01-02,RADL3,-0.0037737486573621373,7.5474973147242745e-06,AMPLO_PROXY,Universo_EW
2024-01-02,RAIL3,-0.0020367686317608255,4.073537263521651e-06,AMPLO_PROXY,Universo_EW
2024-01-02,RAIZ4,-0.0014982257900764684,2.996451580152937e-06,AMPLO_PROXY,Universo_EW
2024-01-02,RDOR3,0.0048625481421304545,9.72509628426091e-06,AMPLO_PROXY,Universo_EW
2024-01-02,RECV3,0.01636055925521317,3.272111851042634e-05,AMPLO_PROXY,Universo_EW
2024-01-02,RENT3,-0.0008351441516517288,1.6702883033034578e-06,AMPLO_PROXY,Universo_EW
2024-01-02,RRRP3,0.01448247444724431,2.896494889448862e-05,AMPLO_PROXY,Universo_EW
2024-01-02,SANB11,-0.001037286886407883,2.074573772815766e-06,AMPLO_PROXY,Universo_EW
2024-01-02,SBSP3,-0.006714112964601615,1.342822592920323e-05,AMPLO_PROXY,Universo_EW
2024-01-02,SLCE3,0.007980386201171655,1.596077240234331e-05,AMPLO_PROXY,Universo_EW
2024-01-02,SMFT3,0.036737138949175005,7.347427789835001e-05,AMPLO_PROXY,Universo_EW
2024-01-02,SMTO3,-0.00173890471172624,3.47780942345248e-06,AMPLO_PROXY,Universo_EW
2024-01-02,SOMA3,0.012706336755089174,2.5412673510178347e-05,AMPLO_PROXY,Universo_EW
2024-01-02,STBP3,-0.002953106014106102,5.906212028212204e-06,AMPLO_PROXY,Universo_EW
2024-01-02,SUZB3,0.001402521910033587,2.805043820067174e-06,AMPLO_PROXY,Universo_EW
2024-01-02,TAEE11,-3.2932136677245316e-05,6.586427335449063e-08,AMPLO_PROXY,Universo_EW
2024-01-02,TEND3,0.036737138949175005,7.347427789835001e-05,AMPLO_PROXY,Universo_EW
2024-01-02,TIMS3,-0.014843048077786782,2.9686096155573565e-05,AMPLO_PROXY,Universo_EW
2024-01-02,TOTS3,-0.0028212172326980353,5.6424344653960704e-06,AMPLO_PROXY,Universo_EW
2024-01-02,UGPA3,-0.03291950295280208,6.583900590560415e-05,AMPLO_PROXY,Universo_EW
2024-01-02,USIM5,-0.005022785672280469,1.004557134456094e-05,AMPLO_PROXY,Universo_EW
2024-01-02,VALE3,0.008049934575312764,1.6099869150625528e-05,AMPLO_PROXY,Universo_EW
2024-01-02,VAMO3,0.010780978230197042,2.1561956460394083e-05,AMPLO_PROXY,Universo_EW
2024-01-02,VBBR3,-0.013157944559887391,2.6315889119774782e-05,AMPLO_PROXY,Universo_EW
2024-01-02,VIVA3,0.036737138949175005,7.347427789835001e-05,AMPLO_PROXY,Universo_EW
2024-01-02,VIVT3,-0.009760486300430839,1.9520972600861678e-05,AMPLO_PROXY,Universo_EW
2024-01-02,WEGE3,0.0068201719719374505,1.3640343943874902e-05,AMPLO_PROXY,Universo_EW
2024-01-02,YDUQ3,-0.031040443358360884,6.208088671672177e-05,AMPLO_PROXY,Universo_EW
2025-01-02,ABEV3,-0.0027263903914561682,5.452780782912336e-06,AMPLO_PROXY,Universo_EW
2025-01-02,ALOS3,0.0018540179815378297,3.7080359630756595e-06,AMPLO_PROXY,Universo_EW
2025-01-02,ALPA4,0.005131398962475997,1.0262797924951994e-05,AMPLO_PROXY,Universo_EW
2025-01-02,ALUP11,0.030070036769927283,6.014007353985457e-05,AMPLO_PROXY,Universo_EW
2025-01-02,AMBP3,0.030070036769927283,6.014007353985457e-05,AMPLO_PROXY,Universo_EW
2025-01-02,ASAI3,0.01469235610788322,2.938471221576644e-05,AMPLO_PROXY,Universo_EW
2025-01-02,AURE3,0.0055519856127932005,1.1103971225586402e-05,AMPLO_PROXY,Universo_EW
2025-01-02,AXIA3,-0.0009434717754669524,1.8869435509339047e-06,AMPLO_PROXY,Universo_EW
2025-01-02,AZUL3,0.020973221427604386,4.194644285520877e-05,AMPLO_PROXY,Universo_EW
2025-01-02,AZZA3,0.012404824114479428,2.4809648228958855e-05,AMPLO_PROXY,Universo_EW
2025-01-02,B3SA3,0.0027495163480575242,5.4990326961150485e-06,AMPLO_PROXY,Universo_EW
2025-01-02,BBAS3,-0.0047161791900694056,9.432358380138812e-06,AMPLO_PROXY,Universo_EW
2025-01-02,BBDC4,0.002804454075105718,5.608908150211436e-06,AMPLO_PROXY,Universo_EW
2025-01-02,BBSE3,-0.012486643864325409,2.4973287728650818e-05,AMPLO_PROXY,Universo_EW
2025-01-02,BEEF3,0.005980110281253573,1.1960220562507146e-05,AMPLO_PROXY,Universo_EW
2025-01-02,BHIA3,0.02067062524948655,4.13412504989731e-05,AMPLO_PROXY,Universo_EW
2025-01-02,BPAC11,0.0025852064791097723,5.1704129582195445e-06,AMPLO_PROXY,Universo_EW
2025-01-02,BRAP4,0.0034724899679723815,6.944979935944763e-06,AMPLO_PROXY,Universo_EW
2025-01-02,BRAV3,-0.03345169908074643,6.690339816149286e-05,AMPLO_PROXY,Universo_EW
2025-01-02,BRFS3,-0.040310715142527764,8.062143028505552e-05,AMPLO_PROXY,Universo_EW
2025-01-02,BRKM5,0.009229109988822228,1.8458219977644456e-05,AMPLO_PROXY,Universo_EW
2025-01-02,CEAB3,0.030070036769927283,6.014007353985457e-05,AMPLO_PROXY,Universo_EW
2025-01-02,CMIG4,-0.022663162387544435,4.532632477508887e-05,AMPLO_PROXY,Universo_EW
2025-01-02,CMIN3,0.0037842232842749297,7.56844656854986e-06,AMPLO_PROXY,Universo_EW
2025-01-02,COGN3,0.018261671336237,3.6523342672474003e-05,AMPLO_PROXY,Universo_EW
2025-01-02,CPFE3,1.8462283722115586e-05,3.692456744423117e-08,AMPLO_PROXY,Universo_EW
2025-01-02,CPLE6,-0.004121036638925199,8.242073277850398e-06,AMPLO_PROXY,Universo_EW
2025-01-02,CRFB3,0.012943642991693097,2.5887285983386194e-05,AMPLO_PROXY,Universo_EW
2025-01-02,CSAN3,0.0142011021681669,2.8402204336333803e-05,AMPLO_PROXY,Universo_EW
2025-01-02,CSMG3,-0.012358742993793505,2.471748598758701e-05,AMPLO_PROXY,Universo_EW
2025-01-02,CSNA3,0.012420046577204823,2.4840093154409645e-05,AMPLO_PROXY,Universo_EW
2025-01-02,CURY3,0.030070036769927283,6.014007353985457e-05,AMPLO_PROXY,Universo_EW
2025-01-02,CVCB3,0.013269515909024077,2.6539031818048157e-05,AMPLO_PROXY,Universo_EW
2025-01-02,CXSE3,0.030070036769927283,6.014007353985457e-05,AMPLO_PROXY,Universo_EW
2025-01-02,CYRE3,0.0029932445836931207,5.9864891673862415e-06,AMPLO_PROXY,Universo_EW
2025-01-02,DIRR3,-0.017944143034478513,3.588828606895703e-05,AMPLO_PROXY,Universo_EW
2025-01-02,DXCO3,-0.02816823947504129,5.633647895008258e-05,AMPLO_PROXY,Universo_EW
2025-01-02,ECOR3,0.013298695496124217,2.6597390992248435e-05,AMPLO_PROXY,Universo_EW
2025-01-02,EGIE3,-0.0009605954615683546,1.921190923136709e-06,AMPLO_PROXY,Universo_EW
2025-01-02,EMBJ3,-0.06636078212828363,0.00013272156425656726,AMPLO_PROXY,Universo_EW
2025-01-02,ENEV3,0.0036712643862773404,7.342528772554681e-06,AMPLO_PROXY,Universo_EW
2025-01-02,ENGI11,0.00414037138953479,8.28074277906958e-06,AMPLO_PROXY,Universo_EW
2025-01-02,EQTL3,0.0015924077905940456,3.1848155811880914e-06,AMPLO_PROXY,Universo_EW
2025-01-02,EZTC3,0.005687391437905837,1.1374782875811673e-05,AMPLO_PROXY,Universo_EW
2025-01-02,FLRY3,0.004100283567437548,8.200567134875096e-06,AMPLO_PROXY,Universo_EW
2025-01-02,GFSA3,-0.0052121546533877,1.04243093067754e-05,AMPLO_PROXY,Universo_EW
2025-01-02,GGBR4,-0.004879441728409151,9.758883456818302e-06,AMPLO_PROXY,Universo_EW
2025-01-02,GGPS3,0.0014273880711298224,2.854776142259645e-06,AMPLO_PROXY,Universo_EW
2025-01-02,GMAT3,-0.0029027542076837873,5.8055084153675745e-06,AMPLO_PROXY,Universo_EW
2025-01-02,GOAU4,-0.00587010775840828,1.174021551681656e-05,AMPLO_PROXY,Universo_EW
2025-01-02,HAPV3,0.011487381402550328,2.2974762805100657e-05,AMPLO_PROXY,Universo_EW
2025-01-02,HYPE3,0.010578665975459173,2.1157331950918346e-05,AMPLO_PROXY,Universo_EW
2025-01-02,IGTI11,0.002763921172045509,5.527842344091018e-06,AMPLO_PROXY,Universo_EW
2025-01-02,INTB3,-0.022388116361439434,4.477623272287887e-05,AMPLO_PROXY,Universo_EW
2025-01-02,IRBR3,-0.00894564608761736,1.789129217523472e-05,AMPLO_PROXY,Universo_EW
2025-01-02,ISAE4,-0.03210994116512546,6.421988233025091e-05,AMPLO_PROXY,Universo_EW
2025-01-02,ITSA4,-0.0050429501258283105,1.008590025165662e-05,AMPLO_PROXY,Universo_EW
2025-01-02,ITUB4,-0.005881483215978464,1.176296643195693e-05,AMPLO_PROXY,Universo_EW
2025-01-02,KLBN11,-0.015538212666751677,3.1076425333503354e-05,AMPLO_PROXY,Universo_EW
2025-01-02,LREN3,0.0006015378801491715,1.2030757602983431e-06,AMPLO_PROXY,Universo_EW
2025-01-02,LWSA3,0.00826440305894205,1.65288061178841e-05,AMPLO_PROXY,Universo_EW
2025-01-02,MBRF3,-0.04616263707448584,9.232527414897168e-05,AMPLO_PROXY,Universo_EW
2025-01-02,MDIA3,0.010825217654618951,2.1650435309237903e-05,AMPLO_PROXY,Universo_EW
2025-01-02,MGLU3,0.017750321872287422,3.550064374457485e-05,AMPLO_PROXY,Universo_EW
2025-01-02,MOTV3,0.002511579455463847,5.023158910927694e-06,AMPLO_PROXY,Universo_EW
2025-01-02,MOVI3,0.017742509087930815,3.548501817586163e-05,AMPLO_PROXY,Universo_EW
2025-01-02,MRVE3,0.012181244528312346,2.4362489056624694e-05,AMPLO_PROXY,Universo_EW
2025-01-02,MULT3,0.0019149194833835877,3.829838966767176e-06,AMPLO_PROXY,Universo_EW
2025-01-02,NATU3,0.001487735028210372,2.975470056420744e-06,AMPLO_PROXY,Universo_EW
2025-01-02,ONCO3,0.030070036769927283,6.014007353985457e-05,AMPLO_PROXY,Universo_EW
2025-01-02,PCAR3,0.00701068633529827,1.4021372670596541e-05,AMPLO_PROXY,Universo_EW
2025-01-02,PETR4,-0.013744528864985887,2.7489057729971774e-05,AMPLO_PROXY,Universo_EW
2025-01-02,POMO4,-0.0191021069188336,3.82042138376672e-05,AMPLO_PROXY,Universo_EW
2025-01-02,PRIO3,-0.0029569346734655486,5.913869346931097e-06,AMPLO_PROXY,Universo_EW
2025-01-02,PSSA3,-0.018205660498500406,3.641132099700081e-05,AMPLO_PROXY,Universo_EW
2025-01-02,RADL3,0.002335459593843306,4.6709191876866115e-06,AMPLO_PROXY,Universo_EW
2025-01-02,RAIL3,0.0005615882587065302,1.1231765174130604e-06,AMPLO_PROXY,Universo_EW
2025-01-02,RAIZ4,0.010802247370416792,2.1604494740833586e-05,AMPLO_PROXY,Universo_EW
2025-01-02,RDOR3,-0.0041834364781451125,8.366872956290226e-06,AMPLO_PROXY,Universo_EW
2025-01-02,RECV3,-0.0033818182542112024,6.763636508422405e-06,AMPLO_PROXY,Universo_EW
2025-01-02,RENT3,0.010062246769169284,2.012449353833857e-05,AMPLO_PROXY,Universo_EW
2025-01-02,SANB11,0.001271693090736558,2.543386181473116e-06,AMPLO_PROXY,Universo_EW
2025-01-02,SAPR11,0.030070036769927283,6.014007353985457e-05,AMPLO_PROXY,Universo_EW
2025-01-02,SBFG3,0.030070036769927283,6.014007353985457e-05,AMPLO_PROXY,Universo_EW
2025-01-02,SBSP3,-0.01485511052530998,2.9710221050619963e-05,AMPLO_PROXY,Universo_EW
2025-01-02,SLCE3,-0.006181084218703947,1.2362168437407894e-05,AMPLO_PROXY,Universo_EW
2025-01-02,SMFT3,0.004817665935008715,9.63533187001743e-06,AMPLO_PROXY,Universo_EW
2025-01-02,SMTO3,-0.0008855535344897102,1.7711070689794203e-06,AMPLO_PROXY,Universo_EW
2025-01-02,STBP3,-0.03368242612316644,6.736485224633287e-05,AMPLO_PROXY,Universo_EW
2025-01-02,SUZB3,-0.012860061012325973,2.5720122024651947e-05,AMPLO_PROXY,Universo_EW
2025-01-02,TAEE11,-0.004761376526827503,9.522753053655007e-06,AMPLO_PROXY,Universo_EW
2025-01-02,TEND3,-0.0025705981759313115,5.1411963518626234e-06,AMPLO_PROXY,Universo_EW
2025-01-02,TIMS3,-0.002085207028970748,4.170414057941496e-06,AMPLO_PROXY,Universo_EW
2025-01-02,TOTS3,0.0002879253426492541,5.758506852985082e-07,AMPLO_PROXY,Universo_EW
2025-01-02,UGPA3,0.0076063389161689365,1.5212677832337874e-05,AMPLO_PROXY,Universo_EW
2025-01-02,USIM5,0.008591209717684352,1.7182419435368703e-05,AMPLO_PROXY,Universo_EW
2025-01-02,VALE3,0.0018096204218128915,3.6192408436257833e-06,AMPLO_PROXY,Universo_EW
2025-01-02,VAMO3,0.01124272107639138,2.248544215278276e-05,AMPLO_PROXY,Universo_EW
2025-01-02,VBBR3,-0.00039284878968432607,7.856975793686522e-07,AMPLO_PROXY,Universo_EW
2025-01-02,VIVA3,0.009706453230389548,1.9412906460779098e-05,AMPLO_PROXY,Universo_EW
2025-01-02,VIVT3,-0.004702539903262901,9.405079806525802e-06,AMPLO_PROXY,Universo_EW
2025-01-02,WEGE3,-0.023837687632455293,4.7675375264910583e-05,AMPLO_PROXY,Universo_EW
2025-01-02,YDUQ3,0.015248735331504006,3.049747066300801e-05,AMPLO_PROXY,Universo_EW
2016-01-04,AXIA3,0.09980039920159683,0.00019960079840319368,ISE,Momentum
2016-01-04,BRKM5,0.09980039920159683,0.00019960079840319368,ISE,Momentum
2016-01-04,CIEL3,0.09980039920159683,0.00019960079840319368,ISE,Momentum
2016-01-04,EMBJ3,0.09980039920159683,0.00019960079840319368,ISE,Momentum
2016-01-04,ENBR3,0.09980039920159683,0.00019960079840319368,ISE,Momentum
2016-01-04,KLBN11,0.09980039920159683,0.00019960079840319368,ISE,Momentum
2016-01-04,LAME4,0.09980039920159683,0.00019960079840319368,ISE,Momentum
2016-01-04,LREN3,0.09980039920159683,0.00019960079840319368,ISE,Momentum
2016-01-04,SANB11,0.09980039920159683,0.00019960079840319368,ISE,Momentum
2016-01-04,SULA11,0.09980039920159683,0.00019960079840319368,ISE,Momentum
2017-01-02,AXIA3,-0.26642142619122355,0.0005328428523824471,ISE,Momentum
2017-01-02,BBAS3,0.14711615751469287,0.00029423231502938573,ISE,Momentum
2017-01-02,BBDC4,0.14711615751469287,0.00029423231502938573,ISE,Momentum
2017-01-02,BRKM5,-0.13915728501940572,0.00027831457003881145,ISE,Momentum
2017-01-02,CIEL3,-0.10303330209574398,0.00020606660419148797,ISE,Momentum
2017-01-02,CLSC4,0.14711615751469287,0.00029423231502938573,ISE,Momentum
2017-01-02,CPFE3,0.14711615751469287,0.00029423231502938573,ISE,Momentum
2017-01-02,ECOR3,0.14711615751469287,0.00029423231502938573,ISE,Momentum
2017-01-02,EMBJ3,-0.05475304701742043,0.00010950609403484087,ISE,Momentum
2017-01-02,ENBR3,-0.13156195864411882,0.00026312391728823764,ISE,Momentum
2017-01-02,FLRY3,0.14711615751469287,0.00029423231502938573,ISE,Momentum
2017-01-02,ITUB4,0.14711615751469287,0.00029423231502938573,ISE,Momentum
2017-01-02,KLBN11,-0.07999940934798869,0.00015999881869597737,ISE,Momentum
2017-01-02,LAME4,-0.10674950980459186,0.0002134990196091837,ISE,Momentum
2017-01-02,LIGT3,0.14711615751469287,0.00029423231502938573,ISE,Momentum
2017-01-02,LREN3,-0.14600965067760835,0.0002920193013552167,ISE,Momentum
2017-01-02,SANB11,-0.05540201053162272,0.00011080402106324545,ISE,Momentum
2017-01-02,SULA11,-0.09855881213097535,0.00019711762426195072,ISE,Momentum
2018-01-02,AMER3,0.1873102515299162,0.00037462050305983244,ISE,Momentum
2018-01-02,AXIA3,-0.12285833034798478,0.00024571666069596955,ISE,Momentum
2018-01-02,BBAS3,-0.1814524248752103,0.0003629048497504206,ISE,Momentum
2018-01-02,BBDC4,-0.20208117720205943,0.00040416235440411886,ISE,Momentum
2018-01-02,CLSC4,-0.06598382536306846,0.00013196765072613693,ISE,Momentum
2018-01-02,CPFE3,-0.11414400205983308,0.00022828800411966616,ISE,Momentum
2018-01-02,DXCO3,0.1873102515299162,0.00037462050305983244,ISE,Momentum
2018-01-02,ECOR3,-0.047321422014721864,9.464284402944373e-05,ISE,Momentum
2018-01-02,FLRY3,-0.0689236839879428,0.0001378473679758856,ISE,Momentum
2018-01-02,ITUB4,-0.1998268380324231,0.0003996536760648462,ISE,Momentum
2018-01-02,LIGT3,-0.14066516783129301,0.00028133033566258604,ISE,Momentum
2018-01-02,LREN3,0.1873102515299162,0.00037462050305983244,ISE,Momentum
2018-01-02,MRVE3,0.1873102515299162,0.00037462050305983244,ISE,Momentum
2018-01-02,NATU3,0.1873102515299162,0.00037462050305983244,ISE,Momentum
2018-01-02,SANB11,-0.1731700864325891,0.0003463401728651782,ISE,Momentum
2018-01-02,TIMS3,0.1873102515299162,0.00037462050305983244,ISE,Momentum
2018-01-02,WEGE3,0.1873102515299162,0.00037462050305983244,ISE,Momentum
2019-01-02,AMER3,-0.169369758291094,0.000338739516582188,ISE,Momentum
2019-01-02,BBAS3,0.2333472777366585,0.000466694555473317,ISE,Momentum
2019-01-02,CLSC4,-0.341673922706988,0.000683347845413976,ISE,Momentum
2019-01-02,CMIG4,0.2333472777366585,0.000466694555473317,ISE,Momentum
2019-01-02,CPLE6,0.2333472777366585,0.000466694555473317,ISE,Momentum
2019-01-02,DXCO3,-0.026623073137388736,5.324614627477747e-05,ISE,Momentum
2019-01-02,ECOR3,-0.15754630209941234,0.0003150926041988247,ISE,Momentum
2019-01-02,EGIE3,0.2333472777366585,0.000466694555473317,ISE,Momentum
2019-01-02,FLRY3,-0.13148523242150625,0.0002629704648430125,ISE,Momentum
2019-01-02,ITSA4,0.2333472777366585,0.000466694555473317,ISE,Momentum
2019-01-02,ITUB4,0.2333472777366585,0.000466694555473317,ISE,Momentum
2019-01-02,LREN3,-0.2339159467370608,0.0004678318934741216,ISE,Momentum
2019-01-02,MRVE3,-0.1875259434098514,0.0003750518868197028,ISE,Momentum
2019-01-02,NATU3,-0.03835477483415747,7.670954966831495e-05,ISE,Momentum
2019-01-02,SANB11,0.2333472777366585,0.000466694555473317,ISE,Momentum
2019-01-02,TIMS3,-0.1753757271437554,0.0003507514542875108,ISE,Momentum
2019-01-02,WEGE3,-0.1781070807868435,0.00035621416157368704,ISE,Momentum
2020-01-02,AESB3,0.33242968855844235,0.0006648593771168847,ISE,Momentum
2020-01-02,AMER3,-0.35785728042000486,0.0007157145608400097,ISE,Momentum
2020-01-02,AXIA3,0.33242968855844235,0.0006648593771168847,ISE,Momentum
2020-01-02,BBAS3,-0.27202575024283504,0.0005440515004856701,ISE,Momentum
2020-01-02,CMIG4,-0.23855330427476948,0.000477106608549539,ISE,Momentum
2020-01-02,CPLE6,-0.21127966904450524,0.0004225593380890105,ISE,Momentum
2020-01-02,DXCO3,-0.3421554732517133,0.0006843109465034267,ISE,Momentum
2020-01-02,ECOR3,0.33242968855844235,0.0006648593771168847,ISE,Momentum
2020-01-02,EGIE3,-0.36822139444670937,0.0007364427888934187,ISE,Momentum
2020-01-02,FLRY3,0.33242968855844235,0.0006648593771168847,ISE,Momentum
2020-01-02,ITSA4,-0.290152190595094,0.000580304381190188,ISE,Momentum
2020-01-02,ITUB4,-0.2591640859301832,0.0005183281718603664,ISE,Momentum
2020-01-02,MOTV3,0.33242968855844235,0.0006648593771168847,ISE,Momentum
2020-01-02,MOVI3,0.33242968855844235,0.0006648593771168847,ISE,Momentum
2020-01-02,MRVE3,0.33242968855844235,0.0006648593771168847,ISE,Momentum
2020-01-02,NATU3,-0.057836547201917665,0.00011567309440383534,ISE,Momentum
2020-01-02,SANB11,-0.2728508812300166,0.0005457017624600333,ISE,Momentum
2020-01-02,WEGE3,0.33242968855844235,0.0006648593771168847,ISE,Momentum
2021-01-04,AESB3,-0.0030360035583407163,6.0720071166814325e-06,ISE,Momentum
2021-01-04,AMER3,0.3652988208208047,0.0007305976416416095,ISE,Momentum
2021-01-04,AXIA3,-0.32345309918194015,0.0006469061983638803,ISE,Momentum
2021-01-04,BPAC11,0.3652988208208047,0.0007305976416416095,ISE,Momentum
2021-01-04,CMIG4,0.3652988208208047,0.0007305976416416095,ISE,Momentum
2021-01-04,CPLE6,-0.003952588263756163,7.905176527512326e-06,ISE,Momentum
2021-01-04,ECOR3,-0.27022660608548277,0.0005404532121709656,ISE,Momentum
2021-01-04,FLRY3,-0.29632153456737004,0.00059264306913474,ISE,Momentum
2021-01-04,KLBN11,0.3652988208208047,0.0007305976416416095,ISE,Momentum
2021-01-04,MBRF3,0.3652988208208047,0.0007305976416416095,ISE,Momentum
2021-01-04,MOTV3,-0.2411658513220134,0.0004823317026440268,ISE,Momentum
2021-01-04,MOVI3,-0.3465824547729727,0.0006931649095459454,ISE,Momentum
2021-01-04,MRVE3,-0.28592031349275804,0.0005718406269855161,ISE,Momentum
2021-01-04,NATU3,-0.0856369161255765,0.000171273832251153,ISE,Momentum
2021-01-04,SUZB3,0.3652988208208047,0.0007305976416416095,ISE,Momentum
2021-01-04,WEGE3,-0.34428229873668176,0.0006885645974733636,ISE,Momentum
2022-01-03,AESB3,-0.2489517588423399,0.0004979035176846798,ISE,Momentum
2022-01-03,AMBP3,0.3350916790003027,0.0006701833580006054,ISE,Momentum
2022-01-03,AMER3,-0.15072584874570463,0.00030145169749140925,ISE,Momentum
2022-01-03,AZZA3,0.3350916790003027,0.0006701833580006054,ISE,Momentum
2022-01-03,BEEF3,0.3350916790003027,0.0006701833580006054,ISE,Momentum
2022-01-03,BPAC11,-0.3208962378501842,0.0006417924757003684,ISE,Momentum
2022-01-03,BRKM5,0.3350916790003027,0.0006701833580006054,ISE,Momentum
2022-01-03,CMIG4,-0.06960524337663454,0.00013921048675326908,ISE,Momentum
2022-01-03,CPLE6,-0.3840455276086127,0.0007680910552172255,ISE,Momentum
2022-01-03,CSAN3,0.3350916790003027,0.0006701833580006054,ISE,Momentum
2022-01-03,KLBN11,-0.3655209649377001,0.0007310419298754002,ISE,Momentum
2022-01-03,MBRF3,-0.28312851454662025,0.0005662570290932405,ISE,Momentum
2022-01-03,NATU3,-0.18198190923231924,0.0003639638184646385,ISE,Momentum
2022-01-03,PCAR3,0.3350916790003027,0.0006701833580006054,ISE,Momentum
2022-01-03,SIMH3,0.3350916790003027,0.0006701833580006054,ISE,Momentum
2022-01-03,SUZB3,-0.3695155529728223,0.0007390311059456446,ISE,Momentum
2022-01-03,VIVT3,0.3350916790003027,0.0006701833580006054,ISE,Momentum
2022-01-03,WEGE3,-0.31710629646263877,0.0006342125929252776,ISE,Momentum
2023-01-02,AMBP3,-0.16669636291276957,0.00033339272582553917,ISE,Momentum
2023-01-02,ASAI3,0.26794163284478545,0.000535883265689571,ISE,Momentum
2023-01-02,AXIA3,0.26794163284478545,0.000535883265689571,ISE,Momentum
2023-01-02,AZZA3,-0.35233706764274203,0.0007046741352854841,ISE,Momentum
2023-01-02,BBAS3,0.26794163284478545,0.000535883265689571,ISE,Momentum
2023-01-02,BEEF3,-0.4227311126212979,0.0008454622252425959,ISE,Momentum
2023-01-02,BRKM5,-0.14240529453866888,0.0002848105890773378,ISE,Momentum
2023-01-02,CIEL3,0.26794163284478545,0.000535883265689571,ISE,Momentum
2023-01-02,CMIG4,-0.17287398583772268,0.0003457479716754454,ISE,Momentum
2023-01-02,CPFE3,0.26794163284478545,0.000535883265689571,ISE,Momentum
2023-01-02,CPLE6,0.26794163284478545,0.000535883265689571,ISE,Momentum
2023-01-02,CSAN3,-0.26325848319878786,0.0005265169663975758,ISE,Momentum
2023-01-02,HYPE3,0.26794163284478545,0.000535883265689571,ISE,Momentum
2023-01-02,MBRF3,-0.16121841709365756,0.00032243683418731515,ISE,Momentum
2023-01-02,MDIA3,0.26794163284478545,0.000535883265689571,ISE,Momentum
2023-01-02,PCAR3,-0.2627962849741609,0.0005255925699483218,ISE,Momentum
2023-01-02,RANI3,0.26794163284478545,0.000535883265689571,ISE,Momentum
2023-01-02,SIMH3,-0.2040390715180787,0.00040807814303615744,ISE,Momentum
2023-01-02,VIVT3,-0.27278384450607646,0.0005455676890121529,ISE,Momentum
2024-01-02,ALOS3,0.31239707730139665,0.0006247941546027934,ISE,Momentum
2024-01-02,ASAI3,-0.1844573463108012,0.00036891469262160246,ISE,Momentum
2024-01-02,AXIA3,-0.2773276634047103,0.0005546553268094207,ISE,Momentum
2024-01-02,BBAS3,-0.16748632548269515,0.0003349726509653903,ISE,Momentum
2024-01-02,BPAC11,0.31239707730139665,0.0006247941546027934,ISE,Momentum
2024-01-02,BRFS3,0.31239707730139665,0.0006247941546027934,ISE,Momentum
2024-01-02,CIEL3,-0.25187489528108276,0.0005037497905621655,ISE,Momentum
2024-01-02,CMIG4,-0.3110687689648316,0.0006221375379296632,ISE,Momentum
2024-01-02,COGN3,0.31239707730139665,0.0006247941546027934,ISE,Momentum
2024-01-02,CPFE3,-0.34913554125467594,0.0006982710825093519,ISE,Momentum
2024-01-02,CPLE6,-0.3676595698278592,0.0007353191396557184,ISE,Momentum
2024-01-02,ECOR3,0.31239707730139665,0.0006247941546027934,ISE,Momentum
2024-01-02,HYPE3,-0.2222079716447742,0.00044441594328954845,ISE,Momentum
2024-01-02,MDIA3,-0.29302815622305556,0.0005860563124461111,ISE,Momentum
2024-01-02,MOVI3,0.31239707730139665,0.0006247941546027934,ISE,Momentum
2024-01-02,RANI3,-0.3985962897658294,0.0007971925795316588,ISE,Momentum
2024-01-02,SAPR11,0.31239707730139665,0.0006247941546027934,ISE,Momentum
2024-01-02,TIMS3,0.31239707730139665,0.0006247941546027934,ISE,Momentum
2024-01-02,VBBR3,0.31239707730139665,0.0006247941546027934,ISE,Momentum
2025-01-02,ALOS3,-0.23993707879018455,0.00047987415758036914,ISE,Momentum
2025-01-02,AMBP3,0.2551984498680174,0.0005103968997360348,ISE,Momentum
2025-01-02,BBAS3,-0.29580725410632996,0.00059161450821266,ISE,Momentum
2025-01-02,BPAC11,-0.2337193613486089,0.0004674387226972178,ISE,Momentum
2025-01-02,BRFS3,-0.3432896693658673,0.0006865793387317346,ISE,Momentum
2025-01-02,CEAB3,0.2551984498680174,0.0005103968997360348,ISE,Momentum
2025-01-02,CMIG4,0.2551984498680174,0.0005103968997360348,ISE,Momentum
2025-01-02,COGN3,-0.1004133406876129,0.0002008266813752258,ISE,Momentum
2025-01-02,CSMG3,0.2551984498680174,0.0005103968997360348,ISE,Momentum
2025-01-02,ECOR3,-0.14261638620276984,0.0002852327724055397,ISE,Momentum
2025-01-02,KLBN11,0.2551984498680174,0.0005103968997360348,ISE,Momentum
2025-01-02,MOVI3,-0.10482807666475182,0.00020965615332950365,ISE,Momentum
2025-01-02,PSSA3,0.2551984498680174,0.0005103968997360348,ISE,Momentum
2025-01-02,SAPR11,-0.3129023736834804,0.0006258047473669608,ISE,Momentum
2025-01-02,STBP3,0.2551984498680174,0.0005103968997360348,ISE,Momentum
2025-01-02,SUZB3,0.2551984498680174,0.0005103968997360348,ISE,Momentum
2025-01-02,TIMS3,-0.27343458064567616,0.0005468691612913523,ISE,Momentum
2025-01-02,VBBR3,-0.2590434826227342,0.0005180869652454684,ISE,Momentum
2025-01-02,WEGE3,0.2551984498680174,0.0005103968997360348,ISE,Momentum
2016-01-04,BRFS3,0.09980039920159683,0.00019960079840319368,ISE,Baixa_Vol
2016-01-04,CIEL3,0.09980039920159683,0.00019960079840319368,ISE,Baixa_Vol
2016-01-04,EMBJ3,0.09980039920159683,0.00019960079840319368,ISE,Baixa_Vol
2016-01-04,FLRY3,0.09980039920159683,0.00019960079840319368,ISE,Baixa_Vol
2016-01-04,ITSA4,0.09980039920159683,0.00019960079840319368,ISE,Baixa_Vol
2016-01-04,ITUB4,0.09980039920159683,0.00019960079840319368,ISE,Baixa_Vol
2016-01-04,KLBN11,0.09980039920159683,0.00019960079840319368,ISE,Baixa_Vol
2016-01-04,LREN3,0.09980039920159683,0.00019960079840319368,ISE,Baixa_Vol
2016-01-04,VIVT3,0.09980039920159683,0.00019960079840319368,ISE,Baixa_Vol
2016-01-04,WEGE3,0.09980039920159683,0.00019960079840319368,ISE,Baixa_Vol
2017-01-02,AESB3,0.12448359044025065,0.0002489671808805013,ISE,Baixa_Vol
2017-01-02,BRFS3,0.03499320891681218,6.998641783362437e-05,ISE,Baixa_Vol
2017-01-02,CIEL3,0.02145028834450667,4.290057668901334e-05,ISE,Baixa_Vol
2017-01-02,CPFE3,0.12448359044025065,0.0002489671808805013,ISE,Baixa_Vol
2017-01-02,EGIE3,0.12448359044025065,0.0002489671808805013,ISE,Baixa_Vol
2017-01-02,EMBJ3,-0.05475304701742043,0.00010950609403484087,ISE,Baixa_Vol
2017-01-02,ENBR3,0.12448359044025065,0.0002489671808805013,ISE,Baixa_Vol
2017-01-02,FLRY3,-0.11857322428222988,0.00023714644856445978,ISE,Baixa_Vol
2017-01-02,ITSA4,-0.14787044200342336,0.00029574088400684674,ISE,Baixa_Vol
2017-01-02,ITUB4,-0.15531315424555422,0.00031062630849110846,ISE,Baixa_Vol
2017-01-02,KLBN11,-0.07999940934798869,0.00015999881869597737,ISE,Baixa_Vol
2017-01-02,LREN3,-0.021526060237357703,4.305212047471541e-05,ISE,Baixa_Vol
2017-01-02,MRVE3,0.12448359044025065,0.0002489671808805013,ISE,Baixa_Vol
2017-01-02,VIVT3,-0.12253108389824638,0.0002450621677964928,ISE,Baixa_Vol
2017-01-02,WEGE3,0.018908299230198752,3.781659846039751e-05,ISE,Baixa_Vol
2018-01-02,AESB3,0.03267290168264603,6.534580336529206e-05,ISE,Baixa_Vol
2018-01-02,BRFS3,-0.09685810887950196,0.00019371621775900392,ISE,Baixa_Vol
2018-01-02,CIEL3,0.016851642831913483,3.370328566382696e-05,ISE,Baixa_Vol
2018-01-02,CPFE3,0.057146225236753334,0.00011429245047350666,ISE,Baixa_Vol
2018-01-02,EGIE3,0.015898244386717636,3.179648877343527e-05,ISE,Baixa_Vol
2018-01-02,ENBR3,0.02062944833998087,4.1258896679961744e-05,ISE,Baixa_Vol
2018-01-02,FLRY3,-0.21681452822551547,0.00043362905645103096,ISE,Baixa_Vol
2018-01-02,ITSA4,0.15373014534225427,0.00030746029068450854,ISE,Baixa_Vol
2018-01-02,ITUB4,0.15373014534225427,0.00030746029068450854,ISE,Baixa_Vol
2018-01-02,LREN3,-0.21207459895692693,0.0004241491979138539,ISE,Baixa_Vol
2018-01-02,MRVE3,-0.17892822231818417,0.00035785644463636834,ISE,Baixa_Vol
2018-01-02,TIMS3,0.15373014534225427,0.00030746029068450854,ISE,Baixa_Vol
2018-01-02,VIVT3,0.15373014534225427,0.00030746029068450854,ISE,Baixa_Vol
2018-01-02,WEGE3,-0.05648213874885116,0.00011296427749770233,ISE,Baixa_Vol
2019-01-02,AESB3,0.03877720215609437,7.755440431218875e-05,ISE,Baixa_Vol
2019-01-02,BBDC4,0.16933404866240953,0.0003386680973248191,ISE,Baixa_Vol
2019-01-02,CIEL3,-0.06804647781540747,0.00013609295563081494,ISE,Baixa_Vol
2019-01-02,CPFE3,-0.23157180200559546,0.00046314360401119095,ISE,Baixa_Vol
2019-01-02,EGIE3,-0.04754355321376608,9.508710642753216e-05,ISE,Baixa_Vol
2019-01-02,ENBR3,-0.1674874678077415,0.000334974935615483,ISE,Baixa_Vol
2019-01-02,FLRY3,0.16933404866240953,0.0003386680973248191,ISE,Baixa_Vol
2019-01-02,ITSA4,-0.039784139313769395,7.956827862753879e-05,ISE,Baixa_Vol
2019-01-02,ITUB4,-0.03826289899140098,7.652579798280196e-05,ISE,Baixa_Vol
2019-01-02,KLBN11,0.16933404866240953,0.0003386680973248191,ISE,Baixa_Vol
2019-01-02,TIMS3,0.02539886197025426,5.079772394050852e-05,ISE,Baixa_Vol
2019-01-02,VIVT3,-0.005025157363188426,1.0050314726376852e-05,ISE,Baixa_Vol
2019-01-02,WEGE3,0.02315717263876585,4.63143452775317e-05,ISE,Baixa_Vol
2020-01-02,AESB3,-0.04366717564962208,8.733435129924416e-05,ISE,Baixa_Vol
2020-01-02,BBDC4,0.04022417857703481,8.044835715406962e-05,ISE,Baixa_Vol
2020-01-02,EGIE3,-0.02723374088949493,5.446748177898986e-05,ISE,Baixa_Vol
2020-01-02,FLRY3,-0.2739958690043645,0.0005479917380087291,ISE,Baixa_Vol
2020-01-02,ITSA4,0.02941904928774486,5.883809857548972e-05,ISE,Baixa_Vol
2020-01-02,ITUB4,0.051906310652780674,0.00010381262130556135,ISE,Baixa_Vol
2020-01-02,KLBN11,0.03793173815067272,7.586347630134544e-05,ISE,Baixa_Vol
2020-01-02,SANB11,0.23997494536801744,0.0004799498907360349,ISE,Baixa_Vol
2020-01-02,TIMS3,0.011389355560585623,2.2778711121171247e-05,ISE,Baixa_Vol
2020-01-02,VIVT3,0.029399779413354005,5.879955882670801e-05,ISE,Baixa_Vol
2020-01-02,WEGE3,-0.09711308191564683,0.00019422616383129364,ISE,Baixa_Vol
2021-01-04,AESB3,-0.2658942098126842,0.0005317884196253684,ISE,Baixa_Vol
2021-01-04,BBDC4,-0.1910602118996648,0.0003821204237993296,ISE,Baixa_Vol
2021-01-04,CPFE3,0.26169430082952916,0.0005233886016590584,ISE,Baixa_Vol
2021-01-04,EGIE3,0.0527384975518701,0.0001054769951037402,ISE,Baixa_Vol
2021-01-04,ENBR3,0.26169430082952916,0.0005233886016590584,ISE,Baixa_Vol
2021-01-04,FLRY3,0.26169430082952916,0.0005233886016590584,ISE,Baixa_Vol
2021-01-04,ITSA4,0.058043598587647266,0.00011608719717529454,ISE,Baixa_Vol
2021-01-04,ITUB4,0.058498380857843785,0.00011699676171568757,ISE,Baixa_Vol
2021-01-04,KLBN11,-0.07675890746642217,0.00015351781493284434,ISE,Baixa_Vol
2021-01-04,NEOE3,0.26169430082952916,0.0005233886016590584,ISE,Baixa_Vol
2021-01-04,SANB11,-0.22426997277227828,0.0004485399455445566,ISE,Baixa_Vol
2021-01-04,TIMS3,0.033324116384865515,6.664823276973104e-05,ISE,Baixa_Vol
2021-01-04,VIVT3,0.015764481811542164,3.152896362308433e-05,ISE,Baixa_Vol
2021-01-04,WEGE3,-0.5122337031280175,0.0010244674062560351,ISE,Baixa_Vol
2022-01-03,CPFE3,-0.006019376025234696,1.2038752050469392e-05,ISE,Baixa_Vol
2022-01-03,EGIE3,-0.00019415326237509634,3.883065247501927e-07,ISE,Baixa_Vol
2022-01-03,ENBR3,-0.05256354077463468,0.00010512708154926937,ISE,Baixa_Vol
2022-01-03,FLRY3,0.06847389969225626,0.00013694779938451252,ISE,Baixa_Vol
2022-01-03,ITSA4,0.016049180609981895,3.209836121996379e-05,ISE,Baixa_Vol
2022-01-03,ITUB4,-0.18873143530661812,0.00037746287061323625,ISE,Baixa_Vol
2022-01-03,KLBN11,-0.02277937166651986,4.555874333303972e-05,ISE,Baixa_Vol
2022-01-03,MDIA3,0.23907406969684317,0.00047814813939368634,ISE,Baixa_Vol
2022-01-03,NEOE3,-0.001789712435735502,3.579424871471004e-06,ISE,Baixa_Vol
2022-01-03,TIMS3,0.0020132173401735953,4.026434680347191e-06,ISE,Baixa_Vol
2022-01-03,VIVT3,-0.054837829440638836,0.00010967565888127767,ISE,Baixa_Vol
2023-01-02,ABEV3,0.2556957712803346,0.0005113915425606692,ISE,Baixa_Vol
2023-01-02,AESB3,0.2556957712803346,0.0005113915425606692,ISE,Baixa_Vol
2023-01-02,CPFE3,-0.3266628286870368,0.0006533256573740735,ISE,Baixa_Vol
2023-01-02,EGIE3,0.0033720822028324715,6.744164405664943e-06,ISE,Baixa_Vol
2023-01-02,ENBR3,-0.003123712123340172,6.247424246680344e-06,ISE,Baixa_Vol
2023-01-02,FLRY3,-0.2293423889411451,0.00045868477788229016,ISE,Baixa_Vol
2023-01-02,ISAE4,0.2556957712803346,0.0005113915425606692,ISE,Baixa_Vol
2023-01-02,ITSA4,-0.004808802344936802,9.617604689873604e-06,ISE,Baixa_Vol
2023-01-02,ITUB4,0.2556957712803346,0.0005113915425606692,ISE,Baixa_Vol
2023-01-02,KLBN11,-0.20044679149112152,0.00040089358298224303,ISE,Baixa_Vol
2023-01-02,MDIA3,-0.3629897808973462,0.0007259795617946923,ISE,Baixa_Vol
2023-01-02,NEOE3,0.017567207002734925,3.513441400546985e-05,ISE,Baixa_Vol
2023-01-02,TIMS3,0.018075666491683545,3.615133298336709e-05,ISE,Baixa_Vol
2023-01-02,VIVT3,0.06107576744084911,0.00012215153488169824,ISE,Baixa_Vol
2024-01-02,ABEV3,0.08741112311388549,0.000174822246227771,ISE,Baixa_Vol
2024-01-02,AESB3,0.02573226223213182,5.146452446426364e-05,ISE,Baixa_Vol
2024-01-02,CPFE3,0.34737062713702554,0.0006947412542740511,ISE,Baixa_Vol
2024-01-02,EGIE3,0.020681646368635453,4.136329273727091e-05,ISE,Baixa_Vol
2024-01-02,ISAE4,0.026330701965681436,5.2661403931362875e-05,ISE,Baixa_Vol
2024-01-02,ITSA4,-0.0022755133396910043,4.5510266793820085e-06,ISE,Baixa_Vol
2024-01-02,ITUB4,-0.3664625405686234,0.0007329250811372468,ISE,Baixa_Vol
2024-01-02,KLBN11,0.34737062713702554,0.0006947412542740511,ISE,Baixa_Vol
2024-01-02,NEOE3,-0.3831163504697397,0.0007662327009394794,ISE,Baixa_Vol
2024-01-02,RADL3,0.34737062713702554,0.0006947412542740511,ISE,Baixa_Vol
2024-01-02,SAPR11,0.34737062713702554,0.0006947412542740511,ISE,Baixa_Vol
2024-01-02,TIMS3,-0.4300248629845327,0.0008600497259690653,ISE,Baixa_Vol
2024-01-02,VIVT3,-0.0402808351699282,8.05616703398564e-05,ISE,Baixa_Vol
2025-01-02,ABEV3,-0.0007845917458326745,1.5691834916653491e-06,ISE,Baixa_Vol
2025-01-02,AURE3,0.13920995516760287,0.00027841991033520573,ISE,Baixa_Vol
2025-01-02,BBAS3,0.30932435513391304,0.0006186487102678261,ISE,Baixa_Vol
2025-01-02,CPFE3,0.0251695577184069,5.03391154368138e-05,ISE,Baixa_Vol
2025-01-02,CPLE6,0.30932435513391304,0.0006186487102678261,ISE,Baixa_Vol
2025-01-02,EGIE3,0.015912007655637217,3.182401531127444e-05,ISE,Baixa_Vol
2025-01-02,ISAE4,-0.30361782977422386,0.0006072356595484478,ISE,Baixa_Vol
2025-01-02,ITSA4,-0.02268898688238702,4.537797376477404e-05,ISE,Baixa_Vol
2025-01-02,ITUB4,0.30932435513391304,0.0006186487102678261,ISE,Baixa_Vol
2025-01-02,KLBN11,-0.12192768742061044,0.00024385537484122088,ISE,Baixa_Vol
2025-01-02,NEOE3,0.30932435513391304,0.0006186487102678261,ISE,Baixa_Vol
2025-01-02,RADL3,-0.2622462647503713,0.0005244925295007426,ISE,Baixa_Vol
2025-01-02,SAPR11,-0.34793249257651926,0.0006958649851530385,ISE,Baixa_Vol
2025-01-02,VIVT3,-0.3287945689741208,0.0006575891379482416,ISE,Baixa_Vol
2016-01-04,AXIA3,0.09980039920159683,0.00019960079840319368,ISE,Valor
2016-01-04,BBAS3,0.09980039920159683,0.00019960079840319368,ISE,Valor
2016-01-04,CESP6,0.09980039920159683,0.00019960079840319368,ISE,Valor
2016-01-04,CMIG4,0.09980039920159683,0.00019960079840319368,ISE,Valor
2016-01-04,CPLE6,0.09980039920159683,0.00019960079840319368,ISE,Valor
2016-01-04,DXCO3,0.09980039920159683,0.00019960079840319368,ISE,Valor
2016-01-04,ENBR3,0.09980039920159683,0.00019960079840319368,ISE,Valor
2016-01-04,EVEN3,0.09980039920159683,0.00019960079840319368,ISE,Valor
2016-01-04,LIGT3,0.09980039920159683,0.00019960079840319368,ISE,Valor
2016-01-04,SANB11,0.09980039920159683,0.00019960079840319368,ISE,Valor
2017-01-02,AXIA3,-0.23989331234230563,0.0004797866246846113,ISE,Valor
2017-01-02,BBAS3,-0.2019674462291611,0.0004039348924583222,ISE,Valor
2017-01-02,CESP6,-0.10429138928009937,0.00020858277856019875,ISE,Valor
2017-01-02,CLSC4,0.1736442713636108,0.0003472885427272216,ISE,Valor
2017-01-02,CMIG4,0.024205039368016906,4.841007873603381e-05,ISE,Valor
2017-01-02,CPLE6,0.050415169456337214,0.00010083033891267444,ISE,Valor
2017-01-02,DXCO3,0.054118368333765654,0.00010823673666753131,ISE,Valor
2017-01-02,EMBJ3,0.1736442713636108,0.0003472885427272216,ISE,Valor
2017-01-02,ENBR3,0.04208231271949198,8.416462543898396e-05,ISE,Valor
2017-01-02,EVEN3,-0.09261772834921958,0.00018523545669843917,ISE,Valor
2017-01-02,LIGT3,-0.02757846004420017,5.5156920088400345e-05,ISE,Valor
2017-01-02,MRVE3,0.1736442713636108,0.0003472885427272216,ISE,Valor
2017-01-02,SANB11,-0.2025181680463156,0.00040503633609263116,ISE,Valor
2017-01-02,VIVT3,0.1736442713636108,0.0003472885427272216,ISE,Valor
2018-01-02,AXIA3,-0.14501225164268555,0.0002900245032853711,ISE,Valor
2018-01-02,BBAS3,0.20679479127521258,0.0004135895825504252,ISE,Valor
2018-01-02,CLSC4,-0.09217349450541643,0.00018434698901083287,ISE,Valor
2018-01-02,CMIG4,0.04312768358628194,8.625536717256389e-05,ISE,Valor
2018-01-02,CPLE6,0.03494093417279623,6.988186834559246e-05,ISE,Valor
2018-01-02,DXCO3,-0.039720878733636805,7.944175746727361e-05,ISE,Valor
2018-01-02,EMBJ3,-0.22672115293769665,0.0004534423058753933,ISE,Valor
2018-01-02,ENBR3,0.02113037183478983,4.226074366957966e-05,ISE,Valor
2018-01-02,LIGT3,0.04076475768175469,8.15295153635094e-05,ISE,Valor
2018-01-02,MRVE3,-0.042795220395764166,8.559044079152833e-05,ISE,Valor
2018-01-02,SANB11,0.20679479127521258,0.0004135895825504252,ISE,Valor
2018-01-02,VIVT3,-0.009348982231393355,1.869796446278671e-05,ISE,Valor
2019-01-02,AXIA3,0.2892334678945718,0.0005784669357891437,ISE,Valor
2019-01-02,BBAS3,-0.03221115563980459,6.442231127960919e-05,ISE,Valor
2019-01-02,CLSC4,-0.377215806146573,0.000754431612293146,ISE,Valor
2019-01-02,CMIG4,-0.1672649923850119,0.00033452998477002385,ISE,Valor
2019-01-02,CPLE6,0.013634492870323811,2.7268985740647623e-05,ISE,Valor
2019-01-02,DXCO3,0.0022202691633959604,4.440538326791921e-06,ISE,Valor
2019-01-02,ENBR3,0.0639325949304202,0.00012786518986084038,ISE,Valor
2019-01-02,LIGT3,0.08340443791477814,0.0001668088758295563,ISE,Valor
2019-01-02,MRVE3,0.08220054786278219,0.00016440109572556438,ISE,Valor
2019-01-02,SANB11,-0.30537742620130703,0.0006107548524026141,ISE,Valor
2019-01-02,TIMS3,0.2892334678945718,0.0005784669357891437,ISE,Valor
2019-01-02,VIVT3,0.054688866790465473,0.00010937773358093095,ISE,Valor
2020-01-02,AXIA3,-0.030971847546847286,6.194369509369457e-05,ISE,Valor
2020-01-02,BBAS3,0.09878804569754979,0.00019757609139509958,ISE,Valor
2020-01-02,BBDC4,0.43596340022707686,0.0008719268004541538,ISE,Valor
2020-01-02,CMIG4,0.14027707321122435,0.0002805541464224487,ISE,Valor
2020-01-02,CPLE6,-0.23796322343683102,0.00047592644687366204,ISE,Valor
2020-01-02,DXCO3,-0.4241010010812505,0.000848202002162501,ISE,Valor
2020-01-02,ENBR3,-0.020619133891912278,4.1238267783824554e-05,ISE,Valor
2020-01-02,LIGT3,0.016962078620991805,3.392415724198361e-05,ISE,Valor
2020-01-02,MRVE3,-0.10497393859200127,0.00020994787718400253,ISE,Valor
2020-01-02,SANB11,0.43596340022707686,0.0008719268004541538,ISE,Valor
2020-01-02,TIMS3,-0.3904389186520784,0.0007808778373041568,ISE,Valor
2020-01-02,VIVT3,0.07628744620222827,0.00015257489240445653,ISE,Valor
2021-01-04,AXIA3,-0.012917906938618773,2.5835813877237546e-05,ISE,Valor
2021-01-04,BBAS3,0.09438929815608516,0.0001887785963121703,ISE,Valor
2021-01-04,BBDC4,-0.3470998170252519,0.0006941996340505038,ISE,Valor
2021-01-04,CIEL3,0.41127318605563357,0.0008225463721112671,ISE,Valor
2021-01-04,CMIG4,-0.07446221164079703,0.00014892442328159406,ISE,Valor
2021-01-04,CPLE6,-0.07297989176429048,0.00014595978352858097,ISE,Valor
2021-01-04,ENBR3,0.0173696094312899,3.47392188625798e-05,ISE,Valor
2021-01-04,LIGT3,-0.025602273827654565,5.120454765530913e-05,ISE,Valor
2021-01-04,MRVE3,-0.37496889223352414,0.0007499377844670483,ISE,Valor
2021-01-04,NEOE3,0.41127318605563357,0.0008225463721112671,ISE,Valor
2021-01-04,PCAR3,0.41127318605563357,0.0008225463721112671,ISE,Valor
2021-01-04,SANB11,-0.40743211650155503,0.0008148642330031101,ISE,Valor
2021-01-04,VIVT3,-0.035508455885727486,7.101691177145497e-05,ISE,Valor
2022-01-03,AXIA3,0.022502424599346205,4.500484919869241e-05,ISE,Valor
2022-01-03,BBAS3,0.08807702585263139,0.00017615405170526277,ISE,Valor
2022-01-03,CIEL3,0.18290959492065437,0.0003658191898413087,ISE,Valor
2022-01-03,CMIG4,-0.4556297014014153,0.0009112594028028306,ISE,Valor
2022-01-03,CPLE6,-0.00459204092236104,9.18408184472208e-06,ISE,Valor
2022-01-03,ENBR3,-0.030544250956968666,6.108850191393733e-05,ISE,Valor
2022-01-03,LIGT3,0.22782336891472255,0.0004556467378294451,ISE,Valor
2022-01-03,MRVE3,0.4277872023916798,0.0008555744047833596,ISE,Valor
2022-01-03,MYPK3,0.4277872023916798,0.0008555744047833596,ISE,Valor
2022-01-03,NEOE3,0.04925081558818939,9.850163117637878e-05,ISE,Valor
2022-01-03,PCAR3,-0.47918194693442495,0.00095836389386885,ISE,Valor
2022-01-03,VIVT3,-0.4619056769473772,0.0009238113538947545,ISE,Valor
2023-01-02,ALOS3,0.47225114543598984,0.0009445022908719797,ISE,Valor
2023-01-02,AMER3,0.47225114543598984,0.0009445022908719797,ISE,Valor
2023-01-02,AXIA3,-0.5426087069193993,0.0010852174138387986,ISE,Valor
2023-01-02,BBAS3,-0.5534676139684153,0.0011069352279368305,ISE,Valor
2023-01-02,CIEL3,-1.0410789641854092,0.0020821579283708184,ISE,Valor
2023-01-02,COGN3,0.47225114543598984,0.0009445022908719797,ISE,Valor
2023-01-02,CPLE6,-0.5666561225501399,0.0011333122451002797,ISE,Valor
2023-01-02,ENBR3,-0.4631186597112577,0.0009262373194225155,ISE,Valor
2023-01-02,GFSA3,0.47225114543598984,0.0009445022908719797,ISE,Valor
2023-01-02,LIGT3,0.3018649367610674,0.0006037298735221348,ISE,Valor
2023-01-02,MBRF3,0.47225114543598984,0.0009445022908719797,ISE,Valor
2023-01-02,MRVE3,0.18321167505942232,0.00036642335011884467,ISE,Valor
2023-01-02,MYPK3,0.12334030983204403,0.00024668061966408804,ISE,Valor
2023-01-02,NEOE3,-0.4260953622073501,0.0008521907244147003,ISE,Valor
2023-01-02,PCAR3,0.13675822038510738,0.0002735164407702148,ISE,Valor
2023-01-02,USIM5,0.47225114543598984,0.0009445022908719797,ISE,Valor
2024-01-02,AERI3,0.5235743793344757,0.0010471487586689514,ISE,Valor
2024-01-02,ALOS3,-0.7683513748944167,0.0015367027497888335,ISE,Valor
2024-01-02,AMER3,-0.047068220475347824,9.413644095069566e-05,ISE,Valor
2024-01-02,CBAV3,0.5235743793344757,0.0010471487586689514,ISE,Valor
2024-01-02,COGN3,-0.25045679913365304,0.0005009135982673061,ISE,Valor
2024-01-02,CSAN3,0.5235743793344757,0.0010471487586689514,ISE,Valor
2024-01-02,GFSA3,0.2034040980765054,0.0004068081961530108,ISE,Valor
2024-01-02,LIGT3,-0.8030445587160333,0.0016060891174320667,ISE,Valor
2024-01-02,MBRF3,-0.024617057157632405,4.923411431526481e-05,ISE,Valor
2024-01-02,MRVE3,-0.6897182969939798,0.0013794365939879597,ISE,Valor
2024-01-02,MYPK3,-0.006570042079783844,1.314008415956769e-05,ISE,Valor
2024-01-02,PCAR3,0.40074804467078984,0.0008014960893415797,ISE,Valor
2024-01-02,RIAA3,0.5235743793344757,0.0010471487586689514,ISE,Valor
2024-01-02,USIM5,-0.11943874013368805,0.0002388774802673761,ISE,Valor
2025-01-02,AERI3,0.17710576799355787,0.00035421153598711575,ISE,Valor
2025-01-02,BHIA3,0.38773914360801687,0.0007754782872160337,ISE,Valor
2025-01-02,CBAV3,-0.47048830906398215,0.0009409766181279643,ISE,Valor
2025-01-02,COGN3,0.21944738818709272,0.00043889477637418543,ISE,Valor
2025-01-02,CSAN3,0.16157652391379432,0.00032315304782758864,ISE,Valor
2025-01-02,DASA3,0.38773914360801687,0.0007754782872160337,ISE,Valor
2025-01-02,GFSA3,0.31345598722454876,0.0006269119744490975,ISE,Valor
2025-01-02,MBRF3,-1.0864611680380312,0.0021729223360760623,ISE,Valor
2025-01-02,MTRE3,0.38773914360801687,0.0007754782872160337,ISE,Valor
2025-01-02,MYPK3,-0.11825101779892544,0.00023650203559785087,ISE,Valor
2025-01-02,PCAR3,0.059099368246898765,0.00011819873649379753,ISE,Valor
2025-01-02,RIAA3,-0.5090463642732168,0.0010180927285464336,ISE,Valor
2025-01-02,USIM5,0.08162484444419532,0.00016324968888839064,ISE,Valor
2016-01-04,BRKM5,0.09980039920159683,0.00019960079840319368,ISE,Qualidade
2016-01-04,CIEL3,0.09980039920159683,0.00019960079840319368,ISE,Qualidade
2016-01-04,CMIG4,0.09980039920159683,0.00019960079840319368,ISE,Qualidade
2016-01-04,ENBR3,0.09980039920159683,0.00019960079840319368,ISE,Qualidade
2016-01-04,ITSA4,0.09980039920159683,0.00019960079840319368,ISE,Qualidade
2016-01-04,ITUB4,0.09980039920159683,0.00019960079840319368,ISE,Qualidade
2016-01-04,LAME4,0.09980039920159683,0.00019960079840319368,ISE,Qualidade
2016-01-04,LREN3,0.09980039920159683,0.00019960079840319368,ISE,Qualidade
2016-01-04,MOTV3,0.09980039920159683,0.00019960079840319368,ISE,Qualidade
2016-01-04,NATU3,0.09980039920159683,0.00019960079840319368,ISE,Qualidade
2017-01-02,AESB3,0.13084204309585137,0.00026168408619170274,ISE,Qualidade
2017-01-02,BBAS3,0.13084204309585137,0.00026168408619170274,ISE,Qualidade
2017-01-02,BBDC4,0.13084204309585137,0.00026168408619170274,ISE,Qualidade
2017-01-02,BRKM5,-0.008315241923554345,1.6630483847108692e-05,ISE,Qualidade
2017-01-02,CIEL3,-0.10303330209574398,0.00020606660419148797,ISE,Qualidade
2017-01-02,CMIG4,-0.1494392319955939,0.0002988784639911878,ISE,Qualidade
2017-01-02,EGIE3,0.13084204309585137,0.00026168408619170274,ISE,Qualidade
2017-01-02,ENBR3,-0.13156195864411882,0.00026312391728823764,ISE,Qualidade
2017-01-02,ITSA4,-0.14787044200342336,0.00029574088400684674,ISE,Qualidade
2017-01-02,ITUB4,-0.02447111114970285,4.8942222299405703e-05,ISE,Qualidade
2017-01-02,LAME4,-0.10674950980459186,0.0002134990196091837,ISE,Qualidade
2017-01-02,LREN3,-0.015167607581756976,3.0335215163513952e-05,ISE,Qualidade
2017-01-02,MOTV3,-0.00500016344351889,1.000032688703778e-05,ISE,Qualidade
2017-01-02,NATU3,0.03463744071307974,6.927488142615948e-05,ISE,Qualidade
2017-01-02,SANB11,0.13084204309585137,0.00026168408619170274,ISE,Qualidade
2018-01-02,AESB3,-0.12724068317725773,0.00025448136635451544,ISE,Qualidade
2018-01-02,BBAS3,-0.16138000336909197,0.00032276000673818396,ISE,Qualidade
2018-01-02,BBDC4,-0.012644840543393682,2.5289681086787363e-05,ISE,Qualidade
2018-01-02,BRKM5,-0.006528066025655976,1.3056132051311953e-05,ISE,Qualidade
2018-01-02,CIEL3,0.16708194503208965,0.0003341638900641793,ISE,Qualidade
2018-01-02,CLSC4,0.16708194503208965,0.0003341638900641793,ISE,Qualidade
2018-01-02,ECOR3,0.16708194503208965,0.0003341638900641793,ISE,Qualidade
2018-01-02,EGIE3,0.022209777857063823,4.4419555714127644e-05,ISE,Qualidade
2018-01-02,FLRY3,0.16708194503208965,0.0003341638900641793,ISE,Qualidade
2018-01-02,ITUB4,-0.010639878289286697,2.1279756578573395e-05,ISE,Qualidade
2018-01-02,LREN3,-0.05582513627977356,0.00011165027255954713,ISE,Qualidade
2018-01-02,MOTV3,0.025007681413451388,5.0015362826902774e-05,ISE,Qualidade
2018-01-02,NATU3,-0.19014068425915662,0.00038028136851831325,ISE,Qualidade
2018-01-02,SANB11,-0.15401386424643548,0.00030802772849287095,ISE,Qualidade
2019-01-02,BBAS3,0.18528085682140502,0.00037056171364281004,ISE,Qualidade
2019-01-02,BBDC4,-0.03502582919540853,7.005165839081707e-05,ISE,Qualidade
2019-01-02,BRKM5,-0.015326723672704684,3.0653447345409366e-05,ISE,Qualidade
2019-01-02,CIEL3,0.11132439343116166,0.0002226487868623233,ISE,Qualidade
2019-01-02,CLSC4,-0.3047753292003331,0.0006095506584006663,ISE,Qualidade
2019-01-02,ECOR3,0.04474854546962184,8.949709093924368e-05,ISE,Qualidade
2019-01-02,EGIE3,-0.05043303959554368,0.00010086607919108737,ISE,Qualidade
2019-01-02,FLRY3,0.06799518667498007,0.00013599037334996014,ISE,Qualidade
2019-01-02,ITSA4,0.18528085682140502,0.00037056171364281004,ISE,Qualidade
2019-01-02,ITUB4,-0.04034634023550071,8.069268047100142e-05,ISE,Qualidade
2019-01-02,LREN3,-0.023373667080126587,4.674733416025318e-05,ISE,Qualidade
2019-01-02,MOTV3,-0.12773219616768838,0.00025546439233537676,ISE,Qualidade
2020-01-02,AXIA3,0.2337472538198215,0.00046749450763964304,ISE,Qualidade
2020-01-02,BBAS3,0.01775517295501844,3.551034591003688e-05,ISE,Qualidade
2020-01-02,BBDC4,0.015185225012783549,3.0370450025567096e-05,ISE,Qualidade
2020-01-02,BRKM5,-0.1198757784466008,0.0002397515568932016,ISE,Qualidade
2020-01-02,CIEL3,-0.17452469125112166,0.00034904938250224335,ISE,Qualidade
2020-01-02,ECOR3,-0.31070755733940275,0.0006214151146788056,ISE,Qualidade
2020-01-02,EGIE3,-0.05862545403774663,0.00011725090807549326,ISE,Qualidade
2020-01-02,FLRY3,-0.06605181066639657,0.00013210362133279314,ISE,Qualidade
2020-01-02,ITSA4,0.003362537085579209,6.725074171158419e-06,ISE,Qualidade
2020-01-02,ITUB4,0.027967506294028943,5.593501258805789e-05,ISE,Qualidade
2020-01-02,LREN3,-0.03879509624719665,7.75901924943933e-05,ISE,Qualidade
2020-01-02,SANB11,0.2337472538198215,0.00046749450763964304,ISE,Qualidade
2020-01-02,WEGE3,0.2337472538198215,0.00046749450763964304,ISE,Qualidade
2021-01-04,AESB3,0.2276046211732748,0.0004552092423465496,ISE,Qualidade
2021-01-04,AXIA3,-0.22743538340739083,0.00045487076681478166,ISE,Qualidade
2021-01-04,BBAS3,-0.16990127734962832,0.00033980255469925663,ISE,Qualidade
2021-01-04,BBDC4,-0.1861019273378355,0.00037220385467567104,ISE,Qualidade
2021-01-04,BEEF3,0.2276046211732748,0.0004552092423465496,ISE,Qualidade
2021-01-04,CPFE3,0.2276046211732748,0.0004552092423465496,ISE,Qualidade
2021-01-04,CPLE6,0.2276046211732748,0.0004552092423465496,ISE,Qualidade
2021-01-04,ECOR3,0.2276046211732748,0.0004552092423465496,ISE,Qualidade
2021-01-04,EGIE3,0.024071518536397718,4.814303707279544e-05,ISE,Qualidade
2021-01-04,FLRY3,-0.2083578793854362,0.0004167157587708724,ISE,Qualidade
2021-01-04,ITSA4,0.029238944646018894,5.847788929203779e-05,ISE,Qualidade
2021-01-04,ITUB4,-0.19792269650456498,0.00039584539300913,ISE,Qualidade
2021-01-04,LREN3,0.05466050216092591,0.00010932100432185183,ISE,Qualidade
2021-01-04,MBRF3,0.2276046211732748,0.0004552092423465496,ISE,Qualidade
2021-01-04,SANB11,-0.2184498476262713,0.0004368996952525426,ISE,Qualidade
2021-01-04,WEGE3,-0.27133588795576363,0.0005426717759115273,ISE,Qualidade
2022-01-03,AESB3,-0.15511293092710732,0.00031022586185421464,ISE,Qualidade
2022-01-03,AZZA3,0.21106640590123762,0.00042213281180247526,ISE,Qualidade
2022-01-03,BEEF3,-0.25950893647308043,0.0005190178729461609,ISE,Qualidade
2022-01-03,BRKM5,0.21106640590123762,0.00042213281180247526,ISE,Qualidade
2022-01-03,CMIG4,0.21106640590123762,0.00042213281180247526,ISE,Qualidade
2022-01-03,CPFE3,-0.0020998750945596667,4.199750189119334e-06,ISE,Qualidade
2022-01-03,CPLE6,-0.2392850232263068,0.0004785700464526136,ISE,Qualidade
2022-01-03,DXCO3,0.21106640590123762,0.00042213281180247526,ISE,Qualidade
2022-01-03,ECOR3,-0.12400471957711102,0.00024800943915422204,ISE,Qualidade
2022-01-03,EGIE3,0.002966523432224699,5.933046864449399e-06,ISE,Qualidade
2022-01-03,ITSA4,-0.19397249092517813,0.00038794498185035627,ISE,Qualidade
2022-01-03,LREN3,-0.13988703243922795,0.0002797740648784559,ISE,Qualidade
2022-01-03,MBRF3,-0.17412447053726146,0.00034824894107452295,ISE,Qualidade
2022-01-03,RADL3,0.21106640590123762,0.00042213281180247526,ISE,Qualidade
2022-01-03,VBBR3,0.21106640590123762,0.00042213281180247526,ISE,Qualidade
2022-01-03,WEGE3,0.013488821840422882,2.6977643680845766e-05,ISE,Qualidade
2023-01-02,AZUL3,0.1936024580412754,0.00038720491608255084,ISE,Qualidade
2023-01-02,AZZA3,-0.221928872584949,0.00044385774516989804,ISE,Qualidade
2023-01-02,BRKM5,0.10390469595641971,0.00020780939191283944,ISE,Qualidade
2023-01-02,CBAV3,0.1936024580412754,0.00038720491608255084,ISE,Qualidade
2023-01-02,CMIG4,-0.2776594410760149,0.0005553188821520299,ISE,Qualidade
2023-01-02,CPFE3,-0.09479163371419264,0.00018958326742838527,ISE,Qualidade
2023-01-02,DXCO3,-0.10977108175472339,0.0002195421635094468,ISE,Qualidade
2023-01-02,EGIE3,-0.2227638248048486,0.00044552764960969723,ISE,Qualidade
2023-01-02,MBRF3,-0.10154770766782967,0.00020309541533565934,ISE,Qualidade
2023-01-02,MOTV3,0.1936024580412754,0.00038720491608255084,ISE,Qualidade
2023-01-02,RADL3,-0.019925741529782853,3.9851483059565705e-05,ISE,Qualidade
2023-01-02,RANI3,0.1936024580412754,0.00038720491608255084,ISE,Qualidade
2023-01-02,SLCE3,0.1936024580412754,0.00038720491608255084,ISE,Qualidade
2023-01-02,STBP3,0.1936024580412754,0.00038720491608255084,ISE,Qualidade
2023-01-02,VBBR3,-0.16018225675921427,0.00032036451351842853,ISE,Qualidade
2023-01-02,WEGE3,-0.062021106533775516,0.00012404221306755103,ISE,Qualidade
2024-01-02,ABEV3,0.2229281969280054,0.0004458563938560108,ISE,Qualidade
2024-01-02,ALOS3,0.2229281969280054,0.0004458563938560108,ISE,Qualidade
2024-01-02,AZUL3,-0.05337822378012422,0.00010675644756024844,ISE,Qualidade
2024-01-02,BRKM5,-0.17592644527663617,0.00035185289055327234,ISE,Qualidade
2024-01-02,CBAV3,-0.09572282847834075,0.0001914456569566815,ISE,Qualidade
2024-01-02,CPFE3,-0.029341292732200847,5.8682585464401695e-05,ISE,Qualidade
2024-01-02,EGIE3,0.2229281969280054,0.0004458563938560108,ISE,Qualidade
2024-01-02,MOTV3,-0.267391625341923,0.000534783250683846,ISE,Qualidade
2024-01-02,RADL3,-0.03279476951628682,6.558953903257365e-05,ISE,Qualidade
2024-01-02,RANI3,-0.06507938384799147,0.00013015876769598294,ISE,Qualidade
2024-01-02,SLCE3,0.041402623125524424,8.280524625104885e-05,ISE,Qualidade
2024-01-02,STBP3,-0.027614503579821564,5.522900715964313e-05,ISE,Qualidade
2024-01-02,WEGE3,0.03407882841403134,6.815765682806269e-05,ISE,Qualidade
2025-01-02,ABEV3,0.005403748564915933,1.0807497129831866e-05,ISE,Qualidade
2025-01-02,ALOS3,-0.17122036099993138,0.00034244072199986274,ISE,Qualidade
2025-01-02,AZUL3,0.14921766227295283,0.00029843532454590566,ISE,Qualidade
2025-01-02,CMIG4,0.20441892998344777,0.00040883785996689555,ISE,Qualidade
2025-01-02,CPFE3,0.022060055376316362,4.412011075263272e-05,ISE,Qualidade
2025-01-02,EGIE3,0.016118940088379552,3.2237880176759104e-05,ISE,Qualidade
2025-01-02,RADL3,0.03612005153842779,7.224010307685558e-05,ISE,Qualidade
2025-01-02,RANI3,-0.1492060650937775,0.00029841213018755503,ISE,Qualidade
2025-01-02,SLCE3,-0.2199789441903726,0.0004399578883807452,ISE,Qualidade
2025-01-02,STBP3,-0.18244357507279077,0.00036488715014558156,ISE,Qualidade
2025-01-02,TIMS3,0.20441892998344777,0.00040883785996689555,ISE,Qualidade
2025-01-02,VBBR3,0.20441892998344777,0.00040883785996689555,ISE,Qualidade
2025-01-02,WEGE3,-0.12270376234545113,0.0002454075246909023,ISE,Qualidade
2016-01-04,BRFS3,0.09980039920159683,0.00019960079840319368,ISE,Multifator
2016-01-04,CIEL3,0.09980039920159683,0.00019960079840319368,ISE,Multifator
2016-01-04,EMBJ3,0.09980039920159683,0.00019960079840319368,ISE,Multifator
2016-01-04,ENBR3,0.09980039920159683,0.00019960079840319368,ISE,Multifator
2016-01-04,ITSA4,0.09980039920159683,0.00019960079840319368,ISE,Multifator
2016-01-04,ITUB4,0.09980039920159683,0.00019960079840319368,ISE,Multifator
2016-01-04,KLBN11,0.09980039920159683,0.00019960079840319368,ISE,Multifator
2016-01-04,LREN3,0.09980039920159683,0.00019960079840319368,ISE,Multifator
2016-01-04,SULA11,0.09980039920159683,0.00019960079840319368,ISE,Multifator
2016-01-04,WEGE3,0.09980039920159683,0.00019960079840319368,ISE,Multifator
2017-01-02,AXIA3,0.1108610785056463,0.0002217221570112926,ISE,Multifator
2017-01-02,BBAS3,0.1108610785056463,0.0002217221570112926,ISE,Multifator
2017-01-02,BBDC4,0.1108610785056463,0.0002217221570112926,ISE,Multifator
2017-01-02,BRFS3,-0.08949038152343847,0.00017898076304687693,ISE,Multifator
2017-01-02,CIEL3,-0.10303330209574398,0.00020606660419148797,ISE,Multifator
2017-01-02,CLSC4,0.1108610785056463,0.0002217221570112926,ISE,Multifator
2017-01-02,CPFE3,0.1108610785056463,0.0002217221570112926,ISE,Multifator
2017-01-02,EGIE3,0.1108610785056463,0.0002217221570112926,ISE,Multifator
2017-01-02,EMBJ3,-0.05475304701742043,0.00010950609403484087,ISE,Multifator
2017-01-02,ENBR3,-0.020700880138472516,4.140176027694503e-05,ISE,Multifator
2017-01-02,FLRY3,0.1108610785056463,0.0002217221570112926,ISE,Multifator
2017-01-02,ITSA4,-0.14787044200342336,0.00029574088400684674,ISE,Multifator
2017-01-02,ITUB4,-0.04445207573990792,8.890415147981585e-05,ISE,Multifator
2017-01-02,KLBN11,-0.07999940934798869,0.00015999881869597737,ISE,Multifator
2017-01-02,LREN3,-0.14600965067760835,0.0002920193013552167,ISE,Multifator
2017-01-02,SANB11,0.1108610785056463,0.0002217221570112926,ISE,Multifator
2017-01-02,SULA11,-0.09855881213097535,0.00019711762426195072,ISE,Multifator
2017-01-02,WEGE3,-0.1055752912100519,0.0002111505824201038,ISE,Multifator
2018-01-02,AXIA3,-0.0925813128610315,0.000185162625722063,ISE,Multifator
2018-01-02,BBAS3,-0.13673556908337237,0.0002734711381667447,ISE,Multifator
2018-01-02,BBDC4,-0.015120468724099723,3.0240937448199446e-05,ISE,Multifator
2018-01-02,CLSC4,-0.053712540384008495,0.00010742508076801699,ISE,Multifator
2018-01-02,CPFE3,-0.08601453019896885,0.00017202906039793768,ISE,Multifator
2018-01-02,EGIE3,0.014411480604655302,2.8822961209310605e-05,ISE,Multifator
2018-01-02,ENBR3,0.018624938547456935,3.724987709491387e-05,ISE,Multifator
2018-01-02,FLRY3,-0.055927904782546056,0.00011185580956509212,ISE,Multifator
2018-01-02,ITSA4,0.13716013477163455,0.0002743202695432691,ISE,Multifator
2018-01-02,ITUB4,-0.013421685423302548,2.6843370846605096e-05,ISE,Multifator
2018-01-02,LREN3,0.13716013477163455,0.0002743202695432691,ISE,Multifator
2018-01-02,SANB11,-0.13049431735542358,0.00026098863471084717,ISE,Multifator
2018-01-02,TIMS3,0.13716013477163455,0.0002743202695432691,ISE,Multifator
2018-01-02,VIVT3,0.13716013477163455,0.0002743202695432691,ISE,Multifator
2019-01-02,BBAS3,0.169448603228745,0.00033889720645749,ISE,Multifator
2019-01-02,BBDC4,-0.011404538858838492,2.2809077717676985e-05,ISE,Multifator
2019-01-02,CLSC4,-0.2501947485717761,0.0005003894971435522,ISE,Multifator
2019-01-02,CMIG4,0.169448603228745,0.00033889720645749,ISE,Multifator
2019-01-02,CPLE6,0.169448603228745,0.00033889720645749,ISE,Multifator
2019-01-02,EGIE3,-0.024052554504883278,4.810510900976655e-05,ISE,Multifator
2019-01-02,ENBR3,0.02001399750502697,4.002799501005394e-05,ISE,Multifator
2019-01-02,FLRY3,-0.09628160793181739,0.00019256321586363478,ISE,Multifator
2019-01-02,ITSA4,-0.017129499472944093,3.4258998945888184e-05,ISE,Multifator
2019-01-02,ITUB4,-0.015772228085659812,3.1544456171319626e-05,ISE,Multifator
2019-01-02,LREN3,-0.17128770324973625,0.0003425754064994725,ISE,Multifator
2019-01-02,SANB11,0.169448603228745,0.00033889720645749,ISE,Multifator
2019-01-02,TIMS3,-0.12842093891945383,0.0002568418778389077,ISE,Multifator
2019-01-02,VIVT3,0.01388293883739744,2.776587767479488e-05,ISE,Multifator
2020-01-02,AESB3,0.2304818085642892,0.00046096361712857843,ISE,Multifator
2020-01-02,AXIA3,0.2304818085642892,0.00046096361712857843,ISE,Multifator
2020-01-02,BBAS3,0.03294625611220897,6.589251222441795e-05,ISE,Multifator
2020-01-02,BBDC4,-0.199885898281936,0.00039977179656387204,ISE,Multifator
2020-01-02,CMIG4,-0.17322903698315217,0.00034645807396630434,ISE,Multifator
2020-01-02,CPLE6,-0.1643408441867358,0.0003286816883734716,ISE,Multifator
2020-01-02,EGIE3,-0.036907644499527575,7.381528899905515e-05,ISE,Multifator
2020-01-02,ENBR3,-0.03700892557614774,7.401785115229547e-05,ISE,Multifator
2020-01-02,ITSA4,0.019783471317840196,3.956694263568039e-05,ISE,Multifator
2020-01-02,ITUB4,0.042285945326134056,8.457189065226811e-05,ISE,Multifator
2020-01-02,SANB11,0.03234707494920239,6.469414989840478e-05,ISE,Multifator
2020-01-02,VIVT3,-0.21071762015691928,0.00042143524031383855,ISE,Multifator
2020-01-02,WEGE3,0.2304818085642892,0.00046096361712857843,ISE,Multifator
2021-01-04,AESB3,-0.014785523780829757,2.9571047561659515e-05,ISE,Multifator
2021-01-04,AXIA3,-0.22425811487673974,0.0004485162297534795,ISE,Multifator
2021-01-04,BBAS3,-0.16752775932550695,0.0003350555186510139,ISE,Multifator
2021-01-04,CMIG4,0.24059021250871204,0.0004811804250174241,ISE,Multifator
2021-01-04,CPFE3,0.24059021250871204,0.0004811804250174241,ISE,Multifator
2021-01-04,CPLE6,-0.01542101485722136,3.084202971444272e-05,ISE,Multifator
2021-01-04,EGIE3,0.03990046393691274,7.980092787382548e-05,ISE,Multifator
2021-01-04,ENBR3,0.03234427100758383,6.468854201516767e-05,ISE,Multifator
2021-01-04,ITSA4,0.04499570118956456,8.999140237912912e-05,ISE,Multifator
2021-01-04,ITUB4,-0.19515771972001983,0.00039031543944003966,ISE,Multifator
2021-01-04,SANB11,-0.2153981068813177,0.0004307962137626354,ISE,Multifator
2021-01-04,TIMS3,0.24059021250871204,0.0004811804250174241,ISE,Multifator
2021-01-04,VIVT3,0.24059021250871204,0.0004811804250174241,ISE,Multifator
2021-01-04,WEGE3,-0.2513801059904755,0.000502760211980951,ISE,Multifator
2022-01-03,AESB3,-0.16396263319359994,0.00032792526638719986,ISE,Multifator
2022-01-03,CMIG4,-0.03685264493829152,7.370528987658304e-05,ISE,Multifator
2022-01-03,CPFE3,0.00435751519286573,8.71503038573146e-06,ISE,Multifator
2022-01-03,CPLE6,-0.023251387083835534,4.650277416767107e-05,ISE,Multifator
2022-01-03,EGIE3,0.009712968399085642,1.9425936798171284e-05,ISE,Multifator
2022-01-03,ENBR3,-0.03843313960016018,7.686627920032035e-05,ISE,Multifator
2022-01-03,ITSA4,0.024646374039990454,4.929274807998091e-05,ISE,Multifator
2022-01-03,MBRF3,0.22968563278599233,0.0004593712655719847,ISE,Multifator
2022-01-03,NEOE3,0.22968563278599233,0.0004593712655719847,ISE,Multifator
2022-01-03,TIMS3,0.011742327696056432,2.3484655392112865e-05,ISE,Multifator
2022-01-03,VIVT3,-0.040524020416920964,8.104804083384192e-05,ISE,Multifator
2022-01-03,WEGE3,-0.20885003428801605,0.0004177000685760321,ISE,Multifator
2023-01-02,CMIG4,-0.06084070640079073,0.00012168141280158145,ISE,Multifator
2023-01-02,CPFE3,-0.07252231448768107,0.00014504462897536213,ISE,Multifator
2023-01-02,CPLE6,-0.06293405834663998,0.00012586811669327997,ISE,Multifator
2023-01-02,EGIE3,-0.2424149397136703,0.0004848298794273406,ISE,Multifator
2023-01-02,ENBR3,-0.007343176861057343,1.4686353722114687e-05,ISE,Multifator
2023-01-02,ISAE4,0.2413124673846709,0.0004826249347693418,ISE,Multifator
2023-01-02,ITSA4,-0.008962093602382343,1.7924187204764687e-05,ISE,Multifator
2023-01-02,MBRF3,-0.11050574057041664,0.00022101148114083327,ISE,Multifator
2023-01-02,NEOE3,0.01253521002725147,2.507042005450294e-05,ISE,Multifator
2023-01-02,RANI3,0.2413124673846709,0.0004826249347693418,ISE,Multifator
2023-01-02,SAPR11,0.2413124673846709,0.0004826249347693418,ISE,Multifator
2023-01-02,TIMS3,0.013023702315910324,2.6047404631820647e-05,ISE,Multifator
2023-01-02,VIVT3,-0.18697727775901385,0.0003739545555180277,ISE,Multifator
2024-01-02,ALOS3,0.34268208717320214,0.0006853641743464043,ISE,Multifator
2024-01-02,BBAS3,0.34268208717320214,0.0006853641743464043,ISE,Multifator
2024-01-02,CMIG4,0.0625286396919757,0.0001250572793839514,ISE,Multifator
2024-01-02,CPFE3,0.028245103202690913,5.649020640538183e-05,ISE,Multifator
2024-01-02,CPLE6,-0.3311200167393996,0.0006622400334787992,ISE,Multifator
2024-01-02,ISAE4,0.03970118105899373,7.940236211798746e-05,ISE,Multifator
2024-01-02,ITSA4,0.012704111990110512,2.5408223980221023e-05,ISE,Multifator
2024-01-02,NEOE3,-0.01888334413736853,3.776668827473706e-05,ISE,Multifator
2024-01-02,RANI3,-0.35898211544260755,0.0007179642308852151,ISE,Multifator
2024-01-02,SAPR11,-0.08886237651254619,0.00017772475302509238,ISE,Multifator
2024-01-02,TIMS3,-0.06315317636654155,0.0001263063527330831,ISE,Multifator
2024-01-02,VIVT3,0.34268208717320214,0.0006853641743464043,ISE,Multifator
2025-01-02,ABEV3,0.32750096168718923,0.0006550019233743785,ISE,Multifator
2025-01-02,ALOS3,-0.26319752944018304,0.0005263950588803661,ISE,Multifator
2025-01-02,AXIA3,0.32750096168718923,0.0006550019233743785,ISE,Multifator
2025-01-02,BBAS3,-0.3244839808162883,0.0006489679616325767,ISE,Multifator
2025-01-02,CMIG4,-0.1643915282424971,0.00032878305648499417,ISE,Multifator
2025-01-02,CPFE3,0.04718146587612526,9.436293175225053e-05,ISE,Multifator
2025-01-02,CSMG3,0.32750096168718923,0.0006550019233743785,ISE,Multifator
2025-01-02,ISAE4,0.027981130469602877,5.596226093920575e-05,ISE,Multifator
2025-01-02,ITSA4,-3.1121117888166516e-05,6.224223577633303e-08,ISE,Multifator
2025-01-02,NEOE3,0.001414849829141973,2.8296996582839462e-06,ISE,Multifator
2025-01-02,SAPR11,-0.015735407300520643,3.1470814601041286e-05,ISE,Multifator
2025-01-02,TIMS3,-0.29994241178699615,0.0005998848235739923,ISE,Multifator
2025-01-02,VBBR3,0.32750096168718923,0.0006550019233743785,ISE,Multifator
2025-01-02,VIVT3,-0.32435675427105104,0.0006487135085421021,ISE,Multifator
2016-01-04,AXIA3,0.03992015968063873,7.984031936127746e-05,ISE,Uniao_TCC
2016-01-04,BBAS3,0.03992015968063873,7.984031936127746e-05,ISE,Uniao_TCC
2016-01-04,BRFS3,0.03992015968063873,7.984031936127746e-05,ISE,Uniao_TCC
2016-01-04,BRKM5,0.03992015968063873,7.984031936127746e-05,ISE,Uniao_TCC
2016-01-04,CESP6,0.03992015968063873,7.984031936127746e-05,ISE,Uniao_TCC
2016-01-04,CIEL3,0.03992015968063873,7.984031936127746e-05,ISE,Uniao_TCC
2016-01-04,CMIG4,0.03992015968063873,7.984031936127746e-05,ISE,Uniao_TCC
2016-01-04,CPLE6,0.03992015968063873,7.984031936127746e-05,ISE,Uniao_TCC
2016-01-04,DXCO3,0.03992015968063873,7.984031936127746e-05,ISE,Uniao_TCC
2016-01-04,EMBJ3,0.03992015968063873,7.984031936127746e-05,ISE,Uniao_TCC
2016-01-04,ENBR3,0.03992015968063873,7.984031936127746e-05,ISE,Uniao_TCC
2016-01-04,EVEN3,0.03992015968063873,7.984031936127746e-05,ISE,Uniao_TCC
2016-01-04,FLRY3,0.03992015968063873,7.984031936127746e-05,ISE,Uniao_TCC
2016-01-04,ITSA4,0.03992015968063873,7.984031936127746e-05,ISE,Uniao_TCC
2016-01-04,ITUB4,0.03992015968063873,7.984031936127746e-05,ISE,Uniao_TCC
2016-01-04,KLBN11,0.03992015968063873,7.984031936127746e-05,ISE,Uniao_TCC
2016-01-04,LAME4,0.03992015968063873,7.984031936127746e-05,ISE,Uniao_TCC
2016-01-04,LIGT3,0.03992015968063873,7.984031936127746e-05,ISE,Uniao_TCC
2016-01-04,LREN3,0.03992015968063873,7.984031936127746e-05,ISE,Uniao_TCC
2016-01-04,MOTV3,0.03992015968063873,7.984031936127746e-05,ISE,Uniao_TCC
2016-01-04,NATU3,0.03992015968063873,7.984031936127746e-05,ISE,Uniao_TCC
2016-01-04,SANB11,0.03992015968063873,7.984031936127746e-05,ISE,Uniao_TCC
2016-01-04,SULA11,0.03992015968063873,7.984031936127746e-05,ISE,Uniao_TCC
2016-01-04,VIVT3,0.03992015968063873,7.984031936127746e-05,ISE,Uniao_TCC
2016-01-04,WEGE3,0.03992015968063873,7.984031936127746e-05,ISE,Uniao_TCC
2017-01-02,AESB3,0.0547548448686499,0.0001095096897372998,ISE,Uniao_TCC
2017-01-02,AXIA3,-0.11066018861371665,0.00022132037722743332,ISE,Uniao_TCC
2017-01-02,BBAS3,-0.02603213362301454,5.206426724602909e-05,ISE,Uniao_TCC
2017-01-02,BBDC4,0.0547548448686499,0.0001095096897372998,ISE,Uniao_TCC
2017-01-02,BRFS3,0.018958692259274518,3.791738451854904e-05,ISE,Uniao_TCC
2017-01-02,BRKM5,-0.0009080691391123857,1.8161382782247714e-06,ISE,Uniao_TCC
2017-01-02,CESP6,-0.04171655571203974,8.343311142407949e-05,ISE,Uniao_TCC
2017-01-02,CIEL3,0.01354152403035231,2.708304806070462e-05,ISE,Uniao_TCC
2017-01-02,CLSC4,0.0547548448686499,0.0001095096897372998,ISE,Uniao_TCC
2017-01-02,CMIG4,-0.005020847929587645,1.004169585917529e-05,ISE,Uniao_TCC
2017-01-02,CPFE3,0.0547548448686499,0.0001095096897372998,ISE,Uniao_TCC
2017-01-02,CPLE6,0.005463204105740471,1.0926408211480943e-05,ISE,Uniao_TCC
2017-01-02,DXCO3,0.006944483656711846,1.3888967313423692e-05,ISE,Uniao_TCC
2017-01-02,ECOR3,0.0547548448686499,0.0001095096897372998,ISE,Uniao_TCC
2017-01-02,EGIE3,0.0547548448686499,0.0001095096897372998,ISE,Uniao_TCC
2017-01-02,EMBJ3,0.032853626061681726,6.570725212336346e-05,ISE,Uniao_TCC
2017-01-02,ENBR3,0.0021300614110023736,4.260122822004747e-06,ISE,Uniao_TCC
2017-01-02,EVEN3,-0.037047091339687824,7.409418267937565e-05,ISE,Uniao_TCC
2017-01-02,FLRY3,-0.042467881020342296,8.49357620406846e-05,ISE,Uniao_TCC
2017-01-02,ITSA4,-0.05914817680136935,0.0001182963536027387,ISE,Uniao_TCC
2017-01-02,ITUB4,-0.007370416829571791,1.4740833659143582e-05,ISE,Uniao_TCC
2017-01-02,KLBN11,-0.03199976373919547,6.399952747839094e-05,ISE,Uniao_TCC
2017-01-02,LAME4,-0.04269980392183673,8.539960784367347e-05,ISE,Uniao_TCC
2017-01-02,LIGT3,-0.025734247694474494,5.146849538894899e-05,ISE,Uniao_TCC
2017-01-02,LREN3,-0.0036490154023934365,7.298030804786873e-06,ISE,Uniao_TCC
2017-01-02,MOTV3,0.00041796225290180455,8.359245058036091e-07,ISE,Uniao_TCC
2017-01-02,MRVE3,0.0547548448686499,0.0001095096897372998,ISE,Uniao_TCC
2017-01-02,NATU3,0.016273003915541248,3.25460078310825e-05,ISE,Uniao_TCC
2017-01-02,SANB11,-0.02625242234987632,5.250484469975264e-05,ISE,Uniao_TCC
2017-01-02,SULA11,-0.03942352485239014,7.884704970478028e-05,ISE,Uniao_TCC
2017-01-02,VIVT3,0.005742411309351353,1.1484822618702706e-05,ISE,Uniao_TCC
2017-01-02,WEGE3,0.012524728384629147,2.5049456769258295e-05,ISE,Uniao_TCC
2018-01-02,AESB3,0.014918252734575727,2.9836505469151453e-05,ISE,Uniao_TCC
2018-01-02,AMER3,0.06816599866932782,0.00013633199733865565,ISE,Uniao_TCC
2018-01-02,AXIA3,-0.04572637657664079,9.145275315328158e-05,ISE,Uniao_TCC
2018-01-02,BBAS3,0.0006316126241361769,1.2632252482723538e-06,ISE,Uniao_TCC
2018-01-02,BBDC4,-0.007046158142665002,1.4092316285330003e-05,ISE,Uniao_TCC
2018-01-02,BRFS3,-0.0426036131124726,8.52072262249452e-05,ISE,Uniao_TCC
2018-01-02,BRKM5,-0.00448640722552375,8.9728144510475e-06,ISE,Uniao_TCC
2018-01-02,CIEL3,0.00795917828199224,1.591835656398448e-05,ISE,Uniao_TCC
2018-01-02,CLSC4,-0.026106976649770713,5.221395329954143e-05,ISE,Uniao_TCC
2018-01-02,CMIG4,0.016557229654181285,3.311445930836257e-05,ISE,Uniao_TCC
2018-01-02,CPFE3,0.0256829891137743,5.13659782275486e-05,ISE,Uniao_TCC
2018-01-02,CPLE6,0.013975720972128333,2.7951441944256667e-05,ISE,Uniao_TCC
2018-01-02,DXCO3,-0.009567215118999259,1.9134430237998518e-05,ISE,Uniao_TCC
2018-01-02,ECOR3,-0.019161057061619205,3.832211412323841e-05,ISE,Uniao_TCC
2018-01-02,EGIE3,0.007539820326617666,1.5079640653235332e-05,ISE,Uniao_TCC
2018-01-02,EMBJ3,-0.07149145468525112,0.00014298290937050223,ISE,Uniao_TCC
2018-01-02,ENBR3,0.009620868419677062,1.9241736839354124e-05,ISE,Uniao_TCC
2018-01-02,FLRY3,-0.027201156280751648,5.4402312561503296e-05,ISE,Uniao_TCC
2018-01-02,ITSA4,0.06816599866932782,0.00013633199733865565,ISE,Uniao_TCC
2018-01-02,ITUB4,-0.006207120516886669,1.2414241033773337e-05,ISE,Uniao_TCC
2018-01-02,LIGT3,0.015812133715671577,3.162426743134315e-05,ISE,Uniao_TCC
2018-01-02,LREN3,-0.025116270306045532,5.0232540612091066e-05,ISE,Uniao_TCC
2018-01-02,MOTV3,0.008710688432637795,1.742137686527559e-05,ISE,Uniao_TCC
2018-01-02,MRVE3,-0.010536640136370068,2.1073280272740136e-05,ISE,Uniao_TCC
2018-01-02,NATU3,-0.011404171770476104,2.280834354095221e-05,ISE,Uniao_TCC
2018-01-02,SANB11,0.0037141982777893906,7.428396555578781e-06,ISE,Uniao_TCC
2018-01-02,TIMS3,0.06816599866932782,0.00013633199733865565,ISE,Uniao_TCC
2018-01-02,VIVT3,9.884478284288845e-06,1.976895656857769e-08,ISE,Uniao_TCC
2018-01-02,WEGE3,-0.02429712007737679,4.859424015475358e-05,ISE,Uniao_TCC
2019-01-02,AESB3,0.030614201448153543,6.122840289630709e-05,ISE,Uniao_TCC
2019-01-02,AMER3,-0.058052045345153264,0.00011610409069030653,ISE,Uniao_TCC
2019-01-02,AXIA3,0.08850485006107064,0.0001770097001221413,ISE,Uniao_TCC
2019-01-02,BBAS3,-0.017453301229818835,3.490660245963767e-05,ISE,Uniao_TCC
2019-01-02,BBDC4,-0.001375748725242848,2.751497450485696e-06,ISE,Uniao_TCC
2019-01-02,BRKM5,0.0066610813499018845,1.332216269980377e-05,ISE,Uniao_TCC
2019-01-02,CIEL3,0.05833213340949414,0.00011666426681898828,ISE,Uniao_TCC
2019-01-02,CLSC4,-0.12434206868206954,0.0002486841373641391,ISE,Uniao_TCC
2019-01-02,CMIG4,-0.06197124870369655,0.00012394249740739312,ISE,Uniao_TCC
2019-01-02,CPFE3,-0.10268202838307285,0.0002053640567661457,ISE,Uniao_TCC
2019-01-02,CPLE6,-0.0023411487618350962,4.6822975236701924e-06,ISE,Uniao_TCC
2019-01-02,DXCO3,-0.006103632106893686,1.2207264213787373e-05,ISE,Uniao_TCC
2019-01-02,ECOR3,0.031170556120672856,6.234111224134571e-05,ISE,Uniao_TCC
2019-01-02,EGIE3,-0.007661573824010753,1.5323147648021507e-05,ISE,Uniao_TCC
2019-01-02,ENBR3,0.01423867095681182,2.847734191362364e-05,ISE,Uniao_TCC
2019-01-02,FLRY3,0.0406547078233984,8.130941564679681e-05,ISE,Uniao_TCC
2019-01-02,ITSA4,-0.004220946116254606,8.441892232509214e-06,ISE,Uniao_TCC
2019-01-02,ITUB4,-0.0035464078494792245,7.092815698958449e-06,ISE,Uniao_TCC
2019-01-02,KLBN11,0.08850485006107064,0.0001770097001221413,ISE,Uniao_TCC
2019-01-02,LIGT3,0.02065719636925631,4.131439273851262e-05,ISE,Uniao_TCC
2019-01-02,LREN3,0.0033780938703323465,6.756187740664693e-06,ISE,Uniao_TCC
2019-01-02,MOTV3,-0.05211211009259383,0.00010422422018518767,ISE,Uniao_TCC
2019-01-02,MRVE3,0.020260356742995325,4.052071348599065e-05,ISE,Uniao_TCC
2019-01-02,NATU3,-0.010373036241045755,2.074607248209151e-05,ISE,Uniao_TCC
2019-01-02,SANB11,-0.012157052976794702,2.4314105953589406e-05,ISE,Uniao_TCC
2019-01-02,TIMS3,0.02468206681525191,4.936413363050382e-05,ISE,Uniao_TCC
2019-01-02,VIVT3,0.011191650496566272,2.2383300993132544e-05,ISE,Uniao_TCC
2019-01-02,WEGE3,0.023688071840179917,4.7376143680359834e-05,ISE,Uniao_TCC
2020-01-02,AESB3,-0.010628062357229962,2.1256124714459925e-05,ISE,Uniao_TCC
2020-01-02,AMER3,-0.13572948120088313,0.0002714589624017663,ISE,Uniao_TCC
2020-01-02,AXIA3,-0.005259703270500432,1.0519406541000864e-05,ISE,Uniao_TCC
2020-01-02,BBAS3,0.03444655886829902,6.889311773659804e-05,ISE,Uniao_TCC
2020-01-02,BBDC4,0.03321894765581686,6.643789531163371e-05,ISE,Uniao_TCC
2020-01-02,BRKM5,-0.0572621909213064,0.00011452438184261279,ISE,Uniao_TCC
2020-01-02,CIEL3,-0.08336685125557289,0.0001667337025111458,ISE,Uniao_TCC
2020-01-02,CMIG4,0.047142116495177355,9.428423299035472e-05,ISE,Uniao_TCC
2020-01-02,CPLE6,-0.06859864125867068,0.00013719728251734137,ISE,Uniao_TCC
2020-01-02,DXCO3,-0.12977403958357914,0.0002595480791671583,ISE,Uniao_TCC
2020-01-02,ECOR3,-0.01079707389365217,2.159414778730434e-05,ISE,Uniao_TCC
2020-01-02,EGIE3,-0.0020388938413749003,4.0777876827498005e-06,ISE,Uniao_TCC
2020-01-02,ENBR3,-0.002091794050225776,4.183588100451552e-06,ISE,Uniao_TCC
2020-01-02,FLRY3,-0.005586311481785816,1.1172622963571632e-05,ISE,Uniao_TCC
2020-01-02,ITSA4,0.02757149308189584,5.514298616379168e-05,ISE,Uniao_TCC
2020-01-02,ITUB4,0.03932478021533231,7.864956043066463e-05,ISE,Uniao_TCC
2020-01-02,KLBN11,0.032020771046849056,6.404154209369812e-05,ISE,Uniao_TCC
2020-01-02,LIGT3,0.009407980172929514,1.8815960345859027e-05,ISE,Uniao_TCC
2020-01-02,LREN3,0.007433659734960046,1.4867319469920094e-05,ISE,Uniao_TCC
2020-01-02,MOTV3,0.13762152825946808,0.00027524305651893617,ISE,Uniao_TCC
2020-01-02,MOVI3,0.13762152825946808,0.00027524305651893617,ISE,Uniao_TCC
2020-01-02,MRVE3,-0.027904191890138347,5.5808383780276694e-05,ISE,Uniao_TCC
2020-01-02,NATU3,-0.010400145766013197,2.0800291532026395e-05,ISE,Uniao_TCC
2020-01-02,SANB11,0.03413360002425514,6.826720004851028e-05,ISE,Uniao_TCC
2020-01-02,TIMS3,0.018148017103059896,3.6296034206119795e-05,ISE,Uniao_TCC
2020-01-02,VIVT3,0.027561421407846065,5.5122842815692134e-05,ISE,Uniao_TCC
2020-01-02,WEGE3,-0.03856232577216137,7.712465154432274e-05,ISE,Uniao_TCC
2021-01-04,AESB3,-0.03447189899929619,6.894379799859238e-05,ISE,Uniao_TCC
2021-01-04,AMER3,0.11801388427131908,0.00023602776854263815,ISE,Uniao_TCC
2021-01-04,AXIA3,-0.015891453794941404,3.178290758988281e-05,ISE,Uniao_TCC
2021-01-04,BBAS3,0.017982448350728056,3.596489670145611e-05,ISE,Uniao_TCC
2021-01-04,BBDC4,-0.10956976492227592,0.00021913952984455184,ISE,Uniao_TCC
2021-01-04,BEEF3,0.11801388427131908,0.00023602776854263815,ISE,Uniao_TCC
2021-01-04,BPAC11,0.11801388427131908,0.00023602776854263815,ISE,Uniao_TCC
2021-01-04,CIEL3,0.11801388427131908,0.00023602776854263815,ISE,Uniao_TCC
2021-01-04,CMIG4,-0.035319280223418056,7.063856044683611e-05,ISE,Uniao_TCC
2021-01-04,CPFE3,0.11801388427131908,0.00023602776854263815,ISE,Uniao_TCC
2021-01-04,CPLE6,-0.034851353038090185,6.970270607618037e-05,ISE,Uniao_TCC
2021-01-04,ECOR3,0.006143615803057861,1.2287231606115723e-05,ISE,Uniao_TCC
2021-01-04,EGIE3,-0.001818696341026646,3.637392682053292e-06,ISE,Uniao_TCC
2021-01-04,ENBR3,-0.00633052668996098,1.266105337992196e-05,ISE,Uniao_TCC
2021-01-04,FLRY3,-0.004659342118877266,9.318684237754532e-06,ISE,Uniao_TCC
2021-01-04,ITSA4,0.001223688400409137,2.447376800818274e-06,ISE,Uniao_TCC
2021-01-04,ITUB4,0.001484498256845504,2.968996513691008e-06,ISE,Uniao_TCC
2021-01-04,KLBN11,-0.07608324407088253,0.00015216648814176507,ISE,Uniao_TCC
2021-01-04,LIGT3,-0.019895555871775536,3.979111174355107e-05,ISE,Uniao_TCC
2021-01-04,LREN3,0.016190938448335898,3.23818768966718e-05,ISE,Uniao_TCC
2021-01-04,MBRF3,0.11801388427131908,0.00023602776854263815,ISE,Uniao_TCC
2021-01-04,MOTV3,-0.099839497389224,0.000199678994778448,ISE,Uniao_TCC
2021-01-04,MOVI3,-0.1434805877315291,0.0002869611754630582,ISE,Uniao_TCC
2021-01-04,MRVE3,-0.11836725737082268,0.00023673451474164536,ISE,Uniao_TCC
2021-01-04,NATU3,-0.06866759274862634,0.0001373351854972527,ISE,Uniao_TCC
2021-01-04,NEOE3,0.11801388427131908,0.00023602776854263815,ISE,Uniao_TCC
2021-01-04,PCAR3,0.11801388427131908,0.00023602776854263815,ISE,Uniao_TCC
2021-01-04,SANB11,-0.12861499498748785,0.00025722998997497573,ISE,Uniao_TCC
2021-01-04,SUZB3,0.11801388427131908,0.00023602776854263815,ISE,Uniao_TCC
2021-01-04,TIMS3,-0.01295251200798124,2.590502401596248e-05,ISE,Uniao_TCC
2021-01-04,VIVT3,-0.023022662214506148,4.60453244290123e-05,ISE,Uniao_TCC
2021-01-04,WEGE3,-0.17574338669035,0.0003514867733807,ISE,Uniao_TCC
2022-01-03,AESB3,-0.08042665999070749,0.00016085331998141498,ISE,Uniao_TCC
2022-01-03,AMBP3,0.09716940211241223,0.00019433880422482447,ISE,Uniao_TCC
2022-01-03,AMER3,-0.04869367722185341,9.738735444370681e-05,ISE,Uniao_TCC
2022-01-03,AXIA3,-0.019126122334546927,3.8252244669093856e-05,ISE,Uniao_TCC
2022-01-03,AZZA3,0.09716940211241223,0.00019433880422482447,ISE,Uniao_TCC
2022-01-03,BBAS3,-0.0003096430068713768,6.192860137427536e-07,ISE,Uniao_TCC
2022-01-03,BEEF3,-0.03738699414367244,7.477398828734489e-05,ISE,Uniao_TCC
2022-01-03,BPAC11,-0.10366913145698418,0.00020733826291396837,ISE,Uniao_TCC
2022-01-03,BRKM5,0.09716940211241223,0.00019433880422482447,ISE,Uniao_TCC
2022-01-03,CIEL3,0.026902342142171715,5.380468428434343e-05,ISE,Uniao_TCC
2022-01-03,CMIG4,-0.03357248108074262,6.714496216148524e-05,ISE,Uniao_TCC
2022-01-03,CPFE3,-0.01335814643342273,2.671629286684546e-05,ISE,Uniao_TCC
2022-01-03,CPLE6,-0.026900816204425124,5.380163240885025e-05,ISE,Uniao_TCC
2022-01-03,CSAN3,0.09716940211241223,0.00019433880422482447,ISE,Uniao_TCC
2022-01-03,DXCO3,0.09716940211241223,0.00019433880422482447,ISE,Uniao_TCC
2022-01-03,ECOR3,-0.06429693101059455,0.0001285938620211891,ISE,Uniao_TCC
2022-01-03,EGIE3,-0.010731199026422888,2.1462398052845777e-05,ISE,Uniao_TCC
2022-01-03,ENBR3,-0.03434774251873837,6.869548503747674e-05,ISE,Uniao_TCC
2022-01-03,FLRY3,0.020235404483233133,4.047080896646627e-05,ISE,Uniao_TCC
2022-01-03,ITSA4,-0.003406091380913037,6.812182761826074e-06,ISE,Uniao_TCC
2022-01-03,ITUB4,-0.08511048843644489,0.0001702209768728898,ISE,Uniao_TCC
2022-01-03,KLBN11,-0.0209162483092709,4.18324966185418e-05,ISE,Uniao_TCC
2022-01-03,LIGT3,0.03979024513715846,7.958049027431692e-05,ISE,Uniao_TCC
2022-01-03,LREN3,-0.07253197220795153,0.00014506394441590306,ISE,Uniao_TCC
2022-01-03,MBRF3,-0.1025535704707061,0.0002051071409414122,ISE,Uniao_TCC
2022-01-03,MDIA3,0.09716940211241223,0.00019433880422482447,ISE,Uniao_TCC
2022-01-03,MRVE3,0.09716940211241223,0.00019433880422482447,ISE,Uniao_TCC
2022-01-03,MYPK3,0.09716940211241223,0.00019433880422482447,ISE,Uniao_TCC
2022-01-03,NATU3,-0.05879129838787993,0.00011758259677575986,ISE,Uniao_TCC
2022-01-03,NEOE3,-0.011450733747034383,2.290146749406877e-05,ISE,Uniao_TCC
2022-01-03,PCAR3,-0.16308328601627323,0.00032616657203254646,ISE,Uniao_TCC
2022-01-03,RADL3,0.09716940211241223,0.00019433880422482447,ISE,Uniao_TCC
2022-01-03,SIMH3,0.09716940211241223,0.00019433880422482447,ISE,Uniao_TCC
2022-01-03,SUZB3,-0.11937614692268268,0.00023875229384536536,ISE,Uniao_TCC
2022-01-03,TIMS3,-0.009735761303830734,1.947152260766147e-05,ISE,Uniao_TCC
2022-01-03,VBBR3,0.09716940211241223,0.00019433880422482447,ISE,Uniao_TCC
2022-01-03,VIVT3,-0.035373357668088606,7.074671533617722e-05,ISE,Uniao_TCC
2022-01-03,WEGE3,-0.005275346240077125,1.055069248015425e-05,ISE,Uniao_TCC
2023-01-02,ABEV3,0.0756365444984899,0.00015127308899697982,ISE,Uniao_TCC
2023-01-02,AESB3,0.0756365444984899,0.00015127308899697982,ISE,Uniao_TCC
2023-01-02,ALOS3,0.0756365444984899,0.00015127308899697982,ISE,Uniao_TCC
2023-01-02,AMBP3,-0.04833837105973878,9.667674211947756e-05,ISE,Uniao_TCC
2023-01-02,AMER3,0.0756365444984899,0.00015127308899697982,ISE,Uniao_TCC
2023-01-02,ASAI3,0.0756365444984899,0.00015127308899697982,ISE,Uniao_TCC
2023-01-02,AXIA3,-0.04761390183924892,9.522780367849784e-05,ISE,Uniao_TCC
2023-01-02,AZUL3,0.0756365444984899,0.00015127308899697982,ISE,Uniao_TCC
2023-01-02,AZZA3,-0.1021701950553504,0.0002043403901107008,ISE,Uniao_TCC
2023-01-02,BBAS3,-0.05008044010792077,0.00010016088021584154,ISE,Uniao_TCC
2023-01-02,BEEF3,-0.12258295876003897,0.0002451659175200779,ISE,Uniao_TCC
2023-01-02,BRKM5,0.03434206243541271,6.868412487082543e-05,ISE,Uniao_TCC
2023-01-02,CBAV3,0.0756365444984899,0.00015127308899697982,ISE,Uniao_TCC
2023-01-02,CIEL3,-0.16083855325135615,0.00032167710650271233,ISE,Uniao_TCC
2023-01-02,CMIG4,-0.05219053326417135,0.0001043810665283427,ISE,Uniao_TCC
2023-01-02,COGN3,0.0756365444984899,0.00015127308899697982,ISE,Uniao_TCC
2023-01-02,CPFE3,-0.057132483092492845,0.00011426496618498569,ISE,Uniao_TCC
2023-01-02,CPLE6,-0.05307613396336068,0.00010615226792672136,ISE,Uniao_TCC
2023-01-02,CSAN3,-0.07633931552631491,0.00015267863105262983,ISE,Uniao_TCC
2023-01-02,DXCO3,-0.050535708597464916,0.00010107141719492983,ISE,Uniao_TCC
2023-01-02,EGIE3,-0.026918040520074446,5.383608104014889e-05,ISE,Uniao_TCC
2023-01-02,ENBR3,-0.029558194894489784,5.911638978897957e-05,ISE,Uniao_TCC
2023-01-02,FLRY3,-0.0932140522002317,0.0001864281044004634,ISE,Uniao_TCC
2023-01-02,GFSA3,0.0756365444984899,0.00015127308899697982,ISE,Uniao_TCC
2023-01-02,HYPE3,0.0756365444984899,0.00015127308899697982,ISE,Uniao_TCC
2023-01-02,ISAE4,0.0756365444984899,0.00015127308899697982,ISE,Uniao_TCC
2023-01-02,ITSA4,-0.030243083931371303,6.048616786274261e-05,ISE,Uniao_TCC
2023-01-02,ITUB4,0.0756365444984899,0.00015127308899697982,ISE,Uniao_TCC
2023-01-02,KLBN11,-0.08146970898701703,0.00016293941797403407,ISE,Uniao_TCC
2023-01-02,LIGT3,0.036934297370526434,7.386859474105287e-05,ISE,Uniao_TCC
2023-01-02,MBRF3,0.02888666027207181,5.777332054414362e-05,ISE,Uniao_TCC
2023-01-02,MDIA3,-0.07189723039996111,0.00014379446079992224,ISE,Uniao_TCC
2023-01-02,MOTV3,0.0756365444984899,0.00015127308899697982,ISE,Uniao_TCC
2023-01-02,MRVE3,0.009982891545907771,1.9965783091815544e-05,ISE,Uniao_TCC
2023-01-02,MYPK3,-0.003616544646368944,7.233089292737888e-06,ISE,Uniao_TCC
2023-01-02,NEOE3,-0.021148565848619474,4.229713169723895e-05,ISE,Uniao_TCC
2023-01-02,PCAR3,-0.0005687434528091062,1.1374869056182124e-06,ISE,Uniao_TCC
2023-01-02,RADL3,-0.02266620243968548,4.533240487937096e-05,ISE,Uniao_TCC
2023-01-02,RANI3,0.0756365444984899,0.00015127308899697982,ISE,Uniao_TCC
2023-01-02,SIMH3,-0.05916695587945507,0.00011833391175891015,ISE,Uniao_TCC
2023-01-02,SLCE3,0.0756365444984899,0.00015127308899697982,ISE,Uniao_TCC
2023-01-02,STBP3,0.0756365444984899,0.00015127308899697982,ISE,Uniao_TCC
2023-01-02,TIMS3,-0.02094190728208331,4.1883814564166625e-05,ISE,Uniao_TCC
2023-01-02,USIM5,0.0756365444984899,0.00015127308899697982,ISE,Uniao_TCC
2023-01-02,VBBR3,-0.07374368295062955,0.0001474873659012591,ISE,Uniao_TCC
2023-01-02,VIVT3,-0.003464921570909954,6.929843141819908e-06,ISE,Uniao_TCC
2023-01-02,WEGE3,-0.04204579736705494,8.409159473410988e-05,ISE,Uniao_TCC
2024-01-02,ABEV3,0.02644023825602372,5.288047651204744e-05,ISE,Uniao_TCC
2024-01-02,AERI3,0.10333802383689861,0.0002066760476737972,ISE,Uniao_TCC
2024-01-02,AESB3,0.008195212605661223,1.6390425211322445e-05,ISE,Uniao_TCC
2024-01-02,ALOS3,-0.019722435665056312,3.9444871330112626e-05,ISE,Uniao_TCC
2024-01-02,AMER3,-0.007538526029749824,1.5077052059499649e-05,ISE,Uniao_TCC
2024-01-02,ASAI3,-0.05206998305631846,0.00010413996611263691,ISE,Uniao_TCC
2024-01-02,AXIA3,-0.078286102577884,0.000156572205155768,ISE,Uniao_TCC
2024-01-02,AZUL3,-0.0046092775380320306,9.21855507606406e-06,ISE,Uniao_TCC
2024-01-02,BBAS3,-0.03212700995944262,6.425401991888524e-05,ISE,Uniao_TCC
2024-01-02,BPAC11,0.10333802383689861,0.0002066760476737972,ISE,Uniao_TCC
2024-01-02,BRFS3,0.10333802383689861,0.0002066760476737972,ISE,Uniao_TCC
2024-01-02,BRKM5,-0.06873088565740496,0.00013746177131480992,ISE,Uniao_TCC
2024-01-02,CBAV3,0.06594106075609019,0.00013188212151218039,ISE,Uniao_TCC
2024-01-02,CIEL3,-0.07110110706840406,0.00014220221413680813,ISE,Uniao_TCC
2024-01-02,CMIG4,-0.08781079123873398,0.00017562158247746797,ISE,Uniao_TCC
2024-01-02,COGN3,-0.02063212263966202,4.126424527932404e-05,ISE,Uniao_TCC
2024-01-02,CPFE3,0.004781462761483099,9.562925522966198e-06,ISE,Uniao_TCC
2024-01-02,CPLE6,-0.10378566077370131,0.00020757132154740262,ISE,Uniao_TCC
2024-01-02,CSAN3,0.10333802383689861,0.0002066760476737972,ISE,Uniao_TCC
2024-01-02,ECOR3,0.10333802383689861,0.0002066760476737972,ISE,Uniao_TCC
2024-01-02,EGIE3,0.006701206155764541,1.3402412311529082e-05,ISE,Uniao_TCC
2024-01-02,GFSA3,0.052059008508930756,0.00010411801701786151,ISE,Uniao_TCC
2024-01-02,HYPE3,-0.06272650859362797,0.00012545301718725594,ISE,Uniao_TCC
2024-01-02,ISAE4,0.0083722351403306,1.67444702806612e-05,ISE,Uniao_TCC
2024-01-02,ITSA4,-8.967749140399717e-05,1.7935498280799433e-07,ISE,Uniao_TCC
2024-01-02,ITUB4,-0.10840210660488196,0.00021680421320976394,ISE,Uniao_TCC
2024-01-02,KLBN11,0.10333802383689861,0.0002066760476737972,ISE,Uniao_TCC
2024-01-02,LIGT3,-0.12861697867036348,0.000257233957340727,ISE,Uniao_TCC
2024-01-02,MBRF3,0.015538753510837569,3.107750702167514e-05,ISE,Uniao_TCC
2024-01-02,MDIA3,-0.08271815373430472,0.00016543630746860944,ISE,Uniao_TCC
2024-01-02,MOTV3,-0.10446447205947192,0.00020892894411894385,ISE,Uniao_TCC
2024-01-02,MOVI3,0.10333802383689861,0.0002066760476737972,ISE,Uniao_TCC
2024-01-02,MRVE3,-0.11046645236581815,0.0002209329047316363,ISE,Uniao_TCC
2024-01-02,MYPK3,0.01842919405755221,3.685838811510442e-05,ISE,Uniao_TCC
2024-01-02,NEOE3,-0.11332841659955982,0.00022665683319911964,ISE,Uniao_TCC
2024-01-02,PCAR3,0.08366594973573477,0.00016733189947146953,ISE,Uniao_TCC
2024-01-02,RADL3,0.0034322595897014196,6.864519179402839e-06,ISE,Uniao_TCC
2024-01-02,RANI3,-0.009180682896782713,1.8361365793565427e-05,ISE,Uniao_TCC
2024-01-02,RIAA3,0.10333802383689861,0.0002066760476737972,ISE,Uniao_TCC
2024-01-02,SAPR11,0.10333802383689861,0.0002066760476737972,ISE,Uniao_TCC
2024-01-02,SLCE3,0.032419672492423,6.483934498484601e-05,ISE,Uniao_TCC
2024-01-02,STBP3,0.005456084178405415,1.0912168356810831e-05,ISE,Uniao_TCC
2024-01-02,TIMS3,-0.023866249122808936,4.773249824561787e-05,ISE,Uniao_TCC
2024-01-02,USIM5,0.00035195192622977656,7.039038524595531e-07,ISE,Uniao_TCC
2024-01-02,VBBR3,0.10333802383689861,0.0002066760476737972,ISE,Uniao_TCC
2024-01-02,VIVT3,-0.011331909622965458,2.2663819245930917e-05,ISE,Uniao_TCC
2024-01-02,WEGE3,0.029558414788372817,5.911682957674564e-05,ISE,Uniao_TCC
2025-01-02,ABEV3,-0.003730382802850443,7.460765605700887e-06,ISE,Uniao_TCC
2025-01-02,AERI3,0.046950030242358456,9.390006048471692e-05,ISE,Uniao_TCC
2025-01-02,ALOS3,-0.07936893578378255,0.0001587378715675651,ISE,Uniao_TCC
2025-01-02,AMBP3,0.0885227993640276,0.0001770455987280552,ISE,Uniao_TCC
2025-01-02,AURE3,0.03791608553907355,7.58321710781471e-05,ISE,Uniao_TCC
2025-01-02,AZUL3,0.06293433636517072,0.00012586867273034144,ISE,Uniao_TCC
2025-01-02,BBAS3,-0.009327466522025193,1.8654933044050386e-05,ISE,Uniao_TCC
2025-01-02,BHIA3,0.0885227993640276,0.0001770455987280552,ISE,Uniao_TCC
2025-01-02,BPAC11,-0.07731217315738724,0.00015462434631477448,ISE,Uniao_TCC
2025-01-02,BRFS3,-0.10945145848033441,0.00021890291696066884,ISE,Uniao_TCC
2025-01-02,CBAV3,-0.09286041108206396,0.0001857208221641279,ISE,Uniao_TCC
2025-01-02,CEAB3,0.0885227993640276,0.0001770455987280552,ISE,Uniao_TCC
2025-01-02,CMIG4,0.0885227993640276,0.0001770455987280552,ISE,Uniao_TCC
2025-01-02,COGN3,0.05530700783628538,0.00011061401567257077,ISE,Uniao_TCC
2025-01-02,CPFE3,0.003990622677972885,7.981245355945771e-06,ISE,Uniao_TCC
2025-01-02,CPLE6,0.0885227993640276,0.0001770455987280552,ISE,Uniao_TCC
2025-01-02,CSAN3,0.04388501893121778,8.777003786243557e-05,ISE,Uniao_TCC
2025-01-02,CSMG3,0.0885227993640276,0.0001770455987280552,ISE,Uniao_TCC
2025-01-02,DASA3,0.0885227993640276,0.0001770455987280552,ISE,Uniao_TCC
2025-01-02,ECOR3,-0.04717616324795327,9.435232649590654e-05,ISE,Uniao_TCC
2025-01-02,EGIE3,0.0012366277966486122,2.4732555932972246e-06,ISE,Uniao_TCC
2025-01-02,GFSA3,0.0738615117074537,0.0001477230234149074,ISE,Uniao_TCC
2025-01-02,ISAE4,-0.09032216335936692,0.00018064432671873384,ISE,Uniao_TCC
2025-01-02,ITSA4,-0.010246641605184945,2.0493283210369888e-05,ISE,Uniao_TCC
2025-01-02,ITUB4,0.0885227993640276,0.0001770455987280552,ISE,Uniao_TCC
2025-01-02,KLBN11,-0.039768801513416,7.9537603026832e-05,ISE,Uniao_TCC
2025-01-02,MBRF3,-0.21443514906762734,0.0004288702981352547,ISE,Uniao_TCC
2025-01-02,MOVI3,-0.034676144792184095,6.935228958436819e-05,ISE,Uniao_TCC
2025-01-02,MTRE3,0.0885227993640276,0.0001770455987280552,ISE,Uniao_TCC
2025-01-02,MYPK3,-0.011344622390205228,2.2689244780410455e-05,ISE,Uniao_TCC
2025-01-02,NEOE3,0.0885227993640276,0.0001770455987280552,ISE,Uniao_TCC
2025-01-02,PCAR3,0.0236590736347652,4.73181472695304e-05,ISE,Uniao_TCC
2025-01-02,PSSA3,0.0885227993640276,0.0001770455987280552,ISE,Uniao_TCC
2025-01-02,RADL3,0.010508112338628958,2.1016224677257918e-05,ISE,Uniao_TCC
2025-01-02,RANI3,-0.06916424267429067,0.00013832848534858135,ISE,Uniao_TCC
2025-01-02,RIAA3,-0.1004706253812837,0.00020094125076256742,ISE,Uniao_TCC
2025-01-02,SAPR11,-0.10350517114194875,0.0002070103422838975,ISE,Uniao_TCC
2025-01-02,SLCE3,-0.10197090225289834,0.0002039418045057967,ISE,Uniao_TCC
2025-01-02,STBP3,-0.09080672162077022,0.00018161344324154043,ISE,Uniao_TCC
2025-01-02,SUZB3,0.0885227993640276,0.0001770455987280552,ISE,Uniao_TCC
2025-01-02,TIMS3,-0.001926795928869629,3.8535918577392584e-06,ISE,Uniao_TCC
2025-01-02,USIM5,0.0281049332644372,5.62098665288744e-05,ISE,Uniao_TCC
2025-01-02,VBBR3,0.002833644352391834,5.6672887047836686e-06,ISE,Uniao_TCC
2025-01-02,VIVT3,-0.09781189988953144,0.00019562379977906288,ISE,Uniao_TCC
2025-01-02,WEGE3,-0.06311442303898346,0.00012622884607796692,ISE,Uniao_TCC
2016-01-04,AMER3,0.03326679973386561,6.653359946773121e-05,ISE,Universo_EW
2016-01-04,AXIA3,0.03326679973386561,6.653359946773121e-05,ISE,Universo_EW
2016-01-04,BBAS3,0.03326679973386561,6.653359946773121e-05,ISE,Universo_EW
2016-01-04,BBDC4,0.03326679973386561,6.653359946773121e-05,ISE,Universo_EW
2016-01-04,BRFS3,0.03326679973386561,6.653359946773121e-05,ISE,Universo_EW
2016-01-04,BRKM5,0.03326679973386561,6.653359946773121e-05,ISE,Universo_EW
2016-01-04,CESP6,0.03326679973386561,6.653359946773121e-05,ISE,Universo_EW
2016-01-04,CIEL3,0.03326679973386561,6.653359946773121e-05,ISE,Universo_EW
2016-01-04,CMIG4,0.03326679973386561,6.653359946773121e-05,ISE,Universo_EW
2016-01-04,CPFE3,0.03326679973386561,6.653359946773121e-05,ISE,Universo_EW
2016-01-04,CPLE6,0.03326679973386561,6.653359946773121e-05,ISE,Universo_EW
2016-01-04,DXCO3,0.03326679973386561,6.653359946773121e-05,ISE,Universo_EW
2016-01-04,ECOR3,0.03326679973386561,6.653359946773121e-05,ISE,Universo_EW
2016-01-04,EMBJ3,0.03326679973386561,6.653359946773121e-05,ISE,Universo_EW
2016-01-04,ENBR3,0.03326679973386561,6.653359946773121e-05,ISE,Universo_EW
2016-01-04,EVEN3,0.03326679973386561,6.653359946773121e-05,ISE,Universo_EW
2016-01-04,FLRY3,0.03326679973386561,6.653359946773121e-05,ISE,Universo_EW
2016-01-04,ITSA4,0.03326679973386561,6.653359946773121e-05,ISE,Universo_EW
2016-01-04,ITUB4,0.03326679973386561,6.653359946773121e-05,ISE,Universo_EW
2016-01-04,KLBN11,0.03326679973386561,6.653359946773121e-05,ISE,Universo_EW
2016-01-04,LAME4,0.03326679973386561,6.653359946773121e-05,ISE,Universo_EW
2016-01-04,LIGT3,0.03326679973386561,6.653359946773121e-05,ISE,Universo_EW
2016-01-04,LREN3,0.03326679973386561,6.653359946773121e-05,ISE,Universo_EW
2016-01-04,MOTV3,0.03326679973386561,6.653359946773121e-05,ISE,Universo_EW
2016-01-04,NATU3,0.03326679973386561,6.653359946773121e-05,ISE,Universo_EW
2016-01-04,SANB11,0.03326679973386561,6.653359946773121e-05,ISE,Universo_EW
2016-01-04,SULA11,0.03326679973386561,6.653359946773121e-05,ISE,Universo_EW
2016-01-04,TIMS3,0.03326679973386561,6.653359946773121e-05,ISE,Universo_EW
2016-01-04,VIVT3,0.03326679973386561,6.653359946773121e-05,ISE,Universo_EW
2016-01-04,WEGE3,0.03326679973386561,6.653359946773121e-05,ISE,Universo_EW
2017-01-02,AESB3,0.04451562109468993,8.903124218937986e-05,ISE,Universo_EW
2017-01-02,AMER3,0.021097997796686797,4.21959955933736e-05,ISE,Universo_EW
2017-01-02,AXIA3,-0.09333024014061553,0.00018666048028123105,ISE,Universo_EW
2017-01-02,BBAS3,-0.022806860981697097,4.56137219633942e-05,ISE,Universo_EW
2017-01-02,BBDC4,-0.013716289399977231,2.7432578799954465e-05,ISE,Universo_EW
2017-01-02,BRFS3,0.014685493920210447,2.9370987840420895e-05,ISE,Universo_EW
2017-01-02,BRKM5,-0.0018701405784453048,3.7402811568906097e-06,ISE,Universo_EW
2017-01-02,CESP6,-0.034763796426699786,6.952759285339958e-05,ISE,Universo_EW
2017-01-02,CIEL3,0.010171187062775276,2.0342374125550553e-05,ISE,Universo_EW
2017-01-02,CLSC4,0.04451562109468993,8.903124218937986e-05,ISE,Universo_EW
2017-01-02,CMIG4,-0.005297456237174682,1.0594912474349364e-05,ISE,Universo_EW
2017-01-02,CPFE3,-0.014314977533531593,2.862995506706319e-05,ISE,Universo_EW
2017-01-02,CPLE6,0.0034392537922654023,6.878507584530805e-06,ISE,Universo_EW
2017-01-02,DXCO3,0.00467365341807488,9.34730683614976e-06,ISE,Universo_EW
2017-01-02,ECOR3,-0.013925113641644754,2.785022728328951e-05,ISE,Universo_EW
2017-01-02,EGIE3,0.04451562109468993,8.903124218937986e-05,ISE,Universo_EW
2017-01-02,EMBJ3,0.026264605422216453,5.252921084443291e-05,ISE,Universo_EW
2017-01-02,ENBR3,0.0006616348799836566,1.3232697599673133e-06,ISE,Universo_EW
2017-01-02,EVEN3,-0.030872576116406522,6.174515223281305e-05,ISE,Universo_EW
2017-01-02,FLRY3,-0.0365033171461369,7.30066342922738e-05,ISE,Universo_EW
2017-01-02,ITSA4,-0.00477452623978452,9.54905247956904e-06,ISE,Universo_EW
2017-01-02,ITUB4,-0.0072554303204948115,1.4510860640989624e-05,ISE,Universo_EW
2017-01-02,KLBN11,0.017849151312027037,3.5698302624054074e-05,ISE,Universo_EW
2017-01-02,LAME4,0.00893245115982598,1.786490231965196e-05,ISE,Universo_EW
2017-01-02,LIGT3,-0.022558622707913728,4.511724541582746e-05,ISE,Universo_EW
2017-01-02,LREN3,-0.004154262464512844,8.308524929025688e-06,ISE,Universo_EW
2017-01-02,MOTV3,-0.0007651144184334865,1.5302288368669731e-06,ISE,Universo_EW
2017-01-02,MRVE3,0.04451562109468993,8.903124218937986e-05,ISE,Universo_EW
2017-01-02,NATU3,0.012447420300432721,2.4894840600865444e-05,ISE,Universo_EW
2017-01-02,SANB11,-0.02299043492074858,4.598086984149716e-05,ISE,Universo_EW
2017-01-02,SULA11,0.011662683717698144,2.332536743539629e-05,ISE,Universo_EW
2017-01-02,TIMS3,0.005638395581640206,1.1276791163280412e-05,ISE,Universo_EW
2017-01-02,VIVT3,0.003671926461941137,7.343852923882274e-06,ISE,Universo_EW
2017-01-02,WEGE3,0.009323857358005963,1.8647714716011925e-05,ISE,Universo_EW
2018-01-02,AESB3,0.021703374310823483,4.3406748621646964e-05,ISE,Universo_EW
2018-01-02,AMER3,-0.02438071947055273,4.8761438941105464e-05,ISE,Universo_EW
2018-01-02,AXIA3,-0.03717548755003964,7.435097510007929e-05,ISE,Universo_EW
2018-01-02,BBAS3,0.010088353587120215,2.017670717424043e-05,ISE,Universo_EW
2018-01-02,BBDC4,0.003846335458373845,7.69267091674769e-06,ISE,Universo_EW
2018-01-02,BRFS3,-0.034636684719482363,6.927336943896473e-05,ISE,Universo_EW
2018-01-02,BRKM5,0.005927409785177154,1.1854819570354308e-05,ISE,Universo_EW
2018-01-02,CIEL3,0.01604565539582911,3.2091310791658225e-05,ISE,Universo_EW
2018-01-02,CLSC4,-0.011650086391645609,2.330017278329122e-05,ISE,Universo_EW
2018-01-02,CMIG4,0.023035860517498445,4.607172103499689e-05,ISE,Universo_EW
2018-01-02,CPFE3,0.030455091660953268,6.0910183321906535e-05,ISE,Universo_EW
2018-01-02,CPLE6,0.020937097154756855,4.187419430951371e-05,ISE,Universo_EW
2018-01-02,DXCO3,0.001796719257545626,3.593438515091252e-06,ISE,Universo_EW
2018-01-02,ECOR3,-0.0060030623651494,1.2006124730298801e-05,ISE,Universo_EW
2018-01-02,EGIE3,0.015704717897251946,3.1409435794503894e-05,ISE,Universo_EW
2018-01-02,EMBJ3,-0.058122464156573274,0.00011624492831314655,ISE,Universo_EW
2018-01-02,ENBR3,0.017396607420684773,3.4793214841369545e-05,ISE,Universo_EW
2018-01-02,FLRY3,-0.012539653077098187,2.5079306154196373e-05,ISE,Universo_EW
2018-01-02,ITSA4,0.001959783187485631,3.919566374971262e-06,ISE,Universo_EW
2018-01-02,ITUB4,0.004528472009448635,9.05694401889727e-06,ISE,Universo_EW
2018-01-02,KLBN11,0.01617138731149642,3.234277462299284e-05,ISE,Universo_EW
2018-01-02,LAME4,0.020493654202299157,4.098730840459831e-05,ISE,Universo_EW
2018-01-02,LIGT3,0.022430098441878328,4.4860196883756654e-05,ISE,Universo_EW
2018-01-02,LREN3,-0.010844643360637646,2.168928672127529e-05,ISE,Universo_EW
2018-01-02,MOTV3,0.016656632217975226,3.331326443595045e-05,ISE,Universo_EW
2018-01-02,MRVE3,0.0010085779185186466,2.0171558370372933e-06,ISE,Universo_EW
2018-01-02,NATU3,0.0003032757739474673,6.065515478949346e-07,ISE,Universo_EW
2018-01-02,SANB11,0.01259449190746676,2.518898381493352e-05,ISE,Universo_EW
2018-01-02,SULA11,-0.05622515991669616,0.00011245031983339232,ISE,Universo_EW
2018-01-02,TIMS3,-0.012002700186518597,2.4005400373037195e-05,ISE,Universo_EW
2018-01-02,VIVT3,0.009582889374208294,1.9165778748416586e-05,ISE,Universo_EW
2018-01-02,WEGE3,-0.010178675238793428,2.0357350477586855e-05,ISE,Universo_EW
2019-01-02,AESB3,0.02810006594445834,5.6200131888916676e-05,ISE,Universo_EW
2019-01-02,AMER3,-0.05643987842164984,0.00011287975684329968,ISE,Universo_EW
2019-01-02,AXIA3,0.08329663047777712,0.00016659326095555424,ISE,Universo_EW
2019-01-02,BBAS3,-0.01773049697184967,3.5460993943699335e-05,ISE,Universo_EW
2019-01-02,BBDC4,-0.002401153017001695,4.80230603400339e-06,ISE,Universo_EW
2019-01-02,BRKM5,0.00526166335343127,1.0523326706862541e-05,ISE,Universo_EW
2019-01-02,CIEL3,0.05452807559527614,0.00010905615119055229,ISE,Universo_EW
2019-01-02,CLSC4,-0.11855550391406074,0.00023711100782812148,ISE,Universo_EW
2019-01-02,CMIG4,-0.0601766919879564,0.00012035338397591281,ISE,Universo_EW
2019-01-02,CPFE3,-0.09790346699956862,0.00019580693399913723,ISE,Universo_EW
2019-01-02,CPLE6,-0.003321625782413809,6.6432515648276186e-06,ISE,Universo_EW
2019-01-02,DXCO3,-0.006909012687502394,1.381802537500479e-05,ISE,Universo_EW
2019-01-02,ECOR3,0.028630529280436114,5.726105856087223e-05,ISE,Universo_EW
2019-01-02,EGIE3,-0.008394451745250553,1.6788903490501106e-05,ISE,Universo_EW
2019-01-02,ENBR3,0.012486611143210993,2.4973222286421986e-05,ISE,Universo_EW
2019-01-02,FLRY3,0.03767331259771388,7.534662519542776e-05,ISE,Universo_EW
2019-01-02,ITSA4,-0.005113942131752952,1.0227884263505904e-05,ISE,Universo_EW
2019-01-02,ITUB4,-0.004470795166494165,8.94159033298833e-06,ISE,Universo_EW
2019-01-02,KLBN11,0.02165899091929517,4.331798183859034e-05,ISE,Universo_EW
2019-01-02,LAME4,0.005727224771449921,1.1454449542899842e-05,ISE,Universo_EW
2019-01-02,LIGT3,0.0186064346488279,3.72128692976558e-05,ISE,Universo_EW
2019-01-02,LREN3,0.002131457791393329,4.262915582786658e-06,ISE,Universo_EW
2019-01-02,MOTV3,0.03360968592605452,6.721937185210904e-05,ISE,Universo_EW
2019-01-02,MRVE3,0.01822806293309963,3.6456125866199256e-05,ISE,Universo_EW
2019-01-02,NATU3,-0.01097972957280191,2.1959459145603822e-05,ISE,Universo_EW
2019-01-02,SANB11,-0.012680722690735557,2.5361445381471114e-05,ISE,Universo_EW
2019-01-02,TIMS3,0.02244399782411892,4.488799564823784e-05,ISE,Universo_EW
2019-01-02,VIVT3,0.009581391293406807,1.9162782586813614e-05,ISE,Universo_EW
2019-01-02,WEGE3,0.02149626085619845,4.29925217123969e-05,ISE,Universo_EW
2020-01-02,AESB3,-0.03176413147490535,6.352826294981071e-05,ISE,Universo_EW
2020-01-02,AMER3,-0.019980789354887576,3.9961578709775155e-05,ISE,Universo_EW
2020-01-02,AXIA3,-0.026711682679039714,5.342336535807943e-05,ISE,Universo_EW
2020-01-02,BBAS3,0.010657996414785528,2.1315992829571057e-05,ISE,Universo_EW
2020-01-02,BBDC4,0.00950262608800749,1.9005252176014982e-05,ISE,Universo_EW
2020-01-02,BRFS3,0.10776145790872631,0.0002155229158174526,ISE,Universo_EW
2020-01-02,BRKM5,0.053868958749316034,0.00010773791749863207,ISE,Universo_EW
2020-01-02,CIEL3,0.029300471891128388,5.8600943782256774e-05,ISE,Universo_EW
2020-01-02,CMIG4,0.022606462195199933,4.5212924390399865e-05,ISE,Universo_EW
2020-01-02,CPLE6,-0.08632333230970891,0.00017264666461941784,ISE,Universo_EW
2020-01-02,DXCO3,-0.014375805906113343,2.8751611812226684e-05,ISE,Universo_EW
2020-01-02,ECOR3,-0.03192319723781133,6.384639447562266e-05,ISE,Universo_EW
2020-01-02,EGIE3,-0.023680407300661135,4.736081460132227e-05,ISE,Universo_EW
2020-01-02,ENBR3,-0.023730194506060717,4.7460389012121435e-05,ISE,Universo_EW
2020-01-02,FLRY3,-0.02701907107038408,5.4038142140768157e-05,ISE,Universo_EW
2020-01-02,ITSA4,0.004187505657213764,8.375011314427528e-06,ISE,Universo_EW
2020-01-02,ITUB4,0.01524915046625562,3.0498300932511242e-05,ISE,Universo_EW
2020-01-02,KLBN11,0.008374958235054339,1.6749916470108677e-05,ISE,Universo_EW
2020-01-02,LAME4,-0.007034080714793445,1.406816142958689e-05,ISE,Universo_EW
2020-01-02,LIGT3,-0.012907144205618865,2.581428841123773e-05,ISE,Universo_EW
2020-01-02,LREN3,-0.014765282373784633,2.9530564747569266e-05,ISE,Universo_EW
2020-01-02,MOTV3,-0.03101987194186477,6.203974388372954e-05,ISE,Universo_EW
2020-01-02,MOVI3,0.10776145790872631,0.0002155229158174526,ISE,Universo_EW
2020-01-02,MRVE3,-0.048023617557260215,9.604723511452043e-05,ISE,Universo_EW
2020-01-02,NATU3,-0.03154962702610696,6.309925405221392e-05,ISE,Universo_EW
2020-01-02,SANB11,0.010363454170274788,2.0726908340549578e-05,ISE,Universo_EW
2020-01-02,TIMS3,-0.004681429727498784,9.362859454997569e-06,ISE,Universo_EW
2020-01-02,VBBR3,0.10776145790872631,0.0002155229158174526,ISE,Universo_EW
2020-01-02,VIVT3,0.004178026668084492,8.356053336168984e-06,ISE,Universo_EW
2020-01-02,WEGE3,-0.05805455528486443,0.00011610911056972886,ISE,Universo_EW
2021-01-04,AESB3,-0.041437025851293496,8.287405170258699e-05,ISE,Universo_EW
2021-01-04,AMER3,-0.04675104199184654,9.350208398369309e-05,ISE,Universo_EW
2021-01-04,AXIA3,-0.026888024040766637,5.377604808153328e-05,ISE,Universo_EW
2021-01-04,BBAS3,-0.0003638230204677656,7.276460409355312e-07,ISE,Universo_EW
2021-01-04,BBDC4,-0.00783259808955973,1.566519617911946e-05,ISE,Universo_EW
2021-01-04,BEEF3,0.07796355430078075,0.0001559271086015615,ISE,Universo_EW
2021-01-04,BPAC11,0.07796355430078075,0.0001559271086015615,ISE,Universo_EW
2021-01-04,BRFS3,0.013450842057070395,2.690168411414079e-05,ISE,Universo_EW
2021-01-04,BRKM5,-0.004807172208479954,9.614344416959907e-06,ISE,Universo_EW
2021-01-04,CIEL3,0.028245666623722118,5.649133324744424e-05,ISE,Universo_EW
2021-01-04,CMIG4,-0.042100548755527545,8.420109751105509e-05,ISE,Universo_EW
2021-01-04,CPFE3,0.07796355430078075,0.0001559271086015615,ISE,Universo_EW
2021-01-04,CPLE6,-0.041734148844672136,8.346829768934428e-05,ISE,Universo_EW
2021-01-04,CSAN3,0.07796355430078075,0.0001559271086015615,ISE,Universo_EW
2021-01-04,DXCO3,-0.04118837046005719,8.237674092011438e-05,ISE,Universo_EW
2021-01-04,ECOR3,-0.009633955908898692,1.9267911817797384e-05,ISE,Universo_EW
2021-01-04,EGIE3,-0.01586866624690042,3.173733249380084e-05,ISE,Universo_EW
2021-01-04,ENBR3,-0.019401554032605947,3.88031080652119e-05,ISE,Universo_EW
2021-01-04,FLRY3,-0.01809297035320502,3.618594070641004e-05,ISE,Universo_EW
2021-01-04,ITSA4,-0.013486394959821985,2.697278991964397e-05,ISE,Universo_EW
2021-01-04,ITUB4,-0.01328217363833252,2.656434727666504e-05,ISE,Universo_EW
2021-01-04,KLBN11,-0.07401985840059519,0.00014803971680119038,ISE,Universo_EW
2021-01-04,LAME4,-0.024627642273062855,4.925528454612571e-05,ISE,Universo_EW
2021-01-04,LIGT3,-0.03002334656531737,6.004669313063474e-05,ISE,Universo_EW
2021-01-04,LREN3,-0.0017666247578217997,3.5332495156435994e-06,ISE,Universo_EW
2021-01-04,MBRF3,0.07796355430078075,0.0001559271086015615,ISE,Universo_EW
2021-01-04,MDIA3,0.07796355430078075,0.0001559271086015615,ISE,Universo_EW
2021-01-04,MOTV3,-0.00021352984882114234,4.270596976422847e-07,ISE,Universo_EW
2021-01-04,MOVI3,-0.03438570900924033,6.877141801848067e-05,ISE,Universo_EW
2021-01-04,MRVE3,-0.01472127767469715,2.94425553493943e-05,ISE,Universo_EW
2021-01-04,NATU3,-0.06821319858555183,0.00013642639717110366,ISE,Universo_EW
2021-01-04,NEOE3,0.07796355430078075,0.0001559271086015615,ISE,Universo_EW
2021-01-04,PCAR3,0.07796355430078075,0.0001559271086015615,ISE,Universo_EW
2021-01-04,PETR4,0.07796355430078075,0.0001559271086015615,ISE,Universo_EW
2021-01-04,SANB11,-0.022745539284086444,4.549107856817289e-05,ISE,Universo_EW
2021-01-04,SUZB3,0.07796355430078075,0.0001559271086015615,ISE,Universo_EW
2021-01-04,TIMS3,-0.024586751444268515,4.917350288853703e-05,ISE,Universo_EW
2021-01-04,VBBR3,-0.0019235574557194823,3.847114911438965e-06,ISE,Universo_EW
2021-01-04,VIVT3,-0.03247195720632799,6.494391441265599e-05,ISE,Universo_EW
2021-01-04,WEGE3,-0.15205650281147098,0.00030411300562294195,ISE,Universo_EW
2022-01-03,AESB3,0.008669860020077788,1.7339720040155576e-05,ISE,Universo_EW
2022-01-03,AMBP3,0.06180215298825218,0.00012360430597650436,ISE,Universo_EW
2022-01-03,AMER3,0.02963363170254714,5.926726340509428e-05,ISE,Universo_EW
2022-01-03,AXIA3,-0.01502620065116602,3.0052401302332042e-05,ISE,Universo_EW
2022-01-03,AZUL3,0.06180215298825218,0.00012360430597650436,ISE,Universo_EW
2022-01-03,AZZA3,0.06180215298825218,0.00012360430597650436,ISE,Universo_EW
2022-01-03,BBAS3,-0.002595463226745219,5.190926453490438e-06,ISE,Universo_EW
2022-01-03,BBDC4,-0.0049480713788660965,9.896142757732193e-06,ISE,Universo_EW
2022-01-03,BEEF3,-0.027089886883179586,5.417977376635917e-05,ISE,Universo_EW
2022-01-03,BHIA3,0.06180215298825218,0.00012360430597650436,ISE,Universo_EW
2022-01-03,BPAC11,-0.006684822163582856,1.3369644327165712e-05,ISE,Universo_EW
2022-01-03,BRFS3,-0.022476884756655387,4.4953769513310773e-05,ISE,Universo_EW
2022-01-03,BRKM5,-0.15264984121111946,0.0003052996824222389,ISE,Universo_EW
2022-01-03,CIEL3,0.015381600191673749,3.07632003833475e-05,ISE,Universo_EW
2022-01-03,CMIG4,-0.02456990376298123,4.9139807525962465e-05,ISE,Universo_EW
2022-01-03,CPFE3,-0.011215700682035014,2.2431401364070027e-05,ISE,Universo_EW
2022-01-03,CPLE6,-0.02016239942505476,4.032479885010952e-05,ISE,Universo_EW
2022-01-03,CSAN3,-0.023934749816122695,4.786949963224539e-05,ISE,Universo_EW
2022-01-03,DXCO3,-0.011989561854735674,2.397912370947135e-05,ISE,Universo_EW
2022-01-03,ECOR3,0.01932564860768831,3.865129721537662e-05,ISE,Universo_EW
2022-01-03,EGIE3,-0.009480259483098892,1.8960518966197786e-05,ISE,Universo_EW
2022-01-03,ENBR3,-0.025082065002242894,5.016413000448579e-05,ISE,Universo_EW
2022-01-03,FLRY3,0.010977218797044067,2.1954437594088132e-05,ISE,Universo_EW
2022-01-03,ITSA4,-0.0046410710163689375,9.282142032737875e-06,ISE,Universo_EW
2022-01-03,ITUB4,0.005575580769635921,1.1151161539271843e-05,ISE,Universo_EW
2022-01-03,KLBN11,-0.016208812209944697,3.2417624419889396e-05,ISE,Universo_EW
2022-01-03,LAME4,-0.04365128030712229,8.730256061424457e-05,ISE,Universo_EW
2022-01-03,LIGT3,0.023895740126791847,4.77914802535837e-05,ISE,Universo_EW
2022-01-03,LREN3,0.013885330415269147,2.7770660830538294e-05,ISE,Universo_EW
2022-01-03,MBRF3,-0.0701409053581592,0.0001402818107163184,ISE,Universo_EW
2022-01-03,MDIA3,0.0031692873192854104,6.338574638570821e-06,ISE,Universo_EW
2022-01-03,MGLU3,0.06180215298825218,0.00012360430597650436,ISE,Universo_EW
2022-01-03,MOTV3,-0.006305540840894887,1.2611081681789774e-05,ISE,Universo_EW
2022-01-03,MOVI3,0.0015151215747213412,3.0302431494426822e-06,ISE,Universo_EW
2022-01-03,MRVE3,0.012833962204886869,2.5667924409773738e-05,ISE,Universo_EW
2022-01-03,MYPK3,0.06180215298825218,0.00012360430597650436,ISE,Universo_EW
2022-01-03,NATU3,0.022962836643583506,4.592567328716701e-05,ISE,Universo_EW
2022-01-03,NEOE3,-0.009955605961253285,1.991121192250657e-05,ISE,Universo_EW
2022-01-03,PCAR3,-0.1101286728474335,0.000220257345694867,ISE,Universo_EW
2022-01-03,PETR4,-0.09651787611673526,0.00019303575223347054,ISE,Universo_EW
2022-01-03,RADL3,0.06180215298825218,0.00012360430597650436,ISE,Universo_EW
2022-01-03,RAIL3,0.06180215298825218,0.00012360430597650436,ISE,Universo_EW
2022-01-03,SANB11,0.0015024014894049753,3.0048029788099507e-06,ISE,Universo_EW
2022-01-03,SIMH3,0.06180215298825218,0.00012360430597650436,ISE,Universo_EW
2022-01-03,SULA11,0.06180215298825218,0.00012360430597650436,ISE,Universo_EW
2022-01-03,SUZB3,-0.017061353371960318,3.412270674392064e-05,ISE,Universo_EW
2022-01-03,TIMS3,-0.008822643106707669,1.764528621341534e-05,ISE,Universo_EW
2022-01-03,VBBR3,-0.017530313709797053,3.506062741959411e-05,ISE,Universo_EW
2022-01-03,VIVT3,-0.025759617502796463,5.151923500559293e-05,ISE,Universo_EW
2022-01-03,WEGE3,-0.00587595751819265,1.17519150363853e-05,ISE,Universo_EW
2023-01-02,ABEV3,0.03754629799253567,7.509259598507134e-05,ISE,Universo_EW
2023-01-02,AERI3,0.03754629799253567,7.509259598507134e-05,ISE,Universo_EW
2023-01-02,AESB3,-0.0171937065278569,3.43874130557138e-05,ISE,Universo_EW
2023-01-02,ALOS3,0.03754629799253567,7.509259598507134e-05,ISE,Universo_EW
2023-01-02,AMBP3,0.006801893493876401,1.3603786987752803e-05,ISE,Universo_EW
2023-01-02,AMER3,0.019093134652904884,3.8186269305809766e-05,ISE,Universo_EW
2023-01-02,ASAI3,0.03754629799253567,7.509259598507134e-05,ISE,Universo_EW
2023-01-02,AXIA3,-0.04084404685720691,8.168809371441383e-05,ISE,Universo_EW
2023-01-02,AZUL3,0.011479050830622114,2.2958101661244228e-05,ISE,Universo_EW
2023-01-02,AZZA3,-0.027436483504313228,5.487296700862646e-05,ISE,Universo_EW
2023-01-02,B3SA3,0.03754629799253567,7.509259598507134e-05,ISE,Universo_EW
2023-01-02,BBAS3,-0.0424128264536429,8.48256529072858e-05,ISE,Universo_EW
2023-01-02,BBDC4,-0.01452665663019799,2.905331326039598e-05,ISE,Universo_EW
2023-01-02,BEEF3,-0.04041950818044279,8.083901636088559e-05,ISE,Universo_EW
2023-01-02,BHIA3,0.008879034856775703,1.7758069713551407e-05,ISE,Universo_EW
2023-01-02,BPAC11,-0.03329863464739653,6.659726929479306e-05,ISE,Universo_EW
2023-01-02,BPAN4,0.03754629799253567,7.509259598507134e-05,ISE,Universo_EW
2023-01-02,BRFS3,0.016360030227871202,3.272006045574241e-05,ISE,Universo_EW
2023-01-02,BRKM5,0.011281981833828617,2.2563963667657236e-05,ISE,Universo_EW
2023-01-02,CBAV3,0.03754629799253567,7.509259598507134e-05,ISE,Universo_EW
2023-01-02,CIEL3,-0.11285773713922956,0.00022571547427845912,ISE,Universo_EW
2023-01-02,CMIG4,-0.04375489810610812,8.750979621221625e-05,ISE,Universo_EW
2023-01-02,COGN3,0.03754629799253567,7.509259598507134e-05,ISE,Universo_EW
2023-01-02,CPFE3,-0.04689810093241406,9.379620186482812e-05,ISE,Universo_EW
2023-01-02,CPLE6,-0.04431816214507468,8.863632429014936e-05,ISE,Universo_EW
2023-01-02,CSAN3,-0.011007402602614014,2.2014805205228028e-05,ISE,Universo_EW
2023-01-02,DASA3,0.03754629799253567,7.509259598507134e-05,ISE,Universo_EW
2023-01-02,DXCO3,0.005404332248040218,1.0808664496080436e-05,ISE,Universo_EW
2023-01-02,ECOR3,0.0007245489809473427,1.4490979618946853e-06,ISE,Universo_EW
2023-01-02,EGIE3,-0.027680965067410773,5.536193013482155e-05,ISE,Universo_EW
2023-01-02,ENBR3,-0.029360168818931817,5.872033763786364e-05,ISE,Universo_EW
2023-01-02,ENEV3,0.03754629799253567,7.509259598507134e-05,ISE,Universo_EW
2023-01-02,FLRY3,-0.02174015421871827,4.348030843743654e-05,ISE,Universo_EW
2023-01-02,GFSA3,0.03754629799253567,7.509259598507134e-05,ISE,Universo_EW
2023-01-02,GRND3,0.03754629799253567,7.509259598507134e-05,ISE,Universo_EW
2023-01-02,HYPE3,0.03754629799253567,7.509259598507134e-05,ISE,Universo_EW
2023-01-02,ISAE4,0.03754629799253567,7.509259598507134e-05,ISE,Universo_EW
2023-01-02,ITSA4,-0.02979577525590836,5.959155051181672e-05,ISE,Universo_EW
2023-01-02,ITUB4,-0.03566691703183919,7.133383406367838e-05,ISE,Universo_EW
2023-01-02,KLBN11,-0.014270460259194359,2.854092051838872e-05,ISE,Universo_EW
2023-01-02,LIGT3,0.012930707631853527,2.5861415263707056e-05,ISE,Universo_EW
2023-01-02,LREN3,-0.015698393837449594,3.139678767489919e-05,ISE,Universo_EW
2023-01-02,MBRF3,0.0078122105706362015,1.5624421141272403e-05,ISE,Universo_EW
2023-01-02,MDIA3,-0.056288846908944826,0.00011257769381788966,ISE,Universo_EW
2023-01-02,MGLU3,0.01372671934671155,2.74534386934231e-05,ISE,Universo_EW
2023-01-02,MOTV3,-0.019676848724203964,3.935369744840793e-05,ISE,Universo_EW
2023-01-02,MOVI3,0.005359871198473171,1.0719742396946341e-05,ISE,Universo_EW
2023-01-02,MRVE3,-0.004211055822599036,8.422111645198071e-06,ISE,Universo_EW
2023-01-02,MYPK3,-0.012860634988854897,2.5721269977709795e-05,ISE,Universo_EW
2023-01-02,NATU3,0.011998320801810836,2.3996641603621674e-05,ISE,Universo_EW
2023-01-02,NEOE3,-0.0240114358889292,4.80228717778584e-05,ISE,Universo_EW
2023-01-02,PCAR3,-0.010922157736270234,2.184431547254047e-05,ISE,Universo_EW
2023-01-02,RADL3,-0.02497669045201814,4.995338090403628e-05,ISE,Universo_EW
2023-01-02,RAIL3,-0.025284066936364355,5.056813387272871e-05,ISE,Universo_EW
2023-01-02,RAIZ4,0.03754629799253567,7.509259598507134e-05,ISE,Universo_EW
2023-01-02,RANI3,0.03754629799253567,7.509259598507134e-05,ISE,Universo_EW
2023-01-02,RDOR3,-0.012251085040676943,2.4502170081353888e-05,ISE,Universo_EW
2023-01-02,RIAA3,0.03754629799253567,7.509259598507134e-05,ISE,Universo_EW
2023-01-02,SANB11,-0.02232546319747048,4.4650926394940964e-05,ISE,Universo_EW
2023-01-02,SAPR11,0.03754629799253567,7.509259598507134e-05,ISE,Universo_EW
2023-01-02,SIMH3,-8.535538412080684e-05,1.707107682416137e-07,ISE,Universo_EW
2023-01-02,SLCE3,0.03754629799253567,7.509259598507134e-05,ISE,Universo_EW
2023-01-02,STBP3,0.03754629799253567,7.509259598507134e-05,ISE,Universo_EW
2023-01-02,SUZB3,-0.016331608300784194,3.266321660156839e-05,ISE,Universo_EW
2023-01-02,TIMS3,-0.023879995908155975,4.775999181631195e-05,ISE,Universo_EW
2023-01-02,USIM5,0.03754629799253567,7.509259598507134e-05,ISE,Universo_EW
2023-01-02,VAMO3,0.03754629799253567,7.509259598507134e-05,ISE,Universo_EW
2023-01-02,VBBR3,-0.00935651582080365,1.87130316416073e-05,ISE,Universo_EW
2023-01-02,VIVT3,-0.012764198947237342,2.5528397894474683e-05,ISE,Universo_EW
2023-01-02,WEGE3,-0.03730259412657262,7.460518825314524e-05,ISE,Universo_EW
2024-01-02,ABEV3,0.009375235454263657,1.8750470908527313e-05,ISE,Universo_EW
2024-01-02,AERI3,0.01701932056847603,3.403864113695206e-05,ISE,Universo_EW
2024-01-02,AESB3,0.00031832818156766335,6.366563631353267e-07,ISE,Universo_EW
2024-01-02,ALOS3,-0.013540109537570684,2.7080219075141367e-05,ISE,Universo_EW
2024-01-02,AMBP3,0.015377289832143412,3.075457966428682e-05,ISE,Universo_EW
2024-01-02,AMER3,-0.003742155946099901,7.484311892199802e-06,ISE,Universo_EW
2024-01-02,ASAI3,0.021699860782770523,4.339972156554105e-05,ISE,Universo_EW
2024-01-02,AXIA3,0.008686069072808368,1.7372138145616737e-05,ISE,Universo_EW
2024-01-02,AZUL3,-0.006037874441982789,1.207574888396558e-05,ISE,Universo_EW
2024-01-02,AZZA3,0.01506561591113404,3.013123182226808e-05,ISE,Universo_EW
2024-01-02,B3SA3,0.0026741546035377733,5.348309207075547e-06,ISE,Universo_EW
2024-01-02,BBAS3,-0.019697792255834935,3.939558451166987e-05,ISE,Universo_EW
2024-01-02,BBDC4,5.5937848456352746e-05,1.1187569691270549e-07,ISE,Universo_EW
2024-01-02,BEEF3,0.024755634776052672,4.951126955210535e-05,ISE,Universo_EW
2024-01-02,BHIA3,0.03929925802589801,7.859851605179602e-05,ISE,Universo_EW
2024-01-02,BPAC11,-0.016533001845394114,3.3066003690788226e-05,ISE,Universo_EW
2024-01-02,BPAN4,-0.008021932327616138,1.6043864655232276e-05,ISE,Universo_EW
2024-01-02,BRFS3,-0.014950930046076075,2.990186009215215e-05,ISE,Universo_EW
2024-01-02,BRKM5,-0.03411829997383532,6.823659994767065e-05,ISE,Universo_EW
2024-01-02,CBAV3,0.02898360945351959,5.796721890703918e-05,ISE,Universo_EW
2024-01-02,CIEL3,0.012252730985547522,2.4505461971095045e-05,ISE,Universo_EW
2024-01-02,CMIG4,0.00395797366446328,7.91594732892656e-06,ISE,Universo_EW
2024-01-02,COGN3,-0.01399168196800022,2.7983363936000442e-05,ISE,Universo_EW
2024-01-02,CPFE3,-0.0013762715621321933,2.7525431242643866e-06,ISE,Universo_EW
2024-01-02,CPLE6,-0.0039720185890000995,7.9440371780002e-06,ISE,Universo_EW
2024-01-02,CSAN3,0.001960285269087522,3.920570538175044e-06,ISE,Universo_EW
2024-01-02,DASA3,0.021815215783390057,4.3630431566780116e-05,ISE,Universo_EW
2024-01-02,DXCO3,0.0023269059394163405,4.653811878832681e-06,ISE,Universo_EW
2024-01-02,ECOR3,-0.03700056280210739,7.400112560421477e-05,ISE,Universo_EW
2024-01-02,EGIE3,-0.000423302887679701,8.46605775359402e-07,ISE,Universo_EW
2024-01-02,ENEV3,0.002994912794506234,5.989825589012468e-06,ISE,Universo_EW
2024-01-02,FLRY3,-0.0002482833911996371,4.965667823992742e-07,ISE,Universo_EW
2024-01-02,GFSA3,0.022092500481318937,4.418500096263787e-05,ISE,Universo_EW
2024-01-02,GRND3,-0.003137749112655207,6.275498225310414e-06,ISE,Universo_EW
2024-01-02,HYPE3,0.016409916800772806,3.281983360154561e-05,ISE,Universo_EW
2024-01-02,ISAE4,0.0004062029104062309,8.124058208124618e-07,ISE,Universo_EW
2024-01-02,ITSA4,-0.003794326018625588,7.588652037251176e-06,ISE,Universo_EW
2024-01-02,ITUB4,-0.006263641666087755,1.252728333217551e-05,ISE,Universo_EW
2024-01-02,KLBN11,0.004132097961819806,8.26419592363961e-06,ISE,Universo_EW
2024-01-02,LIGT3,-0.06384600777410562,0.00012769201554821126,ISE,Universo_EW
2024-01-02,LREN3,0.01265673889011154,2.5313477780223082e-05,ISE,Universo_EW
2024-01-02,MBRF3,0.003963692693845611,7.927385387691222e-06,ISE,Universo_EW
2024-01-02,MDIA3,0.006485980285827128,1.2971960571654257e-05,ISE,Universo_EW
2024-01-02,MGLU3,0.017829508319787746,3.565901663957549e-05,ISE,Universo_EW
2024-01-02,MOTV3,-0.004308983358943398,8.617966717886796e-06,ISE,Universo_EW
2024-01-02,MOVI3,-0.011296468512127712,2.2592937024255425e-05,ISE,Universo_EW
2024-01-02,MRVE3,-0.007288391561970239,1.4576783123940479e-05,ISE,Universo_EW
2024-01-02,MYPK3,0.005398519506945483,1.0797039013890966e-05,ISE,Universo_EW
2024-01-02,NATU3,-0.011347843018148923,2.2695686036297847e-05,ISE,Universo_EW
2024-01-02,NEOE3,-0.008709082613849131,1.741816522769826e-05,ISE,Universo_EW
2024-01-02,PCAR3,0.037782318700841616,7.556463740168323e-05,ISE,Universo_EW
2024-01-02,RADL3,-0.0020460216766578637,4.092043353315727e-06,ISE,Universo_EW
2024-01-02,RAIL3,8.03983554288415e-05,1.60796710857683e-07,ISE,Universo_EW
2024-01-02,RAIZ4,0.0007396853189033312,1.4793706378066624e-06,ISE,Universo_EW
2024-01-02,RANI3,-0.008307139239606576,1.6614278479213153e-05,ISE,Universo_EW
2024-01-02,RDOR3,0.008526578034803979,1.705315606960796e-05,ISE,Universo_EW
2024-01-02,RIAA3,0.010377413448288957,2.0754826896577915e-05,ISE,Universo_EW
2024-01-02,SANB11,0.0013039691355751157,2.6079382711502315e-06,ISE,Universo_EW
2024-01-02,SAPR11,-0.019597262703605366,3.919452540721073e-05,ISE,Universo_EW
2024-01-02,SIMH3,-0.006098293468135785,1.219658693627157e-05,ISE,Universo_EW
2024-01-02,SLCE3,0.012343451693585646,2.4686903387171293e-05,ISE,Universo_EW
2024-01-02,STBP3,-0.0010413866606621483,2.0827733213242966e-06,ISE,Universo_EW
2024-01-02,SUZB3,0.004290795824856412,8.581591649712825e-06,ISE,Universo_EW
2024-01-02,TIMS3,-0.015597115921744752,3.11942318434895e-05,ISE,Universo_EW
2024-01-02,USIM5,-0.0035750993230290046,7.150198646058009e-06,ISE,Universo_EW
2024-01-02,VAMO3,0.015771951103163116,3.1543902206326235e-05,ISE,Universo_EW
2024-01-02,VBBR3,-0.013534203381711019,2.7068406763422037e-05,ISE,Universo_EW
2024-01-02,VIVT3,-0.009375017211112481,1.8750034422224963e-05,ISE,Universo_EW
2024-01-02,WEGE3,0.010923111366009576,2.1846222732019152e-05,ISE,Universo_EW
2025-01-02,ABEV3,-0.0055158587266200335,1.1031717453240067e-05,ISE,Universo_EW
2025-01-02,AERI3,0.017803079174379212,3.5606158348758426e-05,ISE,Universo_EW
2025-01-02,ALOS3,0.0004124067166897394,8.248134333794788e-07,ISE,Universo_EW
2025-01-02,AMBP3,-0.3308149270075337,0.0006616298540150674,ISE,Universo_EW
2025-01-02,ASAI3,0.017028627382226314,3.4057254764452626e-05,ISE,Universo_EW
2025-01-02,AURE3,0.013646404378752683,2.7292808757505365e-05,ISE,Universo_EW
2025-01-02,AXIA3,-0.0032082883183304906,6.416576636660981e-06,ISE,Universo_EW
2025-01-02,AZUL3,0.025157735923840296,5.031547184768059e-05,ISE,Universo_EW
2025-01-02,AZZA3,0.01406795318843233,2.813590637686466e-05,ISE,Universo_EW
2025-01-02,B3SA3,0.0015714195357386593,3.1428390714773185e-06,ISE,Universo_EW
2025-01-02,BBAS3,-0.008091174116368387,1.6182348232736774e-05,ISE,Universo_EW
2025-01-02,BBDC4,0.0016425235514229489,3.2850471028458978e-06,ISE,Universo_EW
2025-01-02,BEEF3,0.005752666449976934,1.1505332899953869e-05,ISE,Universo_EW
2025-01-02,BHIA3,0.02476609606993771,4.953219213987542e-05,ISE,Universo_EW
2025-01-02,BPAC11,0.001358758908397907,2.717517816795814e-06,ISE,Universo_EW
2025-01-02,BPAN4,0.0005137402258414275,1.0274804516828551e-06,ISE,Universo_EW
2025-01-02,BRFS3,-0.05415996106159792,0.00010831992212319584,ISE,Universo_EW
2025-01-02,CAML3,0.036931431989025966,7.386286397805194e-05,ISE,Universo_EW
2025-01-02,CBAV3,-0.005795255292553314,1.1590510585106629e-05,ISE,Universo_EW
2025-01-02,CEAB3,0.036931431989025966,7.386286397805194e-05,ISE,Universo_EW
2025-01-02,CMIG4,-0.03131933886441839,6.263867772883679e-05,ISE,Universo_EW
2025-01-02,COGN3,0.02164826965021427,4.329653930042854e-05,ISE,Universo_EW
2025-01-02,CPFE3,-0.001963290061088703,3.926580122177406e-06,ISE,Universo_EW
2025-01-02,CPLE6,-0.0073209015265719435,1.4641803053143886e-05,ISE,Universo_EW
2025-01-02,CRFB3,0.036931431989025966,7.386286397805194e-05,ISE,Universo_EW
2025-01-02,CSAN3,0.016392814258688944,3.2785628517377885e-05,ISE,Universo_EW
2025-01-02,CSMG3,0.036931431989025966,7.386286397805194e-05,ISE,Universo_EW
2025-01-02,CYRE3,0.036931431989025966,7.386286397805194e-05,ISE,Universo_EW
2025-01-02,DASA3,0.02723524369417402,5.447048738834804e-05,ISE,Universo_EW
2025-01-02,DXCO3,0.00047424584306481055,9.484916861296212e-07,ISE,Universo_EW
2025-01-02,ECOR3,0.01522486025676532,3.0449720513530643e-05,ISE,Universo_EW
2025-01-02,EGIE3,-0.003230450917887241,6.460901835774482e-06,ISE,Universo_EW
2025-01-02,ENEV3,0.0027644064044717864,5.528812808943573e-06,ISE,Universo_EW
2025-01-02,FLRY3,0.003319671214741672,6.639342429483345e-06,ISE,Universo_EW
2025-01-02,GFSA3,0.030185519004706788,6.037103800941358e-05,ISE,Universo_EW
2025-01-02,GRND3,0.000485191721604418,9.70383443208836e-07,ISE,Universo_EW
2025-01-02,HYPE3,0.011704419348654582,2.3408838697309163e-05,ISE,Universo_EW
2025-01-02,IGTI11,0.036931431989025966,7.386286397805194e-05,ISE,Universo_EW
2025-01-02,ISAE4,-0.0046273634490096235,9.254726898019248e-06,ISE,Universo_EW
2025-01-02,ITSA4,-0.008514102529860755,1.702820505972151e-05,ISE,Universo_EW
2025-01-02,ITUB4,-0.009599387145686304,1.9198774291372607e-05,ISE,Universo_EW
2025-01-02,JSLG3,0.036931431989025966,7.386286397805194e-05,ISE,Universo_EW
2025-01-02,KLBN11,-0.022097760835670284,4.419552167134057e-05,ISE,Universo_EW
2025-01-02,LREN3,-0.0012086353168707029,2.4172706337414056e-06,ISE,Universo_EW
2025-01-02,MBRF3,-0.09866533487876207,0.00019733066975752414,ISE,Universo_EW
2025-01-02,MDIA3,0.012023522729953641,2.404704545990728e-05,ISE,Universo_EW
2025-01-02,MGLU3,0.020986447578963934,4.197289515792787e-05,ISE,Universo_EW
2025-01-02,MOTV3,0.0012634659771939213,2.526931954387843e-06,ISE,Universo_EW
2025-01-02,MOVI3,0.02097633576015966,4.195267152031932e-05,ISE,Universo_EW
2025-01-02,MRVE3,0.01377858179912159,2.7557163598243182e-05,ISE,Universo_EW
2025-01-02,MTRE3,0.036931431989025966,7.386286397805194e-05,ISE,Universo_EW
2025-01-02,MYPK3,-0.009019302551011708,1.803860510202342e-05,ISE,Universo_EW
2025-01-02,NATU3,-6.166074582894532e-05,1.2332149165789063e-07,ISE,Universo_EW
2025-01-02,NEOE3,-0.00831347203887562,1.662694407775124e-05,ISE,Universo_EW
2025-01-02,PCAR3,0.007086505686652294,1.4173011373304589e-05,ISE,Universo_EW
2025-01-02,PSSA3,0.036931431989025966,7.386286397805194e-05,ISE,Universo_EW
2025-01-02,RADL3,0.001035520081434614,2.071040162869228e-06,ISE,Universo_EW
2025-01-02,RAIL3,-0.0012603407415808857,2.5206814831617716e-06,ISE,Universo_EW
2025-01-02,RAIZ4,0.011993793079020869,2.3987586158041737e-05,ISE,Universo_EW
2025-01-02,RANI3,0.005107763179288502,1.0215526358577004e-05,ISE,Universo_EW
2025-01-02,RDOR3,-0.007401663498080108,1.4803326996160215e-05,ISE,Universo_EW
2025-01-02,RIAA3,-0.009296847011991329,1.859369402398266e-05,ISE,Universo_EW
2025-01-02,SANB11,-0.000341276414986956,6.825528299739119e-07,ISE,Universo_EW
2025-01-02,SAPR11,-0.01069309419899759,2.138618839799518e-05,ISE,Universo_EW
2025-01-02,SIMH3,0.018956113490221832,3.791222698044366e-05,ISE,Universo_EW
2025-01-02,SLCE3,-0.00998715044681691,1.997430089363382e-05,ISE,Universo_EW
2025-01-02,SRNA3,0.036931431989025966,7.386286397805194e-05,ISE,Universo_EW
2025-01-02,STBP3,-0.045581193942616234,9.116238788523247e-05,ISE,Universo_EW
2025-01-02,SUZB3,-0.01863152101336884,3.726304202673768e-05,ISE,Universo_EW
2025-01-02,TIMS3,-0.004685997093963272,9.371994187926544e-06,ISE,Universo_EW
2025-01-02,UGPA3,0.036931431989025966,7.386286397805194e-05,ISE,Universo_EW
2025-01-02,USIM5,0.009132122886504255,1.826424577300851e-05,ISE,Universo_EW
2025-01-02,VAMO3,0.012563883087853178,2.5127766175706357e-05,ISE,Universo_EW
2025-01-02,VBBR3,-0.002495635874903597,4.991271749807194e-06,ISE,Universo_EW
2025-01-02,VIVT3,-0.008073521255299691,1.6147042510599383e-05,ISE,Universo_EW
2025-01-02,WEGE3,-0.03283948660119073,6.567897320238147e-05,ISE,Universo_EW
2025-01-02,YDUQ3,0.036931431989025966,7.386286397805194e-05,ISE,Universo_EW
