data,AMPLO_PROXY_Momentum,AMPLO_PROXY_Baixa_Vol,AMPLO_PROXY_Valor,AMPLO_PROXY_Qualidade,AMPLO_PROXY_Multifator,AMPLO_PROXY_Uniao_TCC,AMPLO_PROXY_Universo_EW,ISE_Momentum,ISE_Baixa_Vol,ISE_Valor,ISE_Qualidade,ISE_Multifator,ISE_Uniao_TCC,ISE_Universo_EW,ret_ise,ret_ibrx,selic_dia
2016-01-04,-0.001996007984031656,-0.001996007984031767,-0.001996007984031767,-0.001996007984031767,-0.0019960079840315448,-0.0019960079840312117,-0.0019960079840321,-0.001996007984031767,-0.001996007984031767,-0.001996007984031767,-0.001996007984031767,-0.001996007984031767,-0.0019960079840313227,-0.001996007984031989,0.0,0.0,0.0
2016-01-05,0.015044121277823619,0.022660231925797802,-0.011548635723296563,0.007283582713498271,0.02619081884000085,0.008781299774496931,-0.000512747900368371,0.015727398300822815,0.022225289269646842,-0.0024876950150468646,0.016823172195590486,0.02786596964037047,0.008599592113840648,0.007486379849462876,0.013580997301305464,0.006925850984346171,0.0005253093035668677
2016-01-06,0.006070071246983222,-0.004503196898715145,-0.061281856969267134,7.1194039448219115e-06,-0.0012474748168321836,-0.018068655265413902,-0.013077785615022819,0.0017409381187005746,-0.0043357812911720695,-0.01023676956694497,0.002853570688198692,-0.003749878640155302,-0.003768782373314017,-0.0031225361419565667,-0.006332514583972881,-0.014224973231971028,0.0005253093035668677
2016-01-07,-0.025611160032777747,-0.023854238313329335,-0.05006408570266829,-0.01262629908263102,-0.02392133226870974,-0.027386662564003905,-0.024476821787641545,-0.030563745786777452,-0.016970077204136014,-0.03376948153168102,-0.0311507148433251,-0.027862785829140813,-0.0280765894763505,-0.02913434029638351,-0.028455834073616404,-0.026050967144872095,0.0005253093035668677
2016-01-08,0.0013813459274769624,0.0124450079750551,0.008377899643976283,-0.012899491835982824,0.018394008180542487,0.0020334992297985632,0.002385706521122799,0.0027796598466018896,-0.0027399251656848866,-0.006101586084034882,-0.0007857009491387679,0.005853781595819507,-0.004045297826704486,-0.006609669259593387,-0.0012920281860917537,-0.0007687356559447078,0.0005253093035668677
2016-01-11,-0.0034794005713292275,-0.016673660424040837,-0.005776613567548883,-0.008654763362776263,-0.007825059051717709,-0.008624897494149186,-0.011171222589766439,-0.012752988998977255,-0.019651179591426482,-0.007196213101722915,-0.007340938714572753,-0.022040956519188137,-0.011097437709284508,-0.012532112259186046,-0.01865913003672115,-0.016613703190209494,0.0005253093035668677
2016-01-12,0.0064492271184928285,0.0033469093375240178,-0.026454620975257415,-0.004059464612383268,0.0035386033575925957,-0.004736451097810068,-0.006025038043653175,0.004300560573235357,0.005134888052714004,-0.00019797117672093467,0.00014790862834090923,0.007676609061531892,0.0013434859906891194,0.0024495936912785066,0.00037520788544997963,-0.008856581236526662,0.0005253093035668677
2016-01-13,-0.007349643107174786,-0.010002635359520173,-0.04425927437241084,-0.005044316809495464,-0.0075551558424064025,-0.016275989996100915,-0.009567236995650985,-0.014163880397049189,-0.012136523326042425,-0.01665514382776323,-0.011925787109705599,-0.015651227692616954,-0.012766837835332945,-0.011964456681071822,-0.012113655485610608,-0.013630004823926734,0.0005253093035668677
2016-01-14,-0.011557498102831465,-0.002763848800184543,-0.01399308935470922,-0.0023409089415334927,-0.0008369653492240614,-0.0070778360708319,0.0019420175689668362,-0.005028808038511801,0.0030828864215113327,-0.0051967640669501325,-0.001896864408770349,0.00213557104378026,-0.0011410162017922998,-0.0009106774441138832,-0.0007849857368604773,0.01243920391051212,0.0005253093035668677
2016-01-15,-0.011750959674097339,-0.012420480166521641,-0.03079154289745245,-0.011552382762896163,-0.013450004620701894,-0.016622601639363244,-0.018731221492533368,-0.010918332274015397,-0.01590563693458058,-0.012127682097843762,-0.011986047691285862,-0.014840706026732042,-0.014151418447471698,-0.01549199242463939,-0.01881851557084535,-0.022591634543855932,0.0005253093035668677
2016-01-18,-0.00963333813565892,-0.0111689468451176,-0.013135544877483696,-0.01199443886110596,-0.00718369894699078,-0.011039192572543377,-0.00912259084112299,-0.007648868326865843,-0.014274128392738894,-0.013341806661102518,-0.007099549442657671,-0.01370551985060875,-0.012873131036197472,-0.014002772966107413,-0.012925846459783341,-0.01607001542568276,0.0005253093035668677
2016-01-19,0.007415421327855221,0.004658017662063196,-0.01979454718460205,-0.009837487464761985,-0.0012181278208281965,-0.0054314157681124575,-0.0025091363206390938,0.003802344631990584,0.01096779954117788,-0.009812017575302923,-0.006418843712892586,0.003382928421863385,0.0007148505382585935,0.001080329020982207,0.005715194571095372,0.0039002559150533855,0.0005253093035668677
2016-01-20,-0.011517090736281044,-0.006011335352251512,-0.010526808017550016,-0.007373090273579241,-0.015521547636804245,-0.009314748280878637,-0.015364427945973258,-0.011033083326857374,-0.009879727241578595,-0.014446771634729516,-0.012513979445524681,-0.011508527956139436,-0.014476612123552113,-0.015011933854128467,-0.010717034444221785,-0.011390131388030023,0.0005253093035668677
2016-01-21,0.0034384178079029937,0.010477875854407959,-0.014292237280317699,-0.009152519325203778,0.0004107569253284371,-0.0024855886111688763,-0.003173804272993297,-0.0020255359413986485,0.00730050886450706,-0.003798431466277119,-0.0038047055651825312,0.003559332741467136,-0.0003522923378892484,-0.0005887352365407938,0.004657234966562784,0.0009122448308234166,0.0005253093035668677
2016-01-22,0.011183495635400886,0.012534070571788902,0.008206891222717339,0.010637947091905353,0.02137883774464866,0.011297283959256,0.011257147680514334,0.007823262600015646,0.010545549776787011,0.021172515704208417,0.009386338958836227,0.011369802749100266,0.012411195380984896,0.012208320602372869,0.010676836092267328,0.009727220669490722,0.0005253093035668677
2016-01-26,-0.013085814429316334,-0.01501347725991986,-0.018315758549462657,-0.0055013612669322365,-0.006381058819607377,-0.012576682576907916,-0.01150527866499862,-0.023934978900578274,-0.018146842407041897,-0.016032306214201486,-0.010345598750762464,-0.013995387644345159,-0.01590106627137189,-0.01509197771186821,-0.017522775935177703,-0.01363714893073631,0.0005253093035668677
2016-01-27,0.020368294770050088,0.02419810177528081,0.012564641404189114,0.03307302464748818,0.024029446017924228,0.02319354500831805,0.022893579883971116,0.032299597802651236,0.020140996811878198,0.04341614678011396,0.03329784589235074,0.024538957178449117,0.032146991264962566,0.034445916930418985,0.026680839471617812,0.024906045456102976,0.0005253093035668677
2016-01-28,0.006861131190419867,0.005899155926192279,-0.01614403589996183,0.01252196008446349,0.010279138510775665,0.003291323439496008,0.006737926333418853,0.005683468890268051,-0.003815466331407835,0.025731213597764757,0.013213304132024817,0.0037527951170301943,0.010401189069083161,0.008802480356975728,0.0004942562224257152,0.006822876419187995,0.0005253093035668677
2016-01-29,0.036454920166904436,0.03522609327220727,0.04148367275510423,0.041430054997862564,0.03409671796971647,0.038161274019546054,0.04056097922105795,0.04628485033490559,0.0457089829538051,0.05551550355746304,0.05053092370029044,0.04955234529631536,0.04844263961318651,0.045932050562895066,0.046031523169165256,0.045462959717150975,0.0005253093035668677
2016-02-01,0.004433747149770628,-0.003014980030980774,0.02693662719757728,0.020541303271915945,0.008148555854699646,0.014067416826184287,0.017906084041263037,-0.005870744394757765,-0.0033828376066602495,0.03256765332593958,0.01560016182222368,-0.005096731616259564,0.010165866547146907,0.011181146980848045,0.0012825930252791107,0.0039171717302439735,0.0005253093035668677
2016-02-02,-0.022048001335451595,-0.025828122834752,-0.012805345006710822,-0.04499187896468393,-0.019055248895710974,-0.02754666494853697,-0.028027364794948273,-0.04004535968133993,-0.041122644540872555,-0.0644568575148351,-0.06239071795414475,-0.04537371599539575,-0.049259161018780695,-0.04854939561077298,-0.0454489034967952,-0.04557748987759347,0.0005253093035668677
2016-02-03,0.011885351699315816,0.01076654024051571,0.0813923643426604,0.027465458992323333,0.00985203219324049,0.0314111121482743,0.019099162073264342,0.01661276532874112,0.022259711967543838,0.015824557384753524,0.0319657582593611,0.02374866217363314,0.02037721480350796,0.020678551541176038,0.02325508818832933,0.023121546978285723,0.0005253093035668677
2016-02-04,0.01210536564362652,0.011221165258001431,0.06922065974720804,0.02085171879542691,0.00971675928574589,0.027836811607480527,0.030884360600226035,0.0167415886764537,0.009730148069211575,0.02773285803036396,0.014931027124119867,0.008541265618378535,0.019349686499668728,0.022327266291093384,0.019534387231230577,0.028772484410328758,0.0005253093035668677
2016-02-05,0.0033093223866333954,-0.00393412828660944,0.011836920012910035,-0.0018687472720810838,-0.0012768174782206154,0.0022242646885495265,0.00316900317039992,-0.01240179576624234,-0.009608890151511229,0.026395159790105982,-0.001949785856257047,-0.007971337168734771,0.006751381062318096,0.003578987231964703,-0.0037592298066040364,-0.005054137305716022,0.0005253093035668677
2016-02-10,0.0010130684621303399,-0.0046780033449791425,-0.02095036183709975,-0.0075196797158689765,-0.0050114381805518304,-0.007383474457772876,-0.007999671873979985,-0.004810111836808018,-0.005324095325279665,0.007790034107458155,-0.0002148106829451546,-0.002471999170572725,-0.00014197471624699531,-0.001533186107529838,-0.0025423007822079624,-0.005420419610592919,0.0005253093035668677
2016-02-11,-0.01876725852690231,-0.02075119395463676,-0.0564422217595103,-0.030938960525252357,-0.014154624059593557,-0.03317821951704847,-0.02965752070598382,-0.021965399641737604,-0.02691546830360725,-0.03234855285068816,-0.030187690864337813,-0.02642659462511754,-0.02659574526113062,-0.027094078750710904,-0.029857860328832864,-0.02461854401288277,0.0005253093035668677
2016-02-12,-0.008178964903599928,0.009537419750291098,0.006298601944350279,0.006420130228874443,0.0016829614369511248,0.004031370225043407,0.004929030614298613,0.006310040803898298,0.016189773111224826,-0.010941229468917513,0.003943984277381629,0.010354616451683007,0.0024379068581190655,0.0022033890390824595,0.011739760033098845,0.01119678986680861,0.0005253093035668677
2016-02-15,0.007111012947829121,0.002288853675716185,0.021826044938417555,0.013700116458807754,0.002192874479686635,0.011207093272591173,0.012789291776386547,0.00957591264931379,0.007623348187896006,0.011112477160599932,0.008244058658849251,0.004206251843530406,0.009722700103593995,0.004985843642819843,0.005546184123089493,0.006261325008008134,0.0005253093035668677
2016-02-16,0.00979060908590057,0.0043123304994765466,0.0855335038311753,0.014323477036445098,0.011320798298901869,0.02794431120786478,0.03641654889222434,0.017217053591628062,0.019410491883600445,0.03389591883572818,0.01778658041545267,0.015019141303372452,0.024214190304483463,0.024668630555759963,0.02447195180845374,0.02043278010886307,0.0005253093035668677
2016-02-17,0.01010375534109964,0.00789699398435606,-0.00198783284075732,0.0009727226229612196,0.010546431260425981,0.0036885216940307775,0.004111886827012912,0.016172259168842906,0.005705579698585872,0.020052105124271025,0.006961489758126049,0.009091090466454066,0.010087133296250439,0.010458708626836843,0.0074331733894377194,0.015989696007784993,0.0005253093035668677
2016-02-18,0.011682404621150777,0.013327626399437964,-0.02322030302701117,0.019362453421092773,0.008781318646100766,0.00421955707345778,-0.004328787719682148,0.012019426820766288,0.004713840352248866,-0.0030579313948821962,0.014637735790486328,0.004415243317862805,0.005215245171910521,0.006576112548867918,0.009875533795997704,-0.0017764238028186163,0.0005253093035668677
2016-02-19,0.0055099858571592275,0.001676319525228065,0.00109981343961163,-0.005840401931555994,-8.027378729258405e-05,0.0009793610891728477,0.005781564514096615,-0.0005879101766598227,0.003593899685480517,-0.006010656258811808,-0.0021235033919222435,0.0023426505782913054,-0.00124058417082884,-0.003002054554920197,0.0011949354247140498,0.0009273813356471816,0.0005253093035668677
2016-02-22,0.01723607963029883,0.013840734711339842,0.03627087684975505,0.03612808510297283,0.0165748665830725,0.027115156124673634,0.03201897622794725,0.026546962510795247,0.025183044615129768,0.03778012211932169,0.030391251317573698,0.0262699286111594,0.032090915005886345,0.03337978139814468,0.028395777412959067,0.038463853884713295,0.0005253093035668677
2016-02-23,-0.010822695826112616,-0.0028437494614544923,-0.020542304729308403,-0.023443545802080856,-0.003296870400758656,-0.014719901581614292,-0.014398015905896733,-0.020835111084494762,-0.010764957404705067,-0.025492027484177893,-0.018432889405994746,-0.011705689858708235,-0.0185405981888781,-0.01870505257132049,-0.013675594251229217,-0.015741667053141284,0.0005253093035668677
2016-02-24,-0.00797335293097623,-0.015293599641007072,-0.006956572533396543,-0.008862275675556197,-0.005356524616883629,-0.010624137354210084,-0.004746161927168813,-0.014985507388419195,-0.017761591012817712,-0.02443163503371859,-0.010774247447687846,-0.021070086494713314,-0.019901593849829147,-0.016931019663673608,-0.01416777527507096,-0.010487835524352618,0.0005253093035668677
2016-02-25,0.00551995883298062,0.0038704071962478714,-0.016895624548296517,-7.131414326277952e-05,0.010413173694503897,-0.0013640891060633376,0.007011068528753883,0.009827131335125472,0.008305902018077571,0.008834561713477518,0.014961366499835815,0.005421240217589496,0.007218106558109838,0.008868540053639906,0.0036245122254212614,-0.004308871422619043,0.0005253093035668677
2016-02-26,-0.005132128133501279,-0.009364130733572451,0.0024285289710173075,-0.015315439547175957,-0.0006143601504170482,-0.007814108855075275,-0.0030999783834008143,-0.013365348687408796,-0.014111418762925654,-0.01836350389044994,-0.018262036097591805,-0.017027075151111903,-0.016498615370730274,-0.014127074705657772,-0.018440583846650482,-0.007603473856689136,0.0005253093035668677
2016-02-29,0.019620664401813315,0.013386361875658448,0.004984726704447606,0.032827403441233693,0.016976928120503887,0.0188866101630909,0.02166813901667841,0.024193805028611015,0.027910506855953088,0.015366320285096213,0.02232677267210481,0.023242382350396662,0.02149962309826181,0.02193658897178996,0.024038889493309012,0.02688920008789042,0.0005253093035668677
2016-03-01,0.013797088259740908,0.01750966766650608,0.015499396229939233,0.03494154235942304,0.023284510728434293,0.0217438415434017,0.020550565041372648,0.01634097167364934,0.01992225441715756,0.025818638186644316,0.028331015497978784,0.022558727463855677,0.02282500284091782,0.023954513073305428,0.021977544367982826,0.02953380235973202,0.0005253093035668677
2016-03-02,0.015475334392300644,-0.0029911263903400487,0.015280610149698504,0.02523714774728325,0.0031304946592136673,0.015625089972470807,0.01185978166846513,0.014171236602423809,0.012952126399487396,0.019341801096318,0.015906817968950104,0.011914650851046815,0.016090057651993783,0.014620748811701834,0.004602459055125463,0.01571998895167326,0.0005253093035668677
2016-03-03,0.011701091030038802,0.0012126228548339224,0.08818534068521466,0.040892475214206137,0.017246838782360108,0.03735074806075467,0.0429784881013171,0.015592588377775662,0.014892204030822587,0.07957655925895324,0.056860920112532076,0.014190685619595245,0.04566920122606599,0.04648649991394138,0.01878174976481639,0.04613624877256006,0.0005253093035668677
2016-03-04,-0.007226195501986887,0.010509812912713246,0.04373223159583217,0.029132934495195828,0.015430874028962815,0.01908407969445869,0.0292652758080143,0.01025134133479133,0.01595649223314921,0.031705827394392205,0.021097936075813895,0.014195182266533823,0.022729807495082355,0.02691118003618076,0.018019972944647522,0.03680637584972257,0.0005253093035668677
2016-03-07,-0.004737288002186979,0.00029019163199972553,0.03710043571528088,-0.0059092317282172235,-0.006193296266642001,0.00651208390655067,0.004903638706483582,0.002264820867206918,0.006421605887308779,-0.012070067270481322,-0.001121056558055833,0.003915777737495407,-0.0024134470474043157,-0.003162029651164966,0.0023809955736158184,0.003015942677879302,0.0005253093035668677
2016-03-08,-0.003036937896637615,0.004184600706941488,0.010978446103454331,0.014041163034954174,0.006964668145691633,0.008541850112788962,0.0008766017463976983,0.0016854877708298854,0.008807970965148515,0.025967700797727478,0.009083440194291414,0.011743080667132588,0.014606967367895907,0.012274911362441854,0.004415869985204823,-0.0026871819652375395,0.0005253093035668677
2016-03-09,0.0026464031820834233,-0.007388823545522283,0.026047875854990687,-0.003919332954575472,0.0036350157876325895,0.005978290492702598,0.0018453203612955882,-0.00196834877021268,-0.00971294015772961,0.004617039384969379,-0.016048453676893004,-0.012554845218629929,-0.005802053804255358,-0.004602917097301096,-0.008801920746676739,-0.007665710422470884,0.0005253093035668677
2016-03-10,0.006665498288831451,0.002937445551602691,0.020211720653222187,0.02108968660118493,0.016260378006222043,0.014315184051979513,0.01217098005452133,0.008466223119489635,0.009249868229435743,0.016305567477885585,0.02278525118954522,0.010765401029803723,0.014594158753508335,0.018490326726220863,0.010843335166308421,0.017090806601915087,0.0005253093035668677
2016-03-11,-0.007943771071594163,-0.011596191092811514,-0.0038581675041668984,0.0017899501653269034,0.0002297893098321957,-0.005062514453835543,0.00374315787329893,-0.014535007753469942,-0.002068173096574144,0.027189835024477915,-0.007752398925288784,-0.0075118371913671655,0.0057590746127769155,0.004603513423155903,-0.005583804270126724,0.0006493515997418875,0.0005253093035668677
2016-03-14,-0.0023730069482927885,-0.007840609162318546,-0.04081044787527466,-0.020037273046293103,-0.013059880916143851,-0.02001007924252851,-0.01622257441489583,-0.007399686852381571,-7.076150000606685e-05,-0.031176305958487527,-0.014559868084904393,-0.006383226372238093,-0.016668658117266366,-0.013841249829455449,-0.005823127037303366,-0.014825447035398231,0.0005253093035668677
2016-03-15,-0.014452254092308214,0.00435338520994466,-0.07766995300141977,-0.04199751078085778,-0.01740404503447257,-0.03757569411468553,-0.0452060995172161,-0.02277362806512162,-0.01304471801137641,-0.07588081465480834,-0.03004168934874829,-0.01901399199077558,-0.04300703180169674,-0.042239031272449656,-0.018131051073447257,-0.03273138479506699,0.0005253093035668677
2016-03-16,0.013982811492512681,0.007564602947910171,0.032725730688591304,0.010148783320263366,0.0020812712313289516,0.016529675123951426,0.015370060125782237,0.015876116861124112,0.0092922037766483,0.014866422867589435,0.0063327326473050505,0.005619263004682962,0.012933864694631536,0.01613081595218757,0.010096706065434224,0.012658344423007062,0.0005253093035668677
2016-03-17,0.025034717705921805,0.024711087010719224,0.07821041517337446,0.06374051375861955,0.03902535456912837,0.051160550057512966,0.05441673973300398,0.0466669697329527,0.03783334844488695,0.0765960159698924,0.061976434547347026,0.04475619228802907,0.055830687793153366,0.05746797374161505,0.046700475028886856,0.06158052850001661,0.0005253093035668677
2016-03-18,0.002000391701519222,0.0014170648902036564,0.012557889619533302,0.007934513658016007,-0.001500762167309766,0.006142563146911195,0.0015610174285924927,-0.007614741738341313,0.003361271147736211,-0.007368130674575757,0.0005164486442104099,0.0009283854406829661,-0.00032754668052725755,-0.0006637404511211642,-1.31419284467027e-05,-0.002492925289341974,0.0005253093035668677
2016-03-21,0.018001347136987755,0.0037583982453279763,0.0006434992614006152,0.01377914022124127,0.010630154896017707,0.008949649537879134,0.010821363720433963,0.016758072223995724,0.010575340638964814,0.026154029943703305,0.014669027643639865,0.013427652933909462,0.018277954263844265,0.018994164141753256,0.014197849952250596,0.00779900644493936,0.0005253093035668677
2016-03-22,0.003519991911348219,0.0014735182220717569,0.02027009096417154,-0.006761274948000939,-0.004419070861192753,0.004398765551637762,0.001757715634897572,0.0020279588624427802,0.0020733457354398244,0.0027026727332883915,-0.006740984222376123,-0.004622135051657206,0.000261832726180522,-0.0008574890612494945,-0.001719111072716717,-0.002732625905786046,0.0005253093035668677
2016-03-23,-0.011663135113297751,-0.0055208407301380324,-0.03285458940495012,-0.027148632860465538,0.0014979337316720631,-0.019210088929429325,-0.02413877182762081,-0.029224772962887502,-0.021818415786419743,-0.02843558810086333,-0.031988792986821,-0.025656422022786507,-0.02889963244665139,-0.028635258665703267,-0.029681935989131047,-0.02398501387621632,0.0005253093035668677
2016-03-24,-0.014343683843107358,-0.0068531111630112385,0.00812262347198045,-0.0002659645968392521,-0.004508694286769699,-0.0019364855927107572,-0.0007448206688617232,-0.012781849292004654,-0.007927921659936055,-0.005825822149584381,-0.007645989548170751,-0.009587682065347658,-0.006819419058174736,-0.004029138211289474,-0.006073389013498076,-0.0008954463077555097,0.0005253093035668677
2016-03-28,0.0131865979633643,0.015398220734741175,0.02115504095435572,0.02818898974953843,0.01834082675816262,0.02071909990455234,0.01978730326945577,0.018674899668986056,0.019879066177210136,0.027420856584053466,0.027362272732189608,0.02068655773368544,0.023456238583567268,0.02234466630426657,0.019978016554880185,0.022435430893177122,0.0005253093035668677
2016-03-29,-0.0037308484862731417,0.00830865542225756,0.004477037955603613,0.00047677034239335114,0.0007837208029457532,0.0026960351722216114,0.005774724932508191,-0.0022773917685317002,0.005857680316363245,0.008161058721515069,0.00036303709157303743,0.004856559123341153,0.004183126680189497,0.005135271883857095,0.00810211657898896,0.006185595480815653,0.0005253093035668677
2016-03-30,-0.006303185523724442,-0.0011061857481474702,0.039223405358468355,-0.0030475054502031584,0.0023952358352608005,0.00863733876465278,0.0047001417484413555,-0.010387408110723917,0.004582986132089406,-0.006284334947732395,-0.0016742254330800455,-0.007395842509552275,-0.004173527316664094,-0.00479281177461599,-0.0027531742222609568,0.0008555773183045456,0.0005253093035668677
2016-03-31,-0.019892044077180482,-0.02144267642543607,-0.01977356720732737,-0.025473309025347057,-0.019377556224429826,-0.021701813755567567,-0.023474768970132898,-0.03336503062818985,-0.03120356463743834,-0.03488769000364034,-0.03246735702100023,-0.03397805616310989,-0.032016965391623686,-0.030726133216793627,-0.0299616291635858,-0.023235922819894617,0.0005253093035668677
2016-04-01,0.006795525680082237,0.00406095098348902,0.02892151344339866,0.015193312879634657,0.0038872417958593086,0.01522412928410466,0.01582421668945866,0.01474137073785875,0.003317170201892372,0.015209236194139386,0.014189473560037191,0.007717124313573409,0.012608256481727809,0.010766585260445494,0.010567811249780013,0.009695249961638286,0.0005253093035668677
2016-04-04,-0.03835818500987842,-0.0224115602530367,-0.05775560801031454,-0.03567113812709344,-0.024928886432808883,-0.03917876374394724,-0.03834747792801474,-0.03172778258608233,-0.023610060079326756,-0.04040098782281232,-0.035622605492343196,-0.02587654114586857,-0.03442068941437215,-0.03646818495196069,-0.028979620984226906,-0.03382016083333417,0.0005253093035668677
2016-04-05,0.0003626639840277335,0.003169112675143859,-0.004990457954751726,-0.0007743611470586442,0.00029074882718860273,-0.0010866347287107336,0.0014072853786364359,0.003819610956014907,0.0027097529023474287,-0.008223341968043196,0.000490240428776989,-0.00034090432896760614,-0.0001845679239682596,-0.0005554970962200478,-0.002224663427728424,0.005537524418944395,0.0005253093035668677
2016-04-06,-0.010522080922926724,-0.004358644204737083,-0.034312709538842134,-0.012917897528347821,-0.014009735951894142,-0.016841683779479255,-0.018987537817468647,-0.022657831634385617,-0.01674840806735778,-0.03426002806257045,-0.02861435923875466,-0.019165741625449262,-0.025046696093121712,-0.024174016752850802,-0.02212578946641064,-0.01831235217747229,0.0005253093035668677
2016-04-07,0.01532763799878567,0.002056226937720229,-0.020225621730521226,0.012533153923920404,0.014469334605933026,0.001420617254828338,-4.6174418738331724e-05,0.011682196118792065,0.008324435505060013,0.0001100312124955316,0.00934979697391669,0.01123382781596094,0.0058017227161784035,0.005831902883315809,0.008738705635169763,0.008098458271903253,0.0005253093035668677
2016-04-08,0.0001249692143490133,0.006071367649510995,0.07704999154721603,0.039207430140248745,0.024997891397073646,0.03524373442426598,0.03764662784554629,0.012921763478622061,0.022683702183879495,0.04069736033537996,0.041245151772681066,0.019124317342794628,0.030298325226886025,0.0296570236271938,0.02117415202985118,0.033959078574840484,0.0005253093035668677
2016-04-11,-0.012094485172050473,-0.017905051907884162,0.028391594784189067,-0.0029348306815949465,-0.010636388922894646,0.0010461265621624083,-0.00033109948172438397,-0.021624426557989684,-0.024781713605167455,0.011926802823109872,-0.001992841851100935,-0.02038086179128895,-0.005825022342532349,-0.005942880087163149,-0.013815780447538062,-0.00343459488707365,0.0005253093035668677
2016-04-12,0.016449755151390244,0.01684394101695652,0.0560238124681216,0.03508758970900683,0.01778531451841414,0.03349451230072131,0.03390252770139068,0.02320231850874732,0.022068329597223713,0.030076818710212727,0.03116499184078303,0.019823689804553846,0.025264522742483697,0.02865150185466403,0.021920590608508483,0.03369780085507523,0.0005253093035668677
2016-04-13,0.005980150184096811,0.0056500174508320455,0.06526579356811357,0.01783471326857855,0.005390394105597274,0.02737178652777006,0.031494256850788105,0.024030528802207796,0.009215043792797584,0.025003319269664592,0.025090281707700557,0.02148164961168364,0.019496079567817848,0.02547169920040737,0.02080601173486274,0.02117202162237075,0.0005253093035668677
2016-04-14,0.0031469006719127,0.002328079612267775,-0.06300148491331636,-0.00916646642661001,0.0037492115940247484,-0.021565651788235773,-0.019964080138351603,-0.006323295627953973,-0.006320253801395115,-0.026798305972137948,-0.012492572356317622,-0.006312665587645538,-0.01449539722980886,-0.019142680874056905,-0.006792499799958995,-0.01232953766640521,0.0005253093035668677
2016-04-15,0.012341647408777634,0.010979979399921014,0.03725568485807984,0.020701448467363326,0.014418544744551953,0.022251938970047958,0.015857027020544257,0.011880150199117256,0.01575158749947181,0.016947828292469325,0.0068367383544212235,0.011275815621980323,0.014987517476855672,0.01511342636317825,0.01235308334750651,0.015493963198066174,0.0005253093035668677
2016-04-18,0.005548314641954821,-0.00041403672237438904,-0.01962033682294262,-0.008443757221554327,-0.008643571335898104,-0.008468227372535941,-0.004484321549610537,-0.0025548839727963513,-0.001569274749890548,-0.017333372172895434,-0.012166006879776425,-0.004020825051602617,-0.009111597597860066,-0.008128318139934088,-0.005212524205742142,-0.0057495247580596764,0.0005253093035668677
2016-04-19,0.01171405349739052,0.01065850850082195,0.04734120558779664,0.0054635800960713965,0.014009023675486398,0.019628749582075722,0.01667234679919649,0.0012371906460566517,0.00285090740679661,0.00525646882685149,0.0010693341665592992,-0.0010542886045007416,0.002429906114623792,0.0032793451694717035,-0.0017332794090850756,0.013739544899124434,0.0005253093035668677
2016-04-20,0.003258826459789921,-0.006046639286151012,0.014728791063843838,-0.009074759802448873,-0.009307519193226588,0.0005393013011039116,-0.002977481243836233,-0.0019521949472371958,-0.008511657472986989,-0.0046228772391985196,-0.01182581010125383,-0.008246296862625235,-0.0054034652758786494,-0.003924482247263272,-0.005987970634457884,-0.0018021523340231438,0.0005253093035668677
2016-04-22,-0.007936526517544285,0.007985240719201814,-0.011566736480194129,-0.015021514884438703,-0.00029388412082331783,-0.00821888022942352,-0.011054001387027168,0.001932841302502597,-0.003512538213198746,-0.00559825369237521,-0.013834671028726153,-0.009612188959114643,-0.006995636337899236,-0.004861075695344108,-0.004389265111612639,-0.011379872585769224,0.0005253093035668677
2016-04-25,-0.00440193293808655,-0.006572593943004246,-0.03594783823679826,-0.025024333935315224,-0.007307715419694549,-0.020313320041452365,-0.018901664576667865,-0.006569410136822329,-0.015827850275800026,-0.00712431019588966,-0.011903439192471277,-0.010862703460854828,-0.011928120349795845,-0.013360418843237465,-0.012569053317258438,-0.018380437090268043,0.0005253093035668677
2016-04-26,0.004659219602728859,0.012626582432078592,0.034866998935700444,0.013711503361186761,0.009534295337822796,0.017986645082361585,0.01927030478764813,0.012425820391416487,0.019810178751834107,0.011689784966771422,0.02288744525467834,0.02311914272408999,0.016340701771587307,0.018092467212844854,0.02204575895907923,0.022153717955920138,0.0005253093035668677
2016-04-27,0.020108972360275423,0.015015958514912775,0.03284375591345401,0.012816981879137268,0.02274466730310376,0.0211705084717555,0.025669355866563492,0.026578132257385034,0.0231480780772646,0.022054335764146726,0.02396595232394949,0.0297583448171046,0.02219917663824389,0.0221869859296715,0.020745574738005645,0.02477142751150363,0.0005253093035668677
2016-04-28,-0.005263539885937196,-0.001206530054176591,-0.011313843412682045,-0.014127266786473358,0.005296820691608417,-0.008639223820085085,-0.006087769485103145,-0.0071223369296801176,0.004029492733279794,-0.002589654212463599,-0.004067479248446415,-0.007498037281360337,-0.0034368625719605195,-0.003915609724980507,-0.008275434405718873,-0.0035963763614341726,0.0005253093035668677
2016-04-29,0.005528649744430902,-0.012778502642025624,-0.0033451521094616243,-0.011778866503620367,-0.01447466758133853,-0.005001263346816942,-0.00675717164944678,0.0022879462502103376,0.00241833796491564,-0.007998790770816222,-0.009080994629304562,-0.0023909309645929744,-0.0003598600059135926,-0.0019300470491671051,-0.006649170394898984,-0.007244728934914568,0.0005253093035668677
2016-05-02,0.0017940304709707089,0.0009369245410151272,-0.01514365181292332,0.0026894106450738864,-0.0010500200350345157,-0.002992330892091166,-0.0022307743229562638,0.0031055477950572286,-0.0033975221884947615,-0.0004541718988393395,-0.004819817057771458,-0.0033440614147770553,-0.002114574690374016,-0.0012602937041362727,-0.00402063957869736,-0.005753771125963647,0.0005253093035668677
2016-05-03,-0.013735499837302045,0.0006898474707346391,-0.051827395366424556,-0.019245171697377383,-0.012685295306673727,-0.024249462495465446,-0.01832586266728109,-0.004214348567763482,-0.018145997014949344,-0.02613484893864959,-0.021107192045847323,-0.018776076265356267,-0.020342444991058972,-0.01743173514639429,-0.010944503046568688,-0.02254616476627236,0.0005253093035668677
2016-05-04,0.011360340466896268,0.001296660627387869,0.01824804192913665,-0.00098263892993955,0.0010192975974556706,0.007315028580529015,0.0028236012750451067,0.003945359998504205,0.0014844778856426544,0.001649567546518682,-0.0015146081499057829,0.003955464599122216,-0.00019684742010706024,0.0006591725311650976,0.0010170101701016954,0.005479825251826886,0.0005253093035668677
2016-05-05,-0.009895532220468128,-0.00448660774272136,-0.025529901495238927,-0.01847417276131824,-0.007928946213784038,-0.015533421344533505,-0.013041282231753382,-0.01945256451595878,-0.007582279182401508,-0.017316400045092495,-0.00832755838365784,-0.010269623750857715,-0.013289693575846195,-0.012805570305748248,-0.007736709133902231,-0.016283762289806436,0.0005253093035668677
2016-05-06,0.0009794683902013546,-0.005414038206334348,0.0049999320222333665,0.01793222511389292,-0.0040304072448635875,0.006080111375321273,0.0035546397928638562,-0.007868637261261968,-0.003820860926461056,0.008487681155943338,-0.009672908369054434,-0.003622715594662429,-0.001578004339709338,-0.003020109387406711,-0.006872805527239789,0.0003990505511035636,0.0005253093035668677
2016-05-09,-0.006453473799998277,-0.0013244280330643177,-0.04114170708488363,-0.0019399015183374502,0.003860547479158871,-0.01405587543502207,-0.013095176454439472,-0.01646186099339897,-0.0012361022318316817,-0.015113046887441306,-0.010459133113903785,-0.0020448794974615714,-0.011296740532808824,-0.01410186549508341,-0.010528812817050426,-0.01359143656804962,0.0005253093035668677
2016-05-10,0.015704118350333918,0.022270120869175347,0.04536558217099973,0.03507097583055163,0.02560613279773416,0.032257430770683326,0.034348747934058066,0.02196974871841828,0.036388832027242746,0.03834501780464561,0.0311394743014346,0.03550537777291929,0.03297918564813296,0.03309313505164324,0.0334946980175197,0.03887074410649172,0.0005253093035668677
2016-05-11,0.006188774199158198,-0.0032895818059149873,0.025893952611454107,-0.009457519793497293,0.0007951018945100419,0.006711225287300948,0.004701458705929085,-0.0018410061576479286,-0.005968056663381072,0.0006299554493858217,0.0007518101507848485,-0.008922367578033108,-0.001466916429363141,-0.001637186650946254,-0.006829790556063586,-0.0044762248410076255,0.0005253093035668677
2016-05-12,0.008946928530843001,0.014349866354977259,-0.012738972273805604,0.023755370906862305,0.022663260834340226,0.00801944530843035,0.01181099050175849,0.01142442397982868,0.008958615743535292,0.011376718523913087,0.020546000593369085,0.010908421206839769,0.00958481932478561,0.0108589972954245,0.0110001167835998,0.009900908020757937,0.0005253093035668677
2016-05-13,-0.014263225147762904,-0.019591328921756634,-0.03773347462533383,-0.022433588993538978,-0.017810176389366217,-0.024588099994746093,-0.023799995569287358,-0.01617295660113549,-0.013998818515522538,-0.030707401044347882,-0.02701525346487399,-0.0153388604206387,-0.02325008438486109,-0.023273861522598027,-0.018757525001888098,-0.026033215767502393,0.0005253093035668677
2016-05-16,0.0006658582234984056,0.0001918257724018435,-0.022012009182881598,-0.011780677381622029,-0.00210224121121394,-0.01020337553000894,-0.00893133118698397,-0.002471064767949893,0.0016889974602427582,-0.02395906492535871,-0.001377524849680345,-0.001709049047141531,-0.008409822380737064,-0.0069761828274603754,-0.0021325630147468466,-0.0005234748994253913,0.0005253093035668677
2016-05-17,-0.010295603713948775,-0.011562440373397154,-0.018451452755188114,-0.01798099639140993,-0.018577905793177307,-0.015049805026082996,-0.01523751894180625,-0.014967742845140686,-0.01550604615773643,-0.03027776746251165,-0.014793691934563924,-0.016821398991268,-0.017881483295874023,-0.018186546452447994,-0.015413585008394293,-0.017977991295833773,0.0005253093035668677
2016-05-18,-0.007121105647282855,-0.004029257037944878,-0.03582896486343157,-0.008036639748365881,-0.007909487406624893,-0.015701020385376907,-0.010113061217989272,-0.006627846241999635,0.0029838445178280715,-0.015639778860663478,-0.012784449893702754,-0.00454411204929539,-0.006809252895730866,-0.006385594357951163,-0.004907992423718532,-0.005762238376059159,0.0005253093035668677
2016-05-19,-0.00400266983689912,-0.0004634159725835918,-0.026537958056735755,-0.007206729571557435,-0.0031582900391109447,-0.011872719320670022,-0.007462208476684218,-0.004556699088577698,-0.004567367864806826,-0.009633723157142171,-0.00868815572247117,-0.003156145310546976,-0.00697967446691139,-0.007965633732014532,-0.008989107480271374,-0.008082412296590236,0.0005253093035668677
2016-05-20,0.008289940159753595,0.0024293526340590788,-0.00023309169586649414,-0.007931159491801787,0.00606636883740963,-0.00023315629854303577,-0.0014643242532336176,0.011552378116400863,0.001973529606332125,0.005492621942785325,0.0016480141758752342,-0.0033616295176686073,0.004646277020118106,0.004529720865934284,-0.00038787402973072815,-0.006991210800508796,0.0005253093035668677
2016-05-23,0.0012287842128275717,-0.008195120668867628,-0.026579954595441935,-0.017824400317288824,-0.005698681473172207,-0.013550287385689752,-0.013244821151792596,0.0007810348612666829,-0.005481067501388104,-0.00883024768904428,-0.01009161358007471,-0.004662440408577995,-0.008128302281652067,-0.008322916150305892,-0.007204166355000319,-0.007726305339339268,0.0005253093035668677
2016-05-24,-0.0009048590973731452,0.002230864735335736,-0.003734584853718914,0.018157165838424527,0.0010659290710506308,0.003739040296407703,0.0027482504082716464,0.0014973999206178146,0.0007781344265269663,0.00013708321233152354,0.0006680369233922345,-0.0006145039597728053,0.000487037713734928,0.0005025164683081229,0.0022838253368053785,0.0007918523158612079,0.0005253093035668677
2016-05-25,-0.004710177845083652,0.001608665824559763,0.014778924869330634,-0.000252703997299375,-0.0008665184869435238,0.0020709330733710285,0.0010443705703122586,-0.0013462713170603324,-0.0032981025896798855,0.007585679155159175,-0.004802693502751643,-0.004020437433769675,0.0011351624492763612,-0.000646218421742506,-0.0006906336916484568,0.002447747459174421,0.0005253093035668677
2016-05-27,-0.003141099801292402,0.0016928737305046404,-0.011400807348202036,0.008021620319344835,0.0029258369215663382,-0.0014504304341000918,-0.006731500337706753,-0.0024771372841990713,-0.006536708799539159,-0.0026409255346903082,-0.003983211411079046,-0.004185926864819556,-0.0040935379867874655,-0.0030459027687680384,-0.002346016238757853,-0.0076879074612974385,0.0005253093035668677
2016-05-30,0.0035916885663329623,0.0008080590467642867,-0.006308732240653203,-0.009519162333008091,0.0007472846942415678,-0.0035160968751937194,-0.0028523110856154554,-0.003239558384256269,-0.005144836286555932,-0.001764016243115507,-0.0015132997302337303,-0.0037134825276569083,-0.0030750535648480515,-0.0019380643980118073,-0.004321354181393233,-0.0020010967075105857,0.0005253093035668677
2016-05-31,0.0068475601642983275,3.8044225763034234e-06,-0.003832668369434189,0.0026988832245253835,0.004085128985519937,0.0016836368879618036,0.0007064028975194425,0.0072336962518722014,0.001678404694601232,0.013784433796550477,0.008221858006009164,0.0013064396529123279,0.007462708201145141,0.0034440389852976594,0.0028350332489293084,-0.009237930063295763,0.0005253093035668677
2016-06-01,0.0033096762775350896,0.00360803452705305,0.01433558351821329,0.009307977420548452,0.0055950664129031935,0.008236447138685099,0.006834216239882451,0.015335862151100832,0.007167097625108365,0.01192406876618457,0.013442062900824947,0.012382595206484659,0.011273445269586846,0.009929644327615561,0.00873119253931387,0.010582335145681077,0.0005253093035668677
2016-06-02,0.008755206404914118,0.0037565904918921422,0.026735395710559606,0.01101884528680852,0.004707059913816369,0.013566573946268923,0.01450641503650174,0.010526325050602692,0.010302103279549168,0.01329777459304804,0.012678817797082687,0.010499641524106984,0.010668224791080538,0.010980626509494718,0.014190535899763157,0.01697384414265435,0.0005253093035668677
2016-06-03,0.0071289402610925645,0.007226216780096051,0.022686298937756755,0.010291722054909025,0.012574126062426583,0.012980660636120911,0.012654216123383133,0.008815097569410124,0.005835339671964812,0.008302148953152733,0.00918723613371042,0.006578034074546268,0.00756447037135044,0.007592956098882997,0.006214045495854803,0.014180287934284053,0.0005253093035668677
2016-06-06,-0.0021670480106370515,-0.005434733376054157,0.0016457117073136462,-0.00046006877678339553,-0.007766554959189431,-0.0013066857380690244,-0.0014250994189788369,-0.0007602595213033192,-0.003373203695767768,0.0036943277106313843,-0.002438565338595877,-0.002880422818880568,-0.0003343394413504175,-0.0029656924896354075,-0.004126282586170538,-0.003798619118934643,0.0005253093035668677
2016-06-07,-0.0071187954220491845,-0.0019436228132411193,-0.015354492309074486,0.0021776636768024993,-0.0013826823967204582,-0.004784736412753787,-0.002462164501901176,-0.0013848942569393285,0.005855717947381489,-0.003676665812913371,-0.0021057534238082543,0.004082512853546216,-0.0018685568839840183,0.00034681058367325157,0.002090104689384642,0.0005922102024416009,0.0005253093035668677
2016-06-08,0.005929101772884637,0.00922838154176997,0.05000428713866256,0.019633821377793792,0.01363686703608491,0.023706049938934326,0.025994855751541923,0.008742571602558424,0.009156806122672556,0.030984955146712956,0.01357776992061499,0.01060565890701004,0.017816725423521973,0.020221622469918543,0.011976955730746086,0.02144759377592087,0.0005253093035668677
2016-06-09,0.0012424413699416714,-0.006486131851833221,-0.023370338294939286,-0.013261521041296853,7.908630468267397e-05,-0.011389723469101276,-0.009374840267373452,-0.0044414342771323945,-0.006608851901255153,-0.010915615053679883,-0.00895394228465951,-0.0038492604337055925,-0.008617141137974849,-0.00788672719468908,-0.008144364998297626,-0.009050985810253653,0.0005253093035668677
2016-06-10,-0.016837951021712927,-0.018558086385921824,-0.03612782173511064,-0.021759626708595103,-0.02314072834861025,-0.023913110514097724,-0.02470565817813286,-0.02503678742294846,-0.026672984382864473,-0.026531281014719466,-0.02927558170389455,-0.028304969000243374,-0.02648034793836751,-0.027696095837194012,-0.025608634160407484,-0.031670922873734075,0.0005253093035668677
2016-06-13,0.004950297143540672,0.010498795365615488,0.004095654574725938,-4.291456116833903e-05,0.008646616299876397,0.004093983207656526,0.000949613141284722,0.006289442720927463,0.0031180698417729857,0.008359668553395538,-0.0027079447763060926,0.0031534313066514663,0.003055177317115687,0.0035400866849912838,0.0021842676361996105,0.005274986397479697,0.0005253093035668677
2016-06-14,-0.02215861394121177,-0.012603055235116067,-0.0392477862232824,-0.02091274491938322,-0.013490205335616956,-0.02447721296386063,-0.020593744555274407,-0.024931721186322253,-0.018661052680671752,-0.03218285907870477,-0.013856354226035594,-0.01732514997965162,-0.02386898894554146,-0.022867000720023123,-0.02082015083125932,-0.020184423034951493,0.0005253093035668677
2016-06-15,0.0019131865608361664,0.0021241622643544122,0.042247492331519476,0.004251438189123213,0.006024245827826125,0.014293495477100349,0.008607387612016737,-0.003197214166234752,0.0001929700472766971,-0.001504930463623655,0.0008677965124546105,0.0009903745751238535,-0.0008475775883308723,-5.393872613257411e-05,0.0011727594311397027,0.00527187207891644,0.0005253093035668677
2016-06-16,0.012613796130049204,0.010325928512965099,-0.0005033208848661541,0.01436344240333498,0.008499251243631045,0.00816860885773818,0.008466394985314096,0.019380190674909148,0.012890901750557626,0.012932559571173785,0.01771537585447147,0.015055056104046782,0.014335775496874481,0.01458216804659318,0.012072444227698265,0.0097158879299728,0.0005253093035668677
2016-06-17,-0.0038684406311307873,-0.0038244422452141658,-0.00403935024218105,0.011942925786561753,-0.004097725480087244,0.0008114611621170553,0.0013481772910672873,-0.001762257082818075,-0.000806217519271013,0.009478462112064712,0.007583004917067093,-0.003504900632951835,0.004788722340259177,0.0032256084434030274,-0.0011621370093396477,0.0020793666577352266,0.0005253093035668677
2016-06-20,0.015218283940223731,0.007134590195634116,0.010147330051345271,0.0027646358794799486,0.016743986710070713,0.008574971191602998,0.013449475109706732,0.01866577101889688,0.005535166845897388,0.018721994859653535,0.018001293182019706,0.013496930015310271,0.01663184145644525,0.018067194467649372,0.014775366191654316,0.015860826344799905,0.0005253093035668677
2016-06-21,0.0011899929724090708,0.00835404946531737,-0.009799773253347688,0.01429384092635555,0.00757289390956517,0.004641890642884228,0.00954086073043392,0.020277224524313908,0.009293228156661337,0.020832147729539674,0.012610293665949124,0.010561257081420194,0.013903127242165692,0.013800711693549461,0.01398695917634929,0.01059004060766644,0.0005253093035668677
2016-06-22,-0.005040541494387485,-0.016455897317236734,0.0106967282320789,-0.0058048324826249775,-0.010433577881368561,-0.003582916939792735,-0.004166676672808678,0.006404856225476818,-0.01476416913257561,0.031122858666005948,-0.006954473257646199,-0.01502143573710435,0.005404734268610101,0.0030197246739844807,-0.013669917906948825,-0.011897988131532977,0.0005253093035668677
2016-06-23,0.014084972914991445,0.01620450873101431,0.049861050720321876,0.03068731179371076,0.014892458844685041,0.029256752423393095,0.025736408557846424,0.03976817417202394,0.02341933053761469,0.042059313756305894,0.03442032469520018,0.021654236899167012,0.03461602902532035,0.03212062305972996,0.02585001677664689,0.027865279426213974,0.0005253093035668677
2016-06-24,-0.024084159383266246,-0.01762629669243332,-0.03913387550398262,-0.02124208768912572,-0.016087082961885546,-0.026116629369300592,-0.024124142829418327,-0.01400014226837576,-0.02327873938463232,-0.012514033259991897,-0.018619204649818255,-0.021712033849416,-0.017617779890870766,-0.020088102089345417,-0.02189151005537615,-0.02656696475662501,0.0005253093035668677
2016-06-27,-0.0036240813326227084,-0.006287792581035734,-0.02401698445002365,-0.0072427466120980055,-0.005409228705850033,-0.01078991541685037,-0.013246886393451729,-0.006321975898919807,-0.008294956380544671,-0.00454726109416792,-0.01611010250710787,-0.016144544963164975,-0.00830742733575085,-0.011477008439160996,-0.01333878278962608,-0.016169666391665727,0.0005253093035668677
2016-06-28,-0.0020185584143717072,-0.0005629609887564113,0.02212835186583728,0.014801277421499393,0.011576683457117376,0.008932117468983591,0.01352051045051672,0.023281773910474035,0.004495260408949209,0.03772896238850065,0.018803854190778235,0.004668314926430384,0.02060232727577138,0.01964441689088381,0.010567689700621274,0.015517066668363722,0.0005253093035668677
2016-06-29,-0.0053090980502406016,0.014525399656793336,0.019390533261362197,0.021632750596677353,0.01419903009646295,0.013344824283806123,0.018431952566789755,0.005751639083258153,0.022065325159994043,0.009838406512491238,0.021378549328480823,0.01664595064903973,0.015076663405982904,0.017410058046589016,0.020448564175419737,0.018856764655834413,0.0005253093035668677
2016-06-30,0.01655093493192661,0.002497899413281157,0.005917151997625547,0.012362350008480627,0.013621858760434424,0.009608593289173406,0.01042230495412988,0.007940453220219856,0.015297805961087763,0.007937010640949316,0.013886054522151525,0.013167904979557221,0.009520087429810697,0.009080634147603961,0.005915782266347147,0.010129168304867653,0.0005253093035668677
2016-07-01,0.0032423310099836122,0.009576142236195961,0.02597814913448193,0.004876226895750291,0.00029447215263922466,0.010434481107687077,0.00989491178944868,0.009175186933961132,0.005696422172515314,-0.00033169262656851384,0.01303577306242687,0.011760560042247237,0.005013750647220094,0.004089918272144999,0.014017270875024357,0.012437424122063945,0.0005253093035668677
2016-07-04,0.008426307067796124,0.004075945066479791,0.02085073448600583,0.01999808219041599,0.003588434946274921,0.01474196608103484,0.011853106449112971,0.01753037913339739,0.004325283565699056,0.02686565628203952,0.012475602851369061,0.009536935119756063,0.014737265988804982,0.014927390628426851,0.014271010471672785,0.006586440731286114,0.0005253093035668677
2016-07-05,-0.006172437326270264,0.0012939956082627102,-0.02530099481052317,-0.003679478682559467,-0.00056370605880951,-0.009488469391618959,-0.008415630787323658,0.0013797979791456694,-0.00743291245270894,0.012519308293604148,-0.006124270040052449,-0.007256069328295478,0.0006307885401442004,0.00020519590201373283,-0.005162167051255384,-0.011996512545506266,0.0005253093035668677
2016-07-06,-0.009088620705786754,-0.00536217326432209,0.01903159853625591,-0.002768266225240734,-0.007137523225099973,0.0017509421182946294,0.0004972653128860749,-0.006333833837022351,-0.004366174336886353,-0.010922508129190711,-0.005431936223622258,-0.0026586662203502698,-0.007474130098372833,-0.005952989400163089,-0.0023549864954164335,0.0007284747571401073,0.0005253093035668677
2016-07-07,0.00624944170330477,0.002415446346930139,0.001995851278535632,0.003339091878847178,-0.0006546945801414461,0.004061805454650624,0.0020231338025746837,0.007189200467872636,0.005524097641220527,0.0005151674112477966,0.0013228273514174216,0.006777865683613715,0.0024140091804683017,0.0023220159889834058,0.006779344559631584,0.0025203798884654294,0.0005253093035668677
2016-07-08,0.005680658651989301,0.0048505082109884246,0.024809751126437796,0.020905816711516145,0.013121195009379694,0.016308630917077016,0.02112739588082735,0.013976640033308119,0.020333480066885512,0.026211939112790406,0.0255735706794189,0.015287350555490686,0.02175661107740945,0.02216160809909473,0.01682761300464075,0.020951135654952102,0.0005253093035668677
2016-07-11,0.009687518197754708,0.010658241270558921,0.027552013100127004,0.019057235411318763,0.012605900670954462,0.018568191519906962,0.02003455945137511,0.030105439279267898,0.01366019735075108,0.04525926082653697,0.020420619139407847,0.010244828995967348,0.027365301274705267,0.025546784281377244,0.019106841986416878,0.015669862435111925,0.0005253093035668677
2016-07-12,-0.0013017817886673555,0.0009337011009178386,0.02290634983973061,0.0022510190258846485,0.004147484835980153,0.006688053242317027,0.005230916609487046,0.0053535375086930514,0.0037388827579396544,0.002273431938305981,-0.0020284744986621694,9.289802042689033e-05,0.0015616164663054821,5.1726914219729636e-05,0.00021731349388964816,0.00552680612760037,0.0005253093035668677
2016-07-13,0.0027466707578114313,-0.001099160426831336,0.030222268237667826,-0.0010504699320984523,0.0063825929327692155,0.009134125732844556,0.010665715013493227,-0.005033459909609683,0.010370172978456216,-0.004296426372307205,-0.006432640730976269,0.006667814516656989,0.0010459967628180245,0.005235900638796753,0.0008264638848063388,0.00594734901831373,0.0005253093035668677
2016-07-14,0.008258072025924657,0.004316194816629038,0.027949019081484394,0.03237559626773878,0.00761013084939699,0.021222289588828547,0.021960310901479208,0.017987799168511343,0.017413589309562383,0.030897570526629003,0.01956619620642508,0.015312653692817424,0.022943318096152687,0.02121157017632469,0.013374253497865363,0.015894915669329546,0.0005253093035668677
2016-07-15,-0.011767531355302396,-0.002271030593973933,0.01161378572698446,0.0009940594441906203,-0.002519139159134931,0.0012989763701849455,0.0050818811393889,-0.0016375445728441518,-0.0018168165259397906,0.015147880006618042,0.005200577941853135,-0.006415166173299958,0.008036901122951745,0.007731206296050619,0.0014953522268565944,0.0016331144968610989,0.0005253093035668677
2016-07-18,0.010844850279546403,0.010861619489949348,0.034261696166771216,0.022614105802843953,0.012559603465203795,0.02098228451056916,0.020070633080961686,0.010204440756530708,0.00786456612109232,0.0251849023325994,0.013515645668790377,0.011830461930384395,0.015460252397846208,0.013368817709134895,0.00866932016927624,0.015924817622259946,0.0005253093035668677
2016-07-19,0.0072402777674369645,0.01250014406419142,-0.009493055258955052,0.0033963627855762013,0.007920863411582157,0.001878024775683329,0.006771790149289858,-0.006095010116729416,0.007591218638228092,-0.004494162746359609,0.006487937700369484,0.006377095628436802,0.0032414394990605278,0.005170259206271011,0.005825509160311659,0.003987219004546461,0.0005253093035668677
2016-07-20,-0.006037047425579978,0.0032599497452259207,0.004025661600123298,-0.0027928689459426614,-0.005819379095314936,0.0002567755785092274,-0.003687024843232689,-0.003977750068879349,-0.0015885892604654561,-0.00417440414303738,0.0034326728680416085,0.0006837548854721209,-0.0029079027095979537,-0.0016448038007530474,0.00045474276028878435,-0.001974191965571026,0.0005253093035668677
2016-07-21,0.006153874266980663,0.0009970506097538578,0.028093538669427875,0.0015461574293047509,-0.0005646993056882543,0.010436166617131315,0.006902253674748948,0.005053944915105246,-0.001207055354560893,0.010565581316002381,-0.0006346723206052118,0.0004178394418288267,0.004435199587774941,0.0032136354077683116,0.001276833123282417,0.0012820288490633658,0.0005253093035668677
2016-07-22,0.010452972303903518,0.011217010169528585,0.017261215377130767,0.010157565914904021,0.005931134357092249,0.011294046145133407,0.008550595927200755,0.022547431445549604,0.009699840747658062,0.016337571653509686,0.005073865007160894,0.009438185684440326,0.012225992912208383,0.010498376415807753,0.011196216479444132,0.006478231496932052,0.0005253093035668677
2016-07-25,0.005584743524603697,0.005449234354161225,-0.0008838076952284446,-0.016243100073649264,0.008082035215397632,-0.0033116001068906886,-0.0035688383627465736,0.002553319229186002,-0.010492186916893909,0.001105778391423673,-0.011119927442170274,-0.010406061501536557,-0.0041375411773554305,-0.005348474074068688,-0.0060605565917225546,-0.0021089505895744987,0.0005253093035668677
2016-07-26,0.0014102486076670306,0.0013402529142527708,0.01066887488715662,0.005452262499212379,-0.002016081138208836,0.005385246522223941,-0.0014672167551285087,-0.006382643474246108,-0.0034866195270868428,-0.003504699072945372,-0.000406435682660633,-0.0035638109391727957,-0.004542028756857497,-0.004101745476589036,-0.004163552898473366,-0.001976757608267654,0.0005253093035668677
2016-07-27,-0.003531801789847022,0.010215496926087031,0.0268652638319562,-0.0020989316275283887,0.005539300832948957,0.009786316352103253,0.005389794516675428,0.0010710778696003675,0.012391969732181707,-0.0010114722538787646,0.0049867406547299264,0.0049270087208985736,0.004747047843291163,0.003588818021383444,0.00420982319567198,0.0014096029894639095,0.0005253093035668677
2016-07-28,0.008460090985470625,0.014920135393823086,-0.006209126134376852,-0.02014580422054102,0.012569814790519773,-0.003624230221795144,-0.0012051957255795331,0.005689845192525134,0.00687285264791293,-0.003930657976407015,0.008940737805035015,-0.0001903921179530199,0.003361586626846824,0.0016295581253886748,0.003834957236531489,-0.003084871983120574,0.0005253093035668677
2016-07-29,0.022637377876616682,0.015932085982744537,0.019875674713249136,0.0250193772860845,0.013582814190058912,0.02345581222562454,0.018692489625594666,0.017664422672874824,0.004598598177145474,0.01390939311046746,0.02328917066950642,0.01580087579147338,0.019341301351449847,0.019723758066309882,0.015980661232069426,0.012263520881038215,0.0005253093035668677
2016-08-01,-0.00582096229701301,-0.010035471927082429,-0.005014416645796049,0.006855678411811894,-0.013393495366063601,-0.0031357360065595863,-0.003212038758004132,0.0036269059807931825,-0.0007657676816369419,-0.010186320627199152,-0.005813578112095152,-0.0009807078096891741,-0.0048239931880608156,-0.0028570943061549947,-0.002246467249084061,-0.008298521228931821,0.0005253093035668677
2016-08-02,-0.01064401293048678,-0.02203231663807237,-0.02563886769404422,-0.009577540239567806,-0.014843136280942026,-0.01691213966530003,-0.013766338808031686,-0.013673053951137604,-0.01166623191896532,-0.010416757708377578,-0.014742106508267905,-0.01139282931270047,-0.010517453426825751,-0.011653963664580158,-0.016862229252073924,-0.009952283687606145,0.0005253093035668677
2016-08-03,0.00500728650689064,-0.003647995349767119,0.04342307602574147,0.008313093352386947,0.0031653522809356183,0.01664792053752362,0.013199611736611327,0.00811466093309976,0.016223041640632152,0.016868997619022608,0.01690133584804787,0.009310345816414323,0.013652626560817449,0.01442923017130937,0.008113998185944826,0.014741641988694543,0.0005253093035668677
2016-08-04,0.014614367107856241,-0.0018544562390266917,0.027057228637055175,0.01770107544627275,0.00281078003782409,0.014403985019365129,0.012675079986387505,0.029976874163447853,0.0077680854495947305,0.037279997602688075,0.016048767069680503,0.008322124327738267,0.02334135360026468,0.020968926204433025,0.012197207181533276,0.009521545003184473,0.0005253093035668677
2016-08-05,0.0006880819418433326,0.006858551769123311,0.015729012766579675,0.005768857399395477,0.007087507092245371,0.008106611574024258,0.006957134119682795,0.008031183623288918,-0.00027054963767625395,-0.0004147207463340852,-0.0029394726918259284,0.00047805334104289443,0.0016785595077972726,0.001442992352258976,-0.0004987410809811355,0.0019352952078224295,0.0005253093035668677
2016-08-08,-0.004626413434561938,0.012471495626868112,-0.03909226256337783,-0.008405311922107805,0.00038023388782137957,-0.013761911548535344,-0.011798171261995671,-0.00840079960183926,0.0069719343635454845,-0.011599394831358856,-0.011394163235378896,-0.0019576770649196717,-0.006923984283176532,-0.008640127783779983,-0.002957722674264196,-0.0007983435207031819,0.0005253093035668677
2016-08-09,0.0008445600253774721,0.005141452118581524,0.009883458927426148,-0.003601285223994055,0.0012161644608461586,0.0038716878712179437,0.005640172722722436,-0.004400813776177737,0.0070158090861773825,-0.007978935647903751,-0.0022647396587719415,0.005084693485703395,-0.0009567106950616466,-0.0005771194784764955,-0.0008072099997175064,0.0005925500000627526,0.0005253093035668677
2016-08-10,-0.00939038463469799,-0.009857633926466325,-0.012046675477232038,-0.0030448256281403463,-0.012411398604926682,-0.008670429763265042,-0.010297061216782533,-0.006724263364293659,-0.007711230546639247,-0.004785122296636635,-0.013952648817522784,-0.011611599164139896,-0.008778736447867863,-0.008679347500002321,-0.01131814821846211,-0.012885550634484155,0.0005253093035668677
2016-08-11,0.010720264793105505,0.009812603356207594,0.03472654240978157,0.023667883391881306,0.010675112677195786,0.02178642821068766,0.018415503990313997,0.023772316056992926,0.013939945654418695,0.02918947264929206,0.02589568433227818,0.01845167076851495,0.024134186858522977,0.024516490632531474,0.019157150736420547,0.023662100066381475,0.0005253093035668677
2016-08-12,-0.006736796051841409,-0.006165387247276111,-0.01728755351585498,0.0019907894370370105,-0.005128566282901925,-0.0074083083135283445,-0.0044275542450127325,0.0012525626172985582,0.0033185215995894524,0.0035562303317979715,0.0026386740322990043,0.0018549649638428534,0.004215927830112376,0.0044501317859295675,0.003655984670520418,0.00010373877007152643,0.0005253093035668677
2016-08-15,0.00439458184575825,0.005933012069875732,0.035524072803718054,0.010498341445323467,-0.0008096017481292739,0.015088629165676659,0.007386936892516349,0.008782670556251038,0.011292666460567702,0.005976467999095458,0.014307746466901472,0.005528946073870333,0.009003598254362144,0.011437475005215081,0.011862633105134135,0.0132685067712488,0.0005253093035668677
2016-08-16,-0.008784995713144617,0.001760953411297228,-0.0028199566999189685,-0.019754939781104097,0.00033823778446140373,-0.0071372476359071735,-0.003864282069530045,-0.0066823936048170385,-0.0036187028748448924,-0.0050353380937072645,-0.00741135595394371,-0.0029131970246339955,-0.005463526852513612,-0.004267244575994922,-0.005617046136356496,-0.004416172457489154,0.0005253093035668677
2016-08-17,0.004567675350666933,0.0034603516948470414,0.022273758142690614,-0.0007847662861397708,0.009702362057966374,0.008622006239892288,0.004011531336026053,-0.004682473011617949,0.0023363723444365103,-0.0024658090275995193,-0.00036118641018267894,-0.000584427117023667,-0.0006183933164068955,0.0013819958344476468,5.557474207362745e-05,0.007244367119487505,0.0005253093035668677
2016-08-18,-0.000621972242344393,-0.0025469941800341234,0.009223169841904744,-0.00864873001276778,-0.0037404690862522516,6.000555398455454e-05,-0.001056743571240859,-0.004058596382647162,0.0051572176894632005,0.0031144938637612807,-0.008178792715003658,-0.00332687821931954,0.0017770214430519182,0.0021013794203741387,-0.0024253057433304415,-0.002458970055145837,0.0005253093035668677
2016-08-19,0.0017906967973935206,-0.00915476744457322,0.010982507336378955,0.015473969258242626,-0.004832042483948751,0.006286052517071372,0.002041345369926395,-0.010677578870040505,-0.009513404824661786,-0.0051467447356885465,0.0021583445205681784,-0.008879672702504782,-0.005392688085217756,-0.0046654711766001,-0.004607744831208516,-0.0014587963421639483,0.0005253093035668677
2016-08-22,-0.01793964982066587,-0.015829417562921333,-0.03697887175458303,-0.025469482936631094,-0.017516287467168934,-0.025982735829969572,-0.020688306355401753,-0.01749434713426745,-0.01374277271377411,-0.023460797582437132,-0.02101085401926528,-0.013498951932939152,-0.021503383622763494,-0.0211705612828772,-0.017784760031659852,-0.02206621211050952,0.0005253093035668677
2016-08-23,-0.002145692632077534,0.001720721936105507,0.009952341879678084,0.0006863385558371071,-0.001416713966300942,0.002320546511553445,-0.0005580946576446699,-0.004070439950080718,-0.004569376467868036,-0.004699470531420169,-0.00041289311681247387,-0.006006941894262652,-0.0015737963255829657,-0.0014331082859274646,0.001306423452132499,0.003345600116237968,0.0005253093035668677
2016-08-24,-0.002513994059915259,-0.0011644360497256034,-0.032658682636312886,-0.011492303074237431,-0.00575524317981968,-0.01500203087419505,-0.007961848171134767,0.0036516525067267214,0.002795520632401516,0.006236103409499094,0.0021211181354401365,0.0014559453035432046,0.0055795324439043,0.004107920918183794,0.005031906678047315,-0.0048895197409678515,0.0005253093035668677
2016-08-25,0.004757380496292152,0.0032761377456018703,-0.01461264061326284,-0.0008468793049095646,0.007534523552976902,-0.002868079144935587,-0.004346191651871556,0.0051862344318802656,0.0038868969708309997,0.005112584563955691,-0.0022834047797742896,0.0031720426511376854,0.002060884758091186,0.00029232850789440157,-0.00076839704288445,0.00012670672494885515,0.0005253093035668677
2016-08-26,-0.0063117589658238105,-0.011323408186148742,0.015424136163138424,-0.005426214676744756,-0.0037876110072713187,0.0002874978223268432,0.0004756448249036982,0.01828993711235416,-0.00360709164839379,0.011091866427032526,-0.005754276145902071,-0.007255002963744928,0.002222624889320013,0.002064708817475003,-0.0010037316151174647,0.0008061373477412648,0.0005253093035668677
2016-08-29,0.014050134025882066,0.015507470813322488,0.0030458932633874447,0.019747323105933523,0.009127253772468036,0.012105832685040063,0.0130125268074186,0.019490981845793565,0.0131398302303396,0.022518361818159693,0.01853251215798224,0.01882518725033333,0.018411572124432007,0.01889261469482384,0.01548839282096992,0.015167239031074864,0.0005253093035668677
2016-08-30,0.006071761940453113,-0.004708128319644622,-0.009874539615574718,0.007730085670564657,-0.0014279512113241077,-0.0017609048669597893,-0.0033913135899164004,0.02268318341112696,0.002506746818586425,0.006216378371704856,0.001672816255769094,0.0002009140820484756,0.004696425259566928,0.002595032314028911,0.0007699887892822499,-0.00021605969667692904,0.0005253093035668677
2016-08-31,-0.0036905012932848535,-0.00039853510441201223,0.0047074942754352644,-0.010548164022981865,-0.0052834130420741365,-0.002523869057576511,-0.0035451556844882104,0.001844532166257462,-0.0021914616930702735,-0.004457424234557861,-0.01263812377319562,-0.007985391331764125,-0.0051748270646369,-0.0045478857021321595,-0.004803744129864618,-0.010776093611524762,0.0005253093035668677
2016-09-01,0.008720103506208554,-0.006206899184852732,-0.008465063429853537,0.01452339178664186,-0.004149696635571631,0.0003629744794972911,0.004209626362272401,0.0057490097443198,-0.005223449294714189,0.014085708681872866,0.011611220179738702,-0.0007344191865291672,0.007404088999558356,0.007526032412698891,0.003873562435657618,0.005631288542681023,0.0005253093035668677
2016-09-02,0.017106969362582714,0.0080118953916124,0.05496287911193587,0.020294202244136583,0.014065906526509409,0.02971735210988391,0.02738595119298126,0.020337005208163506,0.015545721512021382,0.030200945472072416,0.022530453286380148,0.015755773443253185,0.024587158760592365,0.02316799874293407,0.020051235395518008,0.023378862115609023,0.0005253093035668677
2016-09-05,0.001214883829416591,-0.004901010230155656,0.02544181993579242,0.0014926704544144798,-0.0014037310719224871,0.008306181785404876,0.004672976725257572,-0.01067808311259033,0.002090048684398882,-0.008670783303177276,-0.0017903787431635676,-0.005070209808967219,-0.003638807434343083,-0.002188355284729826,-0.0018072784030230826,-0.0008410112675293346,0.0005253093035668677
2016-09-06,0.006261664537507761,0.017522608490436076,-0.013256049521327307,0.014840587028590813,0.01640932615602808,0.005094585703493193,0.007373250628172068,0.008833961410936508,0.014058246701113442,0.01280614475386388,0.0077346313885358065,0.012745109666488785,0.011549919292830557,0.011205199729069859,0.010753573094121283,0.010024551491158107,0.0005253093035668677
2016-09-08,-0.0055594579671865985,-0.003764690448744501,0.011108306164453907,-0.002659147921580507,-0.008556532298019781,0.0008791206599980672,-0.00146494324679447,0.0054952914214956294,-0.004438366411510963,0.0055887523911331005,-0.009144164187773529,-0.00549356267217227,-0.00015689259872186945,0.000515049594831618,-0.0009964523195626906,0.0017180141071075905,0.0005253093035668677
2016-09-09,-0.022279285925335235,-0.02427490981642355,-0.032189914285264076,-0.031656166554638765,-0.029983421139709976,-0.028686772649356262,-0.030317344189969675,-0.031040132047684077,-0.0264868593641725,-0.04511427814982283,-0.039517561344077134,-0.02978258541247769,-0.03555547737589504,-0.03587141109508052,-0.03119251100295739,-0.035828434044891666,0.0005253093035668677
2016-09-12,0.006450555735977304,0.007096572844761395,0.011559734203816951,0.0026833303810716025,0.005639790782349774,0.006917195782852659,0.005463062299035482,0.0011009276073066232,0.0060480724650779916,-0.0035651602531697746,0.006751973328413596,0.006099154879689372,0.0014386109427715343,0.0025225746737103094,0.002828287684129016,0.009180229941321949,0.0005253093035668677
2016-09-13,-0.013977845936104738,-0.014581980559814856,-0.05897052326173935,-0.024935153006473754,-0.014437709833694301,-0.03207731920880541,-0.02890917675721527,-0.027611667163258025,-0.013508827066400553,-0.03344630186245656,-0.025365363195228197,-0.012036380465231034,-0.02545079915487669,-0.025297005379640636,-0.02038933075537197,-0.029055655237191003,0.0005253093035668677
2016-09-14,0.0026682450982631334,0.004229931764700767,0.008924708282887162,0.0006619504611151683,0.0029197460210461657,0.004459532699440549,0.004144801499196715,0.004383902808785756,0.002381985061436387,0.005331651792966019,0.0030928062814779,0.002367540922041611,0.003059189396556139,0.0029268749624025148,0.0023937395758146796,0.0038487591339761984,0.0005253093035668677
2016-09-15,0.013161163681108201,0.008003440151919117,0.006292380267715281,0.018280104062930125,0.017191910458587367,0.01164740612861137,0.010829215612671028,0.011885431160001847,0.0011674829921821672,0.019829909968541504,0.012494172268379122,0.013236091361803926,0.011031745562583906,0.009964281213666437,0.008787274724380678,0.01401977351927397,0.0005253093035668677
2016-09-16,-0.004419599850403411,-0.007555190552984925,-0.02778179541570247,-0.010084997247368443,-0.006696067654713422,-0.013874433099462569,-0.01018539662212492,-0.025887408591772743,-0.011507346600085677,-0.02633154827661277,-0.013362388229499311,-0.009767933823777164,-0.019403971058734704,-0.015992324264202606,-0.011295721256603497,-0.013995626340774336,0.0005253093035668677
2016-09-19,0.012428824511747205,0.004984131471544417,-0.015649334328371123,0.004660528935718222,0.00758397678617917,-8.178810740644415e-05,0.001500798943260051,-0.0004307711570837869,0.006448401704768569,0.0041284495582762926,0.009376935810101239,0.005994006134208751,0.005589938327791977,0.004940695273659035,0.003752513572270466,0.004326069928288323,0.0005253093035668677
2016-09-20,0.008591335362665209,0.007461338049465915,-0.009912388668216754,0.0013911483461721552,0.007268293753125432,0.0004954831538304116,0.004137783666133155,0.0030455923445031896,0.0037956347163761173,0.018448499559197584,-2.84052505978849e-05,0.006924709900166803,0.008146808363006519,0.007461230841931732,0.0045227539629970614,0.006846705941497611,0.0005253093035668677
2016-09-21,0.006830833379221302,-0.003140929768996048,0.03761947184353276,0.01273900063432043,0.003528552059128387,0.01650579704288968,0.012629147304400457,-0.008059822941271277,0.003315177836666905,0.001958626254456197,0.006080928708464217,-0.0020230831829233242,0.0038611440680680342,0.004733670105186105,0.001197401315523372,0.010359149727130701,0.0005253093035668677
2016-09-22,-5.33014712257307e-05,0.005183345609323542,-0.0019356403045871495,0.016942471453780916,9.94118610058159e-05,0.004933695094248014,0.009176063433546267,0.003256074340909798,0.015491014388538726,0.012144647061443026,0.011862876509525444,0.011015630080573269,0.012907957964899186,0.012946496601146773,0.01030311356051361,0.01006508720612187,0.0005253093035668677
2016-09-23,0.0034536046403834675,-0.0018236252357792804,-0.0011625877403327323,-0.005962386342546644,-0.003092789561299769,-0.0022705271579960273,-0.008142967334701545,-0.002356482500323165,-0.006068325247251649,-0.012399621085495638,-0.0035451109107432766,-0.0012926054653953356,-0.008208651931988276,-0.00759572196336189,-0.0021555861274634713,-0.005493939540096693,0.0005253093035668677
2016-09-26,-0.010143175358191758,-0.00803087476010389,-0.006317515249545491,-0.010851845962304374,-0.009804876766603798,-0.00844855844666903,-0.009153199620711816,-0.010955869513367689,-0.00918410259295388,-0.00934148184516792,-0.008066057263306003,-0.00969961898463556,-0.008688633834929904,-0.00828022765855263,-0.009598852145614067,-0.010569760956617325,0.0005253093035668677
2016-09-27,0.005958080767808793,0.004833026718260802,-0.006036446057162137,0.005990394175953817,0.003716576972595531,0.001500167136673003,0.0022832736217552885,0.0010899523610097273,0.011453168144367032,-0.005449938551925548,0.0062871164032702875,0.00805627151817423,0.0017561385092170756,0.0033888890643092306,0.006284548831713366,0.005117232349515444,0.0005253093035668677
2016-09-28,0.015465804206752809,0.008866617880574523,0.028856986573046584,0.01498753936920294,0.005783818712110644,0.016984095211441508,0.01393826372578788,0.02906336726103853,0.010915007728846904,0.012313720599585132,0.020339384027069807,0.011400844090776685,0.015868784792248514,0.01379004401097661,0.01448121383215284,0.016020333309225476,0.0005253093035668677
2016-09-29,-0.008328215962668861,-0.009017548594770997,-0.00968617118000581,-0.016803031501845478,-0.011690311688998811,-0.01120668193647345,-0.012679102640033468,-0.01871940471689726,-0.01940390111151813,-0.017237316371509603,-0.018240020555364,-0.018060718781438,-0.0177104002245817,-0.01708492078394319,-0.015705519526852396,-0.016442140724256427,0.0005253093035668677
2016-09-30,-0.003932897266784363,-0.002089463547117032,-0.011450842632038327,-0.0077868997962965425,-0.004281183377356501,-0.006662867998193045,-0.0030072304252141135,-0.0029698623836289517,-0.0017571444888607735,-0.007187867515830781,-0.003028356795070075,-0.0027370823042264236,-0.0027467066291855247,-0.0013920058383564138,-0.00019733715657288542,-0.00014391958369186497,0.0005253093035668677
2016-10-03,0.013042127430833217,0.007934199805008424,0.022892161808313327,0.025069011670251218,0.008352859527115175,0.018264738135413294,0.018501081587735335,0.015757967863336164,0.01835743672288581,0.009614126078138385,0.022252058545305653,0.01622083507611305,0.015243934888504285,0.015578578672155619,0.016954204715274868,0.01819314389190585,0.0005253093035668677
2016-10-04,-0.002872556841366336,-0.0016997979902059202,-0.010461483570792351,-0.008318580345313742,-0.002049004935702148,-0.005618465712749043,-0.0010194076234081306,-0.01597130797410351,-0.005263916497117438,-0.012493211056888387,-0.011197941943840162,-0.007346104460783209,-0.009615702777854174,-0.007174994274939617,-0.004305530249617773,-0.0017752291751805815,0.0005253093035668677
2016-10-05,0.016140414407278314,0.0027058018123820027,0.02113536781120029,0.015162443269834958,0.00750013341555511,0.015067089460980565,0.01302134539502986,0.009130264752567285,0.004567848867323976,0.014407452553537592,0.016366973726109624,0.013350560275745327,0.010879917471317446,0.011988798812267554,0.010983415480211312,0.014351210523488644,0.0005253093035668677
2016-10-06,0.002116722476978472,0.0008360877490567464,0.0014267236233025393,-0.001201999162648848,0.004038597355297657,0.0005978184460067038,0.0041164084245643995,0.010229121384287998,0.007607835416248987,0.012655669537772862,-0.0013234905749014425,0.007026425627382649,0.007609015809492803,0.005239686898915741,0.0021956401983158624,0.006566370410370892,0.0005253093035668677
2016-10-07,-0.001633606796513254,-0.0014420810725842559,0.01806508533105533,0.00650627770614709,0.0038661648132840565,0.007953035399483444,0.007767220148920284,0.00256858773975277,0.0007584528201800556,0.012792301920434124,0.005915216326424444,0.0015957231087695423,0.005926666821127746,0.006329977550873389,0.0037691697618356113,0.007044875157239172,0.0005253093035668677
2016-10-10,0.004421965063468036,0.007908764195988738,0.008910902019081623,0.005889246264810577,0.0060060051147585725,0.006530139471210061,0.0073319775914193475,0.0188075600355031,0.0036646364071168946,0.013192438108555526,0.005495980177248061,0.011265725142634908,0.007852470730843386,0.005705967064509432,0.0014707147830306244,0.009072303352620326,0.0005253093035668677
2016-10-11,-0.0013861618553175914,-0.015090331502375487,-0.01192213200038783,-0.008430760693694639,-0.010326619059719655,-0.010002177219216923,-0.008036918476971744,0.003506155391471033,-0.008903211899067842,-0.004639247864613449,-0.0017486430556258314,-0.008567389806725445,-0.0038561980065056067,-0.004768461362497534,-0.006858464110235385,-0.010296868460760944,0.0005253093035668677
2016-10-13,0.017284823546529937,0.0024370403297400145,-0.018839993914881004,0.007612282216069355,0.007914409737002082,-0.00023155427908794213,-0.0007888187065340224,0.017576861731326776,0.007999189716472399,0.018106333803822094,0.00821781896454099,0.008666660540969762,0.012153510820618774,0.009721812205763847,0.0006174344614948701,0.001902300237668575,0.0005253093035668677
2016-10-14,0.010174505270535095,-0.00691761438285643,0.00827917644616738,0.01605527111229632,0.003980070157330484,0.0074889419661337,0.0063707124607235155,0.005606903539294716,-0.002382779542500213,0.005919325254098329,0.008569224132629172,0.003895538528157827,0.005074971222726488,0.004507328983821779,0.0007703342700493554,0.009939238016804186,0.0005253093035668677
2016-10-17,0.007885721285063596,0.004107271044351268,0.0041447600628872205,0.011171126733416248,0.009278578906505297,0.006718916396876828,0.007610419253451184,0.010369631853790029,0.010126675603304047,0.01346533345955181,0.013777582635812857,0.008996939497185164,0.01305031955311331,0.012774558775045186,0.008875588596832351,0.01442980305406416,0.0005253093035668677
2016-10-18,0.005374745821534299,0.0007494808697603439,0.027565497073730683,0.011624842274078784,-2.7329446695034676e-05,0.013791380717010915,0.017523100640139733,0.028749763093417258,0.010624474782026994,0.026163005133238215,0.011797602851570943,0.009540440301926134,0.018799693317033794,0.01927500707985952,0.016318204997450403,0.016841503766365618,0.0005253093035668677
2016-10-19,-0.006793441487117469,-0.0045262265589178785,0.010622772348158005,-0.003513133343430397,-0.001910554141488774,0.00010830849327470027,0.0007053060305515224,-0.014746479202963014,-0.010788978134955496,-0.013073426051135262,-0.008352497326233888,-0.01034152111336073,-0.012319996589033044,-0.010630728051275407,-0.010153859117598474,-0.004560590815028576,0.0005253093035668677
2016-10-20,0.005464745344723632,0.008361372538916001,0.01119685636216583,-0.0027467382133892215,0.009318478058272683,0.0051692550855264585,0.0012725576006755723,0.002708944597154206,-0.0027075733203201224,0.0018751159032504017,0.000383693329825574,0.005434028075830488,-0.0005054049369119795,-1.3670619798844541e-05,0.0019386144130757454,0.004989626718247653,0.0005166043641946505
2016-10-21,0.0031995635387340737,0.003448369348099556,0.03075077621844824,0.0009847276886389977,0.0030943891937735835,0.011523710176362334,0.005276820303579788,0.00821229153602987,0.0015542183154946265,0.0068218698178532655,0.0008576470576231454,0.0004002215410490173,0.005358177328128821,0.005061702602247031,0.0013246669987989623,0.004412992651970704,0.0005166043641946505
2016-10-24,0.0030718544436039164,-0.005903003819554553,0.012038833202070665,-0.0025900579164315207,-0.0006511721760863454,0.002486650051000572,0.0034912043919907987,0.004689200664326876,-0.0008832943775755053,0.0025207198191674607,0.0008964220541547441,-0.0063919764322663,0.000841337595553826,0.00045446751500888283,-0.002954380659991762,-0.0004878422973253471,0.0005166043641946505
2016-10-25,-0.007432288782787566,-0.004431984824213142,-0.0016376810002980413,-0.0001226389528622418,-0.001859013601716808,-0.0024800385006171766,-0.007761834967231818,0.0028870105645895094,-0.006551677292490066,0.002691744461639889,-0.001999948111267802,-0.0021738241636366507,-0.0018999121470218983,-0.0022953648707980667,-0.003013423078410904,-0.003158345229741899,0.0005166043641946505
2016-10-26,-0.004726356009721933,0.0012499421612677253,-0.003724594403621384,-0.005010184917448424,-0.0009179881978915727,-0.0037260965339839247,-0.00597198036785751,-0.004656094491065632,-7.2991530920552e-05,0.0018311503116681394,-0.005558913260666043,-0.002636241813473883,-0.001543598181624306,-0.000796401694882265,0.00037248138563072963,-0.000768004878822115,0.0005166043641946505
2016-10-27,0.0057735756460748355,0.002336659770136862,0.007684254693087089,0.0003512158717402514,0.004243152142899609,0.0043234732204238124,0.012125359212135312,0.006987898880635113,0.0074433177006807405,0.01123770468622487,0.0021353005875923703,0.007787197248375843,0.006901458432164498,0.005793369326848152,0.005115833485243915,0.006324494425692384,0.0005166043641946505
2016-10-28,0.008079712865626254,-0.0014140891509119013,0.021649045439761982,0.00129267751186668,0.001000266776381098,0.009284841456019821,0.002343220179954475,0.00559187495097202,0.011170730556455455,0.007025572805331892,0.002395194287861946,0.0035821244531923924,0.007893289836403916,0.005435635201937794,0.006853279618438846,0.001027782178068426,0.0005166043641946505
2016-10-31,0.011363382665135813,0.0025568176240990947,-0.0057636647802480345,0.01810944938656145,0.008122864278008013,0.005571127550035193,0.006799430129776685,0.008823437716874105,0.02053972985030139,0.004992329196958023,0.013303861055363742,0.01801101232054725,0.010929390733033673,0.010906697086148887,0.010535715654486966,0.008886745426355258,0.0005166043641946505
2016-11-01,-0.015485724720998295,-0.015710733538172095,-0.021525830098674703,-0.02501946051549009,-0.01757262006163407,-0.020662760001605274,-0.0241550970236849,-0.014409646776738505,-0.018799485548807504,-0.02513977187195804,-0.025885184805169548,-0.0165608542373592,-0.022891093359798997,-0.0235088667504032,-0.02028664509938527,-0.024534937525465428,0.0005166043641946505
2016-11-03,-0.02746174856622796,-0.01210716003672141,-0.032786267653506784,-0.024039715354917224,-0.02089296182065259,-0.02462468345453739,-0.02097711477004649,-0.025841325289389983,-0.017782086842389355,-0.018957606492565948,-0.02765701237304441,-0.02284570686059406,-0.022062574764206033,-0.02138610891870929,-0.019754415032401273,-0.02424735495060204,0.0005166043641946505
2016-11-04,-0.0015300272179997743,-0.003205236196898942,-0.005460583857779477,0.0026013951025372073,0.0028028512456186316,-0.0017547624079539137,-0.002392793061142595,-0.0038676239205562846,-0.008507509375277,-0.006150718264730792,-0.002069678884201842,-0.00030929706109916744,-0.0052629465764754135,-0.004227342202245521,-0.0038662185696966,-0.0029027450912688657,0.0005166043641946505
2016-11-07,0.02204457449343833,0.014270935592765932,0.06295072314731787,0.02878181083057041,0.01905138581821708,0.03588910404189716,0.032006266986726706,0.022958163818179278,0.02190966281428497,0.03525244750541057,0.028092986984293633,0.021879387170274267,0.028418309772629602,0.028419493977694055,0.02678005074532175,0.03784121352545067,0.0005166043641946505
2016-11-08,0.00133194746688714,-0.000714780463101583,0.000524290301664676,0.008733294165059302,-0.0028760014276441037,0.002659990334481499,-0.0009467817102937204,0.006317774315878433,-6.068580180595973e-06,-0.0023579935547983766,0.0030490732814194565,0.002972740309443278,-0.0004973570178133935,-0.0006943543141960662,0.0018533176316146704,0.0015947602684021067,0.0005166043641946505
2016-11-09,-0.009458371173997837,-0.015103228039293315,0.0052399874931257084,-0.01810310151386385,-0.015730297726241682,-0.008058245925678609,-0.012092646345085223,-0.01083839350868987,-0.01864161371743922,-0.013287837602459107,-0.025554543970906063,-0.020366126011508334,-0.016364343712574114,-0.01606746198509723,-0.016625879179111624,-0.013966572443218861,0.0005166043641946505
2016-11-10,-0.024124806098688722,-0.021696343569844734,-0.0007482928189472826,-0.04123348433543328,-0.03296154911172089,-0.022801471461604383,-0.03398039277779963,-0.03570367676296948,-0.02667607465882116,-0.06423215550529537,-0.04661217987622035,-0.03351372082823034,-0.04566137121962488,-0.04792206653280051,-0.03700016852105148,-0.033287915417482106,0.0005166043641946505
2016-11-11,-0.011933624893292305,-0.018466200634110974,-0.057866671903735845,-0.03202277004422838,-0.026397371277406934,-0.035472711226156695,-0.03738070648523473,-0.015769090687759002,-0.016835030308687493,-0.04028314551222334,-0.035850799099276465,-0.01688212667724298,-0.032580331854321964,-0.032815541478644294,-0.02697786097997723,-0.032457980439985046,0.0005166043641946505
2016-11-14,0.004076689312101811,0.003930372337438426,0.04303228710661555,0.006054803475940673,-0.0018280476590351036,0.019016302857819634,0.004128536257725912,0.0026111566889091,0.006784273669175889,0.002624002400371861,0.006865306413677663,0.004253144399430253,0.0048849005472269,0.0014734954194650651,0.007415586533997542,0.007000469981713886,0.0005166043641946505
2016-11-16,0.009000316913312156,0.009677955831978169,-0.04160020287664068,0.026951343271282457,0.012502995044677778,-0.002716990854367052,0.008923095175609408,0.022976346818261772,0.022571990698879274,0.03350421384480273,0.02085503824295354,0.025038973728702896,0.02671446426954871,0.027528887119900425,0.021601401620831684,0.01867224821874025,0.0005166043641946505
2016-11-17,-0.010590477011649058,-0.003485122281936537,0.000805987278709841,-0.012989106535775008,-0.010263923959817234,-0.006399945904461912,-0.010213875520188154,-0.018748067969068916,-0.008842343286348364,-0.018139787297541066,-0.017782012779157808,-0.01707368283609867,-0.013366476460347942,-0.014043105673358092,-0.010383350875980968,-0.015390962211234371,0.0005166043641946505
2016-11-18,0.017797411928600404,0.0013036711967966408,0.008044512477196175,0.009223778589917853,0.0077614590473431555,0.010838714732581911,0.005145123013175823,0.00500566771569777,-0.007048254357834516,0.012037802640237238,-0.002976237352636857,0.002010958018894504,0.002565360359300106,0.0025812228262951376,-0.0019136633923584334,0.00316987481026465,0.0005166043641946505
2016-11-21,0.010334554296955956,0.002139325202376474,0.02461213020713382,0.013940278490289781,0.01078070695929556,0.014422486691721081,0.01546953922889105,0.016564677279571782,-0.0017884288684477667,0.029659669538713462,0.012013547696426707,-0.005083703142917284,0.015271595710209418,0.013820657980161188,0.003279214634266614,0.01724148408018733,0.0005166043641946505
2016-11-22,0.009502960102858893,-0.0017289412328151954,0.030598443131949038,-0.006700317431105995,-0.005440949067684553,0.010780996346922533,0.006867872277460441,0.01106011593662437,0.0002460579674086194,0.006160920334214559,0.006914593738459596,0.0047605388643183755,0.004535900864623521,0.0041477872526203274,0.006217115110952687,0.013227665992971094,0.0005166043641946505
2016-11-23,-0.006218757034377909,0.0072350217321279775,0.03553681958514243,-0.01049210056616956,-0.005877828534407881,0.009755680775388686,0.0022739097006820863,-0.006028001693821339,-0.0028502887845773817,-0.005794107567187234,-0.012759058976598792,0.0005809369754246063,-0.006389429496492016,-0.006450953661638392,-0.0014101785546892787,9.708203628577827e-05,0.0005166043641946505
2016-11-24,-0.006282458459734408,-0.004005025942626306,-0.0073497782936268186,-0.005979036702505325,0.00018913394350339452,-0.006024979643757256,-0.002365601426434605,0.009549948374737438,-0.00393647044619283,0.002770288639055707,-0.0007028330042037068,-0.006099528207685112,0.00010617515217847817,-0.00031835316002526426,-0.004073253255949649,-0.008151348385745383,0.0005166043641946505
2016-11-25,0.002334950894333998,-6.282504518129173e-05,0.005806521797171005,-0.007584063185437362,0.0013853493185156385,0.0008294980039615929,-0.0006378442581594923,0.0014050681951873756,-0.0015280488853107732,-0.0008189620311199741,-0.0061864065065084795,-0.004791915384791179,-0.002383496377926786,-0.0021717936479169753,-0.0004917730467390857,0.0022890576151481934,0.0005166043641946505
2016-11-28,0.011777231985825809,0.012801495362017468,0.029864758836724015,0.013581412506010526,0.00779210945831843,0.01811198843602324,0.014281617176839845,0.024615691742390755,0.013677862634040139,0.022719551146487715,0.01771734294860905,0.021023236843464854,0.018667967634948157,0.01657642526050207,0.015477972078148383,0.01964006652637673,0.0005166043641946505
2016-11-29,-0.010450249087126884,-0.014052736473734395,-0.039877633583978,-0.020564958816185697,-0.014466924771310286,-0.024803880305195092,-0.02021660007724313,-0.010679375529319968,-0.018408325285510174,-0.01644609180030021,-0.02427162815896111,-0.015748524532083197,-0.017728459387460482,-0.015667148858136803,-0.016283764686881752,-0.027688786031964008,0.0005166043641946505
2016-11-30,0.00575641824023343,-0.0021933194144773127,-0.013221212792771553,1.8996208909216605e-05,0.005703790321459623,-0.004119968358487047,0.009591729445095565,-0.0005269309594004845,0.008610314518249007,0.008033856617752466,0.007081883045912729,-0.0019243490835518795,0.008834831415875044,0.01009576400012091,0.0037679006062298903,0.014322981049434746,0.0005166043641946505
2016-12-01,-0.035554411782447226,-0.031503618489442387,-0.04256655641458218,-0.04715880183203358,-0.03504968118697405,-0.040962167337931676,-0.040358338340707345,-0.03612592683222737,-0.04558125797212309,-0.05235399671777674,-0.051493040790430045,-0.03866881093438912,-0.0508932681411397,-0.050424183243759524,-0.04412913250598027,-0.03832910001033918,0.000507880373261882
2016-12-02,0.013584284080824238,0.007232650751478609,0.00882149849460001,0.007745741160207098,0.006298504576660813,0.006783037154870719,0.005215040180761132,0.0002501303563788859,0.003825735844616318,-0.0032150464627596076,0.01572925654945223,2.365324152631132e-05,0.003701879083405135,0.002015037175829404,0.0043035039762493454,0.011938881755401809,0.000507880373261882
2016-12-05,-0.005137471582992492,-0.009998978509321854,0.009365175987526175,0.004459250132492265,-0.011292097051622041,0.001000152513927599,-0.0038842995946493097,-0.004394076240512801,-0.009860420509311796,-0.007845793361960784,0.00015430373652325358,-0.011328986792940143,-0.006298896813960231,-0.006388636396824188,-0.0049452866434666065,-0.007689622826727138,0.000507880373261882
2016-12-06,0.019141863651142677,0.013793330169820539,0.01497870748371799,0.006439235336391569,0.01731323437962784,0.01276575604642205,0.014677706208556796,0.007764868386702206,0.011360007240266201,0.002122632847639805,0.015364360675044875,0.01032509408749771,0.009342763314422964,0.010322316372787466,0.015787130577719966,0.019956203826852592,0.000507880373261882
2016-12-07,0.005762250555891191,0.011770233870367353,0.020507595566914283,0.007742826551383253,0.005042635561904207,0.012733985356701671,0.008868932422813947,0.009913862576709231,0.013092204017268516,0.005910376497017422,0.016054302127303632,0.015743895993980628,0.011038699107326355,0.011813078774757457,0.013160778099925885,0.004972461472204648,0.000507880373261882
2016-12-08,0.001434009271746417,-0.0029641486104403647,-0.009182115293925652,-0.01163089837821718,-0.0015531812040893156,-0.006900732115288077,-0.0031707994761033254,-0.00817084279560043,0.0031918889209106016,-0.008477181800242595,-0.009864344352708332,-0.0031382452928235827,-0.004347558620319658,-0.005401580807098849,-0.011600580652943338,-0.010896170830988372,0.000507880373261882
2016-12-09,-0.012402876714305289,-0.0030269070923822916,-0.016891837574205093,-0.0029414148484917524,-0.0060206417198340745,-0.00966614147705891,-0.0032994409534028435,-0.010471484855443802,0.005850217220327414,-0.0008901730673706032,-0.0026530760739925663,-0.006076970111002167,0.0007298610982886533,0.002295342685004531,-0.00036190716660355893,-0.002339362565862424,0.000507880373261882
2016-12-12,-0.013220627163411658,-0.01216031453905475,-0.03616209188293085,-0.02303041512716364,-0.014996307301738843,-0.024417680308850165,-0.02164768286209373,-0.011335588600731028,-0.023291804739655197,-0.018970602227479816,-0.021525904095093917,-0.024075280664429988,-0.019126587078148405,-0.019022968896832082,-0.019112248678139654,-0.021051309750156566,0.000507880373261882
2016-12-13,-0.00032666141865622667,0.00735586144128253,-0.01840539588955714,0.014447459086794234,0.004633477447444578,-0.0022428833447944996,0.005177542850161698,0.0033157208732592647,0.0067126796026841795,0.0035791264993485505,0.012014429951910488,0.008318717395022768,0.007079543477521488,0.007380012949856241,0.0061887349573397366,0.0022908433691350982,0.000507880373261882
2016-12-14,-0.007564287093208111,-0.00859148810990018,-0.031562471086260646,-0.01084210149686915,-0.012455802550622175,-0.0175859948064625,-0.017035834896198643,-0.010049656522209904,-0.009956224025804317,-0.003982037346020317,-0.0172207609631847,-0.00926528134152882,-0.009240902438862109,-0.010174224551431688,-0.010309410269315755,-0.01724132273170287,0.000507880373261882
2016-12-15,0.007490391123565976,-0.003466451256126879,0.039309137657878246,0.0030894614493639505,-0.002055867786844856,0.014727745970665618,0.01016320844064822,0.003352156943801754,-0.0022633159345167853,0.018313417933241816,-0.0010121211362646987,-0.0015013330483967247,0.009636492098952232,0.007966200909266918,-0.0018101185627658056,0.0032539844196086687,0.000507880373261882
2016-12-16,0.01159497519075292,0.013803667072973758,-0.017691910587603,0.005016645448810753,0.009143541219918783,-0.0006736009359924466,0.0033231936352198232,0.012359558020863748,0.0013100524743638875,0.007138199860175609,0.00511537304248022,0.004155841930378212,0.004699636331605861,0.005936863519015123,0.003570672987664558,0.00029663492021225757,0.000507880373261882
2016-12-19,-0.0033177539050814886,-0.007539072781303724,-0.033112447061357964,-0.006206207996458102,-0.0018237546038125663,-0.015072834483652153,-0.016368392289517364,-0.004957956530529217,-0.02132863694455911,-0.006165979766716512,-0.00815157513775977,-0.0117594541522964,-0.011892377963602985,-0.012974674720124257,-0.014606171161093973,-0.020399768585238065,0.000507880373261882
2016-12-20,-0.007551911187795746,-0.001563544079285717,0.010832509364615994,0.0018886849278283435,-0.0022821936837940093,0.003022567116005348,-0.0002187418963703891,-0.013036430189988457,0.002609491122849583,-0.008238269292007439,0.004128112976699461,-0.0021508241966011754,-0.003829192354240507,-0.0020933333027778334,0.002606520230002518,0.00660682131692325,0.000507880373261882
2016-12-21,0.013122488047262904,0.009465161679982126,0.013772869959305822,-0.0028798908343601326,0.007726974861269165,0.008064661489007419,0.0067291124622965715,0.011051704836930742,0.005195464808503969,0.008760347546219904,0.009487576751096904,0.001927724670500064,0.009202051083299079,0.008684788996452086,0.00826082791175664,0.001346772091406656,0.000507880373261882
2016-12-22,-0.004773303795654549,0.0009387476908189196,-0.021956034072507014,0.0011479069328914626,0.0072078927002368065,-0.006915056092444805,-0.0015253526742992074,-0.008093716474343537,-0.004536650111290008,-0.004139643161628737,0.002754930280718604,0.0015578963727553852,-0.00444257888122479,-0.003785962942836618,-0.0031312760489774494,-0.006061379576731252,0.000507880373261882
2016-12-23,0.003915787601282084,-0.0002672166378978602,0.0024689400408328677,0.004047730875160083,0.0013162956164318729,0.0029174533466067576,0.005669287046114135,0.007853573707623518,0.009303378758857228,0.007740052784109164,0.007933658163429724,0.008554154523245261,0.00721828594032603,0.007249079983139284,0.005407044755426638,0.01128723369540574,0.000507880373261882
2016-12-26,0.009390847872713604,0.0029235079480935955,0.020375191237741896,0.003151804640285194,0.007167524153428362,0.010446177581422411,0.008354817943149628,0.012678603038912994,0.006891483049084046,0.01282552024017325,0.003436533657918961,0.008964370944378519,0.009805369281505216,0.009754512280255145,0.00870472037163128,0.011380422588862737,0.000507880373261882
2016-12-27,0.008365007229044208,0.003549286960264242,0.012748768267641486,0.01400628365497103,0.007556239232907824,0.0105802786107978,0.00525920635822108,0.0014839602823950582,0.003077919965227105,0.0009692654107538168,0.010537244810875368,0.00631669013419045,0.002960816212335571,0.0015877450811299099,0.0027939404813779323,0.0013660953125984587,0.000507880373261882
2016-12-28,0.02139936282213961,0.011576673714990271,0.004778454502829099,0.014989371026549403,0.015208264366207258,0.01177710597673376,0.014618971303546502,0.02214617717781109,0.014628291905220081,0.021375287075429128,0.01746145035292912,0.016482628191056614,0.018176266423501675,0.017865267936602924,0.014011724008656579,0.01829113125298698,0.000507880373261882
2016-12-29,0.009329754312549232,0.008034618136341765,-0.007465139455299918,0.009772409136102223,0.007066893201185254,0.003852262880438717,0.0046102437664206075,0.005070459756531642,0.014543534955408388,0.011261334841052184,0.011630045924741594,0.012655139599949017,0.011837982755374732,0.01245069153757683,0.012536708945849462,0.0072545155326195765,0.000507880373261882
2017-01-02,-0.012142038924520038,-0.0071333183351027785,0.0011875247965213998,-0.009534879774365068,-0.004532771718086526,-0.005555346067932065,-0.005069299759939305,-0.014961583628126718,-0.018520983033842864,-0.008284809304453744,-0.011383262583208209,-0.015981477026889235,-0.012966592370156516,-0.011619869709945552,-0.009153337067695833,-0.010055659929409377,0.000507880373261882
2017-01-03,0.01923637176530746,0.013895371636423404,0.042653441584877605,0.031090579962318676,0.023582589627648254,0.026517884396324742,0.030188338601635722,0.026898335729580003,0.025529810865517977,0.03197086829932427,0.04155041249340563,0.02335373960039555,0.03421075107394378,0.03414879693892292,0.029154225938969658,0.03591011285406731,0.000507880373261882
2017-01-04,0.0007248927653455972,-0.0007894579021370252,0.02217099025078939,0.007927932458779985,0.011052564226970096,0.006653410374664714,0.006958897862990643,0.004134798397258388,-0.005121505212055566,-0.001259527365389368,-0.004773434917960895,0.003715326734593294,-0.0030673975921921004,-0.0010007957681472668,-0.005887834115258395,-0.0026671953850438967,0.000507880373261882
2017-01-05,0.019749128363938606,-0.00400895829140524,0.023658736005398806,0.005479052369113946,0.0034235171686223254,0.011273393926271691,0.008427099555913475,0.0014904352994797865,-0.0030082824638452133,5.1050311660860714e-05,0.000804514227620734,0.0022294699712510635,-0.0001535304730216902,0.0012571347997409887,-0.0010355526085282785,0.007684552322168914,0.000507880373261882
2017-01-06,-0.00449466173147095,-0.007245055087286123,-0.009939012056091268,-0.007964812219099393,-0.005579885506398985,-0.006697576959822982,-0.007164026362531439,-0.0007544558827881076,-0.012328666464328175,-0.003935798760128062,-0.008299211750061652,-0.002675109006193499,-0.006779334655257152,-0.007470654799849097,-0.008809273091563208,-0.006709599334246197,0.000507880373261882
2017-01-09,0.002889819441490582,0.0031633237694475014,0.0007535905594755476,0.0069254889923717755,0.0032360094182646293,0.002645551206686303,0.002654264924364158,-0.0014504863429598558,-0.0007782652941016321,0.0015997129739413474,0.004538750151954485,-0.00293355590281974,0.002260860624324623,0.0020133700881130867,-0.0014840168491718764,0.0006652067323020816,0.000507880373261882
2017-01-10,0.011218065888793483,-0.003561877518192369,0.0020101606197406863,0.0018401310304347884,-0.0009546159757598538,0.0030778864795713012,0.0014224454533158237,-0.002539449460482679,3.948439226664213e-05,-0.0031935979495633093,0.0028447216114473317,0.0010968193113987112,-0.0020565966442638306,-0.0020469890407860403,-0.0017097767768431416,0.006301479376743746,0.000507880373261882
2017-01-11,0.015422907310008505,-0.0023612695208192758,0.006675436975182025,-0.0023632652887203287,0.0015877344110697411,0.004540633464850341,0.0012674645420638342,-0.002426488077828526,-0.007220692826650721,-0.0018808986665829197,-0.005833558975952391,-0.00025650013296674157,-0.004433812798093295,-0.003490235802635855,-0.002890449077088242,0.004243035699889708,0.000507880373261882
2017-01-12,0.03439234624835508,0.015855664807790992,0.03112310743668445,0.02335092197632549,0.04003611876901436,0.027186926596540317,0.030497864778905148,0.03545090649426452,0.02027936221521709,0.04394493985793324,0.0346264653937578,0.02458894254663102,0.034208276932110815,0.03434161843914896,0.024513188211710224,0.02421701827840672,0.0004815932509041332
2017-01-13,0.009174772618566251,-0.0017544615909157457,0.013383431197862894,-0.0059869318180135744,-0.004901379654886795,0.003998143089683159,0.0007987610968993586,-0.0033168743172066195,-0.0062874247965397645,-0.00440125063458896,-0.010255416993061317,-0.004415514879852256,-0.007010939892254986,-0.005588564266544971,-0.007522246037932057,-0.004001931337085707,0.0004815932509041332
2017-01-16,0.017778745570672383,-0.002221272696548482,0.01945586340814498,-0.002597008865050987,0.0014280401267030562,0.007633468235059171,0.008344616769651925,0.004106902999621687,0.0004058292618775994,0.005821613048770935,-0.0029836684708959282,0.004121719095503629,0.0016877754319211125,0.0006259152162999548,-6.953448706048526e-05,0.002734447970422993,0.0004815932509041332
2017-01-17,0.005139383952899923,0.00723139425289876,0.004110169663903429,0.009838615564628173,0.015021981611149204,0.006993210677503026,0.012975073709982077,0.02383820555190086,0.008414563844325151,0.020206812554205644,0.010078133576524984,0.023544967192884902,0.01445085602926599,0.012239321058953978,0.008905123820899474,0.008167639476378108,0.0004815932509041332
2017-01-18,-0.013823813110889871,-0.001771072756370562,-0.014714503531596312,-0.005695790256198485,-0.01528146263263186,-0.009282379610840441,-0.008921199678200598,-0.016109088767056634,-0.0031931171418857485,-0.008008515644756242,-0.0055233407472568,-0.011573937834875703,-0.008486380622294787,-0.006844280038691419,-0.009394144573330543,-0.0036167342450430517,0.0004815932509041332
2017-01-19,-0.0115623173569952,0.003124549407333088,-0.021583374558647006,-0.007523453631099852,-0.007489752624164958,-0.009248436665867388,-0.010697314597518104,-0.006848105887024447,0.0008123103267534404,-0.00405598610695912,-0.008837306238476228,-0.005178845432113777,-0.005807492600552466,-0.0031967573165533336,0.0004829612894248214,-0.00382745504958959,0.0004815932509041332
2017-01-20,0.032826414852843655,0.0019144390955452284,0.02062872565632201,0.005480040360137384,0.005376891912419524,0.016137797152735223,0.012874872684147443,0.006326609315570053,0.003088518936299467,0.0067564561517112764,0.010698086123593908,0.004100777347080253,0.0068740509090010615,0.004958598031033379,0.0029904599826544587,0.009088392920708399,0.0004815932509041332
2017-01-23,0.030394499894250693,0.006879944267381477,0.020343940494377266,0.01191016665379685,0.014486765127013523,0.015684526652841146,0.01313537272969234,0.01884010097237443,0.008256916721575136,0.014308751931330077,0.023644091651083166,0.017150831395921218,0.016990393484471733,0.01765856274826416,0.01935760171306211,0.018099474102996504,0.0004815932509041332
2017-01-24,0.004814916375702971,0.0018266282249148613,0.003505393224028097,-0.0012565515124766113,0.002310707241852006,0.004202816542723697,0.004108430832059362,-0.0036679863188722184,0.0015117841282445976,0.004532271723936443,-0.015939379599223313,-0.005843087790692758,-0.0012513683087134186,-0.0013589899186773335,-8.002528799067044e-06,0.0017350431277916023,0.0004815932509041332
2017-01-26,-0.004854752695465647,0.00993004088234084,0.010688019742300492,0.012492422828661587,0.024704131586559264,0.008329098688265812,0.011826747877716093,0.013407859741625172,0.016421369275386732,0.00809959703726082,0.022335225576456397,0.016163630737226597,0.013696261983663804,0.012994508575555841,0.007870550058218795,0.0059023207533071,0.0004815932509041332
2017-01-27,-0.003024224621638316,-0.0038704135022953334,0.019230119886647135,-0.0030212868073683508,0.0009723783604695946,0.0015824941552664562,-0.002521435881059464,-0.007241997208296991,3.4248873567843674e-05,-0.005872350975705709,-0.006368355511136348,-0.005409267898657255,-0.004952707371883136,-0.0051343408985019545,-0.00319589020429889,-0.0027666947761580962,0.0004815932509041332
2017-01-30,-0.03432459910408181,-0.012079269983023666,-0.025129241288302295,-0.01698298380851715,-0.018202069921778308,-0.021817068122018446,-0.02295643851827589,-0.022904250827998074,-0.019003837709973603,-0.024341121715771852,-0.019299989519281135,-0.0196866112720242,-0.02275583336087017,-0.02166733645658192,-0.022526595003206085,-0.025540214913228665,0.0004815932509041332
2017-01-31,0.03050709194163259,0.008927836937290046,0.02389698901341264,0.004224179493985236,0.010533640614424078,0.01647693721257415,0.015112254828029137,0.016245216117964922,0.009081472857664252,0.02786682927168549,0.0022876844185188983,0.012232905382076664,0.013932964295494177,0.010491394448524094,0.0036019150453296955,0.005728232169003977,0.0004815932509041332
2017-02-01,0.007312745476591109,-0.007843651856080935,0.016476142983057773,0.0012149852894618451,0.005421648680266733,0.0043794738427622715,0.0032008321840404363,0.00038608369092107964,-0.005646330604541672,0.0029099196734576616,0.0033030960567657086,-0.0006468106002831542,0.00026315162410961435,-0.000215068494759163,-0.002143648831346101,0.002665676257306293,0.0004815932509041332
2017-02-02,-0.001028267991857068,0.005758852268188841,0.0076462815349365165,-0.00262643410062513,0.0016495308073218862,0.0022848671827342404,0.004077928620625171,-0.0047143656074806195,0.009517066453764711,0.004428649714691257,0.0014039249452573177,-0.0037414921509594246,0.0038191477324089895,0.00328538955393598,0.002555120208641126,-0.003139342130496714,0.0004815932509041332
2017-02-03,-0.012870032898147143,0.008410185665471026,0.01803651911680726,0.00797462684298611,0.01996550919500706,0.0057516674600754936,0.008974552636426658,0.010702379992357125,0.015362076855886198,0.018181932385582078,0.009777958489151306,0.009848378689150561,0.013819461973539005,0.014117269770008267,0.012325036829011982,0.006304480902460163,0.0004815932509041332
2017-02-06,-0.0014257062201827875,-0.011149529479797748,-0.004221694987291302,-0.00630200097384459,-0.007735607201842298,-0.004143361699986525,-0.007503471555359131,-0.011041362773626107,-0.008630161525439495,-0.020080916628910983,-0.011656928950950496,-0.008867184328709365,-0.013896135996593895,-0.011217976062955715,-0.011449371807926378,-0.014044771473636586,0.0004815932509041332
2017-02-07,0.004431813509850224,-0.001026405495281102,-0.008158206483257713,0.008305601597644374,0.0026312599174349582,0.0011011465162473755,-0.0005757005025693873,-4.288054229195648e-05,0.0008294216177555658,0.00022421439168707202,0.008646682449863885,0.0026592827860969503,0.003850838358251618,0.0037197799605959148,0.007242791678494731,0.0030173661717280975,0.0004815932509041332
2017-02-08,0.004979473645876364,0.008349849305768098,-0.0010671287238331884,0.007548968877918227,0.0019161746374933841,0.005130400562548321,0.005198984323696809,0.018307560499401188,0.008994096282074926,0.006680077214196833,0.01052421383127311,0.012904733226720255,0.010397895146658342,0.013371264564437269,0.008245563178406856,0.009892701078134225,0.0004815932509041332
2017-02-09,0.009209649105019535,0.0029766298873867836,0.0072913325797649975,0.01016392322814652,0.014105369777282162,0.008801607669680633,0.005388896332841231,0.0007016317461296939,0.006712681116113339,0.002343219829052501,0.007182724141520769,0.004621397799602134,0.003994682030027397,0.0005376779745509541,-0.00025157333162939555,0.0019786380512101243,0.0004815932509041332
2017-02-10,0.0423612302737868,0.0018474066694302849,0.01843988540002628,0.004780220794727175,0.01812090435599112,0.01692324772962084,0.014383059262664366,0.021149451844825418,0.006114351811453034,0.018047409559912353,0.01952499400929031,0.01424027390731597,0.016591030146754004,0.014326198539563517,0.01039299251880288,0.01710747926476608,0.0004815932509041332
2017-02-13,0.030919060285359734,0.0021481762572501673,0.010502197082776332,0.011816978390665644,0.006452158043938949,0.015063398453844412,0.011112190278471656,0.01108453299852874,0.003865605553974083,0.0080290455184302,0.011457549725174543,0.009708766673852454,0.009618218688167257,0.008494095589946626,0.005783454497298113,0.012720938455917263,0.0004815932509041332
2017-02-14,-0.009806390622890793,-0.0016656315810502642,-0.013744729915413534,-0.002491272696128477,-0.006186368669948594,-0.0075176497752429405,-0.0038282834693191825,-0.006518643115039913,-0.0014470743350762927,-0.008044143953298333,-0.004572655300495887,-0.009619411547525658,-0.004762076565203777,-0.004329811241600701,-0.0016861484282267858,-0.004107199504058245,0.0004815932509041332
2017-02-15,0.01317473234783506,0.015756953511423255,0.01642244168372131,0.020245362619768947,0.016977596138906703,0.015848087682547973,0.01590452607568471,0.017591456608664346,0.01507925371585439,0.016212813038153362,0.016965412781737133,0.015436292869160706,0.016194833532968467,0.016717111533343765,0.017657688870341026,0.018502496131342694,0.0004815932509041332
2017-02-16,0.0017470663620589022,-4.0535605098090954e-05,0.00895583828814872,0.0006298270073634704,-0.0034871990230116445,0.0032272620144127018,0.0016099045299726722,0.0026977998371204848,-0.0016922537227631596,0.008827402466081935,-0.002670044971760488,-0.0014775312758636971,0.0024702625905470565,0.0022027661619681282,-0.0009671853359227711,-0.001837820894048381,0.0004815932509041332
2017-02-17,0.005397136666610125,-0.004343187481872568,-0.00508978046493147,-0.005141633790026856,-0.0011652540585950222,-0.0019753603647348905,-0.00038943449114692275,-0.0017812050659465894,-9.719759200788047e-05,0.002364086068646465,-0.0005456421943335066,0.00046769386290690385,-0.0009338041333111224,-0.00034096281782469706,-0.002122122742340249,-0.0009084136888694028,0.0004815932509041332
2017-02-20,0.0329287708041357,0.0006370254244845164,0.00785147263405439,0.008171803467855066,0.0062394167546886425,0.014519221715786568,0.009389765749771017,0.012042623676975728,0.0019780159403874897,0.013272551939817356,0.0042123505265245775,0.008395859874581468,0.007702780876696735,0.007243311146520215,0.0034460812467982382,0.011066243168144085,0.0004815932509041332
2017-02-21,0.012681618541922512,0.005310253311811675,0.0016667057999779633,0.006146319027622527,0.01566564848988139,0.006450030549839614,0.008955122811454386,0.0156125903431803,0.010135445180401437,0.010416489100732562,0.012642944409348988,0.010692980789456463,0.012339426047929702,0.01200858259540638,0.004551923642157618,0.007775610985224279,0.0004815932509041332
2017-02-22,-0.019207229592150266,-0.004825879213591455,-0.01511286996453387,-0.0007510003294731726,-0.017064737939346375,-0.009984080970997455,-0.012375108933721846,0.002911249519725434,-0.0026877311883753974,-0.0038695014439023012,0.006366478434752576,0.0037760759313634207,-0.0010522404404387231,-0.0030967219702071613,-0.002452367477834283,-0.006953915825467227,0.0004815932509041332
2017-02-23,-0.006463139123550787,-0.006255386833853627,-0.01984216982414766,-0.0018082937280953226,-0.008344525805030645,-0.007450478445635955,-0.015857619214839858,-0.006827252155136132,-0.004443930777232485,-0.010478438735530449,-0.020841882484406216,-0.00812259853811037,-0.01366142562180217,-0.012827488750743243,-0.013990089227824298,-0.015256664307285117,0.0004551316162888508
2017-02-24,0.007539882379989482,-0.006541191927392553,-0.007206930823994484,-0.01350726992156659,-0.011466927092112611,-0.004755682672372252,-0.007416509202469279,-0.007608148934305836,-0.005312135869874113,-0.002683143877926897,-0.006974357909649509,-0.004723233948562222,-0.006080128060750201,-0.007544108053712528,-0.00821568220692237,-0.011392457484447727,0.0004551316162888508
2017-03-01,0.01777761750472262,-0.004183709844414185,0.008632139966510133,0.0052630172303906875,0.006099867523726044,0.007124950479287406,0.011697952380467891,0.0055308150859743055,0.007617512854352082,-0.006741224391117573,0.010709037555283851,0.0014179004562426822,0.0049470097954409376,0.006475075730553392,0.0054225140890649115,0.004993645477762154,0.0004551316162888508
2017-03-02,-0.02725096871228594,-0.004239364671373869,-0.0036183257549435854,-0.004456972509426449,-0.010434046286797893,-0.010313392772936969,-0.01043846251377567,-0.014572538625089226,-0.012612520973534158,-0.011974495855123779,-0.01279250121280473,-0.012128616710029516,-0.012658134254649345,-0.01086005605951701,-0.011528406905268351,-0.016191022972832814,0.0004551316162888508
2017-03-03,0.00506294401554741,0.005020579616207055,0.021282998414641874,0.012594432148054668,0.012303755740691091,0.010136532496192174,0.011204336927553404,0.014755261420738686,0.00629235392745775,0.02272093301144662,0.013673029907535161,0.013441550661374091,0.015547720860572323,0.013950451328495372,0.016487640226347633,0.01338600691810532,0.0004551316162888508
2017-03-06,-0.0005143478894438225,0.009856039941031458,0.026138143404814684,0.0016732900955001018,0.007831784877809556,0.010228911398594498,0.0072699990801587955,0.002643802684680452,0.0056385088215236134,0.009762801803016252,-0.00045200460920868935,0.0035478833999571524,0.002927506588948914,0.0028084219932518195,-0.0005234845318135006,-0.005370345527856757,0.0004551316162888508
2017-03-07,-0.008314940422310513,-0.0030847495951570325,-0.0037087309468384344,-0.007622377716215767,-0.005940675082323876,-0.006247406712146852,-0.006279447489400569,-0.006897510452447353,-0.0060754656775219296,0.005750879554592414,-0.009749963493012048,-0.005204817741119805,-0.0036911947260258593,-0.0035038100113818915,-0.009329940627650468,-0.008611825991478472,0.0004551316162888508
2017-03-08,-0.04220452993363788,-0.006145955647844037,-0.026906991262203417,-0.012047304982135243,-0.0192035983768033,-0.02191884814976608,-0.019542029681379525,-0.017384231836526487,-0.009226764761538386,-0.01362047670994182,-0.01701301693456514,-0.016206575982649518,-0.01360491228134475,-0.013718080532872046,-0.008983807840414082,-0.015626428662020242,0.0004551316162888508
2017-03-09,-0.025055396684781184,-0.010008426414818361,0.013352456304593474,-0.008729529075979237,-0.010403930011886109,-0.007773668894120123,-0.006976784451051765,-0.009973360993673297,0.002925704340990265,-0.0033038733178905044,-0.008905139923735095,-0.00542249917942772,-0.004897006836947493,-0.006249557036954068,0.0006608832744774418,-0.0025775821515358066,0.0004551316162888508
2017-03-10,-0.0167815670282615,0.008291509137057451,0.002228186156383094,0.007421832836225661,-0.0008121901547661903,0.0014765408919468204,0.004618759946256601,0.0021867575166709674,-0.00464280074165091,-0.000624661579385899,0.006354693747234963,-0.004944375998555128,0.0031184386609188763,-7.16140779996044e-05,-0.001949511627444167,0.0016770169076048003,0.0004551316162888508
2017-03-13,0.02298094046259469,0.008137362693691585,0.005854667488330856,0.008911970491656263,0.01106974810226613,0.010743799513068364,0.010819860537303772,0.006580573290874581,0.010044500595477679,0.014818547554654726,0.01614219466642819,0.01423554055988241,0.0111537383986271,0.01409115459631094,0.009296206972155163,0.013296955083508033,0.0004551316162888508
2017-03-14,-0.006026977038071424,-0.013154675192165954,-0.0062009670221787605,-0.009128492387252218,-0.017563316721711297,-0.007802366079058043,-0.009600992622915139,-0.011276285118051788,-0.007268506045065237,-0.013715754428891058,-0.010021362717961946,-0.009855135729944786,-0.011977004660816526,-0.010331600077084002,-0.014432020601373718,-0.012160201376397617,0.0004551316162888508
2017-03-15,0.029906843704916364,0.009044412293472526,0.02072170771787607,0.009162938493288086,0.0033976060912344064,0.017638177984937276,0.015010038579011065,0.012608276036651711,0.01575602174467794,0.013540214791682104,0.013932724074904757,0.009378355844380293,0.014022464793287392,0.012136846841133808,0.013641482288915707,0.02235584872491181,0.0004551316162888508
2017-03-16,0.0016438504408269328,-0.0004678305030954011,-0.005161723549837016,-0.0013609058090804371,-0.00778571717728993,4.658774436849811e-05,-0.00022860706399652209,-0.010197962394775661,-3.399627748124079e-05,0.0003537540845919285,-0.003481670267378667,-0.008159167272559942,0.00012407813850767724,0.0014685417047359817,0.006369174932888466,-0.006105159970137275,0.0004551316162888508
2017-03-17,-0.040947262479513635,-0.0028018554231596937,-0.031336796848401405,-0.01743810519897171,-0.014583661822614946,-0.024405494526033578,-0.018007550890901336,-0.018263867495478703,-0.010766224015014147,-0.011953075925448475,-0.017437776799705706,-0.015387859987323171,-0.014204335758807973,-0.016221139387904593,-0.020106227509153363,-0.02309008402023327,0.0004551316162888508
2017-03-20,0.0038366463508126003,0.001346498482959424,-0.014122311259291087,0.002892141340519405,-0.0015097134934624057,-0.0030699274083334505,-0.0007531659542137081,0.0006204719104490053,-0.0005594092628014025,-0.0034026956086254945,0.006887197663340672,0.0010011067435187204,0.00030973991200689,0.0020592216489789816,0.003900894038407543,0.009172200509411699,0.0004551316162888508
2017-03-21,-0.04747870637120344,-0.007442283741938782,-0.04479574811754894,-0.0191660766337316,-0.019853294119129505,-0.029243956166303597,-0.024538870362971976,-0.01483122523296021,-0.017234743101385064,-0.027748662894352183,-0.022133482773580293,-0.017816293819573614,-0.02232118391685123,-0.021708892512905642,-0.02131763597081504,-0.027826545337630293,0.0004551316162888508
2017-03-22,0.014891493451894222,0.0007011328246240289,-0.003898191367645798,0.00864659913193,0.010936800680302339,0.0044804741642250345,0.003378192264418045,0.0026926365728294765,-0.0043865309165892485,-0.005140287603691007,-0.0013231745300640307,0.004545304514389059,-0.003319283979568266,-0.0023092314097756805,-0.0019545834778528226,0.007912662297833162,0.0004551316162888508
2017-03-23,0.00403986342496232,0.002708201320649417,0.027072821757494925,0.013239582796949811,0.005368856654075049,0.014075691404060287,0.0068670711279135155,-0.005870426583700072,0.004470213646217358,0.0010034869796775592,0.004477386476374967,-0.003016322104674285,0.0027502652725546195,0.004024926563800824,0.006132812180582592,0.0008069546903524127,0.0004551316162888508
2017-03-24,-0.0130107407572575,0.009834152593500844,-0.032422289334056775,-0.0005369250898248357,0.006084157132451695,-0.010132521991557786,-0.0019010418806959528,0.018193646570305644,0.00580909530487328,0.020819112703770237,0.010554639654694942,0.01427047612699539,0.013375128146451143,0.011541007128890168,0.009736433604512262,0.004659789255379243,0.0004551316162888508
2017-03-27,0.009094405046108589,0.0006224512122288139,0.014966449279076643,-0.0037643648759323467,-0.009071018465464542,0.0038896534388352944,0.002334534584532033,-0.000726596660715173,0.004020127524195116,-0.003533104208761184,0.0021890046767376603,0.0005742578287522004,0.00244003239923285,0.0007403905022540513,0.0033966243027663268,0.006417478369660001,0.0004551316162888508
2017-03-28,-0.012124429785582147,0.005848166404587518,0.00985058008536499,0.0005408427439319574,-0.0037802802835645855,0.001594774561698431,0.0026920555400702373,-0.012097916481973559,0.005539044574562668,-0.009121288632098712,-0.008284230266892179,-0.010269971376862475,-0.004544489769116256,-0.003240175277110957,0.004800943343253428,0.005114592896880543,0.0004551316162888508
2017-03-29,0.010077223132396007,0.008843870557502909,0.022709166991583762,0.009458752286222616,0.000701218082050703,0.012819706547339216,0.009504746916430884,-0.005183501304928173,0.010290927877728784,0.0006432246793712793,0.012566187585633992,-0.00038655875738591305,0.00578401840895304,0.006463214292319552,0.007891491000826312,0.013384075205005619,0.0004551316162888508
2017-03-30,-0.009781048557474525,0.0014343893838950628,-0.0073553769838372585,-0.0009283060204707816,0.004447621784157363,-0.003596994977350776,-0.0011931091924440862,0.00042958494510347833,-0.004012210172374631,-0.0017242024424310998,-0.004592489412010736,-0.00267554333290132,-0.0025082015212569697,-0.0024679174349101496,-0.003089108910891203,-0.004068912391415269,0.0004551316162888508
2017-03-31,0.005588930905386036,0.0005651174215470789,-0.0023095172711516954,-0.002400693827575129,0.001675680874922314,0.0004285974805728898,0.00203544699373448,-0.0035873560353635314,-0.003028837881118629,-0.011891156664747715,-0.00547042387657426,-0.007316395424937117,-0.004826391628944826,-0.002958673313704807,0.00014698871762286458,-0.003651782385734492,0.0004551316162888508
2017-04-03,-0.0009458405048462515,0.0016616799055768627,-0.004244820390155057,0.0013735817863369526,0.010617724067203849,0.00011432123838961417,0.0017256182583280655,-0.0019267050928518659,0.005716662849626353,0.00019039601657278027,0.0034266295304947736,0.0031985067324831196,0.0019914516561927442,0.0026940501687866547,0.004464622632141202,0.0036976216891326796,0.0004551316162888508
2017-04-04,0.012321768450554771,0.0032912776466025306,0.00024047383947523038,0.007736746345849976,-0.0008643332697204631,0.006117082863080325,0.003996335926327754,-0.0017050569259916548,0.007117698814217421,-0.007745320295166058,0.002176861190942958,0.003332102622992217,-0.00043348980459645414,0.0015969566375779731,0.0037369355546681415,0.007990919342261815,0.0004551316162888508
2017-04-05,-0.013152843530964797,-0.0023655138788309937,-0.02948416873701154,-0.011743664887709726,-0.021696779057923554,-0.013383797049877688,-0.00999096268448374,-0.007951770857984375,-0.005051370720665638,-0.010679016170776934,-0.009455429753583044,-0.014355241054456402,-0.007852376178508536,-0.008515808458993801,-0.00939226084010314,-0.014079365676347155,0.0004551316162888508
2017-04-06,-0.014248726070534734,-0.007433186582253226,-0.01743787783957851,-0.005787469672925982,-0.0175634277843687,-0.01008643620418781,-0.008919395063474833,-0.014699452360148357,-0.006591502035941388,-0.005415857457758966,-0.008044867115300391,-0.016726881335900723,-0.007526809848416027,-0.007569867962322285,-0.008769417996993378,-0.008591292770403935,0.0004551316162888508
2017-04-07,0.008169184477509583,0.008180881791677752,-0.0008502952989853929,0.008215431335470313,0.014382471316085832,0.005227764898888099,0.0058501798869605715,0.0071966355854196085,0.0060957580354947805,0.00727906829229874,0.005499989754365275,0.005256932377583956,0.006380652713505741,0.004619411021737685,0.004092490280335648,0.005677321420892056,0.0004551316162888508
2017-04-10,-0.0015692320121760694,-0.002252182526159885,-0.005054606749942403,-0.0079171443790641,-0.011299027337665635,-0.0038676875587316806,-0.0019403216990151462,-3.507444485983946e-05,0.0016560013532525009,-0.007207579411383502,0.003024307832914852,-0.000734776764610201,-0.0022372393257183987,-0.0018603977269322503,-0.0014864719068797827,0.0005037607635258734,0.0004551316162888508
2017-04-11,0.0019439629479405252,-0.002752154544312213,0.0013004034335575287,-0.0017647966602586385,-0.0010528713952602242,0.0016188367887042254,0.00021069411636598367,0.008207749326792468,-0.002530146099939401,0.005994577380591393,-0.00042998125378412855,0.00021595057875889445,0.0030049322041367788,0.0016596109187807517,0.0016967805190388763,-0.003938452909712509,0.0004551316162888508
2017-04-12,-0.03297897091246316,-0.0017555573616064857,-0.010730296278760654,-0.008631237069946063,-0.012232331066422852,-0.013381196889479141,-0.006804570894163642,-0.0025294220007857637,-0.0005014030215650944,-0.0043268452063705,-0.0057351492552041305,-0.007464296692605843,-0.0032350768749256353,-0.002694811712225409,0.0016219952139155946,-0.006965559137996125,0.0004551316162888508
2017-04-13,-0.012484439169884731,-0.0027390570691365745,0.0036798262124260184,-0.007905544024000677,-0.010335095605487399,-0.004430467803313243,-0.007326598044248511,-0.025075388902019324,-0.004918636640567353,-0.023757634385563886,-0.02001973984346328,-0.023051415029060718,-0.017979897524265764,-0.01577751314652409,-0.01458628322996236,-0.015460072471458752,0.0004195739267733867
2017-04-17,0.03521802811818775,0.007273941812593554,0.024191716013362008,0.022383024370392857,0.01859881413681519,0.021664816626333794,0.01938855134024653,0.03586788719679013,0.021987290720005603,0.02954888564551683,0.023532549383483925,0.03421302647189628,0.024639956842006816,0.023562585123226176,0.018347918302584754,0.0234291385690506,0.0004195739267733867
2017-04-18,-0.002340645554609999,-0.002186709162680045,-0.0064016127253111454,0.0005999484679226619,-0.0011011929808946164,-0.0015253826195883446,-0.0018161470201333296,0.0042280797032203665,-0.0007000348130661305,-0.0026699950434584396,0.0017218775279574938,-0.00032360615292470474,0.0004046811181031007,0.002600222727229262,0.0036090321195909603,-0.002534279735279421,0.0004195739267733867
2017-04-19,0.0036430275399566003,-0.00892327674950466,-0.004158410998455708,-0.009203506535223727,-0.006668818694825274,-0.0045349248187952496,-0.004842962630582259,-0.012555444900016144,-0.011866605731535307,-0.011233803908372475,-0.015006133344292016,-0.012390606425512485,-0.01129327850499029,-0.008840036128826556,-0.008978253379221202,-0.010945040224587865,0.0004195739267733867
2017-04-20,-0.002109587045821315,-1.661047686696282e-05,-0.0003142842720018635,-0.0016716418443827319,-0.005539108268116433,-0.002148792369424668,0.002344153258590831,0.003102519405133952,0.012320488804359542,0.010421534098592034,0.005764494070711557,0.002848935422836041,0.007634169328490481,0.007638833552858548,0.00679769174206335,0.0047666619639363805,0.0004195739267733867
2017-04-24,-0.00011914646862609679,-0.0004336530625015378,0.009534076053681062,0.0005631210778085372,-0.005898573694588349,0.0032219902135257605,0.004566600131881149,0.008700998096027313,0.0005979222789616045,-0.003928235488977028,0.01692714136715856,0.005411830556045105,0.005229283814105701,0.00686487262174329,0.007263836019894221,0.009040295003094778,0.0004195739267733867
2017-04-25,0.01415450463682233,0.01359539387290698,0.012999765807338637,0.010821688748993585,0.018507028552928517,0.01283898550203233,0.010631576115628816,0.01443465304713576,0.010804295600397529,0.01280783653304396,0.0061558616024348645,0.01803071445805826,0.009228068174331305,0.009099780803199176,0.00589526447906108,0.011823252584796773,0.0004195739267733867
2017-04-26,0.0029356932162860616,-0.00047659065434491055,0.0048798397502265445,0.006296342174661351,-0.0003200908954185122,0.0021495090137471085,-0.0022630153073177617,-0.0019279169824174547,-0.005836440507887231,-0.009979534744017138,-0.001888443949208507,-0.0019286214321390105,-0.00560620477768059,-0.00471866441810731,-0.004195738446048924,-0.004272678276060815,0.0004195739267733867
2017-04-27,0.00014930983532845943,-0.00040959192187928206,-0.01617260262682907,0.0009459978101578059,-0.00042498611369257144,-0.0036288235818721093,-0.005045390841836972,0.006186931031301635,-0.0006398739814520438,-0.011166705132319321,-5.234628562444943e-05,0.009386066584418096,-0.004196405041602236,-0.005488511768268256,-0.001864761515099178,-0.002455900002053202,0.0004195739267733867
2017-04-28,0.03565924687526212,0.00870884798515048,0.015001551798539792,0.008789344399261934,0.011543322377876475,0.017984474130487316,0.0176001270689905,0.029676621144013593,0.019542118568090627,0.019489547989030465,0.01014953913682537,0.02272876150899128,0.018364428906792796,0.015618928206120986,0.013168370685102238,0.011938512339294327,0.0004195739267733867
2017-05-02,0.023343756981970554,0.018470535725177095,0.011267079460524076,0.018028672762262055,0.023810853349353955,0.017428983647381546,0.0196693162082906,0.015166577279451587,0.01736111012725039,0.012951559269572588,0.02249360410860346,0.018019225225303304,0.017666506519959713,0.021127984768785302,0.02127171227947322,0.020115162494790395,0.0004195739267733867
2017-05-03,-0.014951232169594486,-0.0012573315800179508,-0.007730293868582816,-0.00046528295139525166,-0.008362711594049443,-0.005052692188827312,0.0011490261638156252,-0.004020896068939184,-0.0012187750506637007,0.005308888035620241,-0.004393442919525703,-0.009638621572410577,-7.137153650971229e-05,-0.0009077051815160608,-0.005915672150630713,-0.00793199674904499,0.0004195739267733867
2017-05-04,-0.031288159983602126,-0.007542124218408941,-0.02925571372045932,-0.016201434465057174,-0.026252772013514614,-0.02109261074563784,-0.01689699924747512,-0.017772774351299758,-0.012375164105655645,-0.0325249925278287,-0.02001319521436673,-0.018794000016883583,-0.020680602470391607,-0.020080116483618515,-0.015794918956201776,-0.01748789506166748,0.0004195739267733867
2017-05-05,0.04506876488922851,0.005250739644746316,0.002307417239648224,0.0025184326878768815,0.01092863119595533,0.014155099004976579,0.011044671877384893,0.01512325353949362,0.009722192081022651,0.0033398449854156187,0.009823664413469935,0.017206594426584454,0.008835534514355592,0.010510882822867051,0.007704946115990818,0.013068861818914979,0.0004195739267733867
2017-05-08,-0.0006821731445524337,-0.004080226424640676,-0.018088968025390173,0.00602896487730864,0.0021692340290042633,-0.003858873273643537,-0.000914940254050256,-0.009443888404457867,0.0008414127787597092,-0.013600687218225826,0.0030835107372870763,-0.011090918728591248,-0.004520708925106254,-0.004499035773131377,-0.00025886016528420264,-0.0021255709489150787,0.0004195739267733867
2017-05-09,0.024576184909981702,0.005869021409272479,0.016892133220848038,0.00993271584147326,0.015480071243741067,0.014918110519749117,0.014940829616271412,0.013241696912749568,0.01403344726264355,0.011901530936621496,0.014585376487059154,0.008559725956678976,0.01584248099390173,0.01429762380884081,0.015075745864894241,0.011226980954931687,0.0004195739267733867
2017-05-10,0.011384352814928222,0.01070053526768966,0.006291111302495045,0.009174583352842047,0.007812324951804062,0.008242373456972985,0.014602791763258516,0.004930100399448412,0.017611229635419834,0.0039604657758329775,0.020753812786615367,0.005303512771089203,0.013580054501470595,0.013852332587062088,0.01675543761730891,0.015897691309458617,0.0004195739267733867
2017-05-11,-0.0035833399792638554,0.003878567872696692,0.004760343764049102,0.0006249820639667725,0.010006836976135913,0.0006284686315121135,0.0018725844177096551,0.011693830304391861,-0.005421736398478649,0.001467281318048519,-0.0018115554423479008,0.009633017442951308,0.00013458941398081237,-0.0005769548044545214,-0.001561435172356962,0.0031489052961268804,0.0004195739267733867
2017-05-12,-0.011377804536871317,0.004651881421790849,0.010373964779749167,0.008308547586022286,0.0076905977835957096,0.004264068976988833,0.004896557682575464,0.01613436440848659,0.005452152900711216,0.017303102992229036,0.013103615276334857,0.011790815533420984,0.01406741786258614,0.0073735029525769935,0.0087832136361079,0.009148248317145002,0.0004195739267733867
2017-05-15,0.012373144200723774,0.00476393538429809,0.016761367214952028,-0.0023009291375509777,-0.004475919865940647,0.0059950343839769715,0.001921647781297331,9.219315029174169e-05,-0.00038222035133428367,0.0030334914137937208,-0.0014954346717946931,-0.001244036104210755,0.0009523758929785853,-6.433044659004405e-05,-0.002836568309992682,0.003195465714453505,0.0004195739267733867
2017-05-16,0.01911362839531594,0.005889160285221129,0.014421386468191466,0.009904126742644515,0.004341046243804714,0.011903687398132412,0.009752376218977732,0.00602301467813815,-0.011912163182868585,0.010749849597354588,-0.003695472196894589,0.004019985143367988,0.0006781675359688322,0.0008069234966725514,-0.006800286327845351,0.0035897513656395486,0.0004195739267733867
2017-05-17,-0.013077675123361887,-0.01185455097822985,-0.014199980711617322,-0.013026704527228872,-0.013127484041564386,-0.012760527907494379,-0.014433725176313916,-0.012692364599110828,-0.010797995234348434,-0.014347160985871188,-0.01991643332732962,-0.012990267959065216,-0.01615375637712746,-0.01522292184292573,-0.018475975975975945,-0.016143885994214457,0.0004195739267733867
2017-05-18,-0.1204228465946251,-0.04071415220894381,-0.13902849488161229,-0.0785022931709165,-0.11233547400930555,-0.09713597840003751,-0.09769902620545357,-0.11561792328894305,-0.04761838270064067,-0.1084222184565713,-0.10187138827530096,-0.09339400154554878,-0.09168869868271556,-0.08731398992315187,-0.0703347891600824,-0.08798447189996017,0.0004195739267733867
2017-05-19,0.049453587660991616,0.006361852041906202,0.06296944257146131,0.010054197380642504,0.02328952069412149,0.0324762635319471,0.02816030526261426,0.030366463481564798,0.017396435023725232,0.03415396238064461,0.023308643143085783,0.019304485047613174,0.027358796731081103,0.022057351330921682,0.014599711214503541,0.01724424868652452,0.0004195739267733867
2017-05-22,-0.04408081894323368,-0.012970167056063797,-0.04056369769370627,-0.021537619130533647,-0.028270649219268362,-0.03274454100808055,-0.02643477974593167,-0.03404582417369839,-0.016107586896332182,-0.028907863218453622,-0.026212254406385527,-0.025598316721752057,-0.024768664083611114,-0.01803971661892645,-0.005570962876465857,-0.015886776212410858,0.0004195739267733867
2017-05-23,0.037226235984266776,0.02032662410286168,0.01599243872984024,0.017423942467283515,0.017912360542406303,0.022537421393956425,0.021772503505297802,0.02595599717143804,0.021951772382065915,0.017910901868940288,0.02234601389058244,0.024791098794184174,0.020854326775364695,0.021563142065312846,0.0193833533119685,0.016727635725260592,0.0004195739267733867
2017-05-24,0.01159393643794604,0.005967071190831952,0.020592340283727806,0.017887326634111744,0.02483366652985608,0.01554452862974931,0.01566217044963003,0.018402069187963166,0.006287724834640462,0.025914791181035346,0.016237155145945037,0.011757501228903289,0.017647166533737213,0.012979875902805471,0.012551196723409763,0.009678553676211399,0.0004195739267733867
2017-05-25,0.0003406320363645854,0.007715853360722891,-0.0027233895018091703,0.006076157407706617,0.006796650236950308,0.0031359582923748963,0.0005492850651480641,-0.009429573621618226,0.004215809285277983,0.00028656794306125555,-0.0074160176927926535,-0.0047239363682909374,-0.00248030978512348,-0.0006427976808653924,0.0046848953601366095,-0.0005410741999437585,0.0004195739267733867
2017-05-26,0.01612657950790819,0.00901402920228156,0.00613198415247429,0.011887356127687987,0.016033628421641355,0.011920140972080606,0.014542851967143111,0.023106964723321077,0.012409224615167691,0.01432443048230203,0.023210109120175293,0.024259991664629332,0.016581037354413297,0.016128235254913248,0.014079578516945856,0.013907797554621792,0.0004195739267733867
2017-05-29,0.004640215068469233,-0.001486442808928623,-0.0061802492792472075,-0.002359317730319055,-0.0010569190454173816,-0.0014009425917080875,-0.0018278410762239128,0.0,-0.0028194275532161805,-0.004468832574520909,-0.0014627743685521333,-0.00153587410378353,-0.0034877329043165872,-0.002818750270555004,-0.008320377169753534,-0.004822015221835563,0.0004195739267733867
2017-05-30,0.01095996557699186,0.0009552919071391663,-0.0034784592469521147,-0.0019239694922238426,0.0011384618879184405,0.0008826380947599688,-0.0007382733534080366,-0.0009918489926603602,0.0008158016521682132,0.0033650218690750577,0.00533737036579951,-0.001421147452433269,0.0032036773395331952,0.000779938584709372,0.004527416674811713,0.0030011580699338403,0.0004195739267733867
2017-05-31,-0.018052071290993954,-0.005556529730325832,-0.019245094130086016,-0.014094001115783517,-0.013063364086624452,-0.014823027319535775,-0.015872500124620936,-0.010219859648349927,-0.0169906664235262,-0.009873350737310216,-0.016339061546996048,-0.008544497666961193,-0.01532108506075991,-0.015256467712347899,-0.019678281886717497,-0.018570490034611864,0.0004195739267733867
2017-06-01,-0.01730760476454174,-0.001347193350906939,-0.005077385731650286,-0.0008258613988716412,-0.012017944822516058,-0.006008498974416465,-0.006968859029240715,-0.011330810605368002,0.001699753008492344,-0.013317397005232046,-0.003427573244169979,-0.008997503369046034,-0.005831182090859421,-0.005921681884516916,-0.00528432528575451,-0.006595424465059674,0.00038369616104083626
2017-06-02,-0.003993350457974332,0.00620303898647645,0.013451769921995815,0.010779841975605109,0.00823823460855655,0.006564929950694021,0.0041687150183065125,0.00034344580253420354,0.007429411436381317,0.004296241221621866,0.004692894046002483,0.006524008774450474,0.005264908449788663,0.004561872778789278,0.005607752668172816,0.0034094404097508857,0.00038369616104083626
2017-06-05,-0.010805803783317969,0.0016645762146456633,0.0025819055068991847,0.002765205151660899,-0.009675426550783794,-0.0009247435053357789,-0.002915917511229549,-0.00336371070272512,-0.006478231775899013,-0.005697821742074782,-0.00044755700711829327,-0.00407038744171917,-0.003908285501941444,-0.0020404207299431487,-0.0008731856591163156,-0.0011698419519649006,0.00038369616104083626
2017-06-06,0.015607230453188459,0.005770941334598545,0.002900702871087679,0.003524926497341818,0.00879730411141133,0.00673296566836723,0.008133321069890842,0.011590191120370852,0.00311591375530762,0.0061322730524815405,0.0042016310992532,0.01281493246769072,0.004863439564635419,0.003920093251823076,0.0023000742856462697,0.008094008467578018,0.00038369616104083626
2017-06-07,0.00815285204616445,0.0019609611562814155,-0.0074292463164366,0.008112160572230742,0.005353530255494121,0.0034488265300445242,0.0054909004342844625,0.011027231661351333,0.004387701929988941,0.009247980396962507,0.01026520080397808,0.011308174274815341,0.00807091666919435,0.008369329776340306,0.005350560818041306,0.004004376476401061,0.00038369616104083626
2017-06-08,0.007681421729727855,-0.00923267574520259,-0.007506046662253962,-0.00482895357125801,-0.017502831570292088,-0.003569787729172824,-0.006160368975219432,-0.006675703323591908,-0.0033309815129324294,-0.01510898223508328,-0.009123469077925828,-0.011684441610986362,-0.009694110155258562,-0.010624464152836799,-0.007679571079397651,-0.0066901301154889126,0.00038369616104083626
2017-06-09,-0.0001775019787311205,-0.014486053775022434,-0.008150050752197768,-0.009814530143489097,-0.016350572241677908,-0.008032046901130907,-0.008144816822265089,-0.007741880215896835,-0.006586212166925898,-0.013727577254275425,-0.017326604635150455,-0.012202650736323428,-0.011961763240672219,-0.012576393690404974,-0.010512013729977121,-0.008242209129855183,0.00038369616104083626
2017-06-12,-0.010370052839830834,-0.0005815166563686303,-0.0030648415361705927,-0.011469676758573577,-0.0062100417233275085,-0.006897222885822729,-0.006169259336006538,-0.012393264288702355,-0.005478029294197384,-0.002998191801698691,-0.01323378885112847,-0.008243946887727782,-0.008726352558808714,-0.00537995655531931,-0.006022500060224978,-0.007953827511249623,0.00038369616104083626
2017-06-13,0.0008204984147706096,0.007059271898167019,0.00878169388555694,0.005238111233088594,0.001652355023377572,0.005558143600114418,0.004111016754817287,-0.0036291665067073042,0.0007802785037887006,0.003755747675113996,0.00045616846191842697,0.0004796429119851009,0.0005885662698901228,0.0019137020560733298,0.0029527479540809587,0.0023205862188981907,0.00038369616104083626
2017-06-14,0.008704404244202824,-0.0033959400699528075,0.01476648369317668,0.006022172391829672,0.0060573609095502245,0.0077911224621889374,0.0039498211886277446,0.0068221307293341305,0.003516718638325589,0.006029328737166217,0.005684992736043171,0.004336562353825846,0.005006663702676217,0.0024018230036444432,0.002823231855399122,0.001468298022502923,0.00038369616104083626
2017-06-16,0.0061947926541603415,0.001305012933493055,0.008024689221709291,0.0014983501300955826,-0.002490904137829375,0.003977809156732182,0.0016455393142278396,0.0014739738503939392,0.00957806374927106,-0.006499192199017956,0.003805541035026394,0.006752449834439345,0.0010056028292122487,0.001366209450239353,-0.00037751307239419774,-0.0037239934908740446,0.00038369616104083626
2017-06-19,0.0001301486076690228,0.001209924293881004,-0.004217169366981466,0.005500537114512927,-0.0013799973735099114,0.0003706259241467169,0.0014100506732135365,-0.0024781233389303825,0.005624158977735272,-0.005382069724627736,0.009415172038479636,-0.0008514316372689734,0.0032626734483824915,0.0030160475567213574,0.007914698036190604,0.005719697412573499,0.00038369616104083626
2017-06-20,-0.02903392559831708,-0.011747515029730038,-0.020010425455873504,-0.01764548848159131,-0.018224368442057548,-0.021045146930335323,-0.016741222079601048,-0.015565034384945609,-0.007719204128834978,-0.01597546354150714,-0.022020689235367596,-0.014841250714687115,-0.015215647032632451,-0.015968947842357695,-0.015573554852236438,-0.019354043679128297,0.00038369616104083626
2017-06-21,-2.3249117055090807e-05,0.003454753706471303,-0.001518504515722996,-0.0037699524259917627,0.0011048794866452827,-0.002040998661763105,-0.006588251415400537,-0.006851086156228536,-0.008994636655184629,-0.01189131597555737,-0.00419496316332979,-0.006157690354952838,-0.006826248521721534,-0.00785773548219626,-0.003968141492588173,-0.001194972579647069,0.00038369616104083626
2017-06-22,0.003970435201088529,0.005157111583871998,0.012229953389809367,0.003377038158903556,0.00614608752320156,0.006251669118698011,0.0073373671588137235,0.02866946924260838,-0.004478457624316312,0.04498536972182521,0.0006980970845116286,0.0017975985617708634,0.01411717992011563,0.011594759365220142,0.0032237475964178586,0.007974828076522167,0.00038369616104083626
2017-06-23,0.012717979621627684,-0.00019040058037911312,0.01606765506541752,-0.004452209585432798,-0.00235890822016116,0.005143605899596837,0.00364079579349319,-0.005634138438502578,0.0006216489534622838,-0.004284940724495145,-0.005744414533176201,-0.006680006186022491,-0.0029430839440445222,-0.002360129634751962,-0.002759542912715962,-0.0025567808268913694,0.00038369616104083626
2017-06-26,0.01637977285596426,0.007959420027940478,0.0071794544700327645,0.014844509102633019,0.017013789173883076,0.010725408900597477,0.01011820407774433,0.015389597267734922,0.007585031260986419,0.0052047891469069185,0.017092199219150395,0.01622932036058855,0.010451165334508516,0.011881188449518909,0.01041450798255994,0.017138611714605068,0.00038369616104083626
2017-06-27,-0.0019405975031832057,-0.006143805926441148,-0.00725625094499649,-0.008708634439837715,-0.005388539238675216,-0.005802467865071548,-0.007110794673918952,-0.010466385431564973,-0.010091780563401653,-0.008947663172295672,-0.011924810637750971,-0.010471221290027088,-0.010424455348125083,-0.011664062331297687,-0.01264366891603863,-0.007942667327975439,0.00038369616104083626
2017-06-28,0.013418893415648725,0.0022884873312110088,0.00853911623269843,-0.0008755461978959822,0.006682560989257125,0.0042213049107162615,0.0036374929642051246,0.005036203234837888,-0.00028895509069815084,0.010708604029100455,0.005363968816448628,0.005094044077308624,0.005455097079841487,0.004127668970703491,0.003291001067131649,0.004945317216302314,0.00038369616104083626
2017-06-29,0.0014978969603298697,-0.0005384408868356338,-0.0011810919268239184,0.004528404314926071,0.007329938090921306,0.0017506957697537295,0.0006788783540765397,-0.0011444118334280606,-0.0013566581467104877,-0.005127106157482242,-0.003273353441682003,-0.0012730928668671648,-0.0028909547573504613,-0.0024015111722995863,-0.0011448243384782897,0.003036176838673965,0.00038369616104083626
2017-06-30,0.02189025869230221,0.011173707857804915,0.006780088002843909,0.00881433831246814,0.012611779517843758,0.0130077221743925,0.012838034890596539,0.007862421145828913,0.011560206013653707,0.012423491501213135,0.011289891940959862,0.009056292158903467,0.009978354936505118,0.010411507071200976,0.00929508543187385,0.010953868247941978,0.00038369616104083626
2017-07-03,0.021077334174042894,0.0012648084942887827,0.012722664490097957,0.0013138085876673866,0.0015627384516279097,0.009122188157749234,0.005132152436614135,0.0044054350447693125,0.00029822223517017576,0.0031907633364800514,0.005016665830404721,0.004299490323057098,0.0023149840460265914,0.0036255772579236734,0.0034349316033843724,0.0057331207602422385,0.00038369616104083626
2017-07-04,-0.0026016617974535805,0.0029050435361386295,-0.0024855187798045186,-0.0023926949566065447,-3.2082664133570304e-05,-0.0007456081915196977,0.001616461732868224,0.0006644203209957844,-0.0037029500117832237,0.003977715101857848,-0.00044940569280926823,-0.003242061779009875,0.0007062620166151667,0.0007442101434604886,-0.0016694490818031094,-0.0005327157888969092,0.00038369616104083626
2017-07-05,0.005415059502361652,0.00017265442836111866,0.00017784689832134326,0.0004932030528064235,0.0058879634215840415,0.0012410300059826351,0.0012085775687404876,0.008061305281722664,0.004621719129919599,0.012978874083867442,0.0026305340159040735,0.00778650765908484,0.007115494871203554,0.006035818581054064,0.005679990995626438,-0.0008813531187908952,0.00038369616104083626
2017-07-06,0.012138614122313873,-0.0006362879118748666,0.004100944670313522,-0.00025410412761828205,0.008001737131626996,0.003189394270149304,-0.00489625988380582,0.004150381594162589,-0.007449378604672319,0.002865163599372833,-0.00725812879808041,0.003598716060033258,-0.003284020968867818,-0.005584855778543063,-0.009477138551688635,-0.009980840809532987,0.00038369616104083626
2017-07-07,0.017949011919609292,0.0036181422382517425,0.00355704777241006,-0.0006854369536909433,-0.0005461093630506619,0.006597192468927426,0.0016115571001196205,0.005574669286456002,0.006938173938966008,-0.00476055188168667,-0.003127898096645154,0.0050676445353159405,-0.0010152486085003298,-0.0009459826125535198,-0.0015172914733060372,-0.002147309512400164,0.00038369616104083626
2017-07-10,0.016930521996933123,0.004490927781272136,0.005870200933387082,0.007672389952344094,0.002653100445077383,0.009033996304906866,0.008620474437559533,0.01076325905990605,0.009949209467492892,0.009594902202841205,0.014169220803256666,0.010017145317902987,0.012041305706478322,0.011835165861688202,0.01008753849511379,0.010903911043772974,0.00038369616104083626
2017-07-11,0.010014848701620949,0.005999199108188469,0.0073112165933997275,0.007619743348796115,0.006151056287740042,0.008200377320892516,0.00871951819302641,0.015621054704113568,0.004799916952586081,0.0088971665918125,0.009977231836408418,0.014420703055992634,0.008408642949317313,0.009267341894044545,0.007009962789580992,0.011955777283870539,0.00038369616104083626
2017-07-12,0.023434531642466006,0.008442766419612724,0.0431296663950842,0.013058390271375009,0.019650392883363565,0.02320122329789709,0.019139612863808164,0.023099870314559512,0.01623657512133092,0.0169713091806154,0.016445356768097108,0.02102142840343535,0.01757628949986878,0.01612538319912793,0.013544870113873841,0.015913073084984797,0.00038369616104083626
2017-07-13,-0.013241616338864337,0.007710350319785508,-0.009995582130981728,0.011724814765052383,0.010085582645900315,-0.0017831931883058871,0.004992899492845204,0.007253105577649022,0.011464210635424132,0.002157911530594747,0.009309879024197887,0.006972562991249154,0.007643475443301018,0.006807977081660921,0.010705983354959647,0.005802113523678765,0.00038369616104083626
2017-07-14,0.010711935735087996,0.002993978019268262,0.008563578388112614,0.0019214052814027216,-0.004785188194694423,0.007269562810076513,0.006503359084691018,-0.0009983932573559562,0.0005019753610633337,0.0077695654740712605,-0.002119902588826439,-0.001142923817360808,0.0017429731225921952,0.0027852093309970183,0.0005662821636633897,0.0039804486796291005,0.00038369616104083626
2017-07-17,0.011335597034844547,0.00135261508756912,0.00857214287052277,-0.0007186986489552405,0.00015117376428674945,0.006073535870273261,0.0031740354671581095,-0.0006925797087792285,0.0035584085155793144,0.004896499652679687,-0.002431075568344876,-0.0028362979422467127,0.001989355536778925,0.0009482670745020183,-8.140544563672858e-05,-0.003046181926305791,0.00038369616104083626
2017-07-18,0.007542088719243445,-0.010342638258406311,-0.0035691514164862825,0.0018043831100327257,0.0007366849728376312,0.0004181368275166797,0.0017399262902608736,0.008479885809360654,-0.00020211187355223537,0.0033589326496565874,0.0034506210841220852,0.008160343381838908,0.0025009771562480854,0.0028356798781339343,0.00032952505747307903,0.0018241508279277507,0.00038369616104083626
2017-07-19,0.005234709008767879,-0.0009066137545813424,0.0009239682256636517,-0.0028947875693267067,-0.010870301297930096,-0.0005273953160341849,-0.003577574797157923,-0.005532758404510618,-0.005545219438206628,-0.008289001668154605,-0.004860693809948691,-0.008279187641859975,-0.004941606299304957,-0.005718911378803759,-0.00630929497116639,-0.002620110155024391,0.00038369616104083626
2017-07-20,-0.00820452044501263,-0.0005002151622055528,-0.00281042064266801,0.0035254660789372227,0.0006415470413989599,-0.0009622549113106338,0.001085045588770317,-0.004160358191751201,0.003092950485102053,-0.002271498126509508,0.002418305408765642,-0.0021459100576630696,0.0003983941652969669,0.002036131418625464,0.0026754652813529844,-0.0028871097651460564,0.00038369616104083626
2017-07-21,-0.00913503957105466,0.0030355246518882772,-0.005228406219912829,-0.004469385670867743,-0.0011368801060156475,-0.004790139562943718,-0.001426872349933772,0.003226527534448076,0.005628053989135351,0.0005109963996814404,-0.0001284559466647739,0.005316895086914686,0.0004835631583592903,0.00017491623557419622,-0.00047843167762262606,-0.0033520838868336122,0.00038369616104083626
2017-07-24,0.005480884233661554,0.005371823276510979,0.006257139815389223,0.002345317997736185,-0.0004326988483723815,0.003177965451074627,0.00463132520745857,-0.000565183142176684,0.0017017529775498197,0.004017434495690697,-0.0032498356889725244,-0.002325644217680556,0.0006794212258758314,0.003471143337289151,0.0032066374281520815,0.005986027528375404,0.00038369616104083626
2017-07-25,0.019493646014565602,-0.0033258355650961358,0.0063919096993738655,0.003790319086310223,0.00495237523815284,0.007313367179411001,0.000958892525973587,0.0005586976514826425,-0.0008696514947296174,-0.005663103549283566,0.001840510589015354,0.0025506028442368045,-0.0018537091295459662,-0.002069617979377658,0.001683534335954473,0.008172907650756844,0.00038369616104083626
2017-07-26,-0.016520003113393744,-0.005984530578178715,-0.008652614417752003,-0.004923363007321879,-0.006792651818565587,-0.007938317741659429,-0.006788918809811251,-0.016483934738953487,-0.0071471982110425936,-0.016332952011346658,-0.010160470338121952,-0.011818292825241383,-0.011064576110247248,-0.008508924262455864,-0.006986155484558054,-0.009544947536467063,0.00038369616104083626
2017-07-27,0.002962799810594996,0.006373040103801131,0.0028333900157055947,0.004374799696360121,0.003187363889068484,0.004004825291270109,0.004772255749970977,-0.007447502332431077,0.0022364265991137167,-0.001635439485254242,0.005589913639028055,-0.0017117568130399219,0.0005240931968573115,0.001962068741311329,0.002663588395646288,0.004045633683503969,0.0003474924925166434
2017-07-28,0.016480886703368336,-0.007921350347246614,0.004435223356432649,-0.0025971440986486405,-0.003799831422654276,0.0027830132496442506,0.0034663235065310882,-0.003473729705561812,-0.0015003162366437062,-0.0014234277054767652,7.91988370085761e-06,-0.0009423781200623704,-0.0022687709916657806,-0.0015744951090644888,0.0005795320181716246,0.00287346695973123,0.0003474924925166434
2017-07-31,0.005835149109893356,-0.004163946717256506,0.0006549866578382524,0.0038554305148212897,0.005610793194773089,0.0012334608993513907,0.0026314444799633296,0.003863093097111747,0.0035663511451862195,0.00044975932667523644,0.0022289803595942903,0.0036575701923746706,0.0028528517043664436,0.0008609195811610793,0.0008046553392961897,0.006237003947680009,0.0003474924925166434
2017-08-01,-0.0005587505072934817,0.007842374603102886,-0.0040496868058318425,0.005397515688674304,0.004345243232927842,0.0015639257419197694,0.001663142661456396,0.006688666069849747,0.0017896273367890014,-8.058346577799469e-05,0.013181012760446364,0.010470862689651916,0.0043157098681614325,0.005748468891347391,0.0111395945001167,0.008594585859588166,0.0003474924925166434
2017-08-02,0.007671611773876652,0.0009521496836304433,0.022748736899081745,0.013062843708863792,0.01157339568890392,0.00927852966045073,0.010594489417553365,0.013761972386173715,0.0027119432739124427,0.011469218606787734,0.01483096573730358,0.010722049857222693,0.009977260185670911,0.011389466591917419,0.0040756276697089255,0.008986458285863863,0.0003474924925166434
2017-08-03,0.00403513940320499,0.0003913707587572812,-0.00038694127814109525,-0.005061296378401581,-0.0018183569792598053,0.0002539008111717145,-0.0025659021690894734,-0.004931112964579376,-0.002769108142453458,-0.006104048619626656,0.0005290476902608532,-0.00032406647314331405,-0.004337608727349118,-0.004353706560921267,-0.0026971295655133787,-0.004759865007518349,0.0003474924925166434
2017-08-04,0.02360199735588675,-0.0007947957222546043,0.00015846934177865535,0.00014285443222417094,0.004847649024453782,0.007258125910031943,0.0029691269927174524,0.0009388259047826697,-0.007016151524009695,0.004459532415826306,0.002664175246390066,0.003298005120694336,0.0006945019460120605,6.684836574577524e-05,-0.0014193429592918028,0.0016996181531752086,0.0003474924925166434
2017-08-07,0.02426171297123103,0.007769748894935979,0.025709651797268362,0.007510292798852847,0.010414718682640656,0.016016615681614388,0.011510686854269814,0.010766816810162005,0.01125375026435882,0.010384511677277386,0.008039176379194712,0.009122897968032895,0.010945432717835768,0.008613708456355118,0.00950390682022495,0.014606513316973713,0.0003474924925166434
2017-08-08,-0.0028668735268974066,-0.0024155933516754047,0.004162753969663813,-0.0026547491562910475,0.0006306140488536727,-0.0011696955360099848,-0.0015380296102706081,-0.0019130700159121217,-0.003599422039837652,-0.005648732506469356,-0.0003399960828543991,-6.729005575123459e-05,-0.003986799025367027,-0.004831900757357843,-0.003337290896083478,-0.0009266973534020062,0.0003474924925166434
2017-08-09,-0.006289252406448287,0.0017801009693372283,-0.010258493297131244,0.005085470344222243,0.0008318633686053012,-0.002107828757678787,-0.0022227139369718207,-0.005149395321685235,-0.0016905913013117724,-0.00984138987101213,-0.0031500019576714555,-0.007497203716526735,-0.005255718542816035,-0.00481127572918949,-0.0017945027127537205,-0.0032938025009630056,0.0003474924925166434
2017-08-10,-0.010197588374838418,-0.010379124945864016,-0.010483852024034901,-0.0032793240711079807,-0.0023450431920514214,-0.009952920168459611,-0.008735706262086751,-0.009700135395985798,-0.0074665114735447125,-0.01511861961020966,-0.010349777149293304,-0.006274456017196339,-0.011452861585786067,-0.010905791741186222,-0.00903071821175705,-0.01013435124066353,0.0003474924925166434
2017-08-11,0.011747754899419593,0.0014158876385552688,0.001621524671163277,0.003306814752045417,0.003867148514808738,0.005707129827770441,0.009056644758241195,0.00497787120421056,0.007524207306222497,0.003229748560975354,0.005650425202737397,0.0060451536991577015,0.00645750116963506,0.011280673266392593,0.011953836652771166,0.005741206721191938,0.0003474924925166434
2017-08-14,0.022936694304491523,0.006582951671152637,0.016149737061694758,0.010288882565103075,0.013197753035352644,0.01675868732947805,0.01260040735692547,0.013911181686807383,0.01102796101528214,0.01409012396788678,0.017504552426849784,0.015413252603162508,0.015429489183190315,0.017029193988802982,0.016225679598134146,0.01333111702127665,0.0003474924925166434
2017-08-15,-0.003774462940037915,0.006381992925899249,0.003661704407322164,0.0028149774083399137,0.0038683006574069534,0.0025341849287279228,0.002471306575058785,-0.004570128235995896,-0.003384863028363716,-0.005993481447003068,0.0011863356885313259,-0.004514360871258671,-0.002460267709623598,-0.0003781278843811853,-0.0003603184314138197,0.000953881723604999,0.0003474924925166434
2017-08-16,0.033501218320032944,0.001292848036017702,0.0016771833408584236,-0.003490072451023285,-0.0017338251873065813,0.009964047308994362,0.005178073299836106,0.0022254869034592506,0.0004958104159189514,0.0015490317351813943,3.211523751489587e-05,0.0035939723932327805,0.0023850900967630206,0.002909572017549822,0.0018998629545496915,0.0034097673358033376,0.0003474924925166434
2017-08-17,-0.030658645265234208,-0.004388805271196117,-0.0059215161930228355,-0.002111233196300688,-0.006757652088215771,-0.013788276731366955,-0.007317538837200432,-0.01401245710273713,-0.010716206670181139,-0.009256708959773041,-0.010723622400646504,-0.010785880131124137,-0.011561235076149368,-0.005863523841474705,-0.009129031895398265,-0.008724630432522473,0.0003474924925166434
2017-08-18,0.00933410819630831,0.0005919456246752386,0.008879030963061307,0.012961131503028911,0.013862517911532146,0.008852942973557543,0.009309573266056193,0.006442836444857436,0.006954709642571277,0.005130478273916106,0.012079851122629437,0.006318234669270506,0.007525362241083577,0.011375942815744722,0.005381895198653508,0.010306235543562137,0.0003474924925166434
2017-08-21,0.005923676489058671,0.001228276165511133,-0.0010425804833524843,0.0021767929112070927,-0.0047436916502933135,0.00366835462938897,0.0021412287559468,-0.006745504784487655,-0.00809541558067095,-0.0001510562131563642,-0.0038022643816130186,-0.004444241431992402,-0.004451714021650455,-0.0031807186500918405,-0.00015799690025131152,-0.0007869931495823046,0.0003474924925166434
2017-08-22,0.02928558583473584,0.012212273088231917,0.01443376298337018,0.010499855114352696,0.0518568343734247,0.017153977708119328,0.01729085342513037,0.04453230960861654,0.006811779269484175,0.054312273200498584,0.0164370794232076,0.045535438829689356,0.027391802476379734,0.02433853639655359,0.022006426222600073,0.019230883976252278,0.0003474924925166434
2017-08-23,0.006724751864773504,-0.0023349500696063785,0.012019605736962369,0.007602439469424738,-0.006790489384489895,0.0037935849967087876,0.0037307198187026547,-0.00026361463119528583,0.005309900960642988,-0.008686125625478436,0.01044238808665865,-0.0026784972957585307,0.0022834930274273635,0.004091219290236703,0.0024150054300808854,0.006471972577624774,0.0003474924925166434
2017-08-24,0.025853434324973223,0.0020970255405483584,0.005492147632489175,0.005594495827820456,0.010010861370267188,0.011375356466563735,0.011098668638926723,0.009779211661735676,0.004720043340178615,0.01872348083578501,0.008721457151077416,0.0119278225212891,0.011584559667563887,0.011700752717131113,0.009445776760891977,0.009544599171998458,0.0003474924925166434
2017-08-25,-0.0016695782326182629,0.0028140613449780805,-0.001394603487892443,-0.004823942392362057,-0.001573719334409751,-0.0008730056763628369,-0.0014112434244901717,-0.0010807502405509872,-0.002639727454170848,-0.0031452704578968094,-0.004770294105375106,0.0017638157921524567,-0.004163849888811799,-0.005265095254115448,-0.0029360081204091726,-0.0007191767358186718,0.0003474924925166434
2017-08-28,0.007254862787930527,-0.001376435909671847,0.003920315737583113,-0.0008912000708092283,-0.00014483521496932994,0.003989854517688407,0.006622607465511354,-0.005176633454661239,0.0006954249047308458,-0.006231558119974001,4.6277424786911325e-05,-0.005366913371437798,-0.0008443423649249215,-0.0008290234840178101,-0.0001569022389583674,-0.00032152225184967076,0.0003474924925166434
2017-08-29,0.002196831200468319,0.00010509042092965437,0.0010868208692025316,0.003968927819704371,-0.0022763204426176076,0.0017300224646943363,-0.00011793850398489347,0.006534531318562076,0.005375174864441279,0.006155774816139603,0.006959148873286081,0.005714808983752873,0.006177682585621458,0.005122716366598112,0.005879283099706756,0.003804207325058373,0.0003474924925166434
2017-08-30,0.015209174093080868,-0.00679580476894992,0.011404923553431479,-0.003467437976488852,-0.006775269162357489,0.00546681674951488,0.0018730369106567668,-0.0015098740814227796,0.0011541461632078587,0.0044735140196094925,-0.006442664970244705,-0.0014092238598776285,-0.00034169326038413494,-0.0006578571045059434,-0.004451716831625707,-0.005399597598841899,0.0003474924925166434
2017-08-31,0.04104071466716408,0.0063733540219304,-0.003948313892787825,-0.0016303905484309489,-0.003207422239914104,0.01235691575264597,0.0038762330660540023,-0.0002412899388308798,0.008749455377099702,-0.004699985954623842,-0.005757756113980994,0.0026705374457802744,-0.0010315601668121621,-0.0024726026833097325,-0.002157457989700906,9.175050794008044e-06,0.0003474924925166434
2017-09-01,0.014657206060505246,0.0024148743397500727,0.018342074243394846,0.009643492399923792,0.011368959499765241,0.008881695146222057,0.008058323971388281,0.0068436119040447,0.0015748099206132071,0.005010965091905462,0.013196635075636065,0.0066770898080437124,0.0065223446929252304,0.007407764668030836,0.009689377476671313,0.014223237132109157,0.0003474924925166434
2017-09-04,0.04613618801150343,0.0032271838389270613,0.018948879721013334,-0.0013828473047443612,0.0032887996550226006,0.018487445901535393,0.01121731236659329,-0.0026334912195586924,0.003749199110713697,-0.0026638330707150493,0.0007669000665717629,-0.004163516662560984,0.0001038071624828163,0.002354959097477183,0.004358709098669644,0.0033937023017134305,0.0003474924925166434
2017-09-05,0.02016063429314241,0.003705933319537724,0.005365928686994703,-4.711410203206423e-05,0.00017968364420162253,0.010477329105021083,0.007360835383123376,0.0068412956830303795,0.009100458876978523,0.007898286285228595,0.0035313558453038407,0.0030565089261522793,0.0066657895659345545,0.006637667379918444,0.004375808083900257,0.000707565676887123,0.0003474924925166434
2017-09-06,0.023354724119896142,0.006720401241744556,0.01877801961680814,0.013520537363627572,0.007759123621567499,0.016821569680758097,0.015569748438237552,0.008440083374300134,0.005799991686858075,0.01169269129938666,0.016619697773679,0.007218972757639053,0.010198265557529007,0.009046100063731188,0.010735877337043398,0.016334578400170496,0.0003474924925166434
2017-09-08,-0.03121013770264458,0.004198772728318589,0.007105735786588241,0.0007822322749204691,0.0038429430253135166,-0.007043155067793627,3.986682270595843e-05,0.0025199716409949335,0.0049517202037348,0.006076778774089409,0.005788548088264012,0.005285069984736879,0.00435133065803206,0.0025893524585896,0.0010146449452235196,-0.0035461400392075015,0.000310956933956108
2017-09-11,0.011053263357809762,0.007604102245968747,0.026932925541088837,0.02141597584726007,0.015793038954424743,0.015275890022393934,0.01539245073976625,0.019492179391215503,0.01306574019200668,0.014518169822339111,0.025613802142868236,0.01742577919891697,0.018639933855994828,0.017403054018987785,0.01888658127715681,0.016260709063388168,0.000310956933956108
2017-09-12,-0.03576161425065172,0.010403050876253594,-0.016024377851196703,0.0020699355002584685,-0.0023418780871744538,-0.014917156646276242,-0.007171309059731623,-0.0022049002987142297,0.0013367394088146245,0.006362294963728532,0.004745602574989016,-0.000608152950659302,0.003244694404828774,0.002230607451155997,0.0038784362423345264,0.0023002867982666597,0.000310956933956108
2017-09-13,0.0028232050304275447,4.068442256643934e-06,0.0034792834144359297,0.01178366484549831,0.0048513618976211426,0.005218331462049974,0.006039077759461442,-0.0037067135305809407,-0.0020096190771936584,0.00024967368098671727,0.0033709913515143075,-0.00560716801980321,0.0018417149092182505,0.0022045914276682677,0.0031462013430259006,0.0038593003445261953,0.000310956933956108
2017-09-14,0.03689729599458191,-0.001514889243864448,-0.007870216622807957,-0.0014167217679755817,-0.003735965327409385,0.011200390690237816,0.008197961047438529,-0.0020909744623762716,0.0005130427666437676,0.0038650445051782167,-0.0022845361318459823,-0.002808679786229562,0.0020947432573958924,0.005275453933035967,0.0015025387724085792,-0.0007369279866368261,0.000310956933956108
2017-09-15,0.008139343724020476,0.0015011716333472869,0.024536933750443968,0.011098680998359756,0.015776997488915034,0.011350817356909904,0.013731453395583237,-0.00011745971097421037,0.008428744646263642,0.010256373544990094,0.016150092061927523,0.0016305780724159558,0.010157946069054846,0.014417798055914366,0.016258255876114625,0.014218655931679258,0.000310956933956108
2017-09-18,0.007235269944416256,0.001996881854824606,0.014489411940568742,0.0014985497915238621,-0.0009810852168699036,0.004336049528915087,0.004703328134681328,0.006361443514613985,0.0021493276346358225,0.00288223370335583,0.004736312891767014,0.009308699670720122,0.0032411326241739147,0.0029658426418754935,0.0018054768393294118,0.0027829434467609993,0.000310956933956108
2017-09-19,-0.01789365349600447,0.0012904299681468778,-0.0009711024982322902,0.0017684024424777789,-0.002851397195267613,-0.005233923777944516,-0.0021271079238438517,-0.004438969062309006,-0.008603410495090835,-0.004038964068007411,-0.009811766803905941,-0.007164006936214773,-0.006212402909858028,-0.0038647935357957186,-0.0016870433041658028,-0.00036113055741560096,0.000310956933956108
2017-09-20,-0.012064139865292978,-0.005182711699923792,-0.00599620403743184,0.003775101636032785,-0.0040610497183932726,-0.006368324770947953,-0.004051041632551433,-0.0007187250997643391,-0.0043540202904034375,0.0013407116386314755,0.0016343399679568105,0.00030888613798030207,-0.00033924529186935004,-0.0011684912446107143,-0.002466974105255315,0.0003048040737809732,0.000310956933956108
2017-09-21,-0.0021525949796795674,-0.006261989944692847,0.001641610494442336,-0.009096339672333253,-0.010866364142610552,-0.003929053166467411,-0.005438314906992869,0.0009097079564694965,-0.002074778914985753,-0.007627809443252032,-0.005732074006583265,0.0003946835903272383,-0.0042833166231349695,-0.003960725554154054,-0.005861222046086967,-0.005351629110985301,0.000310956933956108
2017-09-22,-0.012652516309830886,-0.0035764785582746983,-0.005966739522102249,0.00012482769501853674,-0.0004661425639627126,-0.006293378480428435,-0.004020832743284464,-0.00036151365776226907,-0.005759436330316059,-0.009502481463153578,-0.002628562968841064,3.7865037911144483e-05,-0.006358935237468555,-0.004498666645949223,-0.005125871278353955,-0.002348794744412408,0.000310956933956108
2017-09-25,-0.044767068292633994,-0.011187979471188991,-0.0424590119216679,-0.016208466676120525,-0.01617308363898151,-0.027873222298515188,-0.022971174015442353,-0.016503861486526827,-0.016830762325144133,-0.02103631934723027,-0.013876470814650377,-0.014030602160743477,-0.017498434568746113,-0.01760014267588217,-0.015969320194672232,-0.013272792341415318,0.000310956933956108
2017-09-26,0.015570837415039174,0.001976323675629832,0.012466257699384586,-0.0013294523376871092,-0.00043840564860031517,0.00837390017159012,0.0007924176708520303,0.00032780822486322414,0.007881622898994856,-0.0027962535537846556,0.0018802477156765196,0.0023704710085636904,0.0010995074083612888,-0.0027181428659845963,-0.0008912905187661302,-0.001899597865559266,0.000310956933956108
2017-09-27,-0.03503731357827444,-0.0084384013462393,-0.023355508541608727,-0.014584114264905357,-0.01176468235772854,-0.021863350800807924,-0.01502230412399741,-0.009426696557671477,-0.0058049466699955365,-0.013168270916422253,-0.00930632460365921,-0.008968069993358752,-0.00984902601152049,-0.008075921612329728,-0.006737870259264533,-0.007637835333448417,0.000310956933956108
2017-09-28,0.0030127964647783667,-0.00016498152294563972,-0.01334908269774926,0.001018415599490563,-0.006118057971976509,-0.00030777712841900673,-0.0023884352201735126,-0.0057738572100732855,-0.001019778619235634,-0.007955757674706687,-0.00035377403031200405,-0.006417557324012946,-0.0027662139023882926,-0.003809166778829587,-0.0005353601882213121,-0.0032390477389275807,0.000310956933956108
2017-09-29,0.031205573741468484,0.0030669109482348578,0.01915465687553697,0.009678223962801935,0.015838606987530923,0.0178686905056189,0.018917952413672223,0.015109120623566064,0.012271253329593002,0.00824514170304358,0.011561615412775117,0.01226776127543494,0.010946058844352846,0.012765967051404425,0.010068048306897559,0.01054577873643514,0.000310956933956108
2017-10-02,0.02309651645422739,-0.0025261373348424154,0.003107730040450951,-0.0031103104019217787,-0.0008946689024404986,0.007775013584905732,0.0029924652980966027,0.004039427894139136,-0.007255374665043557,0.006261953150949573,-0.0025917487779577586,0.00023468355522338058,-0.0003215631113288042,0.003584173887204667,-0.0009001276925332258,0.0008507367588064252,0.000310956933956108
2017-10-03,0.031995269641855506,0.016920498421929553,0.028128261603984184,0.027057739836704675,0.021386680507959888,0.023666303301228098,0.0222248907969802,0.023805634950359922,0.01887179653623483,0.023605271330370492,0.030429752513058794,0.02545456400509316,0.02412139765501564,0.02707285833476414,0.026497374008269015,0.030763293421718352,0.000310956933956108
2017-10-04,0.00811040581057898,-0.0015286054877511335,0.011157688936752397,-0.0030521141441615107,-0.020121965081299042,0.003261663556825445,0.004462025710102013,-0.0024104873087467116,0.0059179027113978044,-0.0029472846189828594,0.003054835123925237,-0.002803546468317042,0.0025889492339070674,0.003940080877215202,0.005232075548721626,-0.001798424207872129,0.000310956933956108
2017-10-05,-0.007296877432493409,0.008056154502328328,0.0009982093445348728,0.006147189403366449,0.003900134647007558,0.001672060314670487,-0.0019414480615485008,0.0007695932179581089,0.0013616752773233376,-0.006984058801406401,0.0007479430357917316,0.0031928161045848835,-0.0014043895351320002,-0.0027797201866893717,0.00011506155793350459,0.0005922546083332314,0.000310956933956108
2017-10-06,0.001689366559354255,-0.0059706084403639,0.0011456693819429375,-0.0017676901752616825,-0.009891284849799842,-0.001968097850377548,-0.0029025391464533312,-0.004095234116652691,-0.0035020707882356117,0.0003909184708190683,-0.0023652539363018255,-0.0035152924546940634,-0.0020215097837846807,-0.001619480851295374,-0.006046804363715186,-0.006548115751105366,0.000310956933956108
2017-10-09,-0.012617014500497792,-0.005985329098341596,-0.0005429441768628473,-0.004903133686478989,-0.0052029930382853085,-0.006108652756322108,-0.004006952759147198,-0.00428718253459226,-0.0014128455423167985,-0.006575269026460107,-0.0005089682243865079,-0.0023526519548545677,-0.0039690274081565224,-0.00552341201133999,-0.0023081558243486233,-0.004252763567019646,0.000310956933956108
2017-10-10,0.017067451264440203,0.00826810319162763,0.026278106032510795,0.01621158498222175,0.0239539398830384,0.01623632376889028,0.01587351773008927,0.018291472157071498,0.007320951590270575,0.014699505050888906,0.013874693849076802,0.019090591356969888,0.012382186329254585,0.01348419374817067,0.011700555853178418,0.014879142197151696,0.000310956933956108
2017-10-11,-0.01343815327137543,-0.0018915261975717135,0.011922200207644229,-0.004520934081642447,-0.01339962958202634,-0.0037196411088321613,-0.004263330026169521,-0.0034961348809403603,0.0021058905875745992,-0.003419325355640601,-0.00416764342953313,-0.006204344914986559,-0.0003770847394374277,-0.0028728392338708275,0.0009140212889386934,-0.0030649253991259506,0.000310956933956108
2017-10-13,0.0037397000984642492,0.007246123376149827,0.033629657559714365,0.0026536265822041383,0.0008344556714849904,0.009303087339932459,0.0019104448678548547,0.0044473556873252384,0.010400972183921109,-0.003409550000032402,-0.0015223823622245725,0.0051557544687617085,0.0019297475634993955,-0.0055034539470304455,-0.0013074406175972442,0.0032959226805242547,0.000310956933956108
2017-10-16,-0.021272894035307632,-0.004606329940210485,-5.741152612959155e-05,-0.0041362632613412,-0.0008773740232463911,-0.008628763012165752,-0.006992911609953301,0.0019261282497473609,-0.011613292466586933,-0.009339430930529025,0.006270961070481862,0.00023127258813304685,-0.0030338785865202667,-0.004302369148889484,-0.004831716575284695,-0.0020616545122533747,0.000310956933956108
2017-10-17,-0.03521759794042445,-0.005452792189974298,-0.018549982856990943,-0.005452040322962426,-0.01003994713040468,-0.01840411991184232,-0.014584637989667693,-0.0035412774330327856,-0.008763278734637892,-0.008610308302576586,-0.008664074355214102,-0.004744830652139931,-0.008570833701924907,-0.011950790947894196,-0.011937899865397728,-0.009113345167594544,0.000310956933956108
2017-10-18,0.0313190309366882,0.005284851970657867,-0.005665310680788349,0.006293654850094477,0.008011509580313936,0.013137732960407211,0.014093929163240926,0.00915123999500067,0.012947694231717488,0.009616986170883024,0.008647491907276761,0.004000085431785649,0.010388931304931015,0.014676888288040368,0.010805635813356584,0.006315653226604656,0.000310956933956108
2017-10-19,0.0019716185381009055,-0.0029187502726440995,-0.0043887130720488,-0.00025158150696857895,-0.005925998290912893,-0.0036319895118910317,-0.005460265909503215,-0.007774325545285565,-0.013896756608483773,-0.009116690727152932,-0.007431868052878543,-0.007515226637503591,-0.008359796842345113,-0.006451151395332588,-0.006786139844044525,-0.003678978687774115,0.000310956933956108
2017-10-20,0.017716766681864726,-0.005857490787634867,-0.005181791100930311,0.0022423659190380363,0.006680133188721182,0.004682051464251602,0.004126403362356035,0.003113261242074117,0.007205020042902133,0.0027775116651860277,0.0017446218654628698,0.0041338452109023205,0.003212265151822713,0.006547657406923646,0.007758773908644878,0.001969683641911857,0.000310956933956108
2017-10-23,-0.02461046985712212,-0.00879502551597311,-0.027140130649636718,-0.01232595917088597,-0.003586684201644874,-0.019095133798182395,-0.01622796414991101,-0.008061265378470295,-0.017834047457987112,-0.010143013438343673,-0.018320818277429374,-0.007311080851709062,-0.014696396510752052,-0.016057060831680348,-0.015072479497493574,-0.012726774922622863,0.000310956933956108
2017-10-24,0.010138843607286452,0.005702094778258449,0.010618540284029088,0.007440594773864495,0.0073380081703458,0.007603351135045733,0.008960490148568256,0.004941225427712803,0.005076425331798307,0.0077252673863712484,0.012826787478455559,0.004014568283837727,0.008622049316709735,0.009452001490746209,0.008171543881156262,0.011688145525264426,0.000310956933956108
2017-10-25,-0.0014653690258195073,0.002024318700653227,0.0019315608491674574,-0.0021064166803633766,0.003824954714475526,0.0004658723256347752,0.001858053658778669,0.006689250688268311,0.0010293671668981652,-0.002625142870347097,0.010645109869266811,0.00676910441945866,0.004065467478900908,0.005458358400001639,0.004542799662534902,0.003561953680690788,0.000310956933956108
2017-10-26,-0.026072187388052614,-0.0067395587726757356,-0.01013069219884688,-0.0074385966642464,-0.007248259396142487,-0.014209158728331728,-0.011379613723667803,-0.010356563627331616,-0.017588137108180524,0.0013786555187074168,-0.01217799104620687,-0.011892806180901605,-0.0077462015435181275,-0.008160053295045766,-0.00788164610116937,-0.009987596628626916,0.0002833337666960922
2017-10-27,-0.022405439532464544,0.01571733613231574,-0.009175052112405324,0.002596054674374626,0.0033065511106282752,-0.003484313732808997,-0.0017054099524006494,-0.010677708555934973,-0.0024032490198535594,-0.009459161954087025,0.0005084433958690848,-0.00719884488974909,-0.005123759567293162,-0.005013142482257149,-0.00245730560039481,0.0007930156073236994,0.0002833337666960922
2017-10-30,-0.022357953964606936,-0.008950360566154503,-0.02294838594981219,0.0025150387999481882,-0.016115179713649175,-0.012071698171256084,-0.017527783036823008,-0.013978353557717926,-0.020804674676482393,-0.01996403705422567,-0.007246457615596058,-0.015364481764787663,-0.013996241207557714,-0.016696111111445422,-0.015604708210508966,-0.015518007254222366,0.0002833337666960922
2017-10-31,7.419233728978014e-05,-0.003920487314048926,-0.001212240572544876,-0.010532536634760059,-0.011259866045997047,-0.0036495987291446097,-0.0025970204077077064,-0.00845056420305168,0.0026321126097961223,-0.012733309236791057,-0.012958239767570268,-0.01077065020472745,-0.005590176301139227,-0.004304409041353763,0.0024605268668593805,-0.006211314533914103,0.0002833337666960922
2017-11-01,0.004114865931518441,0.0002055040307114009,0.004476331570915315,-0.011130583076501832,-0.009455127381567174,0.0026612147049449586,0.002785557590814225,-0.009707848742354974,0.004553400533934049,-0.0018265062308222557,-0.013899663035019882,-0.010498458638778518,-0.005861528273441885,-0.003588757968906453,-0.008488000863422607,-0.005791881615642813,0.0002833337666960922
2017-11-03,-0.025784941112106274,-0.003853078527531917,-0.0037627119122787267,-0.00984281640854745,-0.007140937371729383,-0.012932505754247203,-0.010581604404707678,-0.00899887764302898,0.002612816275179064,-0.009681175123949282,-0.0023365730458685396,-0.005168504949040864,-0.0043158612013941555,-0.00836332027991571,-0.0032128824295710734,-0.0001879655006485903,0.0002833337666960922
2017-11-06,-0.007960168268324574,0.006091901829859747,0.0018841534689615358,0.0007636634207341952,0.004799208186585746,-0.0037454793758638916,-0.0014251987036788538,0.0031940766385036845,0.004925898307759802,-0.0017312734501325755,0.002992555828864818,0.004347029818329906,0.0010282711067115535,-0.002344952994775662,0.00034169848807219516,0.004391045667201832,0.0002833337666960922
2017-11-07,-0.05037490229108965,-0.009167137078132992,-0.04021966376997921,-0.01900783975588105,-0.016268435893921906,-0.030029525872118934,-0.02619641365950176,-0.020224924907895958,-0.016922394475631708,-0.011462434715450054,-0.026260770122749966,-0.015528390918066348,-0.020132112434476768,-0.023499456928021467,-0.020589985667651467,-0.025145128774218928,0.0002833337666960922
2017-11-08,0.03650040621830475,0.010070898352825486,0.03685682453558137,0.03279747077565731,0.022798953513774034,0.02864617587286933,0.026015577651427924,0.024012647417933852,0.02118475903756245,0.013852928674263243,0.03817756028153596,0.025564943908316096,0.024269423294956738,0.02542270694441573,0.021709584864413767,0.025638773786741398,0.0002833337666960922
2017-11-09,-0.03660447142065992,-0.00972391717512433,-0.02565854102323506,-0.008995033775334171,-0.008539564460172677,-0.02263302314031901,-0.01967132023289564,-0.022588186177542546,-0.00891022153771115,-0.014143931846994584,-0.01851578456285341,-0.019917975588713888,-0.014795415935942469,-0.01450648976116753,-0.013069917371658524,-0.019030670400392302,0.0002833337666960922
2017-11-10,-0.01936109378431261,-0.010028846361085253,-0.007936225193755586,-0.0121902763900964,-0.011841383590413201,-0.013459918019534944,-0.015590897189166508,-0.011184318534334214,-0.014141006375062659,-0.015059967970886046,-0.016477207220927492,-0.010375252561856785,-0.015243669809086535,-0.015926268236528984,-0.017222321269388496,-0.011177523082391616,0.0002833337666960922
2017-11-13,0.021286722608769848,0.003440713723827038,0.005356514721970962,0.0019208354273640982,0.005651897147937124,0.0074107771523999055,0.006771768814964441,0.0040126460860621105,0.0023414526786682544,0.0008216427643872315,0.001620808017902764,0.0034576829236117046,0.0016083818159622343,0.003897763855312153,0.00315289166243371,0.004672857985327461,0.0002833337666960922
2017-11-14,-0.007703075448869723,-0.0065576684719123035,-0.02651210278060734,-0.018719719749071828,-0.02488290854127928,-0.01186458202186913,-0.0127651489622983,-0.013898477251386487,-0.008599028023698163,-0.02065490650687496,-0.017709850670729166,-0.01790993356708359,-0.015605032160075694,-0.013184192333936195,-0.012416407162671894,-0.02093840985816442,0.0002833337666960922
2017-11-16,0.025703296425213296,0.012115086331809577,0.020231363231901778,0.020296721113919336,0.017615798274468686,0.01936809424427599,0.024460941497344457,0.02129284719614133,0.022218893442373933,0.012786910724351008,0.03631778179175171,0.020662164636704006,0.023062547448725823,0.02336293651141741,0.0200325208015939,0.02343767328048596,0.0002833337666960922
2017-11-17,0.026843444130766114,0.009142008552199155,0.020767096418759623,0.01100607368370321,0.01207042098163269,0.01908886891032502,0.015585465961613254,0.008244036612850003,0.0063712005190748044,0.0029390580677362,0.01453944543608543,0.006354775053938111,0.009737766576432438,0.008576034360503915,0.009927259932645205,0.01260207910799549,0.0002833337666960922
2017-11-21,0.02990150507402478,0.012862171963164304,0.028398467652126724,0.017094627048258815,0.009221464605479346,0.022015979925747775,0.018629107884256202,0.012773233428004405,0.015582210626424953,0.013869677303239625,0.011697200755334647,0.011710809763761265,0.014340733996910382,0.012262595820487832,0.013224738793633728,0.015704970326605006,0.0002833337666960922
2017-11-22,0.0043709645551788245,-0.0005995452624815156,0.015919896513559628,0.0031509036137911117,0.0038266708294114604,0.006045550950816825,0.0018767494749358793,-0.0006318103337514813,-0.005654320531825463,0.004084711130296403,-0.007881940223393835,-0.0037923470227150258,-0.002523569002474968,-0.00496422439860289,-0.009055790829125887,-0.0011342856059189943,0.0002833337666960922
2017-11-23,-0.0058831152405168785,0.0005887850912871251,0.0026539999317927165,-0.0012205995232311695,0.0027497363769792837,-0.0011122778641035058,-0.0028134919420851334,-0.0020614452792465654,-0.0027317505555911614,0.009081844455766097,-0.004436955652283858,0.0016934869815681264,-0.0006664737522606989,-0.0015567308990153128,-0.003239740820734416,-0.000871720742994242,0.0002833337666960922
2017-11-24,0.006603332067120382,-0.0003852676185844839,-0.005186412924030992,0.004743949660906299,0.005179684736347001,0.0024317254649268705,-0.0004079437662530827,-0.0047931759508716976,-0.00884876362717979,-0.003294981083516002,-0.005659323605052946,-0.004541269745725995,-0.006940942279243911,-0.00722687775774189,-0.009619380850043435,-0.004182778011652011,0.0002833337666960922
2017-11-27,-0.006160998158807218,-0.006631036020219749,-0.006724825617974273,-0.00504539155134609,0.0006936002107975625,-0.00853028135467171,-0.0028616256869772316,0.001627907988250854,-0.0058016549447802435,-0.007108950363567845,-0.009878464351339544,-0.002057425635933363,-0.005490310155228606,-0.0016602618645495948,-0.002471243548404556,-0.0016426922538710365,0.0002833337666960922
2017-11-28,-0.0045641823764199785,-0.007360537551137081,-0.0030731510482702173,-0.005469210346414899,-0.011558660549148003,-0.004561461055201943,-0.0007838001415299001,-0.0029623887373286806,0.003928349404778597,-0.0018051575688893262,-0.00017754636395839185,-0.003457014340633946,7.643824007352862e-05,0.0019112902345814753,0.0003739419958435075,0.0006988681864026347,0.0002833337666960922
2017-11-29,-0.018846879306739894,-0.014251392938929075,-0.004868070260443558,-0.010659656899567382,-0.014461527831519327,-0.011771068234936122,-0.015205399980297796,-0.023866868741617808,-0.01720674748563078,-0.006833174422404609,-0.021068881986410215,-0.020843106143673462,-0.016548025147882228,-0.01744448416768052,-0.016756403160066435,-0.0188321021078085,0.0002833337666960922
2017-11-30,-0.02186617739536134,-0.025342875015926247,-0.013803066175021805,0.0011291655195029282,-0.011793295631334355,-0.014570712670262442,-0.016975083710074057,-0.03309842061026791,-0.025306747329760237,-0.03264620741459068,-0.013745733850218156,-0.0344908945426009,-0.024361600503235215,-0.024237195553279967,-0.014066383974265295,-0.010711707973350748,0.0002833337666960922
2017-12-01,0.011885322577406265,-0.004463105548747848,0.017145798855912053,-0.010478221225228901,-0.005567898097140311,0.004046949880863959,0.004484117779530283,0.009815545017290983,-0.002576723628077815,0.008534474520152768,0.006129361521173715,0.004716618849864629,0.007324227990861409,0.0067435334405170355,0.006462448834312351,0.0039748625347426625,0.0002833337666960922
2017-12-04,0.007431852291365892,-0.0027765670879489335,0.008710812436415916,0.0069133479341187964,0.0174421137877403,0.004146703532192486,0.007647546588100074,0.009067087227487614,0.0004405982110178286,0.007925545106415965,0.01575244497645434,0.011923385120095054,0.007695953405994604,0.004645413917509833,0.005245805013722293,0.010758690007538263,0.0002833337666960922
2017-12-05,-0.012862550817472451,0.0007094493695631865,-0.010631326443964584,-0.001739142572653396,-0.0015225017892436243,-0.005608345608057563,-0.0041337542812859285,-0.005159472157749145,-0.006341982512588884,-0.0017396127851915244,-0.006470211889419875,-0.010592528577921922,-0.003651311624802034,-0.004425912474041782,-0.005387003030647208,-0.006969161996803308,0.0002833337666960922
2017-12-06,0.004565399475640719,0.00990926947363735,0.007757857707462623,0.004545046451341683,0.0009401108786997181,0.005689513578778449,0.008976480564762745,0.009288846287240915,0.0031178121094901368,0.009271921015954643,0.012605231412810891,0.003356017282492907,0.008629638354732183,0.01064127231901213,0.010224421445125254,0.009274202835467982,0.0002833337666960922
2017-12-07,0.023018211158674307,-0.004274524139208036,-0.009482145791757435,-0.0024286333031537932,0.0003999732565649339,0.004300451476411782,-0.005770455487409842,-0.010725146991736767,-0.009757756074330604,-0.0068191153483162514,-0.011063277218613998,-0.0077634032928250996,-0.011345061703841863,-0.011585920263845306,-0.011138505529133758,-0.009540547575241698,0.0002648113739738278
2017-12-08,0.03425623413589163,0.0055406719120023595,0.00585125370162487,0.004534597146677921,0.005771876532953302,0.015066710735297528,0.008566163223954426,0.006820509798824981,0.007589741031467145,-0.002512437733317885,0.0031321778184263405,0.005671473452289577,0.004320877529019551,0.005549018918290738,0.005429129937668309,0.004191301246771806,0.0002648113739738278
2017-12-11,0.0065480044634012025,-0.0023566272438384495,0.006834682062539343,0.00018099019906103742,-2.0440257054610278e-05,0.0016893683830208062,-0.0018071718692243,-0.005517776429060373,0.00193510521543927,-0.0003839856592472435,-8.793236027859752e-05,-0.0017729411176503618,-0.0014953636225366607,-0.002526848168575735,-0.0010161334106132403,0.0007105980528883116,0.0002648113739738278
2017-12-12,0.006491508737215268,0.0055361646669482845,0.008925907772171504,0.007560006481975856,0.010773518747015487,0.00758495638053569,0.00855411293852959,0.03568881190232154,0.013225741560499271,0.03308896243642967,0.013245446306869635,0.035630808177280926,0.02042459706859434,0.01744204325073384,0.013476544569907212,0.013004313394117117,0.0002648113739738278
2017-12-13,-0.012829163092537899,-0.004516390870435316,-0.020486632263616467,-0.011205608243943788,-0.004603672909848644,-0.012137223016928655,-0.0068547557510652,-0.019466879674614135,-0.004711258895832016,-0.012894312005749864,-0.013991306193568032,-0.016246280492621112,-0.01144162227843648,-0.007574241286204986,-0.008072610011050863,-0.011239917089784557,0.0002648113739738278
2017-12-14,0.0017282351760659065,-0.0036743548438805673,-0.023322316544883925,0.002137749155799007,-0.007334705310033995,-0.0070817080997601645,-0.008379641565491869,-0.008735308966779876,-0.006603710019872144,-0.00925761883824916,-0.011142097868123924,-0.005456181593933462,-0.010411579160647277,-0.010127888552800779,-0.01092534892810304,-0.006375539796034446,0.0002648113739738278
2017-12-15,0.01543465421316137,0.010223414716898027,0.027420875342904605,0.006551583952792761,0.009132817350031353,0.015674243319899528,0.011209717959746568,0.0027882912763370626,0.006884499038669167,0.005888338946472782,0.0014332400225260944,0.004246577576396904,0.00522671957801446,0.0060578938362894075,0.0027845894761722167,0.003032604758081092,0.0002648113739738278
2017-12-18,-0.008099521951660305,2.194662592125418e-05,-0.005425178077866355,0.003305692541020422,-0.003212902059281042,-0.0018969793349592479,0.004174274592646077,0.006285548429532328,0.0017207425738789972,0.00026361958307008493,0.0048243720450902305,0.005946832879905717,0.0028531739650410337,0.007033261140767966,0.0031009464884173,0.006479599547033921,0.0002648113739738278
2017-12-19,-0.01046268380893367,-0.00704846434271289,-0.004113499746828175,-0.009983032233393585,-0.005236235016895852,-0.008688914655436641,-0.006530020153701299,-0.007191705636667045,-0.00994130406146665,-0.007660153333380326,-0.008674993311290291,-0.00428389869058432,-0.008862426950886126,-0.010065612977029681,-0.009553111186171859,-0.00595171950322515,0.0002648113739738278
2017-12-20,0.03075318520773762,0.011194848130050339,0.020438344160010002,0.005931744941514383,0.00442183325714951,0.017584504973394477,0.011667592043465902,0.021038431319723605,0.005869754562195739,0.028031491168333256,0.007415764299528282,0.02058801837878299,0.013283506020949964,0.012031691091536345,0.005204433406234887,0.009374288843611467,0.0002648113739738278
2017-12-21,0.02125881317851408,0.012950644819940571,0.017294113746845863,0.021937630764855776,0.023003553710368774,0.020071962668440912,0.019621547414891305,0.01863959960388839,0.012441782023949521,0.03292595391940267,0.017042398357320687,0.020125327118031944,0.022203310883327054,0.022899883294025036,0.0251019640526009,0.023074357152180536,0.0002648113739738278
2017-12-22,0.004577629273930572,-0.0024882970964945628,0.006351202291423608,0.0017620146516721391,0.006534329246317805,0.004033147036756057,0.003752596572005107,0.007087615531289115,-0.0009496825061904302,0.005309734302207492,-0.0031296029281454585,0.000686756489397311,0.0024087003542609953,0.0028705884643529522,-0.0007086815285936021,0.0009111270912749436,0.0002648113739738278
2017-12-26,0.01419157129114712,0.006123199261120371,0.007375667869351732,0.007417802960878683,0.004814029225327143,0.009347532628810384,0.0076513284679877724,0.0005838978390537708,0.010056967143987183,0.008686462346537693,0.007526172609575443,0.0007406649108683272,0.008212291332041932,0.009147246241654416,0.011512542119056501,0.006869399963176148,0.0002648113739738278
2017-12-27,0.017729034209463812,0.005218868314251113,0.010446103972907794,0.005481279291011942,0.0003432739240969429,0.011435761476619621,0.009366051403003839,0.0037396727529732665,0.01121628828814214,0.0038718024656250183,0.010103696030492992,0.005052343865567632,0.006814861866220268,0.009474362526129987,0.005886498067491752,0.005559113009935723,0.0002648113739738278
2017-12-28,0.019376025290566146,0.0075731041554703005,0.009644694701351542,0.007389150161332347,0.020849062226918624,0.013215250135624634,0.009087432674171447,0.011994093458032706,0.004867908058185932,0.014271130790228348,-0.0009592434391644256,0.012314298819241287,0.005366210321995357,0.004703693566698419,0.0011109695863229518,0.00514846096179622,0.0002648113739738278
2018-01-02,0.007556137890036618,0.004602244224761742,0.022626989269286524,0.013746464894842436,0.005270564223740282,0.010134504222796936,0.011440791228875646,0.009283088103307024,0.0093313653749445,0.006174462637080325,0.011759732932806966,0.010387244490753123,0.011324429212273612,0.00926813176824437,0.012832655946280136,0.01839385121457493,0.0002648113739738278
2018-01-03,0.004356220063566729,-0.008768278262360596,0.0010059051223780813,0.0023984054254932996,-0.0010009844979100846,-0.001493176592475609,-6.459715012052669e-05,-0.0002024915379624792,-0.006000716791478067,-0.009127285307885757,-0.00011202533354437438,-0.007470703588933536,-0.0037521510052257456,-0.004258185575653273,-0.0025577410923961486,0.001247610842318947,0.0002648113739738278
2018-01-04,0.019471210946792716,-0.0031850024633586216,0.007093372299175726,0.008259173786572482,0.001513278714164512,0.0062926387297068676,0.006116970097334251,0.007145437480855499,0.0010144896731563158,0.0032682188199502082,0.005387472418786565,0.004114124351672688,0.004957559788440813,0.004146340454394215,0.004414933810976462,0.007740314060769249,0.0002648113739738278
2018-01-05,-0.013593778895938824,0.003423099150029918,-0.00440560069553686,-0.0028470769165166443,0.006701476058464273,-0.0023349343043123083,0.002374813802908715,-0.00020208454688419586,0.002751805345717395,0.0031102033844416788,0.003963862322933442,0.0018221214008955489,0.0028019609747282903,0.002520705564150072,0.004827418062763433,0.005180495480687108,0.0002648113739738278
2018-01-08,-0.0008237349816120343,0.0050670953342502045,-0.005425209436116019,-0.001977827625443185,-0.0018558832290967997,-0.0009090484489990835,-0.001267708462724948,-0.005674857767983266,0.004982161963319021,0.003193532141328337,-0.0006621441472248746,-0.0006538921195687886,0.00018502189542557446,0.0014238807022390887,0.001653402473517751,0.0029615189336940073,0.0002648113739738278
2018-01-09,-0.004942103362954642,0.0030320008972677392,-0.007979141257350553,-0.005144370262905262,-0.0019000878576717062,-0.004127293506312912,-0.0047793267595316324,-0.0019928723563398254,-0.0020108406512127086,-0.0031686730927538154,-0.00839894287053311,-0.00584824736756695,-0.004383147759384753,-0.004936223436416531,-0.0030694909212971577,-0.006009968780770758,0.0002648113739738278
2018-01-10,-0.004720986873286148,-0.0012010642742736888,-0.002325726380526194,-0.0021496232691018413,-0.0022183881211462753,-0.003286128720288106,-0.005475833132040031,-0.009447493799522255,-0.005575631080347976,-0.0023894671438612347,-0.009408608895676629,-0.006391336345635934,-0.005870743875577622,-0.006836453400804188,-0.011520865297168226,-0.008245634135770286,0.0002648113739738278
2018-01-11,0.014772917919862572,0.002967493676665489,0.018280652589039326,0.009168485817080185,0.007881425521530705,0.01083360883117912,0.010084063797725973,-0.00022373375375916993,0.0141092265580538,0.013721496553209755,0.0030987307834429156,0.007562518262220985,0.009304064681984192,0.007826127646607617,0.005207766349331289,0.014071620842711408,0.0002648113739738278
2018-01-12,-0.008713577660226512,0.002500598755652339,-0.004931345425436495,-0.0048584393363744205,-0.0012749019262081607,-0.004440410198185529,-0.003338402964118803,0.0043995206446265644,-0.0008186988232493642,-0.004418573960602523,0.004330673385837036,0.00105525300549969,-0.00023000790543870053,-0.0006637310805210905,0.0029903930131003342,-0.00031061686615985185,0.0002648113739738278
2018-01-15,0.018337579418001182,0.009179486762332267,0.011010865253432423,0.011940769222678727,0.010808224380219444,0.012079351688841555,0.009117971010070614,0.01452986330084527,0.007083110235163392,-0.0010552480629335559,0.009657267202844544,0.0082595320422707,0.00817796200533083,0.007667876451908473,0.005792285775985118,0.00531115179952546,0.0002648113739738278
2018-01-16,-0.0005415761326748036,0.0010162128558826033,0.00317797582947299,0.0055803558826350574,0.0014422226688444173,0.0030142700894606467,-0.0002426822274765872,-0.005184810939197759,0.002508842081604623,0.004052676741153061,0.006179588230204924,0.0017142056730587996,0.0016903867811808304,0.0013128314762236304,0.004754665493872379,0.0014101213281763059,0.0002648113739738278
2018-01-17,0.0065164113526225975,0.006603512405217726,0.01977904101737371,0.01420380871189364,0.008576802844500797,0.011561577722770444,0.009503919706321806,0.008812153378883636,0.007681928700159046,0.0027144355234021145,0.012434337660850225,0.011980688633189907,0.006714913294197711,0.006060795674031061,0.010177775020507207,0.015924679307719236,0.0002648113739738278
2018-01-18,-0.008112110337086031,0.0013404669219196919,0.00029759240618454363,-0.004173480204604729,-0.0012090123058615676,-0.0021840276825546567,-0.0038105914251614914,-0.00972594390355086,0.0020194846311112347,-0.007182011896120666,-0.0020966777916555657,-0.0014680555077086765,-0.005233275815436533,-0.0029998998284743728,0.0025930159163412014,-0.002550176827594397,0.0002648113739738278
2018-01-19,0.008861334212886707,0.0019540451497410682,0.003967019155657336,0.0005752624184274246,0.005923672623389553,0.0028628550787703766,0.004517866106700463,0.007825239874178935,0.0005104475005914821,-0.0013559800312366033,0.010970666765829584,-0.00020833213376403314,0.005351043909358477,0.005588564886700453,0.0047880757516460815,0.0033829738424484557,0.0002648113739738278
2018-01-22,-0.0022206204981451982,0.002063082985843012,0.0037481526237663765,0.003345653665618231,0.007012245029796693,0.002555944659283771,0.0011472028932448808,-0.0027313418627961106,0.007473163835264307,0.0004411898925575919,0.0055163292883870785,0.0075075277319580636,0.004120591417386965,0.004407957287286379,0.008135147767067918,0.005702056787757703,0.0002648113739738278
2018-01-23,-0.028064500579183638,-0.009453872257863094,-0.01709425075267823,0.00026833714221607963,-0.005102899965599317,-0.011433491834540455,-0.012565531738497726,-0.0160925724296217,-0.012132666329243036,-0.0033763750874810095,-0.015091927336256972,-0.012147269687620588,-0.010257248351454362,-0.010676180698850346,-0.010397629542033937,-0.011753763347038815,0.0002648113739738278
2018-01-24,0.038540308845636195,0.0176818807668786,0.030923412023464047,0.03623852020902252,0.034085005021912584,0.030389681196262952,0.0277883309386866,0.03163152594842966,0.02584398049999037,0.03411795351948488,0.025127522553102022,0.04025959117523148,0.032040041094853144,0.031279053361191744,0.02519613401274401,0.03596536801737016,0.0002648113739738278
2018-01-26,0.025964188276023537,0.003313423675242566,0.02708734056186124,0.02244002454133165,0.026406427514253927,0.021137476607935524,0.017081756744522947,0.011727628612921981,0.015201359496217925,0.027546333349609542,0.012325513515127007,0.0230960300835672,0.018850110517368623,0.01862508584292244,0.015384564440662052,0.021950759936572695,0.0002648113739738278
2018-01-29,-0.0029564366533491038,-0.00013803191138506143,-0.003567637819539393,-0.011424819792928531,-0.007273783669552558,-0.0056311130331986314,-0.006486671975168945,-0.014388128964261226,-0.010032910041495313,-0.0013858864356225409,-0.01399341518051278,-0.012527329128629083,-0.009169487354926842,-0.008296772260677598,-0.009989009806383509,-0.009557343493642678,0.0002648113739738278
2018-01-30,-0.007825588294359531,0.003921295980279904,-0.004690434988790848,-0.0021652549246996555,-0.004231730743929463,-0.002920113887426079,-0.0034137007476863213,-0.0018602587677373217,-0.0007520718821715233,-0.0016630800767987175,0.005366064960762751,0.004224935722953127,-0.0003668974746234843,-0.0005416750157786199,0.002562801820972904,-0.002653180049941861,0.0002648113739738278
2018-01-31,0.024471612444358914,0.004574859269924403,0.0033581781828651014,0.007798554751443643,0.012116386726336748,0.009506943351544006,0.004149962505342275,0.0027742861317736622,0.003246666203087223,-0.003743334155406508,0.0008596090336849826,0.004133530122591544,0.0018056232622984947,0.0011990093972946703,0.00275010514141516,0.00542672499816943,0.0002648113739738278
2018-02-01,0.014373344103957963,0.011112934234661642,-0.0017185386465199404,0.006296572876570705,0.004497398734798708,0.007858427136227863,0.007345941389754751,0.009454135807578146,0.0039038939865823075,0.008711208860136432,-0.0034532881862774367,-0.002906324663155546,0.004704279399821321,0.004321860524810539,0.00032111249094812777,0.00697285260045355,0.0002648113739738278
2018-02-02,-0.019553647022868215,-0.006611067767573031,-0.012504922986948719,-0.017742770324492008,-0.008592167150766938,-0.01397336251820347,-0.01360226875561732,-0.016670997992598524,-0.012460183134457514,-0.011152942698435808,-0.0161274950814585,-0.009378318655050122,-0.014910641480650133,-0.014769508850843494,-0.015162781251740198,-0.016791809415813597,0.0002648113739738278
2018-02-05,-0.0270305530106143,-0.01303333019451225,-0.029892185847968156,-0.020099900762462375,-0.016536285410322482,-0.02270247774899703,-0.021021176018638177,-0.023849535295782154,-0.0186370244670806,-0.02286530664237829,-0.02433412061542395,-0.022551898813422788,-0.02248081636293653,-0.021375295800610483,-0.022843230514405066,-0.02528801351448029,0.0002648113739738278
2018-02-06,0.01690628451160925,0.00759888952205201,0.016609160636930076,0.014569234253666075,0.01825718142564492,0.014661394993926269,0.013293406177986355,0.02694785111787179,0.024548489696271547,0.0311648850752253,0.013612770024824306,0.024611780640817482,0.024064034128468137,0.022411018381056858,0.01765206439974132,0.023355923906496878,0.0002648113739738278
2018-02-07,-0.011690727945347867,0.0014221546413020203,-0.009075579842039772,-0.01660995320178482,-0.0031166267040360074,-0.00825148043884305,-0.0059381081581594275,0.0030466867044238732,-0.004527774461218104,-0.0008180831164192881,-0.011347359602281282,-0.009636658540796872,-0.004018484186046889,-0.003702388456679917,-0.006903564165685605,-0.012426256427934934,0.0002648113739738278
2018-02-08,-0.014899902907120843,-0.017529042815026874,-0.0050510868525449615,-0.014323273097662015,-0.014419858580631106,-0.012215568813329858,-0.013204179483257916,-0.013171241614462703,-0.018459123237055786,-0.016925251090856075,-0.01402828275850454,-0.01346265928860213,-0.015456996121300581,-0.015937346234386918,-0.01871935118823087,-0.014986271491792214,0.0002555177935927855
2018-02-09,-0.018439117318275855,-0.006664274829123795,-0.013198667003422537,-0.012649049004024304,-0.00606043051757954,-0.013416072670900836,-0.011462842336222523,-0.022755810370128526,-0.006639322439020989,-0.00903562847772077,-0.01480567355469009,-0.00704164692394138,-0.014608917630345775,-0.014256675814733,-0.014346808349979812,-0.008294047746815303,0.0002555177935927855
2018-02-14,0.032590467317728855,0.019857348971606292,0.029624304750536234,0.022292740004969724,0.037276471728235894,0.0251946895165851,0.025809412721852,0.033842873440965926,0.025040061031444738,0.037441441188954316,0.017733953355294263,0.028690170906542356,0.02821091216710392,0.027390040859445852,0.022118994059350916,0.03212500813168018,0.0002555177935927855
2018-02-15,0.020356132685494632,0.003666602712809164,0.009791775467764108,0.009408297013457023,-0.0033740536905333407,0.010388807946922096,0.0043902256050829536,0.0027627281290023564,0.0037703286230641453,0.003106151767843013,0.006333700267123765,0.001076947616243551,0.004800437493725607,0.004675320277164552,0.009447203995557318,0.008437415314334284,0.0002555177935927855
2018-02-16,0.0038112006737152093,0.0064590233020733745,0.008125256241940715,0.0021554598954098836,0.0020304974104063955,0.005539083620690333,0.002873793099369859,0.0033337863616158536,-0.0016817405918995165,0.0047006546568790775,-0.0059002695717840226,-0.00029997484428467835,0.0015346708710552992,0.001533015227100032,-0.00020249815220430012,0.002553336359509828,0.0002555177935927855
2018-02-19,0.0130779040326503,0.005760848037665189,0.007149772922647957,0.003986883821042397,-0.0027754268111221947,0.006455781260851223,0.007456565988624542,0.008752121797277024,4.499737131502535e-05,0.003071149464575873,0.0031297428041869857,-0.005602155480785798,0.005710107138337639,0.005029637099286388,0.00214353950695223,0.0035885500803982673,0.0002555177935927855
2018-02-20,0.00043762404667702093,0.010622345213347595,0.0006668329920871408,0.011862802968231279,0.022332084461597068,0.0055071431145714556,0.005474963670445199,-0.0018971652029664554,0.01499703990909862,-0.002080834762761996,0.009806173158104725,0.016247529807094985,0.0067563848506568824,0.007166152725100572,0.01256762128040867,0.011285655560784758,0.0002555177935927855
2018-02-21,-0.0027768293961868418,0.00014007579461572384,0.0019340674040633221,-0.004875292742027804,0.0008218302487730256,0.0004481898498214232,0.00387420572565933,0.004166041029199707,0.00504638964910975,7.634991151994619e-05,0.010526276924094358,0.0048514588311519,0.004642026714667846,0.005910865516097097,0.004660601121072361,0.0029877929339190423,0.0002555177935927855
2018-02-22,0.009288052735968444,-0.0019862411577171724,0.005641437513571823,0.005747062463700159,0.0036970617636655767,0.0038934361137208384,0.0012285359230042037,0.0001560935760256399,0.0010626320543534185,0.002697450459441253,-0.0024361568057391647,0.005546251355240894,0.002569249902842019,0.002796695961100326,-1.6555962464193108e-05,0.006989884747477193,0.0002555177935927855
2018-02-23,0.014721978166061245,0.0036550431852544474,0.01701573364588449,0.011082897146865056,0.005917421050188665,0.010663769909645682,0.00776396209125374,0.012431326973836754,0.014659695559277708,0.016324754223558724,0.004701439986345424,0.010558906092984044,0.011298894284613059,0.011284470380746425,0.010254932930685579,0.007005266211326688,0.0002555177935927855
2018-02-26,0.020311505402515584,-0.004743359072087117,0.013294873032870358,0.01023568669976127,0.008528400477431086,0.007035098088538083,0.0023797469829260898,-0.008627936396837677,0.0008872924839375962,0.005080405348792505,-0.015563742368841726,-0.0028582316524152773,-0.004274804118884923,-0.004641932323458775,-0.00890205769949326,0.0034603154723387153,0.0002555177935927855
2018-02-27,-0.005255615713537831,-0.0031202605947273643,-0.0006906009422258386,-0.009190064038248624,-0.011911870703607996,-0.004224633104500053,-0.005421007417430124,-0.007911950726583572,-0.008079558873904547,-0.00955598905319277,-0.006288663672726735,-0.01275477988420648,-0.007105886596427413,-0.006955757293429232,-0.007123439887294913,-0.007495580311849381,0.0002555177935927855
2018-02-28,-0.016009927513709887,-0.006346542786874854,-0.01416696343018864,-0.0150297138908001,-0.016262950595478443,-0.01317988799582226,-0.012129414008282047,-0.011142257783711584,-0.01724752379083805,-0.017863443900070775,-0.010833900406081787,-0.015360584718588477,-0.015974038415073055,-0.014666675006618335,-0.012500499620288652,-0.017482512596994182,0.0002555177935927855
2018-03-01,-0.0048673171067504795,-0.00040256041385278163,-0.0159766005682207,-0.002441150454120522,0.004371332127949934,-0.006692717233334977,-0.0022926608336306664,-0.009092486597100713,0.0062246362392686105,0.0005919075931568596,-0.005573659498916084,0.007364846201405317,-0.0008770818098022826,-0.0004162677189394337,0.002863647862382912,0.000393074493873824,0.0002555177935927855
2018-03-02,-0.003318165042146326,0.0049079186552003495,-0.00869197086311313,0.0002649278624096141,-0.000697576383240528,-0.00059395423768005,0.0007821494667847873,0.005081989704396106,0.00424534550397726,0.004246289710718054,0.005962503896765892,0.00898187259508565,0.00557381410732849,0.005642777988701608,0.004432874574538337,0.004178258329293749,0.0002555177935927855
2018-03-05,-0.010176698647230364,0.003472704248284497,0.0021078668263723177,-0.004463455332794242,0.006184704487549375,-0.0005612579579503674,-0.00014158646596440505,0.0025277735129278778,0.009815019747355214,0.005590409010952868,0.0016901774888242738,0.009257652618131162,0.004185065863351767,0.004203502554613658,0.0028562626824089055,0.0030594988435568293,0.0002555177935927855
2018-03-06,0.0012454366241985149,-0.00088127117091652,-0.007384825254123206,0.0015922777971733026,0.0016921766016944062,-0.0019994344018091637,-0.0064507879535521395,-0.0021168190069394965,-0.007469425964484078,-0.0020485357791537595,-0.008137916105216525,-0.006137068292496051,-0.004410354393776017,-0.005411517829277623,-0.0073557154543481,-0.004286209864238444,0.0002555177935927855
2018-03-07,-0.004238602282553572,0.006080297266917611,-0.006249083079322926,-0.005050630268675027,0.00046764249204533925,-0.0020799543346025073,-0.0016388612258138036,-9.011352810650575e-05,0.005421957358739959,-0.0045599022117452925,0.002469465446256036,0.004829865394394339,0.0012183622384078774,0.0011811916586994542,0.00425171212141584,-0.0020076131684909626,0.0002555177935927855
2018-03-08,-0.018321849864913364,0.006586484198148224,0.0034617794498226218,-0.00522446657072051,0.0002347597532270651,-0.003135463542012329,-0.0030828897479399098,-0.014153105647835895,-0.0014078235890871982,0.004296272916570754,-0.0006152024104204568,-0.0014704455594912735,-0.003696493200646578,-0.0026082255505402996,0.002830289794879537,-0.005599220563046736,0.0002555177935927855
2018-03-09,0.01776544965981741,0.00113945627736034,0.004373275556103673,0.017834523502018973,0.007767429130039805,0.009124927218000956,0.012731371430109162,0.019551088849414144,0.009082931675598482,0.012064315113077928,0.009453635882620048,0.011913099997080678,0.012876624779231571,0.012582139476806198,0.007618545028239776,0.016104134566659267,0.0002555177935927855
2018-03-12,0.015400981694910554,-0.0014604916032449067,0.016964189715017453,0.004899695066165499,0.012501846007844764,0.00878592630497188,0.007826587719110378,0.0067315030882748594,0.001909371056291187,0.006998832046397174,0.002905844788603673,0.0014035219232431118,0.006011705476203888,0.005680041718499451,0.004352264967747432,0.006512789012567577,0.0002555177935927855
2018-03-13,0.004173648223898541,-0.002617120214169155,-0.009741494437476628,-0.00820662811446815,-0.0038892838830248966,-0.0033175258689503995,-0.0022265085604082913,0.0012109310548487073,-0.004601107938908555,-0.004420167140956277,-0.006021639002917745,-0.010566816075413654,-0.00475473676709226,-0.0034521265176299387,-0.003326787570751999,-0.0055676556466150995,0.0002555177935927855
2018-03-14,-0.0018696903642019258,0.0035686253533133705,-0.01075195138708962,-0.010066038088602736,-0.007127258053260421,-0.004833749515891883,-0.007404209688432473,-0.005860337296296203,-0.0069341152122261995,-0.008315930090418533,-0.012494716873464151,-0.009514076650856351,-0.008411266565912179,-0.00756183045061809,-0.004460456907085297,-0.004186903225154137,0.0002555177935927855
2018-03-15,0.00340730439949688,-0.01270183661982538,-0.0030233830823797048,-0.0063112013291698466,-0.0008258828655839379,-0.004902669058167941,-0.007310999517711303,0.003996543407594588,-0.004187675560381798,-0.0012724634848633176,-0.007856227490106615,-0.0021998967041479967,-0.0013280616036447368,-0.0017702672789680074,-0.0068320915380521985,-0.012151524715546147,0.0002555177935927855
2018-03-16,0.011007743621765487,0.023915335965847495,-0.0019126244285103677,0.0007236113808646305,-0.0036199793874551744,0.009680872522725092,0.0016587156912064582,0.0006608794746520985,-0.0007591444516948931,0.0023878563401640296,0.004637970345877873,-0.0021087080389398105,0.00382465964617551,0.0047123626147720366,-0.0017281453249651246,-0.00041143239574725765,0.0002555177935927855
2018-03-19,-0.019736895837190405,0.008668034458726437,-0.006526388214600276,-0.00898291518028882,-0.01204281339609825,-0.005134480110257966,-0.00494090121220947,-0.003577075352625525,-0.006070272848846869,-0.0054429026514335455,-0.007586291904961628,-0.009526855556610814,-0.005304610394559761,-0.004413377467957891,-0.0033884657966248843,-0.010737921088433855,0.0002555177935927855
2018-03-20,0.007480298245996497,-0.00367696851723176,0.0009023183479155428,-0.0033807499338477376,0.011511836763161254,-0.00025142352898122056,0.0004413217027094962,-0.0035542150164113995,0.0020140687232677035,0.0009454796806418475,-0.003226055408149797,-0.0014485989604121619,0.0002679765795432498,0.00044294615589257624,-0.0007742543593886042,0.002838858404718536,0.0002555177935927855
2018-03-21,0.008178285125727713,0.009307978179161402,7.231989192324484e-05,0.022660422367389188,-0.004144208309310726,0.009719881189093504,0.00495846672493494,0.0034553460740154307,-0.002187821801207912,0.004488540596799373,0.0025556952996144133,0.0007619338023499012,0.0033409223501632557,0.002854776099824763,-0.001445271704342499,0.008858411676162303,0.0002555177935927855
2018-03-22,0.007709834572122043,0.003636829276547182,-0.0022556081383703352,0.00986544605362183,-0.003392944209674731,0.003991155975653138,0.002025021151367268,0.012560993255233521,-0.00626846935689096,0.004119050188388762,0.004469840277043335,0.0031363971719882144,0.0012743924514588834,0.0026208828528766492,0.0025775891444359544,-0.0019740505250768203,0.00024620248904749786
2018-03-23,-0.011968428892708993,0.002102938897363016,-0.009523855404258597,-0.0035895264827962015,0.003588306438867539,-0.005704610572963897,-0.008582407603585196,-0.013713825632057364,-0.003623831133081401,-0.008293720709048658,-0.010041305945271639,-0.003376095139994706,-0.008756419585559172,-0.008498087616702343,-0.008439755691282635,-0.004575290116286768,0.00024620248904749786
2018-03-26,0.008811323315642383,0.01165685207047007,0.01043199523363314,0.004969644375147464,0.0008964361169900847,0.007700519362081382,0.005017133993509004,-0.0008344106655806538,0.004504722352620227,0.009216231088474247,0.0038906363880586436,0.008232032604813089,0.004180830704598293,0.004717876097196871,0.004910794584890077,0.007969443667219522,0.00024620248904749786
2018-03-27,-0.02662805408088076,-0.005700146830409869,-0.019332356347219748,-0.010289150979152728,-0.00791404447425681,-0.01568516990547575,-0.013487453829726048,-0.01681642776821035,-0.0038029924757574385,-0.005556387052919609,-0.008445403988734168,-0.006912243262038542,-0.010283680461859235,-0.009535594537578906,-0.01127644341177425,-0.014733577520214758,0.00024620248904749786
2018-03-28,-0.0036726989229359797,0.0023851256776266094,-0.01827891688228822,0.004390363996028324,0.004206617466207652,-0.004614777101457634,-0.004966836874893743,-0.0018982526279606171,0.0009324958814684869,-0.015467308462650431,-0.0036962423775387387,-0.0021180051712421655,-0.00595319906728542,-0.004659448208655381,-0.0018410670674431362,0.0003653360585531562,0.00024620248904749786
2018-03-29,0.022802979891452635,0.0073474688396655274,0.02132693498249072,0.012648276329484842,0.012870275902299388,0.015967888431402955,0.016804327828017218,0.02186534598592549,0.013769034825116266,0.02185022112509971,0.020258264653357116,0.018122057060847352,0.021547184863684787,0.02273682997275528,0.02171949107882254,0.017434016297926735,0.00024620248904749786
2018-04-02,-0.014490076522287398,-0.006777239908367982,-0.012130355508194302,-0.013188168104412368,-0.01269486116339591,-0.011777315816278389,-0.012076681148543877,-0.021276523850877638,-0.008385946269129474,-0.015978813314603046,-0.01731730665378195,-0.007582617176217776,-0.016482845851201522,-0.01613864920357244,-0.01345064691047071,-0.00895230467847441,0.00024620248904749786
2018-04-03,-0.008224149468345598,0.003101176066517164,0.0010034173246347144,-0.004940535403750501,0.004153113192130631,-0.0010679970858941124,-0.0003175933916931273,0.007114369866339176,-0.00038398191628064016,0.002186785237454636,-0.002564092854870581,-0.00046635910176673345,0.0033587107339687616,0.003925126930770517,0.002807605998159879,-0.00040520230434804017,0.00024620248904749786
2018-04-04,-0.00404102944985496,0.009837741585185578,-0.0021850344160401214,0.0010928259641174165,-0.004120121808245614,0.0022417102504750375,-0.0012512106989714944,-0.00890073389229007,-0.0003177363907408415,0.0011342185396256976,0.0006572921809919752,0.0007782238130265018,-0.002127956851049717,-0.0009590884217646201,-0.0013880237250495364,-0.003036376269675123,0.00024620248904749786
2018-04-05,0.02059510917352414,0.005491811612772457,0.014679258712812171,0.010823522829118026,0.011023816985458179,0.012753934547816481,0.010931527103414052,0.00979430799665404,0.0036293289755577884,0.008174565155418145,0.007628124108889578,0.003712398615411061,0.008143760470081585,0.007391861883869755,0.005614054120024248,0.009699149676992258,0.00024620248904749786
2018-04-06,-0.0026732148578009207,0.0012676574098451354,-0.012635270720122604,-0.006795983050311261,0.0004834043189911874,-0.0037286476404669866,-0.005335790614617197,-0.008776932690281014,-0.0034380732832867134,-0.004133124215284112,-0.002699904351472493,-0.0033237244487165363,-0.006194021074409473,-0.006070310664850309,-0.00305093888008634,-0.004080817223619193,0.00024620248904749786
2018-04-09,-0.016073475020645378,-0.01024381060391566,-0.02791567230925429,-0.012772439252313972,-0.013090504532850322,-0.016389330610381503,-0.013872765265229847,-0.011242562567184589,-0.009104515624055787,-0.013833868730162235,-0.011346987095441685,-0.011450668322414814,-0.013181581825208233,-0.013613144463127558,-0.01184208301631584,-0.017417758060653155,0.00024620248904749786
2018-04-10,-0.000701439171690188,0.0019999975729707575,0.014968723581501475,0.0003856903920684829,0.007259306515926767,0.004169550134216049,0.008628241838686268,0.004075081180271445,0.011521287721146134,0.007991553028238174,0.0052752389193899685,0.012575031204523857,0.006861017217073329,0.0060384094811201106,0.0030319310937194643,0.01333500307251434,0.00024620248904749786
2018-04-11,0.0019972495545916846,-0.008594446613007012,0.009874148075331046,0.003736362414155092,0.006768316377597339,0.0006754741394416897,0.002305595157380047,4.772960316423713e-05,-0.0027797640652154065,0.0017979542717212471,0.0074140521551411265,0.0038717213963208597,0.0026961028815388755,0.0027492313391634937,0.002012903049718684,0.007901517995044127,0.00024620248904749786
2018-04-12,0.021700637683742308,0.000776667716260393,0.018190948391975992,0.0018319493876961523,0.0054094147657386404,0.010193576026096496,0.009944504495656536,0.0247315666716319,0.003822914956425727,0.008052070260274213,0.008839479167197517,0.0034233266918139993,0.012746013398587053,0.01266841092260318,0.007786883850472881,0.0025315437826192166,0.00024620248904749786
2018-04-13,-0.002118024275848729,-0.0025833710378930785,-0.006479858033234587,-0.0042820546590780495,-0.011420874243877166,-0.004823687840387558,-0.008913245981038043,-0.009219377779578708,-0.006983324549808878,-0.013477072234353238,-0.013321095609351685,-0.006363457943971862,-0.012926334506033976,-0.013483534686347332,-0.01320670572256799,-0.012418977145930543,0.00024620248904749786
2018-04-16,-0.011664910556932417,-0.006682364130333407,-0.024464835184698996,-0.014820626882523724,-0.010738217064124922,-0.012570488733754881,-0.013600147800643225,-0.008505067708756253,-0.00782218679227109,-0.021511708470852153,-0.012821205421914894,-0.012418924495183226,-0.014078644003329588,-0.012834022021874114,-0.008877795923677656,-0.017350264935489856,0.00024620248904749786
2018-04-17,0.01990884268388271,0.011813813919081761,0.013785140939599927,0.01075943544061908,0.00913188549775179,0.014032678959048805,0.012607935110728885,0.013136023775008221,0.016169298450208425,0.02001394871729767,0.010485077864444303,0.016104689918483128,0.016510205183766002,0.016833537621517625,0.018308438462920185,0.015128711873040546,0.00024620248904749786
2018-04-18,0.028642683715482287,0.0014824973700784394,0.023581092618126798,0.014804216099146617,0.025288864875698147,0.0157142070118772,0.01480202543150222,0.012477668124702523,0.005219680593905318,0.012137150061122481,0.010078154510894999,0.01114869596025847,0.011095348099960711,0.011109841118762676,0.008545239904472535,0.019742223348879095,0.00024620248904749786
2018-04-19,0.009700800969933976,-0.006205583758346123,0.008058912773482252,-0.00628056581478198,-0.0058951830098535885,0.0017494333846483912,0.00154924088635644,0.01405150762514018,-0.002271496889020286,0.006160683361275288,-0.0008888533113824426,-0.00022038286668579765,0.005238864715267466,0.0045781027152713705,0.0013286108784640316,0.000990113306675422,0.00024620248904749786
2018-04-20,0.008183602098086107,-0.005006953519334223,1.356093663207325e-05,-0.0037795236572537583,-0.001188385837038397,0.0006988125354814301,0.003259598077245407,0.018467214110464036,-0.004017720845035044,-0.0016465042312624467,-0.0021886847989524005,-0.006221089527992829,0.002163971222071792,0.002519568991892429,0.0003023198006033567,-0.0023943434096581617,0.00024620248904749786
2018-04-23,-0.003943449889087236,-0.004260956362679091,0.0012507830042276513,0.002676747990890238,0.00018963041963471206,-0.0013813253310959173,-0.0007034620334960273,0.0008438876448875199,-0.002803243778952136,0.00686045258056267,-0.0009177640972237722,0.0006283773875670473,0.0014859522027954597,0.0021259456195947823,0.002132389485137054,0.0008627848813322903,0.00024620248904749786
2018-04-24,-0.009784894258428878,-0.0023544503663108785,-0.019082908057495462,-0.0014054474162004116,-0.003854169181771394,-0.009311437592412597,-0.004296682606518831,-0.006458961031307386,0.0031279122967691197,0.0013944826385750009,0.00308904767980267,0.002061676011147373,-0.0016035200469386446,-0.002714162480864424,-0.0028147964466546105,-0.002345613052033624,0.00024620248904749786
2018-04-25,0.004393465521229656,0.012204743410853647,-0.0029981994283857505,-0.0026522541394439214,0.004343856722624162,0.0029939443260906806,-0.0005857785774463498,-0.005245395996620106,-0.007546470182510312,-0.008188829200938108,-0.002001295205547926,-0.00138849010235631,-0.007007207347463851,-0.006821146222611318,-0.007900316886381153,-0.0044293772861736525,0.00024620248904749786
2018-04-26,0.0017227755306628012,0.009580735211947244,0.020661343854808445,0.0137718848169881,0.013783011538415435,0.010353379267545426,0.01014837675754987,0.009272466407530544,0.025458079223524166,0.015623336917611308,0.011342583099324122,0.02071536164337373,0.014613353843299981,0.01491665747269666,0.016614052677216495,0.015016906176779754,0.00024620248904749786
2018-04-27,-0.009535178861983407,0.0050882838128039065,0.0039757990859725645,0.002561189805434516,0.004429714459441625,0.0008824912042111333,-6.295488906604696e-05,0.003566394775933901,0.0015780169412500378,0.006032763568951438,0.0016059892060680259,0.003165482227853067,0.003723549262261816,0.004621305040007018,0.003998174167130442,0.0005785713362440603,0.00024620248904749786
2018-04-30,0.0021386630754927083,0.0023512889508376933,-0.004945086287288514,-0.0041059451602387664,0.0067675703004626,-0.0021845427946453055,-0.00208334165898727,-0.010695355542886698,-0.0040015649928084596,-0.004577622281230598,-0.005097247008528316,-0.007845101029253065,-0.007149516160131486,-0.006296166986887841,-0.0043074697099925174,-0.003768227868541696,0.00024620248904749786
2018-05-02,-0.024932255224860533,-0.001202074145493337,-0.010488592121469908,-0.025273779490255444,-0.03073308554642873,-0.013962898479244257,-0.011803491723121118,-0.010468509366430179,-0.016796981167440217,-0.017312681285445608,-0.010603868578995201,-0.024502939367318954,-0.014505296112712007,-0.015262630793518195,-0.01279500331623551,-0.017854731639194377,0.00024620248904749786
2018-05-03,-0.022343621809391867,-0.022978683886316742,-0.013127171679680139,-0.0228153736864245,-0.01098970658391274,-0.01840242310966178,-0.015058899093747136,-0.01128825691118962,-0.022833701216208424,-0.018186666988660782,-0.01635981977555745,-0.013568031800980984,-0.018457867668327244,-0.0183403603400899,-0.01821404456448339,-0.015172202387495837,0.00024620248904749786
2018-05-04,0.006256296639199688,-0.009350337445999557,0.015293957362689348,-0.0033025397164604398,-0.008400008272282267,0.0015580275550692857,-0.004363631173915139,0.009400344142704409,-0.011960276258229263,-0.0017981881437219016,0.01312233150854869,0.006620143648534693,0.0025155834063095295,0.0022671304842307727,0.001853475696772744,-0.0026413438066128503,0.00024620248904749786
2018-05-07,-0.01908846035870626,-0.004100744188681893,-0.014437025913658363,-0.01335343526754773,0.00017669741173831355,-0.012427260482638647,-0.008122358618232073,0.0031155083425831176,-0.0020567737177598078,0.0011229479535219689,-0.0003467791871536452,-0.0004315938759973381,-0.0024034834400680216,-0.0027042100316350126,-0.003277912021527829,-0.004644455451186191,0.00024620248904749786
2018-05-08,0.01119423375801154,-0.0004823152250589269,0.0005684827591792008,0.015105185715290848,0.010386516658075884,0.003033308466768192,0.005645043014963713,0.005786628832847196,0.0018414582881125519,0.00823009330934954,0.008451279584515303,0.0083880956509228,0.0024197626759707713,0.0027293999123731982,0.0030028685659582166,0.002688586366653478,0.00024620248904749786
2018-05-09,0.012853661817667339,0.006354811777048219,0.008299781822241226,0.003003677160347884,-0.007316522331243247,0.008111722262200693,0.00982743493035576,-0.010261186371456121,-0.009198809624993087,0.0016396346581246668,0.0018755756740349572,-0.005161615395689045,-0.003751614170306783,-0.0027163994193051266,-0.003429913376662208,0.015229508383915347,0.00024620248904749786
2018-05-10,0.004772448333082213,0.006114776766531715,0.006035586158903206,0.007051844447564459,0.01340435445375654,0.0062258873851626095,0.00967552111595582,0.014347787938905121,0.019322271109903033,0.016380405514766272,0.023102410355927416,0.01848511476178638,0.018325466135707513,0.01808638997711176,0.01576506742184658,0.01872312125658704,0.00024620248904749786
2018-05-11,-0.0011693618600787659,-0.002085514864781479,-0.0028028759051463847,-0.015057134397648886,-0.013773100030833985,-0.004252487034934971,-0.004376386861727255,0.010457930275920901,0.002801481914072035,0.006052073911444911,-0.016526649649959535,-0.002156930195558404,0.0032104003710107243,0.0038698625340947146,-0.00060372136563136,-0.007624679922261124,0.00024620248904749786
2018-05-14,-0.022269869063841208,0.0013289507942011447,-0.014531058687482612,-0.019213922275994944,-0.019117142639276774,-0.012810918186666798,-0.013297358478961518,-0.01320768294220731,-0.019400913221757965,-0.02172160607731688,-0.0026594039268075242,-0.018933888966653045,-0.015065935630229732,-0.015178096796033103,-0.011066992465892933,-0.0010934520678311799,0.00024620248904749786
2018-05-15,-0.020543987371252848,-0.006029063844035454,-0.00787702623547959,-0.0058916874717611645,-0.008053914077001956,-0.010042491754603144,-0.006466367438413223,-0.005031449438976154,-0.004981817671905975,-0.02357717019557226,-0.004405616060936923,-0.008227177402728714,-0.01156444100916898,-0.009994439063288563,-0.002748808334963271,-0.0019822485798550726,0.00024620248904749786
2018-05-16,0.025298149083960553,0.0032580503039452147,0.025942278443688016,0.02908255596766196,0.018027209488161722,0.017464315771532624,0.014397354622152525,0.0076144071940098534,0.01671530823233769,0.014955725265474618,0.017383150278993842,0.01561998692181188,0.015314639814199671,0.015586131992313845,0.014986338515750264,0.01611125386949963,0.00024620248904749786
2018-05-17,-0.034910540354472386,-0.01878772394895356,-0.015424960494989981,-0.02755387769324702,-0.03626878661659794,-0.024598567830250162,-0.027500862489985844,-0.03464853396930179,-0.027590465601521674,-0.026064932262649165,-0.0315826601100021,-0.028875974755797618,-0.032541579922994335,-0.03215824590350269,-0.030662512332473302,-0.033643194860179304,0.00024620248904749786
2018-05-18,-0.016040077709128187,0.006698158348898753,-0.012339922572824125,-0.01076739114618186,-0.00253341827366238,-0.006417955488320692,-0.005967814285934292,-0.010693220958147509,-0.008718244861673163,-0.01121899607793353,-0.005892026810800921,-0.00863688962024467,-0.00796525300153339,-0.007672783514386716,-0.005435295845880983,-0.0065234318992759555,0.00024620248904749786
2018-05-21,0.00621252387206539,-0.010961996094642656,-0.0032051157575770928,0.005178390803235899,-0.002733255351076047,-0.0024954134173000853,-0.00384996914025848,0.004270873083003446,-0.0020891793239022904,0.003151423941190501,-0.008415071161385956,-0.0027699566877045223,-0.001337183566772926,-0.0010322760770898887,-0.005025408380369578,-0.01404391962549556,0.00024620248904749786
2018-05-22,0.023026934936155152,-0.0011700328653952985,0.016197384845952012,0.028491730267517168,0.022999643534277636,0.016142684313280586,0.017411994697195343,0.018657998026287093,0.017613316161239068,0.018117369183018983,0.011071953913249999,0.020996891395469452,0.018295700623291777,0.017618431638292797,0.013339177028622196,0.012101579964858056,0.00024620248904749786
2018-05-23,-0.023521403116795736,-0.01156805810410566,-0.025719543670285838,-0.018591438079737177,-0.014909294526113004,-0.019616394352828026,-0.017192281223817996,-0.0184417506653467,-0.012153054084570458,-0.008458008869611566,-0.01901529710733718,-0.020284922017757112,-0.014096151675996649,-0.013889897642634152,-0.0127450296477154,-0.02230965727874812,0.00024620248904749786
2018-05-24,-0.004385815845105667,0.01795361108121618,-0.004460523699369334,0.011585940968424469,0.0036126642493103933,0.0057848823389530235,0.0019205236546677718,0.010246824728176396,0.01538265094085789,-0.0010426829714594854,0.01370031882321654,0.010279237623671111,0.007915757658755185,0.007630222799784203,0.01424150138140079,-0.009421541523664367,0.00024620248904749786
2018-05-25,-0.02705879389306609,-0.008125976079475072,-0.029873560220861295,-0.013791294115388819,-0.00288682619376901,-0.019503937962549567,-0.013849335829589582,-0.013641399851734515,-0.005682114886452205,-0.00818523320459752,-0.013505451812585112,-0.006457140006181805,-0.012995105862722789,-0.01316375365752842,-0.012230168212709502,-0.01445521372621561,0.00024620248904749786
2018-05-28,-0.06886651969735291,-0.01570170592465181,-0.058393032060650274,-0.04323430327030564,-0.0481864407051239,-0.0445654983568351,-0.04542497541571289,-0.05176769388012148,-0.03442884830263582,-0.05144568700631735,-0.039734898107391725,-0.040156933943923834,-0.04410971265495156,-0.04391100306800433,-0.03515936325229396,-0.045184928768839505,0.00024620248904749786
2018-05-29,0.013450822995341838,-0.006855679460478381,0.014530118567453787,-0.0008108808272035972,0.009491405353902582,0.003232627618279471,0.005924455054524325,0.0084074413536388,-0.005957651953231391,0.012919687343518671,-0.0021171060125270147,-0.0002717206164868369,0.0019933085400576367,0.001991330486419862,-0.006067340165791912,0.010072195843199294,0.00024620248904749786
2018-05-30,0.027238909124735144,0.01136965159300618,0.02172437641099445,0.009263548793280396,0.019426850664991724,0.0183907982158793,0.01556616476325301,0.016586153493959088,0.014802431809919137,0.010043765883132938,0.011449816875316987,0.010394483850239444,0.015623494653375092,0.015980131270733278,0.015606613320781282,0.00923154839912832,0.00024620248904749786
2018-06-01,0.03328713277576312,0.02326150964128937,0.022212484098147023,0.02411325227182015,0.016101901808274643,0.024630815686961904,0.018268353212762323,0.012804776610509938,0.024573005872935427,0.009968960748672817,0.009138705198376895,0.018125371756636754,0.01630956850767018,0.01605823459962985,0.01944022014628133,0.006979379221902837,0.00024620248904749786
2018-06-04,0.04233753450189015,0.014077024298111862,0.0225352772476326,0.022166273685132465,0.012100258756644777,0.022285491246323064,0.01735612298751188,0.021540120070156155,-0.0013477055826102147,0.010002495149080248,0.006937327372721125,0.003973675888665484,0.01260805875161819,0.011456938021352281,0.003807507751759198,0.017938351195015523,0.00024620248904749786
2018-06-05,-0.029025849619203292,-0.008479040599750243,-0.02637715376832639,-0.031455529155725914,-0.017452969667360874,-0.022142575985540924,-0.021658238202872715,-0.03624723549094355,-0.026469753283075548,-0.035465819295229295,-0.03167611869488962,-0.029919951062010286,-0.03406725116470899,-0.03353046325525899,-0.028143697743621354,-0.02472527472527475,0.00024620248904749786
2018-06-06,-0.033456088409572926,0.009069241880048207,-0.019056654978098164,-0.02182905509661781,-0.016449004623378505,-0.012750339882293238,-0.013264664436807738,-0.01533747932422691,-0.007513110275160106,-0.024271658186489464,-0.010755761297944422,-0.012403050053627185,-0.01709443704215985,-0.016987523627351453,-0.005719653252847956,-0.007734451653742647,0.00024620248904749786
2018-06-07,-0.05594005037673788,-0.026634171862676692,-0.04088488974953064,-0.031206448261838826,-0.025575569588606517,-0.03763728450260617,-0.034045681524289884,-0.031941171743519514,-0.024417241065492812,-0.027999105310983485,-0.019504926131414968,-0.018064317387073037,-0.029760486065284808,-0.029370698754419555,-0.019648768198728628,-0.029507859969640116,0.00024620248904749786
2018-06-08,0.0061080619119950885,-0.026584291227784163,0.00147796649112375,0.010735881286285887,-0.004894691231775328,-0.005221654214912386,0.0005989188829498282,0.015223613952240367,0.001470803627721784,0.010712098512339452,0.007061925411211867,0.0004579563987590074,0.009730341176207746,0.009151018080781226,0.0019571956822170833,-0.011347374606991312,0.00024620248904749786
2018-06-11,-0.010889896452878967,-0.005479172476654193,-0.002598673770243698,-0.01124092159677259,-0.0194820057097701,-0.0057759831505976855,-0.008566025634023533,-0.008677671726345926,-0.012530528617911374,-0.014823353265688288,-0.007774472108758368,-0.008870670244130907,-0.010948708679551222,-0.011197521217700235,-0.009774318369903057,-0.008640874140508736,0.00024620248904749786
2018-06-12,0.007491671495014396,0.011688283597466542,0.005145560061908583,0.0031394751266595744,4.633755249727756e-06,0.007507161724643829,0.006346911024403656,0.0027517939477954556,-0.00622194020257405,-0.001144489630618195,0.0013058458257284578,0.0007511506967667891,-0.0019190521739050892,-0.0020402521331580603,-0.0015886640163836896,0.005548220897326317,0.00024620248904749786
2018-06-13,0.0005544828144470326,-0.0010610048874680755,0.004564843489040626,-0.0014221026776916057,-0.007593638380872014,0.0008736256081671723,-0.0017651373296670991,-0.002624107440344692,-0.007047415025779102,-0.00037580992268515523,-0.008921305811230629,-0.006510104576657572,-0.0028626671763457567,-0.002770131754973426,-0.007152822291768723,-0.008281581093997015,0.00024620248904749786
2018-06-14,-0.0006881299410592678,0.00755128791810078,-0.006349277688236565,-0.000731858332780444,-0.004669033157482683,-0.00034078550018201703,-0.004852765661550573,-0.005482985825315589,-0.004815958159633649,-0.01558694430572094,-0.01569958781929426,-0.010881849770499108,-0.011302783388016047,-0.010352928291893937,-0.003938278778487958,-0.009419086816002342,0.00024620248904749786
2018-06-15,-0.019628595149372763,-0.004871771194718377,-0.025016335782398258,-0.0034631494368820848,0.004468819348929065,-0.013286699676440694,-0.00954363701828742,-0.022129373109386896,0.0024600657164710604,-0.011042585270121696,0.017929548444248322,-0.005259105986653356,0.001387357681061685,0.000801314670555664,0.008338544129085301,-0.009525283808239582,0.00024620248904749786
2018-06-18,-0.015361901306322534,-0.007690940119078893,-0.009985360900770623,-0.014386347213727335,-0.012089640764365917,-0.012266987971055743,-0.009791909757510653,-0.01683326786577266,-0.012746884460398178,-0.013670786417730785,-0.010437406924779236,-0.0127495823974495,-0.015304843385833156,-0.015494284256935664,-0.014058677395325736,-0.013298922431520976,0.00024620248904749786
2018-06-19,0.03433214698899256,-0.0015245098174837546,0.01310110018981181,0.02802876735394677,0.023073214413336984,0.016064806724508607,0.014635893804957778,0.022709707865479656,0.019323802516967303,0.02740558310106911,0.021138490612812477,0.026652471394673638,0.023802614518274146,0.023104231153191712,0.01814799900285724,0.022440339604526516,0.00024620248904749786
2018-06-20,0.01317195985183539,-0.0034032332635419715,0.02198798221335263,0.0037390445247935666,0.008597007587278993,0.009305043704035398,0.007553163966425469,0.019904643023093582,0.010400521999232026,0.020065114968097042,0.004282651776791546,0.008984672493245416,0.01463289044511984,0.013457634255348738,0.009285173480188424,0.010061556368123226,0.00024620248904749786
2018-06-21,-0.03176598668943087,-0.013326066632317612,-0.03426289862950027,-0.021110611269700708,-0.01639476573204901,-0.024704086949470794,-0.021278058449659465,-0.027407315555471157,-0.014981642944873697,-0.029118178859910526,-0.011965066643679356,-0.017795412125948373,-0.023978340485170113,-0.022959745066954973,-0.01855998686282856,-0.027936525448042926,0.00024620248904749786
2018-06-22,0.004522231915653041,0.0034558472628671844,0.011612847379816937,0.008115884126866924,-0.0022654651014294425,0.007267254223009889,0.007929491581904813,0.010406507515690278,0.007208932961665804,0.016992445366334596,0.0012415962923733037,0.01232228363911303,0.008230409034194697,0.007456707998335199,0.0022169913563956367,0.008337257732508041,0.00024620248904749786
2018-06-25,-0.00055791891276602,0.004233810743744071,0.004379225180117352,0.005992807478784501,0.009087208557276405,0.003131514218978948,0.0044997309770546945,0.0042139721354608195,0.0055536508406293095,0.0042628574485263915,0.0047629478761404,0.00463018080827271,0.004521880549775759,0.005106354163507243,0.007877003399708649,0.004358756323491031,0.00024620248904749786
2018-06-26,0.007727936151370907,-8.2913193375167e-05,0.006401832564498999,0.007025772659828622,0.013345678832264785,0.00415558336465871,0.005086074505592064,0.0005142544535645666,-0.003443147731320373,0.003224107992553238,0.00885803264777163,0.003078183024717074,0.0032989930836249126,0.002564119682642696,0.003203728522595428,0.006279135557988091,0.00024620248904749786
2018-06-27,-0.015266282659963326,-0.00647607284120133,-0.014850046454108146,-0.01863525090585172,0.002344352417480655,-0.013315419863480171,-0.009896113376544058,-0.013956610273187509,-0.0072555997665790795,-0.016750715001145222,-0.014103710379953505,-0.013316838455547209,-0.015469974501440165,-0.015211146594519831,-0.01200094566551213,-0.011045377347791985,0.00024620248904749786
2018-06-28,0.017729792738570005,-0.00025576218592349154,0.005978345467798185,0.01367141057876986,-0.008212592318935008,0.007917562266656075,0.007064818775242898,0.01892233970895929,0.011072494519413167,0.016480861697693694,0.016160274417835074,0.01397972039371198,0.017639576558657444,0.016986273321375256,0.0161766325712831,0.015193895113199796,0.00024620248904749786
2018-06-29,0.02588119438346248,0.005139791407589245,0.01100021055402256,0.017395487720584635,0.013680519415849357,0.013828831705833933,0.009519130370355455,0.015142022322992776,0.011268511309920015,0.011510963595077639,0.013269657009965297,0.013785916692746536,0.012815851417878221,0.013832443273234851,0.01419600807355903,0.013303965115264438,0.00024620248904749786
2018-07-02,-0.01787824141347638,0.002474311693591247,0.004021855468281377,-0.009590667668961106,0.010585852610026203,-0.0037328071112743277,-0.0008315196676765835,-0.013118080507378949,-0.005891202309247334,-0.0038546454038010936,-0.011571150825010257,-0.01008428996396793,-0.005260222765799072,-0.0057096685949141746,-0.009239398830978351,0.00044388419361762743,0.00024620248904749786
2018-07-03,0.016168629046017235,0.003151472568965419,0.019887718286963674,0.009999466182865957,0.018272641251771082,0.01209869430040178,0.012366327113697784,0.022719028555983733,0.011862339520218645,0.017104203286776976,0.01689463959499715,0.020039299564925894,0.01620206580084549,0.01518198979626506,0.011003195316016345,0.011155231489651474,0.00024620248904749786
2018-07-04,0.015959801581594935,0.011520937979533352,0.036281555470105475,0.004742015142662037,0.004955121518693817,0.01806128942339824,0.013227120799949033,0.010086834708170622,0.010256065908772927,0.012633544332990354,0.003083563891657537,0.0076646656237473465,0.011174799154593629,0.010702033002851774,0.005029636961024986,0.014245907188475515,0.00024620248904749786
2018-07-05,-0.011856622729200406,0.0038978181885185315,-0.007333400965341297,-0.009873732467406415,-0.008967795017606583,-0.00440860013404909,-0.004131164391951159,0.005946033544467877,-0.005554903819465551,0.0014195647226706853,0.004892405995453819,-0.0024862971864141326,-0.0010692937106615563,-0.0007641385638281761,-0.0012849800114219656,-0.0025193333216230185,0.00024620248904749786
2018-07-06,0.009139868285010344,-0.004502923339942511,0.004807770312088788,-0.0017484085697064833,0.007199555387668033,0.002881046519119801,0.006838182953637695,0.005155826584690937,-0.00017731887799621315,-0.0013373191680865482,0.0014130347320620018,0.0009486004317971197,0.0012962934476017374,0.001820343735110752,0.0028775132420593152,0.006132762603127118,0.00024620248904749786
2018-07-10,-0.014673627236672093,-0.014879495120506236,0.0030883339229261786,-0.005613137351998865,0.009444280847207942,-0.0071240420866868215,0.0019119940227112497,0.0058784281214183665,0.008369898912832463,0.002229307982858364,0.016930658164017842,0.0037913102458007053,0.006909366946682427,0.005987846266552133,0.010201396249862826,-0.0015693839827541911,0.00024620248904749786
2018-07-11,-0.023496714894055137,0.008437884434851606,-0.0035883752600507357,-0.009005780559770304,-0.005583208961073227,-0.0046323119082806175,-0.0071365762599227,-0.01082095020415541,-0.0015042651865345702,-0.004683217738425727,0.003937812584570377,0.0008877008277354825,-0.004048313681885629,-0.0041059658602123905,-0.0035277388821952638,-0.005651456201944849,0.00024620248904749786
2018-07-12,0.03783793824146242,-0.004742955584244646,0.026302914561322055,0.025286455506482453,0.025676833734293858,0.016368231222822605,0.015205721271471129,0.016571023945820773,0.010437289447596587,0.011202975511600322,0.005834503751073417,0.009533518198404645,0.012412095516961541,0.012405073804994338,0.007897431428509183,0.018953090985545096,0.00024620248904749786
2018-07-13,0.024572428083711406,-0.0006818559316816852,0.012833274105496617,0.020332153962860477,0.012289917247024995,0.012753815381799871,0.010133589827853617,0.009287812733027367,0.012276829812225332,0.005816974070278702,0.009244032072320829,0.00992099565025284,0.009854974535539407,0.010565922085975954,0.012054139152175347,0.009950690303708098,0.00024620248904749786
2018-07-16,0.004893063676884024,0.0051694407146751775,-0.004244620366196772,0.0064289183610952705,0.003303830922425144,0.0019402350148245429,0.0017915256529958956,-0.0012192168033702266,0.0031068578417490222,-0.0038305816021458883,0.00425099582263555,-0.00125937452297753,-0.0010495602905551404,-0.0006804111248712719,0.0028797516792620215,0.0013581219403788758,0.00024620248904749786
2018-07-17,0.01483488080772144,0.002341133329068601,0.014463205831524606,0.012685404295038172,0.0042431012113106625,0.010759787705205026,0.013252177551223987,0.01509488032372075,0.011875787283706085,0.009809385661663672,0.006532980662693033,0.012048670163932407,0.012120397068084321,0.013290418280431204,0.01331388249992882,0.018939763555512634,0.00024620248904749786
2018-07-18,-0.011603830293309358,-0.014413950366944372,-0.0041753601417300334,-0.01380789160292073,-0.0073729129301108864,-0.010076205660796367,-0.00610587403097218,-0.0017588803780224094,-0.007196732380326698,-0.006002948880480696,-0.008756277606811302,-0.0076142250827296865,-0.005970702243495607,-0.0056714727707295465,-0.007930308560459842,-0.009322152471387124,0.00024620248904749786
2018-07-19,0.007564060530657057,0.0023661150450802193,0.010200165441230702,0.010075571957306684,-0.0002254781088099067,0.007742771063627973,0.003612325209685352,0.00740722321886933,0.0031394413329537407,0.009630832687661961,0.0017087112788005676,0.004863586915754725,0.008129184295144976,0.007739759872255947,0.007128658336363891,0.0015168406027441517,0.00024620248904749786
2018-07-20,0.02482573624391482,-0.007783024802598293,0.02837542193235798,0.01586523440151244,0.00256742242658925,0.01446261582837316,0.013641058324960875,0.014977114491990351,0.006891434473109248,0.02707240005266809,0.016163612886259227,0.013288738335375028,0.01706099954892948,0.015706547224971334,0.007502401469629438,0.01469260537482664,0.00024620248904749786
2018-07-23,-0.010103282558973081,-0.0029585939382537063,0.0028142609096049043,-0.011629302935691532,-0.0046856337605925,-0.004746870679003035,-0.005781456247022088,-0.018021203586780388,-0.012496443545654268,-0.008186011451390862,-0.005959254045048823,-0.01610791913223608,-0.011361670671030444,-0.01065635213275995,-0.008831450821554676,-0.006716294836294323,0.00024620248904749786
2018-07-24,0.013918607846858277,0.013644383855909492,0.001509721953823373,0.014324761521044005,0.005244208481514301,0.009341923834363275,0.010516272425252104,0.006773795762065937,0.008287953214531463,0.01840384114277316,0.006262495006746027,0.009727000420710397,0.010745079496634613,0.010498413176443844,0.008358961396413456,0.014056033224312259,0.00024620248904749786
2018-07-25,0.004730298744038297,0.009002337563412066,0.005111714269547818,0.007067603345539686,-0.0021086407629309356,0.0062036244060992285,0.005364265829851167,0.007006197110880574,0.010852066845949304,0.011150896834941193,0.00614132000722134,0.01420757375265036,0.009484797729256256,0.009296581846780283,0.00593611280355133,0.013515643253247278,0.00024620248904749786
2018-07-26,-0.0037102402923691047,0.0016024139603714183,-0.018193315837768287,-0.00985329050446171,-0.009515112952749538,-0.007602059085261126,-0.011305130011031617,-0.014873253100887163,-0.019735054899784,-0.025646786606880023,-0.014351789326913278,-0.01929930998869067,-0.01808777542087614,-0.018695442227901538,-0.017997438826013235,-0.010368823222969392,0.00024620248904749786
2018-07-27,-0.006359099266668333,0.006655090902201843,0.0006842197063312572,-0.005190826273877458,9.78360310375237e-05,-0.0006733227773690897,-0.000965481230672971,-0.008231195626927312,-0.0013865434844577695,0.003840391013374189,-0.0007561252489433068,-0.0026771153433388095,-0.002015405832192285,-0.0016755748861684294,-0.0018714975504883213,0.0049409821191657155,0.00024620248904749786
2018-07-30,-0.003994331893983127,0.0007694994027362956,-0.0004495035817880799,0.001436472326337146,0.009032933599547821,-0.0003124602621147332,0.0018550403793125003,-0.0007356713133406245,0.0012135291676351745,9.877892489895679e-05,0.0050662510881158695,0.0032800125363494637,0.002169259275599744,0.0022106725955863826,0.002775433529073279,0.004593634738963459,0.00024620248904749786
2018-07-31,-0.00856500991938558,-0.003743857525788763,-0.018997051187029323,-0.008051822513327256,-0.018768930338256773,-0.011299085795903108,-0.0090289322441921,-0.006362999596837171,-0.01924875712183427,-0.0042563548617058355,-0.010779346837469728,-0.010776941281072094,-0.010237369798133056,-0.009095996707603304,-0.013430286810923064,-0.012552400078002068,0.00024620248904749786
2018-08-01,0.004814028102438472,-0.003795164190825595,0.010479217904975524,0.008690107438774408,-0.0008096039600913318,0.0055046856458709215,0.005825978440759716,0.0071928676162340555,0.011030585014910832,0.010985898689186424,0.0030050751353112304,0.00979892047663089,0.008271218722980755,0.007536407733607531,0.004222421306987467,0.001412440639774859,0.00024620248904749786
2018-08-02,0.013223944846900704,0.00473028455836344,0.003750953761266107,0.0011987821314416447,0.002156430238223539,0.005325109285762686,0.003237918690345065,0.006909338261745779,-0.0016364308480807388,0.0015533776307798952,-0.0019000554921257962,0.00032317914121127167,0.002065751083815792,0.001288142258550895,-0.0024488722392430606,0.003981470026592326,0.00024620248904749786
2018-08-03,0.022969375785358848,0.0010921883143013567,0.008415436021435019,0.015215584142630911,0.014229694834533957,0.012281456486614939,0.014038239193995272,0.02387543999336028,0.00680471857802023,0.021377748415098985,0.02758720667472181,0.01802742716597483,0.02195848412541257,0.02104113248698214,0.01634689042096449,0.02179202898771737,0.00024620248904749786
2018-08-06,0.002549718848201099,-0.0017183414138643993,-0.00645215976012159,-0.0016003250423113347,0.0032752366596084936,-0.001907083934475473,-0.0013799286319050585,0.0035420563363837143,-0.003960117173688715,0.001048337233595209,-0.006354117658594172,-0.0022491180198809246,-0.0014715200926470606,-0.0015736217415857068,-0.0032427353962972694,-0.004598101894941031,0.00024620248904749786
2018-08-07,0.0032166910116577796,-0.00875454583488322,-0.013882613884338202,0.0025423327924560812,-0.01750950668129103,-0.006343399119396742,-0.008383323344989368,-0.009723810066508465,-0.010895006826343812,-0.009428464089936917,-0.012349370329260534,-0.014723135608124549,-0.01027375848441614,-0.009984660509105514,-0.010677808727948102,-0.008133928533943569,0.00024620248904749786
2018-08-08,-0.019526279579655803,0.001985732451281752,-0.00506288292600221,-0.01817593103256443,-0.010764218633136369,-0.009222725400576115,-0.008730059204856033,-0.012659315569804153,-0.005866465792923381,-0.008661458692738266,-0.007411565522597474,-0.007641166783849518,-0.01143647591126884,-0.011290179555010327,-0.007771283932710538,-0.014438179317017075,0.00024620248904749786
2018-08-09,-0.012146445541810102,0.0019102390320193674,-0.01541919916677792,0.006949449851194611,-0.008199455940582023,-0.007809714432040593,-0.007557516621093496,-0.01058978589656756,0.0026788604632950186,-0.006700287321949827,0.005506544921525691,-0.0011276953865260175,-0.004145797579904853,-0.004315554629172436,0.0001863091441960396,-0.004749685179589513,0.00024620248904749786
2018-08-10,-0.037867989647280664,-0.005260500616744879,-0.028425544693498894,-0.023883043904578516,-0.020591867193888724,-0.02226656889271661,-0.024895986116360125,-0.041559975909401414,-0.027125333868815993,-0.03229080289648456,-0.023760426534975787,-0.028838243723133594,-0.03427838005631367,-0.03532135218534016,-0.03010123299350176,-0.028359787837914374,0.00024620248904749786
2018-08-13,0.00822105946665097,0.012668796412869554,0.010434194120296114,0.010238593499144688,0.007673384592614019,0.010978564514517508,0.010027910704122345,0.020391458884829294,0.007536168743867755,0.010140765261493323,0.00747268414409219,0.006769319217885261,0.011650397302332305,0.011364477980128074,0.011190929068715105,0.01217807673371607,0.00024620248904749786
2018-08-14,0.028535921813224396,0.007933645324347482,0.008794251936899533,0.01569752776123523,0.022727071740476834,0.015181713780603179,0.018015233821153886,0.015714180643056075,0.020267667566972403,0.011237120569937309,0.0150289081912518,0.012151576278042864,0.01985312863844957,0.01996801170544593,0.018686195372281222,0.01502212842163142,0.00024620248904749786
2018-08-15,-0.028226501757703804,-0.01206388967404326,-0.013109912360321552,-0.004759207737611737,0.009683278220018687,-0.014545730238858856,-0.014015485163934471,-0.024150502579494137,-0.0066652296013197665,-0.012546623489817499,-0.019754622958317647,-0.015666734390827552,-0.013698984492031774,-0.013556029987971896,-0.011860839509360122,-0.01861346053138624,0.00024620248904749786
2018-08-16,0.0013207939374495492,-0.006422126087295421,0.01036428122378985,-0.00595165106095441,-0.004608497957327096,0.0015010302303504197,0.00045097895841372804,-0.0010529922645265977,-0.0016710757475671967,0.012920554409012075,0.0014809970557310148,-1.87430972127256e-05,0.003568734055272582,0.0030571470780402787,0.0005733091914528199,-0.002929514822508028,0.00024620248904749786
2018-08-17,-0.009157081957560154,-0.0011548050575785895,-0.001301977657096276,-0.014639117698623472,-0.001423768412609716,-0.006386096900983795,-0.0063114885726613945,-0.015378428093438812,-0.008512823010754067,-0.008786551811927445,-0.01574063267471093,-0.014180728234105322,-0.01227218486520687,-0.012099946477873047,-0.013243832297979097,-0.010147896943892287,0.00024620248904749786
2018-08-20,0.012029441237715544,0.0066084664751131506,0.016252433007705624,0.00984932394679161,0.010624061291531373,0.009659743551347022,0.005730998803901599,0.00711343884792992,0.0008261857936102679,-0.005993990717096054,-5.2818171932478286e-05,0.008093441199469753,-0.0005165128814562658,0.00017703123562062828,0.0028408777687531916,0.0038079335082845667,0.00024620248904749786
2018-08-21,-0.03779835510007079,-0.00165439013980051,-0.026183255531386895,-0.023677983118900237,-0.01656938833432453,-0.02039462530637881,-0.01804443986088644,-0.02034500779253301,-0.006723050167716571,-0.022210729294505183,-0.01308541131233365,-0.011569939308737176,-0.019517249742341036,-0.0197215378715222,-0.013662083321117513,-0.015309241534201545,0.00024620248904749786
2018-08-22,0.01946557965763529,0.012361460030119176,0.017241853215054226,0.011989283042050491,0.014562067163390369,0.01568540394567952,0.016817016615140012,0.026778007621263367,0.013374675325055208,0.017849768139228228,0.023930774408782884,0.0192102929092417,0.02117184722051224,0.020937477442551256,0.018194721041524087,0.021564459392035884,0.00024620248904749786
2018-08-23,-0.02256733583050896,0.0030210840218438673,-0.02005003815553097,-0.021757045910631434,-0.015340750149346882,-0.015133507404801683,-0.01605603843144432,-0.01859648255382751,-0.012904928891603329,-0.0223922555368552,-0.014177335456212803,-0.01687298134619808,-0.018980995347330554,-0.017035809003938973,-0.009210300648443082,-0.016859806899756746,0.00024620248904749786
2018-08-24,0.0034792254614277596,0.008506518072996405,0.0005272198791350657,0.005385145587724072,0.007779067564310793,0.003493752981799547,0.0031220493541526118,-0.0017060234570664967,0.00022073690676882585,-0.0033845991713740142,0.00897683610835176,0.004151605616275367,0.0012007588313414086,0.002530298732343228,0.004743717704600581,0.007739707925734418,0.00024620248904749786
2018-08-27,0.02091878226771615,-9.306701169631282e-05,0.02361444092189169,0.018301647661985276,0.02051286803045338,0.016454765106387992,0.01797549948595334,0.022950204892280057,0.012525231025111605,0.019942666599935377,0.01876717086010049,0.015953800582776623,0.020088181702696772,0.020174265888564413,0.01769029160022728,0.021777639409936933,0.00024620248904749786
2018-08-28,-0.007992999144743274,0.002101136380142421,-0.008099991597215417,-0.007052321291320496,-0.011723073268831596,-0.004281574985958714,-0.004721032989122076,-0.008729110330261913,-0.002993890720805803,-0.00481851289362667,-0.006634159199665479,-0.009288858031110347,-0.006560781083275624,-0.0058709229210544,-0.00318048056593101,-0.005398384227112696,0.00024620248904749786
2018-08-29,0.009922472842717855,-0.005146942644637886,0.009635616650114587,0.010551578196757339,0.007082743452417661,0.0050203616046202715,0.005562587523734841,0.00812426230322627,0.01270222885400396,0.013290301262068427,0.006934532922420633,0.01178517461427453,0.01016409530546114,0.009009239975580341,0.00582479367511235,0.011743365509586212,0.00024620248904749786
2018-08-30,-0.02653576480238029,-0.014840973131105994,-0.0214890289171068,-0.025680285670537373,-0.00660773250954827,-0.021485065963051886,-0.017607247932654113,-0.017629790939705403,-0.014513283366996865,-0.02158133641903104,-0.01854337223561009,-0.021827635161938863,-0.018991838375157166,-0.018596978157713773,-0.016449920965656006,-0.024849867835347816,0.00024620248904749786
2018-08-31,0.011778108832793066,-0.0047568240512968485,0.0005742447911716297,0.011939854343400391,0.002522934581373759,0.003788409769570622,0.0021495921036192023,0.013127021285457285,0.010930705726113654,0.012703120152781633,0.006185248435309321,0.010808595735306348,0.011051550262453302,0.01011526508809113,0.0036233339786180263,0.004012744420343273,0.00024620248904749786
2018-09-03,-0.014314572292677075,0.014618333392261151,-0.005783912082049314,-0.012322077942902965,-0.013515592144857425,-0.0019407278269089057,-0.0035915412891537324,-0.009340748780603092,-0.002197845924394315,-0.008336294939908728,-0.0033984248222386215,-0.00682198791434363,-0.005739217953785292,-0.004733183159685961,-0.006398008537956801,-0.00596150613734725,0.00024620248904749786
2018-09-04,-0.03754460625504896,-0.0014968733256233158,-0.015927247023290847,-0.02579407713730164,-7.801658557837765e-05,-0.017005542921645245,-0.013815623591004411,-0.011324082268098667,-0.008396080759929148,-0.01176750484484379,-0.005734413526890303,-0.006092948726774683,-0.012951021220616199,-0.013622919594429628,-0.011805212167829593,-0.019131488140502584,0.00024620248904749786
2018-09-05,0.010788632787785302,0.020646346045579245,0.0007469467475356151,0.010702871999421992,-0.002259621907113374,0.011026882809254568,0.004712555795416407,-0.008207930981114164,0.0019953883505123837,-0.00842335958885354,-0.00496726317409546,-0.006733611656942973,0.0005781382981620009,0.000638723730681301,0.000770964298422383,0.005474986932624271,0.00024620248904749786
2018-09-06,0.01752715355252632,0.00932953358504629,0.01082577815056851,0.018623281035099692,0.013898996171374467,0.013007373181478377,0.009647657185611003,0.023990354338966124,0.014492951539293086,0.016731825060445127,0.02233130471630096,0.021139720825138264,0.018568739855935323,0.017723777079835523,0.015703703703703775,0.016944489828075282,0.00024620248904749786
2018-09-10,-0.004393120266264816,-0.00876806222795945,-0.0017590853922127003,-0.0035194491482993806,-0.00218039467432829,-0.0038991305145776867,-0.001640210726952862,-0.004106215631973442,0.006914389450874303,0.0017819217142232002,-0.006819218953182271,-0.00014710356892100318,-0.0006196848329748095,-0.0009181968834481857,-0.003427654609101549,0.0008728280900147656,0.00024620248904749786
2018-09-11,-0.027979617929737355,-0.012185532849597891,-0.034372894979411095,-0.024714176393568543,-0.015874918697512008,-0.023741657091043034,-0.018717802259107463,-0.023416702980279314,-0.01886211826897466,-0.025677145002363178,-0.016065606223789386,-0.019357078275396344,-0.02271777457421198,-0.021773280325775635,-0.017453347969264454,-0.02282601075221402,0.00024620248904749786
2018-09-12,-0.005993424900693545,-0.0011172334670564998,0.0036611835963711314,-0.0017461776250676797,0.0031859671528302602,-0.0017379006654000273,-0.002960020287628984,-0.0003434816890938164,0.001683316173903604,0.0005871856858230551,0.0019006831951766667,-0.0002462118079576969,0.0007617146909828509,4.5765283677612345e-05,3.3515808289363846e-05,0.005422151609228543,0.00024620248904749786
2018-09-13,-0.01726287173198182,-0.0003928339070906617,-0.01681698339998372,-0.010185874726527988,-0.002786971350249523,-0.010060693760176376,-0.01071506487595042,-0.012827703213828534,-0.0004879605592894576,-0.01635447417280078,-0.00539659781313051,-0.006373885907520527,-0.00784559343902913,-0.008551387676115296,-0.010687460666793158,-0.006185928514069516,0.00024620248904749786
2018-09-14,0.0052422024354450425,-4.8439214284656806e-05,-0.005550792964180928,0.009042067604033477,-0.009622582401191848,0.0021865035944328426,0.0025558955424249685,0.0010490447042956763,0.0033471064122501115,0.004729656361363466,0.0025268512735745485,0.0041350755727842525,0.0034140281790815408,0.0034020542582671176,0.005661179889260737,0.009088100183535897,0.00024620248904749786
2018-09-17,0.03397160325205295,0.004507467649005559,0.01898870223008653,0.019513436375753646,-0.0008261283568790079,0.016848767540174947,0.010980722417564426,0.01397157209591482,0.011561047667890456,0.009182335876005698,0.012322825180931307,0.011990934273007126,0.014111405927369258,0.013109568425865525,0.015585407208063673,0.017535335817038922,0.00024620248904749786
2018-09-18,0.037971283157159474,-0.006789092452496703,0.021167753213090723,0.018699122451688366,0.0034125106457252308,0.014424370092127381,0.012428109094352102,0.02217227545044853,-0.0016432093958002048,0.029293528636413546,0.010835277221939776,0.011750797377238609,0.015517134389148701,0.015602510036939243,0.007411447756848544,0.018652946471938714,0.00024620248904749786
2018-09-19,0.0015946540912947782,-0.010888494195850584,-0.0055987795761215375,-0.014078271232855433,0.0031491805476775436,-0.006949025507564044,-0.004356610347858059,-0.008591002409207849,-0.01060195639243966,-0.006836945383621562,-0.015049979926132107,-0.010868205410747844,-0.010053350495663027,-0.010352104052523736,-0.01482725317178113,-0.0015662013621789983,0.00024620248904749786
2018-09-20,-0.003964931959160145,0.0026079625620663016,0.0012969097411146269,-0.005436143871717425,-0.0010443972464549978,0.0003507018347810309,-0.00427918111153236,-0.0017001795966482547,-0.0029956898818731537,-0.004198963706248837,-0.008012544358137696,-0.0010248552537226452,-0.002453312338782987,-0.00351596644069907,-0.00533986891698679,-0.0008866870013551909,0.00024620248904749786
2018-09-21,0.03479862542259515,-0.00021839077378371652,0.018692579744247872,0.026208133441528725,0.007863600704746343,0.017077835620558313,0.014519394284083775,0.018291440032970785,0.008471934941862713,0.020616928796802103,0.009119669381139506,0.010675443776078763,0.015608148068231742,0.016177408011733396,0.015146141411275238,0.01665305873333489,0.00024620248904749786
2018-09-24,-0.025149842310262627,-0.008771377569742222,-0.027483887731298173,-0.016706159130131293,-0.01695461059549641,-0.01974265825568655,-0.016872387419373025,-0.02541132159005277,-0.012517577085726761,-0.027298267954781408,-0.02122359756803338,-0.020038910638220386,-0.02230770860586473,-0.021989414723554312,-0.017483469038004684,-0.018128601055916627,0.00024620248904749786
2018-09-25,0.011627486393459563,0.0024454045566872917,0.0019474843826814414,0.000608515572793733,0.0028994804577455735,0.0046414408751662695,0.0036112707657367515,-0.0017458234781574378,0.00046024105177933095,-0.0022414113856253914,0.004824538942044709,-0.0011329004604160309,0.0017161525545477119,0.0015559453609450546,0.002234615960473141,0.007585659587715954,0.00024620248904749786
2018-09-26,6.722342020148986e-06,0.00664384820278352,-0.01213656706298405,0.0001861778286731397,-0.0016863146068721857,-0.0009159038691931576,0.0004309170510554683,0.010398856302828996,0.006867610856550632,0.008417261757229122,-0.0016310097374763188,0.009785230566270009,0.0030666517300925733,0.0035405659215825835,0.001374380501723449,0.0008532584348281969,0.00024620248904749786
2018-09-27,0.011156123573596632,0.002659652354152886,0.011054868812872876,0.018941182189607497,0.018204974286927467,0.010190891857724482,0.011951335375563366,0.01792832642268327,0.014884801603785913,0.018230563085338103,0.014702088603703034,0.021202280991708067,0.01473353599397198,0.014669148618684291,0.014381351981352042,0.016602701063219927,0.00024620248904749786
2018-09-28,-0.007361017068472919,-3.2717014788685717e-05,-0.005201992074145734,-0.009411842594309827,0.003365491710446422,-0.005298811420026417,-0.004328785553726844,-0.010690966994135631,-0.010501999737896672,-0.011083350588032781,-0.010255496769479233,-0.013049934012385078,-0.010147865780935739,-0.00960195604184011,-0.009408745463837631,-0.007690180042046024,0.00024620248904749786
2018-10-01,-0.006985216753844781,-0.003261571084554382,-0.028005206678464956,-0.005950248689878146,-0.011424478713788044,-0.010911885087095174,-0.014851719946250785,-0.011728379453141202,-0.007740190012952786,-0.017294070796673666,-0.010562282135591183,-0.00813424132300311,-0.0130219824554072,-0.013349059425598386,-0.010841727847020532,-0.009473415010643471,0.00024620248904749786
2018-10-02,0.04963781469140871,0.007388332462560987,0.042937902770876724,0.04448159956320885,0.02122985869538274,0.03381670695886596,0.032093509669387066,0.03666138229596383,0.025197080865678068,0.05381008402913379,0.030184544844956473,0.029960733900958214,0.0409337921704398,0.039408362977123135,0.034468913812706115,0.03732084878114028,0.00024620248904749786
2018-10-03,0.030336252529857388,0.00239206880145848,0.020132456775415752,0.030630065671020112,0.009191313277810753,0.019060413884885108,0.019221984005750814,0.028317262535665577,0.020863796820711267,0.04697166358542759,0.01757657106245314,0.029888723320840027,0.030726283151786493,0.02911150174735866,0.018129255278631184,0.02014004471188402,0.00024620248904749786
2018-10-04,-0.0010090441202699196,-0.008632545146459725,0.025005737412224782,-0.0009787222296183673,0.009441046653390517,0.0038613686634310085,0.0021709557120785927,-0.009941272838192572,0.0012824393468646722,0.011873813121595411,-8.20243577148716e-05,-0.0016787937321048885,0.0021468561770563444,0.0015665295824520697,-0.0042574416160463535,-0.0032513503899045393,0.00024620248904749786
2018-10-05,0.006504961510894969,-0.003946378604802958,0.0030650218711041344,7.478453328335632e-05,-0.008413149886403515,0.0008536108578061086,-0.0031060098193765873,-0.007133190979426551,-0.00590788848572088,0.0008962460322969878,-0.009232760148387142,-0.010523638728194729,-0.001975258340419339,-0.0029244748492649464,-0.005241690221474915,-0.00715757825143426,0.00024620248904749786
2018-10-08,0.04967769506483055,0.0067618448795914166,0.07407320662784644,0.04340996638796013,0.028394523330891985,0.04143267016062646,0.03682152832566765,0.058517033561374276,0.023004020893236055,0.08386567867124706,0.052509090154625904,0.04754328393202778,0.05752237793022852,0.05490928458782718,0.04401043071666222,0.045090844162965826,0.00024620248904749786
2018-10-09,-0.0008155149536817063,-0.005603124738101095,0.009765076578809984,0.003659472707679745,-0.000730254505104666,0.0013515025395802738,9.863057255365959e-05,-0.009831154906080886,-0.012893829908404597,0.001495147963285648,-0.0006556941616711054,-0.001307283525834202,-0.005621648304469984,-0.005795440098998239,-0.01157578868673359,-0.00035923370641777197,0.00024620248904749786
2018-10-10,-0.04239030095516694,-0.009430520580219093,-0.04353968166319078,-0.025922719605544375,-0.02155686666954082,-0.029524132150624327,-0.02582681344804494,-0.024348546442638286,-0.014543754988881163,-0.034468312903788045,-0.01984571579817762,-0.02012734458092602,-0.026150219850095247,-0.025667880342369886,-0.019128549569363718,-0.027658768325027006,0.00024620248904749786
2018-10-11,0.004425536008422215,-0.007299676466312022,-0.001590261842132401,-0.0013100199952680303,-0.011155783673003294,-0.00269178162483652,-0.005690795567585449,-0.003693432859640633,-0.0053008786047837875,-0.0002656548547431692,-0.008160417957330468,-0.008309989270845253,-0.003214872153850079,-0.0036574192775544745,-0.0059094640261821985,-0.008459132912685408,0.00024620248904749786
2018-10-15,-0.00427756178358718,-0.0018408456582359456,0.019721602949603012,-0.00047307031608689876,0.0006227689520352797,0.0027481035348002614,0.0015245658635569814,-0.004725835287230695,0.004748146382357321,0.011172705887705359,-0.005177383418458303,-0.00034882045385586924,0.003410977866235232,0.004349756467178834,0.0003038427167112445,0.004989407780775945,0.00024620248904749786
2018-10-16,0.04347327397793466,0.00889989809542402,0.02096210873044102,0.03811964033969484,0.025192895707941476,0.02511188063845271,0.023678446751647764,0.03413797531398011,0.02074900308453631,0.02928158213270904,0.02969665155326573,0.028934460470200207,0.028388526940668957,0.027910473366887567,0.02542212375149644,0.027823286951940585,0.00024620248904749786
2018-10-17,0.01960088917075775,0.0056314019056062925,-0.0034807163425220056,0.0035093940166772697,-0.0029053211735727835,0.006392892784732096,0.006430251130718823,0.009971115141848452,0.0005469185877089444,-0.005421464213873017,-9.742833671877449e-05,-0.0028231760797651217,0.0028619545335342167,0.002943426260662463,0.0008363855598032544,0.0008660343214401678,0.00024620248904749786
2018-10-18,-0.005469737857028978,-0.004892895777342976,-0.017439676067444343,-0.012815166633818875,-0.007247055930681534,-0.010122660612871592,-0.007819573070479424,-0.010117929306203255,-0.009782364394526288,-0.01639436619466672,-0.00475056237739635,-0.012053488088153652,-0.01044051424610637,-0.009628781921100615,-0.007197350873466624,-0.02045910634346415,0.00024620248904749786
2018-10-19,0.007715716085673119,0.005340313824937715,0.031509171921320744,0.012184786811459736,0.006414960241338141,0.0126202139015541,0.012342225437973253,-0.0009926078977484654,0.0008979567570834845,0.005568721182395153,0.010944966604195416,0.0007151761886565744,0.005521277765208721,0.004806075624918638,0.003987766640245249,0.005189436456646046,0.00024620248904749786
2018-10-22,0.019234840432155842,0.0038343682099575283,0.022354043374160915,0.007183528459495214,0.0073373610419216195,0.012594862981922361,0.01414580384167441,0.02044940991583144,0.006625946165368601,0.01618546191792447,0.009865231381246176,0.012190344542643894,0.012214342307210302,0.011432855789087704,0.007224227011203066,0.015765298870336286,0.00024620248904749786
2018-10-23,-0.003385534194776607,0.0018214668534126677,0.0031794383271397386,0.001551866582106154,-0.0016314773708674402,0.0014959362036011115,0.0018598218906384911,0.007905928424478015,0.0017084307546251232,0.009084809969477359,0.004028952175639144,0.005856082162799536,0.005917793051962272,0.0054630477567245705,0.004210497109184974,-0.0030510434545906184,0.00024620248904749786
2018-10-24,-0.025244535917210653,-0.005841970345112912,-0.019536530790649764,-0.018360560595908404,-0.01568276014367498,-0.016744598158816237,-0.015027075813992652,-0.013005612070600248,-0.014853900812590859,-0.014078494475215142,-0.01718313402426208,-0.01580245764293975,-0.01753870220066145,-0.01646759269713649,-0.016090985387216206,-0.025233834845919012,0.00024620248904749786
2018-10-25,0.015504581086856595,0.0033214680572948296,0.020021467756444977,0.012968548403918811,0.01873761149768427,0.013896219374140317,0.011440435951206585,0.01092563073458619,0.0023299599323003406,0.022877704906500762,0.01035087483984487,0.01395192866943118,0.014722887075284463,0.014735500067668994,0.012124318138738044,0.012027120533204094,0.00024620248904749786
2018-10-26,0.0034097408199282864,-0.005433772501228895,0.02890493408362138,0.007994021749526015,0.011101342236214062,0.008855709514669297,0.007955808522353225,-0.0073643684099009565,0.0039687458087991345,0.021608634925214698,0.006984676261755363,0.007416160790577386,0.010231418303260575,0.009078822169241496,0.003610371233560894,0.01853006300983373,0.00024620248904749786
2018-10-29,-0.02609488265471438,-0.01368303880913968,-0.023064730018885427,-0.014497532908057664,-0.016703238080123528,-0.021419955113533562,-0.018686659761324886,-0.018138680162534504,-0.010378201009007326,-0.017835197187604512,-0.013150510704992402,-0.016807080284752973,-0.017568239663645624,-0.017383542550866715,-0.015021926414331421,-0.02157118326126506,0.00024620248904749786
2018-10-30,0.03696405016216908,0.025723110407214866,0.0326594645071101,0.0324245280289186,0.03478650869351907,0.03259755996142566,0.027631126112700022,0.057167106694637315,0.03189814997508411,0.030675416364794872,0.036301301472112524,0.04632795664958733,0.034611604883616476,0.033925728322725224,0.038606462477633885,0.03660162632705988,0.00024620248904749786
2018-10-31,0.000857476991498185,0.013397623653334412,-0.0008554289190420006,-0.004353796558428713,-0.0009443563921229803,0.0027273598140498123,0.0055493585204347,-0.0036186877602216727,0.0010406197045600418,-0.007674434149809173,0.008992908441807224,-0.0037725685440982426,-0.002268048591636318,-0.0007564062451728137,0.004523129100035828,0.006038861604043433,0.00024620248904749786
2018-11-01,-0.0012865807687033604,0.008724989444198306,0.008889476827428355,0.015084218682028139,0.020815402719720044,0.008302852314586273,0.012557183033165664,0.0038580601860929153,0.015472229818051186,0.012054747472956207,0.013629798993680664,0.02113932932671636,0.008790477705495459,0.007678844567547749,0.009244282433173101,0.011678087783940194,0.00024620248904749786
2018-11-05,0.015064365626989762,0.012104869511155636,0.017382266293637372,0.011808480645622232,0.015692004136577342,0.014880807231760995,0.014030705522592557,0.006100748404386236,0.016581035211298722,0.0034735994561685413,0.006805809290565179,0.0074660999261977334,0.010804607688469137,0.010346756463027296,0.011698575912462372,0.013080760168038275,0.00024620248904749786
2018-11-06,-0.016063985674190095,-0.004424497105551928,-0.005684275973972697,-0.0185766622033684,0.0005040327757550589,-0.007522721899555829,-0.007249895378825144,0.007854009534612905,0.00036634203882957017,0.0012701208304175537,-0.0005740633233048964,0.0037539111311506446,-0.00031168812929638356,-0.0015075265099984136,-0.006665942107741851,-0.010173853456733939,0.00024620248904749786
2018-11-07,-0.02345288655470812,-0.003968362443804274,-0.011153213109855842,-0.014595216343975759,-0.011806576180747319,-0.01238136141070223,-0.01118399940692838,-0.016304135981644263,-0.006055503871990164,-0.010392044241899656,-0.011098835491037073,-0.011145580440838798,-0.009957185131196367,-0.01012002648944832,-0.009847186257704643,-0.010446501577158429,0.00024620248904749786
2018-11-08,-0.018525872969011314,-0.016467628923309663,-0.024836099752518104,-0.020065873540691226,-0.009336491330294683,-0.020112516443898,-0.020720146590330946,-0.01018093036147838,-0.017675181706904852,-0.005074099143993704,-0.01013519998484802,-0.003336135388105177,-0.015031819501425958,-0.014961724229198947,-0.021842425135364163,-0.023345423019607292,0.00024620248904749786
2018-11-09,0.006238928713040659,-0.0029413570656681154,0.01822533326708564,0.003204469803976373,-0.004857828831819622,0.006322589036606763,0.00419150252474032,0.016546521659334568,0.003924569911999187,0.012319937935183045,0.0038993538459961563,0.007636523109259219,0.01209004272520331,0.011041096803538597,0.0054122334962822816,0.0007123566258371294,0.00024620248904749786
2018-11-12,0.02266668828072138,-0.0008942143167079974,-0.006072948581994808,0.008425112778187582,0.003539146709665486,0.0052453961461638166,-0.00042805939995116393,0.001923036541265466,-0.001172121510633728,0.0028527168270437997,-0.008302611259509374,-0.004376652586936536,0.0009827449644126407,0.0006063150443795795,-0.0034968011249689734,-0.0008100649580391472,0.00024620248904749786
2018-11-13,0.004629951381712294,0.013719228500751246,-0.011669813808052765,-0.0006417456196079474,-0.009819848731825731,0.002225337750600076,-0.0032912901233793646,-0.006496501700345103,-0.0010126136951427167,-0.004136750066207395,-0.0035545127849236913,0.0018640731633328134,-0.004999032188321095,-0.004120241280646586,-0.0019954214644478663,-0.0061951374827629024,0.00024620248904749786
2018-11-14,0.011769589055175667,0.028361076474830993,-0.0049194264880534355,0.011397479308446146,0.0054877000716497815,0.012548679453161071,0.011210457943481522,0.017205217450015686,0.0054868759776816045,0.0007741204150943926,0.005912157983867905,0.008077076043009779,0.008201496299141908,0.00763997152625473,0.008240723622494617,0.011981240013020367,0.00024620248904749786
2018-11-16,0.032447212395450675,0.017705837678132053,0.03660247149267648,0.029090120113589135,0.021744486933076956,0.028305783346909585,0.024734889717253017,0.018765781393862424,0.01766634800612432,0.025088473064247774,0.03146797152325176,0.022917780004086286,0.02535144629737518,0.024205695119899007,0.02402773580356765,0.028871785107504877,0.00024620248904749786
2018-11-19,-0.01049861485413739,-0.01085163597593708,-0.012366962620365296,-0.004066578596968795,-0.010581146105017702,-0.009265535652332901,-0.008865751587595838,-0.005498683024472872,-0.005374631230744553,-0.0046044141646350845,-0.007451848611870093,-0.004314613584662341,-0.0029119789746412383,-0.003732026755086326,-0.00720564779536359,-0.006728432019101782,0.00024620248904749786
2018-11-21,-0.005485280276859461,-0.006149665820929018,0.009783164194649085,-0.007799894201050428,-0.013900728415329189,-0.0012515061596763966,-0.0022246196728187284,-0.0023959117143378394,-0.010662700444232565,-0.0005508818940731519,-9.439988184278825e-05,-0.008502650277542712,-0.0034206103968948964,-0.002860302514243518,-0.0015497869043006318,-0.006638409008788981,0.00024620248904749786
2018-11-22,0.011132994860454604,0.008323829652922443,0.004281040316553852,0.00909711377073985,0.0030379806605940196,0.006986391816432791,0.006762429358261324,0.006779272898240318,-0.0034087980711434707,0.015674769553889245,0.0034486402324469534,-0.0013351309064262296,0.009088017293221062,0.009072155778525826,0.004161481540952527,0.0029504524313763714,0.00024620248904749786
2018-11-23,-0.00307786935247234,-0.006921506711599523,-0.013232755857030098,0.002905039793106079,-0.012469845568548577,-0.005336040594345559,-0.008815269241945645,-4.094440015789402e-05,-0.006482125735501221,-0.0029129191069527938,-0.0011357443528225986,-0.006551029045617773,0.00031965772949793525,-0.0005317265214997979,-5.996482063863606e-05,-0.01332816203928966,0.00024620248904749786
2018-11-26,-0.007698972267757398,0.0020342855336399346,-0.005870500801512635,-0.010831947292966881,-0.006410003780060292,-0.005109500355688468,-0.005408704271879228,-0.007397726141077587,-0.006540820311325413,-0.009818251726357197,-0.015517874208350935,-0.00836336082815936,-0.009322036115052001,-0.008950151165370124,-0.0102079571425715,-0.007934340590941558,0.00024620248904749786
2018-11-27,0.03172534885345857,0.012338444895625189,0.022752460216764803,0.03972286599135355,0.024699557723657284,0.023638184168794263,0.018417997984248702,0.02092057947215764,0.022317579123758202,0.016903039666275932,0.032285989995498365,0.03620134874227099,0.02004810022823067,0.020175456361921862,0.02258544433748244,0.02652621321412907,0.00024620248904749786
2018-11-28,0.0180100571818691,0.00536609704830604,0.01121594055588182,0.013989720278452467,0.021240842423169815,0.012506254469072609,0.013923194535007788,0.013157073568818456,0.018400053618105705,0.009973888050500035,0.012426383401446639,0.01705341834779439,0.014091552244753114,0.01483022590194194,0.014071572461192172,0.015487549171192772,0.00024620248904749786
2018-11-29,0.001625199774588637,0.01851199822431515,0.012386970929913588,-0.0010508665197817013,-0.0016956596160292436,0.00914007994732624,0.006000970779921788,0.0010942502161235268,0.009257864410149974,0.0022480600102123827,0.013254774339376718,0.0022683295488659105,0.009202022194020776,0.009147407003139651,0.010435635015694,0.004852429006995118,0.00024620248904749786
2018-11-30,-0.005582971278359383,0.0017427088353956233,0.0006915425548004173,-0.011735963522019999,-0.010002811771277154,-0.0034547835009712813,-0.00522721545969107,-0.00685879940701295,-0.008003670886913117,-0.0043730321002132255,-0.009051473241373675,-0.011227914403971861,-0.006489805114732183,-0.006831537621524775,-0.0049856405841423035,-0.0025844764135162235,0.00024620248904749786
2018-12-03,0.003897201131997985,0.00880200105718787,0.011523228529580543,-0.006931555503283837,-0.006784687279906443,0.00540574102861302,0.006322178510278276,0.0012115004002017926,0.001002079485170393,-0.004803614197005368,-0.0072369149597729665,-0.0073721664582184765,-0.00023569338280726715,-0.0003362325744483696,0.0009459485636431619,0.0036731956802418253,0.00024620248904749786
2018-12-04,-0.014008602895468347,-0.011750572545967009,-0.009759952329480015,-0.0055299979809644295,-0.008656871120737208,-0.010857515451295319,-0.010473850441190313,0.001029517070444852,-0.003554415453726034,-0.004662379387359361,-0.0023710137195649406,0.0011210921584186018,-0.006127115533270611,-0.006929516655471035,-0.011634170335607208,-0.01238451255403794,0.00024620248904749786
2018-12-05,0.00920265415671695,0.0057315984484163085,0.011287992114669798,0.006718862064898357,0.0026558405574821364,0.008679500778218774,0.007540002986808458,0.010479686853728909,0.00011159018421746936,0.007373774106500752,0.0042162273373496095,0.004799910056020762,0.0058256386235560065,0.005854683251682813,0.0049701724385500246,0.004951685251291638,0.00024620248904749786
2018-12-06,-0.0034471343707463964,-0.003696662731463629,-0.00036583049809479906,0.003951503961060698,0.008197166129024103,-0.0004404877441863686,0.0025929889738049994,-0.003365667954754681,0.005125789485382004,-0.0036295592199211413,0.0020514404425713284,0.006129434892929497,-0.00033018883227087237,-0.0003755885709124662,0.0020912417884662027,-0.0016879589545735207,0.00024620248904749786
2018-12-07,-0.013736096192126457,-0.013130952596069778,0.00014726291752298337,-0.0049247018505741424,-0.007860770253144578,-0.008041933660218437,-0.004817611253867038,-0.010705573772708976,-0.003981902739557119,-0.006690179733944479,-0.007459695799090893,-0.006162715689131626,-0.008388593722388316,-0.008977493665654479,-0.009747403554821066,-0.008094467918890902,0.00024620248904749786
2018-12-10,-0.02095504265905601,-0.008390491772123143,-0.01628201367990656,-0.016544765476384837,-0.013621563127720115,-0.015274574823911036,-0.01566143521197738,-0.018889210646228505,-0.01811996947800909,-0.015345467902786791,-0.016311119754045977,-0.018117969229442532,-0.01740475327760782,-0.01700504917926826,-0.01729785625697422,-0.023889781658430698,0.00024620248904749786
2018-12-11,0.018342028576860958,-0.0016948326182010254,0.008035647291175785,0.013715684585725807,0.017018947786560545,0.008838239953258276,0.008494088153024215,0.012054502972503878,0.006453316024679356,0.00703411934507292,0.005022574878570829,0.00700915775571076,0.007286179036122942,0.007322265650271609,0.008324980602795184,0.006286620682215194,0.00024620248904749786
2018-12-12,0.01968217998601629,0.0054427623319555085,0.0073216055109686096,0.009461007729006266,0.010485441291614661,0.009083720502340853,0.00978189373755911,0.001875879044527018,0.00288121432963373,0.0032071581246206904,-0.0011393879070215052,0.0012353296724303409,0.003549210737214148,0.0039129113328890686,0.004481491144348926,0.0067057694632450815,0.00024620248904749786
2018-12-13,0.0012386923248723924,0.010434437962705712,0.008289315740069192,0.009211897583008888,0.006074424119357991,0.006474051528983837,0.0026775107839931422,0.006101546280864456,0.006618782342023177,0.016866259369219705,0.004962992143551448,0.00895362169696412,0.009633141486186103,0.009659451982521716,0.009379993292959687,0.009048326890117808,0.00024620248904749786
2018-12-14,-0.0015597742219372046,-0.0006827203781791802,-0.011981383751590191,-0.002092481142780378,-0.00818031612453618,-0.004312912476208242,-0.0031689452209306967,0.003929765480230607,0.0007907930246362493,0.0028265181262951966,-0.005291457931997701,-0.0023245933024191867,0.0006869260149191536,0.0005105850686908386,-0.0006351563950478534,-0.00429354289296624,0.00024620248904749786
2018-12-17,-0.004373968704015074,-0.012291334213493599,-0.004588084950484794,-0.012640144287263677,-0.01653815856927643,-0.009545137649398683,-0.0118727884970794,-0.00770976063427764,-0.01578069573080898,-0.005759632922772817,-0.004458650792166008,-0.0076983172996692995,-0.012055723215464553,-0.012558934985272496,-0.015611962870254348,-0.012138459478893138,0.00024620248904749786
2018-12-18,0.012473156979064814,0.006362432705504739,0.005902529274601553,0.012986101877454859,0.009139867773243715,0.009302169759765055,0.006147360662481116,0.007578830476673071,0.009649584766486363,0.010226233549025299,0.001692147966787294,0.0097180689395997,0.007330669671817169,0.007583332186079428,0.009555468734479655,0.0032789505346491055,0.00024620248904749786
2018-12-19,-0.004152402219947171,-0.011098742326345667,-0.001310161687615885,-0.011299279700230036,-0.011003619670688303,-0.006858186889192819,-0.006860140633525358,0.009477809437957951,-0.006337971081630034,0.0037653764176470705,0.00022391051545089802,-0.0052938618993466635,0.001629122849849951,0.0015471793659971311,-0.0033025922233299587,-0.010703432049693817,0.00024620248904749786
2018-12-20,0.006917638021571415,0.007271917921616744,-0.0003616502244182529,0.007963857675705288,0.0047421319627047875,0.00587937005740935,0.0016650743344026608,0.011204820316794262,0.0011253897438296967,0.01296380071829173,0.0019128535239283373,0.004118238490445902,0.007502515751045102,0.006395584257112175,0.0018722956186965067,-0.003427179611912856,0.00024620248904749786
2018-12-21,0.007757131595663713,0.008956747662382858,-0.011913320531892535,0.010123463558541657,-0.0013655119158746398,0.002780229661837108,0.0027858464111929493,0.0030408688319698562,-0.005004749769953021,-0.012025640775778501,-0.0026381989129616867,-0.003288832236128414,-0.004864229980012458,-0.004152751046315628,0.004555397176770448,0.004879071236360888,0.00024620248904749786
2018-12-26,-0.014856036135907469,0.00024405976463603984,-0.005370678167676113,-0.01331399118896004,0.0022259654131144835,-0.008102355142737494,-0.0029638927606426835,-0.002127623372346732,-0.0020687551757516687,0.0059940154752167185,-0.0019293732457658086,0.0006558967015235506,-0.0026451483079361626,-0.0033821357963448317,-0.009801838089851245,-0.0060939647878018866,0.00024620248904749786
2018-12-27,0.007234620925509638,-0.0062238287094176226,0.010406774897042004,0.005713159016505154,-0.009340090094234421,0.006580459681673201,0.004104360997973178,0.017944046314972928,0.004221343501950914,0.017040408416548747,0.009846869479093412,0.010542476425569491,0.01317762342808293,0.012205263496375629,0.004401329974278667,0.0041814542998495074,0.00024620248904749786
2018-12-28,0.03063764510878242,0.01915060310504635,0.020823302891973983,0.023263015609662485,0.019212287963540353,0.02385219699973029,0.02240882078758255,0.02878379251574681,0.020036764511955685,0.02871166897962718,0.022997737261162055,0.025890758023969784,0.02545458443633719,0.025525000837226974,0.021923365198753375,0.02781295382261595,0.00024620248904749786
2019-01-02,0.018510564269950125,0.016892811740728098,0.02533712971578761,0.026358545808552236,0.03136977609986258,0.02142351752482785,0.026557546971337276,0.015224777536710477,0.024995172823900624,0.01930767663356603,0.02585078140702768,0.020521598480869985,0.02556731382393096,0.024810271105396353,0.029623791678059508,0.034331348483739976,0.00024620248904749786
2019-01-03,-0.013140734504534457,0.015303248506168377,0.044165382424298016,0.0034427170225335146,0.010428903229323216,0.01421621702305842,0.010811311065815232,0.010264852325599039,0.014842707722271031,0.03358105842816017,0.008362412762971116,0.012505281189864048,0.021742547141916146,0.02122300302123481,0.005473734198966573,0.006132592981761498,0.00024620248904749786
2019-01-04,-0.010218392263911746,0.009025179710425935,-0.0016930974131713628,-0.01053160056914848,0.004692843978193029,-0.002358200478120742,0.0002040475614311088,-0.007871090624320343,0.002690542456009304,-0.006172688297196305,0.003213988566094228,-0.006361388755418029,-0.0009440524347539281,-0.00175746480831529,-0.004117131617706438,0.0022398533799246056,0.00024620248904749786
2019-01-07,-0.007018765033233509,-0.006145799281486397,-0.003801110872510116,-0.010764202949693713,-0.0024704351509672318,-0.008077521658106712,-0.006503682315677439,-0.009005172174749165,0.0029148127504812216,-0.008293222359136543,-0.0035190119767387618,-0.002859209283806674,-0.007886051329747401,-0.0071781523592832075,-0.007497636512834638,-0.001968957004537031,0.00024620248904749786
2019-01-08,0.008587324762567627,-0.0006936621153387224,0.003748944013835631,0.0037215587778980375,0.006822146916394711,0.003718620519060245,0.0010498028645420376,0.003955883786378012,0.008235305042654018,0.01088759109304549,0.0036789247350355048,0.0019824317434402605,0.007179510307213199,0.007744462609259983,0.008928066193437223,0.0031853991831689576,0.00024620248904749786
2019-01-09,0.012517576969661937,0.015569844356311924,0.014340799520822456,0.007262623818526048,0.010216017035217462,0.012401304334364704,0.015498896983847654,0.0197730849058102,0.013121872863837147,0.013824691179559867,0.014332975400158432,0.013287525254859434,0.017373708565824764,0.01893990538118695,0.019863649676884698,0.01676943917125584,0.00024620248904749786
2019-01-10,0.005832528928530589,0.007320734137808316,0.006222378644920923,0.005661501145758141,-0.001087628518936734,0.006624659627150198,0.005309893412118738,0.004578154532846934,-0.0048026785998266375,0.0006082434100633805,0.011175312626528155,7.849669613646526e-06,0.00699444800398874,0.007054078681226095,0.0034706840241602865,0.0024356156852927136,0.00024620248904749786
2019-01-11,0.0007860753263060349,0.010693920343731067,0.0032922268541675237,0.005530612228816567,0.006781325749464884,0.005670303969659507,0.0023354203097911697,0.0006656371790028093,-0.0016903300868890136,0.007418232005691472,-0.0030875280831014207,0.006326702798008288,-0.0008569680602311669,0.00014833209834330674,-0.005194109283328641,-0.0008135896243636198,0.00024620248904749786
2019-01-14,0.009787769646438571,0.01743614064679977,0.0026064362590392243,0.010917385914278155,0.010407170044401726,0.010285849976003236,0.010862906526797333,0.01785357617622574,0.013830774357899811,0.018666186832975606,0.014100920681196394,0.01387079395578894,0.015243315251772138,0.015829305647890646,0.009958897359698682,0.009044124733113446,0.00024620248904749786
2019-01-15,0.01544008328067803,0.0008892134043136934,-0.008461456917989829,-0.0008904346292122334,-0.005845031436970238,0.0020850443466444712,-0.0023331393001276846,-0.01198324194773337,-0.004174797589326484,-0.008372857957197,-0.012056539195802629,-0.007138625611763927,-0.008477995143806871,-0.009641111575002026,-0.009736452149564867,-0.003982164275895594,0.00024620248904749786
2019-01-16,0.010271920369529175,0.005598127262382402,-0.005977696319779957,0.0012523718904202674,0.0029118048733085544,0.002567701829169655,-0.0004391720450194203,-0.0029118973143897886,-0.005426407565306879,-0.006911642781103122,-0.006332075076480925,-0.005487922029384973,-0.0041513493639294685,-0.0038119219237321422,9.486388562462977e-05,0.0035717151744951714,0.00024620248904749786
2019-01-17,-0.00397039145240663,0.008828529634059779,0.010437356800598874,0.011936308001861962,0.009101872566602998,0.007526616416619003,0.011017426204803948,0.010628452609799499,0.004353266660853894,0.014159349239587282,0.009312307655445107,0.009067599650543379,0.009232474553242831,0.009132032594391104,0.01078591863898537,0.00978489629558088,0.00024620248904749786
2019-01-18,0.003690859202059915,0.006725082935505,-0.01596028400076155,0.00702705909049306,0.014100650969494088,-0.0013747990334955773,0.0015193086219711383,0.007046030235316358,0.010165213888834845,-0.011724603985047044,0.005081368453137225,0.0059193854637742405,-0.00010848799710205803,-0.00046301823365779704,0.00739843797299744,0.007491526461449904,0.00024620248904749786
2019-01-21,-0.0008962357185572367,0.0028707819822260117,0.01713069087856467,-0.006995197180045154,-0.0050792222125078945,0.005131355161050788,0.0018341528555760878,-0.0044600121074772625,0.0027125314890144026,0.023286926506145722,-0.0005419093011658216,-0.0009760925827374534,0.009474950996715359,0.007908129858733126,-3.0049521612118824e-06,-0.0009077873843921225,0.00024620248904749786
2019-01-22,-0.009949206433291335,-0.004503507847338328,-0.005857420896441368,-0.007427803526477206,0.0016519926155835751,-0.0066496276596967885,-0.00709865830984302,-0.005545597451653617,-0.006378571256018373,-0.006718519290162095,-0.002193199176826255,-0.0004884435538382581,-0.0057654171501503315,-0.006392785034093018,-0.006283373850226703,-0.008951401185594343,0.00024620248904749786
2019-01-23,0.011296257761326034,0.008579080997781707,0.029310545867100357,0.018409280783781456,0.01511487823811497,0.015906360526362295,0.015139005321063603,0.017917113395440998,0.018656957762972715,0.019458731632680193,0.014924423572970635,0.023033191466723224,0.016367544972400117,0.016392956650888912,0.013656211822481223,0.014648815198450293,0.00024620248904749786
2019-01-24,0.017204059426039642,0.01374884562239198,0.023664380928092088,0.009531538746043289,0.013800506147425562,0.0176394684708574,0.016830135387210454,0.01973314991527686,0.010380575450980256,0.02257005352840502,0.017907250375382544,0.015254193976961039,0.020182932885205673,0.02164822464481464,0.018370683277248778,0.011857803341930762,0.00024620248904749786
2019-01-28,0.0018337749434833572,0.010796075408568084,-0.004434710633707595,0.008267743876690492,0.00936037496848452,0.0016090636715244688,-0.004329749763015034,0.005561312193935075,0.008359486908692038,-0.0002437643954299462,0.01395390172963129,0.008838999557936544,0.008033010801957507,0.008500188467857495,-0.029496200558930874,-0.020805887879025042,0.00024620248904749786
2019-01-29,0.0065404372562638535,-0.0020439934576602647,0.004741265936780925,0.005656728036767422,-0.001917534527068443,0.003740038872200868,0.00325131915617205,0.0015550422639658557,-0.005074525386893014,0.0034660713954548505,0.01134601703229876,-0.005090180199497363,0.006176794961694654,0.00881574530336593,0.009124743055324958,0.0011609617162655628,0.00024620248904749786
2019-01-30,0.0067737885243353,0.010186838280124677,0.01345712020884049,0.008576299553937572,0.00880072468837545,0.010591391887717183,0.01017458454446074,0.000758275816757692,0.005759918119851548,0.004755229112288095,0.0045833632433311955,0.0009965941384584287,0.004693021771371653,0.0029181432607832125,0.014049413735343519,0.013743534488732223,0.00024620248904749786
2019-01-31,-0.000867882207098325,-0.002293595460736486,-0.0019421866171742685,0.0011169619036268674,0.001680075616508292,-0.0005324916775696353,-0.0007439323257298902,-0.00023604764445994686,0.002747058587775575,0.0023460700681181557,0.008267126461300345,0.004351831780513349,0.002019020684664863,0.0018248976816790385,0.0012683729724467518,0.004223609709828269,0.00024620248904749786
2019-02-01,-0.006129012819341528,0.009395508861578472,0.009825630188082357,0.008801322707351344,0.001981423873222532,0.004506137391191212,0.0036856786363674843,0.004833971463423348,0.010399233258004958,0.007231622860189191,0.003397931723480019,0.009542437781917545,0.0058573184134567136,0.004353700732113275,0.005511906129675559,0.004746180222178209,0.00024620248904749786
2019-02-04,0.006936749025043376,0.0053217279778996485,-0.00854308591660069,0.0119278393964255,0.008473015688106988,0.0024259138605970954,0.004658194419432826,0.012253755559462398,0.01306189420432835,-0.0023728355667111956,0.010799945937759015,0.013472869230519935,0.004919061383635404,0.0047607117447800995,-0.0005068587065434338,0.00777086300823826,0.00024620248904749786
2019-02-05,-0.0036396326848829874,0.0048086221670520235,0.004905244599666014,0.008046961883332093,0.0005126321163202441,0.00339087900446966,0.001692661194466094,-0.012696132045380448,-0.003605666049630196,0.005877151447363671,-0.007848292839400917,-0.006227292576180377,-0.003158507854637227,-0.002942509535140747,-0.003936742440897478,-0.0029712941935703396,0.00024620248904749786
2019-02-06,-0.022722100258807387,-0.022328972242674938,-0.0253957820564924,-0.030607095519687544,-0.024496542373493524,-0.024675224749352798,-0.030915517325494246,-0.040284333623799684,-0.04069816820310446,-0.03724822143062356,-0.04633557678868461,-0.04286556975401978,-0.03923497778144491,-0.039807954957679526,-0.041759612951071556,-0.03606973377253053,0.00024620248904749786
2019-02-07,-0.005085998984043605,-0.0009853202864935628,-0.009190325964014368,-0.0019751758583417267,-0.008018151506510529,-0.005741484363286697,-0.008494562411183848,0.00021249301293435607,0.004185674126782057,-0.00042949693139948675,0.006293898236040096,0.010495193951909343,0.001887592467453958,0.0023074736693968756,-0.0007125044531527402,-0.0031145564116239477,0.00024620248904749786
2019-02-08,0.018064489245132265,-0.00043258276615842917,0.002408519842002965,0.00541749222732113,0.017000447886048597,0.005094288260166779,0.008506339971388943,0.014190889641737536,0.005089271309443255,0.006363342999830435,0.009012380498229167,0.015259997478485943,0.005700292312607047,0.0061372729786981495,0.00966254840494174,0.010224290395157931,0.00024620248904749786
2019-02-11,-0.014146497686821857,-0.00640565695389872,0.0016270503891253618,-0.0001704905152711822,-0.01009913501713322,-0.005602121389855053,-0.007756466072981416,-0.008701525025474166,-0.0052046451429103024,-0.00445627246477287,-0.00018313276304704473,-0.007877613126715532,-0.003053015708049167,-0.0026393362534787856,-0.004995068853417051,-0.009491166009911733,0.00024620248904749786
2019-02-12,0.01680653247786501,-0.0007357179433662431,-0.0019531166753542495,0.015442231350661917,0.01532120516315394,0.005755945952060637,0.006637934048808747,0.02069085835664275,0.0019422953617931338,0.008840377937283206,0.017950512043005018,0.018530783429779207,0.010048072759067495,0.008281767133543338,0.008960392556358165,0.01811878105567688,0.00024620248904749786
2019-02-13,-0.005202172288571116,0.0032085458532762345,0.008340937881534005,-0.010681906633071891,-0.0020062860532270577,0.0014987119034763907,-0.0002206272153909561,-0.011044732908833566,-0.009173184194514405,0.00019873283519822316,-0.015010010571779864,-0.010017043979925089,-0.0063533542336150495,-0.007818034988360978,-0.008144033570640197,-0.003586415200189319,0.00024620248904749786
2019-02-14,0.020142470034239635,0.008185796233113551,0.0101726102453783,0.020511921768175734,0.017065171571381654,0.012520856943582404,0.015029457592564244,0.021752110599113417,0.013778412275536667,0.01939521152661472,0.025779053955874653,0.026329411655955814,0.018463576125559378,0.01884269830981755,0.018748127632777667,0.021665818362332834,0.00024620248904749786
2019-02-15,-0.003650767160534807,-0.002459847802133819,-0.0107730749230468,-0.007142951677839737,-0.005256125448693361,-0.005213991284185315,-0.004528930103814388,-0.0017961225040981077,-0.004238254270878983,-0.0024537233988769502,-0.009667437508570909,-0.0022582980037909595,-0.004747555801349002,-0.005394435909972239,-0.005722276067563148,-0.004685682148574566,0.00024620248904749786
2019-02-18,0.007038453443807713,-0.002171579798366796,-0.011033523748367635,-0.003710774639128389,-0.0035030899747390265,-0.0027407060173681996,-0.0035981077448381527,-0.01079790240046119,-0.011750146640412185,-0.006521215508606182,-0.01270838418408271,-0.009480540594292375,-0.008991919645039426,-0.00734942891429613,-0.006446316907699368,-0.009273849593034567,0.00024620248904749786
2019-02-19,0.0050310988366419895,0.011863353701784263,0.002432006417721899,0.012453804372411614,0.011249147125961922,0.006967454264373618,0.006954474349837314,0.01816163071904975,0.01820922617150811,0.005952739123229023,0.01566249478420212,0.016718595384139334,0.012769455174512778,0.012262854233512144,0.012633043351477413,0.010905009233667773,0.00024620248904749786
2019-02-20,-0.019817552326825583,-0.012222448838906885,-0.0080317815381179,-0.024052655192051575,-0.012414840216683598,-0.015270284181241989,-0.011960435129360292,-0.02338867511708398,-0.013383320922712327,-0.008246620066356458,-0.016975589764199994,-0.016700154045913185,-0.015283378194819841,-0.01594054945161505,-0.016998875140607494,-0.011257526468662404,0.00024620248904749786
2019-02-21,0.0004796375597666547,-0.0021827634912726657,0.010263397409032704,0.005276612337770992,0.003816353212327206,0.0030100569470197236,0.0005351183656110425,0.004702332555273747,0.004879381004367911,0.0014731674311223575,0.001208639995589289,0.0010566749519487217,0.0016465415724598031,0.0015896281734051332,0.0030301365850087247,0.003634817870963314,0.00024620248904749786
2019-02-22,0.01009403457661917,0.00575139193177665,0.02160251936754487,0.013852572828282117,0.0031274643032255245,0.012650756825823839,0.011447234286186436,0.015620065365721025,0.0027780694942891593,0.009932769143559561,0.010437134919205837,0.0024967349727504917,0.011580752690046658,0.011157110651110358,0.013814986872568102,0.009337161744571665,0.00024620248904749786
2019-02-25,0.007243545639364246,0.004148956209701904,0.011159443115449807,-0.002853986330262348,0.0025814048376719967,0.006121029161201275,0.0015292740154404516,-0.0028016931754438756,-0.004487181778379923,-0.002456443307098266,-0.00650299370897689,-0.0038549495338910944,-0.0028309000757252845,-0.003667749219989469,-0.006358742295388908,-0.005419433179625899,0.00024620248904749786
2019-02-26,0.006061830655106348,-0.002646779897428564,-0.007507861772198532,0.0024275697219733328,-0.005978953125234332,-0.0011319778928277069,0.000581716609993066,-0.0001713770424437433,0.0046181819745316766,-0.0017621882101488406,0.005378514532087708,-0.00022344827789133603,0.0020250322888379912,0.0023843054665515506,0.003666311310298598,0.0034872969831265532,0.00024620248904749786
2019-02-27,-0.010464680088516087,-0.0005628658027219124,0.019546834226879195,-0.0029389130338478564,-0.004495673819584156,0.0034531450077979198,0.002686196316617373,0.0007090691700502028,0.0009767901137380797,0.02288780038111482,-0.0034906840605757328,0.004740805248156343,0.009220375356755017,0.010357849898235294,0.002647914616789704,-0.0033021103880072067,0.00024620248904749786
2019-02-28,-0.01119924123264382,-0.014329030665923503,-0.00993199628218644,-0.020482801495691372,-0.009301591439332846,-0.013443819577587224,-0.01033748722368344,-0.01559372271157844,-0.016251512735547147,-0.029950636615785342,-0.018743624632033162,-0.02602560702052703,-0.020562432408435805,-0.01911752925575194,-0.0172620244465318,-0.016891231624955316,0.00024620248904749786
2019-03-01,0.0075345008363982835,-0.008198742954184879,-0.004379370266399563,-0.005363541801576499,-0.0028305273858303392,-0.0018078804620544897,-0.0030561609503365617,-0.009737454196884432,-0.01014355192789651,-0.007810685024267405,-0.005568655800999078,-0.008470888014319278,-0.007194468615460803,-0.007859742006478099,-0.00899638129265723,-0.009597432420379137,0.00024620248904749786
2019-03-06,-0.019607474801633606,-0.00916861581115691,-0.004378236054016105,-0.016978968173730014,-0.008400472377039447,-0.01107600462590641,-0.00790433428530224,-0.013233884020118936,-0.007279828527404164,-0.012616546487643876,-0.01178527663726181,-0.011881340338362412,-0.011813509741174011,-0.012467796025693034,-0.008902406330600021,-0.004267088770863237,0.00024620248904749786
2019-03-07,0.00045216893680288806,-0.006323229326191893,-0.010891774234566443,-0.0012117118541242755,-0.006972158799464445,-0.005425368805436426,-0.005590663234467441,-0.002802285643885516,0.002419245849614615,-0.009315566310603374,-0.004817822851501008,0.0011708966248145103,-0.006176087276607456,-0.008311765391210257,-0.009510928706899291,0.0005539076292599976,0.00024620248904749786
2019-03-08,0.01937853494841013,0.017058707076524238,0.0163628713524806,0.022310104266637376,0.02344589912484829,0.018048874256158642,0.016574694443030724,0.02407807153027508,0.016606625797984442,0.030050840880354812,0.017737936089263773,0.019367183084840978,0.022718997956727716,0.022145064980418017,0.01984800876413728,0.011372057143469894,0.00024620248904749786
2019-03-11,0.012418348872802909,0.005969987045742808,0.025332765377622968,0.015508488267998777,0.013022662931507112,0.01473020304507111,0.016842547595950386,0.01849377025166854,0.015924287393890735,0.01883288465747257,0.024067701213846604,0.021385457237179217,0.017569808620068184,0.01741698030382577,0.020295850338879706,0.026735085324283814,0.00024620248904749786
2019-03-12,-0.004977142535663948,0.008958498408488502,0.0028791260418732367,-0.0005954096501060713,0.010883006949671481,0.001266577974778249,0.00026613111930573474,0.0051562498071318075,-0.0004304679851830917,0.002521427819604849,-0.0010716810051828451,0.004232925686521449,-0.000895086034894188,-0.0008411465189661627,-0.0027512308137850328,-0.0013271519250834807,0.00024620248904749786
2019-03-13,-0.0024532436381349276,0.007569146269264193,0.004871447472488688,0.007265394424759597,0.00679189880884512,0.0033475089772254663,0.006537656243423395,0.00776760863016368,0.013452447776553855,0.015059689605046556,0.007525407663202532,0.01829269457467375,0.008191247201091656,0.008379080636538694,0.006482624267944326,0.01018638305961339,0.00024620248904749786
2019-03-14,0.0012773241014500947,-0.003072144077572836,0.007182247746960746,0.00403053162533773,-0.002203826554727728,0.003273173590012002,-7.474432938847642e-05,0.001216386006335446,-0.002468005728502476,0.0006033315010305351,-0.0035316280281056933,-0.0012609739083734306,-0.0012620973527794899,-0.001737333349394632,-0.003501453178207492,-0.002658574188162288,0.00024620248904749786
2019-03-15,0.004019183784326419,0.0028307436072936287,-0.005760164250678268,-0.0006195565920661394,0.004699781790160618,-0.0003789923960567654,0.0030422505407416978,-0.0035565763380431825,0.010434463396066684,0.013658307281463111,-0.0024658850111443087,0.0056843266433415085,0.0033777924891096323,0.0025526993918754126,0.0031488083389130672,0.00500211649625526,0.00024620248904749786
2019-03-18,0.016183741381835315,0.0013892664075836336,0.025951063069895808,0.007525939281863625,0.000641449783991499,0.012968246004027684,0.009956637324957995,0.006177604620865695,0.003444588259627457,0.002585307388208724,0.0033681416585029655,0.0034942580705283888,0.0053418247084031645,0.004432380939955793,0.00452498211053598,0.008511636899080521,0.00024620248904749786
2019-03-19,-0.0035787539098178778,-0.0026752971268187986,0.011543528745690201,-0.0032266243439819098,-0.004671008376995078,0.0006566963091187983,-0.0010471873317274838,-0.0017000949890891848,-0.009203262100592746,-0.00232812800344262,-0.00890423219519687,-0.009842005985386093,-0.0031282619611480156,-0.003593165211258964,-0.005082265049999535,-0.003527012376734362,0.00024620248904749786
2019-03-20,-0.011667261607121393,-0.00948843176518166,-0.00741476299294952,-0.00841101974144376,-0.009721806829946278,-0.009774319450798652,-0.010233437065208073,-0.01949701435537865,-0.016975256956716755,-0.022825624501780162,-0.016473242040131786,-0.021499183610813932,-0.01796194672591156,-0.01800613287754005,-0.016455829485116147,-0.015512125926404385,0.00024620248904749786
2019-03-21,-0.009576716219297898,-0.012850681513664308,-0.015541329793726688,-0.01140338663744278,-0.01662724743954902,-0.012752890584762033,-0.013402218156478463,-0.023113986902667416,-0.011069202619947371,-0.010736060002808911,-0.02109454004387057,-0.014124576919818499,-0.018041501739889387,-0.018947362145327884,-0.019578815360851487,-0.013205666594156673,0.00024620248904749786
2019-03-22,-0.030078747255846472,-0.013585774576168608,-0.030141848820940065,-0.022031975473985943,-0.019666174206500298,-0.02405053607987817,-0.026351647387901078,-0.04061430437837987,-0.020929605466970425,-0.03103717983994181,-0.028324114787097843,-0.029433663556948764,-0.03116188657901131,-0.03340184584057082,-0.02975347389044547,-0.02972964961831326,0.00024620248904749786
2019-03-25,0.00517874130162066,0.0037384049044926204,0.0030642983959476844,-0.0017159420251728896,0.007628701664002202,0.0020332734848975687,-0.00014213488012626563,0.0017220265654400713,-0.0038278591926997896,0.006639580457882488,-0.0026494253208070306,0.008094408340544312,-0.0010321784725769723,-0.0015075107176247826,-0.0059743341575642095,-0.0003986831390662138,0.00024620248904749786
2019-03-26,0.00902548582914986,0.008166938344457808,0.01383389997968032,0.012978168343642071,0.00993504591276162,0.01004890971374972,0.015234189290580957,0.020809784913132345,0.012980277569558663,0.020721773059232618,0.013848923569342864,0.01346715946636623,0.018542925075742733,0.01763326470433002,0.013964591979659602,0.01711220305457095,0.00024620248904749786
2019-03-27,-0.03589753200726398,-0.020219511250354594,-0.05279785441458018,-0.03628322137691542,-0.026229805171263054,-0.037614715099161256,-0.0362752575755495,-0.04586430066141345,-0.028740146272167588,-0.05221283347513428,-0.033497203613608084,-0.04467260106243276,-0.03967166283165924,-0.03980868399590198,-0.03673242815578581,-0.035279751903973255,0.00024620248904749786
2019-03-28,0.013206304009980352,0.015503119364984164,0.026198753122273377,0.02609278139236193,0.02027497371864717,0.0212351546402898,0.02245370795039281,0.03195104862654197,0.02801284779049551,0.027579906022951794,0.03533891211179507,0.03458431076774682,0.030014366382273172,0.030297863938818725,0.03134376800842542,0.026069966602803474,0.00024620248904749786
2019-03-29,0.014323745198462356,0.0024386349962095544,-0.005741413298712472,0.011641437121965525,0.003426290761997297,0.004780749108989513,0.009022100052537452,0.011464383231239994,0.002591946699827652,0.00993129496829015,0.005881205503784237,0.006273261615611148,0.006925873942741134,0.007415960155334078,0.010096144582955935,0.011236427963783324,0.00024620248904749786
2019-04-01,0.013375478149418418,0.0024963795667607425,0.0026275116733081028,0.0008585816388135825,0.0012259305202573234,0.0051317526173984,0.007437122044591682,0.0031224078141611766,0.006497011982473433,0.014652397560677821,0.0045482518632067315,0.007396051092090072,0.009711635426383314,0.009516138633426152,0.006622158639326026,0.006680061094735956,0.00024620248904749786
2019-04-02,-0.007382791387473109,-0.0019658212030078115,-0.00794700506214252,-0.004812486518256165,-0.00837630317528626,-0.00486775768294001,-0.0035981853550518528,-0.012963044976105564,-0.002358225878381748,-0.010263495372291098,-0.01681207773567661,-0.012009453764416755,-0.010829933255867785,-0.010282279316731424,-0.01422467020177931,-0.006717421520455624,0.00024620248904749786
2019-04-03,-0.005490460239729544,0.0004423998574469845,-0.014303298440450751,0.0026741248357391445,0.0006310432650828979,-0.006256373813481986,-0.005715795983852967,-0.004946983885599443,-0.0009989574697057968,-0.0161560960185837,-0.006642367489553269,-0.0045580104180314995,-0.01023921697684449,-0.010499105940502962,-0.0049082270471504374,-0.008500232971216715,0.00024620248904749786
2019-04-04,0.002560738060065626,0.006551115497165139,0.012757822255789364,0.011090465555645634,0.009432174233028112,0.009149938434477534,0.01466820699177429,0.012478228445954587,0.016398463812457686,0.017355387739557138,0.02401687651032658,0.01696510361264547,0.017412024138775184,0.0185447644868888,0.020711726127425667,0.01803189261723115,0.00024620248904749786
2019-04-05,0.012314744093033125,0.010445468477623399,-0.0016125448879499293,0.00968496759211357,0.014644487227266856,0.007074888718873629,0.006186911236400805,0.014053244851552238,0.011004612176270356,0.00993681076387376,0.0047877322331357774,0.013396255571362037,0.00808645836918287,0.0075400263510583265,0.006888937955398466,0.008170829391792589,0.00024620248904749786
2019-04-08,-0.00285236261720645,0.006323837291736245,-0.004870438532006638,-0.006763000185619927,-5.321910052225043e-05,-0.0019147488351833886,-0.0030185807217877336,0.0005242001247238726,0.0020839890004324957,0.0013560078316214863,-0.0018120333120263954,0.0074290821010361,-0.0026774750272319237,-0.0027994269261101268,-0.005134486582668685,0.002210280033258405,0.00024620248904749786
2019-04-09,-0.01272039047029938,-0.007648836266953896,-0.011694293883286355,-0.010218318552654537,-0.011698568546731236,-0.011560433108609325,-0.011873074531304817,-0.017504909756665743,-0.014769209335855127,-0.01982453779737159,-0.0065570346446540695,-0.017151740231278745,-0.014238307660976224,-0.014079847002881674,-0.013864441470518796,-0.010998334320274528,0.00024620248904749786
2019-04-10,5.561350075100613e-05,-0.002676486081602536,0.006995736415842391,0.0005146781751832474,0.003929327076431344,0.0018533888907648066,0.0009939865812913506,0.0021951934188202404,-0.009205820541863474,0.0017336650132986353,0.002769804006659271,-0.0025531841263825017,0.0001734254702792093,-0.000708456986117878,0.0011559143218424772,-0.003217093136384519,0.00024620248904749786
2019-04-11,-0.00016485856571124557,-0.00996305257217478,-0.005778313206049157,-0.007767193812433848,-0.012974901461776933,-0.005212984688735767,-0.008663390905491952,-0.009432251994437535,-0.010074924786127482,-0.014268999037928554,-0.011255524259104255,-0.01457486813028619,-0.010324461212236957,-0.008514575295985538,-0.006146063903755272,-0.011717572871635884,0.00024620248904749786
2019-04-12,-0.005938749766644769,-0.006619939016918486,-0.01730614823449028,-0.002539750977834987,-0.0014652927047165143,-0.009072470007524314,-0.011407902864265518,-0.01205843248042271,-0.009550238015380574,-0.023460398633789015,-0.016009183268392957,-0.010197176163891042,-0.015840413737374548,-0.016434285073221422,-0.015278860872830258,-0.018774149372125848,0.00024620248904749786
2019-04-15,-0.005374831120089074,0.006872094650471228,0.0005455497010820043,0.0021538108393437394,0.005839604577182023,0.0012197133032243457,0.0021050037303562696,-0.0011352306640822762,-0.002021649281226612,0.008897252586586468,-0.006722641232200233,0.002943151284349188,-9.890076941698744e-05,-0.000992771777826973,-0.003754326274417741,0.0019498967610394047,0.00024620248904749786
2019-04-16,-0.002552976601355339,0.009021500538279659,0.0019189630123608303,0.003973444405052984,0.007627949391409983,0.0032545740396434653,0.005995813634376512,0.0029532886691201465,0.009226171332633148,0.006788553818789511,0.001598606765691013,0.005131859828297891,0.003966834499632865,0.0030393554061993733,0.002904865649963728,0.012646822761130494,0.00024620248904749786
2019-04-17,-0.005633080419495062,-0.0049180781396142015,-0.006468980386058587,-0.006783865606511563,-0.004337381276260155,-0.0052251239772783675,-0.009487372681725725,-0.011364580369920385,-0.01086680666429829,-0.010837268928896693,-0.01250333751892363,-0.011842630130396214,-0.009430158472146566,-0.010224445847437202,-0.01084212380374594,-0.011267353491635101,0.00024620248904749786
2019-04-18,0.009430703047139444,0.0070846813054141755,0.021642689260642056,0.010303590463270007,0.003745917015029354,0.01303588349042828,0.00907938961384347,0.01922844024994097,0.007611509586400889,0.0203869683700173,0.008767230997318576,0.016940104367934694,0.01343244630868523,0.014257994127603313,0.014278271306940038,0.01280942218838299,0.00024620248904749786
2019-04-22,0.0007718599907882151,0.00557575518664577,0.008993734937245979,0.011864818773835717,0.0067403623510968735,0.0064163850675396095,0.002913340822054966,-0.001038648835679945,0.0032017102138910403,0.006523251712671652,-0.0007992205793799778,0.006621646495965194,0.0017629863574963878,0.0016292108825484153,0.001970167886913732,0.0009274703894508463,0.00024620248904749786
2019-04-23,0.02058245199933828,0.005403511221349744,0.01718621041627455,0.00941071765045165,0.010015274643026428,0.01231446312893314,0.01426903744306296,0.014629021838213241,0.013107840180478725,0.014032017733142554,0.017438239997471072,0.015658878190021763,0.014689082279857768,0.013815763253563818,0.011911328578752434,0.01403553586203321,0.00024620248904749786
2019-04-24,-0.004054317880777369,0.0002091606792986589,-0.012791836540304802,-0.004344647731688189,-0.0019093917957673234,-0.006132105961308643,-0.006876341164511635,-0.010032309600553346,-0.005923385822231397,-0.018851280885461508,-0.013138955734465108,-0.00728202055801197,-0.015097947406733425,-0.015061666199097656,-0.01350584387475351,-0.00829959118008805,0.00024620248904749786
2019-04-25,0.012001561260678528,0.010292839088106298,0.005758093281903243,0.02301083640556456,0.006937377172310022,0.012748225876759722,0.013772933014832844,0.02145122812671718,0.01375551880328918,0.012334291514332296,0.014214353754627984,0.013285939973235239,0.01665064299617902,0.01634443096365401,0.019034431648643046,0.015224897211640442,0.00024620248904749786
2019-04-26,-0.004436600634432297,-0.001973666431626664,-0.011230173087427797,0.0015648691283465244,-0.005163908603206369,-0.00433556502040322,-0.0012798517944575538,0.002845104762023487,-0.007595491739007976,0.003259009754806863,-0.009332939697316744,0.00153071152341,-0.00199922914560835,-0.0012489954576287987,-0.0009441515235607545,-0.003089927121680325,0.00024620248904749786
2019-04-29,-0.0035097521310808455,0.0028608961251144205,-0.002557340031955402,0.0074141298607086625,0.004905115123824633,0.0005201203084044259,0.003325770400543826,0.009083462455209412,-0.004964737850403078,0.0040157974672720975,0.0010391077102602786,-0.0008052062804309035,0.00351232017172709,0.002031479645487888,0.0009354656415920815,-0.0004754623196110419,0.00024620248904749786
2019-04-30,0.010192775988325353,0.002649806546746847,0.005542701600300903,0.007876848444702489,0.006869638700752301,0.004538029760577933,0.004078784904581578,0.006431021577102403,-0.00254716654316689,0.006045059545333409,-0.0026718641383406405,0.004855592545288667,7.497506651454877e-05,0.0009482850718514069,0.0014289997639598262,0.001955274777630578,0.00024620248904749786
2019-05-02,0.0015636980696274172,-0.005188892466193473,-0.010852761996263283,-0.008131491499937193,-0.0012129318540357037,-0.005180028707258755,-0.006110462446156539,-0.003991452337143375,-0.004626284037137163,-0.0007281201222847367,-0.01362089432363145,0.0006068609963543192,-0.0074305519367406925,-0.0068421228971180525,-0.008943985424616274,-0.007258938758679445,0.00024620248904749786
2019-05-03,0.006471282848114379,-0.005317372747942972,0.010104978320300884,0.0020875250748222385,0.00033074031262914083,0.0022066332480448203,0.0013772314922726459,0.0033325924084783853,-0.004102834792383381,0.008414026345493708,-0.0004216217127027688,0.0013017277759539425,0.0028844577644151492,0.0033986372592713643,-0.0003567457078028635,0.00461133997393115,0.00024620248904749786
2019-05-06,0.005359743591405675,0.00037628802518918647,-0.0008144518783097521,-0.00353043466893177,-0.0027738163450835573,0.0001690391494735266,-0.0028319418624423998,-0.0026078266351661217,-0.011756289228419758,0.00047091829059153767,-0.007824833687326671,-0.006845434489421431,-0.002692313480577857,-0.0018241167712093054,-0.00462970405259866,-0.00958204896918824,0.00024620248904749786
2019-05-07,-0.004100590041648644,-0.0021091549117041586,-0.004225094507261273,-0.01605353355735295,0.006096845174561993,-0.005943285587613034,-0.004392649974374496,-0.008760505749925152,-0.004150522614876917,-0.002152086830942701,-0.008817242421198523,-0.0046373902588418,-0.0060361251195858445,-0.00681454915981905,-0.005917408226876919,-0.006065136344901911,0.00024620248904749786
2019-05-08,0.005655648498344545,0.008485193552424608,0.00024308874214629128,0.007983533312285074,0.009953240216960202,0.005411170187284764,0.008382014825218276,0.006247422666434854,0.0061037120454476845,3.0957994074487516e-05,0.014911235512476972,0.007660959921704569,0.007153483397126736,0.007880380034586798,0.008711248590636211,0.01250735405163117,0.00024620248904749786
2019-05-09,0.006164686575596656,0.0009241498018630612,0.009428093699592743,-0.011076386190685517,-0.00031420191072895065,0.003034754824047692,-0.0021434471529649946,-0.002554936394764118,-0.00358874401337983,0.0046102816614017605,-0.013179825606078555,-0.0007284653811133746,-0.004409993247138644,-0.0034370023275173134,-0.0077244205074022965,-0.007489955805544346,0.00024620248904749786
2019-05-10,-0.01503027298649473,-0.001378067010145534,0.0001592584108234263,0.003345222866729669,0.0010260648021864771,-0.004074366329011037,-0.003931724945825499,-0.007572352378594882,-0.0033600262582652585,-0.006806261464682328,-0.004497986975601553,-0.004678761641655038,-0.005486783739310552,-0.005497820271823661,-0.005060932458139433,-0.005697808920368752,0.00024620248904749786
2019-05-13,-0.02960192893712532,-0.019458543442630427,-0.021396332210985136,-0.026555055603949107,-0.019679611523604645,-0.025166974515914098,-0.024921927114087472,-0.0274466114812697,-0.019790478255554467,-0.029681334199178733,-0.02637077518011588,-0.0245130346761111,-0.02731360716297615,-0.026645525046701368,-0.02537138606205147,-0.026079814231418474,0.00024620248904749786
2019-05-14,0.0005651020426122866,-0.005534454784644649,0.0010087171446364618,-0.0014908326112313963,-0.003167180670739178,-0.0006493751253480173,0.002412023298420385,-0.001360504967616527,-0.001537193045886176,0.011166833169873325,0.0002008806055942003,-0.00013141181448927952,0.005904457955379971,0.006139624943972688,0.004345337131876681,0.003842399693172238,0.00024620248904749786
2019-05-15,-0.01541689538541724,-0.005800560859060777,-0.007604773684191435,-0.005413210751807007,-0.011143680798104016,-0.006871333968245241,-0.009782148909534105,0.0008396073785383873,0.0006851857833507502,-0.0005526580971806361,-0.0007491043743274028,0.0008298180433832236,-0.0004513544938268277,-0.0009136147479661405,-0.0016832828348483098,-0.0051167762331729705,0.00024620248904749786
2019-05-16,-0.01971462825264414,-0.014595051038922668,-0.02811418799692489,-0.014047197337270556,-0.01940142362354469,-0.019508761023184662,-0.016307553903539218,-0.017388693822331103,-0.01007933137059136,-0.02589466703860943,-0.01756759235402683,-0.01672095891951786,-0.018589556872807278,-0.018492960349781873,-0.015816149366953303,-0.01728586515523578,0.00024620248904749786
2019-05-17,0.011212633375105918,-0.01408906751197525,-0.0040972237618713825,-0.009848077140508615,-0.012943360470484722,-0.0037080997478319278,-0.005419389139123876,-0.004474487810098404,-0.0011045582267132925,-0.011158601639921217,-0.01395570140718716,-0.005168340186098241,-0.0064848072931719125,-0.006824714342404614,-0.004152432260056349,-0.0007632051528461137,0.00024620248904749786
2019-05-20,0.023891519019474394,0.02186678352441085,0.024737274371200435,0.03588595997909394,0.029809647510924853,0.02639566591514919,0.024418886294838238,0.03502889320514968,0.017610298893510068,0.02848363540769716,0.03285218961352787,0.03109122615804516,0.02939526975823492,0.030442673648441776,0.03272774346518226,0.02134024427898229,0.00024620248904749786
2019-05-21,0.013841634233099587,0.018197948024102795,0.022231801916207106,0.02454143286984034,0.01392073806212113,0.019933579176930394,0.02371297768428371,0.02763610279587181,0.022663791068346262,0.03273230167795904,0.03529492599449635,0.031239753570829087,0.029578440540863227,0.029722209301363822,0.029394689097806515,0.02757551783978296,0.00024620248904749786
2019-05-22,-0.001551252483598664,0.0007275971118934077,0.0054537773886707,0.0007353955315163585,0.0024171319062955554,0.00012876665126437814,0.0022824374360439492,0.008325159839896346,-0.0025375435629900744,0.0005952213001474416,-0.006273717469633455,-0.00016593720067104023,0.0010097344984847378,-7.335437208610962e-05,0.0004646527441749537,-0.0008991032067421356,0.00024620248904749786
2019-05-23,-0.010335584628502148,-0.01278219424706295,-0.014551904096316903,0.004953490251595749,-0.01106903896801259,-0.008419232584364167,-0.006420946087462132,-0.017220242032923827,-0.008767710007654639,-0.0033780292274917523,0.0018246593677364586,-0.00925391395680275,-0.009329233230375045,-0.009263537949438572,-0.007424585049614629,-0.004865929070546948,0.00024620248904749786
2019-05-24,-0.020104950337731853,-0.005014618195631315,-0.005064061625949412,-0.009509996738657045,-0.004127946116853298,-0.009729796287851866,-0.005186870756038076,-0.0037973690607219224,-0.007922634174654553,-0.003930941295032131,-0.006057075668270184,-0.006656616985047048,-0.006319131605312944,-0.005144921149453974,-0.006666924824452858,-0.0033455993394586603,0.00024620248904749786
2019-05-27,0.010043850129836551,0.0045700211879571295,0.020461605594507493,0.008278809519205454,0.007341396457972493,0.011981817719353138,0.013116393014033445,0.01479846985353217,0.0036242449252172904,0.011345329287218542,0.008345134389544429,0.008788760998792,0.011092608896520195,0.01176936072293544,0.010671751856592637,0.012671623182517466,0.00024620248904749786
2019-05-28,0.026043473136546647,0.0087595561175704,0.011027703249457232,0.021790853863864035,0.01792499832335359,0.014975378401819173,0.012390504014790027,0.01795352680501683,0.020545398283382754,0.014084907744846387,0.016726584527333888,0.01951598874190763,0.016155590409389964,0.01578926614385412,0.01567306425120618,0.016220486503291554,0.00024620248904749786
2019-05-29,-0.0019014059385001891,0.007817499513746773,0.0011041158984816946,-0.0018333568852441084,0.00582694886813262,0.000696028749605615,0.0030111353368484917,0.010355306836460132,0.009538039592280612,0.0010012413509821183,0.004794477592583224,0.011499816335878377,0.0031678449869836367,0.0037351434673129624,0.003734378115278325,0.0022505327621662463,0.00024620248904749786
2019-05-30,0.015730551868221587,0.011408160421306546,0.003125841538104801,0.014386344861103462,0.011820673831500761,0.010782813777866718,0.009926665603287699,0.013231382736938135,0.00944181458883775,0.009684642512174602,0.012944039255774475,0.01709356430960396,0.008788015984953379,0.00885615006298468,0.006514000687343646,0.009553407684252946,0.00024620248904749786
2019-05-31,5.745463828898956e-05,0.023555503356704532,0.011234501929999752,0.011000173234432031,0.01940579541048293,0.011008632733990442,0.004795322587639372,0.009495281866064076,0.009378630369052843,0.020053717355120737,0.008124145911520664,0.013464615412263958,0.011899025500827554,0.011104929450202139,0.008034984290274494,-0.0031544165891509435,0.00024620248904749786
2019-06-03,-0.0010563530624109196,0.002479255386775847,-0.006735594284581925,0.0007104067410164117,0.005268248105051887,-0.0014452569082282762,-0.0030291760955968305,-0.005755789806628497,-0.00019546681846138725,-0.005818838820497829,0.00015739066958997405,-0.002698745217841858,-0.006353229333852961,-0.007266014517261832,-0.004695550569619122,-4.886530082404139e-05,0.00024620248904749786
2019-06-04,0.00294932305052531,0.0029880978187979412,0.013943749056434918,-0.013373989176423406,0.005228782010403776,0.0023252664840149873,0.005175623962857978,0.001343941134386295,0.0006312895641060745,0.01523430171685991,-0.016032996638886465,0.010845367694796604,-0.000599915049330435,-0.00024590738836427484,-0.007924241998482628,0.0036996295681108737,0.00024620248904749786
2019-06-05,-0.00624058044555853,0.002795732869578682,-0.007990189686884475,-0.006980345907884211,-0.0064174937387975195,-0.0034500679870439477,-0.008891199626559265,-0.012381995848044003,-0.010041742331918568,-0.011499418047331234,-0.01094283836911003,-0.013276285293400636,-0.009962195433287802,-0.010427072748956046,-0.010193708791641054,-0.01317859212781125,0.00024620248904749786
2019-06-06,0.004347422649036092,0.0028830399060126854,0.009356405483233798,-0.0016449581759866438,0.005470209559133021,0.004780804518468074,0.007161089914702323,0.009617365022587254,0.007752541413257097,0.017072410956365802,0.012460679544590958,0.007188110922077495,0.013372098106965602,0.013035200293579852,0.011150820652070292,0.011899621071013389,0.00024620248904749786
2019-06-07,0.008901012596257196,0.001926246649098795,0.011153584158544172,0.007395718010955843,0.007166377935434287,0.005655466640071216,0.007698767878906665,0.0005512042900015501,0.00752578876419685,-0.0028383682160251222,0.0036745887223463836,-0.0017349501031579395,0.001961733212312078,0.0037614870913944554,0.00763805253244354,0.006460377826830843,0.00024620248904749786
2019-06-10,-0.0011615543749999846,-0.008899300132303223,-0.003110936474209791,0.001307055913642774,-0.010052735866301288,-0.002903293383954564,-0.002170818982996092,-0.012990071512419266,-0.0014508866208609028,-0.008084915162703932,-0.00723364098829038,-0.011950457340401233,-0.006591412746137615,-0.005314886293949717,-0.003364103332272328,-0.0036078992097903217,0.00024620248904749786
2019-06-11,0.0029849674271009707,0.003056657332566326,0.0073985645507126385,0.004845731191398528,0.00039117087838125286,0.004668138620360862,0.008716951116283456,0.011629956575726075,0.002829653465380888,0.0049273448446465196,0.011534664566736241,0.003633107603936425,0.009196430281040335,0.009785636769195527,0.011425833844766586,0.014028347432728294,0.00024620248904749786
2019-06-12,-0.01302045080549552,-0.008714448296658572,-0.012617884997125905,-0.004898688509774041,-0.009305041631954336,-0.009021693930315489,-0.006300930219692247,-0.01619758905308566,-0.0038150502911530326,-0.007763628258429023,-0.007461482284728205,-0.00900456126752136,-0.00825133864689076,-0.008565163888140437,-0.0058821161996576166,-0.0062159676437441025,0.00024620248904749786
2019-06-13,0.0029395331034971495,0.016458856981298675,0.009296232239584645,0.005510179781577973,0.004826833122435703,0.00913998203317834,0.011848058407492923,0.0032557445841137067,0.004241935563708665,0.003947263152968894,0.004724691326256858,0.00024364995491854557,0.006230764180115145,0.006605676896142221,0.007536287848825651,0.005025272566758554,0.00024620248904749786
2019-06-14,-0.012140512588177166,-0.0066021616619292844,-0.01115459043285083,-0.006351926314731138,-0.01017616852491332,-0.00805276676940958,-0.005789958583802712,-0.010496054230120011,-0.006474709215184893,-0.003961328187995439,-0.0067444308665906005,-0.008041843273617011,-0.004760959812184717,-0.004972160053732355,-0.006234294492370229,-0.007310254868492572,0.00024620248904749786
2019-06-17,0.0093481181209496,0.0003642055741104322,-0.006100758761637959,0.00039233029653718,0.004114878408623346,0.0006707061347999144,-0.001007314216443067,-0.0019429600883779097,-0.0067178601755260026,-0.007000490918743885,-0.004124224984181968,-0.007756722909909697,-0.0038473287582511118,-0.004420435126927469,-0.004450789385287202,-0.0036418665915709525,0.00024620248904749786
2019-06-18,0.012175921331178063,0.008881223875376376,0.015718027898627085,0.016698243257316614,0.014518693120214587,0.013322341826512263,0.0121425121583294,0.01868504908572799,0.011570076244342697,0.013161699463240417,0.016917931029951427,0.008248543282612486,0.014184567199769793,0.01388357017986408,0.015474014714841333,0.017446116088128294,0.00024620248904749786
2019-06-19,0.0020007026248689552,0.0114808237777424,0.013447209571633145,0.0017036930631011415,0.008025469303651445,0.007291707267827574,0.007720976829861614,0.017041504903901883,0.010728004164936245,0.012634094245643546,0.01079304835469741,0.010160429317855657,0.014111926328674418,0.013618388733877662,0.013841458537155571,0.008878019210772248,0.00024620248904749786
2019-06-21,0.009723860149504882,0.00390113845416451,0.005174956715758849,0.0010191715067662255,0.006930970339737552,0.004829035483262523,0.007947598212505014,0.011043040566235396,0.01280633907251083,0.011014805354912394,0.013319246438862287,0.008647099802369773,0.011646799267368335,0.012885553160752128,0.011203597775060192,0.015834984502453242,0.00024620248904749786
2019-06-24,0.0072129090075783164,-8.934191841658556e-05,0.015512210962867368,0.004684846301888257,0.0070925084477817535,0.007223532821540646,0.002602625485683685,-0.0021795459556238628,0.0040096456563303295,0.0036482944485312085,0.0015587928696216835,0.0025118429377455342,0.0009330119217718646,7.574392684506215e-05,0.0010263212385477338,0.0007116082416789293,0.00024620248904749786
2019-06-25,-0.01818580858589436,-0.013820276191774727,-0.021877207969778878,-0.018305973977108758,-0.015796046654732554,-0.018802770240919697,-0.018162524659360857,-0.015502408261808376,-0.011152766232048306,-0.020524206994739225,-0.014679261019706402,-0.015090746156364965,-0.018476427045482136,-0.018787999193549787,-0.018337925059432658,-0.018815665955329575,0.00024620248904749786
2019-06-26,0.0014059417472869207,0.0014219967412936185,0.01108934194227551,0.00592752944690722,0.005959905382416419,0.005680802445181987,0.004174186763117538,0.008334846226912385,0.007763541066259982,0.00845643917923633,0.011373380795992816,0.011088364575489784,0.007342085258217779,0.007015898697050771,0.00641616837784853,0.005314510718805732,0.00024620248904749786
2019-06-27,0.0089422427141308,0.009204896452072786,0.006909213483567989,0.0026121152522000646,0.0029939809126859895,0.007858462977835101,0.005483699411419796,0.001093301346786868,0.002394091477113225,0.0054463525170966864,-0.00018104288598430607,0.004855905320249487,0.0032298577388421013,0.0026474120143347157,0.0018327744989454775,0.001092911791849005,0.00024620248904749786
2019-06-28,0.01307643999494923,0.00931269965759185,0.019908056865301393,0.005267160510469271,0.015461005595774235,0.012697949314272261,0.009736825654777181,0.007151730780513121,-4.175283359053594e-06,0.008757666977403877,0.0026904533080787107,0.003489800430671597,0.004873199361997482,0.004513156971003962,0.0021232194185225595,0.003461906656034186,0.00024620248904749786
2019-07-01,0.002125531113564172,-0.0038095656573287062,-0.00482366093021136,-0.006644250757918635,0.0015046888354097732,-0.004241926862240231,-0.0018332670319822775,-0.001158283854925668,0.001720438812614189,-0.00990117957596115,-0.003221522281193989,-0.0016694503779273173,-0.003925707635315301,-0.0046267133506944225,-0.0038626609442059534,0.0028608236668612452,0.00024620248904749786
2019-07-02,-0.0050949610035258,0.00028617161210808817,-0.008988009267211328,0.0010675655784548876,-0.004951949452747573,-0.003104907502092469,-0.0025223162704783864,-0.004725172418066137,-0.00115101412894969,-0.0024203474497688227,-0.0026540551545017887,-0.0017255541918216322,-0.0034607389438642278,-0.00286297095848842,0.00032161950591969024,-0.006670554691243558,0.00024620248904749786
2019-07-03,0.009682158678837594,0.010948287929235079,0.008979847685148368,0.010791861804484437,0.0042551309909946156,0.009504382195308914,0.012386121127454519,0.012482280017693581,0.015378506255599111,0.019845325933650404,0.012359916089295986,0.018370379390596492,0.014933377225157862,0.014342492371758553,0.012141782533789502,0.013858842714165487,0.00024620248904749786
2019-07-04,0.01643531499933748,0.007060704295256404,0.017323000704682956,0.01316223268189698,0.006319396271338151,0.014666595090748524,0.01699860055589686,0.01662613752954112,0.01424883850130243,0.014156058543725702,0.018603486299002547,0.01088035105166174,0.01792163442521555,0.017631281899044948,0.017264475218091047,0.01570432987590209,0.00024620248904749786
2019-07-05,0.017608128871473783,0.004606143037988675,-0.0006868114569130723,0.012842692556358726,0.009603864111739746,0.007946264092567823,0.008707493015806422,0.001365940805152066,0.009270793102993169,-0.005143500831520376,0.010572715316965242,-0.0014553554180608552,0.0036198799320315,0.004301924079917807,0.006204117224231975,0.0050298116409033256,0.00024620248904749786
2019-07-08,0.006626954354392645,0.011492021718088274,0.020505074073745133,0.0004534071282236152,0.011754609271636962,0.010827503856553955,0.007607721597370887,0.0016514757362930954,0.0065410015140148214,0.0046554382329808686,0.006745660460821368,0.002401056073729091,0.00489986763935768,0.0057622054455575,0.0029863156477085706,0.00502717438169209,0.00024620248904749786
2019-07-10,0.017245974480162296,0.011288423516270685,0.0035140406514238,0.012114574447266602,0.01897949788950215,0.008410182172022385,0.015940137678494448,0.02034693372198615,0.01672617952239075,0.02068672767927482,0.009961289231368298,0.013466274837488523,0.019804075228382567,0.020449603586315535,0.019811546567497063,0.012421787537577611,0.00024620248904749786
2019-07-11,-0.011191725996340107,0.002988256640230391,0.00210791681632716,-0.012036171287106212,-0.0039319033456299834,-0.002736133330341395,-0.004894249015850227,-0.009126383810974636,-0.0066788976531101385,0.0020122163572995344,-0.006297670917467579,-0.007075921142834174,-0.003039279131241912,-0.0035770181281609137,-0.003188642250940954,-0.005812537091082759,0.00024620248904749786
2019-07-12,-0.009364664570479686,-0.008873629943045747,-0.004973974331761721,-0.010061039658102455,-0.012246739965365072,-0.008001902450197607,-0.010872314198243638,-0.012943905287365776,-0.00589047482331162,-0.011045156764136643,-0.010076750490417341,-0.009639596005793893,-0.010321595162795405,-0.008939846776965132,-0.008858553169983852,-0.011737821302883034,0.00024620248904749786
2019-07-15,-0.004205638853421956,-0.004565200579120243,0.0018897171535940949,-0.0066154107468003875,-0.007526300404007702,-0.0026139200248365135,-0.003074973314853402,-0.0014478765771738233,-0.0009718244920022823,-0.0029019531966931744,-0.006804072849201592,-0.0004196838329924013,-0.005066935521780169,-0.006388624921757402,-0.0053597399512118615,-0.0014187264997547189,0.00024620248904749786
2019-07-16,-0.0008461631641442091,-0.0019042470253509691,0.00480624443455735,-0.0007948982010173022,0.0003563093936136408,0.0002731517047140919,-0.0009573465055323638,-0.0006546240215725696,0.0019076270881352997,0.005811117354258322,-0.00048432671733222854,0.0009202893162036929,0.0014307908988733242,0.001382220336382689,0.002257395518997063,-0.00011885586031956663,0.00024620248904749786
2019-07-17,0.011048685688203053,7.829611603504816e-05,0.0011685464651203237,0.0032310808856204076,-0.00033184177135126003,0.002976712675478943,0.004192899180329501,0.007343909769332635,0.002785686495105244,0.0066784390822667294,0.0026617206739152355,0.003469057310875101,0.0061920501225642965,0.006996744059241111,0.004943459724317201,0.0011506891349375437,0.00024620248904749786
2019-07-18,0.007466789449154243,0.00793354464874274,0.007922389687900155,0.002558468518437884,0.011607114348070269,0.00641718352327203,0.007087808133082518,0.008247549756072559,0.0061582727273090665,0.005708892570447599,0.007245410067323155,0.007424898069950503,0.0062811022323228105,0.00648397062128625,0.004673329631686096,0.008276589830533476,0.00024620248904749786
2019-07-19,-0.020280094243077418,-0.0038493162618619126,-0.016771159677375524,-0.014178626228388946,-0.006454372052588697,-0.01477706657167066,-0.011237231519090507,-0.013931720299545036,-0.011106570955510375,-0.01823866386794637,-0.012451502252238678,-0.015008786180581102,-0.014747386130308793,-0.01473129471110246,-0.012915649610832136,-0.011757386906553702,0.00024620248904749786
2019-07-22,0.0035103460118470764,-0.00027030788446924525,-0.012495776901985112,0.010320522054886982,0.005216350876935172,-0.002259242320424293,-0.0014569868053211366,-0.0009776714058810088,0.0009276759643299659,-0.007210929101974295,0.00653112346540885,0.00506411912124638,-0.002023036671938816,-0.001774803541905845,-0.00055406347234499,0.004328546468368888,0.00024620248904749786
2019-07-23,-0.002442282234474291,-0.000963248682265827,0.0039712002495979615,-0.008571820871754121,0.005473544743828995,-0.002135817768024628,-0.0028923759561625406,-0.0024116669312437278,0.0029594960464041087,0.003143250025189337,-0.007760403754543788,0.0035650486004679127,-0.0025715694830614755,-0.0033501713216576023,-0.00653573794025053,-0.002098151649112756,0.00024620248904749786
2019-07-24,-0.0020439924687348787,-0.006087622053606689,-0.007570152331982327,0.0038369295238371848,-0.004429842898942216,-0.004325491127795678,0.0008496809282529938,0.0025921815954446092,0.004442828130269527,-0.0023989673080985208,0.014725118853320618,-0.0021807873184439552,0.004893983546007563,0.005182475325084868,0.010126552537365274,0.0034161754733530447,0.00024620248904749786
2019-07-25,-0.00368859839135105,0.0018911910453518477,-0.010627756915395081,0.006408365677378347,-0.00811427981726831,-0.003442532969271217,-0.006828098519742087,-0.01572355665322911,-0.017123625164084166,-0.01777603699596353,-0.01913287615763759,-0.02321681458049718,-0.015203719329881626,-0.01407023488024084,-0.014653761277435895,-0.013686840191449945,0.00024620248904749786
2019-07-26,0.008691956356588149,0.001110252972936987,0.010636855398308498,0.013757461076596034,0.0009647996643316059,0.008548129683237482,0.0067415663764032185,0.008418251723560255,0.006051491767827821,0.007561320739315924,0.007983949851210648,0.00265274234923063,0.00955527983606097,0.009973338285509392,0.009763970976603753,0.001279578614460375,0.00024620248904749786
2019-07-29,0.014990374355659641,0.01019268768313486,-0.0031569175033482333,0.011303026167106545,0.00467599413939257,0.006373554163682238,0.006269869396360539,0.0023134035399448027,0.0021207356762329432,-0.0009151238051373634,0.003395477723376894,-0.0006400221034454923,0.00139034599631227,0.0024253415619248653,0.005651533570226297,0.0066468867569164924,0.00024620248904749786
2019-07-30,-0.0012455672074820345,0.006497469197729089,0.012244101126770435,-0.0010890084746070228,-0.0009640707670929283,0.0060252569986130045,0.0073890797360181,0.0015875293608211827,-0.0009042481819224735,0.00989502961165245,-0.003384511778172561,-0.005111586352014141,0.00569923065291289,0.004994128512545215,0.0026384457578556564,-0.004186410289459097,0.00024620248904749786
2019-07-31,-0.0014238302542359804,-0.003054783423839691,0.0072939531336144725,-0.005002595642477847,-0.0038365720754126587,0.0006109528670017461,-0.003195606462286782,-0.004433814389586566,-0.00676536630954494,0.004436137518899708,-0.014591399627833512,-0.00781864283393352,-0.002020576300361898,-0.0012842048645723692,-0.004848572670627438,-0.010172061936544519,0.00024620248904749786
2019-08-01,0.008218045028142384,0.005400138979695157,0.012535900488460872,0.004390560640286756,0.007888800058895917,0.007310946244992511,0.011212069273572656,0.009616006974745073,-0.00314477927679091,0.02186013568147449,0.01563488430896931,0.004253807164366297,0.015123869300511128,0.016549386169360636,0.01705996615964378,0.003281958554756992,0.0002275062987258103
2019-08-02,0.0009485631562857755,-0.0009804568475063613,0.004063838314098955,0.0005338574587521183,-0.004135003432506168,0.0009797671839673061,0.0012436507587512136,0.0013498539996805725,0.004822001615203186,0.006915655898257045,-0.003969879087639461,1.87088937333435e-05,0.002927280756205297,0.0023100010966605744,0.002757455581485324,0.0050059865357834354,0.0002275062987258103
2019-08-05,-0.015846447733103064,-0.011085297278304096,-0.02507270385968996,-0.017800225015864868,-0.011168371577131131,-0.01811394974510061,-0.02142261763401876,-0.020033695281624464,-0.019064911722661337,-0.020857150296908045,-0.01850969837242289,-0.018858140729098527,-0.019301026548166345,-0.02015368833743081,-0.019877326540985396,-0.02428216104005254,0.0002275062987258103
2019-08-06,0.03352738876528516,0.017179435900473772,0.01654906863508865,0.03231511417751998,0.031028862558207804,0.022588932335632972,0.021507050209843115,0.026287922197528735,0.016034288688537846,0.03106035622399972,0.01663950565945771,0.023742366893515943,0.02302467014150089,0.022200157529265407,0.0205397436756527,0.02091906893076545,0.0002275062987258103
2019-08-07,0.004950734083217778,-0.0014491012055535268,0.00017655230701185687,-0.0012020954237080828,0.001281715080568624,0.0007682796598011965,0.004090042420839435,-0.0012884281886769156,0.007923699152464492,-0.0010808179142851593,0.0025420465772370004,0.007363398703377877,0.00011375368599830793,-0.00011360096156187716,0.0005367027608789154,0.006399832013159079,0.0002275062987258103
2019-08-08,0.017706375290258425,0.0017862773500427753,0.017118823799382232,0.0020747505093794416,0.003096275713413865,0.012111734217715497,0.013570114277384082,0.016419869674065835,0.006280639837556556,0.01918556887774492,0.003331098675115607,0.012632941791398178,0.012516058654829187,0.012034125899963,0.007900706184464035,0.013555875998033873,0.0002275062987258103
2019-08-09,0.01072885399178336,0.005194049895697717,-0.007035914477585226,0.056916890257902475,0.00012422999262740042,0.017522013106566314,0.009469075031212304,0.015826098317504922,-0.005378881899214538,-0.0073518244170428515,0.00012590538164558573,-0.0008224229288243956,0.0018864351122767076,0.0039699981864365075,0.00108140548742508,-0.0005372884841168268,0.0002275062987258103
2019-08-12,-0.015754663655877077,-0.010113621988412369,-0.017258522165341295,-0.024151379784772997,-0.010366180058367092,-0.016321652609456616,-0.01592036028071553,-0.02106838460084548,-0.015749357675867715,-0.01253773164967853,-0.02060979078451297,-0.018638930915280127,-0.016041195482757953,-0.01698819265652285,-0.01797661936622308,-0.01946949883788096,0.0002275062987258103
2019-08-13,0.011975808639707042,0.008943801863852352,0.0038806945873055554,0.003692770011519464,0.005943381708940265,0.005890903432304917,0.00815833760046325,0.01842276287648348,0.012208196589886366,0.001304668557289279,0.018962841197765368,0.010188621805174325,0.011301566116926232,0.011812025017897687,0.014959584644756552,0.01255656979878772,0.0002275062987258103
2019-08-14,-0.022039639990110715,-0.022818466078617705,-0.04461756061843636,-0.022892098876544642,-0.01937978835373111,-0.029871677445674316,-0.028202383430666167,-0.027620410703603993,-0.02703667791820552,-0.03466111588807552,-0.026922826758770224,-0.02803986316621332,-0.030971663007036465,-0.03111303417433997,-0.029645580825275686,-0.02832680509016272,0.0002275062987258103
2019-08-15,-0.016328783486322385,-0.024688765624396813,-0.044626226641107936,-0.013711883155950622,-0.022236193381406033,-0.026329183153285918,-0.02004541343963895,-0.01066418986113049,-0.014854019296914545,-0.01625080785449584,-0.009899968789819469,-0.008805335793819036,-0.014798713302527355,-0.014162786197783439,-0.01120418695086478,-0.012244516465430122,0.0002275062987258103
2019-08-16,0.019234144724875613,0.0016522419927094134,-0.0016912709168322992,0.014630494128421656,0.004926490782498627,0.008707386341501477,0.010507508568438073,0.010314277703152186,0.010488946309413105,0.015305342939312627,0.00865164371525684,0.012939635312723796,0.010919816932410509,0.011637327238638306,0.013486780825765932,0.007973203465469814,0.0002275062987258103
2019-08-19,-0.0026823262082066313,0.0013639689204969496,-0.012820096111658685,-0.0031425681166621366,-0.0033133119399213484,-0.0053259669291849665,-0.005443655080462628,0.0002765110835984963,-0.008640400826913308,-0.0020016285418020807,-0.011136678881366713,-0.0021775264917696102,-0.005590461796242785,-0.005757697899133607,-0.007299908969960134,-0.0031686760680967874,0.0002275062987258103
2019-08-20,-0.00883574130485898,-0.010140666607200144,-0.01782726262983858,-0.005875813462338009,-0.00972671972978112,-0.009642472662266477,-0.0019640326498187033,-0.0061674647182556885,-0.0010260844709796269,-0.0049610161112226825,0.001331451318800303,-0.005704756269829359,-0.00199289312101103,0.0002421971661668021,0.002715714109369216,-0.0021378093477530946,0.0002275062987258103
2019-08-21,0.011510777818787954,0.008131415140552933,0.031752111488693835,0.021381276524761184,0.017561346085063434,0.020187601820045087,0.018377047849495565,0.014104703605754665,0.013205680860602698,0.03708282378685879,0.020625834681875732,0.014472558410851821,0.024677479586892925,0.023563517372805487,0.021813428067275265,0.019192397775402714,0.0002275062987258103
2019-08-22,-0.013328939186678879,-0.004274403999083298,0.006240688778280212,-0.013681115941435729,-0.004200046398279755,-0.0040343772712106984,-0.005136490524965787,-0.015000441264297781,-0.0051948827903232075,0.003628403542269565,-0.0117182822456815,-0.009979697284727362,-0.004598462286896532,-0.005844489551007803,-0.012056521938681786,-0.01051352064042832,0.0002275062987258103
2019-08-23,-0.012648640794486687,-0.017334483333523498,-0.03218977428405678,-0.013605063492676206,-0.01866117156945657,-0.01977054943419687,-0.025864760432370848,-0.01886118214251775,-0.015243785106064611,-0.024743749141286187,-0.023082334345571054,-0.021973619344119455,-0.021877876459322154,-0.022271968439554146,-0.021024665727849556,-0.02349929979041221,0.0002275062987258103
2019-08-26,-0.012112312746071385,-0.010512043335076604,-0.0315010134477135,-0.023242564403862742,-0.012265121367890597,-0.020500041955888282,-0.01947415978193734,-0.01188755506097483,-0.013985958715208358,-0.020228062818219983,-0.01079902276845146,-0.008462938700666056,-0.015932329491766706,-0.014833083767346156,-0.01377964432738965,-0.013551169089946802,0.0002275062987258103
2019-08-27,0.012468363487601275,0.0037848121940737833,-0.0012713739434500049,0.01198103003868023,0.011834978071632918,0.007006731248100362,0.007756138849066119,0.006706113354215226,0.0021513073685544004,-0.0002608395699250643,0.0029107272683854823,0.0017429672980322497,0.00308453977769485,0.003924795886014021,0.007082323362945786,0.00929104035980588,0.0002275062987258103
2019-08-28,0.010213935536273144,0.009350920745582414,0.016270587385174284,0.012745995948409528,0.006301013048259696,0.013023147180150518,0.010410863565615491,0.016593665209945208,0.009501592428815098,0.0069835390452148705,0.011628892356102094,0.005635228090208333,0.01393682147640396,0.013420293079416279,0.013028819880969822,0.009041825466627573,0.0002275062987258103
2019-08-29,0.023903432823773052,0.012514836147781816,0.04747860441308882,0.0250534696032374,0.01668323096111224,0.026422584010370676,0.025354020433903335,0.019579465768043036,0.01528138440449367,0.025800558484170955,0.02334624541256103,0.014299386627704136,0.02375311631746646,0.024783787492422382,0.024248605690433633,0.02345788712922592,0.0002275062987258103
2019-08-30,0.011874095585466593,0.02134921710667359,0.03030736777715881,0.0009582706485504744,0.023922877505860196,0.015356212293681448,0.010459263023136156,0.012523615786743214,0.01108121637888404,0.020519927969915086,0.006399249089804382,0.020864249313313543,0.011944476394505577,0.011823527572871972,0.010055775883405893,0.007849596981000628,0.0002275062987258103
2019-09-02,-9.479288733638125e-05,-0.0028664383208709676,0.0013483996167109602,-0.003060847275506595,-0.0036469934917673363,0.0014060563904205736,0.0018691188213326715,0.0007905617291170675,-0.0017153247492176504,0.00620838064275131,-0.007626824983697378,-0.0006466435116569968,0.0015208511727609064,0.0013370080587420397,0.0002564424030362389,-0.004177897352683813,0.0002275062987258103
2019-09-03,-0.017304345824061818,-0.004822141376169986,-0.011652846218439872,-0.01298691683294284,-0.009854797951911687,-0.01250164687738653,-0.011763718777622612,-0.017306158616084644,-0.011784772302172897,-0.02272269271354599,-0.0093472437314851,-0.01609628124608342,-0.01709126524583693,-0.015801492298267328,-0.013815853193028804,-0.009756797796005023,0.0002275062987258103
2019-09-04,0.005499039793221749,0.013942225673843067,-3.909577486282956e-05,0.015478465842509559,0.0023043685852177642,0.007932483230012277,0.006595744691229921,0.009682190662802848,0.007886392620617855,0.0004996884168035898,0.016243588249458263,0.008068937505407714,0.008229509847811345,0.009493894889665455,0.013683000381286892,0.013910216051329805,0.0002275062987258103
2019-09-05,0.00017225146842969608,9.546483781797122e-05,-0.0011157096290165258,-0.002532562879272837,0.002850140519928157,-0.0006061397042274042,0.004028328179741525,0.01148605528501423,0.009261692247275466,0.005608447076852929,0.00868670849059372,0.015547678089386618,0.004907778921330097,0.0060200099795895134,0.0070241328116762425,0.009624317089026002,0.0002275062987258103
2019-09-06,-0.0022714166998480945,-0.005964629013774259,-0.006377785040319051,-0.0058979166791698345,0.00037941397315344183,-0.005176203299799287,-0.004531277260536148,0.007666307817576046,0.0053661115038774465,-0.00766298936700005,0.013477082904593152,0.008646879234841975,0.0005671446253388002,-0.0018050622248728665,-0.00370686874289039,0.005607231500949439,0.0002275062987258103
2019-09-09,-0.012411994417173,-0.0115878549647489,-0.0019956225482467005,-0.0099635160203414,-0.006652422681243886,-0.009902875292185254,-0.011249795767162007,-0.008708024929023672,-0.005712579962443121,-0.020534350706331694,0.00136823745936554,-0.005973488736228938,-0.01178590384696887,-0.011896164325580716,-0.009219286087569056,-0.00012047267836889919,0.0002275062987258103
2019-09-10,-0.013172397460046947,-0.00227787064440943,0.00795052898980586,-0.0035714892734457493,-0.005420143360072682,-0.0002422275078836078,0.0035376264128126333,-0.011589450264318901,-0.0019157639723313968,-0.0026445273114411583,-0.005398632261190639,-0.00695652591542939,-0.0038463256999612394,-0.0033246451598188953,-0.0023965004213942764,-0.0011919212989676131,0.0002275062987258103
2019-09-11,0.030603074195635793,0.020207454244596468,0.014561457165593872,0.024606416783595986,0.024663899676356182,0.022278541101405702,0.01772264465456419,0.01079950152621767,0.007552766919078691,0.019922649223239164,0.005940404162124935,0.003416049908590235,0.016622141661424727,0.01639865843556687,0.01567789061108149,0.005783340746388532,0.0002275062987258103
2019-09-12,0.003386328647110748,0.009285377488920776,0.0012978149111542159,-7.296918249011242e-05,0.0005273208375771166,0.003972466376446437,0.005963562306187997,0.006948876366191348,0.0065464340840668545,-0.0025009796903553427,0.004610159481837517,0.0033737185277229464,0.0023932228624106155,0.003336765366310779,0.0030639785889288174,0.008360161926916465,0.0002275062987258103
2019-09-13,-0.012589876045727477,-0.009154505337974683,-0.027851041204004723,-0.01872259700652046,-0.012651517442589078,-0.01716513862930691,-0.011458025170069774,-0.007256516516834566,-0.0018973941538755756,-0.019778506714522748,-0.010874664022609504,-0.009668509139627024,-0.011224216084155247,-0.01250303395293384,-0.012948990960244822,-0.008278521025393393,0.0002275062987258103
2019-09-16,0.00209139743147424,-0.0006845479225778828,0.006230624256521766,0.006165745361308428,-0.004566125414966815,0.0033007856641675826,-0.0001316858271975807,-0.001657029177494218,-0.004196100272058079,-0.0067161613454492786,4.3690479460956055e-06,-0.00701874215624998,-0.001645042344748604,-0.0007108607848399506,0.0018659595261092399,0.0012511541810993343,0.0002275062987258103
2019-09-17,0.021411941404057444,0.00848643407958738,0.01748299715828594,0.011831980883055149,0.02155792659757294,0.014143794740944626,0.01335646080650621,0.009324971880483535,0.008342953654308927,0.018633172479159965,0.01044614993654891,0.009989395088455089,0.014260592652368675,0.015022323607889465,0.01656270411030003,0.009438261250225288,0.0002275062987258103
2019-09-18,0.004108204595676179,0.003212602211321025,-0.0028373453400746262,0.01208211377217272,0.0018057047622430655,0.003887261056839675,0.003927278518694788,0.0002498984104726265,0.0015473051431424967,-0.009711311470969375,0.013570219112752469,-0.00019230285741178577,0.001780778823421869,0.0020433707143310276,0.005625480480564882,-0.0003887962008666257,0.0002275062987258103
2019-09-19,0.00968083184477897,0.010294430899254747,0.0032182126250002163,0.010360882279246697,0.011060071460263776,0.006415592767041289,0.007199096987316134,0.012268292898442112,-0.0014012132729399607,0.005974325121965496,-0.0032935802745150955,0.0044124492716761665,0.004005180497331118,0.004784481693357323,0.0013699050552564707,-0.0007879204368971271,0.00020872197828714079
2019-09-20,-0.004675719588170479,-0.01025408403120831,-0.011910261578711112,0.005551468189395559,-0.009459407243425866,-0.006006503818999698,0.0009364015146413607,-0.0006173064023914376,0.00682330445611723,-0.009316220087947746,0.009575595210242982,0.0010235654637993363,-0.0017045206258650136,-0.001895295098646721,0.001019754255941585,0.003841005538947062,0.00020872197828714079
2019-09-23,-0.0019967123426257727,-0.0069217372292437185,-0.005197016832543255,-0.00397081776069419,-0.0064554055531080845,-0.0036539341840425843,-0.00491781878838804,-0.007738660776930972,-0.0012489083350298857,-0.004440410872013967,0.00154120871162311,-0.006354979190917653,-0.0011801100182606827,-0.0015098034869407417,-0.002633073180507428,-0.0020087893335853924,0.00020872197828714079
2019-09-24,-0.0032267789472896213,0.0002756244211274961,-0.013465972493801326,-0.003733767109440622,-0.006578716499749726,-0.005541906823415044,-0.003578205817479807,-0.00010338140499466242,-0.007174492714655423,-0.01455308206564343,-0.009197124260986067,-0.009646219560565217,-0.007386895382723968,-0.007747151157685095,-0.00741216197359984,-0.0071943461321085644,0.00020872197828714079
2019-09-25,-0.00383352049928809,-0.007636517849441193,-0.012392577457771115,0.006622923013740678,-0.009631672431995586,-0.003469191605545374,-0.0015553084204026346,-0.010091475773353453,0.0017392366737303266,-0.005989312422637116,-0.0004352901968867062,-0.002263876387849084,-0.0038390646736993217,-0.002218380153495958,0.0012230300781053138,0.0047171930970097975,0.00020872197828714079
2019-09-26,0.005206519155260825,-0.002008696841238611,-0.0009171547912220079,0.001846000276263915,0.003900149393446961,0.001403402013530508,0.0038740638122205517,0.006111402982048819,0.009201362194356077,0.008670046126614706,0.00866916737421386,0.011549465086598598,0.00654408139723861,0.0053166854025850085,0.004403146227699883,0.007957959773898349,0.00020872197828714079
2019-09-27,0.0049620858839589665,-0.0024274603804779193,-0.003672549055808383,0.0046709531817019645,-0.002584562247922917,0.0006806874386475759,-0.00029079974697565625,-0.0018255191368861112,-0.0011977890727835616,-0.0025669101950328566,0.0009386508831568108,-0.0029065399541748915,-0.0002026524479417091,0.00013713926697977996,-0.0007576668334838832,-0.002136896774913577,0.00020872197828714079
2019-09-30,0.0016107780191643162,0.010149662233395418,-0.001960777568286054,0.004910787009805739,0.007181644001118759,0.003303287314848191,0.0034709580982521526,-0.002851773096287036,0.0033274750749974213,0.006886852210030492,0.000897096995520652,0.0023013849051654045,0.002362655475155906,0.00321990942591599,0.001978142504602598,-0.0023933041027616175,0.00020872197828714079
2019-10-01,-0.0028317438575651277,-0.0023285903536818253,-0.0018681951901050597,-0.004226050054678243,-0.00754483118171323,-0.00387992457290387,-0.00471945302167065,-0.005428119858032487,-0.008016053012428137,-0.005349552567069149,-0.011728752108580487,-0.007673823794745127,-0.006699981185946613,-0.007221899120462338,-0.009505379586890128,-0.006763221302816702,0.00020872197828714079
2019-10-02,-0.017063100901290262,-0.017811139387600705,-0.024569320730678523,-0.02093808892316995,-0.016126642722304463,-0.020111117575614457,-0.019780149637363742,-0.022371608977915458,-0.025662914785065327,-0.023304415661750455,-0.032107479644439274,-0.02318210838663759,-0.024857417682654037,-0.023911242962596835,-0.025412380289194902,-0.028129612270476945,0.00020872197828714079
2019-10-03,-0.003911939197128622,0.0016180992843388697,0.012907067565711916,-0.0021194016975574215,-0.0004944103196227179,0.002692982444550518,0.007585013558956355,0.007570205426834953,0.0016396586601807872,0.010427904432079416,0.00992793798485292,0.007082095688353496,0.007796243867067787,0.007266773273474136,0.0046341428137519625,0.00493029685914137,0.00020872197828714079
2019-10-04,0.012086599801775177,0.008214013768493844,0.009076766405182513,0.010272684471865912,0.002727087734842648,0.009013959825296958,0.01050024102618341,0.009995662260895655,0.0018705903848070804,0.009123767249648695,0.001455517750585722,0.00535245044825805,0.006250626849063412,0.006710145457645256,0.007178294082586412,0.009831206149620408,0.00020872197828714079
2019-10-07,-0.013774048985556897,-0.023481121237649893,-0.031032261915430293,-0.023235071371774274,-0.025367408033537764,-0.0233076486638909,-0.020425208335500433,-0.023240742807964176,-0.018576800059276644,-0.028410440583388596,-0.023862412649789833,-0.021351418281117196,-0.024631018905445057,-0.02423489705125348,-0.022816547071099813,-0.01900110367332386,0.00020872197828714079
2019-10-08,-0.009510944220776807,-0.004766572658230661,-0.005644748767320795,-0.0016517558255368936,-0.0024706380960480834,-0.005422290917890482,-0.005815352650068939,-0.006123649032073741,-0.005128883986632804,-0.00047365553230349633,-0.006545553461278497,0.0004209337812817182,-0.005428420856157912,-0.005047583955381518,-0.0046049109297883195,-0.006043182629257737,0.00020872197828714079
2019-10-09,0.02026395762149269,0.006527014509948081,0.005500839050251116,0.018170474211880228,0.011225670294154666,0.012416183184158713,0.010282428626273266,0.012409377111060937,0.00850304265121804,0.009025594146830684,0.013069601402480036,0.011452921187830922,0.009986375848223483,0.010269706146416313,0.009522829808808586,0.012779603681097207,0.00020872197828714079
2019-10-10,0.0009200034237140109,-0.00019701483648493223,0.005477845492134259,-0.008492240549173524,-0.0014289088002790162,0.000500665276244705,0.0010603984368486863,0.0002045784305317877,0.004484009444755799,-0.0021397796292206284,-0.0016529372743305792,0.001518369183443058,-0.00120910085220427,-0.00117396274462378,-0.000771526311958648,0.004723857454886016,0.00020872197828714079
2019-10-11,0.027004541431920215,0.01557156249038516,0.01085195895991653,0.03160064103248872,0.01645025120804,0.022135739179524272,0.018929490593761145,0.019562207717462865,0.01822015078081196,0.00611900966368073,0.025808268548362934,0.014097322724984096,0.018186896137651676,0.020317270139021293,0.022642114157512827,0.019526788791575544,0.00020872197828714079
2019-10-14,0.012296941549557294,0.004993718179241435,-0.0040763745579737165,0.013078532320004221,0.003813417303220268,0.00521776904779192,0.003981875376113608,0.006926837163974575,0.005469054275210716,-0.004815863581981938,0.009066255044445137,0.00511652678847363,0.0029670925212685884,0.00282250733353262,0.0030571455434909023,0.00451773183928017,0.00020872197828714079
2019-10-15,-0.008204227748589199,-0.012820352420892078,-0.004720159056134321,-0.0014502780086720346,-0.013712823338256852,-0.006853945451541055,-0.0018863894631980793,0.0003965808699328832,-0.0015924364069210828,-0.0031001979259945855,-0.0040482906947143515,-0.0030567706624993196,-0.001991302384509397,-0.00037736221635786826,0.0029768160566276958,0.0007525771311596152,0.00020872197828714079
2019-10-16,0.007262905363050853,0.005867866099591668,0.00990399523056884,0.01795596777743369,0.006462699774823832,0.010534390014790285,0.00907324221103023,0.012327474445189557,0.011483178840895336,0.011367309725539121,0.013641227452157567,0.012798277123024615,0.012630118170348537,0.011952498528330135,0.013200151797497561,0.00869173340176177,0.00020872197828714079
2019-10-17,0.005437916428686629,-0.0010520256440101905,0.01160983209035149,-6.641065728796303e-05,0.004434462444756315,0.0037320558305209417,0.0018530467132436002,0.00028196832473503797,3.288624176556176e-05,0.0038582299334177783,-0.0023755216166555515,-0.0011761389525678512,0.00010601253536512978,-0.0009599476768588078,-0.002535197882397089,-0.0032073233165682558,0.00020872197828714079
2019-10-18,0.004353050403560932,0.0031717354793876495,0.0025696267118386906,-0.0038460420476993384,0.0036606694324758937,0.0020184129583440402,0.0006460044078568927,-0.0021355453590119478,-0.0008943494123960782,0.012890227947272459,-0.0021409092575770394,0.0015350488829473097,0.0022199462301191186,0.0029754613669157326,-2.522025691042984e-05,-0.002137981065607475,0.00020872197828714079
2019-10-21,0.014206716174996581,0.008286185879967656,0.00023953115649799628,0.01857619126674326,0.009802900120186031,0.010650156594491866,0.009121395010527111,0.00653160220739557,0.005651980679352908,0.0028011297266923307,0.009215679634093865,0.007467302889444083,0.0052985630121871186,0.004469864537888668,0.004508935201921416,0.011663946368601241,0.00020872197828714079
2019-10-22,0.004713924540760361,-0.0039251073369369616,0.010412366443281806,-0.0010233520077186364,0.004538039501021718,0.0014339020811260372,0.004487256602293321,0.014012959830247418,0.0074741089925871584,0.002450417292524598,0.008119767690989654,0.010566547854019337,0.006523972307802106,0.0058781247320736085,0.005869618586381575,0.01169815827668863,0.00020872197828714079
2019-10-23,-0.006674083924146923,-0.0014363101189324157,-0.004474161484452788,-0.0019782483637146298,0.0006809557102127606,-0.0039130861855704024,-0.0036383339847745333,0.0015613060906380927,0.008361115228623817,-0.0025468079131665267,-2.764332330940089e-05,0.003094521988102228,0.0005582190232109596,0.0002158693398024436,0.0009707122254272171,0.0010071122578900749,0.00020872197828714079
2019-10-24,-0.0039521999819059905,0.0016783094310799385,-0.014625721634355715,0.0002715288171435404,-0.0009056331155322672,-0.005035446306898783,-0.004327931316449152,3.798466630278163e-05,0.0003914605469548249,-0.003814072696281867,-0.008504135622330988,4.421806795606997e-05,-0.004926113469577165,-0.004379267100113382,-0.006320135213765177,-0.004712008047015215,0.00020872197828714079
2019-10-25,-0.008669281001616902,-0.012468973491062907,0.001108577212912465,-0.008853866969635749,-0.0020778358602423497,-0.004676157529167724,-0.0017272882525358746,-0.000661724539704478,-0.003349124499180456,-0.009000699549362223,0.007926876957672135,-0.0036655142091563953,-0.001834180032115551,-0.0033535919454983354,-0.0022809086827891845,0.002727542736821187,0.00020872197828714079
2019-10-28,-0.00042145629317025257,0.0018943683804339972,0.00483226913252266,0.0009591404679678561,0.005799393124338081,0.0006940059493891759,0.001682008979077887,0.0010684978568471504,0.00839336917463207,0.010320041413881542,0.010572867658814378,0.011918842612407055,0.005165064334116343,0.0045338225777071806,0.0027332865674893903,0.007366120208850635,0.00020872197828714079
2019-10-29,-0.007394069258207292,0.0026368084133110425,0.0009277351980769843,-0.008384070789572262,-0.0005031949249933998,-0.0020148418730332462,-0.0033246984238118893,-0.008906846238723842,-0.005132439536269295,0.0016294960500400357,-0.0034732897504968774,-0.0027467023281966263,-0.004007414263469511,-0.004876928620983212,-0.005956146927581396,-0.005089861235007098,0.00020872197828714079
2019-10-30,0.011853185020331614,0.011084812345145911,0.016051963905683975,0.015600639780435355,0.006552509514498039,0.01327446846634639,0.011093891868555028,0.012816926279650254,0.009190124570724656,0.017383931411544484,0.003667020531383569,0.009924865724069587,0.01058954697707537,0.010731652897159938,0.008319033679889731,0.008154354532790009,0.00020872197828714079
2019-10-31,-0.010376426260984561,-6.778339063595595e-05,-0.0015816323319688408,-0.004923660810245534,-0.005962567618154169,-0.004578110831521265,-0.004275253137419721,-0.007170835532305908,-0.009043866226398634,0.0013113982849854988,-0.012129869402760285,-0.00650522192132208,-0.0052370653616952145,-0.006557361172480625,-0.008381092211479313,-0.010206967334973505,0.00018984869126059678
2019-11-01,0.025405958218216007,0.004278538605543947,0.018500659134468966,0.01212711821900525,0.011929388044689349,0.014033055684625761,0.015013368096363777,0.008038754375608859,0.00563637062858291,0.008327973058996019,0.004430951362930591,0.003105319034038878,0.007968983315635558,0.008882268786351677,0.008824890284768738,0.009319341600231512,0.00018984869126059678
2019-11-04,6.63575734456412e-05,0.0040325962350507005,0.009826146414894099,-0.006528010706675191,0.0029081265019665903,0.003921620666718084,0.0034667924922431315,-0.005420424129965129,0.011191582327392702,0.009101755451228044,0.003729732994221635,3.672118886655085e-05,0.00583195670580916,0.005759434850972411,0.00674075474215563,0.004517547688777546,0.00018984869126059678
2019-11-05,-0.0035616123735731087,0.0020181176196618633,-0.007232902913673733,-0.00541410382703289,-0.0024473088558319978,-0.0035187857214964424,-0.005641093026923061,-0.00039392502230450877,0.010055088490204422,-0.01041982156786525,-3.613661454260342e-05,-5.356622468866146e-05,-0.0015172457435013165,-0.002301320934610551,-0.0018609685319608271,-0.0017145268842949646,0.00018984869126059678
2019-11-06,0.0073984041148202895,0.0002249545603327796,0.003972003832303006,0.007842748684654621,0.00015418775713360588,0.005111596596750534,0.005242447751153678,0.005082432101262135,0.006508979712255947,0.007352569116048757,0.0006971475782515668,-0.002516225687438256,0.007842327122491888,0.008226539112260678,0.009526891893013145,-0.0023312939274894307,0.00018984869126059678
2019-11-07,-0.007497429211593687,0.008535003952169884,0.013191225531451245,-0.0009361378758128147,-0.004770348629414611,0.006392632138381593,0.009328115302971396,0.009987200317260525,0.013011824566442343,-0.0007007417905572355,0.01610727510620924,0.0023703047665488697,0.012793545713811305,0.013953157096636692,0.017964252343491083,0.01045517759918968,0.00018984869126059678
2019-11-08,-0.0060111614138103064,-0.012890178529337382,-0.020326985941669595,-0.01443570598030397,-0.014442880896056498,-0.013079914769427159,-0.013606663837483435,-0.014347682365439263,-0.00868974791218824,-0.013027750407220262,-0.015711791425418786,-0.013092862904083513,-0.013541118450817735,-0.014952913724281203,-0.013130445783748779,-0.01697675311227742,0.00018984869126059678
2019-11-11,0.0173012891933344,0.005626867521312695,0.009761091599931992,0.012419425467649292,0.004404208816963795,0.011156113447302607,0.008109054179646247,0.003730393054675041,0.009093563090846413,0.0021045412488513993,0.011153940971780907,0.002013036107019417,0.008330055990194873,0.00956481859362679,0.011731333106034914,0.006867821338587321,0.00018984869126059678
2019-11-12,-0.014597807475197344,-0.002799909442971371,-0.012951711881155181,-0.014052229099679181,-0.004453981531499229,-0.01092641614583778,-0.016541438628849492,-0.012707703363281087,-0.01351542980143261,-0.014167744705870455,-0.01590445586880951,-0.004838836326214735,-0.015607812747089889,-0.01651629622846229,-0.017636941061020317,-0.014604825382835696,0.00018984869126059678
2019-11-13,-0.0160038430421654,-0.004166534093336671,0.0033750557930680714,-0.0038647489146809155,-0.011288424013587428,-0.004304040990744995,-0.0034221866672644596,-0.0017187017500099877,0.0015865673992054852,0.004292239989956981,-0.0038401688452652794,-0.0018526527455240416,0.00028483582797234064,0.0004358768853389705,0.0004390972161236739,-0.006475760562548838,0.00018984869126059678
2019-11-14,0.018685929620829267,0.0037485038045272923,0.003979399173425158,0.018573417566009498,0.00848831841971176,0.010835652931052708,0.013954896593124877,0.01196771156321419,0.01117357548756237,0.002140702321536958,0.01017472007592457,0.008017480754320072,0.00684060056728808,0.007649897440008102,0.0096339536516854,0.005077358828156298,0.00018984869126059678
2019-11-18,-0.0021572842712890283,0.001141486667421976,-0.006783981373933212,-0.00030940509524712834,-0.002788008724986857,-0.0021749743424451795,-0.0019627051419583985,-0.00542747578730951,0.004862795240955231,0.00021919256190794378,-0.005121873338572169,-0.0032734045285255364,-0.002592183358416822,-0.003555378797497677,-0.004743843328189223,-0.002615424060333993,0.00018984869126059678
2019-11-19,0.002855086216408509,-0.006166691373813649,0.00582148442892394,-0.0011672543479163133,-0.0004581071889271371,0.00044720479289650505,-0.0002173425988865052,0.0012790662633317407,-0.006384739515425175,0.0023139497741504478,-0.009131406082177218,-0.005510069206843382,-0.0022844424842065614,-0.0023007840769574406,-0.003330512407523578,-0.003549735246012986,0.00018984869126059678
2019-11-21,0.008515119742126265,0.007274374797532124,0.03001341132264357,0.00909752089873006,0.004087260871786791,0.01347680987875588,0.01582134507421018,0.015386627738986025,0.008174171617333803,0.017368641143638452,0.010479170780222091,0.01149325252571276,0.012868923636512708,0.013085981216377718,0.007455695855816291,0.015242465399101235,0.00018984869126059678
2019-11-22,0.006258268434268244,0.012222462777443877,0.011875960389393425,0.012432423634472167,0.0125978199957677,0.009616745279053429,0.008063850514214543,0.009464170158877128,0.006434813871794454,0.007818753082472263,0.006922705187804246,0.008749378420436882,0.0066448300729609056,0.005706069645859291,0.005475623416310693,0.010406626756695347,0.00018984869126059678
2019-11-25,-0.003603447275293159,0.0008968667317257317,-0.0012706691827079064,0.003410146111539447,-0.0004358628656226937,0.0010529838964643545,0.0019804085280470396,-0.0057371772573204805,0.0020371396492666616,0.0008138678865277083,0.0034496149660656616,-0.004134200122024478,0.001643693042429728,0.0023310099881179713,0.001538561377512515,-0.002234416248047544,0.00018984869126059678
2019-11-26,-0.01282765706071487,-0.011550975576670397,-0.006938065860074727,-0.017142771552782987,-0.01779866395586649,-0.011152595991803071,-0.009297418713254513,-0.013908579382497455,-0.014941127339494265,-0.009610209290226157,-0.013325874084341827,-0.0145290498638595,-0.012107079144937805,-0.011331694422021421,-0.011347345401530706,-0.012451201863916017,0.00018984869126059678
2019-11-27,0.011781052368551759,0.009326429751005838,-0.0024094434990591385,0.010184658555712822,-0.0015217387986381503,0.005284907045844944,0.004547446597725768,0.015011581574028376,0.010768159984344328,0.005970283869600523,0.0035669478750788297,0.01211911101589136,0.006793261456266464,0.007371705675415896,0.00781830296674979,0.005932950702297823,0.00018984869126059678
2019-11-28,0.0028220418326567742,0.011178363147597237,0.00792717899853801,0.007471709756591505,0.012894563991917574,0.006758704352152645,0.009547933985759371,0.00849722587961943,0.0039037694050976235,0.012231194925486966,0.0074805857778565965,0.00577449443136957,0.008325431138821004,0.009535157991158005,0.010987522185040177,0.005667278562862421,0.00018984869126059678
2019-11-29,-0.0015865867312887527,0.0021518315162074586,-0.0007802125428905127,0.0016607260967771431,-0.0003356490585214589,0.0011052794878110284,0.0009129534259422201,0.006626370629931211,0.007331774182855799,0.004652586795949043,0.003255084074364145,0.009707116850526498,0.005771758003445537,0.004968039942010005,0.004754630001876148,-0.0001822259015059613,0.00018984869126059678
2019-12-02,0.0034192092608962277,0.00032224048823303875,0.0056946309793057814,-0.006805936353431186,-0.002217375462245652,0.0006492498037720118,0.0022903535754033033,0.004181123809654297,0.005156773390695424,-0.002866854915865469,0.0009964441482803732,-0.0009315040548500964,0.0028497991642775222,0.0030182285955329125,0.004083929962334976,0.005703145523433983,0.00018984869126059678
2019-12-03,0.006935079690763013,0.003214657110124808,0.0037246274006084157,-0.004000632861000719,0.007102429046193404,0.0028749729664045987,0.0033525300421051174,0.006562135168627581,0.009422800853670976,0.014555147617514974,0.005382430091116941,0.004449304943237253,0.010943978107615049,0.009776605289618878,0.005523159278987277,0.0008193498933026788,0.00018984869126059678
2019-12-04,-0.010051237621375608,0.011162454412159128,0.007845720881153762,0.0019801447242560055,0.006545556166797528,0.0021141187007205353,0.004063177550094554,0.013300976479361681,0.018432728129128106,0.009958872727764856,0.010183347006131216,0.016247451769219268,0.009811499237651455,0.009185451690806534,0.010964506702880294,0.011886064566390298,0.00018984869126059678
2019-12-05,0.008186979128891325,0.005875687539217633,-0.007409244766659162,0.005236048517412106,0.0069428129492756785,0.0025549077156563627,0.004510503441388591,0.003861424706615546,0.006057100600221466,-0.0011789328204275806,0.003875048740059839,0.0020653273440482955,0.00451921913157971,0.00436063443156276,0.006724265897283033,0.00318626528163124,0.00018984869126059678
2019-12-06,0.013064246245091171,0.003806587067115119,0.02454774072741328,0.009074387337949075,0.003714520838242974,0.013629452090874405,0.011460470204791129,0.00566882824288939,0.0025814898598257585,0.01227426212480287,0.0025508797635354075,0.0002867547777982704,0.007756698626629088,0.009817676851817003,0.009251928134012655,0.004863330847779457,0.00018984869126059678
2019-12-09,-0.0039438128069732015,0.002403135975904691,-0.005257354916270218,0.007068249038835184,0.0046074385332599554,-0.0001472954061949583,-0.0005220751023752301,-0.002441378284031348,0.0009284174304233783,0.003913403938829996,0.0036365594076388508,0.004452887409521322,-7.938971710075293e-05,0.0015224457683442605,-0.00125777751484768,-0.0013900963150426104,0.00018984869126059678
2019-12-10,0.00016536689954338435,0.0007908040475070877,0.010289866750702537,-0.003463955616990977,-0.00461207783191131,0.00194753661975966,-9.902798622996034e-05,0.00023820756035708435,-0.005410822850069885,-0.0020402326560472472,-0.00705210974414483,-0.0037628448382681645,-0.001036160396581276,-0.001577322398737091,-0.0030981838410268914,-0.0028476886389519063,0.00018984869126059678
2019-12-11,0.012923998232417633,0.013327876932079707,0.0073937308636395915,0.00719422144596682,0.00535813417922415,0.010699598386613385,0.009242010313401883,0.0013969709927517115,0.009989034467561941,0.006998338313749741,0.006821841247992788,0.0010128303596224075,0.008963134347262036,0.008410775587732955,0.0069880570101450434,0.003294067229926645,0.00018984869126059678
2019-12-12,0.013861517467893325,0.004041800373117077,0.021996431310226994,0.0049121471378998915,0.013132424890379024,0.010451297612555033,0.009867687449761187,0.010685237946357784,0.004411945786836569,0.011670694594818842,0.005967285805969169,0.0013019600101054074,0.01078539638736653,0.012044429327861872,0.012501475138149809,0.010653971110562432,0.0001708855892015304
2019-12-13,0.010790061949562446,0.012011218757622899,0.02055996859367637,0.005945449432217753,0.009336775557351684,0.013331359437516399,0.01068191235184024,0.013204415412509052,0.01405974329232551,0.013693399930916117,0.009426951951020168,0.007187688012108673,0.015136885681583445,0.015352331069647951,0.013537995322639107,0.003715921530043742,0.0001708855892015304
2019-12-16,0.01311945910510981,0.0011065233066749336,0.0006786898738386782,-0.002838960867336038,0.006630796150590701,0.002670465887304463,0.0016746678545054294,0.00539228130157654,-0.007373607162994289,0.002554273001963425,-0.007259104222922308,-0.00250578016423908,0.0007236047183383221,0.0008799934275280918,-0.0026024349391264856,-0.004821985168466547,0.0001708855892015304
2019-12-17,-0.005199288813694247,-0.00167345233933891,0.0007512072451525409,-0.0014275035066655395,-0.00047095691369380965,-0.0010938612359341349,-0.0018236723917555153,-0.0016731474638739252,0.007201061166092426,-0.001779437465354139,0.00852265947145825,0.006901540789532534,-0.0003716060952750899,-0.001274986722993865,0.0016893543107359132,0.0058205488274407635,0.0001708855892015304
2019-12-18,0.009717396253924537,0.009523312086330282,-0.00020128299963173557,0.02475440719751454,0.01006700748652789,0.010117957522601584,0.010467638282224856,0.012359807689627633,0.01852247707243193,0.0033909748221290226,0.02376792524363558,0.018046862479137893,0.010542055038843756,0.010573850695228648,0.009180693769188952,0.015195072911381002,0.0001708855892015304
2019-12-19,0.006893498469370707,0.003367388314036379,0.004111682980494358,0.006984273403979335,0.004682526125760367,0.006905520034935497,0.007471144324207257,0.014733148019695275,0.0006485114461993735,0.016271432339828973,0.004974279520051805,0.01054570127710952,0.010573671664146245,0.011822407179054917,0.009213710477248505,0.007427125254602096,0.0001708855892015304
2019-12-20,0.00374734987209413,-0.0038785304977814183,-0.0026443170663974502,0.0001272093726223389,-0.0010080717006151207,-0.0010899976058230676,0.00108197075244032,0.0006906706836484755,0.00024347113892542183,0.004668860099726224,-0.005714411511070661,0.0036476202729700535,-0.0005997037497030844,-0.000528035989974418,0.0009483377064967158,0.0002569663856104576,0.0001708855892015304
2019-12-23,0.007985934229058467,0.010439403421815596,0.020939418901624318,0.00562818458137837,0.011746962538552008,0.010832427051596039,0.010597997642088464,0.011367356653536165,0.009209813402896394,0.01756633013537723,0.015474495031314373,0.00760242248598364,0.013871706252846616,0.014032460380574152,0.012196439003077986,0.006905283398134232,0.0001708855892015304
2019-12-26,0.015946649035592175,0.014548726349360441,0.0083728511548673,0.02032648266461501,0.015020179290694102,0.01540668150663671,0.013871783782803293,0.01186096642470491,0.017531770881136,0.013486900218304898,0.015831779294344317,0.013860929206604977,0.014078039793514519,0.013911224906393294,0.013162521248450965,0.011847098456165162,0.0001708855892015304
2019-12-27,0.004470353001933214,0.0002907231021540557,0.001445588610315296,-0.005905946488892422,0.004991555395676306,0.0009940019141660983,-0.0008348217469317243,-0.0017995335892042608,-0.0002892227743549469,0.002509390351558727,-0.004163769016155672,-0.0014841757154674395,-0.0005601274700030023,-0.002041168338490773,-0.004224398113022332,-0.005198742735423423,0.0001708855892015304
2019-12-30,-0.0028592388105750377,-0.0005523566168600391,0.004649985818130364,-0.011598989628574863,-0.0013202872014856926,-0.001380763919700656,-0.0015667313574435626,0.004689516176820119,-0.0003785279608145009,0.0025073514791627005,-0.004260626802439216,0.006755128352921691,0.00033835793110892354,-0.00034157880448693057,-0.004855232354114669,-0.006625500739080636,0.0001708855892015304
2020-01-02,0.02817022973782568,0.011181324106461998,0.03138273281663784,0.02932659379446445,0.015600592519269263,0.025076368492880308,0.019344104303335108,0.013339721987861708,0.010607027900374932,0.010144628825665691,0.018440771032978587,0.013179955388516351,0.012529641536979552,0.012864762014878961,0.015322709201837537,0.025014062539162385,0.0001708855892015304
2020-01-03,0.014612684144157395,-0.005489267827838873,-0.003426926699316879,-0.010435032143631062,-0.0011729430274843855,-0.0005619017375684265,0.0020636048959781217,0.001507453045354934,-0.00020070568111640874,-0.0016757883467968249,-0.008185890439054266,-0.00515645311592694,0.0006145767408678449,0.0014961013918786126,0.001586697433213713,-0.005684566108385081,0.0001708855892015304
2020-01-06,0.009916547741508186,0.0003763409972847853,0.005152068294297818,-0.009181827928045894,-0.005339450862730799,0.0012978588083856213,-0.005590708993917337,-0.0002784019911415969,-0.004660035247102123,-0.006714420463656001,-0.004859204010552953,-0.004175812827437286,-0.0035127215514111354,-0.004519194965136419,-0.008870954334179504,-0.00624962582673394,0.0001708855892015304
2020-01-07,0.007087088586420487,-0.009574103533997569,0.005325127674586039,0.0030932150056466323,0.00013878035800973798,0.0021217811671347953,0.0010661705971701796,0.007972493266978464,-0.004095459235189947,0.00585886485583198,-0.0017622341726377666,-0.004315805215073354,0.00360513997915346,-0.00016274611857591825,-0.0005271961313391138,-0.0017953590850018353,0.0001708855892015304
2020-01-08,-0.0049683740287850275,-0.0066678361030749755,-0.006358505746525633,-0.00048283847414276604,-0.009030703463673628,-0.004738988808057676,-0.0029934796982018508,-0.007923959732706543,-0.009286248395544594,-0.0022310119974761067,-0.009577825724078837,-0.012261379622294566,-0.004154617739157707,-0.0009370680935564257,-0.0008919109431716477,-0.0036745983911669056,0.0001708855892015304
2020-01-09,0.004464950377137233,0.002877318033807752,0.0006735938637865146,0.0002042174127392382,0.004247452494330561,0.001289154582807539,0.002292893062573631,0.0037824022513537336,-0.012615722495773807,-0.0034941715055821776,-0.009197301037314864,-0.003649047656799631,-0.003608350207604194,-0.0020079546246517532,-0.003026085287130331,-0.00209932737086016,0.0001708855892015304
2020-01-10,0.007216920576115671,0.007881282111779964,0.005809561169820121,-0.0010526672907612555,0.011330302343571574,0.0040120938392842476,0.0014936712715118983,0.007352851924400827,0.00963073939970105,0.005723529078466294,-0.0019788844642039116,0.007790411215919946,0.006548926967116175,0.004195779798516153,0.002869184905969213,-0.0030300206061839585,0.0001708855892015304
2020-01-13,0.03140943330208068,0.005383606209779623,0.015404016729686498,0.016242150169709868,0.013467251334755348,0.018533179091005936,0.015848194629073165,0.012746331869208705,0.015342395725816527,0.014136412769587325,0.010781559113901995,0.013082466628941969,0.01357635631905496,0.013144307291600876,0.014871316073070018,0.01518856241060429,0.0001708855892015304
2020-01-14,0.013299394763157002,0.00429128913264698,-0.0015519663709840925,-0.0018595299652489627,0.0058060480309727325,0.0037653086327642526,0.007543599401717893,0.013906634312743416,0.01022839208644477,0.0005123884002484758,0.0008689136858885949,0.0018175348972579997,0.008327088561378204,0.007422570883500734,0.005787099993614708,0.0027342659051379226,0.0001708855892015304
2020-01-15,0.0053325912012487375,-0.0038972598033379935,-0.004407671292032123,-0.00913599878888538,-0.006225543874120776,-0.002975927500273423,-0.005604711025887443,-0.0025059172213838243,-0.007503087948022902,-0.0071557240866128025,-0.009981248128423048,-0.008818809233908875,-0.005939290673855346,-0.007526644227559887,-0.007641952201352553,-0.00967977301017875,0.0001708855892015304
2020-01-16,0.0007015008276483048,0.005878241324857036,0.0065630072255291605,-0.0038161737318581634,0.0010255748983387658,0.004048506140028385,0.0035388757434207108,0.007335440975224428,0.005648045814357294,0.007524585236564407,0.006400601437836606,0.0030510908670664527,0.007106070371287299,0.005335187962978161,0.006435500457309118,0.0028949999227241285,0.0001708855892015304
2020-01-17,0.0029433176979605236,0.00789716832335019,0.007890249064802957,0.0173000633085445,0.010120159804194895,0.008479123774589592,0.009434315135117943,0.0097665156659128,0.008833620282244992,0.007057805168056097,0.013635883415827887,0.010046290049809059,0.009260531738891187,0.008697226289859472,0.011216009417304384,0.014406044187781797,0.0001708855892015304
2020-01-20,0.010711973266989583,0.004821813808927322,0.014904991021388536,0.003040616414045738,0.009787188433988181,0.008698736229501902,0.009198822509752347,0.019625352877857605,-0.0004602766634143052,0.003190706295524537,0.00017311816106713174,0.006635635500026327,0.0062723089542895405,0.007807991588770324,0.008225575883440417,0.0035288760567737665,0.0001708855892015304
2020-01-21,0.00848065734439829,-0.0029399017391440463,-0.002443992073823842,-0.0075043855489159705,-0.008936611538087447,-0.0007851136642625933,-0.006910615598489378,-0.007384909372626924,-0.005335138483471669,-0.01390386580471037,-0.017844046751535503,-0.014762324321687559,-0.007548405810790526,-0.006688335193962502,-0.009158359254307191,-0.01464789517924947,0.0001708855892015304
2020-01-22,-0.0007668698708940269,0.006443112338672119,0.013570850787115507,0.0002906904700306079,0.0012087744029654068,0.006079851842614614,0.009681298640863645,0.014879453826470268,0.008988589831196991,0.0013680219512128833,0.016210955413719086,0.012439315829520403,0.008418751666935176,0.009173928376307483,0.013675739545680132,0.011105671052360266,0.0001708855892015304
2020-01-23,0.011239092203505718,0.005498246328415224,0.01412698296547199,0.012188947635493275,0.012743264062603954,0.01052356826543921,0.01022386021907673,0.01613987781133308,0.013649693045661548,0.01431738519000425,0.014729655082899917,0.01729913527001936,0.015898793443728465,0.014572416867741245,0.011553078636805658,0.009472627744522955,0.0001708855892015304
2020-01-24,-0.01870594763344513,-0.0018787504263196864,-0.020322631417826864,-0.007407593252771294,-0.001314279854368161,-0.014072277342149553,-0.010955552636990995,-0.00044484459149818356,-0.0013013355441537922,-0.0036276966516971543,-0.001974193910412314,-0.002122347415897785,-0.003254177750849241,-0.005906725002013613,-0.005429866310281861,-0.009487518715984411,0.0001708855892015304
2020-01-27,-0.0358372234014841,-0.013231357748134664,-0.030305228333371015,-0.026062837744394662,-0.014398445671423121,-0.027479616088819436,-0.028957413394422038,-0.027442394232602085,-0.019036920088276288,-0.023629859552752652,-0.01940471919793818,-0.02214707176397368,-0.021130795609544117,-0.024128285999341914,-0.023743958316669977,-0.03223470264269612,0.0001708855892015304
2020-01-28,0.027513273711187836,0.012156180990095855,0.013108369765839845,0.01924380388974556,0.012606506863967137,0.018773508531666705,0.017167818331868867,0.018610028109722565,0.008929469410908775,0.01125592791150365,0.01163802312785811,0.014653890343495402,0.012641469415231699,0.012509958633988738,0.012462692681328047,0.017317618318188233,0.0001708855892015304
2020-01-29,-0.011052021426050218,-0.0011154945290035023,-0.0033287133437708283,-0.007180431430976242,-0.007493784092196032,-0.0065982370074483265,-0.00699188954686758,-0.00663753202161077,-0.005605164812234276,-0.003928476730507113,-0.011109104521869306,-0.01146176357902251,-0.007271028731145268,-0.009720991408803226,-0.007992712458874562,-0.009175727985767157,0.0001708855892015304
2020-01-30,-0.01212942602239886,-0.0051309150706200235,-0.010217828075314794,-0.007487097712348789,-0.007357219316450281,-0.009077241439476524,-0.008461503798398051,-0.007767749752678577,-0.010471611553321991,-0.01100536310683975,-0.004028472206805689,-0.009277992140867108,-0.008243727361476827,-0.008598161229660395,-0.007975537334930727,0.0002951618060622607,0.0001708855892015304
2020-01-31,-0.0056333086381806785,-0.014824112812588441,-0.015584136481205157,-0.016803259792553593,-0.01109953862732349,-0.013132864808207079,-0.012829062893592202,-0.0229794679767229,-0.013212753308037728,-0.011589105527006871,-0.020039158279607228,-0.01564988790189581,-0.016543373026784658,-0.01608732012680547,-0.017439620336434425,-0.01508303074514561,0.0001708855892015304
2020-02-03,0.019624616946836815,0.014821609888684195,0.01128084196390522,0.00737138365065082,0.0209410293748149,0.012426077511678013,0.013969924065551531,0.01330287200230651,0.008439856869720153,0.006840376817751848,0.008768304863712384,0.011287768520936048,0.009636304459621492,0.010889546407776063,0.01209419990100824,0.008237364592585061,0.0001708855892015304
2020-02-04,0.0011642337766575306,0.007276919808100635,0.012100463774636694,0.003105237850261622,0.004704172110214566,0.005553098475690854,0.007599817319700497,0.0036067237274310937,0.0018195201262525273,0.00043752839335997606,0.0008521478387590875,-0.001802257682196995,0.0011335953113071895,0.003525044259319987,0.003572145768117707,0.008195858695620784,0.0001708855892015304
2020-02-05,0.006094666476741617,0.005379852002336261,0.007650313448650081,0.007360895097066056,0.0013841997073860135,0.00647441783292102,0.005994634292181278,0.009589800098838142,0.005350258456103374,0.011875873014566496,0.011797148999536322,0.006566087377991581,0.009792613141080597,0.00827756778664579,0.0073636905084195625,0.0042979444204294115,0.0001708855892015304
2020-02-06,-0.013174741735775708,-0.01100148419146596,-0.01703020781363096,-0.018002625916771153,-0.01569017551881191,-0.01582700175438967,-0.015073980185604019,-0.01909887732488824,-0.00031895994123731786,-0.01727563612625438,-0.015645627560485265,-0.008050004787800824,-0.015314858521357277,-0.016423549637919588,-0.013944358108502919,-0.007723531091298863,0.0001613700890652492
2020-02-07,-0.01971637271629212,-0.008868293165499974,-0.022779944576305833,-0.008842772477339333,-0.01493124166187132,-0.015886521758713745,-0.01989987694878581,-0.030142234776650567,-0.013288923292192445,-0.01824701005721907,-0.01042934782061955,-0.016035051177725634,-0.02002517281520433,-0.019124939278737818,-0.015757865898167522,-0.012695615561956641,0.0001613700890652492
2020-02-10,-0.044410616719781304,-0.008346369464832692,-0.019371136918249654,-0.008757156165032032,-0.007556734096990314,-0.0215138663698472,-0.02143310618481087,-0.013177594120372338,0.003106761903631794,-0.01140749136955499,0.0004942341563420882,-0.00334488697200086,-0.008224272581885739,-0.010230943628511291,-0.009552153990257661,-0.011705991394831528,0.0001613700890652492
2020-02-11,0.0472702628304551,0.021065819817998266,0.027706559511246898,0.024056748160722785,0.023862872452329098,0.03050768821999883,0.03065974151729245,0.0324488765871771,0.020669098001485198,0.022908195054841318,0.02198242126330996,0.02371169879660573,0.02678112309120162,0.02796320446078382,0.02725292464481255,0.025295742499377605,0.0001613700890652492
2020-02-12,0.01954861472958047,0.014645019675307847,0.018690368773328858,0.011745711207367782,0.014884522900326047,0.01515870228789673,0.014466001541089124,0.023657826380621305,0.01641275556412114,0.0063573325434023165,0.007153647142369213,0.01415789012214419,0.015159247661365782,0.015091923772461602,0.01470859701520788,0.011461471582411509,0.0001613700890652492
2020-02-13,0.0057474991497381556,-0.005143765002973866,0.004249305111704738,0.0010844372291534121,-0.003383253429738553,0.00048050713774339116,-0.0022314397726528323,-0.0026721624335240834,-0.0036530309244534598,-0.005768369463027723,-0.010214399771018567,-0.003664873660238488,-0.005702811843134925,-0.0033232067296807832,-0.0011521677780187423,-0.008325410749761897,0.0001613700890652492
2020-02-14,-0.014112680507229136,-0.008896064452807106,-0.012926585952148462,-0.013533046298152995,-0.008800220180510299,-0.010397130344694472,-0.007596999384057113,0.0018640197638883915,-0.013840542887864515,-0.011279967876503427,-0.00649331841217915,-0.006741164885135431,-0.006820958277297229,-0.006815169683370703,-0.008989802994888607,-0.01048563743367048,0.0001613700890652492
2020-02-17,0.01238552601088494,0.008987233595144195,0.006745104755528475,0.005063907172447424,0.004492061765544397,0.00864282623779955,0.010199856211251745,0.003470448492499667,-0.0007244918653835919,0.0009054903234584355,0.00014837733649031293,0.00010613897173272768,0.0016734734720591504,0.003049784907142916,0.0028038726429209238,0.008347751983361684,0.0001613700890652492
2020-02-18,-0.0010843603963049953,-0.0022030387512989025,0.001577291679230708,-0.010921703895707902,-0.006107807770953211,-0.0011611318926820768,-0.0005233473852327419,0.002547306474552702,-0.00594235616069505,0.007352346089594564,0.003990355924810007,0.004365955209142625,0.002008918035438345,0.0024606936868638574,-0.00027490407727392974,-0.0025148960410489307,0.0001613700890652492
2020-02-19,0.011311830582834359,0.008628218643724317,0.02206227009916928,0.003096957586485427,0.014703464210398032,0.011631028811344368,0.012402152238042419,0.02603124603166651,0.0174167308338935,0.013586868798361573,0.022731938966809917,0.021599955939032967,0.016545070880740642,0.016252644619394907,0.016324861452550632,0.013151354609472587,0.0001613700890652492
2020-02-20,-0.011048511302220954,-0.015636298584777886,-0.015100660943944466,-0.009634840114440713,-0.016139473328523057,-0.012561014839967966,-0.014493660580051748,-0.01623970503223937,-0.012080999878079535,-0.01543036067134651,-0.015992026050472008,-0.017659455950427172,-0.014520357621258362,-0.014531951646562735,-0.01581751581751578,-0.016175717181919458,0.0001613700890652492
2020-02-21,0.005587869888961983,0.0019860068196480007,0.004072370916217372,-0.009070720493251527,0.003110892647972374,0.0008199156360444437,0.00034375444127698884,-0.000473325017035342,0.0134209738773865,0.005448807563440905,0.0035912162996547536,0.006203007008598993,0.005165650750560191,0.0042331517049978284,0.005124626402751797,-0.007136031056218406,0.0001613700890652492
2020-02-26,-0.08408835018280836,-0.041965876137005975,-0.07316950918853582,-0.0637184135101454,-0.04416788571133112,-0.06826727628085871,-0.06693835682345706,-0.06385400687552345,-0.05138497257149954,-0.05947995873871814,-0.058130801274348665,-0.05635237415015715,-0.05883305297819341,-0.06003261670731863,-0.060034177005093725,-0.06923603451442994,0.0001613700890652492
2020-02-27,-0.028967324681531625,-0.01620870306529032,-0.025704538440572744,-0.026590922154238528,-0.020143355407116315,-0.025896898410590397,-0.030115935875850597,-0.036322805135256764,-0.02294340256771865,-0.019302345439053847,-0.019668132949478223,-0.0190369952150391,-0.026233317483181695,-0.030063038268573816,-0.03045820359519713,-0.02597420283869245,0.0001613700890652492
2020-02-28,-0.0012098240437641294,0.008016898351394408,0.007193860153780429,0.005668382467601374,0.00489192029108465,0.00458577400394411,0.005659064836686767,0.016368869472883407,0.006270168527381825,0.018112407849229184,0.0195418110318335,0.0138320594944632,0.013894012115226007,0.012669940015556547,0.011076196950069894,0.011130843452143102,0.0001613700890652492
2020-03-02,0.037580152598919,0.027522989246481666,0.028189459071109813,0.00690819446123947,0.026203652193089733,0.02651469038657317,0.027400426402427236,0.04869246772164071,0.05655651318087762,0.02353129974157442,0.024167347719201704,0.047577831728109476,0.03580426575028506,0.03280596435828853,0.026940631160205397,0.024520367031373613,0.0001613700890652492
2020-03-03,-0.00290432683170605,-0.0025587770716178904,-0.008829847656019574,-0.013771461213474723,-0.006807993335151918,-0.0058417012351321684,-0.0076091500211571406,-0.00913271702554852,-0.001745058860035953,-0.011436778739100983,-0.007567779602585034,-0.007609010947640438,-0.007607289756461522,-0.005152321378480207,-0.004147911715441932,-0.010151866452575153,0.0001613700890652492
2020-03-04,0.022189286367146233,0.03932529388898853,0.03596145887141389,0.011298207174428088,0.038638293691412695,0.026235823271539616,0.02085342957510572,0.022194922631135094,0.028222419459403847,0.029372503826959218,0.015316851799437092,0.02584132164762143,0.02655562077171658,0.026154649690519838,0.022532702559891593,0.01717064761658249,0.0001613700890652492
2020-03-05,-0.0640837759602978,-0.03425573147566641,-0.04740927815421314,-0.053093886156893144,-0.03950212619037252,-0.05067953861944974,-0.053717446278540915,-0.055665156757817136,-0.03155637236665543,-0.04047671455386248,-0.03659885231978577,-0.03781259998815012,-0.04356146602029087,-0.048687566846977504,-0.04502336323892597,-0.047011787943163186,0.0001613700890652492
2020-03-06,-0.061993011145993426,-0.01901446566563303,-0.06068982204146556,-0.017317094851314496,-0.035274517873006395,-0.04025693534610186,-0.04026129079816976,-0.047265869939527305,-0.030784889104095936,-0.04050701027840786,-0.03253878010356259,-0.04060174036040198,-0.03754135764683786,-0.043673021819593205,-0.04277134756673817,-0.0417615765455186,0.0001613700890652492
2020-03-09,-0.16586082925370615,-0.07184727320896622,-0.11370786191545079,-0.09662417927039868,-0.07514773162746757,-0.11379500987375635,-0.1128123459665008,-0.10908000690923558,-0.07525483402125932,-0.09631323436777062,-0.09151343269400347,-0.08548569378479998,-0.09382387141947135,-0.09757599374628556,-0.09495159132890296,-0.12102391355197539,0.0001613700890652492
2020-03-10,0.09144069153603462,0.02429688898139215,0.06793421800251376,0.0613526399189539,0.03639257327918233,0.06366352396731445,0.07064518016460797,0.08847759438356806,0.04239649979257765,0.061916886029043994,0.050853353640171406,0.050940295968034066,0.06223716046202088,0.06817580601224615,0.06331393047226652,0.07029349576201005,0.0001613700890652492
2020-03-11,-0.06508301296982588,-0.04857633787374804,-0.05690567253181389,-0.07678553519907638,-0.06401622818116282,-0.06049303601124545,-0.0639556711621615,-0.055322103632614916,-0.04976660689116885,-0.06743973137430193,-0.06658521445598442,-0.06268824546041218,-0.05705525793601107,-0.06207783195228189,-0.062428641555848485,-0.07514705927494081,0.0001613700890652492
2020-03-12,-0.2081468237565708,-0.10027570991186352,-0.17085035606203103,-0.15944542298313913,-0.11374112787152513,-0.16001290900901788,-0.1592835333901237,-0.1637194922401135,-0.11284004489862132,-0.15407148614832455,-0.11918666720628868,-0.12446474864608681,-0.1416975945714225,-0.15279635720798568,-0.14674279125449674,-0.14887478616580951,0.0001613700890652492
2020-03-13,0.16396118158183715,0.07906168416973158,0.11425142517031373,0.12335270547271948,0.0847677513884002,0.11772941358759614,0.11840539392461769,0.13571439257116635,0.08736979838097603,0.12964758575141122,0.1056072735537521,0.11919498165241138,0.11498501782183168,0.12560167572021474,0.11560908849597196,0.13753768352694085,0.0001613700890652492
2020-03-16,-0.1522831868538248,-0.08324803520538882,-0.10820150069453816,-0.1700709761534599,-0.09624830497547354,-0.1301361859374467,-0.14031598454346283,-0.15965214129155902,-0.117044733675857,-0.10967389961280594,-0.14765772027185897,-0.12524597744601207,-0.13565001784027386,-0.13740758065221303,-0.14633038437412127,-0.1371055793520608,0.0001613700890652492
2020-03-17,0.0018475400246342755,0.05016482833402658,0.024617416671086634,0.03294552672444384,0.03742333863456704,0.025341201730062934,0.035422995009170455,0.022660719500003257,0.05283270553182229,0.047618257539340236,0.05394843575929187,0.035514005523465286,0.04315741537826545,0.04464912901885287,0.051979642513266366,0.046881817826677885,0.0001613700890652492
2020-03-18,-0.16223950517980734,-0.06616941013031474,-0.15739613997846114,-0.12826605275797964,-0.10528446532326108,-0.13149037428488763,-0.12577610542245365,-0.1392194281381448,-0.07036595624440611,-0.11604109956761166,-0.10830776241548667,-0.1021896711018565,-0.10938864497603251,-0.11175189686359366,-0.10332321709987535,-0.10561466378933038,0.0001613700890652492
2020-03-19,0.09110530174851927,-0.002504024738893773,-0.019476047233762284,0.01986633683726713,0.013999132634686662,0.022242329518390447,0.031003918256252705,0.01760215603264892,0.027057442696530876,-0.00011137589022203187,0.004763363335714699,-0.015992626624347417,0.018236834398951185,0.012436724410994415,0.03180042518246773,0.022234550392456587,0.0001422706468645618
2020-03-20,0.0009348784879594785,-0.01506188300152389,-0.01633287386675175,-0.009825223190554011,-0.003696947845717169,-0.009865402698240655,-0.004235769770468911,0.0008930001647105001,-0.0353060321327483,-0.049643606765627846,-0.015914682112692646,-0.011212573110912616,-0.034958624165984165,-0.0297257740207999,-0.02403665562088808,-0.017524156072353136,0.0001422706468645618
2020-03-23,-0.05052742963872614,-0.06334233224763863,-0.09516070533912158,-0.0621398550126101,-0.06289481049629242,-0.06467077231008178,-0.05699236870644786,-0.059538392095293324,-0.04449813965501548,-0.08723585421722191,-0.0505525176834829,-0.049810095360079076,-0.0684280347782995,-0.0675525793172349,-0.058745970169729156,-0.053108489521484614,0.0001422706468645618
2020-03-24,0.09305594801286698,0.03313407996329021,0.048651627736830516,0.1124162479490387,0.04157913143246872,0.06897797863309396,0.0688701109225609,0.0891838514303196,0.038988279804275994,0.07054066062160969,0.07849179850688559,0.058094832009282005,0.0659379390964967,0.07270815639087269,0.06928283981506222,0.09321641297154204,0.0001422706468645618
2020-03-25,0.07342811071861943,0.02797377942608903,0.11861302828030795,0.09298598465067709,0.05560524784733767,0.07626940571363927,0.08264488131874548,0.09044317133644353,0.04143962129233136,0.07946765097716213,0.0655929342027024,0.06283104169508391,0.07285298536206475,0.08553820477260143,0.07564129261874553,0.0740919357356562,0.0001422706468645618
2020-03-26,0.05324193588706572,0.05448818717416759,0.046001822413417326,0.043024105579796634,0.07767690846859687,0.04899531488697173,0.05295086400924531,0.04952365030533645,0.04139975942520979,0.07513309161967374,0.04091080526504709,0.05844648600677704,0.05465630500325869,0.05085776137770459,0.0440278359551276,0.0394563897477791,0.0001422706468645618
2020-03-27,-0.052553494526801914,-0.04331923871998122,-0.05287543617936241,-0.05462497480484396,-0.052006441816250804,-0.048471983252027395,-0.049063044066003925,-0.047932735151087535,-0.041660317142734216,-0.053070314700416565,-0.060879421843552106,-0.05386497337504159,-0.04764432980445288,-0.05434287961088191,-0.05523582186169307,-0.054004655846889515,0.0001422706468645618
2020-03-30,-0.0067063719834354885,0.012208315839367545,0.021188118868752825,0.007421044816795064,0.016335642774937487,0.00629034027220432,0.002227525334473901,-0.007032015344682563,0.022740385836413024,0.025337271587527965,0.0255247494332016,0.02928289312748822,0.01167350450983351,0.008546317637016632,0.004307360697742624,0.015060844252238859,0.0001422706468645618
2020-03-31,-0.02490034515431161,-0.0004477365132861122,0.007792001997033227,-0.047225625884397604,-0.014660164491294814,-0.017008630250733292,-0.0326635468835218,-0.02982589389177548,-0.015581953714112529,-0.008808101781860866,-0.024455923079214736,-0.013237929498006729,-0.023626038443495423,-0.02717078623991065,-0.026660744425690774,-0.02163096032314793,0.0001422706468645618
2020-04-01,-0.045901925407976885,-0.028062893684132395,-0.045366200825928016,-0.052121193659555254,-0.04435846912346675,-0.04066932114373667,-0.036581842629767714,-0.04134952939186487,-0.02707232935893189,-0.052604315489513276,-0.045817227514605596,-0.042481062326964136,-0.039047819322737376,-0.03885869384054719,-0.029826008863837128,-0.02872484440128331,0.0001422706468645618
2020-04-02,0.024936622305870237,0.009214127683520479,0.012668398040887041,-0.0005292410049745344,0.01229008644084395,0.011627596866762069,0.015205378856920415,0.016864671775014717,0.02083072967756472,0.008955177488347843,0.015270412374452036,0.015027238143884736,0.012470827230652404,0.014769830716808707,0.017072308016496507,0.017440358194684924,0.0001422706468645618
2020-04-03,-0.019532719574010482,-0.003989695970198492,-0.04572054186505736,-0.03593881218233397,-0.025977714478514713,-0.026585235890657755,-0.03563356789358363,-0.034732999435144296,-0.027402292217267643,-0.03585655913403207,-0.03882404843420484,-0.03918041532760497,-0.031630702271633226,-0.038414459967292425,-0.037086229924266134,-0.03665443014882008,0.0001422706468645618
2020-04-06,0.07460775301382871,0.0326539446288574,0.033776454408240175,0.0792049413997098,0.04770309572402964,0.05430961226991693,0.062080608121845904,0.058143718168864655,0.04440304197455469,0.06651343171074231,0.05810633854126013,0.05102538858036887,0.06156548622355684,0.07218760398447488,0.07282961596833992,0.06437440650464099,0.0001422706468645618
2020-04-07,0.04755220169169161,0.006435379632500959,0.025548952312576922,0.0495360703894272,0.009684273605105709,0.03162361508249956,0.034616829707892816,0.04733644220899924,0.023085760783982723,0.023007507357888368,0.05045506806288236,0.03699243100427885,0.029573837281859472,0.03440590866307747,0.04093188167036743,0.03062656980050238,0.0001422706468645618
2020-04-08,0.017387794389302824,0.017141675638612686,0.03145978949800843,0.03363943299486016,0.01679761661606105,0.02431832658332289,0.03231798166389965,0.04713227166692491,0.029380279341172377,0.023341546870715435,0.03632228673440352,0.035490772281166594,0.03205547461032632,0.038104764453458895,0.036786639554927,0.029683234147036774,0.0001422706468645618
2020-04-09,-0.004604382270151586,0.005196633684312113,0.013476907537564031,-0.011804794127362461,0.001668560289023846,-0.0027167429928327547,-0.004194157698636625,0.010852943918298719,-0.012573866318894233,0.014396683969613466,-0.008835436689380471,0.0015376997006066873,0.0018121532224175674,-0.0025351386855064773,-0.008780750047288621,-0.010550889724356138,0.0001422706468645618
2020-04-13,0.00043084172394580733,0.010324743410095483,0.013191836412705937,-0.00442975434843107,0.008424477722763335,0.006711359119409233,0.0076546675496149685,0.0024081516874470132,0.016436166009947017,0.018477620632217695,0.01852226124810863,0.017654218775927877,0.01019971658847485,0.006442638364184683,0.005791861263161557,0.014042528032942814,0.0001422706468645618
2020-04-14,0.04106316504338858,0.014176361377330915,0.03653310345510552,0.009150353876199002,0.02262104192197123,0.02629709754816023,0.02615221961504033,0.032999519452274084,0.012717847366444213,0.0223234953702387,0.013363813095970789,0.025024970074823738,0.022886088365851265,0.02921009068823488,0.02270117333777133,0.014836526821574436,0.0001422706468645618
2020-04-15,-0.003995441066431349,-0.004541025939503451,0.012753122491244273,-0.002240517260913344,-0.005717626892364547,0.0005257782388004006,-0.0018168572050332177,0.001645813968421006,-0.01609949340207617,-0.012756837335795468,-0.02343444418121632,-0.015016938467891427,-0.008651741735508311,-0.0034867916657306264,-0.006424840111311725,-0.012969817544198348,0.0001422706468645618
2020-04-16,0.0016802262172979088,-0.007218422679779568,-0.0017732880256104977,-0.006290241294430787,-0.008579352227326087,-0.0024373181382577602,-0.002390550213059006,-0.017998246891693492,-0.01982735751964504,-0.020640295941170783,-0.014113389431946843,-0.02218878717674788,-0.016260685679393094,-0.011430207904014056,-0.009024768156818075,-0.01235655798572255,0.0001422706468645618
2020-04-17,-0.0030375266987392457,-0.0017249267156986825,0.017710216110205845,0.017736805244817022,-0.005049832350721095,0.005842770444612233,0.00737681726236894,0.016296219524804423,0.0003689704947622552,0.003299574919017001,0.019066709089858858,0.006095327407788176,0.01001007784830299,0.003425485555541119,0.004518769255180022,0.01427615368327717,0.0001422706468645618
2020-04-20,0.011049341058395834,0.010195294203943162,-0.003217786842784731,0.02039546648779833,0.012129779735639667,0.00986529089471122,0.010944637023752035,0.01917400211394038,-0.005221346321597209,-0.0021041177999034932,0.0010808234171058029,-0.0013264316572865198,0.007344783206368,0.009799832815165166,0.010566566737856498,0.0006876769547654593,0.0001422706468645618
2020-04-22,0.03863846444506591,0.02130096725533459,0.009814065749883305,0.02833421090963495,0.028069485326400745,0.024223678751395195,0.03233269735428457,0.02606646221747999,0.00998341689423543,0.020470759546005857,0.012017766939750318,0.007856477067409884,0.02078781486550718,0.032762214008490886,0.0334750923170104,0.02234132567591285,0.0001422706468645618
2020-04-23,-0.020156030662115354,-0.012935725912960216,-0.016729778034724307,-0.027925431056726624,-0.010787921749252583,-0.01802052962357248,-0.01867465648549438,-0.01639057291947499,-0.006164903627817964,-0.024855441519616273,-0.022550040075915767,-0.021129621506535967,-0.014901536324034126,-0.018790619026830435,-0.02047426695318444,-0.012851767286341187,0.0001422706468645618
2020-04-24,-0.06646011877395053,-0.05537494881084404,-0.08189673392031294,-0.05517798327237122,-0.05990960279239643,-0.06385715928346558,-0.060409050462687186,-0.06967448599736581,-0.04901586693405613,-0.08611677963570297,-0.06368754598370352,-0.06589439633167782,-0.06682423396708037,-0.06760774205562692,-0.06186067756919167,-0.05532058512037574,0.0001422706468645618
2020-04-27,0.052299553211719196,0.04045155305690207,0.02359886974148484,0.032247682773784536,0.03802151828781786,0.03704702363797119,0.04051285907030988,0.04514636882047274,0.04388809930302906,0.031230303956712335,0.035644254585077695,0.04343633419676696,0.03971781647962791,0.04788281812283213,0.04701263522433097,0.038647368777956714,0.0001422706468645618
2020-04-28,0.0708908023008632,0.02607726988922554,0.041094399595761555,0.060415638746997846,0.03551334759932967,0.050661165347720694,0.038388905787885896,0.02848501340182885,0.029749653642121787,0.056210069823945163,0.05409635891433506,0.04798042682973991,0.035281952779016246,0.03570638179147978,0.032729011383434425,0.03935538453586651,0.0001422706468645618
2020-04-29,0.005820585185728699,-0.0032668377792675063,0.026882648740121473,0.008824018004738754,0.0030827588894284386,0.010258280216391302,0.018744034565385315,0.01424097155882409,0.0047604767317082075,0.025479174719183817,0.010374887128037802,0.007097122763920716,0.013805354437566697,0.01454244014769035,0.015306801966069372,0.022250664079562776,0.0001422706468645618
2020-04-30,-0.028204721416407064,-0.018355696862657922,-0.03285369605954025,-0.034730768293395275,-0.021657412243432206,-0.02938055758007896,-0.031586015206222395,-0.03402554435202276,-0.02604358389189909,-0.02839064340319175,-0.036616539206811294,-0.028021784585015252,-0.029513027730962094,-0.03401659489381892,-0.03658289008891957,-0.03255180143978642,0.0001422706468645618
2020-05-04,-0.010248894182346424,-0.013565549120535758,-0.013005288757434452,-0.02233797845425034,-0.015821358728802082,-0.014333119578880615,-0.016290874611943784,-0.020337137483121936,-0.0016109523717195984,-0.016208196077621695,-0.030327493313469733,-0.01720440236352916,-0.014925407257658119,-0.012465322843633664,-0.01318144094610707,-0.02042649092152693,0.0001422706468645618
2020-05-05,0.011497899811659495,0.014433433930248318,0.006935826788590171,-0.0045459598128582135,0.005404563883565583,0.007763759542793958,0.004756746214447327,0.003973246580022183,0.01469837954592168,0.0037808280957314366,-0.0030098048144853173,0.004495957887157953,0.008866753675913497,0.008093105714721327,0.006774026110552667,0.007462135471170139,0.0001422706468645618
2020-05-06,-0.010532371756640901,-0.014675119912862078,-0.018033558166151487,0.006474480537160154,-0.014692894341743035,-0.007818878119924877,-0.0034689832194685355,-0.004656872102966059,-0.012145907088054853,-0.01965183332120879,-0.012910261734862094,-0.013630553982121651,-0.01200381537503703,0.001590950412724501,0.0016641649807478398,-0.006045155115676937,0.0001422706468645618
2020-05-07,-0.01454236441549761,-0.038378000147747726,-0.026576795481068505,-0.030778733207985187,-0.035594071972122054,-0.025559196042934662,-0.019080227356186974,-0.029285855038288622,-0.02352634244293239,-0.058317960013738235,-0.03432412828398368,-0.029512307841685015,-0.03508730437412355,-0.029208054681854723,-0.024784180864579564,-0.013301204992643312,0.00011344872391472194
2020-05-08,-0.008500427805093413,0.0231963666384416,0.036494566202025736,0.0073781997761783735,0.02589485043501183,0.013464578945479033,0.013104982870649096,0.0011892584639596748,0.03454851472032727,0.04333207705653508,0.017915186693928442,0.020193249859460805,0.02342132133221919,0.018057474007851848,0.01328491926162978,0.026580337106985485,0.00011344872391472194
2020-05-11,-0.006923806212283945,-0.008442200583504977,-0.013035983036958299,-0.007074885846539147,-0.01079556468793097,-0.011202602930346583,-0.011679277738855909,-0.013313258481875256,-0.0045156436239527364,-0.01350647546879602,-0.008563210784127251,-0.0032018505409264764,-0.013620972584572066,-0.00983725733207319,-0.009161367315116076,-0.014473623851514072,0.00011344872391472194
2020-05-12,-0.0016179039055309596,-0.013673385339325494,-0.02715126031189563,-0.023786797906418133,-0.02004402564561658,-0.015212619351111734,-0.015234847959978648,-0.028703668108364777,-0.025787785610033587,-0.024979550736540568,-0.026640752478298668,-0.03068812573886448,-0.023591377039447248,-0.021886949494858476,-0.022394862922544556,-0.015462162162162119,0.00011344872391472194
2020-05-13,-0.011810616321510259,-0.004273635004655829,-0.020038562360572665,-0.010044459953833185,-0.003639642672000787,-0.013196495430390809,-0.006238597862687323,-0.008525225909783662,0.011720648613574358,-0.008649683152306076,-0.007889342748497619,-0.005247386079589189,-0.0016191000868286398,0.005415787404890571,0.009794812629114302,-0.001964001340852617,0.00011344872391472194
2020-05-14,0.011927139890280491,0.023945742350377497,0.0373292243052461,0.01937347354769159,0.023310414836203552,0.02242235349434285,0.01729876840815292,0.03547645351854478,0.01164993095410849,0.04578180540922849,0.0402383089788001,0.03236739641792541,0.03181922314263086,0.02648352817481303,0.024953910760447062,0.016224581855166953,0.00011344872391472194
2020-05-15,-0.012677438374089411,-0.007076077668264902,-0.01175111196320866,-0.012710148492925954,-0.005172078724643647,-0.011307150580285752,-0.012127002615522797,-0.01524930220488041,-0.02841302172818916,-0.017791750516544247,-0.02381645516220776,-0.015809828470751963,-0.022031586038482542,-0.02013305233925533,-0.022370121435923096,-0.017471941199821872,0.00011344872391472194
2020-05-18,0.03912450264493783,0.03648350355918195,0.05697148833280141,0.05393776387884275,0.04302888373077551,0.04530264144435758,0.04359239351631361,0.047723522324799816,0.014727273655647855,0.0667324983132902,0.04577094207011689,0.03397133613138981,0.042770489892183905,0.04001534960797759,0.03472829523591692,0.047507195300488636,0.00011344872391472194
2020-05-19,0.020969191043618718,-0.01757614030946153,-0.019056115868187673,0.004762257455981134,-0.008234190648218176,-0.0024636316022257354,0.0001740016000784106,-0.007473529293439363,-0.01917102685000338,-0.027320280262215224,-0.02013781761628175,-0.020055384543829602,-0.01582507916628395,-0.004634556200632023,-0.005152243094856512,-0.005311091578927729,0.00011344872391472194
2020-05-20,-0.003652222180685727,-0.007038272024948888,0.006889924437065265,0.008241513173512294,-1.6698900227596347e-05,0.0009007159801792675,0.00439361649754777,0.017336554380736446,0.007118321558733376,0.0015952150600904158,0.013290926966209815,0.0005311997588919315,0.011946977477000242,0.006121169078530331,0.010955797783354315,0.006698694748914269,0.00011344872391472194
2020-05-21,0.04593506337463271,0.028278468101751164,0.02630017670792828,0.03835432897296065,0.037980519525643075,0.033522302504006785,0.02637660275617537,0.036437011874071334,0.01576147406629147,0.038104539225541245,0.039041909834002464,0.03260773606892098,0.03430000861987237,0.028104112664826264,0.026609480900190885,0.02208614843915746,0.00011344872391472194
2020-05-22,-0.003380577668408824,0.005093386558952417,0.0024463330541064643,-0.02477484100487437,-0.006775191066942132,-0.0037273007366959154,-0.012291118229183828,-0.005922720425761474,-0.003706080945517498,0.0028551830188536798,-0.004204939460382473,-2.1564225208381416e-05,-0.006994138693589003,-0.011955047002563335,-0.014686714898279218,-0.009776490855613496,0.00011344872391472194
2020-05-25,0.051954403647253455,0.038953385188988277,0.05889984472523513,0.05084296895505647,0.039708684420755036,0.0486579638440674,0.04319753774180923,0.04565830676266125,0.030332223738688713,0.06728220849136934,0.05153186360380824,0.04445438694308046,0.04914307489999814,0.04543237014393475,0.04509392304030113,0.0427881556120604,0.00011344872391472194
2020-05-26,-0.0005895823642987352,-0.0002678652709119378,-0.008799124473166664,-0.00242265689946608,-0.004050988039970949,-0.0032828476098861747,0.005881685103371614,0.01150551448481485,-0.004484304676683815,-0.0038260866709692865,-0.006667397822171961,-0.0016821602443631845,-0.0010191697286745516,0.008050271746167681,0.008172262613045156,-0.0019528598489195748,0.00011344872391472194
2020-05-27,0.03849242238437944,0.02061880132417504,0.05317545857001593,0.03806759321056252,0.02374007272454648,0.03886214015515432,0.036069198356381005,0.031439761074892214,0.017845667171521695,0.021854281627253558,0.019773390924819667,0.019012368844314897,0.026266154759601257,0.02717704441126023,0.02768418977725884,0.029211144244205345,0.00011344872391472194
2020-05-28,-0.012160606155570353,-0.0018873489609465555,0.01188000185141247,-0.020265166235189924,-0.003798007035523132,-0.006005632686248097,-0.009183586402469746,-0.011438186482457202,-0.008139313323716535,-0.014408669379770922,-0.009625140508899399,-0.0026961157923597323,-0.011186590424027809,-0.00800804560213142,-0.008483728945597901,-0.01127444633790431,0.00011344872391472194
2020-05-29,0.0011063837669254006,-0.005233415736495717,-0.002508350901679779,-0.017737079114067744,0.0008093672678708419,-0.005494050146800711,-0.0009242877634803026,-0.004736676471210566,0.002941163452964357,-0.004146436304153789,0.0013422090099350914,0.0015246485622868455,-0.002064502851316874,-0.006105644777546937,-0.0028927796576878606,0.004650933603321805,0.00011344872391472194
2020-06-01,0.021161866629972437,0.0036381838840673364,0.017714619715126334,0.027081959606916284,0.013733061980935934,0.018668924829323252,0.01590405739848899,0.016631300444999608,0.012230765705151025,0.022895432165916496,0.028069459036089706,0.013273110858478265,0.016993171467490464,0.01740632327873959,0.016475792225933317,0.014219885782417618,0.00011344872391472194
2020-06-02,0.036142289352804946,0.011125142472795169,0.035645163239131694,0.04583314934397875,0.019268759871255536,0.030664559760254395,0.025764046751417524,0.01807320769178533,0.024045379853832705,0.03237462149921799,0.0351011971597015,0.02733630871378656,0.0243946628550038,0.02256029727901665,0.020901053274488435,0.02691460219231545,0.00011344872391472194
2020-06-03,0.04107106635095681,0.003840178770492475,0.01501622129829161,0.0402366615969334,0.012064302991575238,0.023413792798909316,0.024758089907115366,0.030254533630431624,0.011484440291028797,0.015187101460334418,0.024483367483383756,0.01988926784718381,0.02126324834420945,0.015679169144428018,0.0127647947077012,0.02217410681879728,0.00011344872391472194
2020-06-04,0.02256840760222767,-0.001972219805544184,0.0027166521441022162,0.0027991704910799164,-0.004233795615750657,0.007783877029091446,0.0016338590802154052,-0.010203869604838545,0.016056201348590315,0.000471674551874246,0.009350815709533,0.00731474103618579,0.0007565671315554745,0.00016988510904614174,0.0038254764805616404,0.008523036761688862,0.00011344872391472194
2020-06-05,0.013734378518122092,0.004636914271094916,0.004862087501172008,0.02066554559100009,0.0010406185470857032,0.012517949159254194,0.00828156259548507,0.014279018200969773,0.005447505806110087,0.008751053113174034,0.015625722734095016,0.0032216030800988893,0.012311137429644736,0.008890849443653703,0.009350421546992616,0.008526975462672892,0.00011344872391472194
2020-06-08,0.03695310679533237,0.025170969553395484,0.06273101694438821,0.05384434065020116,0.02818161200945757,0.04354701509217351,0.033705150521414984,0.03935296237653585,0.02829300147406233,0.050433144907609195,0.033736256977250134,0.040297488659017944,0.03670851691816179,0.036655239646848914,0.031595027539136344,0.032041511147925306,0.00011344872391472194
2020-06-09,-0.020913763017716858,-0.0017161153882526703,-0.0015301934635303382,-0.014469762148030862,-0.0006342959720507801,-0.010058336358582443,-0.007391190497718303,-0.014518094982873375,-0.004580017886741339,-0.008029902413950074,-0.009635250840737242,-0.004733540483541909,-0.008991268143450526,-0.007202033464749902,-0.005542920956316921,-0.009236012738859767,0.00011344872391472194
2020-06-10,-0.019022475989934007,-0.012108816312310755,-0.035268022005606525,-0.0314802014810337,-0.019935942678752094,-0.024315702332884714,-0.021932004572526087,-0.023300955341729712,-0.01641395828938852,-0.028959929398865047,-0.03109045192258275,-0.027235418726211047,-0.023630141231725355,-0.019820997630713766,-0.019858086268466635,-0.02173307580254824,0.00011344872391472194
2020-06-12,-0.01519041381367947,-0.013887340634160417,-0.0083663845115729,-0.019219199760702077,-0.012196419789835433,-0.014037226942300363,-0.018438680599261126,-0.01794117964556463,-0.013130659176733617,-0.018569766394910148,-0.017766549235536222,-0.016646370683373934,-0.017691863981033062,-0.018656961523305426,-0.016324300516545875,-0.019750159049510718,0.00011344872391472194
2020-06-15,0.015937004735355975,-0.008491344572358561,-0.02085921596320417,-0.0061868838098341206,-0.00607204753774937,-0.0029693184731309774,-0.0013323947475532005,-0.0024744331266847164,-0.009959103304764572,-0.017443662071272903,-0.014210532800708386,-0.013225188745133343,-0.009338868072277129,-0.002901708955513893,-0.0048402683118289325,-0.004024257842428214,0.00011344872391472194
2020-06-16,0.007957140557785847,-0.0008701734257184901,0.013067518199064487,0.0049101506654027904,0.002869730701465789,0.005949564714503142,0.003986327111366039,0.0029114920131798616,0.017920363399063,0.014620468823429267,0.013358319555733411,0.01430807222118835,0.008397750598878595,0.0075582571646677366,0.008337960787663912,0.011698232145282539,0.00011344872391472194
2020-06-17,0.006901137938456481,0.018014101548504247,0.028709379949506175,0.022147408483402575,0.025736647741114727,0.017558087131605005,0.024533350859589964,0.029780928378888794,0.017687622116458135,0.033963393201453584,0.03622110310509452,0.031873916953286674,0.027398358664657785,0.03131956767411914,0.029896100741895637,0.021900032471134256,0.00011344872391472194
2020-06-18,0.014271571901963931,0.002956783222606285,0.015167613155513626,0.019198333776065724,9.666281630749118e-05,0.01138800216894742,0.008025129700244937,-0.0030360358568359835,0.007988365491597982,-0.009554122383411245,-0.0013132389457997107,-0.0019679243517023437,-0.0003542320319397385,0.0017304979449630498,0.003016351366544212,0.006133962691587058,8.441679811777014e-05
2020-06-19,0.015638770428040294,0.014556067782548032,0.002393698463749816,0.01725928006499644,0.004416920988404405,0.01156356146846349,0.007661279164528523,0.012728089828252687,0.008489526215381682,0.008404500424118666,-0.00039594537839493515,0.006687274542446886,0.00943168177153697,0.00608544151103696,0.004133643538858145,0.004977171132013236,8.441679811777014e-05
2020-06-22,-0.004828578626164148,-0.005410209191974991,0.008164240986727966,0.0025826167864948513,-0.0018277671194751877,-0.0015803521798573028,-0.004846420876567281,-0.010908004490142953,-0.009921290382067904,-0.007534729411935337,-0.014228120186555393,-0.007868689794601091,-0.010853660318969394,-0.012016057828691862,-0.015083407978959351,-0.01139050549351417,8.441679811777014e-05
2020-06-23,0.016064681891435173,-0.010231582700450437,0.00707917254026702,0.006285962838267878,-0.013664499402050834,0.005638941654984242,0.005462236407839827,0.0036217710341162057,-0.00962730448671456,-0.007835346812953947,-0.004696495339522544,-0.011012111698566085,-0.004457614418887923,-0.003459996287566436,-0.0019820263109154856,0.006404054479590249,8.441679811777014e-05
2020-06-24,-0.015749603821492597,-0.011544898965831774,-0.01994385984855296,-0.028904303791733033,-0.011772397718571082,-0.019116585901054917,-0.016264757842029076,-0.017230449353415445,-0.011944712035889204,-0.02545522177483428,-0.02478533158714369,-0.018478354622933124,-0.01849351289624468,-0.019195025101725993,-0.018264207803143195,-0.01664663659939236,8.441679811777014e-05
2020-06-25,0.008171004746373445,0.01292903033545989,0.017991102420227945,0.013262556832459582,0.007220296854657526,0.013100454358903946,0.012914927813546306,0.03114617180746615,0.020825964035951605,0.013721151074024274,0.02608243981970748,0.023361309931036356,0.020143184216707688,0.01653405136426267,0.020663581988488833,0.016845257885151677,8.441679811777014e-05
2020-06-26,-0.033090341102079424,-0.01603386937200746,-0.023392291349966676,-0.027821105216236597,-0.02047675593238496,-0.024994489607696124,-0.026520896884872247,-0.022222074433098093,-0.0124576365297695,-0.024719783301192177,-0.016371458876305645,-0.015381664956821028,-0.02117015185471216,-0.02298822730552963,-0.022075165024712184,-0.022448815665434663,8.441679811777014e-05
2020-06-29,0.03172907447408391,0.014399977321470692,0.020961644850153727,0.023916058727789347,0.019243453494397267,0.023235802850247955,0.017243421085274102,0.010923827880242154,0.011380586875946896,0.01862179728030533,0.02094157917346262,0.022308287894367007,0.011872405620263482,0.011850685115987192,0.009398549372770404,0.020113896663252362,8.441679811777014e-05
2020-06-30,0.004118697213978395,-0.002757724063810918,0.00013058412904132233,-0.004882150536515417,-0.0013406921734475663,-0.00029816733984022736,0.002043147107026355,0.0023843115356234623,-0.004314978865325836,-0.005098805258353045,-0.012514200409759813,-0.012719565471395744,-0.0009072296590378892,0.0008648143130496333,-0.00035283937687446976,-0.0064129853873871046,8.441679811777014e-05
2020-07-01,0.01213145238537039,0.011531369987678675,0.010076482467935133,0.00964590244452146,0.021553986468195063,0.011249381227287358,0.01657344921810333,0.031789009286815606,0.018162366762274784,0.019541332487436947,0.024463431180555162,0.02481207750702641,0.022218584040102796,0.024194913735179124,0.01962591427458915,0.012823209995170837,8.441679811777014e-05
2020-07-02,-0.0017734988384736639,-0.002680192960214711,-0.001868277987703948,-0.0013788116472109868,-0.009825591757042895,-0.0017966864268028626,-0.004199279872873829,-0.0006494872968118015,0.010971287544108366,-0.005024800515338046,0.0066124646509790885,0.004065835172395671,0.0026118929914078493,-0.0018900295476035334,-0.00045331787473590346,0.0003211496174195805,8.441679811777014e-05
2020-07-03,0.012066031429987634,0.007752841279461631,0.014603402912157781,0.008469333734105078,0.016219901494929134,0.009601709185776075,0.010673450864458145,0.013670051844279385,0.012055978783198862,0.01773847997209632,0.006864162517394412,0.013576218217610458,0.012946879336093842,0.009864444188420363,0.007569718925396707,0.005900825099357521,8.441679811777014e-05
2020-07-06,0.01782953639136653,0.011258440323694607,0.014492589096584352,0.01825237737623886,0.013910616747763616,0.016106337678952753,0.0167615455209984,0.010757293032208182,0.007729456594672168,0.015289917118950669,0.019261884664028006,0.009862581440813312,0.013822310379333125,0.021116771320437877,0.0193931887869232,0.02182754109897056,8.441679811777014e-05
2020-07-07,-0.0023620158468985464,-0.011377912333589646,-0.011724777256459262,0.0010147566537250796,-0.020811461570912737,-0.0060488875075409565,-0.007595004800581284,0.00041722650695241725,-0.01656867029508513,-0.010589358629916723,-0.010846553444048723,-0.014769139560771749,-0.00971954392801988,-0.010295056479472264,-0.01195672244508017,-0.01169098527558643,8.441679811777014e-05
2020-07-08,0.018446490631310652,0.007638998495129945,0.014374850036306785,0.02398676752775386,0.01518307266073693,0.015251201357777244,0.016987754780561026,0.021274795853079453,0.014472601899813364,0.020685098228162113,0.016142162734027465,0.01300000731126949,0.019251515723437418,0.020297414407448366,0.020741414847256223,0.020159165421714365,8.441679811777014e-05
2020-07-09,-0.000823001165669246,-0.00829955997266818,-0.011958214905720133,0.0012438070814375646,-0.012056127887709711,-0.002922362178893967,-0.0037944655764203805,-0.002331876702779012,-0.004317191062074954,0.006823499434472469,0.004987812859430951,0.005892324208495836,-0.003806005050069894,0.001071965674594333,0.0035980481384876306,-0.005949581089805922,8.441679811777014e-05
2020-07-10,0.00016086412901317182,0.0011194195104275995,0.006610098346690352,0.011486620596734332,0.004851334253090034,0.0037795521929895326,0.007322784762470169,0.0037938742674263892,0.0009762320315052087,0.0032575359811335414,0.0007886078215979531,-0.0007241150425103537,0.0020344907184819405,0.0006979268954103723,-0.0002141571067110215,0.008447648406276098,8.441679811777014e-05
2020-07-13,0.0028349303223988986,-0.014077393318880804,-0.012881988902901709,-0.01483463345233238,-0.01531269123297685,-0.008536197092628761,-0.012409074413930687,-0.017906526785450683,-0.007063291875191724,-0.0120270082551871,-0.009474684418945722,-0.0071943950122901335,-0.013369475227227756,-0.015825480290246774,-0.01781058109830591,-0.012968516574557554,8.441679811777014e-05
2020-07-14,0.009042651774774146,0.0015483357939984899,0.0012424141700935198,-0.0033008442979985952,0.0012415884179057812,0.0037420189300123585,0.0061129295675692585,0.0027660202099064612,0.0049510351111765605,-0.0031438780294015256,-0.0013645144281004828,0.0020879601372423284,0.0016017105848253888,0.0021239122725833504,0.00023962672080246605,0.0168211735372914,8.441679811777014e-05
2020-07-15,0.015602155039685428,0.009663921062680103,0.022963717228959624,0.014277434020802948,0.02351095292018912,0.01560653116443822,0.013138059490640508,0.009474977639848614,0.01193139409312316,0.014975878953899624,0.011945983608696809,0.012103986616426976,0.01136546610106115,0.01014816860204748,0.010847913862718661,0.013439931221903567,8.441679811777014e-05
2020-07-16,0.0034892725988420192,-0.003397017736415764,-0.013930650657686061,-0.004103093328978291,-0.0075795655935458894,-0.004585860965532151,-0.006811576311043566,-0.007343519238314444,0.000172260721519768,-0.004376499412470314,-0.008593972993850008,-0.006895411397075835,-0.005173100856820878,-0.007576945254112566,-0.006106036801320824,-0.01151533523579229,8.441679811777014e-05
2020-07-17,0.016663738729739475,0.014321682688287707,0.033716494194154345,0.012195661397349511,0.02261686751640357,0.017930854089453385,0.024152629251778635,0.03843883194814701,0.019810069659628837,0.03311515532040876,0.038057216989801246,0.039850641263355024,0.026881341291806082,0.02929992036353246,0.03356312477058809,0.02257611655075853,8.441679811777014e-05
2020-07-20,0.02527695790688944,0.012678870721476887,0.01065093397079453,0.027730505309628617,0.0051115229840486,0.021041459058186662,0.018548969132835325,0.01742932205737291,0.02650986593932947,0.011973715678133656,0.008301876407009079,0.00977516364169917,0.018791822611321285,0.017965536872529775,0.01894163270808069,0.014875724241012023,8.441679811777014e-05
2020-07-21,-0.013536855852066654,-0.0031195095873278733,-0.002614751413849037,-0.004146939487366108,-0.0052734466932532476,-0.005103305904516464,-0.0036653703321073428,-0.009616385340699307,0.001417473476163611,-0.007262484955219861,-0.001037019978623377,-0.0024419781058744316,-0.005300831493861069,-0.004335098820663186,-0.0038898824894230133,-0.0009277242360654636,8.441679811777014e-05
2020-07-22,0.0030234230330812295,0.005998432663167463,0.009470728914938498,-0.006218874797431995,-4.4050092829373e-05,0.0024369273448667794,0.004280269519686408,0.02018597217841811,0.013883981689692293,0.005224227571903661,0.02230440313236004,0.023838425910416072,0.009880549011273443,0.01190122698696805,0.01786270693820846,0.00019831889042953854,8.441679811777014e-05
2020-07-23,-0.018860648446735517,-0.009898130261034921,0.02040596188008248,-0.031003582200748614,-0.012237600550807137,-0.010191483985103722,-0.017450404864995828,-0.012356846060433746,-0.020962403451354694,-0.018942608292121577,-0.020159167358625885,-0.01213325775500973,-0.018757034565844988,-0.020658708496584355,-0.021865025995142284,-0.018795316795231165,8.441679811777014e-05
2020-07-24,-0.01242033370555784,0.005788808528966793,0.011447923598792542,-0.001138344482932152,0.0021553297897469736,0.0003935552679468213,-0.0008379209325387604,-0.014049912980762969,-0.011363082371520172,-0.00446320367392139,3.2469725969042074e-05,-0.01048265449312391,-0.006904606013950709,-0.004671490982382842,-0.0031963306329554353,0.00047759616703668684,8.441679811777014e-05
2020-07-27,0.005538621020384271,0.018670892708784415,0.03422972326720486,0.007111642454449951,0.010081983719172127,0.01624194601324791,0.012060479579134809,0.024826290556777764,0.03382084023765075,0.024673903171585465,0.028323564579645355,0.03756707868902365,0.021690714147043266,0.014479990814222576,0.01550018529193764,0.01966719958929719,8.441679811777014e-05
2020-07-28,0.007649924202090208,-0.0005166168815647909,0.03255375281092121,-0.0011410393339734703,-0.0013308105752206645,0.013116692998771828,0.0034420283990104217,-0.017297823303092152,-0.01788010784246641,-0.0021110897722158573,-0.010890427529561042,-0.020668910127868423,-0.009944581217633863,-0.007036835173974132,-0.003079075213064275,-0.0037541150833340087,8.441679811777014e-05
2020-07-29,0.005775283375225593,0.0034436346689361574,-0.010278503421441987,0.01667234012601848,0.006217994713961561,0.0022105926931557107,0.007177106071079908,0.01238602686852297,0.0054436109612641115,0.00761212871557837,0.018194184597828844,0.009708920553809453,0.01101437343803835,0.009920085824591363,0.014421023732536176,0.014137968410956159,8.441679811777014e-05
2020-07-30,0.00889780313619859,0.008907058787767319,0.0023454459248415382,-0.00013659876787075476,0.01813607893546365,0.004674982436010611,0.0062345516849364735,0.020352255538029995,0.0021148863824371755,-0.002028156201164366,-0.0024279230541472963,0.003981981487691799,0.006838214339318194,0.0037381022732616564,0.0019696434343965397,-0.004578840758964975,8.441679811777014e-05
2020-07-31,-0.012106758214888047,-0.0002850378138957721,-0.019831980382848058,-0.01992509385266894,0.0001939582937660056,-0.013461096490499536,-0.011713068899566359,-0.00927867097089885,-0.003465854776710686,-0.012578747165997939,-0.016038922010306433,-0.014022622257329309,-0.005414046491844515,-0.005636558249012769,-0.010409085566084664,-0.018639117520937054,8.441679811777014e-05
2020-08-03,0.0017998225880060392,-0.008864647800453263,-0.027928064581298817,0.010414761508566128,-0.015218183664145069,-0.007627319280662848,-0.005403915858074315,-0.013259571540231274,-0.010195423433933426,-0.01316217882661641,0.003220391922162058,-0.007425293384548004,-0.009673877654566398,-0.002049775355414285,-0.003952679052064645,-0.001364549378727431,8.441679811777014e-05
2020-08-04,-0.019088080422842824,-0.014781045808884952,-0.024020463999307906,-0.020698291560416027,-0.02114190501949509,-0.01924776224607727,-0.015696542804754965,-0.010180224556065043,-0.014130571537676828,-0.023064934967451878,-0.020070507470554944,-0.0196775671016447,-0.017669360083370278,-0.019044366107005106,-0.016561071965939034,-0.01563922630056236,8.441679811777014e-05
2020-08-05,0.0272682511546376,0.0035961963297932442,0.021183709561235053,0.008685803321690555,0.007026765673009416,0.016961045406894026,0.015096752676249547,0.011147111930065456,0.012439464509843567,-0.0025766414012134975,0.005974233252531436,0.0023563807007898063,0.009387040223326482,0.008042812600629556,0.01082329265460924,0.015678627454503324,8.441679811777014e-05
2020-08-06,0.010427170320880252,0.017678264455865955,-0.0006906914034408018,0.029080496571523673,0.024376545904349234,0.012496230641943606,0.015665449333166492,0.024649319536267367,0.024206512854740847,0.026592499675466064,0.022073980471283505,0.030095269138207925,0.024395207021298715,0.023944453861598713,0.023737509092997433,0.013420445888611354,7.469229028500557e-05
2020-08-07,-0.012565053405814819,-0.008336187073119339,-0.011769875986383904,-0.005891861535264775,-0.0107891924171164,-0.009179133238300774,-0.008862286736237346,-0.012985501937249122,-0.00956675561398257,-0.016116051894988992,-0.009169738164336971,-0.01450924700238243,-0.010861132732362888,-0.011954316861488845,-0.011476370345437914,-0.012503250210314287,7.469229028500557e-05
2020-08-10,-0.0005971106409917715,0.0025675190407350446,0.009838354012516204,-0.006096279980400743,-0.0010566050560660845,0.0019259552631876176,-0.000417879404903454,-0.007339061324235008,0.012287390034711132,0.0038352678724806744,0.005051314208287971,0.00463209187119773,0.0011051482928863265,0.0013436596901492681,0.0010290504991399274,0.005552216685666744,7.469229028500557e-05
2020-08-11,-0.01190881915792752,-0.011875969241513906,-0.013636204644124073,0.004091281128203672,-0.012410247612211989,-0.008529333460115085,-0.0032178765745699556,-0.010506555851558685,-0.01151323260288839,-0.016623287988021596,-0.013349515765257558,-0.016789837522886986,-0.009954752467135397,-0.008532208175666356,-0.009546725793040833,-0.011114576132506437,7.469229028500557e-05
2020-08-12,-0.014184484344018089,-0.012810311741126346,0.0006099508198111891,-0.011562434606199656,-0.00819556424423662,-0.010173671742922608,-0.007902165453251508,-0.007126926434349423,-0.004179217001245794,-0.01322796198903331,-0.009718684547939338,-0.005385000790924632,-0.008472976110161734,-0.00633998906504607,-0.003892129503613617,-0.0013426912324985274,7.469229028500557e-05
2020-08-13,-0.0009932661672767962,-0.013398199255747256,0.0031555182244928925,-0.014558596766124254,-0.01654395946615994,-0.004582866438972322,-0.007159192660506575,-0.0067055812058166575,-0.00381676552183996,-0.02223677809419322,-0.019362063659763007,-0.01688329030635327,-0.010472692730279842,-0.009978911770969212,-0.011484507279650447,-0.01555510297210938,7.469229028500557e-05
2020-08-14,-0.0003674776888719089,0.006552593034943488,-0.010278500496084253,0.0035099933179394416,0.012049411241838781,-0.0002972937538483489,0.005054394307367982,0.013386567599426025,0.005260556348539058,0.01123485743404462,0.007958016762276587,0.008877948379282463,0.010201387150321484,0.001485292097171076,0.007114918594377517,0.008558187810482343,7.469229028500557e-05
2020-08-17,-0.030076063296898492,-0.018120591108040207,-0.0271974163815335,-0.027945057585059052,-0.018938316238349073,-0.0258618872535058,-0.023612329669066567,-0.028449248394912696,-0.015841360872661858,-0.03063890645004308,-0.02664432331296751,-0.023922699754873822,-0.023911361723669367,-0.02555546750210258,-0.0225868844721262,-0.018402119703651243,7.469229028500557e-05
2020-08-18,0.044744476511270115,0.0166008008606513,0.02951446330250662,0.04838666072433795,0.016513210855457094,0.03489088271749874,0.030077274309706192,0.028173571464722436,0.0101204729544917,0.027156211193441804,0.011896934602067866,0.013301745432098055,0.02184997422018964,0.024057579195836176,0.017833569102127633,0.025167318800427996,7.469229028500557e-05
2020-08-19,0.0046631037723374735,-0.00927281337629371,-0.004638974167271215,-0.016232957566829964,-0.010901275914504516,-0.004590415646184898,-0.00880586291343366,-0.013136942910780824,-0.008450598130358533,-0.009680854272305695,-0.01579849276227041,-0.010580291317437318,-0.010352841523125211,-0.010527574470912349,-0.013699725128797469,-0.011528671749027608,7.469229028500557e-05
2020-08-20,0.002972206806372224,0.0018074301779227309,0.010357017381035005,-0.00612002035666348,0.0023909185729997784,0.0032217686495554787,0.007400858614309724,0.003985892236050503,0.006071179241344371,0.0019030330792197958,0.006027809050542343,0.002634805973378729,0.0040550477861436285,0.00606690487984296,0.005317577548005881,0.006130827820925111,7.469229028500557e-05
2020-08-21,0.010878501056012624,0.0035184090338769014,0.020886333366889387,0.0029052136862952604,0.0027579512463755673,0.010162727677325512,0.006164254779657652,0.011191089738000981,0.001325861563404418,0.020341944335199535,0.012694509007479038,0.014353610009904205,0.008155457021543633,0.010166994151536546,0.009088805036680414,0.0009989828707241966,7.469229028500557e-05
2020-08-24,0.006271284863337723,0.0031244780909240877,0.016880440147315712,0.005617749985478371,0.008146571151637971,0.007822076500196173,0.002476697487501456,0.011624117666055644,0.005494633488569489,0.020175018092260633,0.014147549726234221,0.014499703173079137,0.010940164687258003,0.006213832577319334,0.00591443017879878,0.006988690267847764,7.469229028500557e-05
2020-08-25,0.00028438520157902936,-0.0003902803831991042,0.004049831681583571,0.0018634139896234192,0.00771836677856319,0.0015902118169202062,0.0016112882355741043,0.006797940977683492,0.0025395660559377475,0.009980902102258327,0.013416795577333218,0.011243239579360242,0.00539430563582699,0.002081499710371082,0.004196459909461048,-0.001102536595813941,7.469229028500557e-05
2020-08-26,-0.013034870191085735,-0.01134482768489864,-0.017640369673463163,-0.00348768978606695,-0.01501601129857233,-0.011631005512049986,-0.013295202750916335,-0.022123576727756222,-0.014637463697805386,-0.025694770974144188,-0.023162939304794072,-0.0228985493593733,-0.019191670473494127,-0.019525836484182935,-0.019904736878359697,-0.014311133723771352,7.469229028500557e-05
2020-08-27,-0.0004348899145446561,-0.0023908414776698805,-0.016119373014316873,0.014746379664064557,-0.008789983825661651,-0.0025173696118333533,-0.0032427280138008774,-0.005664173387180171,0.001643152863070485,-0.004207751633708456,0.0028510081799542064,0.0006293197739799528,-0.0032061828314839946,-0.003363981613363043,-0.0026368877956086667,3.5161570934638675e-05,7.469229028500557e-05
2020-08-28,0.016351122776107507,0.01677214736551269,0.028500554302500758,0.02093257330385523,0.016461957974815533,0.021571262879291675,0.0177284992765947,0.020759035260480507,0.01046852353933958,0.014183966516190472,0.0183714263352881,0.014743466785739345,0.016286112172883893,0.017075072432377603,0.018493965841232862,0.014755386035862017,7.469229028500557e-05
2020-08-31,-0.016507227599658947,-0.026533694230158278,-0.021486925798175904,-0.024122049613199303,-0.014207971216168902,-0.020670531970384265,-0.021609011437698777,-0.02469552638200323,-0.02540552002088292,-0.021187247963450506,-0.027385520931190843,-0.022177320097494846,-0.021053462565122305,-0.022674089950502352,-0.02596364270009588,-0.026932263369922715,7.469229028500557e-05
2020-09-01,0.016716193766907583,0.01564177233868902,0.035228694135935434,0.03211727244655416,0.012113394253635779,0.024301861755956722,0.02437584861966946,0.02705667766877351,0.024568664949289998,0.02403609628104597,0.028586583086465778,0.024520706076442522,0.027205876663259465,0.026986348635647417,0.028947188415862968,0.027708783825005856,7.469229028500557e-05
2020-09-02,0.00177363244239781,0.00026922458250111525,0.01334239300357054,-0.002581868690748501,-0.001967345698205336,0.0033276639266028862,0.001443279767109562,0.01282469642283579,-0.0071206236181386995,0.0012562220556076031,0.008411002667406908,0.0021669571537896726,0.002717298065804341,0.00044618389546546844,0.000882107034100521,-0.001923658388021332,7.469229028500557e-05
2020-09-03,-0.01926848072053189,-0.006031033430326849,-0.017699819980521392,-0.01350084618044567,-0.0097077779285909,-0.014635062202194349,-0.015215413475633599,-0.01934570730287266,-0.004431086531674677,0.0011091655039481285,-0.004597508184082888,-0.00890055197686579,-0.0072601304167816405,-0.01408389746057126,-0.013884134534325798,-0.011775724769916063,7.469229028500557e-05
2020-09-04,0.0058895257982996,0.00448683245284931,0.012019502824960782,0.006374359182667266,0.008007672666037191,0.008096545557989332,0.00548042731212961,0.0068001137123132605,0.00168672229451583,-0.0004598283053722785,0.006281292994929855,0.004243012174298455,0.0035185226049678775,0.004766162479926894,0.0033651193335042517,0.004940467784735558,7.469229028500557e-05
2020-09-08,-0.014961885278319764,-0.001343590606139422,-2.0051559345701797e-05,-0.007131650366194897,0.004393203862871786,-0.006005193189041913,-0.003030373076890025,-0.0011972652776861548,-0.007853337905340374,-0.0038320914110846482,-0.010305421486351163,-0.007556843851875272,-0.0033751673164426066,-0.0027030164909486176,-0.005434810672367285,-0.010909695961699661,7.469229028500557e-05
2020-09-09,0.014029693280335653,0.016142149050428545,0.011591676739545642,0.01498546340007878,0.013520934428256748,0.012819670702787667,0.012141127803051877,0.017817799413765822,0.015232791145536995,0.015484827271045498,0.00954708075563837,0.013424365786545156,0.015841519643969626,0.014826238590877283,0.015381100845506257,0.01228606123663556,7.469229028500557e-05
2020-09-10,-0.023588219356763584,-0.023439539558373412,-0.03992415797815896,-0.028017681934901395,-0.025062493965252397,-0.02930370382007963,-0.024593220389688697,-0.02512359004791731,-0.026819272373083347,-0.028772549667832048,-0.02831713765451871,-0.02599760952517738,-0.026110253861040267,-0.02402698081130994,-0.024505417525272355,-0.02451408924726073,7.469229028500557e-05
2020-09-11,-0.01194099799108761,-0.01593749558794999,-0.016160927147970683,-0.014049475501970443,-0.016402456447025093,-0.013700933304056973,-0.012743083886234019,-0.011688808231983927,-0.014753687539129645,-0.01954020477800744,-0.017665176155136297,-0.016418434901104728,-0.015306268850527105,-0.016285540833178125,-0.012708588321936998,-0.0052236334518690475,7.469229028500557e-05
2020-09-14,0.020531178208221368,0.011949257911364697,0.04210167359368833,0.03380516411643053,0.009885875817227774,0.02789824742788971,0.02654187973360589,0.02902445045367652,0.012059491946590617,0.010814463204703362,0.01833122054812608,0.012118563897865364,0.02076867437074381,0.023711208228910374,0.022752612130479077,0.01980307733931097,7.469229028500557e-05
2020-09-15,0.0030712694106136418,-0.003941794899003481,-0.002208357861443133,-0.0036848682946091227,-7.410535092655657e-05,-0.0010272474199500836,0.0021989217903857217,-0.00491572552158015,0.0038352464890241134,-0.00866851718031425,-0.005433612073724392,-0.0023348529981737087,-0.0030966952754191146,-0.0026326453301765973,-0.0015858802154306018,-4.374602375689651e-05,7.469229028500557e-05
2020-09-16,-0.013103801304137241,0.005841860220285655,0.0013300474163595588,-0.0005740979614717867,0.004665067748842233,-0.003425129861866494,-0.004658317704600012,-0.005354607676373746,-0.011456928306435632,0.002545150629038595,-0.002560602173476312,-0.00559029735161054,-0.004296569721225052,-0.0043143384706967325,-0.006577168645883091,-0.005945250632169552,7.469229028500557e-05
2020-09-17,0.0033812518582048146,-0.002697494203960038,0.011427085916325908,-0.005200133061818657,1.8457822129835932e-05,0.00217784223161388,0.00043956820910340255,-0.0025083872495980097,0.0023673688917593694,-0.0014848615079503524,-0.002126018122402651,0.00028133760632464977,-0.00016528158497175482,-0.002094278194510024,-0.001083389596319706,0.004120101685803901,7.469229028500557e-05
2020-09-18,-0.023111086033810402,-0.016653749672530527,-0.019619005251282462,-0.024212353836364664,-0.018327780181546793,-0.02011570459755463,-0.01652740446111267,-0.017246967476541086,-0.014173837630137687,-0.026028675192556805,-0.022063667461934888,-0.020149179326679367,-0.01953847167651046,-0.021399232767054688,-0.022843969401655673,-0.01742273665012095,7.469229028500557e-05
2020-09-21,-0.006013053460425022,-0.00028873984217459014,-0.014447790299688124,-0.01589317277829927,0.003801442996844262,-0.009159466205419742,-0.011080607071076831,-0.006158590818368892,-0.0019065952893669857,-0.0039458837991432905,0.001264034830168681,0.0063718961704750665,-0.007786209809092393,-0.005773967865712826,-0.004410187667560295,-0.012666952369966289,7.469229028500557e-05
2020-09-22,-0.0017181708980076316,0.0024340867630121554,0.007513214059926776,0.009564905131375534,-0.0007138484128560441,0.004495786875668539,0.004172199201743831,0.006617867485738893,0.0016270727073111058,0.006917180354330865,0.004697591581720673,0.003306337057701114,0.004280821521162492,0.002322136668276187,0.002641677101425932,0.0033776956469357966,7.469229028500557e-05
2020-09-23,-0.021288359473420004,-0.013290152646522113,-0.01606672212410243,-0.022024148205171623,-0.01673041620434379,-0.018927903760001197,-0.014760162509925734,-0.012239817450037327,-0.02031883263008194,-0.018745275705154052,-0.028004897335423218,-0.02157410143315186,-0.016291049509565836,-0.018444939880440492,-0.022979244553306688,-0.014974167944430739,7.469229028500557e-05
2020-09-24,0.015306536078964372,0.014560330556000478,0.008806083135085352,0.01756959508660394,0.013579402894196457,0.013333476642078068,0.012054156257299109,0.011978403867603404,0.015755602140020697,0.014939900362092695,0.016293749574050942,0.01817445507540083,0.012398831887239892,0.013486233716909268,0.0136346143273407,0.013310454977652153,7.469229028500557e-05
2020-09-25,0.005413242787606132,-0.0009886365164689659,-0.007381991095706919,0.001969395290201126,-0.007404542840870443,-2.0934954873763623e-05,-0.0012624368811822162,-0.006911118363796209,-0.0019850027677739135,-0.009130266059302672,-0.005407297979478254,-0.00481608323443572,-0.005726384284836961,-0.005907620902747435,-0.005114714975321344,-0.00038222572757495854,7.469229028500557e-05
2020-09-28,-0.02687759785419075,-0.025077121325401297,-0.020689599319955843,-0.024628033823906104,-0.021273224727385576,-0.02332123369788852,-0.026745978655130287,-0.03244872220760309,-0.01568031232536027,-0.021165406142951038,-0.017601145753128655,-0.015310331456040771,-0.02463089564896359,-0.02472029632815509,-0.02603215448107421,-0.02399407808829579,7.469229028500557e-05
2020-09-29,-0.011933155221271696,-0.007246539918485562,-0.017801252221436137,-0.011611503728420458,-0.009513758482364798,-0.012553814970127974,-0.009062684000112786,0.0018303609713501423,0.0007938465968229114,-0.009160005176181985,-0.001768688859975498,-0.002144878892270108,-0.0032455507430015906,-0.0033180093717736225,-0.0005933322884713599,-0.011361390611937638,7.469229028500557e-05
2020-09-30,0.020392321948556447,-0.0008325972817031513,0.020523830259427944,0.01649722527828512,0.0037516265116654957,0.016306623050432068,0.012786818056014448,0.007689375125022657,0.004038311823208129,0.006148826682943698,0.007723170203056018,0.00535771348634051,0.005351995608449345,0.005025971065427903,0.006732158659393139,0.010690606060834495,7.469229028500557e-05
2020-10-01,0.011975036596888922,0.006668011970851984,0.005930708077042102,0.021642289766191203,0.012605333977482758,0.011161069362534137,0.013214928794977876,0.004569113722584284,0.009936369734365957,0.009750545317546822,0.009766292379473906,0.008602455488603944,0.007935701211438495,0.009066406310228592,0.007699668424683503,0.009225387853396771,7.469229028500557e-05
2020-10-02,-0.02017505104830475,-0.00880848756819086,-0.016137300418659906,-0.021397843542365735,-0.009910493338380122,-0.017030232537042722,-0.014871782807891254,-0.0072428468890038955,-0.003990831171694631,-0.005517807958319576,-0.004471657272501761,-0.004038014742650753,-0.006968500909921516,-0.010858911903751878,-0.009487556036481659,-0.014995654040953044,7.469229028500557e-05
2020-10-05,0.01805357163411836,0.006933792580048559,0.03007595246675221,0.01615040186027139,0.006892545060994459,0.018283749522371773,0.01702070322027227,0.02059406659875762,0.01582883758797604,0.014277939277476337,0.02553670319168999,0.020473676506181482,0.01571627832156497,0.015175194784863733,0.01558968528009319,0.021500521796582017,7.469229028500557e-05
2020-10-06,-0.0018698931767231475,-0.002808443677099537,0.0005636204505721221,0.003925682770619554,-0.0006378898041720094,8.416326620142023e-05,-0.0011603458101822062,0.00222659178964002,0.0034261652549303356,0.0036787781471330216,0.006530785322734767,0.0038385113558023765,0.0014470227829681548,0.004568688783893604,0.000963171716229283,-0.004930272076344222,7.469229028500557e-05
2020-10-07,-0.0057166753458917086,-0.006923161760686858,0.0009028441771037343,-0.004485519780079605,-0.001737249563558474,-0.002938848532246685,-0.0009625441496100562,-0.001774948668805787,0.0034093884905921357,-0.003910494113973706,0.0003446887688416389,0.0026812932432507264,-0.0027586302881954516,-0.0032814160436483997,-0.003259570361760167,-0.0008821650985646468,7.469229028500557e-05
2020-10-08,0.018590224462972982,0.012458824695096071,0.008569931535104214,0.027152678110957673,0.017332242405262432,0.01620025399517555,0.01623966376294894,0.01697485484050154,0.031301166058015584,0.03407520611580006,0.03018853292404322,0.02794673436677031,0.026892324671562662,0.021472567411393806,0.02042174689135634,0.024714792823584908,7.469229028500557e-05
2020-10-09,0.0034848962550120266,-0.008628741165649378,-0.0006977353548965892,0.010501785405048425,-0.009181621824608133,0.0028871951040176924,-0.0006108194807482592,0.011497820491559008,-0.0008588423044117999,0.015728843408578053,0.0027800065658101225,0.0033721316328363393,0.00524641880689547,0.0029931645136609397,-0.00023180093151631276,-0.0035747712771637685,7.469229028500557e-05
2020-10-13,0.0019188520142436882,-0.0008672458620667678,-0.009208696199259792,0.01686819499097192,0.002302449436866416,0.0030901778281220427,0.007500089501037532,0.010469104958002573,0.010548647904333075,-0.0031694064983230907,0.01207866378417033,0.008877610042310247,0.006056011826950369,0.010299967545393418,0.014102695445403768,0.009683492689533946,7.469229028500557e-05
2020-10-14,0.019674208500017665,0.008999818426090433,0.007581516464494342,0.0035245013760663024,0.014194910394259352,0.008898312067616265,0.010035832756560392,0.020002720042207933,0.002473912572933168,0.010473933175178862,0.006123714490976262,0.010684421287448176,0.010109548762045506,0.007993586974837319,0.007342756803747408,0.008795128366565708,7.469229028500557e-05
2020-10-15,-0.00105019590555544,0.004902577271966857,0.014298138502333746,-0.006149558282444123,0.0023418752394972486,0.003026260340994291,0.002595027898322444,0.007405123906853772,0.001713189896561218,0.00781652182652115,2.1581611122645228e-05,0.0032628249206125837,0.005379291617360282,0.0033489728917968087,0.0025097977118877512,-0.0023659113521331543,7.469229028500557e-05
2020-10-16,-0.009200696740432002,-0.0034854158205614993,0.0012689711772533308,-0.004925162585936338,-0.010485409460417094,-0.002758938991806348,-0.002033602969344517,0.0028371809435632223,0.0014526953929256958,-0.0091370704364796,-0.003171538037990085,-0.0033640521901381337,0.0002703129415553285,0.00046167822642728673,-0.0009319075674053545,-0.007105778676298802,7.469229028500557e-05
2020-10-19,0.0009629203042289536,0.0057524929509980005,-0.009673004875290436,0.01408130575874833,0.005711501178917722,0.0014616507319507033,0.0002109272733878953,-0.006712097664776651,-0.002079616681582963,-0.0065767937975615975,0.007416501947559162,-0.0001410686996901056,-0.0043377920859604124,-0.0037491096853855543,-0.0010487151921414473,0.003537411451089767,7.469229028500557e-05
2020-10-20,0.027544472110925478,0.013996660771367742,0.021018163665076584,0.017326944333567518,0.00938166275441188,0.02075836151342747,0.01751614718361183,0.018386414267423046,0.01974183806865093,0.017497139955048313,0.020699464072855722,0.019714938815288185,0.017656721289210697,0.015730108339951254,0.01434660814425226,0.01898958964504116,7.469229028500557e-05
2020-10-21,0.01083116143895535,0.0015375242244575205,0.0067966954163787285,0.004317973621053461,0.0024501706881852048,0.005578835618644584,-0.0006372810129845474,-0.015375150454285391,-0.01520981367476859,0.004753870068021859,-0.01378938605678437,-0.011529592959121926,-0.00754820629880848,-0.007459448947025105,-0.011431454181868306,-8.117126153706078e-05,7.469229028500557e-05
2020-10-22,0.008321694761705078,0.009090393176676592,0.006867883248197426,0.005405567742122974,0.006474140341192092,0.008045719152733444,0.00523506227270909,0.012578517124697042,0.027062561923689943,0.015844842778866663,0.03057664721536213,0.02836001787578879,0.015513929527593229,0.011966961617110528,0.017103459886310235,0.012851132220471628,7.469229028500557e-05
2020-10-23,-0.007700364473631427,-0.0042572970346436145,-0.0019524762373137605,0.016022327999126063,-0.0028109824920600213,0.00048141802851731086,-0.004470304488365495,-0.004886767919713431,-2.1494874115068896e-06,0.004910853472115839,-0.002980866058714504,-0.0024201102384378004,-0.001011128129016492,-0.0010807620041755062,-0.002819021411631484,-0.006151059545471682,7.469229028500557e-05
2020-10-26,-0.008300618346164246,0.006634930079934653,-0.003446768317632687,-0.000856478363789881,0.0004250457261749663,-0.0024504437399188728,-0.003566909712456212,-0.0009612376062821948,0.004232263147066817,0.0042776313861006,0.008361287343454205,0.008262125658482944,0.000879677255128497,0.0005024164634293005,0.001939989988821722,-0.0020277177983888395,7.469229028500557e-05
2020-10-27,-0.012881108876165115,-0.00381077576450517,-0.00908545685511386,-0.012790286927671146,0.0005977022343284233,-0.009289546984420971,-0.006576449723849187,-0.006637838538767538,-0.012827268686006144,-0.0170734964388517,-0.011558538958664433,-0.010962800621922342,-0.011767276573531604,-0.01203792152007388,-0.012580342050699245,-0.013230116749748722,7.469229028500557e-05
2020-10-28,-0.04723911265855962,-0.02759627105592033,-0.05124640333979569,-0.042613894543759856,-0.028168237184297285,-0.04329992991758291,-0.0417084845518777,-0.03751975220048198,-0.03636975166313716,-0.031192251608053723,-0.0436348220038173,-0.03697995074927274,-0.03552691553870824,-0.03824401466777039,-0.03907386677921765,-0.04183672265318028,7.469229028500557e-05
2020-10-29,0.010613928576667986,-0.00015462279235245457,0.02404300731191844,0.013204020050400667,0.0014693547910782367,0.01228186181585067,0.009137030489232423,0.00619242913194662,0.002202731675587044,0.004690779977913451,0.008410968560909726,0.0037944791889039653,0.004264168557199133,0.0027274893938435962,0.0022943538706650113,0.012228655086853557,7.469229028500557e-05
2020-10-30,-0.03648503132214542,-0.011263216087322614,-0.021066589318367912,-0.03573270281302132,-0.022175196259774932,-0.026392104028281516,-0.027864634181240522,-0.03330990125123756,-0.023175920460630328,-0.024296048868782116,-0.031814504423097634,-0.030705300121273926,-0.026609468354622523,-0.029620364951767897,-0.03119819920357758,-0.027285183381864697,7.469229028500557e-05
2020-11-03,0.01018004112947879,0.009872448632406217,0.027553920676577137,0.012350392812487287,0.015981859557294475,0.014994426932293026,0.01655352779552466,0.011087781136690733,0.01054905457791322,0.021581129139540245,0.013947150902901884,0.0183006640461294,0.012382239601957279,0.01110730531499704,0.01305309175092928,0.021833269169337477,7.469229028500557e-05
2020-11-04,0.03460421580337769,0.028189667539619156,0.013670100285097853,0.040452229394146055,0.025186418698177393,0.028187925629850952,0.026398087716857255,0.033693013301194785,0.02374321145790792,0.017720468165514314,0.03298121921988484,0.03103976877903203,0.0265680746547039,0.028541938995666927,0.03146623328720355,0.02086882526134981,7.469229028500557e-05
2020-11-05,0.02867233707777439,0.03245287329357471,0.02717571130493268,0.03621438480169448,0.034480491535070934,0.03089800537123888,0.03169463803604722,0.047140809324715205,0.027398067788283464,0.026786800802591992,0.03729303004650664,0.03153916351664399,0.037097145300541756,0.03594375793716287,0.03637580897121184,0.029361201603320675,7.469229028500557e-05
2020-11-06,0.012358446584620486,0.011537511875970408,0.014183413001705336,-0.002483873916247603,0.012557551551124035,0.008504933175238705,0.008092504170065018,0.0037993998260179573,-0.006792221606413906,0.00454337251408532,-0.010664418845440227,-0.0015560760501269755,0.0009481046477888277,0.002200894067085679,-0.0013698203667382725,0.002269055993499469,7.469229028500557e-05
2020-11-09,-0.011927217339825713,0.010466854627625866,0.01625330954506432,0.03976825237578452,0.020009434751097954,0.013689102469998327,0.006593932649929357,-0.008991672416555407,0.02577558149755843,0.03712266624043403,0.034396697156137135,0.019064158974235967,0.019042381208455028,0.014047477080324944,0.020840477600773122,0.023012248871178365,7.469229028500557e-05
2020-11-10,-0.008769053347178701,0.010219186879385056,-0.013924167198509418,0.004333213848381812,0.010896525274691538,-0.0025394617133467356,-0.0032832674870278966,-0.0035850770263861076,0.0035687449672585636,0.022259815405217154,0.00977699681995614,0.006017002984193276,0.0062065720024480076,0.0036874041204006947,0.007102757121843606,0.013757819033967111,7.469229028500557e-05
2020-11-11,0.0038874925579452935,-0.01300539131221623,-0.012126278151685321,0.0011296443973585202,-0.012193249499243941,-0.004209502216641847,-0.005790641166579569,-0.0052860657773246,-0.00041119034587766556,-0.014709807963569577,-0.0041399241707266166,-0.002755756749137972,-0.008048142054418839,-0.009513319433219758,-0.007280087532881674,-0.002888052012727571,7.469229028500557e-05
2020-11-12,-0.01992887466217319,-0.010154547121904445,-0.021606033441114114,-0.020970934334718194,-0.01288962772055191,-0.019017533202144055,-0.01822366455437463,-0.02133175647444885,-0.007778411504466676,-0.027508288563472538,-0.01957898539485836,-0.014587527462272432,-0.01879523929393745,-0.01709052419985324,-0.016797503410919012,-0.0216898613041967,7.469229028500557e-05
2020-11-13,0.027554891105757928,0.022229538346034028,0.02953798452664902,0.018197410749015264,0.024234059597058266,0.024375159806398594,0.0248393478813298,0.02725855541759903,0.022615421278076253,0.027068463995863157,0.016994032769412915,0.018091324766448924,0.024680050451570956,0.022869178314295135,0.021379547814020183,0.021614962430338114,7.469229028500557e-05
2020-11-16,0.007866271002586522,0.014574612350690908,0.017832981483685728,0.025236934220785656,0.017264616781564213,0.016419340563894602,0.009456992297238953,0.007830667009583125,0.011612086091640217,0.02544449694030737,0.01490552307780324,0.009853497294448621,0.01481935776760035,0.010218742416568727,0.010493897570434507,0.015406409408153632,7.469229028500557e-05
2020-11-17,0.0018437183281312386,0.01086436572102012,0.006214806436060982,0.010209926762610566,0.002363411987723607,0.0067085468513827795,0.004568705070147727,-0.001273325126786795,0.009040807572388232,0.003584388205057243,0.010835307221591206,0.007061244954602364,0.005470689536404505,0.0052247660503361715,0.0053279151145726455,0.007150781467502698,7.469229028500557e-05
2020-11-18,-0.0037218805809160482,-0.009585675261224669,-0.015117921079209062,-0.007652802901099598,-0.006118300473208271,-0.008728077482531571,-0.007595662084872057,-0.012767889167609514,-0.006965359744174449,-0.009063435025028599,-0.01598171987381003,-0.009689151174023247,-0.010269615980507019,-0.0079443530662211,-0.010217601221620853,-0.0100828686454012,7.469229028500557e-05
2020-11-19,0.030354944728857358,0.00011076735757997724,0.0026197785081534253,0.0024634669102898687,0.0006475288332496998,0.01139001915288329,0.004152306137185091,-0.0014703258662801533,-0.0037796048727853915,-0.003296790884211531,-0.0007407572266348028,-0.0024896539810426166,-0.002444461385288421,-0.0036946841575118405,-0.004378800254106641,0.005224074729416106,7.469229028500557e-05
2020-11-20,-0.011131941407121926,-0.006601158240402305,-0.00500624188663279,0.00018231684918523783,-0.007159071366854675,-0.006066223370917445,-0.003579797749131197,-0.005286326269642427,-0.0012194925314408245,-0.0037995729332246375,0.0,-0.004584991389832926,-0.0032284483626112692,-0.0023227473499841667,-0.011206566957085329,-0.006014166241066543,7.469229028500557e-05
2020-11-23,0.013655447406152321,-0.00554596890660608,0.01630654352842864,-0.00881208288913471,0.0022723570384359792,0.006107025412943168,0.0055076321495821645,-0.006317528097551595,-0.015318539280003818,-0.007179921036355785,-0.015176640062499525,-0.012304252328729004,-0.008633937775700318,-0.007855512993582003,-0.0018180840466965886,0.012418601311005473,7.469229028500557e-05
2020-11-24,0.010508006789782698,0.005123971878348232,0.016175702143473414,0.01312901216993101,0.012219465992764134,0.012290867426487662,0.01184126263509766,0.004562267303619194,0.006013189970115684,0.020875665808590904,0.01166565294016042,0.010450306916331309,0.009944975386321886,0.0097945763946512,0.00967135355338855,0.021740042274012383,7.469229028500557e-05
2020-11-25,0.01627257951049077,0.008790629969328112,0.029486354400654058,0.002456536952512245,0.010891603131546024,0.014432358280110913,0.009190953449414119,0.006333872779269223,-0.0036589209012165558,-0.001528832821559023,-0.0016123394247954392,0.0008381984725689406,0.0013470352671012265,0.0017826869726758066,0.0029091851486733322,0.0034288200134935387,7.469229028500557e-05
2020-11-26,0.008095734279332856,0.004439390975440327,0.02435231116333414,-0.0007188399762602105,0.005705925313171489,0.010487068958554557,0.007786547475897798,0.0006857855642490307,0.00440461648720003,-0.00029419506380257143,-0.0038738420885021663,0.0011106970659284787,0.0011020560692933667,0.0007102017366602542,-0.0011881659682919654,0.001042288287601334,7.469229028500557e-05
2020-11-27,-1.6705287608331787e-05,0.004313589072424406,-0.008139655365946408,0.002991552667840791,0.0015914070587090823,-0.001234233171736543,0.0031363092400080728,0.0032853940266417414,0.0082448372904107,-0.0001992616136982095,8.907515238365526e-05,-0.0001939009988967122,0.00689668176427527,0.0053139267405524215,0.005123561534734922,0.002826183710500141,7.469229028500557e-05
2020-11-30,-0.0259019415599252,-0.005975360710179234,-0.0010053647541283794,-0.024447099672202155,-0.021046927047104536,-0.013847110460273537,-0.01540377133926829,-0.01535680566087827,-0.019460632827319357,-0.01085565537450861,-0.029145195859821893,-0.023019955360875533,-0.014419357324637283,-0.01919152468924601,-0.02057903940930217,-0.015178438833042263,7.469229028500557e-05
2020-12-01,0.010767892300764359,-0.000298454834526507,0.013615825067823106,0.017850965887339143,0.014942703105563782,0.010024238338395941,0.012602654587098083,0.011504619882037437,0.023145043996050774,0.03242870261286268,0.02285271188678628,0.021492519652895448,0.020206427648121972,0.017030142548804417,0.01350348601728335,0.022202737204453094,7.469229028500557e-05
2020-12-02,-0.00761061826339704,0.003620985715578895,0.01242588431186853,0.008246860281142965,0.0035498193927232524,0.004312270870469925,0.0033833284685391707,0.005364688274007712,-0.005749837486621945,0.0020024428663272253,0.006488782588305986,0.0035108418884228776,0.0018378969093437725,-0.0010617722981117739,0.001756647168137171,0.004637145190461434,7.469229028500557e-05
2020-12-03,0.010129310983360895,0.01336982649121432,-0.0038173542435496755,0.015499052003590696,0.011079721896507966,0.005933289779362694,0.005779371886073692,0.017693326799069764,0.0002905354245885672,0.00545269237291679,0.007109979729212013,0.0054046201987993925,0.009223356977941632,0.010726771301918125,0.0058443766590365875,0.0032505131473097304,7.469229028500557e-05
2020-12-04,0.013265715268444112,-0.006010417360826192,0.018082071552498746,-0.0009648741416462547,-0.007375151964362003,0.009410657570760206,0.008133543865018966,-0.004786876159621034,-0.002631906835240172,-0.0035629098652674163,-0.0015633947348342447,0.00048368411004395817,-0.0036339661318590677,0.002531902417215237,0.0016878722969444482,0.01240874868619568,7.469229028500557e-05
2020-12-07,-0.0043403087773842275,0.008639230023865574,0.0076224653501861805,0.006678156015501591,0.006892667483546111,0.004333738037570756,0.000410848789379914,-0.01093827530385838,0.0035459492708360685,0.005818199007160185,0.002648754714473789,0.0037350621899814307,-0.002122409169605599,0.0011760420647408676,-0.0026018447154595448,-0.0015819600060734684,7.469229028500557e-05
2020-12-08,0.0007404753022934862,-0.006864493129146609,-0.001561535693973659,0.00801673448565876,-0.006120407130244976,0.0011449800223679585,0.0026547182984011375,0.008361478518332133,0.001785677060769375,0.002089826202250178,0.0054063758253581895,0.006723160661056271,0.0013885567060241133,0.0022084264642432405,0.0069117383388090925,0.0015932044359239228,7.469229028500557e-05
2020-12-09,-0.0078120391199014705,-0.0027158845631438666,0.0025517916457802325,-0.012508147872337783,-0.005744715732920458,-0.004359107362741588,-0.009059332254599095,-0.010908919601143041,-0.003596256364627015,0.0016680995149274125,-0.005475700338627654,-0.005242531724650279,-0.004367491153239089,-0.008031742103663642,-0.008025480901863391,-0.007063090698318342,7.469229028500557e-05
2020-12-10,0.00974035811369034,0.012449829890831543,0.00827910735044135,0.0038524316031540717,0.01138242325306349,0.00793119459353897,0.012115260094213376,0.007673509503328679,0.01010677037191976,0.015606753214180813,0.01598016663646784,0.013005530063702864,0.010892295879169067,0.010109457302956981,0.009491062624832569,0.0183849655221755,7.469229028500557e-05
2020-12-11,0.0009068511843290938,0.017904045163313453,0.009119076537966286,0.0025530046116475358,0.020060145054846545,0.004816626502324839,0.0030324457047778974,0.010370719703620912,0.009879881210923314,0.02479837270616092,0.012376267139762032,0.01832565681635656,0.013139548301368542,0.008975879811768062,0.006449043788381292,0.0005439376525844253,7.469229028500557e-05
2020-12-14,0.001766627816008226,-0.004943066251615447,-0.024752692812092025,0.01058787839668196,-0.007784426900323327,-0.005745954603848524,-0.004283532992147121,3.929807581815048e-05,-0.007003448750361074,-0.004901625682387389,-0.005021584972389248,-0.0090037452038092,-0.002377363622899864,-0.0003770063610393226,-0.001388546729076623,-0.004384037046488598,7.469229028500557e-05
2020-12-15,0.008550984799577943,0.013358810120638998,0.030189148932382226,0.015511953600953143,0.009992193478422173,0.017516397141797313,0.014605850666170372,0.00842303538849154,0.009558818564248117,0.007212702232388013,0.013010512161518939,0.01315368184387955,0.007893787326025414,0.009468321544441771,0.012666302849980493,0.013256420921006429,7.469229028500557e-05
2020-12-16,0.01640835146614794,0.006843820482784535,-0.002871251784533735,0.010475611788953954,0.0013833842109818306,0.007014856312812956,0.009812341815939263,0.006449101333806384,0.008821642177724742,-0.0004468584312389279,0.007712450097593582,0.004319059428028682,0.006685276318768807,0.00940883004611015,0.012121540218118954,0.014539501720262082,7.469229028500557e-05
2020-12-17,-0.0009354969922930056,0.003341485406055833,-0.011150077269824088,-0.005616465078245758,0.005446305825424824,-0.0050242357980330166,0.0014168359077513237,-0.00022627854715284723,0.007218672792344671,-0.003615055793275368,0.0015097260197887152,0.0019400138721614724,0.00021359905737927676,0.0014855707936558549,0.004096666747708477,0.0041639001610758175,7.469229028500557e-05
2020-12-18,-0.008613802315183161,-0.0081753311564019,0.0018253547694360162,-0.009696267154117866,-0.0070542337143923994,-0.005117562650406526,-0.0037394599182094534,-0.015815554325731673,-0.007094160211076672,-0.003061367976867402,-0.01202649081549989,-0.01084363904272212,-0.007023081918315577,-0.005504582188793905,-0.0071671569873725804,-0.0030293720240638367,7.469229028500557e-05
2020-12-21,-0.009986616698497874,-0.01658749869573306,-0.021722325325725045,-0.008400528138239438,-0.013313732414031887,-0.01481845281770644,-0.015311006689694207,-0.013800652338145092,-0.012473605608889105,-0.018780912679222772,-0.016779553868707886,-0.012500646539168159,-0.016066547976488654,-0.016502477008288552,-0.018408184667162653,-0.018346272749003578,7.469229028500557e-05
2020-12-22,0.01274101192472643,0.003851551328348579,-0.006537492925302701,0.002770721628381656,0.005840782728846694,0.001987686547241019,0.0019290339193496209,0.0009718527718725056,0.009751658557924925,0.006489222943616202,0.003696410358904112,0.00398281256292532,0.004634363216647008,0.0011682959018068928,0.0042908218153629996,0.006467711450300673,7.469229028500557e-05
2020-12-23,0.02597198267633427,0.006328751660560794,0.025323333160694794,0.009324589868177524,0.01015729310062885,0.0187058347999709,0.011251658449707325,0.012425307530604002,0.005599243369895701,0.01857206104921305,0.011753319278556607,0.01168318839227589,0.013286392576421724,0.011286332005129518,0.011830367082782844,0.010477297768562543,7.469229028500557e-05
2020-12-28,0.011784148959977703,0.013553042919496328,0.013963671173818915,0.013785614463513118,0.017588882627869173,0.012322266657613934,0.011844561990203006,0.018033494689233986,0.019649527017982837,0.014981054479572764,0.019761062026034892,0.02244066579617665,0.015550603092973292,0.014981637672338177,0.014941466420209437,0.011351480449001583,7.469229028500557e-05
2020-12-29,0.004960624028389704,0.002947567356768044,0.003076815462188298,0.0028158751017177686,-0.0020029537526651264,0.004168703897592163,0.005260314085390405,0.002678775493009322,0.0015878683332890553,-0.0015577022959581965,-0.0012508205486402302,-0.0024344704654861715,0.0020778852606166964,0.0018634989874450891,0.00045771331247146385,0.0024095237906243128,7.469229028500557e-05
2020-12-30,0.0018766839783272982,-0.0015805031644886558,0.004930441177656064,-0.008899112720184177,-0.008231723047285588,-0.0012838915717852117,-0.0014648277550064481,0.00351725088587318,0.0007593883458310025,0.0004785944675840259,-0.007311514241015837,-0.002427203259091515,0.0005650917871320438,0.0009508257009576138,8.186912017182912e-05,-0.0026490147510191964,7.469229028500557e-05
2021-01-04,-0.00024947262068319986,-0.015541044256279335,0.006306135563164839,-0.013973081591008518,-0.00892528974590956,-0.0027756658482336327,-0.003213359318214981,-0.01653212145852334,-0.018060566359015207,-0.017898508427573456,-0.021052061441909076,-0.01863064518873514,-0.01685679399421436,-0.01673830374460239,-0.010480797243644369,0.0021177344429688105,7.469229028500557e-05
2021-01-05,0.012134087171933317,-0.008066436082447281,-0.0032414876049247088,-0.001748319905086504,-0.00807371944282076,-0.0011309933214739276,-0.005273484913491222,-0.0006503177221132139,-0.008870617822379856,-0.012441653584795653,-0.0027865564433483536,-0.0017737814621279213,-0.008517725982901014,-0.0067947774348380285,0.0026230114507348468,0.0051333042823753505,7.469229028500557e-05
2021-01-06,0.006390585104314006,-0.011056343297393467,-0.012151537895903397,-0.014476886700530711,-0.0020314131016845316,-0.00837173614625153,-0.01575409563204999,-0.013613873107231833,-0.0010171843732598163,-0.0033336062845322756,-0.010008929295035052,0.0008744217540479493,-0.011109510565306846,-0.009460384454774706,-0.008171219445900713,-0.0004299917469963166,7.469229028500557e-05
2021-01-07,0.03897308790524723,-0.007890799205421684,0.0015442687666114008,-0.0040414079944393055,-0.0063423731901747216,0.008824331473269886,0.0073151112716498545,0.012612770138773266,0.0014195676904682486,-0.004231086305258036,0.004485175242421535,-0.005987631555955608,0.006401918823795816,0.009358244176947084,0.020653846812613175,0.03020167835950871,7.469229028500557e-05
2021-01-08,0.031232171569271605,0.03909744373019253,0.02094050189070762,0.040300292057742215,0.030600319163043066,0.03219504748423363,0.03468429848978194,0.03969775203773529,0.033235166880247746,0.03773604919859008,0.030981293603605575,0.03867042275666743,0.034726850476343385,0.03030732347405496,0.027658044254788683,0.02003472568412734,7.469229028500557e-05
2021-01-11,0.00045268887308735906,-0.01680828211789287,-0.028341206511289574,-0.02213307046368862,-0.016941323804331,-0.01600462284480353,-0.015702978773688647,-0.019742997001240048,-0.01271241962535119,-0.024439656563500667,-0.02300838940049188,-0.022198721386394005,-0.019861663680379782,-0.01715221792991306,-0.020960325847336092,-0.013030796670830957,7.469229028500557e-05
2021-01-12,0.005419956202667331,0.017586752314387555,0.018432846586667218,0.024804836917286854,0.0016623815998542124,0.014047886107634966,0.012937906884528116,0.013900481660043651,0.008641071153172364,0.006351478222784701,0.011598487677966673,0.0061159742121983385,0.012756333057538871,0.0113116594900462,0.011086965845569008,0.003401788562189312,7.469229028500557e-05
2021-01-13,-0.014955508173770005,0.008234181504219507,-0.010933153554611108,0.0036851435352711626,0.005112335237172028,-0.005637345177122888,-0.006426165444770926,-0.0038239423397250505,0.0003790954228677368,-0.001368545010164035,-0.0026985889276602837,0.002469194980558198,-0.002771554223136463,-0.003652160974482399,-0.011691234519895954,-0.01712878538446705,7.469229028500557e-05
2021-01-14,0.010556105169900798,0.015776596712087754,0.02732550587671123,0.009372660366663066,0.014630063338905375,0.018048781076104525,0.017181176465604686,0.006005030324661931,0.013604745128044993,0.013215280927411754,0.02251126896972111,0.01835388986501818,0.01372899565589858,0.013581315468683242,0.010875733831854362,0.01303948679330813,7.469229028500557e-05
2021-01-15,-0.035299270496468305,-0.0031624143035027252,-0.023258483311761502,-0.009838322306708891,-0.008295822984887069,-0.01874771937152897,-0.016278186814494333,-0.00363545962025158,-0.0046512078322864525,-0.014938534488047939,-0.01575328172159296,-0.012745262556661197,-0.010190871910662258,-0.01380020612962618,-0.017875381839197235,-0.026256242278904884,7.469229028500557e-05
2021-01-18,0.015808166558101577,-0.0015672251527184544,-0.002535185187518829,0.001469577235898356,-0.009327310675032674,0.0027159933061584596,0.0027765100539216547,0.017148159148809627,-0.005498274746549958,-0.014237780372656661,0.0038484434715750915,-0.0007820613924290898,0.0013493246567730655,0.0011130629861293428,0.01067353256940562,0.0071961254367765015,7.469229028500557e-05
2021-01-19,-0.015924258724620888,-0.0007485263020093891,-0.02051302784341913,-0.007931015958395071,-0.005139531658626684,-0.012227414316900664,-0.00689337763440101,-0.004329772679753541,-0.007000247865432518,-0.00711227296564354,-0.005779921571645752,-0.007549590547270335,-0.005530099803079835,-0.003112140313586198,-0.001884501225044688,-0.004891049410618131,7.469229028500557e-05
2021-01-20,-0.005829887632242459,-0.013660175096180782,-0.011350984734489478,-0.011550951760073702,-0.01644607526743458,-0.009625634349520129,-0.005764185859783222,-0.0002404009945710106,-0.010147181011900264,-0.01507968869340881,-0.013851389484770715,-0.012578120259910452,-0.009483663725329605,-0.008216965497431894,-0.007399859050303825,-0.008946468571072064,7.469229028500557e-05
2021-01-21,-0.0026154306433565644,-0.010211100171577892,-0.018934198826307203,-0.015145044985358402,-0.007467823192548018,-0.011400436079871068,-0.014270095055720411,-0.0015505638976379688,-0.011800567976720022,-0.013013032959089732,-0.010804925792488262,-0.009058594266956321,-0.010336665646978216,-0.016260618063660637,-0.014617414248020988,-0.009148600632738257,7.469229028500557e-05
2021-01-22,0.002346891572369225,-0.010740619728765721,-0.01189740172705811,-0.008412431500421813,-0.0066206022223762595,-0.007612053935903362,-0.010084996135256707,-0.00736109192368406,-0.011621085468663583,-0.011328251717465432,-0.00987862585836119,-0.004120345311163565,-0.011195431624532293,-0.011541849552601291,-0.008916617576179675,-0.007673446148000362,7.469229028500557e-05
2021-01-26,-0.016190208023428965,-0.002953525705345128,-0.023051285479540162,-0.00876847974213213,-0.013038409838310727,-0.013487415593408936,-0.008129591371244138,-0.004348162630466779,-0.006274376659316516,-0.015240032726287378,-0.013096912484827361,-0.010361283851179404,-0.009440497858992591,-0.007857844419708049,-0.005324910412312089,-0.008371179997675116,7.469229028500557e-05
2021-01-27,-0.024208837810114403,-0.002409469558779853,0.0071624293246985715,0.006388156361593955,0.0038743583479607935,-0.005331688033601845,-0.0008394534373853402,-0.008424160573670791,0.0024467766227207477,0.02161289042608261,0.011993018253511512,0.008072938239668925,0.006894286936558025,0.007726881210490033,-0.00012840298783878268,-0.007127645151450146,7.469229028500557e-05
2021-01-28,0.019591138824484933,0.01599755235031819,0.044286270599270816,0.01454155062862994,0.020741981563848544,0.026250951288386837,0.0292457685973484,0.016134430052290982,0.020846177977046798,0.025900113222871335,0.020212691313828746,0.019301800874874653,0.021501204728214596,0.02149557107828426,0.01963583199768837,0.025555916572229886,7.469229028500557e-05
2021-01-29,-0.03145030655803127,-0.021546225810693986,-0.027461287272505408,-0.02327873822750348,-0.02051836373895377,-0.02670828265020908,-0.027823236227644932,-0.02358501871395524,-0.01990230235573498,-0.015257697224832611,-0.027399605556305717,-0.02396981972407075,-0.022529269559745213,-0.023406406356307197,-0.028783599839176,-0.03202441820031687,7.469229028500557e-05
2021-02-01,0.020796172867136642,0.013412460523154479,0.018619718613695158,0.012270595951425545,0.013147422561467392,0.016779161899706185,0.016857203542630428,0.014482378511293748,0.016349417856914128,0.02493948614439545,0.00589461143794634,0.01212649439252722,0.01741982725365987,0.018216460550017244,0.017319633906082377,0.022537236261484628,7.469229028500557e-05
2021-02-02,0.00651188597907737,0.009614398161237547,0.017836076239466037,0.014216099724292608,0.004769139564280822,0.012791196241033642,0.01556148369208099,0.010216342953910829,0.014819352847855516,0.015679298345123716,0.010283934053301191,0.011921307582092311,0.013267890885303668,0.015557575664377543,0.013372228418743193,0.0026972113069083647,7.469229028500557e-05
2021-02-03,0.026985768478782424,0.009784621643334379,0.017580746042527906,0.020520185269256697,0.010006173359295545,0.018658541211575175,0.014448972500796797,0.021955703626535872,0.011364499041363496,0.008394358310859884,0.016835461828066833,0.015950952404319985,0.014851594047992078,0.015146777853261684,0.014267398824354904,0.013963654251424096,7.469229028500557e-05
2021-02-04,-0.007384113107307688,-0.004497868259689453,-0.014661824159526216,-0.010631403710225862,-0.00450368426683212,-0.009162763414949038,-0.004364435660111576,-0.00379284977915173,-0.0028526547425895554,-0.0006524553698151747,-0.003575503002977931,-0.0034769453322245347,-0.004162147046882891,-0.002741851001686446,-0.005113430386750939,-0.004438714473942285,7.469229028500557e-05
2021-02-05,0.013345653174664296,0.00806385191145953,0.0011401090766223199,-0.0009632102222918437,0.008176600566936587,0.006631895397327892,0.0030226563651161165,0.004529958404738688,-0.0012876591161289364,-0.002146252907591628,-0.00035409133455366337,-0.002711701687360235,0.0008920937797283202,-0.00010691035657039993,0.00161574899794803,0.010677153170514098,7.469229028500557e-05
2021-02-08,0.02019410604427696,-0.005101796084734156,-0.0048828596124324,0.006940943936766253,-0.003637863384205464,0.004855953545128022,0.001432002084480244,0.002633387320373881,-0.0075282084948051775,-0.0031316081656372896,0.003486242903191883,-0.002456625646227173,-0.0006408842514536994,-0.0006426616268944141,-0.006304180289025352,-0.0029627864163844775,7.469229028500557e-05
2021-02-09,-0.004031576823024796,-0.0004110071433575113,-0.002032176784476203,-0.0071188680563143425,0.00028111582370971,-0.003482390462874907,-0.0037591050691980765,-0.0037161767157334324,-0.0010142934331914821,-0.00292598549808476,-0.0021065994586446646,-0.004412705535036032,-0.001671221357218422,-0.003167796042412907,-0.003986184438706686,-0.001838771043860321,7.469229028500557e-05
2021-02-10,-0.018030187215001603,-0.005125754192874088,-0.024220852355190114,-0.006620255125463381,-0.011038615616135283,-0.01540163323207977,-0.016322411715945173,-0.008268432440283524,-5.0792038817526475e-05,-0.010987806929579791,-0.010860530331837204,-0.004309646119000976,-0.009374979946544237,-0.011114203469794193,-0.0034991499991536834,-0.008183044750153523,7.469229028500557e-05
2021-02-11,-0.0007214273467980314,0.004739632630168078,0.0140949762243614,0.013015333354665204,0.00010503538638806376,0.00637962933351055,0.009223501438692328,0.021315198041714334,0.011026063858661672,0.004979257431701356,0.01002637803194606,0.013566341398483228,0.014037523736234014,0.01295936349080451,0.015526036080197647,0.00517379740632129,7.469229028500557e-05
2021-02-12,0.009690941974491052,-0.006439164664566066,0.0012413479704798114,-0.00041039853488444855,-0.0076065751600075115,0.0017295467563294142,0.0001449169513394466,-0.006935567666948139,-0.003440592711798307,-0.01085601092504851,-0.0007944818952633215,-0.007443934603070912,-0.004738482680083811,-0.0016317608271970707,4.5402408717087894e-05,0.0014803676739452154,7.469229028500557e-05
2021-02-17,0.02053333575814187,-0.012641139361941112,0.014008920603013397,-0.006278154265318969,-0.0077418996227808234,0.006082014475119912,0.0013008411008750276,0.0018423517603192163,-0.008208968621203017,-0.00920335186165655,-0.0023207919821552903,-0.01845749535939678,-0.0018341226460120152,-0.0003380079084447374,0.0023727655263214853,0.008928156462515435,7.469229028500557e-05
2021-02-18,-0.005208018569204498,-0.003316865754620979,-0.015403240015725905,-0.000408914407135863,-0.01156877258879685,-0.006402172486340896,-0.011583434178152108,-0.013316098812171107,-0.012631837253089917,-0.017891837312184466,-0.01667346738116071,-0.014810561336173977,-0.01586649558207953,-0.01466360176857573,-0.011387583076673757,-0.007751594509997961,7.469229028500557e-05
2021-02-19,0.011217086562736345,0.0034658109431473516,-0.0019649085141335565,-0.007923193007767448,-0.002472421171534789,0.002414154120015999,0.003043148624980674,0.007077249368875549,-0.0019401526559270632,-0.0037391456682088764,-0.007731800316165605,-0.0021876696250524574,0.0002744961275678026,0.0001661001124100281,-0.006315180304546364,-0.005002271077100384,7.469229028500557e-05
2021-02-22,-0.011933475283864348,-0.03691202460020371,-0.023321283712331553,-0.033214660404892626,-0.03142829360392552,-0.025863358903231437,-0.027346294023870343,-0.007306031726311946,-0.029670679385794374,-0.02624529922890928,-0.03943905747988541,-0.03481468092997586,-0.02436839877571373,-0.028266788286106737,-0.03740390588600706,-0.04576298194842221,7.469229028500557e-05
2021-02-23,0.013679793180380706,0.01143694964836417,0.02022734030859441,0.011197171662787664,0.01287311277450831,0.013648474840264324,0.010004216299425828,-0.00017130219504102318,0.01435617310149917,0.024019587233807593,0.02017073480353515,0.013070922798174234,0.014178064206468166,0.015603930586069348,0.01990259200064526,0.02140952515129735,7.469229028500557e-05
2021-02-24,0.01933646181913895,-0.005950379083690005,0.018041393320209043,0.0029163839206809428,0.004033475344574322,0.008369844186136177,0.005756624017238421,0.00931203514356671,-0.005685449325777858,0.0025096701318576553,0.006769024545097979,0.00033910409077475556,0.003284515322768522,0.004947914920493401,0.0038212750601245293,0.0044118318229993125,7.469229028500557e-05
2021-02-25,-0.04212062419260343,-0.019150103723858836,-0.030737082046581654,-0.026041756965385465,-0.024375959909316403,-0.03020240706241928,-0.029113974384437746,-0.031457254785440814,-0.017521793160476307,-0.02901261923420828,-0.027387549393043997,-0.022231386544282583,-0.026348116424946055,-0.0266994577313735,-0.03164558520448235,-0.02892294021719921,7.469229028500557e-05
2021-02-26,-0.010925491116468455,-0.0202371899893532,-0.03338546242552065,-0.02222611838202071,-0.017841029767623806,-0.0206475199639109,-0.02012305816706139,-0.021116729816018864,-0.01466628766109257,-0.01808098318969764,-0.01739806915402653,-0.019277630226282927,-0.017554500298523568,-0.019973027902010942,-0.023345225048376328,-0.01907596988473237,7.469229028500557e-05
2021-03-01,0.03476168405047919,-0.018371978794178956,-0.018586282843355617,-0.0022370451419666537,-0.012321358173143393,0.0006544633022778079,0.009703708975501657,0.007513224398681295,-0.018259210729546616,0.11298600443429252,-0.004759055747143304,-0.013296418700234458,0.03738473210312754,0.02286635346005217,-0.0030487646124606194,0.005781757369297091,7.469229028500557e-05
2021-03-02,0.0010343128294616477,0.006213919351115482,0.012690492189651126,0.006574012054408884,0.01304326043467574,0.007097696520924179,0.0021772929326659973,0.0015342828973052836,0.007527136764151177,0.004341132746179088,0.007665196695536336,0.009952712473146219,0.00240138109505339,-1.6657016294385762e-05,0.0017497173031371105,0.012286670139121103,7.469229028500557e-05
2021-03-03,0.009804374185475861,0.0033117878330084505,0.0023860526933130455,-0.00039584935068359695,0.003042225555522471,0.004202656980867747,-0.003543737707924821,-0.00603383106714761,0.00613876008901304,-0.009741291898510251,0.0030069982928073724,0.004266951921316098,-0.004010799649944774,-0.004636784130963911,-0.0036810231784539793,-0.004172175322153526,7.469229028500557e-05
2021-03-04,-0.013570504644813797,0.02106978730689324,0.018656922554668887,0.01755552774486424,0.032071509439524526,0.00949537449752147,0.015224722479667552,-0.002012066063998841,0.016542316990598493,0.03012273765778173,0.017262168233662,0.01385071280476402,0.015749604568836117,0.021827278972127218,0.015778029551752226,0.0107992986572234,7.469229028500557e-05
2021-03-05,0.030817186683090192,0.00378731264938037,0.03495828145862756,0.008144565922972635,7.13461092589629e-05,0.02265677024412005,0.01777583751347911,0.005584136380534455,0.009762104650506087,0.00912615560947394,0.0008516605949027145,0.00026102077939094137,0.009355988056243048,0.0111502658665803,0.01422179404286883,0.0249026665839176,7.469229028500557e-05
2021-03-08,-0.041335866746225136,-0.03253130671217297,-0.04456682285513325,-0.035354296826758835,-0.025898433261765774,-0.04149791685333892,-0.04536003523634624,-0.033214943331405955,-0.032145315025360555,-0.025725067106611155,-0.028728335129972526,-0.032601082438815876,-0.031080047853824455,-0.033433167965670973,-0.03807196846553973,-0.03717939065579079,7.469229028500557e-05
2021-03-09,0.0042735748278948105,0.005727165890587527,-0.00677587266179025,0.005621452991864118,0.0018758637617624085,-0.0007324658512920523,0.00038129596351255124,0.008926266608079603,0.0037461666252505132,0.001079424118641814,0.007625129193708169,0.003196503193014566,0.004793608109733727,0.005145097296266332,0.007955367562800797,0.004553592392580352,7.469229028500557e-05
2021-03-10,-0.01323595934424826,0.021885211737155963,0.03857124178737048,0.00794760829952379,0.01755363804317933,0.015404838920862973,0.018101587311568412,0.0007180940604782915,0.008384216021629198,0.0306342487821043,0.011684838382406193,0.02085191857413693,0.013616700883774202,0.017392055367775106,0.010823809236910842,0.010618763174848,7.469229028500557e-05
2021-03-11,0.027307157643801316,0.006107815541211092,0.03346342816401826,0.015416803781888255,0.011195752802408476,0.023243138738663127,0.02629331099276433,0.005319431458080226,0.0052152895885360095,0.010528104074525535,0.016874065522366477,0.005814378302452239,0.011519730616518009,0.016332523616575223,0.016460948007556597,0.020571030445100336,7.469229028500557e-05
2021-03-12,-0.009835221482068501,-0.0002495849357316837,0.014992268640659168,0.0003797905672202617,0.0010907417147303367,0.0018799434832563744,0.0003427722678448486,-0.0022709381121471806,0.004526082934663167,0.006431646232692989,0.0016220092115035722,0.005465593885222386,0.0009049665365064019,0.0007542357180589931,-0.002233355004015336,-0.008731759262837535,7.469229028500557e-05
2021-03-15,0.00842028971027764,0.014611628111579344,0.017273088426375205,0.01812492931274301,0.01817021884072867,0.013243211634842655,0.011498526563643141,0.014096331413840035,0.004983827110021544,0.011478127797410753,0.018373422490449487,0.018052544141072824,0.009514871708373951,0.010715925249284552,0.011690033958590362,0.005262751809089972,7.469229028500557e-05
2021-03-16,0.00992467908145156,0.006210766017672453,-0.021591337363342067,-0.008458347824955581,0.0032762305573035277,-0.0046876313209784914,-0.009749541274755136,0.0049948293181887315,0.000998506202059657,-0.0036379869497715767,-0.002634900710899224,0.001473954629486851,-0.002706064903294836,-0.005848674659628239,-0.003993089757383772,-0.0065836455373688985,7.469229028500557e-05
2021-03-17,0.012692728659358998,0.01857939764696659,0.02772936798650738,0.02506677581040484,0.016083331884507945,0.022113376138632068,0.02489354344349559,0.012006372794281628,0.01961940048391675,0.017494914356436686,0.020405546117547857,0.01890751176991201,0.0182476296161449,0.024023856940616817,0.021493433548115393,0.021331803919749204,7.469229028500557e-05
2021-03-18,-0.03637434775025239,-0.01157965911512615,-0.023978880665922242,-0.01785507904655026,-0.007520558167035785,-0.02476763162554696,-0.019959074220714856,-0.019436713087492175,-0.00913489808207224,-0.0039021032610881967,-0.010863751229496565,-0.006392882133660627,-0.011659213649892308,-0.011722824080040883,-0.015177656027743791,-0.015208311277873254,0.00010379490011502845
2021-03-19,0.010654684998519626,0.02203903911445315,0.03124226854269363,0.0150768503326828,0.01718046430323139,0.02085375291346292,0.02314182270697862,0.011598837406120444,0.007890645794891071,0.03887802173891686,0.01640983421565201,0.011619077411847645,0.02340641248664488,0.021037944363216043,0.013268971427851106,0.01003885687902506,0.00010379490011502845
2021-03-22,-0.012794502131332597,-0.0061773645412508404,-0.021428707678403658,-0.00038348343146910047,-0.008636875063250948,-0.011922355579800925,-0.005781219691477157,-0.0008505421032520832,-0.004542383918796689,0.010630872290210647,0.0013091571241647948,-0.006896278571984604,0.0033050877173337323,-0.0004347552574557323,-0.008560148664482403,-0.010703020896814852,0.00010379490011502845
2021-03-23,-0.0010881254963850395,-0.005790671511234025,-0.0056504192195478975,0.000667812943242696,-0.003030134657636907,-0.005228595860064522,-0.007339788191282448,0.0026795620501314232,-0.007901775552100143,-0.008602914918950488,-0.0035082011434851568,-0.006436565633934244,-0.0058850562191419264,-0.01004040927690053,-0.009856023766868005,-0.015333687744072622,0.00010379490011502845
2021-03-24,-0.0076163195867826605,-0.0065033109031521485,-0.016809799232153533,-0.005266829784429827,-0.015459750392526561,-0.012370654200880571,-0.01846737142634769,-0.013351696168210525,-0.018150480823494353,-0.025124397252523578,-0.014148231327333671,-0.022003159600455735,-0.018671266480079995,-0.016213835954275946,-0.013316945845264883,-0.00799680276597925,0.00010379490011502845
2021-03-25,-0.004350806096294013,0.013105637131753056,0.020961016030912827,0.018705284769213737,0.01794796341441529,0.01194792643407494,0.01763487303722866,0.008483845099534149,0.013460767552528674,0.028297916038747095,0.011275179471937458,0.01579732168440673,0.017332032094720118,0.01726587114893774,0.016131807733302583,0.013019244146378783,0.00010379490011502845
2021-03-26,0.014630537932845078,0.0065877357830141925,-0.005205443330551618,-0.0008920120287616573,0.011731966657788195,0.0031280523681804784,0.00214579027699191,-0.002910776876058674,0.004139690777391847,0.018293104619162337,0.0014126067020781008,0.006917325673589492,0.006185915945054354,0.004186587769837935,0.002219211598539994,0.010981198635781952,0.00010379490011502845
2021-03-29,0.018484356594602236,0.009593202483853425,-0.006786190398207603,0.00998117039569335,0.013112755743642568,0.005451113683108577,0.0021227200147562186,0.0064602045707935485,-0.004627358267784487,0.018990922524613207,0.005479616681571153,-0.003294977826551748,0.00927858161648265,0.007373893941048815,0.0024614515502605627,0.006810631668247913,0.00010379490011502845
2021-03-30,0.005444683477915602,0.014658950693967387,0.04676889302604148,0.02237761051435405,0.010059545357676836,0.022891409862130008,0.023300097259069563,0.011909646510878336,0.011090651161779208,0.012713671408193683,0.017633687587658375,0.017250238255917427,0.014293731217617678,0.016965808077106015,0.01319530051070461,0.010817926075856077,0.00010379490011502845
2021-03-31,0.009206075192870866,-0.0025785514521169395,0.002088883922618523,0.005322615341168735,0.00943354700876875,0.004055372143967562,-0.003803970627306308,-0.008160152906315887,-0.00893024597840475,-0.002574228650274235,-0.0025805773034555113,-0.005027048972038428,-0.006434931461658522,-0.006085590474728564,-0.00680099817497859,-0.000915500849679951,0.00010379490011502845
2021-04-01,-0.002901728616960031,-0.01072689234727442,-0.015452893627376563,-0.009866885621420574,-0.005458236770779279,-0.010352277530316867,-0.01054402576574709,-0.005066383642849059,-0.00878147405204599,-0.017736616598896138,-0.007158781689800442,-0.01257749473570291,-0.010288750899784982,-0.009330370996768145,-0.0071775717757177615,-0.01083432305225307,0.00010379490011502845
2021-04-05,0.014709825678083543,0.015141379462300764,0.02634522607331391,0.012874348701658489,0.00422810591367595,0.0179827299619284,0.017206413549308852,0.0018895511164307432,0.008183615037446579,0.010071682491900269,0.004505511625548575,0.003061670923979465,0.008435989075260109,0.009795122042284277,0.009931381806735917,0.022946362138189125,0.00010379490011502845
2021-04-06,0.016810822634324873,0.0028992262612568265,-0.0013401315936574232,0.0051813769276864985,0.0002757250468077288,0.007438771513520459,0.0075161560719543274,0.008454921376044089,0.004394381286374038,-0.002766182452711985,0.002233962082575758,-0.00012452516977523587,0.003129884109509762,0.0015664111643294287,0.0028050036278046697,-0.0009538104401044523,0.00010379490011502845
2021-04-07,0.014957139502223216,-0.005782079564656262,0.0014126492787547296,-0.004305976787371102,0.0005117345637939419,0.00208320141117202,0.0001470109581676038,-0.004468866947968664,-0.0019380177914757324,0.0023600208147713797,-0.0028931119095746416,-0.0042796121804487,-0.0004394539956349419,-0.0003932622482202275,-0.005783278716241513,0.003010526061788532,0.00010379490011502845
2021-04-08,0.017292840942846555,0.0011358858489873835,0.014267561962923336,0.005643881418426311,-0.0014188181566039404,0.009960520792822392,0.009260284639320826,0.009564405525635422,-2.610596175656177e-05,0.017962107080829792,-0.000801737072733677,-0.0014757771227069671,0.009946107457028619,0.008541767084697005,0.004098852621365223,0.005504867931285018,0.00010379490011502845
2021-04-09,0.006789213131340732,-0.00960948941115436,0.005494036002410052,-0.0056169348499197636,-0.007297190531411091,0.0013992489961793808,-0.001687280444997774,-0.0013621698597091614,-0.00459850617224411,-0.012932484215188222,-0.005702872381628699,-0.008711368166576694,-0.007261921911325131,-0.007059865351618511,-0.004104536160017158,-0.006345282192967261,0.00010379490011502845
2021-04-12,0.016967156409974482,0.007374971984371648,-0.0009050606284811691,0.0021814609228807402,0.0028050426505283887,0.007323235364363967,0.011678283194393346,0.0057573460123003795,0.011038291915925313,0.027640524472483108,0.008412634244828743,0.005250180455344866,0.01787281801865559,0.018198751517731093,0.007415113827624165,0.00893499113527163,0.00010379490011502845
2021-04-13,0.0044008869421057195,-0.0014697384007338332,0.005711128117865671,-0.0017413435662132493,0.0025941088154504133,0.003091716625453822,0.004863641386855244,0.005848234965052823,-0.0005457396874346543,0.017144858773635585,-0.0065938472003430615,-0.003035791239386687,0.007424319680372271,0.005819382166311282,0.006315413182928609,0.003918246941498227,0.00010379490011502845
2021-04-14,0.022430663648847826,-0.005411457656553376,-0.003182205655388848,0.00590177825729854,0.001257030403722048,0.004712664514592957,-3.076718294026115e-06,0.006250096122644377,-0.002680413772318979,-0.0119314665843967,0.014168521867515826,0.002025952601207859,-0.0015932175279359528,-8.758980884771006e-05,0.0016306171182727258,0.010047720094076285,0.00010379490011502845
2021-04-15,0.003317174912700116,0.00501842210733594,0.0038846220691726163,0.008020813961260753,0.008938669162960489,0.0038427371020997025,0.0057386898706,0.010774965045628582,0.003281132661371755,-0.015300464420639703,0.009118044410089121,0.00504583695602312,-0.002015888969801094,0.0007533297351449697,0.0038273128274088908,0.004076144359828948,0.00010379490011502845
2021-04-16,0.007244228569350142,0.01302408843966818,0.011441279306427798,0.009247800926577288,0.017358491359018347,0.010365488197758177,0.01146252776345591,-0.0017690760779695003,0.008525450984564031,0.0132215672121756,0.014765915813633956,0.00924871605071731,0.008193618445851092,0.007487410049286103,0.0023700694091755015,0.0038814887455655978,0.00010379490011502845
2021-04-19,-0.008163831010603473,-0.0010845880465301105,-0.0032811696534214008,-0.003877032318729823,-0.0009073514072844846,-0.0049552797488390254,-0.0036195836744559173,0.0028691977598689355,-0.006479609472303638,-0.005180949228074105,-0.0025517184461016917,-0.005597639584137282,-0.004662020582588022,0.00010745303909676096,0.0017623345057753426,-0.0019962081614481875,0.00010379490011502845
2021-04-20,-0.008603623743243638,0.00449078970606287,-0.007811608543049409,0.008669314708753761,0.012986028707586028,-0.0036157389983565436,-0.000107267543110523,0.0024659712917529664,-0.000507239299995188,0.03238958397414393,0.0014576881783987528,0.0012586100085389962,0.011284482835822507,0.006863803098323462,-0.0066557691884799874,-0.007640844449183448,0.00010379490011502845
2021-04-22,0.01247281860183258,-0.009124141444189715,-0.0060780808134189845,-0.007149062559237418,-0.007443880168240491,-0.0009915055602859324,-0.008157492705246128,-0.01705688855892651,-0.009017233345584685,-0.006188911629026461,-0.014048399826383284,-0.01080579934871162,-0.01134397473551274,-0.011658417851369673,-0.016249123713242053,-0.005364438405583649,0.00010379490011502845
2021-04-23,0.016654958519580987,0.007235211884206283,0.008386974705762773,0.004449959380389279,0.003431106092753211,0.010610883341308108,0.009967992805290704,0.005146560751293494,0.008522825408610046,-0.00023682116602119496,0.0035575993943186557,0.013969461919931092,0.002669206913505251,0.005739406796102742,0.009443940200880574,0.010498799854047336,0.00010379490011502845
2021-04-26,0.00984208390943242,-0.01043827659060248,0.01803500815879855,-0.0042997561544413365,-0.005198808699807933,0.005682759646525648,0.005984292471441499,-0.003596454300596519,-0.008096803735067604,0.0012677404248107038,-0.0035280847633425427,-0.008313313674072731,-0.0016385125985600713,-0.001351891682343176,-0.0031977925076043245,0.0008675404881068882,0.00010379490011502845
2021-04-27,0.006576911538026309,-0.012044454721134135,-0.01577779348163566,-0.011866159047185687,-0.006428782572706848,-0.00691832049542962,-0.009667646316012912,-0.0023359505025207783,-0.011445317537006727,-0.016839377510773246,-0.018234021284874835,-0.012104876953587751,-0.013167478753737138,-0.012484819690505078,-0.013545381126918166,-0.007960929968790276,0.00010379490011502845
2021-04-28,0.0026318701486223173,0.010512480825338733,0.011424199941705737,-0.003057090899964976,0.014530302484759616,0.0075115941496703975,0.007623113187424035,-0.010177289856931115,0.007909330414437976,0.0048932851547620615,-0.005293177407127425,0.010217064731608883,0.00028990260541150725,0.004939563419202875,0.0069374820517214,0.01416019653050693,0.00010379490011502845
2021-04-29,-0.00041917067317198686,0.007921360936214317,-0.012532644788420977,0.005120034766478598,0.011081806815075756,-0.0015153292112338734,0.000449709144249022,0.004228759859931097,-0.0024949381418023497,0.009853139640104036,-0.00026117298262784416,-0.0028975540703214397,0.005325482512305468,0.0018219883545389504,-0.007737761677941046,-0.006978664739393348,0.00010379490011502845
2021-04-30,-0.011719916596751645,-0.0024005011964993717,-0.011323323461488233,-0.00848159943946969,-0.010705356823566547,-0.009451805898246457,-0.007928477323992822,-0.007574342253204525,-0.011522625483894933,0.0084804165114587,-0.017821164692741087,-0.02057830759254531,-0.0011535990363104043,-0.0055633468544209475,-0.0011269807253520003,-0.011016512269743428,0.00010379490011502845
2021-05-03,-0.007901466894420617,6.336023240072208e-06,0.02043428603067543,-0.006951655943858492,0.0014489119485086022,0.0027171389137521373,0.0012871624861341413,0.005972703800550372,0.00352967796376924,-0.003834667715617135,0.00682255863489778,0.010651178621656321,0.0029433041347290967,-0.000644494797502726,0.001996526901369977,0.0016174550601610882,0.00010379490011502845
2021-05-04,-0.010628699376552864,-0.010750316861684595,-0.014087827670275832,-0.006921220830930164,-0.01207837135519696,-0.010816873189566145,-0.010728221749005895,-0.01447912600801482,-0.013378242853835598,-0.022618956043541916,-0.009568700314532164,-0.018697180455607088,-0.016537418410928928,-0.016381360438103898,-0.016338395733779376,-0.009303158018970414,0.00010379490011502845
2021-05-05,0.02247314528377453,0.005735894198623637,0.007863678629787874,0.01254709201033366,-0.0002619224812370202,0.012943130467489627,0.01542907416676531,0.013398723161560433,0.00919616456772232,0.011670467491511127,0.015368501279118263,0.008807215976974092,0.013151396990777275,0.015052629295243758,0.014917040766415868,0.014611284690314363,0.00010379490011502845
2021-05-06,-0.002913024143408771,-0.005039665821131134,0.011192729323544537,-0.013456155065866504,-0.001412269635766683,0.0009981185218008726,-0.0044222907022388735,-0.011092751308019233,-0.0016453951763374386,-0.012377017559439651,-0.01154624766433987,-0.005157789812308744,-0.010832112495840152,-0.01072332544521104,-0.006764769705135731,0.006578117730984712,0.00013268648495490254
2021-05-07,0.003908868008153821,0.011444306056733522,0.029594588992636783,0.013489930076782564,0.008892752474678467,0.015468005536959817,0.018097052213195353,0.005992697281776538,0.010748503209412785,0.01462077516236615,0.014000547325084378,0.006442774160759779,0.012757670319360592,0.015558766231105414,0.017325607094861528,0.015646283822932316,0.00013268648495490254
2021-05-10,-0.011921600565693913,-0.007852579513802804,-0.005027973923029894,-0.012787345283224782,-0.01353606699558263,-0.010491273139374369,-0.0055528746437267795,-0.004865195398101929,0.0029291834183962084,0.003590226204036595,0.001231087264158326,-0.007684593807917639,0.0026591036105738652,-1.581427486962994e-06,-0.0016855742314405564,-0.0024483149771101775,0.00013268648495490254
2021-05-11,0.013246422494358923,0.006212158775986243,0.007145762757092333,0.006666785514118256,0.006214338280577936,0.008732510752053502,0.0038679789051181412,0.003217206832657471,0.0038393752687755356,0.00558869946464946,0.007555588502062394,0.0041891435695669,0.0036408065853543725,0.0036753909274975793,0.005525511403714933,0.011656949859152332,0.00013268648495490254
2021-05-12,-0.04733525832591856,-0.027518801073383337,-0.03741829659761409,-0.03564435354083029,-0.02701598007963124,-0.03703718173477388,-0.030853683264194576,-0.030200291864850404,-0.021514498443916286,-0.024502252902250832,-0.03468486615579891,-0.025738553102898076,-0.02631464861513999,-0.023015086200745993,-0.02168705269520954,-0.028221171475296902,0.00013268648495490254
2021-05-13,-0.026568951282348485,0.014385734294877883,0.013708918691416327,0.011130838348415883,0.014797060468886514,0.0012261394255610458,0.009523990140198224,0.005263644702078407,0.01490095879239517,0.02329995688639941,0.0071617362615352675,0.014675725074748236,0.016172698764373772,0.013206403522674215,0.01353766976120907,0.005471453999510434,0.00013268648495490254
2021-05-14,-0.004552848799513121,0.011284966404148333,0.016480876074286055,0.02324319809648645,0.019796261299384055,0.009948562071644629,0.011120138031837312,0.0016187035157191332,0.007595549490510889,-0.0019506412433437648,0.006159525644388708,0.011688791606043969,0.0006496844178724981,0.005823436553278993,0.00871055226205919,0.0064759556320890255,0.00013268648495490254
2021-05-17,0.0076680744902750675,0.002973833776918955,0.01534722940872113,0.007101025226302626,0.007856883831425465,0.009558922713684748,0.009640532052917594,0.00981242566110252,-0.0001415170640198804,0.003926523953590166,0.00384380330667744,0.0027625193083673505,0.0046796033192175734,0.008222143309641883,0.008334390365832611,0.010678195407435753,0.00013268648495490254
2021-05-18,0.00492000419604266,-0.003084809731028315,0.0064916966071963955,-0.000782365123213169,0.002912061498785423,0.0021579979043246933,-8.722518226966791e-05,-0.00012266078180001028,-0.0037008201947215102,0.00445362079402245,-0.003256067662167461,0.003095539154383431,-0.0014091296160917421,-0.002551950685904525,-0.0005105816190615897,0.0015090435266684743,0.00013268648495490254
2021-05-19,-0.0127278853973265,0.0047585971170354124,-0.0016196648894526433,0.0024418767740830294,0.00719973289173903,-0.0035498141564234142,-0.0030592028993327025,0.008024801261091508,0.013673994516342436,0.008328932323045324,0.00428709303487107,0.00955197660817686,0.006247906482562682,0.003892043097410758,0.0033513238716427196,-0.005095337550834467,0.00013268648495490254
2021-05-20,0.0002883418880890165,0.005834219657381512,0.00623499116336701,0.0062904380269295235,0.0005423943231321893,0.0043452024202206285,0.007458359348105015,-0.001973564789470972,0.0016143317903658527,0.002517323409516159,0.006849723333826496,0.0010814656455460092,0.00305381058249532,0.0038771057569009226,-0.002484190953117582,-3.4020664151368507e-06,0.00013268648495490254
2021-05-21,-0.019193282858590788,0.002269831797694355,-0.004882688307244032,-0.010097783224881196,-0.00018287951956985626,-0.00900215400993054,-0.002515475663792177,-0.0063218797577171415,-0.002239757189753111,0.00039007621814057813,-0.0057179343195070675,0.0017374490256087949,-0.0022980176934234153,0.003427816854630672,0.006092794918643563,-0.002569891912202027,0.00013268648495490254
2021-05-24,0.05209174813937767,0.01576460739772534,0.005071036790219585,0.011543589601206161,0.01341219400554583,0.023100456251398116,0.01529129401742324,0.014695482949550476,0.009175518590393228,0.01497315451709813,0.009132773660774252,0.014264914407720264,0.011619632818832937,0.010088628939320943,0.01014381225001948,0.012303480936322053,0.00013268648495490254
2021-05-25,-0.02476327899377151,-0.003733309943763752,0.009091708803487641,0.0006839622609833285,-0.005170306894356824,-0.005982030779896452,-0.0001925735981779253,0.0029382824740040725,-0.0005233304010707762,0.02596658912506311,0.0034105576628051804,0.001518422310530454,0.011889472187289973,0.004278867077944337,5.337590466103492e-05,-0.01051118112783167,0.00013268648495490254
2021-05-26,0.004503567462482705,-0.003063025621089732,-0.0025453508365002042,0.009343809547961879,-0.00026089721445876624,0.0019994151895927903,0.0054316860861214344,-0.0036827242320079945,0.00010849734608631145,-0.001982534178562867,0.006071555920818872,-0.0003216201046349898,-0.0007237156682908807,0.0013621283015023966,0.00045852307050320285,0.010176382687834051,0.00013268648495490254
2021-05-27,0.0011539957872426232,0.0001949492907198369,0.019493826257722002,-0.0019016357087369151,-0.0006044870698210802,0.006885920072342566,0.008930839302634608,0.009765438714598007,-0.0013164628024991964,0.014643724011099257,0.004829646703201185,0.002802263859056353,0.009093539033541376,0.006411459201906444,0.003989019889325984,0.003415260636241868,0.00013268648495490254
2021-05-28,0.006729867602087269,-0.0052695185695085245,-0.00021889422970500227,0.003005402975254867,-0.00487734172071963,0.0006131584504769361,0.002810275255551886,-0.0013677627195288755,0.001119918716061763,0.0025537757861062715,0.000727978267972551,0.00046893129832126235,0.0002626427126675157,0.001789376472675741,0.009721588205600096,0.008922764125221416,0.00013268648495490254
2021-05-31,0.010309270228850975,0.004984236469120162,0.0018656464724953192,0.000885177663836556,0.0002717866337866859,0.004712456880053839,0.003336837569634321,-0.0022755408560561907,0.00039643512745324294,0.0019059357151409717,-0.005381458038438369,-0.005734735230591537,4.1628556198380906e-05,0.0008713284068975202,-0.0010812052089215207,0.007759482136376228,0.00013268648495490254
2021-06-01,0.004394360578531931,0.013435670177515346,0.02266387638572187,0.014267212448233701,0.004925678227029495,0.013996055002224672,0.018282931680407177,0.006690484003957886,0.014287336042367649,0.01632000474460238,0.01803609970891462,0.017541306631862152,0.01621045714020397,0.02513647687465337,0.020814176245210758,0.012427840786336075,0.00013268648495490254
2021-06-02,0.004642748880135272,-0.002128052451878193,0.007386320138418556,0.004035247015305554,0.006079782729746075,0.0037360933190246914,0.0065416662503869905,0.0013317451527765645,0.005911632496475416,0.005250273122761495,0.008624235402552971,0.0037705650159731707,0.004265932938417816,0.009692916404487883,0.009875859739333581,0.01057445906612453,0.00013268648495490254
2021-06-04,-0.0059999417880708394,0.0054685930933677795,0.008901968727635934,0.0043067202461706255,-0.0024358602659813045,0.002589418739843641,0.007132446738292053,0.0020335554468093875,0.007356868124545501,0.012073316038653026,0.004798543456266735,0.006468747421351839,0.009087487996354726,0.010773197902668619,0.007307747699197398,0.0019523211666994111,0.00013268648495490254
2021-06-07,-0.02035139569030142,0.009832454228200005,0.005200723223783399,-0.0014594873482892678,0.0025764758091784135,-0.0025171622338258093,0.0017542794360656533,0.006619541234546666,0.014086239968924552,-0.00792038280191698,0.0002842613669402638,0.0068964429125042415,0.001632769880531848,0.0030494937297851354,0.009251743349445007,0.0028493614765898734,0.00013268648495490254
2021-06-08,-0.012687056872953462,-0.008261529250325528,-0.006061582669713239,-0.00650218604868158,-0.009917343015532487,-0.008574070254186883,-0.005619472669859071,-0.007400620485575771,-0.010351359673350102,-0.015453328602740402,-0.006712935251573349,-0.008808245876114063,-0.010378484471922689,-0.01074722743200418,-0.0054974180870996925,-0.008265613793199456,0.00013268648495490254
2021-06-09,0.012162793295116714,-0.0040139843831134,-0.007844490094608525,9.705743887788998e-05,-0.002120834478357647,-0.0005358521910765468,-0.0019016877236649465,0.0028923720661204744,0.0021433472060525816,-0.007417318625847713,-0.0018315280135871026,-0.0022338909575126964,-0.0010952116092310948,-0.002138075932407557,0.001566901165755974,0.0031072774999190145,0.00013268648495490254
2021-06-10,0.007629668584866689,0.01429041913764717,0.026855837385172387,0.007364447285401088,0.006308705995403008,0.014414539872106946,0.007590960594484164,0.0013978438406543336,0.011008646029599944,0.011407679314371366,0.004493355328264226,0.009473368912702451,0.007264601122703329,0.007996975112909643,0.0024040226088233307,0.000969194163512821,0.00013268648495490254
2021-06-11,0.001017303833132699,-0.017949613229679806,0.002260174270633186,-0.014933382765021319,-0.00510831036514825,-0.0058327487523831545,-0.010851349090045703,-0.005185319062158578,-0.014373325896031686,-0.01994412624869968,-0.010122549616198517,-0.012773680843442214,-0.014548669331356345,-0.01353589252220233,-0.007638723614594611,-0.0022538841847796753,0.00013268648495490254
2021-06-14,-0.0011723884178932442,0.010889469476155433,0.017705575547899866,0.013544907174846799,0.01598464805319444,0.009630088090901046,0.011741541993012472,0.016579017826167775,0.0028760124658209207,0.012852271210925137,0.013930553619674102,0.013348362008143821,0.011328542759656113,0.008601160252472706,0.010049671852155884,0.004898580619282722,0.00013268648495490254
2021-06-15,-0.0012802375812414057,0.0009830290416577014,-0.005879628258812053,0.0045581589073659945,-0.0036251666040851838,-0.0020262314449912555,-0.00040091641088024765,0.008163926098099461,-0.002222663477676412,-0.012334964823695338,0.006928232274402202,-0.0004290730211071736,-0.0011489314977715104,0.0008313021082893002,0.002990840266299033,-0.00297171160180032,0.00013268648495490254
2021-06-16,-0.012196968362439442,-0.009297607050094747,-0.01589040652676066,-0.015495916394926645,-0.01677814482191997,-0.01291322787503657,-0.005843469309121163,-0.01184537099809746,-0.005254783713458444,-0.0013206888306553921,-0.013736402114337243,-0.01069800534296339,-0.006283458106632112,-0.005966286190365655,-0.006906221973349336,-0.008479473947599181,0.00013268648495490254
2021-06-17,-0.008064516174045466,-0.001224659610800427,-0.017772594224544358,-0.007281052992492043,-0.005168419438004945,-0.008638358076429542,-0.007083035989652875,-0.008414853628187724,-6.075383791359634e-05,-0.011782350859129043,-0.008991417686281311,0.0001704947980003535,-0.009069796254229323,-0.010781025827097834,-0.011394058861281753,-0.009987090789234654,0.0001613700890652492
2021-06-18,0.0063887450390829326,-0.0009542172083992773,0.009784798199959921,0.0035829628349408615,0.005689445754005984,0.004884408871024926,0.0011504041414029942,0.0036784561012559447,-0.0005990553511604491,0.0012690640267765119,0.00168301560037043,0.001280993708336231,0.00130339087831155,0.0002535396298743997,0.00404118624930172,0.005482556920997306,0.0001613700890652492
2021-06-21,0.011443390173724977,-0.004577774690991299,0.01571540881707123,0.0012334775738422898,-0.0008346133851228066,0.008281115516999504,0.009813876025041468,0.005400308374246654,-0.00419114595139336,0.021604708515787774,0.0038326897085845246,-0.00533069249130258,0.011388908734365932,0.01143467889537475,0.007333992222642749,0.006958668695513426,0.0001613700890652492
2021-06-22,0.0013492467758793314,-0.006294705117199539,-0.015468126463771492,-0.013457418324753334,-0.008810944834709122,-0.007407639804739241,-0.0036732665721225244,-0.010203985971518947,-0.008754342086509936,-0.00041423749767421914,-0.010611777361679064,-0.014230949376038526,-0.005773424463533905,-0.005354289699575299,-0.008440540267933172,-0.0019976812531626864,0.0001613700890652492
2021-06-23,0.010697255627835522,-0.012432030700753272,-0.006807493132409248,-0.007944893956776111,-0.004488661946836725,-0.003214103935925916,-0.005642662035604817,-0.006965410872759592,-0.009272197911260993,-0.01760190690084862,-0.009758403236791446,-0.008600149191671513,-0.012734841225637061,-0.008156577077885752,-0.007807262117786373,-0.00047795104934944543,0.0001613700890652492
2021-06-24,0.0062542066740132185,0.0015866563788604626,0.0021145184883866186,0.016852132382614737,0.0033110127848294812,0.006200658841441609,0.006086561479384134,0.011711257809628117,0.006307164880408722,-5.927688733220471e-05,0.008452475566144146,0.004012822601600297,0.005606016075361486,0.009244838502212582,0.012067507205786088,0.007248138844683227,0.0001613700890652492
2021-06-25,-0.0019558012080644893,-0.01895187007989141,-0.02540701258921474,-0.011923142152140742,-0.0070847804512869095,-0.015204970794363781,-0.018012680434286277,-0.015949848315498394,-0.01837703790321965,-0.02082332809310239,-0.015379183239060179,-0.01799812761630115,-0.01971560435858033,-0.018315201915915624,-0.020057649626566643,-0.013999849836742295,0.0001613700890652492
2021-06-28,0.00032379250047576136,0.0024553543609528994,-0.011490981140607759,0.001691241090119755,-0.006727424525449166,-0.0028146854380048936,0.012030616808192285,0.012143804038896588,0.0019738193875342702,-0.002143960383598431,-0.0002753011050738996,-0.0016059326080923864,0.003598479210366712,0.0027934038031913744,0.004010469039273046,-0.0002779937016027523,0.0001613700890652492
2021-06-29,0.018578506131811112,-0.00952056127375056,-0.016715175624920087,-0.008248313050698064,-0.010458977972366168,-0.00275174312590154,-0.005128953272012571,-0.004174085839812047,-0.009622586696952706,-0.008612235171913563,-0.009366748902804645,-0.009934682122157423,-0.007284822599593066,-0.005160905407411431,-0.004860264471396647,0.001422426116661768,0.0001613700890652492
2021-06-30,0.007103662603950234,-0.008706716188963237,-0.005190072146126656,-0.006277631359265956,-0.004545893379455546,-0.001504357499837461,-0.0033192800705776904,-0.007702292034081015,-0.011281578868987063,-0.007386827705051835,-0.006645913594949371,-0.010840027079659142,-0.008151093784693475,-0.004546999373716387,-0.00545776055457059,-0.002433031583555789,0.0001613700890652492
2021-07-01,0.003444600014457677,-0.0033361677033695303,-0.017632365524338,-0.007797034813986636,-0.01406784954703666,-0.0073653704192684355,-0.010680343139705673,0.001143829969231902,-0.004503705188143581,-0.007354201736621935,-0.0014823261589606007,-0.0037250409425773068,-0.004833599024246404,-0.005842608137534233,-0.004279516249157567,-0.010103165821574445,0.0001613700890652492
2021-07-02,0.022937213997201278,0.011124821086437198,0.011750381944209964,0.013641739403868147,0.014733147481901687,0.01533947673258873,0.015949273507302353,0.013897983891083099,0.009429431688339207,0.01477615361452389,0.004263352330358794,0.010576090569789587,0.012080671890167816,0.014074506823490207,0.011756325168888582,0.016179539748075067,0.0001613700890652492
2021-07-05,-0.0019945535311207685,-0.0009489421341948301,-0.004586635200874545,-0.00335458919687992,0.0009677597904669266,-0.002860122999488679,-0.0027441828278721436,0.0010687843862802193,-0.002704567528207358,-0.005816944962867776,0.0008360208296482874,-0.0014865114885203035,-0.003123116645620261,-0.0025917272805647817,-0.004353581201916867,-0.0053268942516472295,0.0001613700890652492
2021-07-06,-0.0117241511822751,-0.009841790604277811,-0.018053471319441794,-0.012751099011633404,-0.008243019473446744,-0.01375480052155631,-0.015714456319716463,-0.010150903267885147,-0.009066268014470524,-0.015936077029969575,-0.009018703615465418,-0.00696302814979699,-0.013432560676658323,-0.01662061065969056,-0.015194552024722419,-0.012096005273748878,0.0001613700890652492
2021-07-07,0.00986270155175073,0.012156711922974184,0.009032361746731166,0.011110664684736982,0.006700809407473196,0.010404709197017858,0.012091992016016961,0.015324255310772195,0.011637548383547136,0.004123890556584797,0.013998671976832133,0.013631339660892472,0.011373972441763192,0.009784958634752039,0.01612073195543151,0.013702515551034855,0.0001613700890652492
2021-07-08,-0.01676933026719929,-0.009336263522871535,-0.014997078821755161,-0.013658203806268476,-0.011256247139483144,-0.014562642125352077,-0.01373335692340849,-0.014195948243235446,-0.01232027394376789,-0.01141601223617561,-0.012946246825978447,-0.017811756184996086,-0.01204775060111185,-0.011500255664625425,-0.012623669085084388,-0.011601648224117578,0.0001613700890652492
2021-07-12,0.020532602908318154,0.007632700289438299,0.04579190446258741,0.01044694839791327,0.015475672141572527,0.025034577846371198,0.019933341763396673,0.010120985615726497,0.012695447212487387,0.011669571778586407,0.00955652002923757,0.018003372438332832,0.010612176562476039,0.014738494669175761,0.014056651262879916,0.01678271576060575,0.0001613700890652492
2021-07-13,0.0028497141081353927,0.0014540123563087093,-0.00347081950688255,0.0006270440550804057,-0.004416137452004643,0.000664032617523791,0.0037257547079772024,-0.0023100100765767184,-0.00013217053929848177,-0.006185764878218758,0.0025013961012259056,-0.005090942033036394,-0.00029934512858575957,0.000173866374942655,0.0002564386088323989,0.004393744420871926,0.0001613700890652492
2021-07-14,0.0030384971317527487,0.006364595527633465,-0.00031465869683589,0.008770979380308797,0.006635744443656444,0.004309533513349173,0.00688025687884708,-0.002446876309233237,0.0032036118712674977,0.006228069168224604,0.0027616529139085078,0.005184343265114411,0.002443028341338138,0.00725552817980657,-0.0010960527986978441,0.0017791341559132423,0.0001613700890652492
2021-07-15,0.0041972167582031705,-0.0039129324980836655,-0.012318354714761615,-0.004894363410999469,-0.007729758291384781,-0.003918844293322787,-0.005466810866316063,-0.005211133919039934,-0.004213055020173773,-0.013472902894287042,-0.002615948476601071,-0.0018435895963098137,-0.008450285161027082,-0.008782859597721293,-0.010963135984327743,-0.005715703304788655,0.0001613700890652492
2021-07-16,-0.009315428936112147,-0.0016248223841281995,-0.016835044999278237,-0.0005277469238377241,-9.752208124236272e-05,-0.009025553880531278,-0.008116536820290454,0.0034081843772384435,-0.006795307539111062,0.002769754792790291,-0.0001627538127062511,-0.0011085503477322733,1.0611503010737877e-05,-0.004043966616596895,-0.006447005047138354,-0.012324939506944577,0.0001613700890652492
2021-07-19,-0.013032730953179694,-0.008053530138317777,-0.01148515627659974,-0.00907825827683495,-0.007308248120016847,-0.01118885331506092,-0.012773026508488883,-0.013243393794356462,-0.004662975950331938,-0.004290552711043172,-0.00655624806471089,-0.0029572835317804858,-0.00865027304236643,-0.011314824170037818,-0.01336585739890539,-0.012055998319302486,0.0001613700890652492
2021-07-20,0.008388090532799541,0.0015616874806203551,0.02161165904032125,0.009204695045203826,0.00471508390478248,0.00997955259737937,0.006382635544516235,0.010037818880193061,0.005296575933248171,0.0016526779291548,0.008308150252816615,0.0014793006427102906,0.005226102269656696,0.006163267558452645,0.0071328997411075346,0.00804343719579892,0.0001613700890652492
2021-07-21,0.009719472482838665,0.00011235545705745587,0.007762307933870671,-0.002390538464914882,0.0037862109481732187,0.005239924608902546,0.0011743321363175685,-0.004996551280398331,-0.00213961578254096,0.0032603476529706743,-0.0037988310223424637,0.00013543400060544997,-0.0022038557066893505,0.0010356057070977087,-0.0007668360297186094,0.004979327049011495,0.0001613700890652492
2021-07-22,0.0022156105984687535,0.0020562981055103347,-0.0017842811457323693,0.011764410080126408,0.007945830413941257,0.002049365543164816,0.002967432894025901,0.008594847426206975,0.0022780672599409524,-0.003371439273236576,0.009669057921984248,0.006264133025848162,0.0016668476023815604,0.001346834539553976,0.0036030339814612233,0.0016631526156829501,0.0001613700890652492
2021-07-23,-0.009322570332671698,-0.008561699196140138,-0.012557142267292654,-0.013406304503670863,-0.009943618205383142,-0.010963991907648296,-0.011762810096490384,-0.007554367683749841,-0.006420069940594519,-0.017084031940509226,-0.0072578527789566305,-0.008645718969760408,-0.010888336352802397,-0.01318296594749413,-0.009623292118134064,-0.008318413280495873,0.0001613700890652492
2021-07-26,0.005410937363491186,-0.004539873545508777,0.005096213908332592,-0.0020413361488027526,-0.001049642229385972,0.001315904806587831,0.0011038955460123123,-0.0001492628064254653,-0.002105501404215504,0.003266989709428625,-0.0019739803655759447,-0.005235209107009142,0.000258206904724112,0.0024914560316988688,0.002231319076199778,0.00881783319174767,0.0001613700890652492
2021-07-27,-0.022378350355619192,-0.002274612072191151,-0.01092761581934909,-0.005917715333613627,-0.002509042885597168,-0.012273085667568906,-0.01445306051985773,-0.011693408297162478,-0.0017889392168199958,-0.004110675173756628,-0.006222706130357913,0.0004158864847563226,-0.007573969198543029,-0.00946106602079766,-0.008016318501488762,-0.012514529089343363,0.0001613700890652492
2021-07-28,0.009051903318639587,0.005164548892368392,0.013112780281844483,0.01487957812849694,0.013355381040572656,0.010099822431059113,0.008007186632038588,0.0030598381791209217,0.009885193234591139,0.0035575619935566127,0.01540263174698775,0.019755690167911233,0.004808820706224681,0.007313875468922371,0.011028783268290487,0.014615577547614889,0.0001613700890652492
2021-07-29,0.0034408736310855836,-0.009784972602143394,0.000696532091312374,-0.0061335342246978675,-0.007813881447251814,-0.0009206870551775603,-0.004420232409442337,-0.007016021322244992,-0.0108221439584536,-0.02825117238172803,-0.0075787312051333044,-0.012652173769674757,-0.01646765591154098,-0.009391549022778056,-0.007507427715645276,-0.00593496387337944,0.0001613700890652492
2021-07-30,-0.03787660547149585,-0.014297762939300074,-0.03130774512547796,-0.018908602915738815,-0.02236805156553412,-0.028697733708593298,-0.026877344312119744,-0.027059067897309164,-0.01523578605012299,-0.017248894338759868,-0.022418084326970678,-0.014434146065684605,-0.022562103818588364,-0.02195963147888047,-0.023291358589570654,-0.0340594576906863,0.0001613700890652492
2021-08-02,0.002538987585458896,0.012987096794916386,0.0055408401749739156,0.014898363816287175,0.012569878385576772,0.007082537396861932,0.008564898238334173,0.013119965336939154,0.007259883119204336,0.005849248433479337,0.011592523239821961,0.013313712194830796,0.008145108364013831,0.007137363044471101,0.005863268479387562,0.005815176304890146,0.0001613700890652492
2021-08-03,0.005905317222432593,0.0040412557921567505,0.0021816595283226103,-0.004634663179279075,0.004519818224920202,0.0031147078907818315,0.00016881545460156744,-0.0015816748563406424,0.0028253520339573956,-0.0010195449139689394,-0.0034901045016625387,0.0011883841541497908,-0.0007894801693836273,-0.0025999032373116293,0.0025342796625915653,0.011229330943666627,0.0001613700890652492
2021-08-04,-0.006944557409818919,-0.0032382890983381207,-0.010391720633931456,-0.009972269065086636,-0.0013066124224515585,-0.007840192538324686,-0.010183615077926755,-0.003863300090255928,-0.008829634829399136,-0.013183176811415676,-0.009856411395383957,-0.005828905857260591,-0.010345321379528483,-0.011615209391941383,-0.012775273791167607,-0.01262704425695238,0.0001613700890652492
2021-08-05,-0.015110095460473816,-0.007804544089930587,-0.01504872924437306,-0.011550029180071752,-0.014049944424636474,-0.012913244775338617,-0.010905322721603605,-0.008440697191088198,-0.008548512902691319,-0.008685109853569739,-0.011781762102627269,-0.009466973017345781,-0.009708135198894019,-0.01018236999373634,0.0034266290880511363,-0.004850017613381219,0.00019929650834193957
2021-08-06,0.00939255200202771,0.006167244652512727,0.019365564994010764,0.010950081659152122,0.0077167630812520205,0.012072684884025131,0.010003372748750738,0.002835463530807436,0.007469804663351454,0.015461532935372668,0.005309893027909185,0.010777501990808513,0.008360694959388404,0.00913831166367074,0.006066547431071712,0.009177740879577234,0.00019929650834193957
2021-08-09,0.006251760899224745,0.010328261468411037,-0.0057808839206419105,0.005381576289440249,0.007033224319463738,0.002670615943256349,0.005139035685032711,0.017979133937654046,0.009994930845286243,0.0016077833710590461,0.013007724399229037,0.00708248512377696,0.009105431769982575,0.00795675979645738,0.00504067499919425,0.0011161567886632806,0.00019929650834193957
2021-08-10,0.01231709522496982,-0.013548896770797736,-0.00206445617271267,-0.007633189720875677,-0.010696468882116061,-0.000811762011068029,-0.007785078153700997,-0.007630338807971371,-0.01193236183546309,-0.014042083531774274,-0.011278891803816804,-0.01387821933086597,-0.011017437241812367,-0.010507653701082753,-0.008587597939568536,-0.00470822319849451,0.00019929650834193957
2021-08-11,-0.008139817024529816,0.00047941085778568926,-0.003890022268136617,-0.014529100433784858,0.0016874100522572544,-0.007840124994989872,-0.0031505444391498605,-0.0029066397130824706,0.0022574059151254655,0.004581403933083816,0.015148261958811027,0.004783898978982126,0.004589896351842704,0.0015021323662705033,0.001853828716180006,-0.0021329862677429423,0.00019929650834193957
2021-08-12,-0.02285897820163818,0.0011408281323990188,-0.01595739937591445,-0.009994652954760319,-0.008266828540302695,-0.013913462388547071,-0.01391268737089435,-0.013903685777924668,-0.0027841031042353803,-0.010755099434251902,-0.024998807990797456,-0.009844945978236597,-0.013062413319254729,-0.01347644889547206,-0.008593796570429357,-0.010369047763402084,0.00019929650834193957
2021-08-13,-0.01370192376528423,0.010731175946288918,0.018676989744904837,-0.001821290360024208,0.005670978471561172,0.002589513412336153,0.00289101776227918,0.004762303837278381,0.018554276665062375,0.006012821515445799,0.008208946868453193,0.015197438861302759,0.007669371353230758,0.004171010261262875,0.007110002104440349,0.0024582217178146237,0.00019929650834193957
2021-08-16,-0.024673370019811958,-0.0005668012977491088,-0.034908066388854686,-0.009914139895842,-0.0017737918965488042,-0.019517314383691975,-0.021468093221263862,-0.014964030911808535,-0.0011035271962679394,-0.007241051074755145,-0.012091916828249505,-0.0026592587334667295,-0.011695344585067158,-0.015694076190485684,-0.016629601436837338,-0.014476727841641668,0.00019929650834193957
2021-08-17,-0.018361260437262494,-0.009988361719538985,-0.032073023247463084,-0.010420115979357769,-0.0060219477019720635,-0.021046850092249603,-0.01661867222732638,-0.0006718274790495915,-0.004787651469792209,-0.013996537574823331,-0.003128407973307046,0.0036273659462218166,-0.0089540442754793,-0.010854546215101735,-0.004826603998391077,-0.011820183453525979,0.00019929650834193957
2021-08-18,-0.013490128158957004,-0.0022866173205692286,0.011661465962429451,-0.0037315124845315184,-0.00830439871072075,-0.0011373997792401003,-0.003918724574261456,-0.006933342510814455,-0.006187005036667248,-0.005742466407641089,-0.0030773802164404396,-0.0011778718670275579,-0.007268953643510878,-0.005162470830091692,-0.010432103629629874,-0.01300543404721799,0.00019929650834193957
2021-08-19,-0.005567006262959917,0.023126124846705842,0.019361866983227394,0.02423493702312518,0.014501753528349814,0.012612036459582754,0.017135339884837064,0.021268671557774343,0.014740326869693732,0.016876394447281395,0.026604718711715103,0.023905879997893953,0.018844813616187617,0.01894239832726563,0.01268183417801838,-0.0016679876121867832,0.00019929650834193957
2021-08-20,0.009840865271678378,0.017679484078229057,0.015855808942526695,0.020177684885014147,0.025211574227922195,0.014922342547887713,0.015023620011348493,0.014489093850534651,0.0166868683777055,0.012636523823015278,0.014009698095499346,0.0191740741808637,0.012016851588806832,0.010797718327872241,0.008061202230147613,0.0071848276564814295,0.00019929650834193957
2021-08-23,0.004835868547332645,-0.011563661551376558,0.005341327761896553,-0.0077444378306937844,-0.012843602405899213,-0.001871007461094032,-0.004337557134683201,0.0007132641293936537,-0.0022547051093713133,0.0010170532887630035,-0.00043785748250191325,-0.006088254622576006,0.00017985299901757124,-0.0006948419557418761,-0.0018142381206405211,-0.005743059728492983,0.00019929650834193957
2021-08-24,0.0246622059425623,0.009877703093650325,0.038117784576525926,0.02059086542935651,0.018351366239027334,0.026635446616220415,0.02286210239393216,0.022550587736316796,0.015978519863652396,0.011051857604147619,0.015395920460069101,0.01755013279920381,0.016647233857686627,0.018445368492211234,0.021961677981098715,0.024220867376983257,0.00019929650834193957
2021-08-25,-0.009012642120937109,0.0011913353659709358,0.009101961811990966,0.006542488954059733,0.0034427961406211516,0.0017066576243187637,0.0059144516744646936,0.013411190053713717,0.005839944440086953,0.006944718546330275,0.005010685237560875,0.005007307206504219,0.008154456746423566,0.008842827100083106,0.009698990880679048,0.003713575409758585,0.00019929650834193957
2021-08-26,-0.00901677403644252,-0.015250931057978812,-0.01830998787506133,-0.016484212413493404,-0.014568154755299267,-0.015295342303901838,-0.019782169420704654,-0.010062940694901434,-0.011731151116659344,-0.017185035007585947,-0.01481245319966118,-0.011061098436272121,-0.014753535612255342,-0.015575933581100432,-0.012212490991486136,-0.01633259625314787,0.00019929650834193957
2021-08-27,0.036529457658982745,0.006475618376980963,0.014425794934796565,0.00911167071468899,0.005680132881993094,0.01959671784120487,0.015443845830212188,0.010547806484243027,0.0064693818602270525,0.0038076931924007074,0.00980381966077748,0.009615233385987798,0.007009740873125558,0.010793741761875086,0.011099679474496416,0.017723040010974467,0.00019929650834193957
2021-08-30,-0.009217200761835742,-0.002975076842363422,-0.019318573351079227,-0.00538171327093151,-0.002881274741757811,-0.010903876586777161,-0.007615448776887135,-0.003494415164043363,-0.004335222502694247,-0.006628509360653068,-0.0024014404510916965,-0.002919352160901889,-0.00489088916954461,-0.004714633109705102,-0.006464884644737046,-0.007721754216636678,0.00019929650834193957
2021-08-31,-0.023501244188564252,-0.009748638381280594,0.0015353186729498702,-0.014283186508517454,0.0016734845310186763,-0.010498241482322812,-0.007866048339642329,-0.00606348394889078,0.0026969064334874115,-0.005657446461815208,-0.0033997700002995623,0.008135717173141321,-0.00653977011443263,-0.0035958746130494434,-0.011027103680378958,-0.009023676959098448,0.00019929650834193957
2021-09-01,-0.003331312723512725,0.01159265201589399,-0.008081010510045283,0.018826428068097423,0.0204267367570079,0.001057893902382867,0.001907498137779129,0.019343196071856417,0.004747968635518296,0.008945327403795611,0.016693802131277913,0.013453668448176748,0.008733564867827281,0.009316170257529954,0.008120447495904903,0.004601724586233535,0.00019929650834193957
2021-09-02,-0.013956531663146698,-0.011516298897813915,-0.027722282220268957,-0.012994970506594594,-0.011291919228971992,-0.018111911897839006,-0.021610546380970153,-0.023068927540956352,-0.02038623323197264,-0.02910795309074421,-0.02144160196235778,-0.01764907396221549,-0.026262439069646204,-0.024596957748077908,-0.02413053999861714,-0.020254383008603716,0.00019929650834193957
2021-09-03,-0.00223988317101953,0.0016434787321526478,-0.01647304204836708,0.0005952370222976899,-0.0085195641445035,-0.005993243826612482,-0.004400698385734314,0.0032191579725733277,-0.0007416472175789668,-0.007327880437867584,0.002092757054833916,-0.0029304944200551075,0.000537909537340564,-0.0017284259615308883,0.0038361100427133366,0.0011235425970494983,0.00019929650834193957
2021-09-06,0.005782317451719088,0.0072603817350085365,0.009494889966859432,0.010285258224614457,0.004867149431741602,0.007450015545589439,0.010374402887076695,0.011772446038332829,0.008015608710800981,0.027128440024746237,0.019382134926870354,0.010813574253279779,0.01918792445714468,0.015195331071566454,0.009717474817750205,0.0069467461305599,0.00019929650834193957
2021-09-08,-0.02908640998629053,-0.032425121972800564,-0.04396666805547733,-0.025359317970076845,-0.029581071057550035,-0.03497165373293798,-0.03764767541465641,-0.017994491916174304,-0.029524394300542434,-0.05481853835000905,-0.0248972745361995,-0.02798898228326341,-0.03689482347915163,-0.03761157166734408,-0.03525537805538714,-0.03644351338555507,0.00019929650834193957
2021-09-09,0.031463953060121286,0.017837161638505572,0.028162645666795383,0.02611482680186561,0.013657734447059866,0.02561069986664566,0.02355924838272294,0.02216877096592129,0.022342969384735456,0.03372142474547446,0.027764792500713176,0.025109984467046154,0.027206066159197517,0.025201643718355315,0.021811867788355865,0.015685713041484917,0.00019929650834193957
2021-09-10,-0.01522079013771882,-0.00132823546870664,-0.0044670363362043775,0.00014147066046787948,0.0007617421376522326,-0.007216729875667793,-0.008559712506691741,-0.005830794736453759,-0.009886310145163613,-0.008135942937243512,0.006328804625751472,-0.003165019476391917,-0.00566700015311794,-0.005399837192836765,-0.006121001848709562,-0.008741545487768398,0.00019929650834193957
2021-09-13,0.018972686228323044,0.012623153891646588,0.032168429464005,0.017028928667734977,0.01675407027085596,0.02270728112192799,0.023687738720263862,0.00917019639926564,0.013437213051575858,0.017975666690562164,0.010077387689130468,0.012587118925946106,0.014127604880455946,0.015347461562353448,0.016175185308814122,0.017625026370414965,0.00019929650834193957
2021-09-14,0.0032540447185551713,0.0007383609975029071,-0.013687557091165092,0.003373663877779265,0.0002843609293390337,-0.0031020766744657147,-0.00023484297173992363,0.0015349144767589085,0.0006853212583337598,0.0032346881699312213,0.004948765560425672,0.0005115615877164803,0.002844939904939281,0.00237393812221276,-0.0010757244841412827,-0.0022631619468005404,0.00019929650834193957
2021-09-15,0.002918019417367468,-0.011068834609946454,-0.006189554190995317,-0.007413618917155418,-0.010805421541079663,-0.005079038607673114,-0.0070505481663019065,-0.016854212795912815,-0.011602845212503654,-0.014407614557911064,-0.008378232086130422,-0.011862562851261194,-0.013056820481442855,-0.009954067357284102,-0.010437480545821498,-0.010529850350372016,0.00019929650834193957
2021-09-16,-0.021033614098622366,0.0023021654507699996,-0.008386240590765204,0.002571705531160706,-0.002129321869224654,-0.00821217713566147,-0.006718628197685983,-0.01610891696131811,-0.004982549565442862,-0.005511092467016088,0.0016543072141441684,-0.0014474959622006178,-0.005936358580098555,-0.005063997412089405,-0.008472555515532165,-0.012660785703072608,0.00019929650834193957
2021-09-17,-0.03607704743876461,-0.0011798908966338395,-0.010417338540055443,-0.009936931654043857,-0.00853377916201603,-0.015538243022161669,-0.016161986008498608,-0.017384609197966805,-0.006053911495231712,-0.006111077095236728,-0.013802239740461797,-0.00690327404876101,-0.010879391018503326,-0.0146014477406885,-0.017826716537810094,-0.020421331634058237,0.00019929650834193957
2021-09-20,-0.03211925086587197,-0.009996501799527824,-0.020374189835175804,-0.010748556699429646,-0.003828419078012235,-0.020402841523254778,-0.022470245275487466,-0.012779887732398465,-0.011761566549914448,-0.01418149959588777,-0.008483565136886861,-0.003132506654642153,-0.016963140272898136,-0.024984465265843858,-0.016074247341797188,-0.023838615790067186,0.00019929650834193957
2021-09-21,0.014647833380563746,0.00716016725511226,0.013149386715445965,0.013434618232970985,0.011557327300487197,0.0119661511000424,0.014723988888000195,0.01593507250766768,0.005411149169987084,0.01498356734648909,0.012979460177837243,0.010787067235395575,0.013754057751061088,0.013472876343368467,0.016037698386434984,0.012987887379083629,0.00019929650834193957
2021-09-22,0.033639655596691354,-0.0005325325026359629,0.026277502183805312,0.003814522391751396,0.010571508174121558,0.018296737304607458,0.014282312888127757,0.020045846326073757,0.008212732380636245,0.010024290735063612,0.014275925962854652,0.0181056698446036,0.011931922360451708,0.010478419363549873,0.013905933667367698,0.018925310596233258,0.00019929650834193957
2021-09-23,0.02894184616976747,4.4057104756412e-05,0.03555684650559354,0.006982709258366748,0.0016895808213817087,0.018854587162551395,0.013214530717076123,0.011391113093501604,0.00950897209784518,0.008710433831255138,0.011461931874037434,0.0021060768229930193,0.010674119455520659,0.009501540891679872,0.018065941973119504,0.01479501489359003,0.000236865358333338
2021-09-24,-0.0007675912785721772,-0.0007259726754836882,-0.0016050250082088047,-0.002323301443250103,0.0003963828661959212,-0.0014544914479316384,-0.0017107548097221592,-0.005044610625411283,-0.008617551017860103,0.006691535535820137,0.0016624788815808866,-0.006471186048110589,0.00014313112605801592,-0.00016838931357854303,-0.005891558966074184,-0.00718389358776772,0.000236865358333338
2021-09-27,0.009638086386327682,-0.006784346591923729,-0.004154925655202257,0.004831458942177402,0.0024912004506310037,-0.0005992087072851371,-0.0029658975032768042,0.01118838983927195,0.0004606580152628492,-0.0028357808116726835,0.008180605485679004,0.0033128011417238312,0.00095146991273376,0.003179781131131154,0.003283175818762585,0.0028584820734141037,0.000236865358333338
2021-09-28,-0.053244107990826905,-0.0076477052480492524,-0.02794273219906107,-0.011582103376289843,-0.014913989875124822,-0.03096601781753261,-0.031161828897166455,-0.018708388375275664,-0.017047495680915015,-0.024404889610386338,-0.008855971849076272,-0.014613364220700364,-0.02030289712520572,-0.022717134321066368,-0.01972064112330718,-0.031190731906234226,0.000236865358333338
2021-09-29,0.015283932014067192,-0.002532588054299789,0.005667469003184822,0.0037553881771261732,0.005774011116312261,0.00603048618938562,0.006180845759480302,0.006073906692892095,0.007102382187684997,0.0009575145266815799,0.007982965403920073,-0.0011340396508133788,0.00412680732505355,0.01031566742613399,0.004869270667936965,0.008932114735753949,0.000236865358333338
2021-09-30,0.013651573109911164,-0.010026128275910429,-0.00946733075827244,-0.002815704461959889,-0.011028305536905925,-0.002153464740933808,-0.0047328872723980675,-0.0032915927189283156,-0.0011980274169240968,-0.002581274053838123,-0.009276338297129816,-0.007427376249904305,-0.004983312117535665,-0.006580439789839687,-0.0020862612502665634,-0.0006123734895876476,0.000236865358333338
2021-10-01,0.029590992664442872,0.0027534203044727867,0.03383520340476753,0.00938270271571029,0.0014980112406339785,0.02241562875904024,0.019912448156177875,0.0073778530782655505,0.003719380689090057,0.0019643922196712627,0.014565120708325274,0.010147885821093938,0.006983030039629412,0.011525256696345965,0.013573600479916292,0.01610439616590753,0.000236865358333338
2021-10-04,-0.03910948222107602,-0.014310922593244069,-0.022072757975132196,-0.01578270424363526,-0.012064081427085482,-0.026745102426189993,-0.03222348898747973,-0.020773480612671813,-0.030761927523130006,-0.02860245579666776,-0.018083330589064972,-0.015528910993141798,-0.030152017411208987,-0.025580811814223003,-0.01848996502173117,-0.021378519699595255,0.000236865358333338
2021-10-05,-0.0053892928481515945,-0.005423949805155259,-0.01665738560546215,-0.0069062432659258155,-0.009106396197925859,-0.010068865474225475,-0.006003789517891045,-0.008786623263275062,-0.001733792182221472,0.015614428687497517,-0.0029897406350188893,-0.008271539305706455,0.004225944699116413,0.003494292691744727,-0.0008436984011139792,-8.514836305972828e-05,0.000236865358333338
2021-10-06,-0.0011752216722121789,0.0001103957700414604,0.0011832741548578607,-0.003902353874667086,0.0030928235824396744,-0.0015513281337786733,-0.0027943086164311515,-0.003035540915162005,-0.00807928544687575,-0.004949946185169196,-0.0024344369315312253,-0.0072342864599588275,-0.0025206097245783488,-0.005499141379187722,-0.003887916118404,0.002420882789774259,0.000236865358333338
2021-10-07,0.01717688490694491,-0.0027954248036258234,0.012115829740583228,-0.006764123718125958,0.002878792612644343,0.007947783507868511,0.0008435944184723709,-0.005401716491543085,-0.0010927318184935642,-0.0020031907413289307,-0.0040428182179104155,-0.0003081790489204428,-0.003696150699632028,-0.003546242898334828,-0.0042177305905083395,0.0015153293368013188,0.000236865358333338
2021-10-08,0.029846256024547158,0.01720709074071336,0.032177100982182294,0.02370081504266386,0.018329189726552952,0.0277818876112359,0.026390034413891428,0.021108911105821804,0.020911552141668288,0.023874529198772976,0.023229035129223696,0.025167777644660383,0.022974125725038208,0.022160309983680238,0.019713013618143593,0.019402319876621776,0.000236865358333338
2021-10-11,-0.006205246536679976,-0.0028056044808463243,0.012081487576202088,0.0011749688148203763,0.007568262408419457,0.0004672455796486119,-0.00539236219870598,-0.0024231427225989144,0.0022186654620242052,0.01604183071588583,-0.003993605242623821,0.003839706926203501,0.003135046099707939,-0.0009406064039261253,-0.0030269351129594835,-0.004399389538533138,0.000236865358333338
2021-10-13,0.008409597657042855,0.01904514477618524,0.01674541916475447,0.024086497243801297,0.014452363023017556,0.015235328027753736,0.020876568129619688,0.023051469941475222,0.015510762310781967,0.026632595653128144,0.01891340677384168,0.019286336415827998,0.02268704472010996,0.02157683990614112,0.020004520795660063,0.009163413123894903,0.000236865358333338
2021-10-14,0.015699252388522655,-0.004224364798689817,-0.0042132253918921725,0.0026198111372370825,1.1264308229508302e-05,0.002382454595308614,-0.0020747752887282367,0.0008708409209001733,-0.006149828715113492,-0.0008301079046685311,-0.0005620599673473725,-0.002939057667303402,-0.002081061369958892,-0.004064543187357494,-0.004749433392092661,-0.0023145059860761874,0.000236865358333338
2021-10-15,0.0003451814188404345,0.007039972216307699,-0.0007634284143808179,-0.0012179540053969262,0.002005615707365349,0.001912267065605544,0.012067458180258228,0.005810398587698051,0.008095212774414495,0.0376337647159366,-0.0014040761604170449,0.0023454064086376736,0.019516162757533317,0.017730395239745178,0.01020459801525253,0.01293599093992115,0.000236865358333338
2021-10-18,-0.01722433897675546,0.004889181943334098,0.007637406765253152,0.000219557888611277,0.0066249654759238386,-0.001282918381407594,-0.0016921107269182167,-0.005530840789060298,0.0050783517557273505,-0.008773117999957059,-0.0017351634728768328,0.007251858694222513,-0.006467433342075224,-0.0013346396242377434,0.002477163259836823,-0.002123083242478785,0.000236865358333338
2021-10-19,-0.027185005987510502,-0.012529985844930258,-0.03798936118073182,-0.027780397957320457,-0.016024318290264183,-0.02827015559229673,-0.03431496506659737,-0.027189283979185408,-0.024177116228666473,-0.026150702425948302,-0.0255010689716616,-0.019997720481395254,-0.02821181192499056,-0.031949924045398426,-0.03356269800817513,-0.031389323620111265,0.000236865358333338
2021-10-20,-0.0019454906798019866,0.0031366252981577247,-0.009095752476144914,-0.002567408394309356,-0.00037890696674658386,-0.0032160819740826296,-0.0013186556208028,0.0025509370035199375,0.012121677789104002,0.0031008637436242825,0.0006294299142943771,0.009712016798085754,0.0035430954450508256,0.005070944951326206,0.00664420906766483,-0.0008784925364078155,0.000236865358333338
2021-10-21,-0.038118421640404354,-0.01117179028165649,-0.037648516293004586,-0.019786432251447494,-0.023999178710138014,-0.029475415120361115,-0.03527703598079868,-0.031208091968509155,-0.019395775849443075,-0.04051477512484025,-0.028775387527128826,-0.028092560974719127,-0.033009668327457664,-0.036363956007983256,-0.029958420332175106,-0.027147173507016564,0.000236865358333338
2021-10-22,-0.007966485853675875,-0.006634373471929078,-0.013816781262974143,-0.013826042212446765,-0.012846517895469312,-0.010475445165772146,-0.016314885054444228,-8.616530931160327e-05,-0.010507602220207746,-0.028580233870472038,-0.02055750469571005,-0.01856859063647065,-0.01703786672924823,-0.02025441553581686,-0.013468075868130924,-0.011952137504722904,0.000236865358333338
2021-10-25,0.020336669635004023,0.017883991096639518,0.020482954766049444,0.013138644069921268,0.012447198181907426,0.020155621523169964,0.021664643902476577,0.0044598468702712335,0.017063915831862175,0.02132911819936001,0.011537163293307007,0.012733571114719844,0.015524589235544006,0.019867207085480176,0.020637591547443712,0.022424072706682452,0.000236865358333338
2021-10-26,-0.022290004316682044,-0.0034163494828206575,-0.026700580620398706,-0.012001260567578997,-0.004652506207390661,-0.018861328070746253,-0.025754646695662076,-0.017021221254460372,-0.006166407092046522,-0.018755288403130677,-0.016441452368409326,-0.00804108839448503,-0.01871637792048908,-0.02067192471610091,-0.017696043501239767,-0.020932727813386287,0.000236865358333338
2021-10-27,-0.013740231295793492,0.01617181758006736,-0.0025093304347215684,0.015475897531404215,0.008336918402129356,0.0016001870740443014,0.005029809701810217,-0.00019063783166517467,0.001715549620230128,0.003945656076099979,0.01463568373373425,0.0051974813843449486,0.00361059763828786,0.0055190712837551725,-0.0008753121812939968,-0.0016199877368292537,0.000236865358333338
2021-10-28,-0.023817292912620247,-0.00944604195143861,-0.016597301558709643,-0.0218859444645364,-0.014806363384453403,-0.019268269931267512,-0.014535106241926887,-0.014790733151069602,-0.00897237668832973,-0.013876180742113942,-0.013721941882613553,-0.01638075638050762,-0.013377180954281087,-0.011671629619942836,-0.009521666211212754,-0.006702819775036506,0.0002925627795029584
2021-10-29,-0.023117367800349897,-0.001183934156319122,-0.019903025439211075,-0.001332176138403085,-0.010953713293153311,-0.01563151506307703,-0.015291441421680152,0.0015680520416656574,-0.002524045076785497,-0.013254845622931222,0.011053184922171555,-0.00558765539749162,-0.0018673069336653247,-0.008431497534334809,-0.017525020286718984,-0.021239239112259223,0.0002925627795029584
2021-11-01,0.022416391442832584,0.013429211511916561,0.03143176526071767,0.003342927348462643,0.015718718511585017,0.021942173278249655,0.020701899850336325,0.0003446201996339937,0.012678155334790553,0.01914904300900444,-0.0017139613381875751,0.010596026243802292,0.011781856987372219,0.012867202776263298,0.016995162724622315,0.0190760693100962,0.0002925627795029584
2021-11-03,-0.004433493053682125,0.015423168029291778,0.014083541452734272,0.01855072488926157,0.008012829429280499,0.010092231202634139,0.018594846626111217,0.02130227230432835,0.03215054144817975,0.009168833281967714,0.027304218205029596,0.03287315822529013,0.020328468757893736,0.020236925034574416,0.016597454208785223,-0.0026443150561424877,0.0002925627795029584
2021-11-04,-0.006779874542760522,-0.008506794830157594,-0.04171665414288439,-0.0028542688190075216,-0.02777349021592168,-0.01856277574791898,-0.02057366801545124,-0.00612037074548899,-0.014429844174210116,-0.035377071183367303,-0.0004251619667807738,-0.013384990201250502,-0.01837392808944105,-0.020090205226664937,-0.021609746355102932,-0.02147611956269746,0.0002925627795029584
2021-11-05,0.03308280278955733,0.0017220747719330909,0.02617893942079652,0.001733317646869903,-0.00047408541562754536,0.02095320737542483,0.019337200321351444,0.007571473289572195,0.010433854876768844,0.012733551319706438,6.549776550035524e-05,0.007477373410733401,0.010865113577703811,0.01516141108030089,0.012631664897525985,0.011350668493818494,0.0002925627795029584
2021-11-08,0.004635808625807147,-0.00032204059114804284,-0.004788996079605257,-0.003921392259957468,0.0038926485089445517,-0.001890400201237763,-0.0058791295525191245,-0.004382711680427476,-0.00150522915114093,0.003128988224789575,-0.0011434474597838973,-0.002158750383970287,-0.0021998245695132868,-0.0030417897293261165,-0.00666037720635082,0.0025527311768176464,0.0002925627795029584
2021-11-09,-0.007603875857695841,0.011624179396077183,0.017682805264027657,0.010739560610379506,0.010562626756053906,0.008605876455653139,0.012667448067473552,0.005836435171689969,-0.001038534386166745,0.01602198629237228,0.008678520410329904,0.005474076251613225,0.008509944274125658,0.010763372329965826,0.011837986000059475,0.005534435576774799,0.0002925627795029584
2021-11-10,-0.01306830231662981,0.002059383031963069,0.002211893010955368,0.0024357827250018893,0.01589967298982975,0.0001403099658598972,0.004483885604849247,0.0017383032383804231,0.014526597487790394,0.01638798672896913,0.001000557419886583,0.014485504259809767,0.009458782376083441,0.002255250230980277,0.0052520671323286194,0.003670731353055512,0.0002925627795029584
2021-11-11,0.027255859621886147,-0.0023658793691507807,0.02339574899569108,0.005676383854463785,0.010604896525542529,0.016654030296624045,0.01651581723360751,0.011131664128746444,0.010934655444167829,0.007302058449369486,0.005581066444151572,0.006726801848234709,0.008473100661614552,0.008185300604150791,0.009994360382217238,0.01623557265331388,0.0002925627795029584
2021-11-12,-0.021852487051684744,-0.00597413579385031,-0.01326399131712297,-0.007512489122910804,-0.008596416805106033,-0.015188779648997563,-0.01491964313157279,-0.0161559291780613,-0.008134528775752714,-0.010369674254108507,-0.01606238112854297,-0.010268593340824972,-0.016380385467203773,-0.011214940809080587,-0.013619758263118675,-0.011015712633202557,0.0002925627795029584
2021-11-16,-0.03700409160823537,-0.012953701782272065,-0.024852379288588078,-0.024841599052383923,-0.016396849473808928,-0.026180374891815572,-0.023536370755180003,-0.022442817305414087,-0.012175419267985932,-0.0051624753746606356,-0.023481812967561022,-0.013654936194829936,-0.016550169098376144,-0.016377079337822287,-0.01429113106078006,-0.018928939552731228,0.0002925627795029584
2021-11-17,-0.020898423679108324,-0.01331091365645698,-0.023564797305270613,-0.015354963093773932,-0.015293549592356737,-0.020420561235577117,-0.0176844802235272,-0.014801397398829685,-0.012866502273562563,-0.028046303743617718,-0.011954286037978101,-0.010622900388975842,-0.020602242443291674,-0.018157182719835463,-0.014300574840307112,-0.01420762066045722,0.0002925627795029584
2021-11-18,-0.02400935349475042,-0.002379759632636924,-0.001323768385841806,0.005949844729830067,-0.0032731487121016034,-0.007847345357057556,0.001237788915608995,0.006151581743995216,0.0008431215719431062,-0.0019736203530222873,0.009474812873892846,0.0016573813072831012,0.002817389673855697,0.0024807772797776906,0.0025174033369335103,-0.006765268810406622,0.0002925627795029584
2021-11-19,0.014581078708708173,0.0013797703030191677,0.004859711238056397,0.005400381723546621,0.009500903341446376,0.00751476094895609,0.008428120055961053,0.00811564231089057,0.020970634948284994,0.017734839397154367,0.0076380737401087195,0.021359107298915436,0.013189457728006504,0.010164716996667655,0.007535987148523882,0.007055336679356428,0.0002925627795029584
2021-11-22,-0.018445655673883676,-0.012955316336685674,-0.017625776238684443,-0.026595204424529673,-0.007184951346946522,-0.01867731902113412,-0.01959274530493571,-0.02708740495139017,-0.011041762829839041,-0.014097732242727479,-0.022621100325129873,-0.012444406912509032,-0.018787663412221378,-0.01850893204573223,-0.01956836411523355,-0.005932373778477329,0.0002925627795029584
2021-11-23,0.022662209388591537,0.0038295428831063294,0.009609829305880613,0.01102652038583174,0.011840985790588565,0.012077654554070172,0.00919422018592364,0.00902301941814021,0.0032867756783387936,0.014457165809716122,0.008693066169434216,0.004181102773619383,0.00957946606091209,0.014396731700381915,0.011641782760726027,0.015423245442273359,0.0002925627795029584
2021-11-24,0.0020324368616018162,0.0033481025115436047,0.003997905840359195,-0.006045158991333954,-0.0009857575755000125,0.0027210264502228743,0.004021846527220818,-0.0027503081289731446,0.008582196223055671,0.003650596706418874,-0.00779860290263279,-0.0017135642040674304,0.0024632388839747055,0.004800056891938631,0.004068196469474872,0.008635795652020217,0.0002925627795029584
2021-11-25,0.0023639890660023255,0.013975238991500216,0.024090367647698008,0.003945945098766668,0.008494853384495737,0.013749489404737858,0.016457646841661733,0.004921700677012142,0.01309995790695817,0.021871400618304948,0.0022756451076224593,0.01142828729214762,0.013488661980417982,0.014949715047511747,0.014939155997792497,0.01145389629055149,0.0002925627795029584
2021-11-26,-0.045776173360219,-0.016933391730317382,-0.05164223069125895,-0.022333998287652035,-0.012998696954629296,-0.03731703589730817,-0.034486061707513005,-0.0244070473061202,-0.017220295953894182,-0.020772496774555727,-0.022641085731552102,-0.01608507565115269,-0.02312102835803087,-0.025657020187068058,-0.02788799577911416,-0.03327342568983849,0.0002925627795029584
2021-11-29,0.020491967293882363,0.0032707605634934023,0.008178098656279387,-0.0017760790336307508,0.0064587892343139774,0.008493498375131914,0.004239418921118121,0.009525423484326945,0.005142835321464645,0.0022591651156254056,-0.0011417717384889503,0.001848907224652807,0.0029638343179267945,0.004759086257259959,0.005200400968083052,0.006190057539241511,0.0002925627795029584
2021-11-30,-0.014963304916219111,-0.008493950103522052,-0.01176955023980275,-0.012510532590177426,-0.005432440221833312,-0.01281117735669679,-0.013061164707810047,-0.010273065436326778,-0.0057094390027162545,-0.007808864250839154,-0.006119263966664179,-0.0049724497683645286,-0.009014734790433354,-0.010694442290728357,-0.006079822811869917,-0.008098159116493031,0.0002925627795029584
2021-12-01,-0.0286764792598585,-0.013534160628111636,-0.023367988019171726,-0.01999590141623131,-0.007414848334226565,-0.021236351658116326,-0.015982473661988017,-0.015469881102729177,-0.003497645413519823,-0.01654236908859119,-0.016693975103413417,-0.002695012350967363,-0.01419337039934132,-0.011045137774349345,-0.00740859818679207,-0.010925418913745544,0.0002925627795029584
2021-12-02,0.030079399139585794,0.025159277892894627,0.0456857403601616,0.028099001538273827,0.0337723695052079,0.03498703219356658,0.03096470041984367,0.010964058924695985,0.02250947565920569,0.028773337777334262,0.01760375159689742,0.01604823271340594,0.020781547706249626,0.02834793006739167,0.026381923579542388,0.03698578871402147,0.0002925627795029584
2021-12-03,-0.013725885318557118,0.0043320332859282384,0.005377511413231062,0.0009223640410989109,0.001680616875422647,0.0017166555959593488,0.013120782343811976,-0.007224689346882585,0.005337006484258167,0.014113863025458695,-0.000721490828641036,0.007715847349018201,0.006517949368652243,0.011907721436028362,0.008485412381791901,0.00439585824851485,0.0002925627795029584
2021-12-06,0.02085201889080124,0.0027438156295098715,0.027729065641981077,0.009655411542002224,0.0037795001918625726,0.01701938272592418,0.015056078056193467,0.011135430098042187,0.00047492772879631495,-0.0038032850851921207,0.004372892887618995,-0.0025712503831674116,0.004170777037320494,0.012198329189653467,0.012743767720284627,0.018246801770156917,0.0002925627795029584
2021-12-07,0.0305608234941821,-0.006924675982911577,-0.006558737821824812,-0.00047921422303798256,-0.0015971535880519028,0.0042075810581594375,0.0010344307164558142,0.00938897571072439,-0.006677441486007574,0.0006729684639690259,0.002531045377416552,-0.0006990739254465472,0.0005236454974031357,0.0005431077263222672,0.0060972523740394635,0.00689332106115792,0.0002925627795029584
2021-12-08,0.008856128974604749,0.005592447155308156,0.027316945164927775,0.024596941738503464,0.00894094360127795,0.015203023367967194,0.015313801974901953,0.026031079501434684,0.0012726431926595172,0.009691140373520923,0.021906058341178092,0.008032966490260751,0.01351468716807136,0.010438038282382545,0.00861256433609392,0.004352342234413165,0.0002925627795029584
2021-12-09,-0.02045895699182998,-0.009619379068154799,-0.02057176737175337,-0.009432406828979056,-0.008181454496982155,-0.016390199707543407,-0.019762683778988266,-0.012776746346854884,-0.012136854225315297,-0.016143536509533596,-0.01607898800187657,-0.009322002123445916,-0.017500944970983978,-0.023884366101126098,-0.017813034016962548,-0.016155879314334376,0.0003474924925166434
2021-12-10,0.008411692843576457,0.006607818385457875,0.033505361210160345,0.011643583448797123,7.269467314574563e-05,0.017358260226771005,0.01842947763706082,0.009802076765781376,0.006750423985639298,0.0140670286781297,0.00361114095105064,0.005360174437864629,0.010655729021894711,0.013246458621558155,0.009343321636364088,0.013402965475952211,0.0003474924925166434
2021-12-13,0.0016100954893123465,0.0014438477449429943,-0.017969995986744647,-0.0015178264654975848,0.005759856799639085,-0.005571538100020423,-0.007737608173793986,-0.003735574904890293,-0.0005971730770194528,-0.00031073444886275947,-0.0009198122488204286,0.00033087025780775825,-0.0031202823668896595,-0.005347603040534055,-0.009246240735886424,-0.0019510258303354622,0.0003474924925166434
2021-12-14,-0.007869484186969311,-0.007386941575809214,-0.017759245895966003,0.003890532230049759,-0.004974025093787193,-0.011417286540759797,-0.013260013140497962,0.0025355554620287712,-0.0027319874706891456,-0.003996127431115881,0.0020246074779914913,-0.0036673704980072497,-0.0038501902662894105,-0.004743353089413316,-0.006387385581612892,-0.006040068429217671,0.0003474924925166434
2021-12-15,0.0059069633622248485,0.007860615124785086,0.003044071783890434,0.004252022138346856,0.003085030290093549,0.00534561932258204,0.011862093447873923,0.007113481253002929,0.0047475279456330455,0.0019520970255209047,0.011622268750487885,0.0023692030782016538,0.009491973768232853,0.012563753224325014,0.009435560875237003,0.005405236792690893,0.0003474924925166434
2021-12-16,0.0039751551691811216,-0.0019635638945461054,-0.007515153014133191,-0.00015754407168355744,-0.0041647098359298695,-0.0016844832039771829,-0.003433612803428465,0.0017492862275898524,-0.004426974968138375,-0.011602390936531148,-0.007051214998684774,-0.005269942309312103,-0.004568284335065065,-0.0035049780120013363,0.005038729739163861,0.009756474856768671,0.0003474924925166434
2021-12-17,-0.002539339859394474,0.00015638204597223648,-0.0008219953324801743,0.004297042641185467,0.003914090933642589,-0.0007111108694364265,-0.003386483026376119,0.014038307211880374,0.0007452450660303533,0.002329680245105825,0.002787796987988145,0.0003327262176602286,0.0036921137587524466,-0.0006857828143541633,-0.0018187409858319015,-0.010540489779102713,0.0003474924925166434
2021-12-20,-0.03721293157974659,-0.010485735538652285,-0.033623384155267555,-0.01528930226732983,-0.012283664178334708,-0.026126494536439338,-0.021568902231243303,-0.019315556727400263,-0.012075009141552906,-0.019709490322868284,-0.014924628923584704,-0.010966880126453638,-0.018431305593197722,-0.017489148252187503,-0.020148845412193417,-0.019602873426100786,0.0003474924925166434
2021-12-21,0.017791791248827016,-0.0024612991213285307,0.039250486696694065,-0.004724413459827881,-0.0007364990218793332,0.0151804868130605,0.005095615729729497,-0.002591629357656111,-0.0015180183549788895,-0.0013756337690353782,0.0004391281388449464,-0.002470587627071419,-0.0007561661267577735,0.0010913925887536813,-0.0007427245521967052,0.005861268806214737,0.0003474924925166434
2021-12-22,-0.005221188358704998,0.0007901406342425421,0.004036623276374884,-0.0028579674254071152,0.00039959074626194635,-0.000426647287154025,-0.0010139779886286782,-0.0040397332200595715,0.0010185670916740275,-0.0016407189742907446,-0.0012191713254822156,0.0019093122155744435,-0.0020536969317080933,-0.0022517791404237375,-0.0025228001454001836,-0.0032680361801343816,0.0003474924925166434
2021-12-23,0.004754742020931291,-0.0005509227524840288,0.002148418880038694,0.004132092511276886,-0.005236220012696524,0.0013026042508179625,-0.0030581157522464597,0.003924992884624112,-0.00178422563479963,-0.001019875529261749,0.004760165877446099,-0.0030191400361220255,0.0008665457707432989,0.0009163544454127148,-0.00015229475562128503,-0.0036623142061348313,0.0003474924925166434
2021-12-27,0.010745721257194862,0.002788199399641922,0.005700865379774989,0.0026715979508413756,0.005438036788710132,0.007707761568326532,0.006797954118708649,-0.00037513204470174255,0.0036850320581081064,0.00400073943494017,-0.003334722973291071,0.002639248863455901,0.0012135244526021438,0.003637748123118678,0.004455300120766337,0.006390236517130221,0.0003474924925166434
2021-12-28,-0.0019964606606285296,-0.0036900788670536366,0.0066928718347005756,0.004566769235835544,-0.0036656852793944816,0.0007815270765687554,0.0003187536985387318,-0.0018490608168628686,-0.0033463219358487173,0.005770710866047857,0.005908558302654576,-0.000985333802927868,0.0018277017988239663,0.0011481359341349862,-0.0023125456957946433,-0.007369440552225548,0.0003474924925166434
2021-12-29,-0.006257755901494133,-0.0070374498861370816,-0.0032060068757111537,-0.009050610936157666,-0.0071761503098758395,-0.006682616307033595,-0.010038167139105658,-0.003587741302599312,-0.004753191186572803,-0.014400794449062948,-0.002467862241852692,-0.004859494090883709,-0.007836032295668316,-0.008185621076943095,-0.008739645420100195,-0.006693427860342771,0.0003474924925166434
2021-12-30,0.009054934914119572,0.01186143962447228,0.012651088173236902,0.002963627010176273,0.009999248702287966,0.012117541520976216,0.01125468211056524,0.00031213618446468416,-0.00011849312449441207,0.0027546173857404543,-0.0030734963750003175,0.006863529245313416,0.0024593155641219333,0.0031876583055843177,0.005021685796898323,0.007034231399163371,0.0003474924925166434
2022-01-03,-0.02406557701626688,-0.024633092065890927,-0.016987200136315606,-0.03534450608172324,-0.014626054404649591,-0.024186386080011113,-0.024184943453446683,-0.01960102909059558,-0.015267320100547987,-0.02163393764135102,-0.022421416481533396,-0.01480724923579313,-0.022357041977737024,-0.01807261675039573,-0.019267129818825723,-0.0079026475344115,0.0003474924925166434
2022-01-04,-0.018608387381557123,-0.000924744185967552,-0.01288390849089982,-0.004250728047165309,0.005434453984732857,-0.010574981128128713,-0.01610697450934806,-0.017282710023654224,-0.0015376494812129327,-0.01296014351567587,-0.005209823104380007,0.00045946027142007573,-0.01101980582151918,-0.012357917199216306,-0.009192228413958725,-0.004480141418400696,0.0003474924925166434
2022-01-05,-0.06309096240451173,-0.010774547508616283,-0.026063589252872332,-0.04910144579020037,-0.014850434293155801,-0.03170337626439401,-0.035897167524068685,-0.03452289671121611,-0.016523151161397354,-0.021323106783246226,-0.035017165573611786,-0.013440179560477605,-0.02801927596295173,-0.028495470032845804,-0.02799794767697783,-0.023649332013787272,0.0003474924925166434
2022-01-06,-0.019009372065848296,-0.009906881426900438,-0.00867079109458846,-0.009541343237044253,-0.004747517886044994,-0.009808295876359563,-0.0018779555012248261,-0.013894332404741694,-0.004481319351536284,-0.013515057902985128,-0.009353033886503326,-0.011305638766397896,-0.009455628985551079,-0.005097114037915573,-0.0031469671140493816,0.005958037893677215,0.0003474924925166434
2022-01-07,0.0037395223683176493,0.000353595192214895,-0.009778700797759887,0.031598478995951806,0.006147349619315401,0.003819816667545828,0.0018559358610272803,-0.006852243201997843,-0.0013751324255697472,-0.009599996914488984,-0.003324127028083823,-0.0005966318591245079,-0.005857937844495509,-0.004839051640233016,-0.003738512465566335,0.013122427226312405,0.0003474924925166434
2022-01-10,0.001283830593093116,0.003561626608222568,-0.01266592500809216,0.009693111560282519,0.0012647672824692702,-0.0006340890265903454,-0.01082550998918741,-0.008458209229916025,0.0010360636418487168,-0.007952971613588988,-0.0071256750221025955,0.000592773103799793,-0.007720417656095213,-0.010822716037990454,-0.009285506825442824,-0.0078943084032842,0.0003474924925166434
2022-01-11,0.01890609379083985,0.010464999882015658,0.02159234914360475,0.025738394917076857,0.012890061833079836,0.018131024438537757,0.01918421792427516,0.01640322282994,0.005639696756467361,0.01171757320023148,0.00954758721465021,0.006501108579142212,0.012223577622871629,0.014238080194863612,0.014083722511968544,0.01849931723389653,0.0003474924925166434
2022-01-12,0.020460256052527104,0.009708895357089187,0.025865926822435048,0.021202906559775858,0.016231017737285303,0.018890268497969043,0.021263503032788345,0.019982522214692544,0.015458731150506111,0.024741610860870455,0.023414348614319458,0.014402295833504608,0.021182686041995247,0.022839723629795694,0.021205121607831057,0.018338606914861444,0.0003474924925166434
2022-01-13,-0.020819277224199406,0.003445559548570065,-0.001317873714783313,-0.022788183492360226,0.002817630328623588,-0.00599773803926873,-0.006915154117742572,-0.0038870024306465467,0.0008805486260563544,-0.0008363097451163926,-0.006095126492400849,0.00979990910096995,-0.0031505452261255673,-0.0027575416123002405,-0.003431075579914067,-0.0015499377616238208,0.0003474924925166434
2022-01-14,0.005026884913116536,0.004805413232633171,0.017356306205081884,0.001724865994506164,0.011089369891118528,0.007509324843311127,0.00977623696331631,0.00893567426172015,0.00515206640723509,0.01196368054829744,0.009383641011236454,0.008263212309339796,0.009354313391452651,0.007850747747513154,0.006888617447376566,0.012850104540860219,0.0003474924925166434
2022-01-17,-0.012805197196149698,0.005320554959289625,0.00039540101526425175,-0.009367061645031871,-0.0017994125686453533,-0.0029528009909947084,-0.004378255583686874,-0.01631387971502385,0.0013991599304108426,0.0018880774510026122,-0.012745323198595893,0.006319798165132839,-0.0061355371615287035,-0.005206216337592995,-0.005935873383081103,-0.0055111124707465375,0.0003474924925166434
2022-01-18,-0.01445119953380225,0.005343585865967837,0.00515132972303789,0.008356207232497637,0.005425807170038155,0.0018973996336351107,-0.006580834891292797,-0.006372082975801607,0.0028630761953716277,-0.003913526201273609,-0.004421766710514308,-0.0021345541415173086,-0.004261213677513753,-0.007776739509272268,-0.006005375321767259,0.0034663621588211235,0.0003474924925166434
2022-01-19,0.0051647353576571575,0.016546457887749444,0.027797394709370593,0.014228357350402066,0.016902579345377866,0.017183563532523927,0.022306760196182607,0.014710496292166697,0.01735128066064684,0.020397291476846435,0.016801887882609945,0.01592837778736489,0.016892046836146424,0.01967147409454406,0.02076605707596335,0.012878412155171493,0.0003474924925166434
2022-01-20,0.010811145100460218,0.004620035743280626,0.015940412578192564,-0.004683896090774797,-0.0020896400697872908,0.007862736537710413,0.023903127621629272,0.014868358025345918,0.0005930557188620345,0.015241437264581048,0.011878852237617199,0.0003649102371678925,0.01268215777774273,0.02018054856702678,0.0187016794029784,0.009204325343294961,0.0003474924925166434
2022-01-21,-0.012823848389253212,-0.002786842908004239,-0.005657423347172119,-0.026665706995030125,-0.009027477093934477,-0.009668142409988367,-0.00015550682465270693,-0.00030863124106050854,0.00038815855253604425,-0.006842617348880475,0.0020313744255804345,3.424866338508359e-05,-0.0006977149634039836,0.0010784128230756362,0.0009967215275374919,-0.0021594413599533846,0.0003474924925166434
2022-01-24,0.006497605687795671,-0.0006435154258925824,-0.0029937016723100562,-0.0028011375904423153,0.0020828443870648528,-0.00048671388319732056,-0.013542508360130823,0.005820782310554495,-0.008926726187630574,0.0012916573235963735,-0.00042941345376601436,0.0029818410760023006,-0.004969418892110999,-0.009078306323049845,-0.009148089324851894,-0.00940867139976842,0.0003474924925166434
2022-01-25,0.017861024684037385,0.010892307443706839,0.025770449042435528,0.00023320463078935205,0.00916407231904559,0.014609514207837737,0.023425836277952916,0.018615103093881036,0.015745819100590364,0.03330090076720982,0.018066695202989314,0.014825500704440664,0.023708768280246817,0.025192332201992684,0.023337448992586385,0.020675368648075176,0.0003474924925166434
2022-01-26,-0.003744170262134805,-0.004272043255101332,0.004527257553939457,0.004118234991408842,-0.0014974620180125964,0.0007932420764005244,0.011606778542558205,0.006633090392248686,-0.004635065574032815,0.0027921189952100356,0.006400153420470067,-0.007218768427180944,0.004837310252995053,0.006347076550342168,0.004071396881391243,0.010045791432520046,0.0003474924925166434
2022-01-27,-0.0021331537398169287,0.016702424379751335,0.003635926243680254,0.0006551187549135307,0.004074129478113697,0.005433043442319763,0.015641060718458055,0.0003181129651610437,0.013112016933220616,0.00863285921805046,0.011606793759029177,0.0072585838648320244,0.01148237235299443,0.013036392120338913,0.01554328761144208,0.01132527542243289,0.0003474924925166434
2022-01-28,0.008090962192637496,0.008071237890899141,0.01135896091853228,0.0010607831440236914,-0.001207872623054218,0.007147751567900151,-0.0027521228216961235,0.007715729762216128,0.008848616763545536,0.012878987747757309,0.0073281946805257014,0.007796139292625792,0.009343587562550715,-0.0007285975710702441,-0.0024354913165980374,-0.006623331461936499,0.0003474924925166434
2022-01-31,0.014721247252654335,0.016036876689919488,0.010159082860076163,-0.004723847697133854,0.0005146247478224897,0.009375128652443276,0.015226833038971543,0.014489819799982762,0.011139768719885312,0.012565583911900546,0.008606128982828531,0.010443710243509097,0.01125030203540689,0.013988956528538932,0.013853428650454358,0.0006417448429199002,0.0003474924925166434
2022-02-01,0.01649500206543375,-0.0053332349732592155,0.004015341344142165,0.03641889246025243,0.009707242455326837,0.009027726926166268,-0.0017433149300939421,0.0015195763843351973,-0.005689597357383724,-0.0049062446846830365,-0.002085996823094738,-0.0015611616442695597,-0.004761036202001745,-0.005958816918252285,-0.004771560554749699,0.011727804526135754,0.0003474924925166434
2022-02-02,-0.014540662939977245,-0.008028469891041778,-0.009692254360787023,-0.007634341746095785,-0.006805753571971218,-0.008447681914043992,-0.015426641531284369,-0.0038847440741885952,-0.010246554669279151,-0.013821600372696197,-0.010472634807233261,-0.012388701966373872,-0.009512696794258368,-0.01558649128674272,-0.01658680330418183,-0.010972012954936772,0.0003474924925166434
2022-02-03,-0.029654910152705716,0.01148036563895971,-0.004238136971632889,-0.015438901148964845,-0.003717529381883189,-0.007358927380422875,-0.004244332156565944,-0.010154696494461879,0.008444238173882512,-0.003265567126980229,-0.005083878958199839,0.005769524829178474,-0.004011283034511259,-0.002098050667620144,0.0020235590517414526,-0.0017225943863861115,0.0004016754138975731
2022-02-04,0.002377945848751839,-0.0054823987575489674,-0.004859103633367723,0.016500039131351674,-0.0006513050122143316,-3.293118950231655e-05,-0.006805668991779146,-0.008434284261190972,-0.0059961649028276165,-0.012894043098237828,-0.0055825084805386505,-0.008598258081794152,-0.007593100103408745,-0.011214743901567736,-0.009051516610495858,0.0056759698227812905,0.0004016754138975731
2022-02-07,0.016054571271751916,-0.0006194558135422801,0.0025896993425884585,0.022995352027489036,0.003044663547221882,0.008208952816107118,-0.004441630611897618,0.0017746550578323639,-0.001657938263111336,-0.0073077820399141125,-0.0033655570765421805,-0.006084017384296203,-0.002451100716327703,-0.005054072283409261,-0.008497176605232193,-0.0012645461840367078,0.0004016754138975731
2022-02-08,-0.0010879600793428645,0.00041282455280322594,-0.002183306281887898,-0.0011299946694477425,0.002565868213877165,-0.0006291967949942912,0.0025607673725434044,0.0017521406634648518,0.0027539592425240844,0.0009532781442724847,0.00016137763783330428,0.008311792828177511,1.1953235958594988e-05,0.003667412762534683,0.005183378343061262,0.002330544683015079,0.0004016754138975731
2022-02-09,0.0006712819214311772,0.007993545482598785,0.006456231442733884,-0.001961650664621284,0.008706902615192913,0.0054163169274839,0.010019436653792457,0.01683718447724103,0.006411322666275865,0.0023983639469791207,0.014520682052951539,0.009616982029515109,0.01103982925215341,0.010359127139650814,0.008395805347315433,0.002323254460927293,0.0004016754138975731
2022-02-10,0.014152709343284053,-0.0015192798419171316,0.007365444893889572,0.013334840005845505,0.005782673787817938,0.005893707826586381,0.0030159557182976027,0.007339117213162938,-0.01015738994721238,0.0021018356768360835,0.0028207715088321983,-0.0001655018693369481,-0.0007193050337395146,0.002649242980634403,0.0023473674032852276,0.008877110183336478,0.0004016754138975731
2022-02-11,-0.030024161084509005,0.0011553852125456565,-0.008646556005583395,-0.02931021073576845,-0.0020501162036831166,-0.014321335831347315,-0.009549900069942496,-0.013572240325006146,0.0006616568637893838,-0.006404384806535601,-0.005260881945913565,0.0032045387583505835,-0.006420724746111439,-0.009657996293600202,-0.0073015975091504925,0.0013353440947727613,0.0004016754138975731
2022-02-14,-0.006524913793031217,2.6387481816492198e-05,0.005706315628386749,-0.00615129414394,-0.008666072954083281,-0.00032471307055592646,0.005386480816261363,-0.0014599396765078154,0.002309334638531668,0.007361099845792252,0.006056471924438478,-0.0022336411481702623,0.0056066274082324785,0.006162149755037705,0.005743884301759206,0.0022192514467129776,0.0004016754138975731
2022-02-15,0.01972026787489778,0.0025205350531820603,0.011386850077497401,-0.0042593173879441615,-0.0042175189721535,0.006388350516900232,0.020786969986607895,0.00697110632443354,0.007167179516717415,0.022608332648209828,0.02011773042807996,0.008042519473994592,0.0159489766599894,0.019806124460605368,0.01873008971871326,0.006423770512125282,0.0004016754138975731
2022-02-16,-0.0063916816739088,-0.0007532032769770325,0.005338471820129476,-0.004393086393624346,-0.002875162595307401,-0.00039906485068363917,0.002759942265737614,-0.0013312668941914962,0.0016329683806162176,0.006691536465123882,-0.0026578622982588174,-0.0018330673270671172,0.0019293725896420977,0.0040738752798448186,0.005129245392372805,0.0035404406270753697,0.0004016754138975731
2022-02-17,-0.006043780521789444,0.004887071484749983,-0.01613303829599466,-0.030844068080696396,-0.007411150966713631,-0.01046228212311029,-0.009752716653218307,-0.006566463350447749,0.0021700027491715623,-0.007338601429066061,-0.006521224382739721,0.006109156127839466,-0.006719562835723725,-0.00824828527106003,-0.007923257368262382,-0.015303675560049412,0.0004016754138975731
2022-02-18,-0.01575038550784036,0.0005600914890389053,0.007691539984086226,-0.010951064338921679,-0.0014313608023088786,-0.002360937743539848,-0.008213998869475936,-0.012094040965279551,-0.002401248206787332,0.012607242099965,-0.0082505086128708,-0.0031150143129065055,-0.0016830126308285953,-0.005967661315389949,-0.008102781417762217,-0.005574838378309077,0.0004016754138975731
2022-02-21,-0.026250306224274045,-0.006735703061428899,-0.018869560744087632,-0.007960093733703988,-0.0063851402038559435,-0.015832869786477688,-0.02093228447069806,-0.030238963853599254,-0.008108561945113668,-0.025259983085902382,-0.01647593047064133,-0.012680667988400285,-0.021005952057650545,-0.024609932227868336,-0.022818255669938226,-0.00937428652288086,0.0004016754138975731
2022-02-22,0.012199892460305506,0.005047903195568804,0.011615914116386739,0.009731097172026137,0.0068744540492535755,0.008818128567219308,0.014678215431791042,0.01847851149653401,0.009823488456537355,0.005513998131423392,0.01367082926660701,0.004979596422452159,0.012004543344958707,0.012761241326238792,0.00887215913736994,0.010510790935083225,0.0004016754138975731
2022-02-23,-0.022863172796769415,0.00535341276798218,-0.0014763680549256808,-0.03614335050657924,5.517125198806205e-05,-0.009027391790547012,-0.009502649692675225,0.0026240617080484085,-0.001162896283051551,0.00965191138026178,-0.004700605936150293,0.005467747116806976,-0.00043629143441359375,0.00024527776510430144,-0.0022748579564643157,-0.006916164913393197,0.0004016754138975731
2022-02-24,0.006702084981189849,-0.003007701041944033,-0.004507574722478647,-0.003725579999780626,-0.005033291362125825,-0.0015925823539085782,-0.0013965007605515334,0.01003785535590107,-0.007365970348890638,-0.014351158734540403,0.0032965138962668394,-0.004051467061521263,-0.00397207646107578,-0.0007186503330918192,-0.001047954052495137,-0.003925759648142568,0.0004016754138975731
2022-02-25,0.005050005825094628,-0.0018159282426362111,0.004301984755519239,0.04030108367848273,0.006191051593742891,0.007465324499722703,-0.0005765115637639262,0.0007392244212183208,-0.0011698772598396356,-0.0004095908280850047,-0.003094765710634384,-0.004836528140551577,-0.0003110384367979169,-0.004452174046907342,-0.002022206319259201,0.01517846121013422,0.0004016754138975731
2022-03-02,0.03938637256557498,-0.0012313347002579356,0.00917753997920312,0.0632758138504026,0.02808212639106822,0.020733066499613484,0.011221936642684005,0.007728520337777045,-0.004494874319968534,-0.0019472588548745673,0.007570585628269733,0.005843669218112524,0.00122746716873956,0.00043884135432326055,-0.00016840595613831777,0.02065038958041132,0.0004016754138975731
2022-03-03,-0.0011879051520460315,0.0006864019732646387,0.016560790728517016,0.01972381776014931,0.006520583381904643,0.008477723320662767,0.0017306144078241825,-0.0021330455376884494,-0.004933884928130405,0.014603583683752142,-0.0002920879651674424,-0.00483081951052533,0.0027553254966743435,-0.0017311437995648493,-0.0017223767712770677,-0.00011833098387770136,0.0004016754138975731
2022-03-04,-0.008533863338963665,-0.005431044185778999,-0.008637242449784255,0.021210749824912778,0.009649233933431534,-0.0040276723093812805,-0.014883290134245164,-0.01693851503381838,-0.01020610318986137,-0.023492623048200767,-0.0179063498255273,-0.014521417699860373,-0.017426029180323765,-0.019598362683846737,-0.015255999259787378,-0.004808320500845564,0.0004016754138975731
2022-03-07,-0.028463230935488748,-0.016128586244966603,-0.032705761200454986,-0.011683778446274884,-0.014769618080266333,-0.02182903505537226,-0.03475475910764847,-0.03259853092111864,-0.019585069510106412,-0.0409482310650815,-0.03090216929418066,-0.016842390220843995,-0.03376909187560173,-0.0386165928125457,-0.03834121860629636,-0.023186742362133805,0.0004016754138975731
2022-03-08,0.004248821145073078,-0.0017803775502944763,0.008249045350729789,-0.017277515018439216,-0.002143357306386706,-0.0012844351737014703,0.00785833723151419,0.007542484747764533,0.006347814719163125,0.010365254561201631,0.006335893123573522,0.006305077382481983,0.008831502086243281,0.014984771738272284,0.012790891482892697,-0.005035570376661247,0.0004016754138975731
2022-03-09,0.02387495866597944,0.025868703672373927,0.02336344343966701,0.011510281135924894,0.020119657299705773,0.02199318619014412,0.03547700003934229,0.03437907507401339,0.02805329448980909,0.03958670816655663,0.03230281608433749,0.029845544095128185,0.03548869559502443,0.03971090867609828,0.04134970334787047,0.02150536287324467,0.0004016754138975731
2022-03-10,-0.015124364968796544,-0.0009072187841687729,0.0010506455023249206,0.014834999275784355,0.007980391788798613,-0.0008950149403549323,-0.011103932156888985,-0.010536655131504147,-0.006645969004317465,-0.011003303206504667,-0.005586150621956221,-0.00866033634997676,-0.009503529598431038,-0.012907674267924052,-0.013427573391170622,-0.00019602179991340396,0.0004016754138975731
2022-03-11,-0.03682558839597383,-0.005698342323095962,-0.016425408155006926,-0.02716587808971027,-0.01241327094396627,-0.01931623164703511,-0.023206778318648702,-0.022533132759067986,-0.004847278787289078,-0.019323358327312024,-0.019349205519557544,-0.008531796735972597,-0.017408245478355955,-0.018973352481244432,-0.01660415711531782,-0.016582525002279525,0.0004016754138975731
2022-03-14,-0.016942158124823248,0.0003564737434751386,-0.013647360162361566,-0.041996680990349367,-0.013367053971303,-0.01589001114881483,-0.012037073436174217,-0.00020081466777333024,0.0017319145361129884,-0.0066039440495204715,-0.001002023303724675,0.003024748287868695,-0.0033452974059998697,-0.006747249778446429,-0.006782450444580368,-0.017662725147149616,0.0004016754138975731
2022-03-15,0.011534641123483791,0.0013532059744498781,0.002853250154306597,-0.02038176412661008,-0.009121663953925108,-0.0008989985095522179,0.0017845890892795868,0.016738424173343924,-0.0029875322403357663,0.009954810760216315,0.0010700918092776401,-0.0011353454169711341,0.006639078796180975,0.0041304328578082306,0.0006644969192790562,-0.009525571071857919,0.0004016754138975731
2022-03-16,0.016654313199740534,0.009694832781514728,-0.000738900551327859,0.023167120150404452,0.008725198933062117,0.009709770778307591,0.018089295118801196,0.006889942272161997,0.016645766279546725,0.0029538123162100582,0.012558116391424345,0.009175535060734541,0.011343803780984762,0.02063912507190957,0.02327303142819992,0.019478149764864172,0.0004016754138975731
2022-03-17,0.011532844853980206,0.020596993526434737,0.017201905711018872,0.04024493211689384,0.02479975347976726,0.021366670680935895,0.017939282556816538,0.019622612830948682,0.015751424584661944,0.007916680614448612,0.02608550488416239,0.02417443040980305,0.015615452774846439,0.017801846743095373,0.02032464197149042,0.017541690305616697,0.000437392423015881
2022-03-18,0.014966798200570341,0.008347525942056455,0.015970419779426148,0.020338841228998872,0.02000032348202274,0.01406055224016245,0.02622043724301726,0.011442586492795392,0.009413749683501615,0.02673662169948976,0.020000089099380336,0.013634018616746069,0.018834487006940792,0.022645793176822027,0.021681705739386326,0.01939288159415642,0.000437392423015881
2022-03-21,-0.004599164644109255,0.010079146818252616,0.007310863269177625,0.005283062549006345,0.015166976658653741,0.005730570864440843,-0.002149556074167891,-0.00015251186823317386,0.005976972314633455,0.010105688129345536,-0.009659121340166,0.015055711095724122,-0.00011910242067425525,-0.0025194712632214955,-0.0026675991342884897,0.008419798649785148,0.000437392423015881
2022-03-22,0.03160076375400389,0.009608999399290497,0.014874991068885679,0.0037433753190176944,-0.0016868761786712483,0.01283581057773242,0.020311786135112975,0.02285829142910001,0.015152636843175582,0.021005910293087515,0.01562702027731655,0.009187938379519034,0.02006362035119702,0.019988597755690618,0.020529315831133044,0.008179991059834357,0.000437392423015881
2022-03-23,-0.0025155225995074915,0.0025758331016259017,-7.396610760623812e-05,-0.003729335023747282,-0.004452483986250755,0.00044255668548953686,0.004631737107531064,0.00036568865247277316,-0.0028558532683269355,-0.003349162632967695,0.0023089606053832146,-0.004507774644624707,-0.0012717621328051099,0.0011079914619707143,0.00047889853337323984,0.001616921231729851,0.000437392423015881
2022-03-24,0.02286053975065916,0.016598761292120123,0.020551662295430262,0.014895683764342582,0.013525811521303499,0.01878113225414091,0.021369292215751567,0.02670819890972731,0.017542218159042777,0.02730712281270975,0.016246393089911715,0.01505147721843425,0.023217175394369516,0.02582713509940948,0.02452659866440854,0.01329981164387295,0.000437392423015881
2022-03-25,-0.0156860019401307,0.005198752886812041,0.016131710501555263,-0.019869607512436827,-0.008221208654633383,0.0004741036064419557,0.00837621265158095,0.001789926928363661,0.001649650425312954,0.009016501386215792,-0.002032096880571377,-0.00044091949917424156,0.00308962131266588,0.006566692097649263,0.004941255932173316,-0.0004517372498776817,0.000437392423015881
2022-03-28,0.006262972929515165,-0.0019919775391821215,-0.001907715432274859,0.003966121118971655,-0.003912694567253738,0.0005157674847859894,-0.0024731640536551636,0.005301247299121625,-0.000657404876038381,-0.00760788459312034,0.0038167715658561363,-0.0037301914327907415,0.0001254698866413051,-0.0009865832634917693,-0.0029815070760259577,-0.0030464416323645604,0.000437392423015881
2022-03-29,0.03498922407828964,-0.00010534603802470066,0.009397869101486211,0.006875831314021363,0.0025160764989622386,0.010630782846924758,0.015244983887269248,0.015518787007226198,0.006846107854037609,0.01627678754267259,0.01324137713621032,0.007719975954668223,0.01295718111446309,0.016550675266922443,0.01373820620234012,0.009996476778868058,0.000437392423015881
2022-03-30,-0.009993300878185396,-0.00040222373994458493,-0.002080720982051476,0.005341209522662593,0.010688087779534783,-0.0002464050897632575,-0.00472277227128326,-0.005443480978340465,-0.005135204412579308,-0.005608573161513086,-0.004507830196904039,0.002557947182745046,-0.004640727286731261,-0.008462669601342676,-0.007494737684181074,0.002297486014498862,0.000437392423015881
2022-03-31,-0.01410087477516253,0.002621173004895949,0.0016619842851253175,-0.017102229863884433,0.006630026488720686,-0.0035988466339329506,-0.0035290811809652878,-0.0008345323633405233,-0.003643464369452065,0.005726891819652691,0.0020459106954984208,0.0027073665697197047,0.0006497587032714414,-0.0019849102763271897,-0.003279464807463661,-0.0020765658438112178,0.000437392423015881
2022-04-01,0.015850947001459836,0.017948023089187526,0.035114008064253355,0.008407446139685915,0.006570598559443086,0.02020707092055729,0.02296168803112586,0.018402003345175055,0.0191748223339554,0.025608967767998037,0.015384323376854026,0.01649085454085686,0.019680331118778094,0.02268594215265618,0.02106824625866155,0.013048822260394166,0.000437392423015881
2022-04-04,0.015948312480121185,-0.006203649976890047,0.0010646662810180896,0.010543539043878836,-0.0021399120926425264,0.0025727081121078577,-0.0012453452501918205,0.005549919080468202,-0.0023101309140822757,0.0003381659438850271,-0.0004528512435797438,-0.003416486542035857,0.0003852371870167737,-0.0034927343592580096,-0.006313559426904036,-0.001964608627765374,0.000437392423015881
2022-04-05,0.00033613933136700247,-0.005432610372109514,-0.021202070899201564,-0.0010642759229110288,-0.006030805699469344,-0.011432001619483656,-0.01711380185362399,-0.008265859651045093,-0.010029274998420101,-0.02395463233349826,-0.01410412636914482,-0.007006589806350938,-0.01766631807001129,-0.021122656950551155,-0.02081942714819429,-0.019941399749515698,0.000437392423015881
2022-04-06,-0.029448267221367952,0.000974724868619381,-0.006073530994127885,-0.018031178931221747,-0.0012623387163697153,-0.00998074530040216,-0.016586123782862727,-0.007759134490795239,9.367237962742969e-05,-0.0033348623858494575,-0.008947732951732457,-0.0008046945879630618,-0.005326403998224594,-0.010461141413501629,-0.010321996433849456,-0.004725107159486486,0.000437392423015881
2022-04-07,-0.005905274931455096,-0.002894343274272293,0.0046861083343061605,-0.006293313156411018,-0.00351181900360531,-0.0012112827032443318,-0.00147035007125218,0.0020079732349755908,-0.0072893851268500676,0.0017589576292009745,0.007755393963827073,-0.004320348984569233,-0.00041990424687932126,0.0018810493423455643,0.0020818180182633483,0.00571633691339879,0.000437392423015881
2022-04-08,0.0036227837048723455,0.0029791127573093323,0.003069109710085449,-0.004698119391774114,0.001740352318317262,0.0021338946548792315,-0.004986679363669588,0.001289364591429365,0.003284254555600441,0.009297727835614111,-0.0033695140431714288,0.003063397113219013,0.0035602281016255954,-0.0023871891771956033,-0.0073969012010987045,-0.005034527065877814,0.000437392423015881
2022-04-11,-0.0028486249804583474,-0.000807839894046869,-0.010920354487476303,-0.000987688067765502,-0.005648702485485657,-0.00483182924662684,-0.0103137636773597,-0.017713261189917118,-0.0020937116402958145,-0.004572990815014832,-0.016189150238150485,-0.002493341965975504,-0.011431558606166736,-0.011348214397609357,-0.01078527889532288,-0.011605758215801565,0.000437392423015881
2022-04-12,-0.019374554699766566,-0.0037684697697460967,0.009993692617430217,-0.006895862714082046,-0.005295558370323583,-0.0022743702117566933,-0.004948606572108383,-0.010078134266105154,-0.00465351187312657,0.006097858222161134,-0.006173101169630657,-0.007421329737179239,-0.0024392037386430365,-0.004021920080435781,-0.004921180142881343,-0.006735287161535597,0.000437392423015881
2022-04-13,-0.010449552189794487,0.001861798665039327,0.000890920913884985,-0.004627746307898084,0.004291049967809268,-4.0439983884033026e-05,0.003342725875746577,0.007960534507708061,0.001742951309436025,0.00098362778116301,0.0077750741746869245,0.004793316928876523,0.00534024426126356,0.005884762076820094,0.005286769164538185,0.005309927464318909,0.000437392423015881
2022-04-14,-0.010197333667465891,0.00452470554390727,-0.0022073646639387823,-0.011679727355505487,0.0034385281434381465,-0.003362402120332675,-0.0056175162525679,0.0014856649745953465,0.006458785432194025,0.0016248465288579705,0.003174198342153156,0.006147782670141266,0.0027714513365808546,-0.0018963915610628046,-0.003452012586006581,-0.005561272755994384,0.000437392423015881
2022-04-18,0.01021226844419365,0.005201025835908757,0.0014812098016758757,0.00119632692976257,-0.0050186206185640625,0.0034616179848969697,0.0004974897953660129,-0.0030936814474359364,0.004107185334034202,0.004197282402403246,0.0002189869083519813,-0.0007462427536714111,0.002030127946421434,0.0008288374861542547,0.0013415679050841067,-0.0047824462893566455,0.000437392423015881
2022-04-19,0.010881798441020774,-0.014140864809346954,-0.0036410106277346976,0.00533932791060332,-0.007581655017245725,-0.0028501413284561794,0.0006290806717399455,-0.005763493604583392,-0.008802313802501849,-0.019517412349649543,-0.010112107489352096,-0.016401476906080625,-0.01096776949832412,-0.005009447610995088,-0.005976632518219116,-0.006155201562016321,0.000437392423015881
2022-04-20,-0.009054842536800889,0.004921055695539689,-0.012875304391472553,-0.03163846607445653,-0.009149582253629385,-0.009302015190289059,-0.007232180349377004,-0.0002939302238157415,-0.0019268403745319462,0.0021480633272503713,-0.0004979470607962,0.00023039188164308833,0.00020949196828512484,-0.003687056771274233,-0.007007642067965114,-0.0068142183891919395,0.000437392423015881
2022-04-22,-0.03622232747008225,-0.007723637815435058,-0.030257439275501175,-0.04494634038347545,-0.016752092481851832,-0.02568473066259891,-0.024435216343082544,-0.027917694783529234,-0.005571075010519566,-0.01873486543511005,-0.014630808250634009,-0.004243163509896952,-0.017294974776932426,-0.021327988178515445,-0.018663393503336345,-0.029900960466368476,0.000437392423015881
2022-04-25,0.009969796366438688,0.007465758874817041,0.010809412695969467,-0.0009849199744466075,-0.0011871798024930547,0.007177624761810275,0.0034709370181309485,0.006319762791489492,0.004256902237036009,0.01335071802445631,0.010952019272328029,0.007916766580454926,0.008801777488939955,0.004374522029330974,0.003576744676080379,-0.003827772168741417,0.000437392423015881
2022-04-26,-0.01155088825236239,-0.00444543033114575,-0.018490906505713944,-0.031141457350250423,-0.005947625123130296,-0.013572218067859465,-0.021290955321656035,-0.010655298799010282,-0.008110418481280579,-0.012622878883904565,-0.017566128210455445,-0.0027730268085869314,-0.014130569700032236,-0.020415512961477145,-0.022043483995660695,-0.021515055038389908,0.000437392423015881
2022-04-27,0.017651456367465013,0.003760005623761886,0.012128967260904844,0.03562375040896071,0.023283940317060603,0.01455597851306778,0.006110442751199541,0.013854390038737563,0.010617959270662336,0.013183035758102424,0.014793262297597032,0.01590781966540855,0.011989707106173864,0.006641443320850593,0.0030387774425824077,0.011799716784312908,0.000437392423015881
2022-04-28,0.0086010181624252,-0.002698170796089361,0.018977086436605006,0.020096136404561094,0.003831540225108787,0.010722854004295401,0.006010292873877221,0.006307888076232615,-0.0026523857361968606,0.017214520522304655,-0.003271747830098204,-0.0006373302807994863,0.006104980401239413,0.004497123657298596,0.0013885534894952922,0.005881373811999824,0.000437392423015881
2022-04-29,-0.023710922036030868,-0.013663151080525293,-0.029439832012954525,-0.021510617693773937,-0.021002018036895387,-0.021912940657070834,-0.022196646986137436,-0.012140944966055778,-0.018833944079552967,-0.030941794431057046,-0.0188027107246026,-0.0161337447816291,-0.022131360959485424,-0.02456649540100664,-0.025921175948305564,-0.01834498340327051,0.000437392423015881
2022-05-02,0.0030560873162679414,-0.00958631828241796,-0.010318808225139864,-0.008939421325555141,-0.013308964915413668,-0.008663007578573745,-0.014813869396489543,-0.0051965290204759595,-0.0034723889006195163,-0.009828431531538562,-0.012412302317008184,-0.007305951553831291,-0.00994212117902582,-0.012611412119889698,-0.01129256867957984,-0.011749993616368526,0.000437392423015881
2022-05-03,0.010929480957399207,0.002523422079417248,0.005625757401409359,0.012370584020273911,0.0016769480808942472,0.007126521545121722,-4.777300609526414e-05,-0.011871674669729382,-0.002519796618493886,0.005483026949004266,-0.0074685638493108275,-0.006570359265996917,-0.0023489040013019435,-0.0038929447563760267,-0.0036620656098746984,-0.0013181822660691678,0.000437392423015881
2022-05-04,0.015731339312615056,0.016027972663565482,0.01620898277651639,0.012942661406530442,0.007597995166733762,0.013079849323808013,0.022421254414217273,0.012940197011428234,0.018222039133150236,0.020789892922951747,0.011574138446059923,0.0057168639820281975,0.016379718618484196,0.01967089166634528,0.018914534747568323,0.01665798777646832,0.000437392423015881
2022-05-05,-0.03637229686296828,-0.019595387517356455,-0.02632001149951313,-0.025812819670991582,-0.009457375498899467,-0.025973596540837418,-0.033901084671791204,-0.02835289873619118,-0.025186958144499894,-0.03125546907928056,-0.03504454345582508,-0.02532348008630103,-0.030295841555634695,-0.03318091614112084,-0.034337975822432476,-0.0276519620000647,0.0004727922107445881
2022-05-06,-0.016446220010918555,0.0016595292272696405,-0.014397250260596683,-0.004937162973154052,0.0014119131647276628,-0.007080745503083241,-0.0112605801622222,-0.022931322613647498,0.0002718009507207686,-0.016201782091263883,-0.009693881154177686,0.001999454517651378,-0.01323650914888208,-0.012297618317165582,-0.01039979566128546,-0.001452103431817009,0.0004727922107445881
2022-05-09,-0.038707201924102375,0.004596268625113531,-0.010208800093764125,-0.03176916418890352,-0.01059782187838354,-0.014465875780367399,-0.01849747378138744,-0.017672401633805457,-0.0019696387619320133,-0.00967534317258878,-0.0034253392304706143,0.0009116023726047917,-0.010551205988602375,-0.013105427566524552,-0.011981474909295686,-0.019450321351107247,0.0004727922107445881
2022-05-10,0.004958381183427063,-0.004840383001946558,0.0006933003226401446,-0.02211212799772,-0.017595578352562757,-0.0060834991200935384,0.003938749545602027,0.0006466592278244754,-0.0004244634748977738,0.010532722636726444,-0.0066313882249776634,-0.004510004852327221,0.002001549754161669,0.005284725320535033,0.003404995576771208,-0.0014336786031906579,0.0004727922107445881
2022-05-11,-0.004266735737645466,-0.007493970444158893,0.011522956863769807,0.01622467006170547,0.008663412415684357,0.003932359847974576,-0.003611350563861193,-0.0018901053053426153,-0.006637294265841476,0.003961321612487412,-0.008285268476765695,-0.006440940981634058,-0.0014336179353722223,-0.002070445955191902,-0.0013845949024423598,0.013620332522040313,0.0004727922107445881
2022-05-12,0.003658889866503978,0.014136479175134165,0.01527962901611346,-0.008123816346270685,0.01206859799688309,0.008546853427531698,0.015974560957012773,-0.001872070332455178,0.016500492490200136,0.016447896883366564,0.010857376157466625,0.01499893394115892,0.010594292189280097,0.013382482443955013,0.01382070706322569,0.011877633872920512,0.0004727922107445881
2022-05-13,0.02933971500759247,0.0070345089147980655,0.00491335633172163,0.023017456818392068,0.008806694761021916,0.013062783176141846,0.01764474584554998,0.019633643856513894,0.015503641218878927,0.012652557860038716,0.01630815968602839,0.013624157072811505,0.015862382790331475,0.018337136954049704,0.02037100893624233,0.01113086451646006,0.0004727922107445881
2022-05-16,0.0070798583981628305,0.0005748377624548162,0.014486663853721327,0.010829479461020863,0.008659807573857536,0.008479338056424313,0.009197413865595916,0.0010969016890942651,-0.005710487102715378,0.008347103456013194,0.005603302694487056,0.0059126820053141405,0.001103650193646999,0.005109351239030113,0.0077010536324400025,0.013356729812662005,0.0004727922107445881
2022-05-17,0.005646388451536977,0.013930384655594485,0.020980054803440673,0.008342535837521092,0.00884522286995204,0.01433609609202069,0.011737901212269808,0.01669380992451308,0.014129144235635493,0.02137228526009216,0.0203086742405314,0.016556096033964574,0.01928078108596898,0.017650404334427217,0.015301453410712096,0.005126611104995238,0.0004727922107445881
2022-05-18,-0.030774864248194755,-0.008799929096656833,-0.024977951273241206,-0.03910534863952586,-0.01816668027787194,-0.021969823684812817,-0.024071319129100988,-0.01833412167217774,-0.009067325035443274,-0.01762280843590114,-0.020246370011351655,-0.0095683180570042,-0.016127159666148527,-0.018381773654879474,-0.02008140049153806,-0.02345547242099122,0.0004727922107445881
2022-05-19,0.00014777318723435684,0.0048458753005184985,0.009573175687533908,0.02408211812293093,0.010816881056832539,0.008988578074317966,0.005932540319600443,0.0035027012110933065,0.00682371226086631,0.010606173140780273,-0.004856640404259149,0.007947985803950397,0.0036454647262651463,0.0034631610623803155,0.002293813844009396,0.00754372835628625,0.0004727922107445881
2022-05-20,0.0015327487037066767,0.0027214185098722865,0.012289232157838947,0.019008736145929905,0.014745896972065298,0.008406365056116138,0.009618150132834957,0.004876678124340783,0.006184141217594252,0.009036607358995363,0.011683237304646266,0.009595030280116212,0.00833240678801861,0.008548898969401142,0.009214107588172427,0.013728619559779665,0.0004727922107445881
2022-05-23,0.0082985948011427,0.007338802942502554,0.014973958556795397,0.021280840635290232,0.021757768558681834,0.012765937302231078,0.010263951490369294,0.015261045807782203,0.011061649342978264,0.018999981600948068,0.006689767127233237,0.011806597715229072,0.015384189681491911,0.015197183776403556,0.014537937578365856,0.01729063379684259,0.0004727922107445881
2022-05-24,-0.004620992456781492,0.012793875514448771,0.0005832248084334246,0.0062312278558509515,0.009630000877530298,0.004902253365428821,0.0008889950540369451,0.004054008027505773,0.01535217074824069,0.0032602157006349497,0.00417317643805859,0.014511366342841336,0.004777656830627253,0.0013130271642018965,0.0009185650344045726,0.0021467907034629086,0.0004727922107445881
2022-05-25,-0.001369174272240703,-0.0013561561580069936,-0.0028606083981311814,0.0013502472760353879,0.0006579823155670184,-0.0014214722354708442,0.0010703338014286246,0.003955315827155692,-0.0005657054207838241,-0.0007249140385056085,-0.0032865280988341183,-0.002464676663043175,0.000994796067146364,0.0008495898921461187,-0.001660242612337548,0.0007035040032778994,0.0004727922107445881
2022-05-26,0.007656532210143618,-0.010858678487343676,0.0163928285473125,-0.00033991637434771516,-0.010613966829156496,0.0036500249851372235,0.014943530245295822,0.013333326874739093,-0.00513577314808622,0.012294557199614475,-0.0021135518799326736,-0.015663085590738368,0.011066457485595205,0.015543798245940321,0.014749755563540967,0.011366761350985133,0.0004727922107445881
2022-05-27,0.004907103134141666,-0.003860565069993438,-0.002773462575977881,0.008966875444861078,-0.010247922872029025,0.00014674435645956052,0.0010790524958190773,0.012829212180963667,-0.006690064965054421,-0.011677168646963776,0.0003363650451559952,-0.010778568577562764,-0.0001484026361705526,0.0015636980994870875,0.0009964752775306618,0.0005661449493841175,0.0004727922107445881
2022-05-30,-0.0021239121194238653,-0.0008847489848297085,-0.010963726386201689,-0.002997373696235872,-0.00946713583466452,-0.005398233162620447,-0.00990676380259825,-0.0019670409229531893,-0.004129352300095923,-0.021135981712210317,-0.00844361281376238,-0.008895000151401322,-0.011261930080103011,-0.01192224758858862,-0.01178125694164478,-0.007400143322769059,0.0004727922107445881
2022-05-31,-0.009868688506300849,0.0015223699232276289,0.0002725161363088535,-0.004525689010001943,0.011362644272366218,-0.0014029691552523982,0.00036455309956240356,0.0010902207659420071,0.0006744040773463134,0.004069666032000097,0.0029543122395054855,0.010022989653975412,0.0029179109763493027,0.0044917748675934455,0.006238362041453893,0.0023646384229580875,0.0004727922107445881
2022-06-01,0.009194892218343798,-0.003930066374853158,0.005884759037409815,0.015476200311545618,-0.002126440448396494,0.005400992441751962,-0.0012434056656501769,0.003059712376666468,0.0016850404562316346,0.00949842135804091,0.0025266550252989184,-0.005618000823854996,0.007082994644694196,0.0007157800785078106,-0.0023276401755105702,0.001047679258382228,0.0004727922107445881
2022-06-02,0.03614270536787911,0.01231853715341602,0.017280763747091088,0.028457801999379306,0.02050391026950016,0.021568636029814847,0.013628012598114081,0.01792444517647218,0.011493022436487754,0.008902610416553491,0.01961760602981122,0.01454118449369668,0.01248712095758897,0.012034814850241826,0.012677088084476873,0.009338416456184495,0.0004727922107445881
2022-06-03,-0.014405319030808106,-0.01580727723883435,-0.013461722312222202,-0.011871532941270413,-0.006994398841425276,-0.013797502907267334,-0.015530795547936127,-0.017744177160945895,-0.016302444505221225,-0.012204778965918317,-0.012383312509713473,-0.015420060247360756,-0.015055900653013321,-0.016538857600282175,-0.01604243041319431,-0.01129843170465239,0.0004727922107445881
2022-06-06,-0.022774748810293066,-0.012168374818630534,-0.005652697242523819,-0.007476265332115761,-0.0041329891902015525,-0.012676851628234287,-0.015525146215730867,-0.016047635863188914,-0.013331206214235003,-0.006891501913782516,-0.012332197581328641,-0.014140404500093351,-0.01132078141600612,-0.012981849478310381,-0.013035975853344484,-0.008069365995772237,0.0004727922107445881
2022-06-07,-0.0252808814144464,-0.006383949629478192,-0.008165454430356545,-0.00395141646792585,-0.004855377223422219,-0.01034744957215672,-0.011507332439427365,-0.023015503439635543,-0.005943639775607301,-0.015612135364946766,-0.010830830760060084,-0.00768989523259811,-0.015171604166920982,-0.012776189019463757,-0.011510407150787771,-0.00044000472158922665,0.0004727922107445881
2022-06-08,-0.012639617111423918,-0.004101986542243807,-0.0036202923863487557,-0.03050551818820446,-0.014735100879065488,-0.010645516398445354,-0.011286097684676588,-0.010447793167883912,-0.0072899670913554315,-0.004121393953820385,-0.013727513403587355,-0.010013288902723128,-0.008860076278146112,-0.011194105183325531,-0.011724059487587812,-0.015984493164438285,0.0004727922107445881
2022-06-09,-0.006284496744595303,-0.010201640565419279,-0.007379087874048507,-0.03107214878569997,-0.01627031844305138,-0.013169191371699474,-0.008014242823028095,-0.00045181185375631205,-0.007683480243675045,0.005658216573219965,-0.008730901188677254,-0.008539468902469594,-0.0012553179062885222,-0.002511320577240128,-0.0051129775253419,-0.012528569582027527,0.0004727922107445881
2022-06-10,-0.022703644248224908,-0.015546684474177286,-0.014649782861014815,-0.00640719738476625,-0.00842655722161878,-0.015502282046996774,-0.019479922061899746,-0.016472585203267776,-0.01771238175660328,-0.022633900344935398,-0.018637690302652832,-0.018273766420174198,-0.019271316725510412,-0.022164675637894038,-0.02236168551349149,-0.014607218776136022,0.0004727922107445881
2022-06-13,-0.041754246695938524,-0.006377104787635757,-0.026570685408842443,-0.04187744060994825,-0.022475112306837186,-0.024879743402104748,-0.03242592607260053,-0.04280108926278392,-0.011712268724856423,-0.016398951819259433,-0.024445808830425908,-0.013967692427637068,-0.024117270129564994,-0.030462979429195958,-0.030987640442790454,-0.02739809291750117,0.0004727922107445881
2022-06-14,-0.02449282798634589,0.002453024558461747,-0.008243683597196738,-0.01812795897657249,-0.0076434648446931375,-0.008368677550196213,-0.00986697085038346,-0.010783719261638014,-0.004096253661638682,-0.0031649126257463633,0.0025910185606368152,0.0011671056480575537,-0.004676616431503633,-0.00839114819123632,-0.010532325079450344,-0.004847584366284741,0.0004727922107445881
2022-06-15,0.018461493065106138,0.008726914523237816,0.01983242005980901,0.002274673788907222,0.0028098696081952923,0.013061023958138351,0.01776587333172519,0.009075945927019324,0.010643418793831794,0.027139582344244628,0.003971420757777455,0.010332395301859032,0.014620134068099588,0.015431873752810299,0.013013979692267696,0.006842878690478615,0.0004727922107445881
2022-06-17,-0.017340218392051576,-0.0030858623244850447,-0.015386026319996748,-0.05063465178864213,-0.03462280427829456,-0.016105314863142817,-0.017157100720723184,-0.028513646916975444,-0.01293495060057459,-0.009843017153844724,-0.02351978439245883,-0.009295758478410798,-0.01805810510388839,-0.018154151680036423,-0.019544301330060243,-0.030449061799014188,0.00049037490119197
2022-06-20,-0.022084898298229017,0.0035610052106918033,-0.01195705362670807,-0.005119378500634153,-0.0022387521364974905,-0.006598857370801459,-0.0063685542676148454,-0.016803949282661934,0.005760996297709209,-0.008510036819759703,-0.0025795376974075968,0.0036972394621357374,-0.004360786856779764,-0.0030678938700519076,-0.0019694701069228326,-0.0007644943377591584,0.00049037490119197
2022-06-21,0.0013917368067242197,-0.004421063934846536,-0.0036729930722224635,0.007499701213733001,-0.0002124789313815434,-0.0017156044446541285,0.00021647539163272,-0.0007839266500578868,-0.0034536234587515535,-0.00661690354432154,-0.00048405969731279974,-0.007941460480059837,-0.0015581096657565352,-0.001520881416330111,-0.0006287350597609098,-0.001318754999762417,0.00049037490119197
2022-06-22,-0.017753719602853324,-0.0021627542517523857,-0.0012367662446524097,-0.02164982376425173,-0.007324049415226241,-0.007097113569929259,-0.0020871501406648507,0.006746634429734888,-0.0024996118839198944,0.006084790713131616,0.009254047331308524,0.0004693482936546367,0.007198742835688776,0.005576684502748064,0.0053258086820024975,-0.0021754316872253376,0.00049037490119197
2022-06-23,0.0004366041392942499,-0.007373992672175977,-0.004822776124478567,-0.015647415008024357,-0.012698666808593106,-0.007883185878019061,-0.0053341213946880295,0.010153826749215833,-0.0049598525956118245,-0.001378853640479294,-0.0018349197832984165,-0.007648327914689723,-0.00018752829715373842,-0.0003582250288993727,-0.0011772432680273726,-0.015335695189050313,0.00049037490119197
2022-06-24,0.006558513704989055,-0.004851457633278766,-0.00023124699556287265,0.028989027214674223,0.005000712574080746,0.0033760481442051127,0.0006173930911437253,-0.004989270010827718,-0.0025662277579392434,-0.004580473257901785,-0.0036487699140089758,-0.006784244120475291,-0.001833795770753488,-0.0016219295010798662,0.0009801245626659405,0.006442210856250297,0.00049037490119197
2022-06-27,0.015344304452389101,0.008348654304313863,0.008047968556111007,0.029910355204617156,0.019830106556563143,0.012662061560812843,0.009956970438210533,0.012014196394463328,0.012407239228414024,0.003158095602313171,0.01030539907023309,0.01296798885994721,0.00852134427978335,0.007106195712416552,0.008177266022979524,0.02241324867291361,0.00049037490119197
2022-06-28,-0.014896225176480593,-0.0006229616947193151,-0.0001832292193599816,-0.007359410707687752,0.0018099905298043506,-0.0040588681418651795,-0.008385087327047125,0.0001551087931199735,-0.0038661787319372865,-0.0010420636533459149,-0.0006411978692408837,-0.002091341352649767,-0.0027122574205813432,-0.007495429047372437,-0.006853883201224487,-0.0008653293016221975,0.00049037490119197
2022-06-29,-0.020627228388934826,-0.007069627828886094,-0.010932322009729933,-0.017177945048414855,-0.014753767539527618,-0.011830486128929008,-0.011356183083801707,-0.02271356148599457,-0.007560498748381939,-0.009291782085132594,-0.015680335602567652,-0.015390971168289136,-0.012048936909948793,-0.010747548350245273,-0.01100475655535027,-0.009475811177196425,0.00049037490119197
2022-06-30,-0.017431401125967638,0.002692599996471312,-0.015052930831815692,-0.02622056073759671,-0.009944091321784643,-0.012033278407056036,-0.008578775178801124,-0.0060632969350711274,0.008000768637852484,-0.01460298781240943,-0.0044317213527972354,-0.0058416265117379185,-0.0035977832444690216,-0.006982322379245787,-0.005532313026281543,-0.011561192012173649,0.00049037490119197
2022-07-01,0.03014549259928434,0.015149210464114882,0.0006133058721233819,0.008756410976295204,0.009781637580419389,0.01031382882659626,0.008304447146818994,0.014783314944122106,0.007069158406603826,0.0114808181386441,0.010013870641086386,0.01392214118923829,0.010405991430283423,0.008143146430642734,0.005100547813309264,0.0036092354901124946,0.00049037490119197
2022-07-04,-0.006515555243379434,-0.015178497742971864,-0.005736568485823379,-0.011048357531332598,-0.005316950412668109,-0.00947241417727751,-0.007764800745831968,-0.00991758436162482,-0.013604498927970443,-0.010484966011418462,-0.01605539494060626,-0.014729631748663818,-0.011345046013132576,-0.011247838159968992,-0.010869361049369308,-0.0032615940101924368,0.00049037490119197
2022-07-05,-0.011081748473453001,-0.006065770260534009,-0.002813505596339083,-0.011670549307474132,-0.013418342957343676,-0.006884896645407257,0.001252615445036076,-0.00596434624556641,-0.002934349089799726,-0.012925450238180258,-0.004883884811988648,-0.00900176904262917,-0.0060502710669469995,-0.00011035698043426745,0.0021711746497952156,-0.0038762500248797904,0.00049037490119197
2022-07-06,0.02260414439669156,0.006039802642509029,0.0066659071513870405,0.012074119906272829,0.009359220070006335,0.01008631826751527,0.012176379151323413,0.016195386099471243,0.015380015650270584,0.003934024598639008,0.009455066166815795,0.006604435977094036,0.011536636937151012,0.012812382896073338,0.009985977943684388,0.004184866781463237,0.00049037490119197
2022-07-07,0.01758700239700217,0.012068944608039311,0.024097532630465768,0.029516131254384126,0.019224374537752498,0.019632541830662653,0.01842796371722799,0.016881494967159405,0.013927079272117338,0.02207669531265477,0.018157278666840027,0.013784499885021173,0.017683314457985988,0.015891563263527697,0.015152936467733635,0.02068434579715972,0.00049037490119197
2022-07-08,-0.008332126006424634,0.002217039336865012,0.00799317705100111,-0.01644465110668991,0.0011671480871211504,-0.0002775323126358309,-0.0010327961827026888,-0.003395862865112287,0.003879512957273512,0.011630241544448028,-0.0022820443523323686,0.003021642083243181,0.0038177790514644094,0.000941424804038915,-0.0014538644456216776,-0.004851852109717836,0.00049037490119197
2022-07-11,-0.02321950546469609,-0.008858801211544809,-0.02838771059267642,-0.020677866750297813,-0.011693765885775975,-0.020457818826924212,-0.022081332927963104,-0.02018971069866693,-0.009114883294510268,-0.026691098984830797,-0.0228737895934078,-0.011631825460599043,-0.020297345986633908,-0.022353618437129685,-0.02118576099697711,-0.02105777940299869,0.00049037490119197
2022-07-12,-0.0038510823109254577,0.000666204010294269,0.0030006616171280864,0.006143944870683704,-0.0013500455736310535,0.001437404236595663,0.005199149115208357,-0.008155190225569986,0.0005566607105300658,0.005842171299075938,0.008480062452474568,0.00249425971539341,0.0021036410633077374,0.006960177559290903,0.010283254336425962,0.0002770585293885297,0.00049037490119197
2022-07-13,-0.005458272259323271,-0.005048090307901987,-0.004307727995142008,-0.0036696392638944086,-0.0034741757174813204,-0.004177710423842851,-0.005296072268225038,0.0008699504036879802,-0.004937568026520234,-0.000686097403745145,0.0020905385633287477,-0.004748097480308022,-0.0015674916051779952,-0.003579569899321844,-0.0037214380410199865,-0.003731037583785124,0.00049037490119197
2022-07-14,-0.013442253385586356,0.008840324151860868,0.0009438344230554563,-0.036804684466448356,-0.01165066204791898,-0.003935168791588062,-0.004745868478440829,0.00014728580665801516,0.0029242960824729103,0.005643083696795559,0.0071141371976306544,0.004961743861229495,0.004684581465218329,0.0007783349231889058,-0.0005448021491506472,-0.019557435683881574,0.00049037490119197
2022-07-15,-0.0003450918686103144,0.007270940796850978,0.004809619127736031,0.021799704262311703,0.00967898921331356,0.00780678792921341,0.0009555908290037607,-0.0025757669422358243,0.0018261977582658684,0.0031945081413493615,0.006633940037623853,0.0023121775684282753,0.001829902017232099,0.0002951519292979654,0.001174782586902623,0.004552399037000887,0.00049037490119197
2022-07-18,0.0003741480587273749,-0.005271660204549389,0.006497937901269957,0.0009127494040512829,-0.004346527543443002,0.0004656057940366498,-0.0028244391344932618,-0.006450826032777024,-0.005647630958102501,0.0013747183377703642,-0.009515740867521494,-0.005394149345520738,-0.0050203001621935694,-0.004167722955893294,-0.005813826142191503,0.004095848932955448,0.00049037490119197
2022-07-19,0.02746660876252327,0.0075897232743309395,0.0021884023957832177,0.013130828153914642,0.01450623979473531,0.010637596831920781,0.010282286309201583,0.021362177916118164,0.005267785018318705,0.00807853767784672,0.003703719654056359,0.010906008796355504,0.009092228626897958,0.012608124794201814,0.0137886537099694,0.013234789335009323,0.00049037490119197
2022-07-20,0.02984546872488214,0.0030912577358095383,0.0024584124345687908,0.00717364243720664,0.003296598448462973,0.007718532615573981,0.012621672577813436,0.014519885790877929,0.005340351441798674,0.008579615577849475,0.011480709980209447,0.008233443696777254,0.008079588169353169,0.00890522128213922,0.008118445480680192,0.00034187006504105,0.00049037490119197
2022-07-21,0.009552249014212144,0.0018732629869491202,0.002766002709251314,0.006510551485115368,0.0024160633357592776,0.004408426095087181,0.004990459479975451,0.0065101964822262826,-0.002084220355580868,-0.0003647613291700713,0.0008824485244167679,0.0005801874572197718,0.001356505154546106,0.0030391187361529237,0.002386664244074188,0.0076437772293616035,0.00049037490119197
2022-07-22,0.0020242142250646022,0.003431921731533283,-0.005647368833460953,0.0015831098731979854,0.0039631468331577935,-0.00022447661686886278,-0.003968333198061114,-0.009310770312960459,0.002382182687650225,-0.005105445976460787,-0.0012620709852381173,0.0005252358269691726,-0.0037452565334558097,-0.005281748268258779,-0.004049204905743786,-0.0007221071042701199,0.00049037490119197
2022-07-25,-0.010430459795884306,0.008359604134162035,-0.0025548354683291308,0.007373587200049547,0.016011834838419947,0.002998239554627302,0.003073549269739795,0.0011100007127342604,0.004466699136000063,0.0012955883619922837,0.011219864951400593,0.012523038270512155,0.002829712203861412,0.003440346854081122,0.0032451307614951297,0.014082855765067848,0.00049037490119197
2022-07-26,-0.004513283081518993,-0.003373470971921977,-0.006189931295535245,-0.006113869380090398,-0.002452983547159948,-0.00435339586342387,-0.011231505170375078,-0.013035082837125955,-0.0016963878930382759,-0.0035777725738982413,-0.01333234250773041,-0.006956154744780729,-0.006912021171367133,-0.011050064143482086,-0.011351966300771732,-0.004677986417513491,0.00049037490119197
2022-07-27,0.028399842998044766,0.005538486952149979,0.023373862790868172,0.012413627398774274,0.007863160961573357,0.015054254111375842,0.02313010976181573,0.03180066927305858,0.01397802703144757,0.027619073315856335,0.03169659384061818,0.01239817357144224,0.026183453994963468,0.02570598977440941,0.023599076936474006,0.01626440743829538,0.00049037490119197
2022-07-28,0.005286411439395788,0.0001308362949061781,0.005471673369729979,0.011596162655472142,-1.6903736014262094e-06,0.00420669738457824,0.011275549248767947,0.0019635224271168372,-0.002460519743477829,-0.0011554334943276734,0.006083378331126044,-0.004730612423081815,0.0030351705092295234,0.007717340099771652,0.008568147153369843,0.01120664076705924,0.00049037490119197
2022-07-29,0.008003152507052747,0.0025876918028673312,0.003768004828585969,-0.0016142070868224723,0.008563950451109914,0.002640549368313927,0.00068844493327469,0.006800202676411793,0.003639120851472777,0.004584213468447729,0.006017642947954593,0.0013924696066243136,0.005340312086683507,0.0009305588669337173,-0.0004458556512203504,0.005740109454374531,0.00049037490119197
2022-08-01,-0.02227109337889277,-0.0010105754465047356,-0.005972155090730902,-0.029997471930459207,-0.012051639810226167,-0.010150475348163601,-0.00514735550368195,-0.009039879532205086,-0.0013819018174427988,-0.0005852182933744343,-0.0005220657215899704,-0.002609046739472487,-0.0019425339330487734,-0.002197401952213185,-0.0011452751372823533,-0.009611994286748304,0.00049037490119197
2022-08-02,0.010395033872490522,-0.0002393711929223885,0.007914631452969889,0.024059547408225912,0.011217242527301163,0.007963433705252765,0.005465848077181201,0.0006447744052635596,0.0011638554683153224,0.004304219502578199,0.0005874695314886935,-0.0008930579180421727,0.0028775173817108257,0.003560476607165075,0.00399797234911814,0.011621991943901122,0.00049037490119197
2022-08-03,0.023446016398511516,-0.0030027871327422684,0.022716297466501834,-0.013156494644308014,-0.009005807400283228,0.008494918282544228,0.019056370004195466,0.01762529520886913,-0.0007006753774103647,0.030850246888375565,0.010005708985201256,-0.0013675512229138764,0.016537925862470715,0.021829123893079894,0.020060527193660027,0.0028312717064540305,0.00049037490119197
2022-08-04,0.011354996611825374,0.01233553319664149,0.030063153253497177,0.01648441096891262,0.019668334150911182,0.019661748106632126,0.029072712426833736,0.026004495724539778,0.020112269760686807,0.03391654793276788,0.026360091668940377,0.02020954986260559,0.029539674201268795,0.03233673284434557,0.029462197054958894,0.019690411067865288,0.000507880373261882
2022-08-05,0.0023868526045354166,0.001171857758843542,0.004082647139511675,0.008970541687220113,0.012322393096741324,0.003839617677412699,-9.52459576609721e-05,0.0007012248163900114,-0.002452184528104473,0.007804128251514886,-0.0021131925257010797,0.009580735016263553,0.00036579659673385834,-0.002166664942123253,-0.002403997504421551,0.00561463972543752,0.000507880373261882
2022-08-08,0.020726237505695355,0.005657319533769911,0.017861655579687774,0.016806413688766453,0.011581440042367719,0.012711196687110293,0.016408585245567986,0.012860272589670929,0.004797153686113997,0.0149387076522971,0.0057054701948311415,0.0038992758530642657,0.011348118842944288,0.014410278653036013,0.013328437250772929,0.018510850462501338,0.000507880373261882
2022-08-09,-0.0075480273493773176,0.004995653193262228,-0.003643532795763793,0.006697397635728963,0.01054232052448345,0.0008092262142449513,-0.007947168136716143,-0.015109614425341866,0.004757172398322851,0.0017996666216626434,-0.001596474643311252,0.006250784599963755,-0.0022913886108623105,-0.008284459293842916,-0.008221411908590603,0.0027815857981612346,0.000507880373261882
2022-08-10,0.021221103903665828,0.005450213888867017,0.01656281266148696,0.003916888470741897,0.00415012991966357,0.012247904341680771,0.020297560908765222,0.025481010499800893,0.012796314776853945,0.018305891207817115,0.017727652373831004,0.007542577064523215,0.01823000628770699,0.022305376395775456,0.019850422470883755,0.01401973814804891,0.000507880373261882
2022-08-11,0.0011746157092951126,-0.004554066363367637,-0.0001910473700151849,0.0057024151147897495,-0.001818783806759372,0.00026434064203173513,-0.011877314764602187,-0.0028557009172223147,-0.012662191993959127,-0.019153517432123235,-0.01060193365834583,-0.005481789975881224,-0.013210142303527683,-0.015824051587357224,-0.01649994122158338,-0.004025187370056971,0.000507880373261882
2022-08-12,0.023428946507524806,0.008843647984213998,0.02839624313091571,0.01217836846738618,0.02101307263253016,0.01923588616914662,0.023853098164154263,0.030048118375471722,0.01496177036706281,0.026363404990569217,0.028400467273441254,0.013810256884264183,0.02408623720896541,0.026172931031138713,0.02391150296403599,0.02824596110871358,0.000507880373261882
2022-08-15,0.006226400733703619,0.005379667048071912,-0.0020394644576088305,-0.012254584921772005,-0.002872469990069959,0.00036775992816950875,0.010936022756972807,-0.0036062692802807383,0.033679650758649426,0.003122446561163672,-0.0018891136671694841,0.001112763400073602,0.010716816495599524,0.018190631324231266,0.016407203270878634,0.0017843518904823163,0.000507880373261882
2022-08-16,0.0007412425173758397,-0.001979604165503246,-0.0003132740490447983,-0.01679662834050255,0.00013227948843552717,-0.0014718819139486472,-0.004837392781664174,0.00634292567798056,0.001898459903101335,-7.57370621186082e-05,0.0003491413134069088,0.003699486967222665,0.0010690623093991825,-7.26729531738135e-05,0.0017528795353365378,0.004730438822450944,0.000507880373261882
2022-08-17,-0.008055549881781476,0.007710502667569896,0.01202412424950361,-0.01056531423849516,0.020555097394199473,0.004133612656550989,0.002190229761818152,0.017464887587979483,0.009073239432762836,0.017305257563578147,0.016628953277219694,0.020840286108806172,0.013040310466750915,0.006585117204725099,0.004479628744966879,0.0013857385968141234,0.000507880373261882
2022-08-18,-0.006356699318362025,-0.0029056471812478613,-0.0028210270351514133,-0.012356523505071881,-0.006190131900620788,-0.0047030015985585205,-0.0033020834724202253,-0.006772333587970025,0.0025971588811681823,-0.005963078499299668,-0.0027815542951770134,-0.0046790089280187575,-0.0033572323864941023,-0.003703159789665511,-0.0041607105004266565,0.00046793886945550867,0.000507880373261882
2022-08-19,-0.0192346029404612,-0.006920013419707827,-0.017162220337874956,-0.013380523608329864,-0.014543067422484124,-0.013822121390808073,-0.017844275897785256,-0.01217592966043024,-0.0018534547773276788,-0.02357719869834174,-0.009902227279784404,-0.006190230766894067,-0.013275062023418438,-0.01777182267736266,-0.018382523503486348,-0.02044946038092177,0.000507880373261882
2022-08-22,-0.007762505603331804,-0.0016329462528951177,-0.002470149431653468,-0.02024076859771351,-0.0025394391083668477,-0.005064455324130357,-0.008187415904593154,-0.011373541826250388,-0.00822591521381899,0.0019452706168607836,-0.009951245330771852,-0.0015709796276029975,-0.007068939149000308,-0.006579736981035089,-0.006669465302933775,-0.008693579813394137,0.000507880373261882
2022-08-23,0.014031962298884038,-0.004596834389865245,0.01156177674941028,0.04726529024798509,0.016877929868994945,0.011854678704962929,0.014132319217319944,0.006134345907707672,-0.0021468490880603985,0.003065711465554566,0.00399436326188729,-0.0038863916842177826,0.003627125110924556,0.009536583713814828,0.011606493143017094,0.022779678884083276,0.000507880373261882
2022-08-24,0.01295582154748498,-0.007079781861618839,0.009011183495988062,-0.0210436618815959,-0.007697109702774374,0.0009758457624100547,0.007998778663171668,0.01385844643472467,-0.0025657763335162898,0.011158750010051621,0.0009326080229554723,-0.0053367955858080185,0.007458232468000814,0.008762381917352569,0.00661231107188609,-0.00037551025827631257,0.000507880373261882
2022-08-25,0.022094461671038124,-0.006195739269694744,0.0071735742744938324,0.019179026656442888,-0.0035873888671329457,0.006062820544800784,0.00594088713819807,0.0068257765553561,-0.001723294859183322,-0.0007844218035517603,-0.003782866800726148,-0.006739235826783707,0.0016689016783197896,0.0035828299262030683,0.0026248017656258504,0.005701598365231764,0.000507880373261882
2022-08-26,-0.005107682270509617,-0.004185042210830492,-0.0032798268125726615,-0.027058510800012092,-0.010399916572628176,-0.008127448757624278,-0.011199526465253795,-0.008920953135452492,-0.013205218530079721,-0.0019064666022957644,-0.011232727269227971,-0.011759501108575154,-0.00830570252614593,-0.011604918505748407,-0.013498103028575237,-0.01065135159118158,0.000507880373261882
2022-08-29,0.003564523373695172,-0.0017733717519151648,-0.0013374216827585217,-0.011279468743345511,0.0007084279077502753,-0.003106793617429271,0.0014655395102183277,0.007398912584547945,-0.0005158267177178821,0.0015782171285678714,0.0023123085553939937,-0.0042044874899996865,0.0029642743662654514,0.0014291548359266493,0.000608556470705901,0.0002893105689509845,0.000507880373261882
2022-08-30,-0.008882192046228421,-0.004510588464900378,-0.016093281481647015,-0.01913810320685061,-0.023645421638935793,-0.011654233518564427,-0.013102138942772235,-0.017252853447677352,0.0019414226300278337,-0.016997184989509084,-0.01179802449309797,-0.009544087466233586,-0.011110642465102516,-0.010083467525900502,-0.01024752351515057,-0.01780486589318464,0.000507880373261882
2022-08-31,-0.008824119539605713,0.0015837057620857742,-0.007869695650443487,-0.015165374170498569,0.006109037282361562,-0.0062350170132096094,-0.008894737381947126,-0.00683116936578676,-0.011440307016272633,-0.005154911847803922,-0.010501936312955595,-0.0008522839603980481,-0.011821494869622695,-0.013670885586729242,-0.01341200964093403,-0.007387436390151603,0.000507880373261882
2022-09-01,-0.007593983878166788,0.008727961050009059,0.0003506372920432099,-0.0036922240322107003,0.006261898794569065,0.002730327974672875,0.007705597559482635,-0.00398012788788582,0.0035778953845244654,0.0050988952072195115,0.011212995532005943,0.0060884095757345325,0.004872066435165134,0.00528462093438864,0.005912683402679697,0.0075127856382488645,0.000507880373261882
2022-09-02,0.01884887533687496,0.0013507180044185496,0.00584725685653309,0.016939467667696828,0.0035526047655445314,0.005992946415021239,0.006784248575474328,0.01013617540018652,0.00865013471614473,0.006715207788459576,0.014097828486430153,0.003969716991319094,0.009935786219886333,0.007640787102265234,0.006426422690672284,0.002992258976140194,0.000507880373261882
2022-09-05,0.0029187486441872856,0.0036208847501335573,0.014731752496355499,0.006716824413343314,0.003591182583879693,0.006069606993730714,0.008753753885768267,0.014908054462572151,0.003866107835295951,0.005518577171309991,0.00419512713763015,0.0010331178664426677,0.006136015305928666,0.009876105228189713,0.010034581663009856,0.011957034091685914,0.000507880373261882
2022-09-06,-0.022149990793721153,-0.0015481327702067116,-0.031545191213098955,-0.020472774938001814,-0.016997834830107306,-0.017957272093730436,-0.022788209528727177,-0.02500296630852794,-0.0015003018813978253,-0.034742734436049805,-0.01503898829508088,-0.006115642378497155,-0.02184995211010199,-0.02402493574775566,-0.022414689840657864,-0.022106743776242888,0.000507880373261882
2022-09-08,-0.004251647457905516,-0.002286225038703904,0.0035761628842909676,0.002765052217912345,-0.006131156094131174,-5.9925568941521234e-06,0.003276512986645441,-0.015065270071536796,-0.0026565446694150063,0.0008547177214377477,-0.004536650274155396,-0.0035620449692699285,-0.0035791748674152135,0.0004624369532197914,0.0021508925065862883,0.0010754203775049653,0.000507880373261882
2022-09-09,0.009664494538328627,0.0038149631624009306,0.019268183740360545,0.03695946310603859,0.012783591419810003,0.015779240527359573,0.017318630387612055,0.005863643148781739,0.00627883187207634,0.014350861039391871,0.0038013877757603343,0.0045354683946681185,0.009551386801521788,0.01451080960853579,0.0175733452949427,0.020954365312946033,0.000507880373261882
2022-09-12,0.011596076590183246,-0.0005393679648594274,0.008156795564902897,0.00184543313325225,0.0008781286937142863,0.005770986112300314,0.009216706449052703,0.011847542882386763,0.0009752001191754012,0.005330928441792837,0.013277429759265713,0.0026950116645290123,0.008527863928501134,0.012204347103151214,0.014597073889316636,0.009525196694181837,0.000507880373261882
2022-09-13,-0.02617447503088599,-0.014977336052002688,-0.017387746525857173,-0.025535908929548157,-0.025520071101399533,-0.01994309070891298,-0.02162794394768086,-0.030195819581639416,-0.02155548467262325,-0.01610916567206977,-0.024629788656416518,-0.023242877017507824,-0.022647392883693662,-0.02377760684978303,-0.02510311829731071,-0.022973258706467714,0.000507880373261882
2022-09-14,0.005620476703181776,-0.0016422805540806662,0.0029033791447088397,-0.01788418404277603,-0.007329290373513819,-0.000640947473219966,-0.0004188473549788796,0.0028813615338525445,0.0018364559616259601,0.00011597962961484853,-0.00392766102507347,-0.002182864132785678,0.001518894888945077,0.0005928749913632902,-0.0006318206306359375,-0.0017646271294288196,0.000507880373261882
2022-09-15,0.013337610311212833,0.0010046323500176868,-0.00031606611920853567,0.0008064903382680733,-0.0007546106676848963,0.0033722660143429284,-0.008128561159478132,-0.0035236331149492983,0.0005170450979201657,0.001082237556624177,-0.007172798541810077,-0.0010354911504723008,-0.002710741036109021,-0.008008875379064806,-0.00999415760907918,-0.005313866937592282,0.000507880373261882
2022-09-16,-0.0038114077952898784,0.004413887567438213,-0.015514282664951473,-0.0036976695747729105,-0.0007827931388013631,-0.004569040717960604,-0.0049213361828384095,-0.0018575015988604449,0.0034967833870911402,-0.0022270932990556824,0.0030035019619900627,0.00017895289102409784,0.0006372974441144486,-0.0019605555152869547,-0.00485508857757011,-0.0061952721225146945,0.000507880373261882
2022-09-19,0.007003507859424385,0.00750020033523735,0.020998544742410585,0.03631475299334963,0.020684632315519647,0.015540173931441359,0.017131992317925837,0.015320066575825297,0.006109845486376164,0.006338241461208316,0.016496392136230442,0.008547481525590594,0.010507123110115701,0.014512182035557597,0.017045633596227683,0.02254268344863064,0.000507880373261882
2022-09-20,-0.0004072837047209843,0.007000981334479128,-0.0019395694147067433,-0.01231246638854,-0.0010091438023354105,-0.0007832380637738945,0.002552565578051391,-0.001308272156385848,0.007885463204345244,0.0008292530342834947,0.0013641111639692838,0.0012525721769718334,0.002610116220565617,0.0027182904362605953,0.004042105500361881,0.005740679255185732,0.000507880373261882
2022-09-21,-0.00040283439862809356,-0.0022885888760487694,-0.00792779768700691,-0.0034368981682459943,-0.0038813440176425074,-0.004716933402501566,-0.0019072518765788082,-0.009401918523106456,-0.005855348268024807,-0.009505207131202287,-0.0005815730675133857,-0.006392819642607295,-0.007246072945290227,-0.005438385416696501,-0.002926093006553554,-0.005093027194172706,0.000507880373261882
2022-09-22,0.017143414002048996,0.015087182359896145,0.027746247835184423,0.019331251406790706,0.01934150720888006,0.020885507086819022,0.017817824296949114,0.017115809658352577,0.019604216594118817,0.024062205240691803,0.016091980899918257,0.02112357113840657,0.020220659873598557,0.017470460087087858,0.01655294663834206,0.019263026278461437,0.000507880373261882
2022-09-23,-0.02026528363839586,0.0020839430701593553,-0.005735922569480301,-0.015930204664137637,-0.014043790062704509,-0.006602510587293664,-0.011821318981371953,-0.022748752818438134,0.005259559103163003,-0.0030043767221965556,-0.006538909521326297,0.0018475339762560328,-0.007718358106235335,-0.010500800521603071,-0.012820796705121706,-0.02123923472202649,0.000507880373261882
2022-09-26,-0.03787815124899219,-0.023140703612835267,-0.018500912938339553,-0.022015974027178586,-0.018172060048754046,-0.02445316230429162,-0.02613720751709736,-0.0252124819816556,-0.018615220932666987,-0.02831779824981262,-0.022153028753729598,-0.022878118516220902,-0.02325142943273495,-0.025693180454503084,-0.028363465075590955,-0.023200350346586518,0.000507880373261882
2022-09-27,-0.026127776310598816,-0.014750708389150491,-0.010224117488515816,-0.01870322756663423,-0.02027935334785358,-0.015123344309579623,-0.014848517352821222,-0.021301404229731036,-0.013968185623305596,-0.015141853386031134,-0.02780734359562753,-0.027931542591061564,-0.01705127116696914,-0.015653821150616865,-0.014093611127142691,-0.00684772576318271,0.000507880373261882
2022-09-28,0.013001494334013985,-0.008439356842602552,0.009361203099098159,0.005672446286614896,-0.009064201425649787,0.003775921685685857,0.00438102556108344,-0.008744100683861888,-0.003532979733198993,0.005417660183888007,-0.004621658966573294,-0.005396673397232599,-0.00015381022727123383,-6.457858940089878e-05,0.00019024984194637717,0.00038932506710587234,0.000507880373261882
2022-09-29,-0.026397862418816143,-0.009709114536394003,-0.010562634761029033,-0.00915073848034409,-0.0071341495854561066,-0.013453487843114509,-0.01545702911294955,-0.010959467606186712,-0.00531011180715113,-0.011799913658139372,-0.015748556642561584,-0.006594239333210794,-0.010335544859342627,-0.014434148929116986,-0.016826592454078027,-0.007100192546490747,0.000507880373261882
2022-09-30,0.005347862430751249,0.006264862104001567,0.01734256134405987,0.03858697790454113,0.020065575460661567,0.01451482289928685,0.018989399956147013,0.006806439403900466,0.007731121297717802,0.011858862657654123,0.020199902701150352,0.008914676571054603,0.013033246620563821,0.01606445598755757,0.020028514365823202,0.021556515517477726,0.000507880373261882
2022-10-03,0.027204157377434646,0.044024813675814345,0.04534870968550875,0.024542956516745207,0.04800727011085826,0.03985091644265992,0.051950300687735096,0.0503146570623445,0.04778687402333737,0.059125294575514964,0.059958915028547555,0.056707951433820236,0.05453676674079988,0.057479955603868316,0.057254158155821466,0.055919233005435,0.000507880373261882
2022-10-04,-0.007484218161130762,-0.01599856032714808,-0.013372447647960195,0.016671269549706214,-0.011650228322790612,-0.009709640040204914,-0.0022524994251130748,-0.012828846498686541,-0.0238895122365268,-0.030129427670222197,-0.014770049554913234,-0.02223898393278001,-0.021911365157360252,-0.011512883761775172,-0.006381081968751423,0.0002602133222331382,0.000507880373261882
2022-10-05,-0.00988865967509045,-0.005823343595831032,-0.005275102931919351,0.0041195568839702545,-5.623811951571689e-05,-0.00498856530615055,0.00027235395469737966,-0.011213508758273427,-0.012350954139794701,-0.011790248946193294,-0.009533110005946588,-0.014958400903528846,-0.010254019565769434,-0.005550470456066936,-0.002113836042987871,0.008417048291254448,0.000507880373261882
2022-10-06,0.015115149725309918,-0.004909905491789157,0.014343124555265652,0.00048152874615037256,0.007754926256845929,0.006283927290061886,0.007988535422795984,0.011888188341999228,0.0010155221629839506,0.011367588128014416,-0.00200613138186323,-0.003953136457876316,0.00788669928640462,0.009843919979722893,0.009055026054424875,0.003924061543332913,0.000507880373261882
2022-10-07,-0.013291830613248123,0.002720808535235486,0.00319808104410213,-0.005892056849844618,-0.0024236933788380766,-0.0005861808885584407,-0.009921703608966825,-0.016900596862004624,-0.0015818327478217542,-0.00578287391544019,-0.008807071826449575,-0.004573013968916406,-0.007946348475495801,-0.01039827829473472,-0.01160272661316808,-0.00998204440786965,0.000507880373261882
2022-10-10,0.018733895914604393,0.004848535037277557,0.002786181477526961,-0.0008010781190666005,0.002473621111149571,0.00544954350700233,0.0022228391416396764,0.002190925583710479,0.007623925353601235,0.0037401425107363995,0.006034708503397601,0.007540625951153679,0.004184447270720648,0.001300497553852864,0.0006503021253436714,-0.0035494999488568935,0.000507880373261882
2022-10-11,0.015439973538851293,-0.006618419637486661,-0.0022171672213243676,0.01253093099345537,-0.00793949471132982,-0.0002270142213935955,-0.009584410506449093,0.012902843067970515,-0.004344859032730963,-0.00577925507920829,0.0008357526547795313,-0.0063552140219235165,-0.0021486690157885846,-0.006120852781659636,-0.005048420207068971,-0.00952826294013287,0.000507880373261882
2022-10-13,0.008662484189208675,-0.0020562952988029126,0.0005765816383997979,0.0045150025902365165,-0.0026732583135589127,0.0005382956951593965,-0.00401895691561871,0.01793611027334263,-0.0024743355986970306,-0.0007589877219856822,0.0013061892321859503,-0.006508053736113961,0.0027971036448861675,-0.0021625808761062126,-0.0045021557644974175,-0.0039273983295397,0.000507880373261882
2022-10-14,-0.029413405208871923,-0.007549526350693725,-0.01840095040452261,-0.029956367740042733,-0.016625233673164597,-0.018640566372338796,-0.021151572200076685,-0.028714637335856663,-0.008250839777190211,-0.014335354098297226,-0.01973344783425257,-0.009375051273765367,-0.018842521585089145,-0.021529767655645626,-0.023420779922953883,-0.019524419352556777,0.000507880373261882
2022-10-17,0.012513525061771613,0.007787840731132478,0.01056205995608539,0.004637307913554212,0.01488684476379376,0.009594671837086288,0.012693536391202853,0.013920739691877904,0.005958199630950345,0.00546959371535638,0.014886836759935518,0.014855519961014974,0.009086405565974731,0.01227454792565763,0.013852564194985595,0.013863183509390531,0.000507880373261882
2022-10-18,0.017629169314741233,0.011580770559102005,0.01896710883788244,0.015214791241031644,0.0207879992685005,0.016378974392763812,0.01604316706301856,0.020904613348423418,0.01467815868643152,0.023028492162880942,0.020214708567566575,0.01819161259129287,0.020701629203923044,0.01909896506354669,0.020002901032141862,0.01872498109360854,0.000507880373261882
2022-10-19,-0.002269004373932737,0.0073433190898546385,-0.0019318168151718496,-0.013060302364142795,0.004993318274267633,-0.0001505794413771966,-0.00046754135229465366,0.0005408675605567126,0.008190896372985756,0.006994993139518346,-0.0023381570948995956,0.009255530251110367,0.004825639461814024,0.0020490528111414275,-3.346048316943406e-05,0.005053131384055609,0.000507880373261882
2022-10-20,-0.009715667746981294,0.0016168455465424003,0.00789300813357352,0.010120618275018645,0.010977785770034165,0.00329045797626093,-0.0011898467346519448,-0.00019775436990032702,-0.00104561434353323,0.0062089376230156645,0.0004069398241981492,0.0017625133990850639,0.00268253091606252,-0.0006798783438646261,-0.002311639060844306,0.007925850037365345,0.000507880373261882
2022-10-21,0.022342585059185405,0.009193121312684793,0.011996106088684177,0.02442213526097059,0.021715347691756426,0.014502134154075197,0.016456841846699488,0.01708918224568934,0.012360073218228518,0.007126739078080702,0.017714717240878253,0.014817441128587738,0.012491645395325657,0.015819589647136256,0.01673043760184023,0.023756941293056943,0.000507880373261882
2022-10-24,-0.013067536061539431,-0.0025219525635229445,-0.020119094021453066,-0.01657134347827527,-0.014446003372041827,-0.01412548338797659,-0.014727092225646277,-0.006259565331550254,-0.0062908608286949,-0.009367006765102825,-0.005398117791907242,2.0194365024872596e-05,-0.00882121451227369,-0.013139302636995254,-0.014431918455537374,-0.03340768793855797,0.000507880373261882
2022-10-25,-0.011754370069601783,-0.014125131405384073,-0.010241976542972653,-0.008963776571155102,-0.012154429909777997,-0.010621245721971206,-0.01361363739788557,-0.0149605101079191,-0.014651948515008728,-0.018084881146636755,-0.0145407417385085,-0.0181238732501654,-0.013834898038016408,-0.013721255972867108,-0.01335185355635693,-0.012110490093230952,0.000507880373261882
2022-10-26,-0.04013772830423046,-0.013957964311018145,-0.02715028984229151,-0.007699747353003716,-0.015449153537709148,-0.02217080628059609,-0.026252561789296358,-0.03552024503638007,-0.017061448884868158,-0.027891616669399877,-0.021382640865680536,-0.018030209162578803,-0.02487938010938162,-0.029349129732882395,-0.026372476960479396,-0.016655016957861535,0.000507880373261882
2022-10-27,0.02487392602154448,0.02855446975443221,0.025887281824139352,-0.001304290834657773,0.013448220276091716,0.022543871501790935,0.02952309021030386,0.025432599191120175,0.028557745373240184,0.03421530925184135,0.03380922798816077,0.031928198090847015,0.030539623570515317,0.03204233433395287,0.029845155932882506,0.01698172653460972,0.000507880373261882
2022-10-28,0.004835415572568058,0.005258636771013903,0.007613275391822549,-0.027602491454704947,-0.007393291283736336,0.0011238046490622544,0.008797089310589978,0.009276647506107016,0.008547988231654369,0.009745724431132752,0.008748327860761185,0.0060668498081239974,0.009381708634863095,0.011081532014787454,0.01285629704812652,-0.0008318121716038851,0.000507880373261882
2022-10-31,0.02806439040309172,0.014890436155581499,0.02195772496195003,0.002506471104513075,-0.005933898308783436,0.01802757222008755,0.028393680210423655,0.030442658232771924,0.01884038292795731,0.02328620257582026,0.032386788353760965,0.014859324872470214,0.026368143194933413,0.02884850879319023,0.02687821851078631,0.012359729018399657,0.000507880373261882
2022-11-01,0.015009308901907659,0.0014213514674614736,-0.007730046864982132,0.018234720415307715,0.016739753686263903,0.003006635588967743,0.005920612721255214,0.007926560675403094,-0.0018087568706955937,-0.004767955773193222,0.005741226396625443,0.013078443174914023,0.001410274785061949,0.0023921725832083407,0.0046949629444899,0.007405728777953424,0.000507880373261882
2022-11-03,0.011559823070091735,0.004081240170344946,0.005424819598523589,-0.00463005389170057,-0.003094928010429432,0.004457129716842978,0.005258043750274055,0.013572014164779933,0.009637470734490394,0.006261183536506509,0.009041055498620665,0.0073071068145613705,0.0100343433962915,0.008357821037332736,0.007948456445372676,0.000255934892738674,0.000507880373261882
2022-11-04,-0.004334856490791461,-0.00019714038441298598,0.006683114623808217,0.04420443931514484,0.009863681639111777,0.00950125772509769,0.003912030954503765,-0.0008597101202167945,0.005406772273618632,0.0010762114145315138,0.009871515565937461,0.006483039701973947,0.0062689014927805875,0.0035724105025862762,0.003541372221508521,0.009822609280576433,0.000507880373261882
2022-11-07,-0.042467544207971164,-0.014884730871265739,-0.03144805566977149,-0.025381276876796366,-0.020213624565498023,-0.027306289558579278,-0.02997164194654156,-0.032137106012778194,-0.021470114064470303,-0.029270599519922613,-0.02745067191754258,-0.02297394312267309,-0.02700971415780762,-0.02906331458122513,-0.027188075976175452,-0.024548830236426733,0.000507880373261882
2022-11-08,0.005588670815078078,-0.0004051079455175133,0.004654831674087756,0.023798431708656587,0.01120188966687885,0.00477360729730214,0.0026417976563493095,0.00905919508971631,0.004206636978541178,0.0032261090987160124,0.0003682124395822939,0.0030371177759822565,0.003911915105540897,0.000856222496475656,-9.048185701676648e-05,0.006929311506369773,0.000507880373261882
2022-11-09,-0.026398612863993254,0.0016646903485040276,-0.00813240411615268,-0.004372116641375601,0.0010909629777051677,-0.008070233350641498,-0.014471606496276546,-0.026217563311187964,-0.005705707157997897,-0.011536017283346744,-0.01227454239354353,-0.004805051513903091,-0.014101360183730205,-0.020341049762101715,-0.020996432498539885,-0.021936756448381445,0.000507880373261882
2022-11-10,-0.05462001194935817,-0.02453121293937688,-0.0437405072648982,-0.014941604225504723,-0.023464428216038224,-0.035131032883241486,-0.04915758965692674,-0.05651043482704554,-0.03316821290464167,-0.05502648880824457,-0.05445377777810412,-0.03821834917002831,-0.04942909069350587,-0.05186529933004036,-0.045669198709330394,-0.03411924369303565,0.000507880373261882
2022-11-11,0.02092180182309078,0.016296577494897546,0.010220787362190675,0.07563733703604703,0.044243837255839136,0.023602279094496526,0.010419412824023144,0.02826150116339754,0.011798141428092768,0.015620491529148683,0.021051569233017986,0.021788179616243353,0.014629610982742847,0.0076394531771044605,0.006988163266504088,0.02212812090766625,0.000507880373261882
2022-11-14,-0.007140223347129937,0.001794483980288808,0.012039217885311038,-0.00428440174274114,0.0006440333382311536,0.0014654917263088318,0.006372732699954975,-0.0063571232971105784,0.0016701900519053847,0.015990965785195987,-0.00032198196988597605,-0.005190922376855145,0.004801029219868802,0.007245469415003258,0.005499854269892079,0.008443924031357852,0.000507880373261882
2022-11-16,-0.01837323072332353,-0.026935615580515715,-0.02514888765391754,-0.004180440771682337,-0.0258440184048796,-0.022072511955608554,-0.032862266320044076,-0.04878012104535523,-0.029552138841559272,-0.033339703702869206,-0.0334604690674386,-0.033271085127458466,-0.035364679040353675,-0.03578024895874132,-0.03362155675431244,-0.02572448992768317,0.000507880373261882
2022-11-17,-0.013139523605429249,-0.006905786505317035,-0.009524234605674864,-0.003024956579389171,-0.008241864418678135,-0.007107111853435266,-0.01226082136870188,-0.02134177522933245,-0.007633087964055041,-0.011557286315896476,-0.004077975970771863,-0.008525252599096866,-0.0110390191726768,-0.009752109783411345,-0.007426782007750821,-0.0050952731641464855,0.000507880373261882
2022-11-18,-0.004484589268985206,0.002419935264513784,-0.006148755838609632,-0.013042511651611077,-0.010665116843850075,-0.0046075397792290085,-0.0036553379205201963,0.0022201924703026954,0.0007681495927776005,-0.007148746916806226,0.0033562994421965087,-0.0012012477178325875,-0.000683830814167341,-0.002839917729572039,-0.006814500531863388,-0.007464713377438592,0.000507880373261882
2022-11-21,0.01472866499508152,0.018824991310572914,0.022214677723261467,0.0022086814658635046,0.03556121860810291,0.01660180470433459,0.02185443675693355,0.02351436480731417,0.009052888405179704,0.046309083393417216,0.02350717975364147,0.04266280431612479,0.02555964115426934,0.023340098398256126,0.021977319819751262,0.008350852263194541,0.000507880373261882
2022-11-22,-0.0143950464631587,-0.006232760862781461,-0.004152324836789623,0.013434694821318427,-0.0047290982431063,-0.003809434141095358,-0.011538815858662899,-0.019570133867353734,-0.011252793222852997,-0.008355271761619543,-0.017288641121206427,-0.007216385748921805,-0.013866075377264364,-0.015254184674553528,-0.013525663927593246,-0.006505771744301669,0.000507880373261882
2022-11-23,-0.0012403636985811595,0.00039008007462215666,-0.012754764413573039,0.00409236541886937,-5.6293879445723505e-05,-0.003856223650888446,-0.007891992682191429,-0.012316630556298613,0.0020505273811362024,-0.014167985277607653,-0.010177290813708995,-0.0028156552529222667,-0.010200793645337325,-0.00852123338058497,-0.009105533037360725,-0.001841358763288059,0.000507880373261882
2022-11-24,0.02736933953780807,0.01914238079315944,0.02580093415246254,0.013845262102301081,0.0192555534759713,0.022270209747736303,0.03151812589556502,0.03659487605282519,0.01784995874031603,0.02808632701617797,0.029913606531524417,0.02299185487922939,0.028579289497220328,0.031741848589767585,0.031557626705652986,0.027814870622467014,0.000507880373261882
2022-11-25,-0.0193406144472269,-0.01511570899287551,-0.023788915863435012,-0.008712078642790333,-0.014979768802202975,-0.018195837616804877,-0.02809555684792686,-0.028226470920778124,-0.017319289491007805,-0.023446325982980798,-0.027815802013859803,-0.017415757386928687,-0.024993164659116274,-0.02962816758859954,-0.02955583572742493,-0.025643083396418964,0.000507880373261882
2022-11-28,-0.012437972651783702,-0.0009865403966692332,-6.316570723186032e-05,-0.00615908998600756,-0.00202924382690306,-0.004670823741942942,-0.006220494305652635,-0.007521481035782207,-0.0024737502898370956,-0.005312280365244004,-0.012483626331868836,-0.0054997202018362,-0.007006203120440868,-0.007806701559422646,-0.008424838212072294,-0.0013106987215336652,0.000507880373261882
2022-11-29,0.02444847524426108,0.0009750574059304018,0.021998722621456634,0.04591109528869186,0.02041597812757945,0.017406129822684857,0.015124151687393672,0.02258672521738503,0.009832725429319344,0.011046746424441922,0.011694750825574918,0.003262427819721081,0.01261668786941117,0.011333573969120714,0.007060404661524133,0.019960326548353446,0.000507880373261882
2022-11-30,0.007259699937619546,-0.002791048500642268,0.008709250254824052,0.012130901454003418,0.006598330683011966,0.0039467410699074446,0.007842162059493729,0.0061392761858105604,0.0031585828223648083,0.009671906404086439,0.012599629337539664,0.004084997289116377,0.007650280230930839,0.00674237537188449,0.006191290146646988,0.014483464825946868,0.000507880373261882
2022-12-01,-0.01665329757756362,0.0023944860469811147,-0.01930073664254428,-0.011623675785897514,-0.010886992492772474,-0.010178061271561512,-0.01665464547838824,-0.030280177613936643,-0.006258390067637176,-0.018232764205546204,-0.020407230136620713,-0.008314647810850673,-0.017597288545860845,-0.0191748708852173,-0.018983451178706034,-0.014378358928657353,0.000507880373261882
2022-12-02,0.014572017930033487,0.001770785328114588,0.001816545051535945,0.013747933714632232,0.006424917052382906,0.0060453596894647355,0.009836522344333298,0.009910017586358677,0.002788662618724569,-0.0046556559096538885,0.006159633642468076,-0.0024906557979982313,0.004279659508457989,0.0062070267112666055,0.007222980189279138,0.008352225296772486,0.000507880373261882
2022-12-05,-0.04356296950306093,-0.01957817139738205,-0.02851365547692042,-0.014315653857877586,-0.018628846469284865,-0.0259221715944441,-0.03168827032799748,-0.03281838965986139,-0.018876681865613754,-0.03795330925063045,-0.03132503883853288,-0.027841187108657572,-0.030039409234252967,-0.033545420879821375,-0.031148676395775676,-0.022699382628994402,0.000507880373261882
2022-12-06,0.01565471353793524,0.007347134726969573,0.009503066313486963,0.017477795528229034,0.011197450798418052,0.010172522114899829,0.005213630886677034,-0.002763347812861139,0.0037855727146207663,0.005306008468996204,0.010792387406296733,0.009299810331628855,0.0031269755042366842,0.007521948690411895,0.00985000411207615,0.007020751892654387,0.000507880373261882
2022-12-07,-0.004497567109400635,0.002386685329640148,0.0030159696428888605,-0.013691300242828608,0.0012701641356824833,-0.0009227817453708598,-0.0012587073436397533,0.0004544432184052649,0.004496490748100879,0.009667558707518564,0.0018174249549620658,0.0076042090978287735,0.004027135211137622,0.0018472174278616471,-0.000554414012579274,-0.009821310747170409,0.000507880373261882
2022-12-08,-0.037719868340309715,-0.019012074885362495,-0.018487575937633283,-0.01188137153636093,-0.015702078682462317,-0.019886118955141252,-0.023092621564195337,-0.03333819038129937,-0.013379622885976272,-0.021588024416273055,-0.02587542181473701,-0.025022153031147187,-0.020701210239486345,-0.025454663602965333,-0.027679665537374776,-0.016712577492743907,0.000507880373261882
2022-12-09,-0.0031705067779161933,-0.0006677287335186133,0.0036401547647533228,0.017509650345300942,0.006955217173271411,0.0035693541982890764,-0.0036190671860795165,-0.0026803302894181646,-0.00035125388621815024,-0.0026174137996309854,-0.00723371596327127,-0.001792032534779886,-0.003194158047612139,-0.0056947207573749825,-0.005495621230825698,0.0021830943528193814,0.000507880373261882
2022-12-12,-0.011869413183159927,-0.009552919730349552,-0.016383432220183236,-0.01886544308825111,-0.01949883462423907,-0.012608366484382239,-0.014548543374230283,-0.014782063398433798,-0.011478298168151269,-0.016788782895060805,-0.020247610462201582,-0.015192960246742326,-0.014189925816599058,-0.014341834032480683,-0.013615650381471611,-0.02030361720856999,0.000507880373261882
2022-12-13,-0.01297011750366972,-0.01925345175524995,-0.01859139330332593,-0.008764365276368036,-0.019436068609030133,-0.017053744495447165,-0.020218170710625927,-0.0169797436736836,-0.03194722243512593,-0.02752682021822317,-0.02316457387815052,-0.026205167616422664,-0.025642815712920264,-0.027366119294003344,-0.02735089915588096,-0.016939239921218263,0.000507880373261882
2022-12-14,0.02181264529844884,0.0018558448646814885,0.016964203428930125,0.017688912612998875,-0.0027942734953481096,0.012838572271389292,0.0098377568496677,0.0036376522297527636,0.011037412000698632,0.0138372770221038,0.00475817282443991,0.007372700657368947,0.010604605901261888,0.009332286710935556,0.007496191097132954,0.0006322470579347428,0.000507880373261882
2022-12-15,-0.006182162609773889,0.006005433079465883,0.004312287103936052,-0.01957303196925142,0.0001558079512689048,7.019982710554373e-05,0.0008194849214677724,0.006146441056206653,-0.0003372096914378009,0.0111077368353234,0.004380811846142363,0.002874307160947831,0.00614022083947896,0.0029032698895483655,-0.0021794820209498633,0.0001935573382338962,0.000507880373261882
2022-12-16,-0.016471312991025444,-0.004038238820989748,-0.016564952910058106,-0.010695664011883488,-0.00014333585099945978,-0.010295777892312619,-0.01192865469929938,-0.013367379931022327,-0.01363078193469247,-0.00947415225373971,-0.0010148047740167199,0.002653256083134714,-0.01046724825514822,-0.013306403058597871,-0.012577876647423047,-0.008308620321497595,0.000507880373261882
2022-12-19,0.0228451525792841,0.012545477189173315,0.013999375805402003,-0.0028849113718469876,-0.0011321136584314662,0.010987475179093487,0.02181614508337315,0.016093483517815255,0.011803106868449653,0.016234610871419974,0.02061909494174996,0.012097023539608509,0.015640650435699177,0.024348551564906673,0.02467644286234494,0.018381341287574404,0.000507880373261882
2022-12-20,0.022710720512447047,0.013014604693274201,0.025476495735142768,0.019836762384857654,0.02082600117985045,0.019492941563263422,0.023276062968822453,0.033067015912717546,0.01166570434176828,0.024809031123279368,0.022250386016112955,0.018331689655178396,0.02097948844529074,0.025071048883210656,0.0262077623599275,0.020392902305372607,0.000507880373261882
2022-12-21,8.155400135345658e-05,0.002726121457458097,0.007511586780346136,-0.0019211653455012412,0.002662677460029572,0.0038709554450582218,0.003275000595274191,-0.002991221527030352,-0.006014588412106003,0.0011309525356479888,-0.0006576378313150055,-0.004081184584803443,-0.0008841881985213185,0.0007691205579953841,0.0010421217858473941,0.005693264140313792,0.000507880373261882
2022-12-22,-0.0017348064161666343,0.010738632378573865,0.001880908664139147,-0.007890251762735834,0.00615201370549201,0.0031262629102746242,0.0016717459617034969,0.000653494447583558,0.010881036488948892,0.007449512824445614,0.005632043619014926,0.011388460344438078,0.006390924575914836,0.004791030254633233,0.004283769846786578,0.001323760480319125,0.000507880373261882
2022-12-23,0.023894130396135527,0.00617526535193913,0.012162617489476668,-0.007404915228046982,0.004844376386934135,0.009207366842426845,0.019933720533458654,0.030707243364187065,0.009542703266123498,0.01620334223645492,0.01887407046739753,0.014642853937041789,0.01666855568509007,0.02176077551758615,0.019965747250766164,0.020379734519790027,0.000507880373261882
2022-12-26,0.0017101096461578091,-0.007530918888224436,-0.0037821429676125895,0.0002535879698450927,-0.008673769804584452,-0.0031188810403710576,-0.010730325785482497,-0.019949876808528666,-0.01249570342194728,-0.004338484840310741,-0.015244593922763672,-0.009660102034248386,-0.0123451974125669,-0.0138733622905719,-0.016118850880903035,-0.008732081794357915,0.000507880373261882
2022-12-27,-0.017138430933024362,-0.00527070654871864,-0.013507284753783266,0.02163129942516906,0.010160056334958423,-0.0055239534934130585,-0.01054529769402357,-0.012766056253318947,-0.0033106370824529385,-0.0252038459160574,-0.0050144430995402445,-0.005359912240074705,-0.012003719564475879,-0.014416632901145143,-0.011529318923288678,-0.0017000133886616586,0.000507880373261882
2022-12-28,0.022040524386737648,0.010030235812264587,0.016256225467442542,0.005046846793411497,0.011444443556064998,0.014173712483436018,0.022982387957948047,0.028396044643821394,0.012669461792933712,0.021932090464220177,0.021661354399018284,0.018742390403454268,0.021790284738522736,0.025031139870357766,0.02569669590728685,0.014968970262363435,0.000507880373261882
2022-12-29,0.00618084955187137,0.003842905531851848,-0.005730162054865318,-0.0041832180226198945,-0.0001020928754164041,0.0010228856064502523,-0.003684013570397271,0.00014624896424297873,-0.00037740152558141116,0.0003705544185763632,0.0026323892324167097,0.0072323864706616,-0.0005967129947125338,-0.0024636450367013785,-0.0007941756235545494,-0.004765258577337228,0.000507880373261882
2023-01-02,-0.031885983252835426,-0.017682305718957902,-0.02458959779671488,-0.007145745647223256,-0.020043499289440603,-0.02055572796203564,-0.03236502132994701,-0.037066678393034236,-0.0225699489839688,-0.03399968104545514,-0.030360250267622013,-0.026534349056064666,-0.03023929554708904,-0.034223893145077566,-0.03468967701076642,-0.0288496180947857,0.000507880373261882
2023-01-03,-0.0330281508919027,-0.01876262553150776,-0.025540403405912127,-0.017878446330486963,-0.015711683604776483,-0.023973360022129797,-0.028850358469828308,-0.024188183551905773,-0.018399117165291967,0.026832864288878877,-0.0215705121025509,-0.01857309627648218,-0.009225790886080998,-0.02131916448178328,-0.025212813068936524,-0.02015041579257415,0.000507880373261882
2023-01-04,0.008198716697233266,0.008519216721002199,0.03335143887300651,0.01018089705909464,0.010748223130801371,0.015493460498043676,0.017480226105145658,0.011973974067653215,0.009125446844996166,0.015347136851546983,0.0046540959970882145,0.011234384839698075,0.010674603652308878,0.014255795603538735,0.015002069599103551,0.010722651245169912,0.000507880373261882
2023-01-05,0.004441452101102694,0.0012503477322625134,0.022155947546899313,0.02829417880425722,0.01193144923834022,0.01435156082840483,0.019642575251505034,0.007022437611818422,0.003877785745756812,0.08783040597045289,0.02116823052532335,0.0019754120172406076,0.031828122737309394,0.028283359474787773,0.02040335922709935,0.021169989606436346,0.000507880373261882
2023-01-06,0.005700305336109768,0.010693404078888191,0.024473292167832117,0.007350411372140986,0.004363180493151431,0.01184537297323418,0.017727987795821853,0.0019049981616501288,0.005596588111646428,-0.033914734919294975,0.01460234765997881,-0.0006280238625729906,-0.003992467541477973,0.008666647158705354,0.014345081245471514,0.01245957909984341,0.000507880373261882
2023-01-09,0.004745210795682686,0.007078128996530264,0.020449754348686122,0.012110952663402896,0.01323997793681242,0.011101941563824047,0.004223674560984936,0.006419305576473855,0.00828536707332117,0.01174617347478324,0.008224799667838623,0.011879685423162645,0.008040150812240965,0.005770307122211937,0.0027035164933726374,0.0016017999616726453,0.000507880373261882
2023-01-10,0.004968214616935862,0.007163939725784552,0.05576141422895664,0.01686240880169465,0.010781394341471628,0.022024392308031437,0.025494615999782644,0.0019505144329650115,0.006470749265998776,-0.00383622857762167,0.014008351558031595,-0.0003456260326366589,0.005401692963174831,0.016267032243512558,0.01996613743091724,0.015257691130439843,0.000507880373261882
2023-01-11,0.026872656369305803,0.007725731408860126,0.00575878356252324,0.012936266663937435,0.013643006118281065,0.01335582466763885,0.014753234637675527,0.02525712785622214,0.008572130266444766,0.006185592106415783,0.016150023004116054,0.014674838579561422,0.014340971234986899,0.011735010080785369,0.015641443247306208,0.014503395272814856,0.000507880373261882
2023-01-12,4.5762784435909865e-05,0.0014439878162229025,-0.10558771754200325,0.007032599705287579,0.001105416837803519,-0.027653441838837667,-0.01788500952953498,-0.007379885246792672,-0.0032668042477798087,-0.11929026702174972,0.003870598444125628,-0.004588669127180367,-0.03409204568535473,-0.020125618341702345,-0.01898086186373249,-0.005025807578460495,0.000507880373261882
2023-01-13,-0.007309252102534303,-0.015354584910823421,-0.01317133670707149,-0.006802755410809991,-0.00591171645747135,-0.011052510051506426,-0.014243661478318348,-0.004879771437479863,-0.011167464215712464,-0.03289944729784533,-0.006192751970141908,-0.007320227108676969,-0.014333483978899664,-0.014324768202477745,-0.012008085024786452,-0.0077321280180241425,0.000507880373261882
2023-01-16,-0.004002031293556363,-0.00856601075801311,-0.02540502357107821,-0.02026924805657715,-0.010570668108084935,-0.014627440279467607,-0.01185486717783868,-0.003931853303047017,-0.007043607595855317,-0.02455484225817217,-0.006537544214111013,-0.0002159358932612987,-0.011528626170713374,-0.011582678110721556,-0.011040442381299309,-0.01521375429789984,0.000507880373261882
2023-01-17,0.00936265573893924,0.017087667402248874,0.014753111646351291,0.018930589930539643,0.019630137273073833,0.014774640200593936,0.014462567391575254,0.0163866039657643,0.0176314072321595,0.021222451366456507,0.0047183886875641345,0.009548980702214216,0.015466740304199478,0.014298885922753524,0.01589298295847552,0.019097253634895006,0.000507880373261882
2023-01-18,0.012504952609280195,0.007577406667985009,0.0032548244216934474,0.015859917382760713,0.01117716907700661,0.009425577881562397,0.009198183059173415,0.009516527127822805,0.009830096628743457,-0.0010718932544062643,0.004459539183071071,0.0027240729699018473,0.006539431201278534,0.008556436855331473,0.006070893596268112,0.0074085440797910795,0.000507880373261882
2023-01-19,0.001531336026467045,-0.0006201456037829844,-0.007167381070401713,0.007420565008403157,0.005132428585968629,-9.534226285023983e-05,0.001655674405764307,-0.0018836188254762742,-0.0011747518092697362,-0.013663128461421592,0.0029616910243930317,-0.00046888738074912784,-0.0032638710192217646,0.0008952417058500917,0.0014700049734643894,0.00599679829466182,0.000507880373261882
2023-01-20,-0.00857059079314093,-0.007610836925955322,-0.01174257601195472,-0.0019204628206463958,-0.00547183730128864,-0.0074127964344488095,-0.008659002832952734,-0.007536102057402294,-0.008429676599915892,0.008241408143383033,-0.004076034948024998,-0.007700550824102259,-0.0031189496224367508,-0.00673729500333764,-0.012060235169871203,-0.00717611942290719,0.000507880373261882
2023-01-23,-0.00023253236401166166,0.0014868463737489623,4.458336029156129e-05,0.0010421067488286528,-0.009814762726564341,0.0010633520600613622,0.0008845376831261298,0.0015203270094996668,-0.0007410216720115104,-3.856013378100709e-05,0.007470060325018624,-0.004045932754890846,0.001592451423419572,-0.001656542890972279,-0.001740286845085759,-0.002247087629905331,0.000507880373261882
2023-01-24,0.013716018894393889,0.005015773600798523,0.0008541981288967548,0.0008573332846519843,0.007781337893276952,0.005051762770867052,0.016798415551789514,0.013185581731328,0.002357153737216011,0.010646249670746233,0.009424345755815855,0.006090763300793389,0.008808497312478458,0.015344163172895664,0.01801962590313244,0.01139380342325702,0.000507880373261882
2023-01-25,0.013339650701049699,0.007904657552015415,-0.0157331013577926,0.010392937408010061,0.008456672618596173,0.003325007815478287,0.011733983175840068,0.015065923629057565,0.004048283862552626,0.008770685518014298,0.011950081965923509,0.01065536038931758,0.009671292775947471,0.010760051074448995,0.008624926821174439,0.010941537165130022,0.000507880373261882
2023-01-26,-0.0003852317997909971,0.00527167605995138,0.013389263089724768,0.009558571600903676,0.0027993599995035368,0.006722735665084523,0.002961628189130261,-0.004246422992087218,0.00442300259085604,0.010378758383463138,0.0030253462218243765,0.0020790017542346995,0.003541433686172768,-2.1090572311033284e-05,-0.0016078068645284382,0.00019912012379630362,0.000507880373261882
2023-01-27,-0.01019482306356645,-0.004481717488323267,-0.004878820426216013,-0.019020672513375803,-0.01597396235014603,-0.009965832773465633,-0.009228939849758477,-0.013316875417465401,-0.006967743825091022,-0.01643766750391429,-0.00764186883723772,-0.012558714557267203,-0.010764908289013997,-0.0100457629543238,-0.008676863769197296,-0.016714319712961778,0.000507880373261882
2023-01-30,-0.005800882581398659,0.002527018562426653,-0.006264281163628982,-0.0026742452123074134,0.0023956857854181557,-0.003795813254819036,-0.0035788945007354522,-0.004561983224917965,-0.0027256283030162587,-0.007271782398495907,-0.0008786542095544636,-0.000257278875929412,-0.004458565832959893,-0.005560659908876997,-0.002574725043826831,-0.0007468366224224754,0.000507880373261882
2023-01-31,0.003450284495255973,0.010244300871210088,0.030249021447122937,0.00909594510970857,0.009579865741042193,0.013488090696109456,0.02010144056488561,0.0018462403294738916,0.013655879572496143,0.02231699531547382,0.005747088607090056,0.007789944520541381,0.011679192903484292,0.01795645130971457,0.01529643324278096,0.00954117460207038,0.000507880373261882
2023-02-01,-0.014009659423616982,-0.01996630786904463,-0.005009191277495106,-0.013930555178633286,-0.013365196726772943,-0.012673118976458952,-0.009423997871971013,-0.005367928240613051,-0.013159695793458548,-0.012073285318477178,-0.0007019693177487962,-0.0006372844183010207,-0.008978582631811172,-0.007647489838014221,-0.00876706729057053,-0.012002414222660573,0.000507880373261882
2023-02-02,-0.012944830447848332,-0.0016938163825591657,-0.023346774655044977,-0.01939332090307133,-0.019474046760493247,-0.013722958043182354,-0.01410269382240903,-0.012567098013638534,-0.0030115318923134016,-0.02114738660837745,-0.013195671056017044,-0.008247409014754403,-0.011681106546511333,-0.009888390126451707,-0.008985197543129653,-0.018732071714193554,0.000507880373261882
2023-02-03,-0.01348614453996877,-0.012581104028149714,-0.028772436090130027,-0.012044112943583318,-0.005855144466665352,-0.01757855224926319,-0.0255189085774985,-0.012473652748272834,-0.012793746696583508,-0.03641771763710966,-0.02279222348333554,-0.013644226338941468,-0.02137596484727733,-0.024705838448675244,-0.020771990441542654,-0.013991734307547521,0.000507880373261882
2023-02-06,0.012087540399136731,0.0015541678382582358,-0.01016832771832854,0.002875130951579541,0.005277266705247197,0.001844410352525916,-0.005182168690027522,0.009627865958564463,-0.0009809862308032269,-0.014330236968470134,0.0005801155980749151,0.004280044043271536,-0.0011301666594492055,-0.005407737234629284,-0.002021782452344967,0.0012562535851861067,0.000507880373261882
2023-02-07,-0.009222025678517598,-0.014667141132430728,-0.018528554804823072,0.0016038445527826184,-0.009261922194408467,-0.011019806407196242,-0.010899475768909928,-0.01520074615259015,-0.015143182740102179,-0.033267291802214105,-0.0032695806839828645,-0.014364289016011944,-0.01687555557732201,-0.015249210599026286,-0.013881137717789871,-0.007339841059740615,0.000507880373261882
2023-02-08,0.014689667731704992,0.020611222112344674,0.001462388903043177,0.0034294554571761005,0.015455165233857926,0.010626645560069425,0.014889043316954398,0.014451067730036016,0.027062788099153412,-0.0024880701545535455,-0.0012113850578284735,0.01786399463787225,0.009877142464256528,0.01318109786164201,0.017802581734197798,0.018433945810294006,0.000507880373261882
2023-02-09,-0.0208321811101555,-0.02458309308885731,-0.029079697351981904,-0.03511083679908922,-0.03312388732682192,-0.025319256112433464,-0.025191827918455423,-0.01578923659722309,-0.020959310727354574,-0.027259183361773687,-0.023652615997917903,-0.02307071621905632,-0.02164992970961699,-0.02485438980962995,-0.020907793576920186,-0.016958306816205027,0.000507880373261882
2023-02-10,0.01964391140657873,0.013876800338489703,-0.0016763623664591831,-0.004976802323277907,0.0044417453832785725,0.006891088294456615,0.002530657193931418,0.013791400181154989,0.009104151273516159,0.003143264439032123,0.0002580372858904667,0.011884166123950157,0.006627405785647245,0.0009169630287322317,0.0018317723875085345,0.0003576244485077318,0.000507880373261882
2023-02-13,0.0016591894199151636,0.010636836105955672,0.004285217799067542,-0.0049924100304917784,0.007292597839903658,0.002392936060328754,0.005524125285746306,0.0002358273082636586,0.014162434649547917,0.005600014443000623,-0.012015837533173479,0.005887492683575468,0.0020037360000748627,0.0055121234896244875,0.007877292491996535,0.006292289132081574,0.000507880373261882
2023-02-14,-0.011191561889579815,-0.0038756630052269037,-0.007061337049700245,-0.00697518044674883,-0.00487228908301518,-0.007939878525164423,-0.01292448542215896,-0.01151340085916952,-0.0033056746312266627,-0.01898114726811939,-0.0193300198270967,-0.006542264864519809,-0.013021778486356328,-0.014822781922786632,-0.014288733195701897,-0.008547727357951285,0.000507880373261882
2023-02-15,0.011537965033451947,0.00966448381070073,0.018667280892469718,0.014085478097432658,0.0012725894138980731,0.014034718993342965,0.02057481092098712,0.014610482862045249,0.011344792284138316,0.019575966063887673,0.012674720287069174,0.011193983666437424,0.014266912705344081,0.02062503797181403,0.01745440153039346,0.016387149131015022,0.000507880373261882
2023-02-16,0.00040062681180463855,0.00412053556206593,0.004472886814662402,-0.001953993102238538,0.004839123764861064,0.001107207638058716,0.0022105311954072615,0.00393363462014884,0.002721271519295243,-0.004134565529770984,-0.009372876529672225,0.0013543284776722508,-0.001975767038991605,0.0021004877899355456,0.0017116071602232275,0.002904047899905171,0.000507880373261882
2023-02-17,-0.012553835482977949,0.00900079222249861,-0.012105752378773538,-0.009921728977290822,-0.00042204217021868384,-0.006532900664736108,-0.005009586478427752,-0.007971269141035964,0.00808156737476895,-0.010415398010448107,-0.0013504894136003864,0.002827336521562751,-0.0021923733427361425,-0.005248100157852598,-0.003637422737128193,-0.0069715384075895726,0.000507880373261882
2023-02-22,-0.016836625801714744,-0.011928716142609708,-0.017683881949149494,-0.017761726236739328,-0.017600813345669875,-0.016275004777860258,-0.01937246526827252,-0.019677104002780887,-0.012648026566102755,-0.018444051389646,-0.004429105749414575,-0.015575625332732934,-0.013826599502597348,-0.02021224529544252,-0.018464626517607163,-0.017658871746669136,0.000507880373261882
2023-02-23,-0.0026974661379151055,-0.003278492104184183,-0.004879977675664726,0.0072454324635089495,0.003660425053363392,-0.0008468021977900975,-0.0008448188110883326,-0.003187160340875961,-0.003346920863962377,-0.006725396359434699,-0.004925898795934747,-0.004328569223279066,-0.004235438227706445,0.0005257761126022942,-0.0007875553025966653,0.00362270167754164,0.000507880373261882
2023-02-24,-0.007136566965868951,-0.008443390114326599,-0.01354026784327056,-0.009264051518922733,-0.01524552803013779,-0.008804570383402543,-0.01398386553525377,-0.006959518429113687,-0.0077983701247251735,-0.016172563430344233,-0.002547089792665491,-0.005704997281387625,-0.008569468585201245,-0.013291773251333683,-0.012451856684428164,-0.016782116834693883,0.000507880373261882
2023-02-27,-0.003830789847179883,-0.0005131343332585026,-0.006972746910116068,-0.0033391888441085538,0.001101385303668767,-0.004024525327908757,-0.0029701657861559427,-0.0013885948247673863,-0.0023822981832942736,0.009451394351883247,-0.0019340813050320316,0.0012617178331528756,-0.0006341323368531659,-0.0004124256297175499,-0.0017806661904811172,-0.0007753779187519294,0.000507880373261882
2023-02-28,-0.023158573019003925,-0.0022630271213947006,-0.023124054492921986,-0.004313863978909538,-0.002151175896828339,-0.013760677272702582,-0.009156201155307797,-0.0015295037213193252,-0.0016334817929328782,-0.024501771621830537,0.0011739902196268304,0.0005954042502447354,-0.006975332996242201,-0.003991951999269161,-0.0037591711682656292,-0.007146147729568453,0.000507880373261882
2023-03-01,-0.011237231268840353,-0.0002761464781643186,-0.007591140749607761,0.007441603959955412,0.009017276963370069,-0.00341706333067604,-0.01620088735349423,-0.014534901865216887,-0.0012697900826904585,-0.024327273758355417,-0.007312508307022014,-0.0032744084917636362,-0.011013288202335048,-0.01725115056672788,-0.01467528569935217,-0.0029277236746301227,0.000507880373261882
2023-03-02,0.003973052433575264,0.007754933591355373,-0.0035730425124816945,-0.010287846493813202,0.007512188397729824,-0.0010498293724823249,-0.0072096960927295894,-0.0073096370373130215,0.005791827444037834,-0.009467739247156937,0.001415214321974556,0.01194502879456194,-0.0025365154203755846,-0.005203791337096475,-0.005694710148151594,-0.009465781595965339,0.000507880373261882
2023-03-03,-0.0025674256072882873,-0.005361919439108798,0.0035972386730234174,0.008870680110769857,0.0016729044969054918,0.0016592909269173006,-0.0013964019613408318,-0.0001508906529146259,-0.0021550461840279533,0.005317184307244371,0.007963259990678706,-0.0020210479363828027,0.0019830944623364655,0.00019263899479926572,-0.00022028175413113527,0.004975729645579463,0.000507880373261882
2023-03-06,0.008656338641920724,0.012157176644337353,0.009038608717099939,0.021230017722823957,-0.0015562823483359356,0.013630143511766057,0.018472806722091395,0.007537102946764351,0.008746704121331605,0.0264950808165223,0.030778528916353354,0.0026599650952645604,0.01988815709053604,0.023620672425326283,0.020614652652742205,0.00580369355574839,0.000507880373261882
2023-03-07,-0.002270331067637632,0.005436382509944382,-0.0006745349487191632,0.008300408905854928,-0.0057253027340147256,0.003431046909415647,0.0046131549937029614,0.00276141857848633,0.00373814212473933,0.00014559391014357104,0.017662425522821268,0.0005965374306704518,0.006659196712834881,0.007757711040241366,0.004921389322710024,-0.0047349021704016225,0.000507880373261882
2023-03-08,0.019369498819334474,0.007733588006008318,0.031876137613454425,0.013803678847467582,0.013490788246267149,0.018041380264804507,0.029130631283948105,0.017278147688742918,0.009987944090900536,0.03951703362710113,0.011338178720458725,0.01327217509933365,0.01867032468599672,0.02919260051362027,0.02505034908700332,0.021379380650533797,0.000507880373261882
2023-03-09,-0.01604290103750783,-0.0011192397051645875,0.0019178813297577868,0.0058201618632580665,-0.01640961142513986,-0.0010309168947020275,-0.00521833361500168,-0.01645622603076302,0.000668866761221576,-0.0015699316155622922,0.015763047536192065,-0.007741632110208507,-1.4245735559414996e-05,0.00022720167621059773,-0.004793980018534039,-0.013424476365751392,0.000507880373261882
2023-03-10,-0.01708370313854124,-0.007966648043622238,-0.01967609216943844,-0.025244952678092347,-0.007159995993865853,-0.01750147849916539,-0.021360874714639655,-0.016888133498690894,-0.010183666232370103,-0.024897802139212333,-0.0327922324591392,-0.00577877417486472,-0.02133490350197864,-0.023259643015535958,-0.02069630394940758,-0.013198212991077374,0.000507880373261882
2023-03-13,-0.006784382432618918,0.0038643546138652507,0.012252008946928905,-0.006856505471762198,-0.0006406161377321418,0.0011933318209946808,-0.00017471420393200265,0.002502062076327416,0.0050476386179183486,0.012822790530275574,-0.00349348124662352,0.00927207529759655,0.0031550708419580964,0.00409976384357269,0.003282610229513816,-0.004487493507216889,0.000507880373261882
2023-03-14,0.007955707653767297,0.008590514562576423,0.005526560299658145,0.005164750380399985,0.0069825789993214205,0.006807108614210522,-0.0055484811646331345,0.0058486756890570035,0.008119814774155909,-0.003691246594794917,0.000128180849424675,0.008078949311813854,0.0023756833041499448,-0.0100416968731315,-0.00745798811812215,-0.0013499646296478707,0.000507880373261882
2023-03-15,-0.015220452608832424,0.008032785776817208,0.008674813365478151,-0.01562996484428114,-0.006388032745593519,-0.0024848424175947237,0.0014020183530667474,0.007333798802734215,0.004876103680151234,0.015231019683224156,-0.005616537746093053,0.006925581636124889,0.005584666540180416,0.006705724601300478,0.008934506155969135,-0.004463511972894629,0.000507880373261882
2023-03-16,-0.0071673084283802035,-0.007405525060710905,0.014666163505041796,0.004994186962895997,-0.006904718977658431,0.0006117195504995454,0.007409672690555036,-0.004042901761509343,-0.0002907369909420643,0.005185267183120512,0.0027373310134828355,-0.004703983198386497,0.001342453373176955,0.007460972398287247,0.004464479796138843,0.006805099104466361,0.000507880373261882
2023-03-17,-0.022613856172604363,-0.01989735163864803,-0.008591761493917605,-0.008203369740234834,-0.01721320194216669,-0.014822608293977635,-0.01719201718924379,-0.022067343173956755,-0.019016012607600108,-0.010181400655148498,-0.014470351699070405,-0.02027188280726322,-0.016881006661334852,-0.016542069376006663,-0.018011599336800188,-0.012872841086146503,0.000507880373261882
2023-03-20,-0.027923869219490305,-0.002466064629280118,-0.021116594344815942,-0.0048998112700225915,-0.0032830255969266142,-0.013964512350629121,-0.02118512353107671,-0.022695701410937685,-0.004473709120187075,-0.0259804452595076,-0.010928904736645872,-0.00472822030060327,-0.015763929750041372,-0.024748510105448984,-0.016504380373755678,-0.009936815093383955,0.000507880373261882
2023-03-21,0.003366479089496055,-0.0074218191545720735,-0.0009745528160159944,0.003654185319660108,-0.0021639665554938903,-0.0007350172207657435,-0.002533268558188362,-0.0005399236356269377,-0.005573088001614712,-0.008221247024595146,-0.0037300076464542586,-0.00825818558924929,-0.004314613674369028,-0.005583215170074207,-0.003319728078763462,8.986628130758234e-05,0.000507880373261882
2023-03-22,-0.004731862752773708,9.542216584201846e-05,-0.006761843050088312,-0.003367741656945422,0.0009722142764947428,-0.0038868688140381025,-0.005526117795287,-0.002442012583459441,0.0009242727019811436,0.0035121203127999046,0.0009801797952162516,0.006092955416179491,-0.0002489616107588244,-0.002148567862751749,-0.006032076535429809,-0.0075480893111213865,0.000507880373261882
2023-03-23,-0.020558554923625905,-0.0015975699877714966,-0.03127559661804924,-0.029226439159817152,-0.009588177554773925,-0.02121288642331831,-0.029451842429776276,-0.011242934062271503,-0.0053012020604490395,-0.037965363788153184,-0.02710259735775744,-0.0028041910503863177,-0.020223466835335602,-0.02875948203154166,-0.024480038416435534,-0.02299921828479823,0.000507880373261882
2023-03-24,0.008283659246774988,0.012459856511543466,0.01111807540225973,0.012886991723501717,0.011675489702924091,0.011108761322038418,0.017498582607367474,0.012957451167407541,0.012776205898269222,0.02324039202120609,0.028387700720833076,0.016724351168408758,0.018544438397022356,0.02123144324499826,0.019148040607543493,0.008489330927204275,0.000507880373261882
2023-03-27,0.010731624255273742,0.004665128230740168,0.0023250239009646734,0.0051210233077250145,0.007540885870144232,0.006165803597166342,0.006043906474588079,0.003499645212263758,0.006416040051047567,0.007687627426954613,-0.0015040873496421359,0.006598511004656249,0.004822221208251154,0.006261399414201563,0.006006090091351446,0.008149589262515189,0.000507880373261882
2023-03-28,0.01749782146254808,0.011844308802097414,0.005518453281383451,0.01643482602002777,0.011479465934994604,0.012987087513197215,0.01690926475456256,0.0204237449766691,0.008355035553460954,0.0032119305789233277,0.028996261528864142,0.009900003731455387,0.015326857223789458,0.01705406504654272,0.016313764238447437,0.01499975259262798,0.000507880373261882
2023-03-29,0.0022940578494006214,-0.0004880973398179167,-0.00089830777898392,-0.0029213271064070234,0.004137694033739647,-0.00016480088481873878,-0.00015661595284688357,0.006679051172612249,0.0029400073405758675,-0.019845409034132566,-0.002612817828399061,0.0037737827645569766,-0.00275609868446014,-0.0028211778193490966,-0.0004724166852095868,0.0062325656687798325,0.000507880373261882
2023-03-30,0.007447699495350513,0.006442947825197498,0.02982614779399384,0.019999606467082875,0.013493740791646891,0.015910747372559264,0.023344474624025446,0.01081098920286161,0.011032766366178892,0.030073285747349132,0.018387683777075114,0.014486151584773399,0.017180314814889908,0.023196392268821642,0.020368042688293952,0.018511413973363533,0.000507880373261882
2023-03-31,-0.021928421216396266,-0.010874438391250574,-0.013562750622674757,-0.00793771968374346,-0.004420201784647637,-0.01365731182599439,-0.016777055660581408,-0.013622911720200359,-0.010462900531039265,-0.004011267036078792,-0.005437478260450046,-0.004770752641468201,-0.008866588569830691,-0.014615637428885497,-0.016611619070635353,-0.017675849817979428,0.000507880373261882
2023-04-03,-0.009352399651673116,-0.008094223385889943,-0.020331995532349323,-0.0024918961505759896,0.004761257602390323,-0.010136552489354744,-0.012915865981238062,-0.01101743626767604,-0.009206596043572324,-0.033021271013328746,-0.004704426372681092,0.0012084399284597591,-0.014639434439922772,-0.015601736795231136,-0.012001023978155057,-0.003374827852732798,0.000507880373261882
2023-04-04,0.0223834450151017,0.018484433347634388,0.004000266643677364,-0.009214780261037614,0.0010343446700218362,0.008902355150996355,0.0054224209376099175,0.02051666223594517,0.015779537044102065,0.002359488263068865,-0.00565984522020635,0.021215198494888954,0.007220275303265078,0.006924826075077384,0.008021861472609082,0.0021197227203682,0.000507880373261882
2023-04-05,-0.010213301832440957,-0.0036407367334488905,-0.005788957121850902,-0.019901819305962798,-0.007514378814180489,-0.00926992550822514,-0.010549476459496554,-0.012981714754766394,-0.003923311948023311,-0.0014379505482173816,-0.014777791437993515,-0.005797688024662295,-0.007511230626839449,-0.009294037787159759,-0.008873093176046343,-0.009122577148923172,0.000507880373261882
2023-04-06,0.010886903635595413,0.008285368275378957,0.0029835060034726357,0.0006664127533626552,6.980972010417474e-05,0.004839759647297104,0.00406898472088657,0.0012754911365693289,0.0002963155105593085,-0.0037845999381117545,0.006737256316131202,-0.0014047310649305533,0.0007878957165317058,0.002054079660461783,0.0012655951755233819,-0.001469341886545128,0.000507880373261882
2023-04-10,-0.0011008667853938947,0.00018203345971334883,0.00917408455896207,0.012177092549117141,0.0061000142380747135,0.004082639225680085,0.005681260481944284,7.798133216896375e-05,0.005601078248355318,0.0058027571717207405,0.0016178448868200412,0.004763817619406474,0.003792982511899856,0.003027119133391043,0.003636577127898555,0.010433938941492471,0.000507880373261882
2023-04-11,0.030904029034853675,0.019386452657354614,0.05141959777746896,0.04462396973657534,0.025742323345615548,0.03633729350675119,0.04662185442996436,0.03166273698934652,0.02255996851299269,0.06104620727469445,0.031162097157849233,0.02071187864248647,0.03566505510325624,0.04854299917805127,0.041966752807016894,0.0428720102563509,0.000507880373261882
2023-04-12,0.010056878647305423,0.01054788337518664,0.0043412316360480485,-0.0007171265030031515,0.006695641610828806,0.006461966756210247,0.012232555672589962,0.016372915151700917,0.007533287459757121,0.004479322080908066,0.005602164339527427,0.012704052911417962,0.009359176693813476,0.014411585106804514,0.012466686701430252,0.005322762273759718,0.000507880373261882
2023-04-13,-0.0017975281165826251,0.003933985697071929,0.01067558038186589,0.0017956456167029788,0.0025351635213684,0.0038509075202939336,-0.001860427057999492,-0.003927679646687721,0.0029196747736788264,0.004864450037895152,-0.0016980151320944437,0.004426720282309171,0.0007207325945244314,-0.0020740621182335772,-0.0027203162612287057,-0.004195028778021359,0.000507880373261882
2023-04-14,-0.0037624778193757757,0.004989442704695701,-0.010997554532246157,-0.008488421765480814,0.0025527205859914304,-0.004572392349437515,-0.0071977605954696156,0.0016414263158890385,0.005159337313876744,-0.01645195798901422,-0.009522536233975032,0.0007215460718965616,-0.0045297183189505486,-0.007358297809569536,-0.006103065269437491,-0.002056342266746225,0.000507880373261882
2023-04-17,-0.0066058879501044165,0.002966132422592027,0.001077259564941313,-0.00013658179215503274,0.00157060923182617,-0.0001489722700284135,-0.0026776906336919426,-0.0023569160965443148,0.006350859557908706,-7.190181126603967e-05,-0.0035002031853160753,0.000885144843921104,0.0005464076675014695,0.0005602664011363778,-0.0006384056969481744,-0.0029846331814327165,0.000507880373261882
2023-04-18,-0.010171738488446658,-0.0049791820884153015,-0.0011629112239289752,-0.0030929673900236265,0.0025622763070476395,-0.00504944926048867,-0.009920555364027805,0.0005404952666667739,-0.0030233944172298743,-0.004504338369671679,-0.010470099338548366,-0.004527281884684209,-0.004523861078310709,-0.007798259939481134,-0.007392455414767851,0.0013168481958842904,0.000507880373261882
2023-04-19,-0.015633408638735524,-0.005140404323692227,-0.021179209487502515,-0.02041222028934142,-0.012670454193408509,-0.015606755372867931,-0.023052756498475047,-0.01636901804455093,-0.006960792100688451,-0.021657782383908142,-0.017587453112899554,-0.004620348619315817,-0.015531702087937416,-0.02567217546569278,-0.019575840208596595,-0.02139055208786722,0.000507880373261882
2023-04-20,0.006876463875920225,0.004069204650200664,0.012542803268017932,0.001831502728950829,0.003270966770193784,0.006248679832852488,0.00925510932112239,0.011000431908679609,0.005506149962787088,0.004956463458885008,0.009001808491445606,0.007089642540166086,0.007384000901193177,0.012166320403128594,0.009267718293846539,0.0033440401585735913,0.000507880373261882
2023-04-24,0.004913532336816351,-0.00031154097969365857,0.0033614642895145597,-0.01499546311638078,-0.001823694595863512,-0.0012424071526343505,-0.0014946195158729303,0.004037662681631193,-0.0017848131662029365,0.0016110830172921808,-0.006157855369698262,0.005873112315975648,-0.0014923567803499793,-0.001384137372356764,-0.0010024104787096366,-0.005252109670847993,0.000507880373261882
2023-04-25,-0.005995041989238392,-0.0007177549889416657,-0.018740907798732276,-0.014696880738732432,-0.008227481885856425,-0.00955443170243564,-0.010364272073823289,-0.0039051199750554932,0.0006212665141311913,-0.014707694852743258,-0.0005941032652515554,0.0029323074268678972,-0.004775843764496246,-0.007099689295252509,-0.005792296178963929,-0.007847355157859615,0.000507880373261882
2023-04-26,-0.005421005479186891,-0.004125980061603141,0.002488408356480898,-0.005615377869231386,-0.007361850930622249,-0.0035736532167007784,-0.005490021096633435,-0.0021858196728998802,4.772924913432064e-05,0.003276430603959213,-0.0096759479288413,-0.0017389722959513243,-0.0014741031416785066,-0.003922068727807093,-0.006956821127673374,-0.008142398624616187,0.000507880373261882
2023-04-27,0.0010270851447458096,0.006613603311390603,0.015192620368947862,0.0063594383692962,0.004430259799679259,0.007720329076412735,0.00962429466013659,0.009215523700015993,0.01011509314986303,0.02140204317580152,0.010263605361925388,0.010043592581290062,0.011880404024736224,0.010682103307365187,0.008134060742025051,0.006487271370104741,0.000507880373261882
2023-04-28,0.017060442157756706,0.006356480439934309,0.03737852277328324,0.02667494681662763,0.015625638527954733,0.02161335754218685,0.02284968072907345,0.010751757035454723,0.005730664527022533,0.04043297464949025,0.02278826074010487,0.003684539851428914,0.019501767398635517,0.022821037389784804,0.019737818118062744,0.014540906980857526,0.000507880373261882
2023-05-02,-0.010869317959331548,-0.002424847297229138,-0.005577770076605981,-0.02585461172011161,-0.017589918200315746,-0.010759681622207529,-0.018697425684408464,-0.010285997009955583,-0.005273543594610519,-0.01202819216898432,-0.010817552630707272,-0.005657086837795422,-0.0088181775502566,-0.01690344979085978,-0.0155633146190014,-0.024234209702048592,0.000507880373261882
2023-05-03,-0.008221492843925038,0.0034787615606239886,-0.008485977634755004,0.004520254718578975,-0.0007606320827622248,-0.0015113915318063498,0.0032863921275547714,-0.01289240543552106,0.006728623253364985,0.011798879316186506,-0.0003173803829614741,-0.006156660222036758,0.0025257304371733014,0.004754645590817619,0.0038423430231582234,-0.0014032717383074544,0.000507880373261882
2023-05-04,0.008483867265707268,0.004453634849520105,0.011719398182020724,-0.014552547631435653,-0.004566997224029756,0.0035712445666551407,0.010806415423630922,0.011074487491769203,0.006341504430158462,0.0172250194738659,-0.002868770698601697,0.005142256132736334,0.007689032708356303,0.010700974333872626,0.011215240950351202,0.0030941487603459716,0.000507880373261882
2023-05-05,0.007143050757370206,0.005452332223628842,0.04106594446749656,0.04355885096168155,0.017803760964187676,0.02358859765649468,0.033434792204251274,0.002068929470074421,0.009058466117048747,0.03696769405095934,0.040861855014609816,4.4977414600300136e-05,0.021826271262956,0.029458590370791127,0.02873629773252917,0.02915258257724007,0.000507880373261882
2023-05-08,0.005037622081839999,0.003202058261485341,0.004148994483063717,-0.0009615500376979336,0.006032219286914886,0.0028800443408543153,0.0070623722094784736,0.001743314089334369,0.014567979693525634,0.009749809303024604,-0.004473963075629861,0.0036033345074559797,0.00551926115056145,0.00967728346092045,0.007272060620875154,0.008302257207954966,0.000507880373261882
2023-05-09,0.010317132028692777,0.0019561471046458667,0.014207104067033294,0.006650517844516424,0.005142611032361355,0.008050117195191886,0.01228301430105061,0.011855512660843726,0.0006574140695758679,0.00038267119430668295,0.007529576634851987,-0.0002492976933767821,0.005443915014876621,0.011901179652686,0.015422588504264478,0.010026301139985039,0.000507880373261882
2023-05-10,0.006651176393507985,0.006654387514056559,0.02031661301034715,-0.004398997135176108,-0.00024597926523328706,0.008091148210884969,0.013442909763616173,0.011153371696768444,0.007442258749844832,0.03425742937181897,0.007235645776920485,0.011597645757118302,0.013651148392705759,0.013913895693244527,0.009795381862663266,0.00290509913348469,0.000507880373261882
2023-05-11,0.0027515094767365245,0.009211302264258148,0.005785085470846996,0.0036828628602747493,0.006389975579966345,0.0059503767196114055,0.01050664916267574,0.004804552281478358,0.006822488553821282,0.02030926933459498,0.008439144350645522,0.005569342958307244,0.010235506033961395,0.01327794761032397,0.010432172196237044,0.007567263333861485,0.000507880373261882
2023-05-12,0.004641423342921502,-0.002113077958821319,-0.0013691564824898084,0.0023774922894259642,0.0014836241607987244,0.0005125127517113803,-0.002169781562782247,-0.0038651826554505497,0.0005562141046129288,-0.02333473060883995,-0.008529139987392576,0.00023523867612484928,-0.008730483631530728,-0.00895850642366769,-0.0038123474444635708,0.0018033902771068533,0.000507880373261882
2023-05-15,0.002699159305774357,-0.0006657231144420184,0.009695429074776385,0.0005488716787112047,0.00369027979687786,0.004551596608662445,0.007176154291957504,0.015567201486856419,0.002538158827141368,0.011528322489192222,0.0007032449916812844,0.005220374072463896,0.007694413808943423,0.0116996076015492,0.0087150215787275,0.005140919947405065,0.000507880373261882
2023-05-16,-0.012402227906591068,-0.004853424219683045,-0.01682852057759221,-0.009603814393720822,-0.005456549317971793,-0.010832007901591889,-0.01667639484111283,-0.015967989322940523,-0.00641396687518736,-0.02087974707554774,-0.01313840917588116,-0.0059312991046209795,-0.013755141883430189,-0.02147819049056776,-0.01875467716805912,-0.007600742105965508,0.000507880373261882
2023-05-17,0.004772610249107911,-0.0036391620299600635,0.010459985731043897,0.031675212023102084,0.0016308882624858079,0.010443396589986387,0.017586422050278383,-0.0016966423017927834,-0.004155800253519248,0.02874202757567046,0.030856984800710086,-0.005283268209542502,0.012897166162706641,0.019563464379291018,0.01577498069932526,0.01185604432596521,0.000507880373261882
2023-05-18,0.006030121021573409,-0.00260351119818536,0.022089942705441068,0.005278714848969024,0.0021056680613460443,0.008104432823489605,0.01519890571779503,0.010347022011606422,0.0007079594428409663,0.028033333998230825,0.012094181937962745,0.005537655411403941,0.01161289858998904,0.01936621937074312,0.014785343278438168,0.005963775217596501,0.000507880373261882
2023-05-19,0.007636716647173136,0.004096222060079313,0.017857000066338946,-0.0011815610220725636,0.00012969807412366308,0.007839062207587455,0.01063793728392759,0.015407905454530635,0.003604408798481673,0.014923883002528893,0.009551804735726588,0.007275392452726459,0.010199495719269924,0.011807637385529368,0.011637744133370154,0.0057827076576622005,0.000507880373261882
2023-05-22,-0.005643896443594643,-0.0019197410062363751,0.005641985814010209,0.01664137083730144,0.003232070896297845,0.003223095199052839,0.0027660454333808815,-0.005672325892653207,-0.002677132886079958,0.013484195057052561,0.010822059038966048,-0.0034842019812613145,0.0044833458986393016,0.0021318297187995494,0.0008902157199506266,-0.004776550581427674,0.000507880373261882
2023-05-23,-0.004138897891467375,6.15161302854883e-05,-0.015769972875349536,-0.00818240184603547,0.002903627397760067,-0.00725690431259951,-0.008674395317662675,0.0012504648752451608,0.001335437364449188,-0.021145401388833918,-0.00574691889703316,0.003145153805101053,-0.006468765946397115,-0.00941835951518788,-0.0067021238365615465,-0.002673515974349616,0.000507880373261882
2023-05-24,-0.010047663217068736,0.0005227333350592556,-0.010089135992371379,-0.012230928939705121,-0.0037691037130659355,-0.00800341976607899,-0.010788778473985183,-0.013406370562711212,-0.0007365737734404965,-0.008565195509221524,-0.006937016225552872,-0.0033271228851115,-0.006859390846463365,-0.012241783821620555,-0.01056722321713921,-0.010044613896908805,0.000507880373261882
2023-05-25,0.01368606732255695,0.01375778876947753,0.019291658475639073,0.0023379723188303725,0.001995035192822403,0.012443940616013949,0.016557233370027236,0.011911351944399184,0.011603542181632953,0.025984932963514673,0.00827032353465218,0.006891956322902182,0.014956220747418536,0.01721836125202425,0.016003363997306286,0.011186260898587985,0.000507880373261882
2023-05-26,0.0017501766680418918,-0.0002951622255102926,0.003483907884568316,0.014536862167151776,0.009711543026160063,0.004269923074949,0.006996193136860729,-0.003749147902642691,-0.0010241537629763764,-0.0011180939097280573,0.008177211977159704,0.0004386743887816458,0.0006070284284831473,0.006238143813472208,0.004933524876062245,0.007948669871739478,0.000507880373261882
2023-05-29,-0.001070844376133473,0.0008702230164179259,0.007976027929627705,0.0013298411797937337,-0.0004754853486554911,0.0023825833562596266,-0.0011678151167753281,-0.004881812396444918,0.0013510993834382479,0.0005808261174542473,-0.0011119592996782224,0.0005272395346687109,-0.00045674823494179506,-0.0033614739704898033,-0.0038379123666728576,-0.005021940046612605,0.000507880373261882
2023-05-30,-0.015583902208555211,-0.007861794433011826,-0.0014467696332374214,-0.014376532501870876,-0.011600529528533854,-0.009186184304008527,-0.009540856772561113,-0.008593818814426779,-0.007826763833103989,-0.009705965419209761,-0.010757161838960694,-0.008835723322455302,-0.0089003872551221,-0.010770913028300133,-0.010006231425558454,-0.012474443706366967,0.000507880373261882
2023-05-31,-0.014292704333219164,-0.01673159414605052,0.005636815854618726,0.00258672737460075,-0.014778932612900753,-0.005050067762335075,-0.0008479706864328307,-0.012148094061093628,-0.011609943421154734,0.01331521819363135,-0.0022527875689646315,-0.014209117930479298,-0.0030446240442696393,0.00015712040267157334,-0.0021788338397104035,-0.005941837520123672,0.000507880373261882
2023-06-01,0.0036391975604181948,-0.0019699271230871895,0.02769777534569573,0.017840183947638755,0.008870967160329313,0.01254878423713457,0.02416058721613612,0.006983108708736863,0.0026267981023126996,0.029535536529506468,0.016959882067526078,0.0014129237297506592,0.014478656590674932,0.02496577031057301,0.02256984460106981,0.02051152651597854,0.000507880373261882
2023-06-02,0.017779013713563163,0.013500404962576207,0.0029175508018961516,0.02746492556290714,0.013546946986937147,0.014825465040755326,0.011681841789199954,0.016957139595933146,0.011078082558661828,0.001793466870494198,0.014386268908927802,0.012535753168339436,0.01084709785599558,0.011800375757675896,0.011053639960376671,0.01795456778592719,0.000507880373261882
2023-06-05,-0.002160726848524752,-0.0040187206476781645,0.0038029195681532624,0.0016040266132275605,-0.0013434594715686643,-0.00013154774269652503,0.0005712722874799958,-0.0003590759498408591,-0.0012451759119251893,0.01067965493614631,-0.002681542582959162,-0.003340564459911155,0.0017342862309153162,-0.00010419835312358572,0.0007626847677184578,0.0010518480844114997,0.000507880373261882
2023-06-06,0.014856512656502563,0.016648193064748407,0.033368830611864464,0.024859677580075346,0.010461853656838827,0.023854393311459665,0.023869200450006955,0.023685678141677213,0.01676041973632514,0.0468658320831421,0.02859099471299298,0.015325334249621347,0.029205119346317865,0.02637393670188315,0.022851381019518557,0.01675428483655672,0.000507880373261882
2023-06-07,0.006756209654652512,0.0012090578801997598,-0.01222511472618204,0.001277395024056549,0.00763785535976047,-0.0012685302461519221,0.002349001385586913,0.002472663366255512,0.0007332934510630995,0.0001447458863734763,-0.005176112046112125,0.0031553695359534117,-0.0005151617106742279,0.0023014683162363436,0.003241087010720456,0.007911331004037958,0.000507880373261882
2023-06-09,0.015397369392825322,0.015045242111149548,0.0038915090525493135,0.011229774503561218,0.018946527109284572,0.011566183890240556,0.011484046477881593,0.022611497035654793,0.017657229410839692,0.01576983660148179,-0.0005068386107404121,0.01732687194731608,0.013842133705463944,0.011897410533099784,0.01120861040652632,0.013241823458138624,0.000507880373261882
2023-06-12,-0.0004530295129082651,0.004671449146370188,0.005588993428806033,-0.005993740153215521,0.0041607278709996365,0.0013168045205647072,0.0018714400810426746,0.01384043589387618,0.007184469404970084,0.024022452264387928,0.003245663324530579,0.011506740178614194,0.012059633664207148,0.00822701215954691,0.00823700891495216,0.002375567196893691,0.000507880373261882
2023-06-13,-0.00862804190857891,-0.005835064225714115,-0.016637506059514973,-0.009406292735400279,-0.004835325069730723,-0.010341524569830285,-0.015246972778585888,-0.015977239950783373,-0.0017799702460159494,-0.020633370150180408,-0.017913075483562912,-0.00908632343202831,-0.013716368843220583,-0.01828203447571064,-0.014720055585440317,-0.005073948285864938,0.000507880373261882
2023-06-14,0.010950551046551293,0.014835245373909345,0.028412834881910598,0.03060801479180464,0.021537156814942726,0.02177517649514349,0.02195194244807852,0.008495209111776925,0.015492323805917696,0.04046332464821534,0.023188600462144215,0.014452085884034238,0.022865759658038165,0.021989054964549837,0.018645108822375356,0.02015031748088636,0.000507880373261882
2023-06-15,0.0002292753887389587,-5.187448210530743e-05,0.004139414523550489,-0.0011687076904811633,-0.003415990867036145,0.0008411378095654065,0.005361981651694991,0.004587760143116348,0.0021165251774717397,0.008800618649746239,0.009894076918391281,0.0017784369735007743,0.006479719944406881,0.0042236194328881815,0.0036010283867113912,0.0012468768162399169,0.000507880373261882
2023-06-16,-0.002430541399537023,-0.009934878177426887,-0.0061117347853058,0.006868268930518617,-0.0012586234691107645,-0.003141695675965006,-0.008079522747971857,-0.0097860336033615,-0.0008300251422109772,-0.014311060201131709,0.012279481381420876,0.00012102776372735491,-0.0035267901877694685,-0.0078066140318767685,-0.006389056550243355,-0.0037996047597189664,0.000507880373261882
2023-06-19,0.0009061408805144389,0.0030952771061913964,0.015232566826908212,0.013749473232425702,0.009644723584482984,0.008865544578481988,0.008603537577724918,0.006791417866669924,0.0034934507375976587,0.018958259555997836,0.01273872446862323,0.005886639700069862,0.01044898307621378,0.010542920360328667,0.007264349539784609,0.009102732121170742,0.000507880373261882
2023-06-20,0.007065346222620006,0.00646513051487374,0.0050415890965958,-0.0035366888408674413,0.002451847998852008,0.003923982145497051,0.003190068154048209,0.015043542786084663,0.005027725753528944,0.029942729141964497,0.006137557279829009,0.018703458804829598,0.011953101956333256,0.010712688720730501,0.005916863756499691,-0.0022281685026386278,0.000507880373261882
2023-06-21,0.012502608587154906,0.0015205296324782847,0.005521415406183117,0.007471359435446301,0.008579479140604862,0.006880052697004535,0.00506185614568011,0.006376004357295795,0.004361911254413764,0.0011200078963771176,-0.004991621279526903,0.00291355094630541,0.001507334532873772,0.0030705751443926843,0.003804413893708558,0.006652697830852983,0.000507880373261882
2023-06-22,-0.013007401923452289,-0.007592180703229756,-0.01945105092741739,-0.01320161750233051,-0.01557538222941357,-0.013677896841659654,-0.016438837276425144,-0.013486769121520914,-0.011774714641649142,-0.015670024315678988,-0.011928421539733614,-0.017295106773407842,-0.01328212726782918,-0.0144038667494506,-0.01423518888047881,-0.012141757023407473,0.000507880373261882
2023-06-23,0.019393304870298778,0.011743007153872664,0.010699413741120933,-0.0015884332068775153,0.00682701184132406,0.009991402553990447,0.007799863696203335,0.02010185014539445,0.010957910957153816,0.004888036121481809,0.01573706961134702,0.019576550970348272,0.012394425357384442,0.009609351079911566,0.012193112999193012,1.2599170974514351e-05,0.000507880373261882
2023-06-26,-0.010475874937299734,-0.009736508868234961,-0.021097593061943365,-0.0015952191453039166,0.0034978428216376756,-0.010788727013360422,-0.013928802090084402,-0.007589246280716,-0.007698337229559593,-0.020888170416570317,-0.012996199322259927,-0.007058751357905568,-0.012505939856957804,-0.01581166749156926,-0.014481959616021167,-0.0058487414586696485,0.000507880373261882
2023-06-27,-0.013451311100654006,-0.004641077540288974,-0.016222357167585244,-0.0056078166222403025,-0.006005110995469076,-0.010521416865038713,-0.013859484219779117,-0.014970610339318569,-0.007096336095468003,-0.02002949480182703,-0.0036184640552340275,-0.010936623722746397,-0.011077657368965377,-0.01403707937815113,-0.012279228594620273,-0.006169201226437493,0.000507880373261882
2023-06-28,-0.0006466474071517014,-0.0008029518734518071,0.002346174168002868,-0.004191970917665988,-0.007337170176457297,-0.0008176859886837029,-0.003815349119909217,-0.002102707731661768,-0.004153759114698952,0.008425443294680202,0.0004599900273696278,-0.0012629627544191724,0.00022395895958426948,-0.004763764665099757,-0.006625425424290787,-0.007272373239998298,0.000507880373261882
2023-06-29,0.017598724831855428,0.008521526744803332,0.03624469212882886,0.0064791050643162595,0.007959747767568803,0.017447140915059833,0.020002453574388124,0.017316123130188155,0.009131805103533841,0.04390277783651464,0.008534948531052189,0.013309748111955733,0.019587169693395357,0.022253248750037535,0.017986278509178666,0.01451203770214149,0.000507880373261882
2023-06-30,0.014935104250744402,0.009543165628930428,0.008023521342444662,-0.0007761353284563288,-0.003167042250040386,0.008238126777353028,0.005054642539317866,0.012419212532892354,0.012864624527455737,0.005648612480248172,0.012433101077055309,0.016910381830904653,0.010717487207327459,0.008336415081552362,0.007134650413338939,-0.002831949682096435,0.000507880373261882
2023-07-03,0.0032720522390421447,-0.0013432103107656745,0.0038686268230578857,0.004649079975613812,0.009176640172543493,0.0013143088703684302,0.0064925928386723175,0.007128193203005173,-0.0032025807894341396,-0.0009776757895501031,-0.0022871011700614785,0.0010088312411871136,-0.0013314356333938848,0.007683131592931103,0.006177030350922097,0.013368985573902759,0.000507880373261882
2023-07-04,-0.0023549054868875485,-0.0019476530930379043,0.016692316091556192,-0.0013697711646836197,-0.0029364298710914394,0.003099836320694438,-0.0022122705177627378,-0.006272931946487148,-0.0011862182724605708,0.015757723665917656,0.0018839469753075822,-0.0004238328889237808,0.002882107208799445,-0.0017915758825112205,-0.0033654484314853406,-0.004938379642658641,0.000507880373261882
2023-07-05,0.007341831246693298,0.000761126412176738,0.026259809319261418,-0.0036105324058741672,0.0019755037303077483,0.00826021699166235,0.00781456232311517,0.006112859750845079,0.0012795902634685774,0.009519471796683554,-0.005397185131900795,0.002931974698832329,0.0020925953381980555,0.005308280987592617,0.0063124481477474514,0.003844789317098085,0.000507880373261882
2023-07-06,-0.006167639940362402,-0.0113657062161443,-0.001896121913620874,-0.02746736772967695,-0.00743074812981126,-0.011856524970705773,-0.01910035366996854,-0.010096758322763577,-0.011021353219892172,-0.019005135036397447,-0.02104118753264861,-0.009150146690089733,-0.01570395371850719,-0.020306411729642204,-0.020133784059513493,-0.017400546474961698,0.000507880373261882
2023-07-07,0.016680834704374536,0.004019717710809889,0.03883486701722538,0.01043548929033622,0.007468733470011424,0.018140703178569195,0.0201248151670268,0.013356426038004132,0.006939448668825454,0.024677092548652357,0.013651126463266383,0.008420519286256312,0.014764333594036394,0.018047445123634542,0.01681055344821769,0.01248151207938264,0.000507880373261882
2023-07-10,-0.005047282139429399,-0.0017815514380469244,-0.008563491874201024,0.002157573731680129,-0.001975945615761421,-0.003572812287892302,-0.008171500644655993,-0.007945066616240282,-0.0038335597337593175,-0.00725398719873227,0.002320375815967335,-0.0018328096260576965,-0.004468510778923851,-0.009423660265393874,-0.009816076558201936,-0.007855581073035078,0.000507880373261882
2023-07-11,-0.003858275615288842,-0.01089875563684739,0.004065788666079095,-0.004416302917565895,-0.0034770813882292195,-0.003791356796885026,-0.006595047138569399,-0.007075102942455058,-0.009886191653427745,-0.007096026602771532,-0.012252829001049959,-0.003779574362543725,-0.00970161645830514,-0.009199259315402664,-0.009007850776553195,-0.0031686450189657434,0.000507880373261882
2023-07-12,-0.004626325993127511,-0.0001771845130231764,-0.006164219461782139,-0.00131467683046127,0.0024905553747338605,-0.0033104811460211714,-0.0038471688197131426,-0.005843608980505288,0.002778979971927331,-0.0029210653296396494,-0.005400927920166332,0.0001790707780047196,-0.002734128698965166,-0.002835683502337427,-0.002989486034023825,0.0009652712796783813,0.000507880373261882
2023-07-13,0.010126350892502689,0.006287111011635593,0.004100770348239413,0.006661048757977461,0.011768926349013942,0.006569411585983342,0.007359619995903177,0.0076765262010760615,0.006934815765028635,0.004397049045144152,-0.00010298552629905977,0.00980664773897022,0.004420964508285774,0.003012886063645137,0.006689937654872802,0.013528260835284467,0.000507880373261882
2023-07-14,-0.012675885059843739,-0.00681270921319832,-0.01629472326760284,-0.01747602036608331,-0.007463131389538025,-0.013680826554800074,-0.0170831051929623,-0.00834747160460314,-0.00911575130757325,-0.012457799427297966,-0.021951236220665526,-0.006764374792875061,-0.013658986198087364,-0.018006726560157116,-0.017682877141516395,-0.013117901135818233,0.000507880373261882
2023-07-17,0.005217879340010834,0.0020113935551258066,0.0014594928234634708,0.0018656954939189063,0.0015666313390705344,0.002540578760404255,0.006165737450276154,0.005170494011194515,0.002921671823858052,-0.003116249964593587,0.005063268102642127,0.001203365941055079,0.0026052385167334435,0.00607263765312549,0.006562010137647789,0.004142464393401379,0.000507880373261882
2023-07-18,0.002907920946781717,-0.005134562147092292,0.011909253296901179,0.000715995142096526,-0.0006576085078687788,0.0030219058520941644,0.0017900958387104815,-4.085535775055771e-05,-0.0016064828678025167,0.012007717204001844,-0.0035343064397730384,-0.000616089651836571,0.0015868720087932608,0.0019451730014490298,-5.967909697002227e-05,-0.0030595609972799975,0.000507880373261882
2023-07-19,-0.0009123493714768838,-0.002982351601513056,-0.009467448107212006,0.004933142151944958,-0.003395987813601953,-0.0023402106476841933,-0.004995089053071666,-0.009823160523996455,-0.003639607031434622,-0.0010890807366377153,-0.0017386982929502581,-0.0066810962605103885,-0.003115536194706503,-0.0026403047806293767,-0.004569986443510365,-0.0022332673037834816,0.000507880373261882
2023-07-20,0.003188049365152823,0.007530893472692091,-0.0017291190988525384,0.0006883665779291448,0.0027186446320865976,0.0018821377066429168,0.0024951689680519085,0.004160183007204221,0.005729288008095246,-0.0006186247363553221,-0.0004591149803999661,0.0027554532614357807,0.0021587078325338016,0.003414011634603087,0.003374703428664416,0.004558283951586528,0.000507880373261882
2023-07-21,0.02375621393159011,0.015420316784778842,0.011972894225979802,0.019839300113114744,0.011446699479487954,0.018113844803159695,0.020227094612582652,0.015999206376380526,0.014952057639418648,0.012752873004189702,0.020661648641685515,0.01349093267724899,0.01670090185553108,0.02049187375108419,0.020914251568568965,0.018041020099921257,0.000507880373261882
2023-07-24,-0.004043217521808029,-0.0009658841583308764,-0.014899568283104347,0.02309843815894963,0.007101162557747731,-0.0004313327384637411,0.00517119226535101,-0.011150879216227372,-0.0032230540501025917,0.004999258203319368,0.011960411934918813,-0.00023928835166597828,0.00039462862926464837,0.004169027243750234,0.0065693939267250645,0.00973889457541266,0.000507880373261882
2023-07-25,-0.005218502567861161,-0.0029140461070866763,0.004035189155841001,0.011812574909136009,0.010655411780324808,0.0018622643909185221,0.003605974995072536,-0.0034509262350438386,-0.0010054952329440203,0.0009430754562311794,-0.0029631279054671555,0.001242591927406389,-0.001345808077147126,0.0007548791820548573,3.32279269650293e-05,0.005666580052274384,0.000507880373261882
2023-07-26,0.01490051973314288,0.010290016244618894,0.00035830505129741397,0.0012160540466981118,0.0023810385725755445,0.006327257349138415,0.005297141031151309,0.015659564895867506,0.0007891422772963175,0.0006151552891127121,0.0021997498024060036,0.0021816516015500387,0.0043029777322751706,0.0037194706326699745,0.005836845223921028,0.004158421822312741,0.000507880373261882
2023-07-27,-0.010240446801922376,-0.013310632035129277,-0.01732066377571584,-0.021276681974438216,-0.015537658750315653,-0.01577697528208588,-0.013604126104971193,-0.01586847481946352,-0.016001534197724654,-0.017131631719252916,-0.012794105915220566,-0.014805125014451859,-0.015879626768267263,-0.013327142443713136,-0.012935567166397766,-0.020888022826378916,0.000507880373261882
2023-07-28,0.00040178945377333797,0.005420133706035335,-0.003499423673782087,-0.0037763348745796232,0.0010390233960246853,-0.0007706087730047217,0.004502469678917098,0.004012501614090169,0.00382781897483242,-0.0011209662126673292,0.00504007834070852,0.004281211724087131,0.002113544823683755,0.004228474607798072,0.005918067396803339,0.0013478822433310444,0.000507880373261882
2023-07-31,0.006002505282640014,-0.004524697613528805,0.006220274031708328,0.013965521431057226,0.012426118329422087,0.00515000383774189,0.010916402989652463,0.0101245927714404,-0.0012984149741981366,0.0035450139487969157,0.005195053004444672,0.003030293770309722,0.003917503534869526,0.009211569358026361,0.009113215132317665,0.014625252400101818,0.000507880373261882
2023-08-01,0.0008389639627730539,0.0041824236049763375,-0.001706021768162369,-0.0036052305736902213,-0.001627938232184989,-0.0002330132294660059,-0.0005135154567249556,9.511921718696748e-05,0.0038440822328360547,-0.004319518039347048,-0.0008642436235980488,0.00018586792256436446,-0.0002036055153419314,0.0009263027086092723,-0.0004890486081345902,-0.005670464272310105,0.000507880373261882
2023-08-02,-0.007082651270563511,0.0030333863076210665,0.00460584725503832,-0.006434847199180971,-0.002214088508810552,-0.0009035144303922715,-0.00285529100472115,-0.0006591018552899452,0.0020711357982943213,0.008967972866514407,-0.0045414696592943615,0.003707086772082757,0.0010464132700107598,-0.0026555627879774057,-0.002036867018147648,-0.0033460727099874354,0.000507880373261882
2023-08-03,0.0022140189214738815,-0.006150841347568825,-0.002985157473624933,0.0033968940469133457,-0.0013101273486706422,-0.001033094902394005,-0.0031102878296974668,-0.002919445325777703,-0.0074343496414751575,-0.00041554719347591806,-0.0003214840081006143,-0.0019186655540821551,-0.003357243503113061,-0.0007677464470777773,-0.0034898485895998865,-0.0018048278209217283,0.00049037490119197
2023-08-04,-0.0008098791347748158,0.0009907711117127516,-0.001718220161420314,-0.006578770927209265,-0.009431772947818606,-0.0022042376246305118,-0.0015627736167268536,-0.0033815343870108316,-0.003425644607735978,-0.0005229656548321193,0.0006784376253585744,0.002704534553808813,-0.0021660530667848565,-6.875961551566778e-05,-0.0005915098981166267,-0.008686094164296776,0.00049037490119197
2023-08-07,0.001068349555620074,0.00010681639399745535,-0.006483655718756531,-0.006469319460568168,-0.0021721689967768576,-0.003436810417284053,-0.003900330405522623,0.0025284710120503373,-0.001948077370457657,-0.009565900128358562,-0.0004896841519154149,0.004200409567171937,-0.0036739463273512962,-0.004279680329140834,-0.0050971867290607875,-0.0011559472501345702,0.00049037490119197
2023-08-08,0.002025900670032721,-0.004377655813501469,-0.0022180743167016237,-0.00518175135754273,-0.010995126149502488,-0.0017320796810373906,-0.0005018169713897347,-0.003732333725628978,-0.004769373953709466,0.0001998625564798573,-0.0003073910123809753,-0.006923908206106888,-0.0013981713715536248,-0.004002659859516755,-0.0030856561467104138,-0.0021829291001118634,0.00049037490119197
2023-08-09,0.00038822960602491463,-0.007430163889188379,-0.013861477762682317,-0.013942020503693087,-0.008857110231687115,-0.008613753162247884,-0.007497601664766984,0.0004321103182982622,-0.01192253177659719,-0.015525887145716677,-0.01057675326451668,-0.0007736006518993532,-0.010314554934246267,-0.008770616883395088,-0.008981676932900973,-0.005384136675958162,0.00049037490119197
2023-08-10,-0.0013326180431731949,0.002992364518222823,0.0007507805479833873,0.012294499547347737,0.0006399562568633055,0.003924071341969926,0.0037977688484263084,0.0012499372250303065,0.0025481982663511094,0.0014625908183152347,0.01977057169922425,0.001949153074793708,0.007121043576542085,0.006552031325803176,0.003880156894523923,-0.0005195354562381738,0.00049037490119197
2023-08-11,0.009528371901055932,0.00454537450100867,-0.0012415086553185795,-0.013604553088271465,0.003831763148901768,-0.0004787299875729234,-0.0024007264029988207,0.005333141088079696,0.006355752047371599,-0.00857949273041192,-0.015993721156600915,0.018286427668485095,-0.004120935309616991,-0.007516030804903928,-0.003918414023325489,-0.002589591160615856,0.00049037490119197
2023-08-14,-0.009890939052122794,0.0008278568868302916,-0.022353728902942627,-0.005984183244645003,-0.0010647697036035852,-0.010134159946062926,-0.016005527303929568,-0.01187662220603558,-0.0011386939454262057,-0.01748278072590137,-0.009236341050428032,0.0005181897052672912,-0.011031398630445222,-0.009494169423287402,-0.010791296052946264,-0.010834148078499806,0.00049037490119197
2023-08-15,-0.016433252984644264,-0.007499417012990728,-0.0006926086687464306,-0.015775763110573382,-0.008808348185154413,-0.009975284520427063,-0.0046248302160626364,-0.01657304712703811,-0.007437634007348204,0.0019385933478544004,-0.018594246930276337,-0.014041690008931185,-0.0095138442626852,-0.0022977022611817555,-0.0018603645631841692,-0.005573679550361255,0.00049037490119197
2023-08-16,-0.0005004391957389442,9.275180213075274e-05,0.009888760884309011,-0.008079759743612303,0.0025041321199361644,0.0006018855205003337,-0.0056180047368218355,-0.003794380354170568,-0.00023885226126196812,-0.014992409612403446,-0.012332644699813877,0.0026424908825282145,-0.00858621526894543,-0.007833301455763886,-0.008324546154065415,-0.004708181557729341,0.00049037490119197
2023-08-17,0.0002371038770396794,-0.00544291691771126,-0.01055246019091205,-0.00799545364366816,-0.0004919606782355368,-0.005397631932694491,-0.011019689590511805,0.0056835849464484944,-0.003169559757078888,-0.016297505599572992,-0.015219602011921074,-0.0047544777398109694,-0.007388365679688924,-0.013343450828232406,-0.010817055542304055,-0.005203354803742788,0.00049037490119197
2023-08-18,0.006629965081320854,0.0055902474407723,0.007619066067243052,0.0035141089426105054,-0.00036123372524654584,0.006084550881949369,0.007777717401218132,0.005488590426752982,0.0046103343770946825,0.009835664819883405,0.006559952241458111,0.004540014129291281,0.0064932917686924,0.007230584062793977,0.007149808980113415,0.0035018599561911223,0.00049037490119197
2023-08-21,-0.012027050269945216,-0.00860685379930115,-0.02313982445169538,-0.005885906409016983,-0.005565409551339329,-0.012937589845150699,-0.01225606740134344,-0.011380561154536784,-0.008558051639133035,-0.011220349356034443,-0.013445233985402205,-0.011247097887500224,-0.010353735364258099,-0.010912928228985486,-0.01004425008509624,-0.008489403898353731,0.00049037490119197
2023-08-22,0.006720573225456716,0.006160311897996484,0.024377195624230463,0.015479087302910477,0.009776881462357556,0.01367082750208004,0.01715114196412504,0.008604723254354685,0.008835200527619103,0.016422892144822843,0.01605103455031176,0.009438208353759414,0.012148800041849706,0.016822629966643854,0.014167327148118858,0.015201876356327304,0.00049037490119197
2023-08-23,0.003265076326351979,0.002668286019285482,-0.06374933033930086,0.018554650956976948,0.01126721839578182,-0.01154745617945474,0.0035884038063731527,0.008321554978259371,0.0064414109413635234,-0.0705895407838758,0.009374310066416092,0.00457124359125527,-0.01284989824190419,-0.0002796947367174063,0.007470276917418861,0.017147470951116572,0.00049037490119197
2023-08-24,-0.005185623951967644,-0.0011578580647303438,-0.006158572043540977,-0.015078247280677526,-0.0038812599261653924,-0.006817555536311581,-0.00933153156912303,-0.007062382368072662,-0.0037742339268519443,-0.009582054445041455,-0.018109910902299742,-0.0018380824420720643,-0.00985346616843319,-0.011254853646831098,-0.00959372130296654,-0.009319259158526827,0.00049037490119197
2023-08-25,-0.002333752561637925,-0.0037568409563375482,-0.02277393927739635,-0.004172586653972243,-0.004206399000155403,-0.008671097144504425,-0.014392746223960695,-0.008611046831437208,-0.004409631062774588,-0.028443321572245828,-0.012260558642923303,-0.0032874898985072454,-0.01300222815271912,-0.017084523975883892,-0.013513513513513598,-0.010111540468701441,0.00049037490119197
2023-08-28,-0.0009477608150086914,0.005230438887630751,-0.00023861511155542914,0.009444415401335338,0.008587545803268926,0.0030222252219276324,0.003643118069605489,0.006386857213045882,0.0064059517371322094,-0.004581697287328601,0.009741366774434601,0.0060021645076295815,0.004094615628622789,0.0035627851438255753,0.006553041691356176,0.010677404174959326,0.00049037490119197
2023-08-29,0.0003318153881255448,0.010048705105324185,0.018419265249270733,0.013206588771589756,0.009279270106149484,0.010347467137816757,0.008316360257637045,0.005041717075091601,0.011226137061600694,0.006729372090638508,0.011291668750192718,0.010783630349676665,0.008280491900494402,0.007359119424452665,0.0074702610531443,0.01100869203407795,0.00049037490119197
2023-08-30,-0.008922314827544686,-0.009616459350996087,-0.015351329247997092,0.004304337808572756,0.0005704388227290025,-0.007467802885824715,-0.006852917875112441,-0.0029074085860392174,-0.014315607946652542,-0.006300739190856164,0.0005039029282938312,-0.0019585393609569124,-0.007457986299206687,-0.008152572526583857,-0.010399815779626453,-0.007194904644777789,0.00049037490119197
2023-08-31,-0.0127134327984334,-0.013870157951298645,-0.021875976382462303,-0.01736234663708036,-0.01268725607324206,-0.016756320374650246,-0.02266610436149752,-0.020179936721541725,-0.012370281396020588,-0.024820633568580885,-0.018299117517247443,-0.01609442041128939,-0.01864526397042332,-0.024450024924806413,-0.02125963868212921,-0.015280289970831085,0.00049037490119197
2023-09-01,0.015939036533223705,0.007878080182178726,0.009688059230377633,0.02196903466724076,0.014044087399520011,0.013649178057744349,0.01589726934140745,0.014438061442215488,0.0075186391267620944,0.019045749257874167,0.01612665607256214,0.009995748276766081,0.013472930321885013,0.016485099470732845,0.012785002734124307,0.019096427564485374,0.00049037490119197
2023-09-04,0.0035880614899657104,0.0010493010319156948,0.001279781651229328,-0.0013230260693615215,0.0005504822280066879,0.0006215266733913261,0.00012288007657135225,-0.002218492725251875,-0.0003491094420036145,-0.008518584846923805,-0.0008856526612879279,-0.0010118892568075077,-0.002588198572812561,-0.00038156862251970125,-0.0010827782505354877,-0.001242858300048777,0.00049037490119197
2023-09-05,-0.0021100036815664414,-0.008344369772930849,-0.009833505674656684,-0.005925354014264195,-0.005335925022453392,-0.006471842378832693,-0.010703333708816154,-0.0018289902769395017,-0.008111196313229097,-0.009244217722604087,-0.00948887262034781,-0.008433880255903747,-0.007526719882622768,-0.011411919831245565,-0.010616266329045443,-0.003004285611104218,0.00049037490119197
2023-09-06,-0.01547733813070673,-0.006242663869270637,-0.008328396549471262,-0.009408985879921561,-0.009535868118617619,-0.009638231854499302,-0.011450127559144763,-0.01432117035388214,-0.00586858117762068,-0.01288068248974561,-0.005304477784590422,-0.011434630314791194,-0.008591042407161686,-0.012772627831394101,-0.011632774853254313,-0.01095636213890172,0.00049037490119197
2023-09-08,-0.001047887904213618,0.00044247852276790844,-0.0004701639595304785,-0.004463125600310813,-0.0018223468592724057,-0.0012642677577215933,-0.004289872185965771,-0.0016177985514966853,-1.0981112904540069e-05,0.0029010079616260676,-0.0007493867080364813,0.0036624064209609397,-0.0004086780158621961,-0.004148310801316724,-0.004698262784291418,-0.005753596074271949,0.00049037490119197
2023-09-11,0.011036124640422695,0.013734002131485346,0.011276755198274424,0.0020143426749636983,0.008203554181168027,0.008893578585316142,0.012384477764756596,0.01535052773634149,0.014527557251157175,0.004237226008151795,0.005020857091185604,0.01644089887925748,0.009469972254624093,0.012185667907187447,0.01355164868331693,0.013148041406493949,0.00049037490119197
2023-09-12,0.012168890555765977,0.005599547382470371,0.012267139743308508,0.010236960494759861,0.0043919824208285,0.010138580524445828,0.012665125015056455,0.018007073925221606,0.0033250908583024597,0.01723571479491226,0.016184292718052884,0.011509479723238902,0.012343659335833035,0.015764766975919775,0.013397257418519048,0.00934104871851793,0.00049037490119197
2023-09-13,0.0032247806973040305,0.0002442585912429962,0.0023700132040189725,-0.004248173337118466,-0.004675677007104584,0.00045150771883384344,0.0040258958236418785,0.008327256209343492,-0.0001938951457975957,-0.006602100051604443,0.004291579719541527,0.005060362762099979,0.0006728378465827856,0.004789227070148838,0.004375370980917781,0.0015468942179519551,0.00049037490119197
2023-09-14,0.004358266912297459,0.0037265803001385045,-0.002411078236305597,0.0084190430653317,0.013365828593467022,0.0038005669125780184,0.002708876226950263,0.0008950616897667185,0.007053863663081028,-0.001867290272990929,-0.004224156464802342,0.0064713877659985375,3.8472184075599714e-05,0.0019331374949262958,0.0009537657656601972,0.010500705344726802,0.00049037490119197
2023-09-15,-0.004424833544435791,0.005202297806924605,-0.02557340902691263,0.0055993649901870945,0.00441326014736676,-0.004752068117586217,-0.008889448751331464,0.001852137481012095,0.0008117281465374049,-0.011693324073384304,0.0088749315441492,0.009016658778005171,-0.0012139393425129041,-0.007748243279671718,-0.006950594658739706,-0.0054672048239293725,0.00049037490119197
2023-09-18,-0.004372087540083669,0.0020553085844134955,-0.006775418781865716,0.0009987702181177838,-0.0063880195930595685,-0.0012823409329834057,-0.0014561589928030472,-0.003752636800428588,0.00014887020051990163,-0.005318534244111772,0.005536413866933376,-0.0025689264691165503,-0.0006468871659550679,-0.0036441895442222982,-0.0009212629249067961,-0.0037882627432517246,0.00049037490119197
2023-09-19,-0.0033780297884180577,-0.0002627942158943686,-0.01144430906063909,-0.00465878758677607,-0.0023254634607852154,-0.00475723596856914,-0.007218566690790129,0.0008066734860456837,0.0012886257758020214,-0.0124186510722184,-0.001205925696540655,0.005231799097075163,-0.0035979025146746224,-0.0055192220065916064,-0.005853793623577741,-0.0036688082263506283,0.00049037490119197
2023-09-20,-0.0009089097426747683,0.007201105290743914,0.005392128343576719,0.016254940826049724,0.008052973513622552,0.0068779744878892934,0.004772807652935196,0.006808372779105731,0.007662626462972222,0.002087552312866059,0.011366627647821259,0.007113345855244146,0.006868514164358963,0.0061168813259893096,0.00851679206758904,0.006948685637489627,0.00049037490119197
2023-09-21,-0.014984538414774762,-0.010110508390767325,-0.028175629814321645,-0.019782954689455456,-0.012781891668942502,-0.017899080408516177,-0.021350490619407636,-0.015845736474135674,-0.011022549257574177,-0.027541773409115677,-0.017349965079648366,-0.007143079916627548,-0.01812880590862531,-0.021284376032437935,-0.018884889443913866,-0.021214102807482926,0.0004727922107445881
2023-09-22,-0.00498199665131871,-0.0037048611098575712,-0.002196732119749689,-0.0012123158554260272,-0.0016699348668836045,-0.0029591956936458885,-0.005786974204091133,-0.00563050752712968,-0.002711655162402238,-0.006236976011718243,-0.006641432754452614,-0.003936011506175063,-0.004749377264931409,-0.007014098343601449,-0.006388178425746793,-0.0011667729072429855,0.0004727922107445881
2023-09-25,0.0033532872424615334,0.002240840055281801,-0.0023715487709619065,-0.0009335351168728856,0.00038906844964947673,0.00027023408101212176,-0.0012136125834151246,0.005192912731724064,-0.0009984677223118243,-0.0049471667918234985,0.0016706968363873198,0.0017297915123604124,0.00015138012328641537,-0.003021965039665342,-0.0008560276099046638,-0.0006455541473630033,0.0004727922107445881
2023-09-26,-0.013810761002487792,-0.011737740412653297,-0.015224389822990125,-0.01190791763365795,-0.013203435001567732,-0.013367184087055062,-0.016217276462310082,-0.014997496293984613,-0.00933244381071685,-0.01822305875920127,-0.0198593209753003,-0.015615818651036895,-0.014796391640486628,-0.016565340984627475,-0.015074770499666545,-0.015300814742638447,0.0004727922107445881
2023-09-27,-0.001636858720848955,-0.010392912632439022,-0.0030865553934174006,0.0066549712299999175,-0.00014114126628794743,-0.0022009113570313765,-0.003719338007483586,-0.006455176023014708,-0.012647731187930056,-0.006806222525797656,-0.004904075779171291,-0.011343163977569404,-0.007787470247656025,-0.0066273916535704025,-0.007816615821908623,0.00159521336186641,0.0004727922107445881
2023-09-28,0.006674337911589445,0.006752027411831785,0.016356004727132945,0.008013708384025264,0.00396776969129875,0.009629481982871946,0.014008679017070369,0.018543385719877126,0.007661831535896724,0.02010636257279219,0.014911078524573629,0.009273033530690977,0.01485897860300378,0.015352601469968308,0.014132595729967834,0.012052579789332052,0.0004727922107445881
2023-09-29,0.0063767970278687525,-0.0013722016502654144,0.021239564582716364,0.009044382409040486,0.00020898973649741137,0.009484328203095638,0.008785019495810342,0.0022656911211107467,0.0005820308082284953,0.014584253106687095,0.005666800767717195,0.0006892368210293931,0.006284808467779346,0.006834822223764192,0.005467109068217013,0.007329463615034504,0.0004727922107445881
2023-10-02,-0.0010475181367578523,-0.001776138780258063,-0.02837881352003324,-0.023589768544298728,-0.007632786139847969,-0.014762815003584118,-0.015740274948737976,-0.009091464633226187,-0.004890124771562032,-0.03241110343994613,-0.025249582059361786,-0.010775094535216745,-0.015985133918355543,-0.01708810095060731,-0.013529878355222125,-0.012999378926255023,0.0004727922107445881
2023-10-03,-0.017243420996354786,-0.009015008194050433,-0.022434939131344644,-0.0214438845019137,-0.013277128553079942,-0.01773182389071226,-0.020004743022037585,-0.018750321191247643,-0.010003732714820912,-0.023366415372851113,-0.022872622005341237,-0.014936972374099966,-0.01915176203773361,-0.02032931256950188,-0.018628946375027988,-0.014397736172305775,0.0004727922107445881
2023-10-04,-0.0012692372056039014,0.0074734989839679855,0.008615048557852,-0.010841791596931327,-0.006013757984823509,0.0010985531390450554,0.009165343948467797,0.004723039600458945,0.00749081793866857,0.005730763194240707,0.006911299369047885,0.003646458621787696,0.006405753167033845,0.01010206087428056,0.010520159991493694,0.0011998595000528578,0.0004727922107445881
2023-10-05,-0.005776630461190924,-0.001865247045736762,-0.007606083285942811,-0.006515984257050578,-0.001822965651640862,-0.005090775884501797,-0.0059362015009821745,-0.005326240886807221,0.00030158567821580995,-0.015075444279885053,-0.009986713562871508,-0.0022778045325092533,-0.00682040560828423,-0.007115631566448788,-0.005322918568629986,-0.0029989809653356847,0.0004727922107445881
2023-10-06,0.00273833300521531,0.0008322514619825139,-0.006123649045028712,0.004520196097377083,0.002245728083115628,0.0005622720958335936,-0.003412622709722757,0.0027700195966979813,0.001619246777124994,-0.0024834802056968863,-0.009067427885198986,-0.00394767915187455,-0.001212150394820588,-0.0029037970585890083,-0.0006222562388966679,0.007722789053590917,0.0004727922107445881
2023-10-09,0.01855121146216554,0.001204169960429713,0.010262053803733018,0.01229537045163065,0.007234425144221346,0.010968663728355033,0.009870978138727615,0.0019829657357659514,0.0027505857884897456,0.004727051009335348,0.0028071666802060857,0.00888027282081727,0.0032493721345565607,0.006648504804548372,0.007147949478691684,0.009249515289023291,0.0004727922107445881
2023-10-10,0.013903824284685173,0.0070148209897582525,0.023482805088256065,0.018614963643402316,0.006116867197349052,0.01633473744502334,0.021832211347509123,0.01480964445930022,0.0078069046092490435,0.030672436397509495,0.02388588601823849,0.0074691482056594705,0.01879591327428698,0.022715949352595244,0.02089908410018948,0.013678869763823487,0.0004727922107445881
2023-10-11,-0.0006873623707802645,0.0019311094300979992,-0.010040372055256874,0.00424257539423567,0.001951544700748098,-0.0010570819435622436,-0.002819677300614276,0.0028848027089383166,0.0022436535544472225,-0.007215553755100745,0.000594876103147568,0.0026079147384667767,-0.00018621557760500895,-0.001974509177094408,-0.0005662068380829499,0.0023375635395415095,0.0004727922107445881
2023-10-13,-0.010811997481092073,-0.01348629185267658,-0.025107262087383786,-0.012307333521826336,-0.00839415073866312,-0.015335018698840575,-0.02082989251525591,-0.019845149815730823,-0.01239793995325944,-0.0282599155589065,-0.024477135538106265,-0.010936911561969076,-0.0210154913360594,-0.024715347467006543,-0.02294588298023814,-0.010487604617306023,0.0004727922107445881
2023-10-16,0.008947471474077151,0.008097387030553849,0.010182863684199406,0.010537562665638767,0.007111822699714887,0.009290930697087196,0.005950205981973156,0.006755095321399951,0.01185719867094237,0.0038853128903308942,0.005659474459984715,0.009391904807948492,0.008040432150135723,0.003334029035672481,0.004052625214336247,0.006751377449168983,0.0004727922107445881
2023-10-17,-0.017021770734640507,-0.009594355446264635,-0.014831687337151678,-0.0027329386229710817,-0.0029344602673471165,-0.010993409515347774,-0.01344964305384122,-0.01713228602716066,-0.014144643006809066,-0.019309535840992154,-0.009931066208406336,-0.014869769628727325,-0.01543051389882144,-0.0169627544508143,-0.015799193364091635,-0.004984760525748699,0.0004727922107445881
2023-10-18,-0.014522739351928937,-0.002652626852627238,-0.028716111646527764,-0.014596029180383718,-0.00754858046332596,-0.014818401297588268,-0.021196830709925618,-0.024127144693923852,-0.011242662137556314,-0.03386343943957992,-0.030072232201103666,-0.020303168941993688,-0.023398762536779527,-0.025299002527318204,-0.02275822251786963,-0.015261976066293093,0.0004727922107445881
2023-10-19,0.01271908530428667,0.005673985709630847,-0.004223006886754366,-0.00279546114280127,0.0036286461988879193,0.0028956605469450114,0.0019868564659357713,0.014518250445905156,0.007511097756016438,0.013939342282304201,0.003996422434155766,0.009446710906722666,0.00909462034362618,0.003727494560589184,0.003496604536916692,-0.0005819193358759245,0.0004727922107445881
2023-10-20,-0.007159365201681034,-0.00374258085556356,-0.002188340990997961,-0.016564707581285365,-0.005125268377748848,-0.007339373260214055,-0.004139134174201087,-3.0461576641882537e-05,-0.0044164093137851745,-0.0032461808491328625,-0.010025301880495885,0.0009293833323154033,-0.005090230274620744,-0.003258300374988421,-0.0031484574478297667,-0.007373813901221271,0.0004727922107445881
2023-10-23,0.0035706293333401806,0.0015561543124233967,0.020296040364684576,0.0009556751069608183,-0.007737009248160787,0.006071198542371148,0.011348480225994217,0.0046066132606426,0.00374797953120809,0.025453061069973026,0.01546628498066882,0.005526170968267907,0.011859310153039315,0.012223074796180011,0.011147488364628533,-0.004230778177751748,0.0004727922107445881
2023-10-24,-0.0046067969552957555,0.0028271787458760134,0.006234226150956035,0.010840455300087148,0.0030584161971449753,0.004329415567893902,0.006101924775969714,-0.0028198656911631037,0.004673855895284129,0.00650930877150091,0.0052024888512101075,0.004897859599941379,0.0036821879182726835,0.006012084342116086,0.00482821889195395,0.008688183611486933,0.0004727922107445881
2023-10-25,-0.012380333588621673,-0.003944720908195309,-0.016654818622127587,-0.013257409992136426,-0.0023349442601465764,-0.011614870773041575,-0.012735540284630753,-0.011929644642758475,-0.006831895237342067,-0.02308496231723567,-0.02265040140986585,-0.007973735592279985,-0.01603713976086807,-0.01670669469012709,-0.014253942579862455,-0.008049377471549435,0.0004727922107445881
2023-10-26,0.01910004699755996,0.013290740631165532,0.026466351631934337,0.022229142632142596,0.012475375379387366,0.020522900793839227,0.019949240229665266,0.02501738063023451,0.01300078190028131,0.02954371507652076,0.01979580966561567,0.01762407760148621,0.021574656807950232,0.019573347979053413,0.020145369705671046,0.016682673518693125,0.0004727922107445881
2023-10-27,-0.022795047455202555,-0.01734218892205619,-0.013873497776514143,-0.011309665244063738,-0.0075463045191678235,-0.016684661391784594,-0.022533766579216463,-0.022785518263933047,-0.017939808918228772,-0.013629517260079216,-0.021954890840681696,-0.013606562307392656,-0.020204754661132696,-0.0240964109770736,-0.025169798754704376,-0.013013892339900024,0.0004727922107445881
2023-10-30,-0.020654730210668992,-0.005500152155211158,-0.0035623221760736623,-0.004046028921836253,-0.005720316532089265,-0.008321033102751674,-0.01285148563741445,-0.013958600625680884,-0.007471684021750136,-0.012873759146664776,-0.011939453403553735,-0.01253390563869028,-0.01137419551389851,-0.01323411213699166,-0.013038742402660564,-0.0068951147690531345,0.0004727922107445881
2023-10-31,0.012487509141534625,0.005203880592929977,0.008176800086047376,0.005494855785742825,-0.001978261929148184,0.007725178016266598,0.008395719012886271,0.002046821636652929,0.0023388325403082,0.011031871862736242,0.010701619445449895,-0.0054813465419231155,0.00737395905768623,0.008509008663719841,0.007209560504146673,0.005147823957887043,0.0004727922107445881
2023-11-01,0.014496340204516622,0.021443310294738005,0.01393959174504178,0.01843334749448511,0.01750026812362715,0.017399119701515087,0.01827129125879101,0.012241691178822345,0.018644117304952967,0.00992411811259819,0.0037829376128253323,0.01594308689766888,0.012645897493973601,0.0155418539208112,0.01741185471426543,0.016766695666361908,0.0004727922107445881
2023-11-03,0.0193593357319104,0.017704029255148024,0.039267915440043266,0.022800395587399658,0.025228195273208298,0.024669519618358837,0.03778285877754106,0.02304917193043221,0.022402957156877346,0.051839096224797876,0.030390329549389472,0.021156186769698326,0.032194731659973996,0.041491625485136296,0.036729023480192025,0.027007429216739265,0.0004551316162888508
2023-11-06,-0.0008807720342665082,0.00854228368091059,-0.006507124710840473,-0.012215724738268263,0.009404993443308474,-0.0030449644455250446,-0.004776363891598634,0.006589766040295375,0.007411372297787322,-0.018492094255855074,-0.007425418725693911,0.010673564599367857,-0.0028151407114913596,-0.004386628654931335,0.0008482754805358983,0.002221715905519117,0.0004551316162888508
2023-11-07,0.011759256353377934,0.009753958731331114,0.02406346510314461,0.0029861608407313334,0.002624639570710796,0.011881808633205981,0.021933492751973427,0.012606886841666443,0.009037444201101863,0.02609032301683145,0.013410545252292572,0.007650799021644783,0.01577084166492626,0.023106538545311084,0.02314197800038076,0.0068102912226681855,0.0004551316162888508
2023-11-08,-0.00568276540565027,0.009738116342501657,-0.0004339974757218146,-0.004788375995189553,-0.007007261150712041,0.00018361696226887325,0.0006359050682416267,0.002635701760665521,0.008163154840834297,0.0004310279144188467,0.003254989053523616,0.0011901190521783622,0.0042978443031838065,-1.704585317319207e-05,0.0004322014058550927,-0.0012226663812782146,0.0004551316162888508
2023-11-09,-0.009411031149129667,-0.00354467300022121,0.0019155015104257433,0.0023749412227183075,0.006062343332775555,-0.0017332650747293732,-0.005804791865805514,-0.006684993287223051,0.0001262586643562269,-0.0019130416111791115,0.004534892428228687,0.006014007103818386,-0.001513755858923771,-0.007501125509044693,-0.0044431510671362195,-0.00091867107165855,0.0004551316162888508
2023-11-10,0.016091257465702613,0.011790331367714124,0.028851240570971548,0.014329931908112936,0.012820448404611273,0.017367777094379866,0.016030163214788784,0.015179390661439918,0.009278065180966966,0.04051253762067897,0.017383488990531548,0.011325511803837784,0.019656383147010015,0.020637378071848733,0.016941848656435,0.01270785221359838,0.0004551316162888508
2023-11-13,-0.011665546574056052,0.0012553963192840634,-0.0072140266130023,0.0012602464599464902,0.0022727069325876315,-0.003890643768839741,-0.004333174366480064,-0.011711092487051489,0.0001459467856175234,0.007768718274735464,-0.0026554165394205853,0.0010040637289945309,-0.001595018138951465,-0.003201071368664765,-0.004483454482417382,-0.0008912140962894499,0.0004551316162888508
2023-11-14,0.028631877381810833,0.0105950301649127,0.02963112930845324,0.03715457720670656,0.017772531777263456,0.026384966954523303,0.028208073534581324,0.028596451369202303,0.011677534049840732,0.0272222033804832,0.035423179377763736,0.012392118176135947,0.025793313488755132,0.027640515952090716,0.02500967405863963,0.022691850049308293,0.0004551316162888508
2023-11-16,0.009452868707338746,0.011023432713917147,0.02730453280307832,0.004450847345002229,0.012599606573985733,0.012751611633202486,0.020128642896883875,0.015703752673984717,0.013076276754603544,0.034329131653754175,0.018252098713492426,0.017052703575245243,0.01998927748583923,0.023221432767080108,0.025177725118483263,0.011788534797283257,0.0004551316162888508
2023-11-17,0.0012219922639902236,-0.01085383080167257,-0.008913116541733879,0.009440218150909008,0.0024179915491000514,-0.0026808066807870734,-0.00624591417381215,-0.0038864331375287886,-0.008542305210717083,-0.010388773771216275,-0.005194093852522452,-0.008010158217037766,-0.006828659442731033,-0.007447872589687932,-0.007908855538748205,0.0013092011488464728,0.0004551316162888508
2023-11-20,0.005632706606334192,0.0003928131739956431,0.0013436862263394023,-0.0020215941162582407,-0.007041153882124895,0.0021235925916192055,0.007503862745170231,-0.0005946877990991029,0.0013392301389860695,0.005181915380025881,0.006660199842126735,-0.0021541290761680765,0.003401679043468775,0.007273091841615509,0.00745795620021128,0.009089746962797074,0.0004551316162888508
2023-11-21,-0.004309791779923855,0.001614279607881297,-0.0027074392542967285,-0.0018941176980659113,-0.002151007797336013,-0.0018180085593983986,-0.008419963428636379,-0.01193258487176263,0.0007533758243787325,-0.01859898184614328,-0.00978697097484238,-0.006403880766583492,-0.009318379647016983,-0.013190598663812114,-0.010979418549945885,-0.002918796843998983,0.0004551316162888508
2023-11-22,0.0035904073818091575,0.006430901551595314,0.008298040734751266,-0.001658902113687688,-0.00942936720602805,0.0042045611081873435,0.00342302847691478,-0.00870939942996729,0.008031459373574634,-0.0017246900751085592,0.004104962078653074,-0.008109882265081358,0.0010668960963142737,0.0041077082001379495,0.00555351780105906,0.003253968809994179,0.0004551316162888508
2023-11-23,0.011017344904017845,0.005549508582167073,0.004753227900765156,-0.0038797547665756493,-0.0022115623483761615,0.004280976587508034,0.0036344183154521925,0.006363640916320579,0.005676037556368252,0.0015108628823037318,-0.0023456037306170963,0.00041459475671157264,0.0029045691862783496,0.004253587709021289,0.006346428958182493,0.004273720431795969,0.0004551316162888508
2023-11-24,-0.010683218828185015,-0.0044364495407386295,-0.013277289968964268,-0.00902864199438258,-0.012983373814689725,-0.008708752260054076,-0.011791682129386305,-0.01901736913860974,-0.003943982451453776,-0.004351389454917753,-0.010887368475029358,-0.007332585297644467,-0.008964739733348881,-0.011612190007042611,-0.01253918495297801,-0.008431383751244081,0.0004551316162888508
2023-11-27,-0.0039792515992602695,-0.0003894735793616988,0.017884113360723486,0.002864279292744465,0.0017126506413245313,0.004316541672402696,0.005887593540949032,0.010301951530162556,-0.0009528111861195621,0.015589833472677617,0.01150885097979848,0.0038482258618568466,0.007766786563661254,0.002235541821654863,0.00326063578096103,0.001554335992818956,0.0004551316162888508
2023-11-28,0.00013249677802562587,0.0008708965198944707,0.020506079379388975,0.007737110680150927,0.002333500095910601,0.007518244910406313,0.008671722008751326,0.0014973414273979913,0.00034077316859448814,0.021933944115833492,0.005400812013383938,0.0004263521538303561,0.007405847087190276,0.007431216243362959,0.006034152560298711,0.0064862504018898814,0.0004551316162888508
2023-11-29,-0.006643374418233705,-0.003317443562093292,-0.007073781912480648,-0.005742001617770054,-0.004461961727503572,-0.005463902135013687,-0.0027229278378594346,-0.006032063122732412,-0.0014177867203275518,-0.011184743380428075,-0.0075015537243497965,-0.0032500970375741733,-0.005700045844477364,-2.287824295832408e-05,0.000596670578173697,-0.0030909895961126477,0.0004551316162888508
2023-11-30,0.012032248638260246,0.00782226939241748,0.006227517870262433,-0.0015636687887932155,0.008475878425174832,0.006586316904472644,0.008556350228271059,0.015643694236008754,0.010672058262380713,0.0034707618722431555,-0.00648701491498771,0.012070854011728027,0.005982569679170435,0.006933937436268467,0.00787135502593972,0.009295496530243419,0.0004551316162888508
2023-12-01,0.009587263656633871,0.004147457836546353,0.02203597875081531,0.0076986909560974315,0.0033876147050009298,0.011217909780336877,0.012099194931655344,0.011473326883762347,0.009761779313788077,0.013379496132339241,0.006069645103966126,0.010054492760960487,0.009798021775015098,0.011371646920466771,0.008167692676123828,0.00660502450513234,0.0004551316162888508
2023-12-04,-0.007962243046739759,0.0015505380460445473,-0.01668289967490233,-0.019539631973093607,-0.004254093126177416,-0.010780603142522938,-0.011902466729917127,0.0011313365087155525,0.0021270851920820455,-0.015480534836673332,-0.0038854117540201294,0.003785263132821459,-0.005141163309952179,-0.007835694303091167,-0.008165797548584042,-0.010665730564952458,0.0004551316162888508
2023-12-05,0.006443044695722877,0.006816047569966788,0.010459385402940669,-0.002100410010759668,0.0048271496309497675,0.005587131297829062,0.005837101815698187,0.014633927592453189,0.010083310280551094,0.008883505931626345,0.00827917687854951,0.017949758692609397,0.00956830347384896,0.00778852523856588,0.004733567757641444,0.0009226137758977515,0.0004551316162888508
2023-12-06,-0.0020323193516028626,-0.00224003630330305,-0.007678573270218703,-0.006015178802417531,-0.010508455642936343,-0.004438975218861385,-0.005398685490898725,-0.010825091418357302,-0.0006368188206067327,-0.009995750509192103,-0.0070422932408604755,-0.008701494283593014,-0.004334879118160995,-0.00476285479912919,-0.0038419257863329115,-0.010081845161379888,0.0004551316162888508
2023-12-07,-0.00024796470099219814,-0.0018784218708060019,0.004784844025225388,0.009344799551425309,-0.0016386897851665694,0.0028265482992326785,0.005218685814699642,-0.0006528739766625824,-0.0002834571782777129,0.014233479691869944,0.00820313769413783,0.0023686662676372094,0.005168256080542388,0.004317345296834363,0.0023253064280928104,0.0031267511160273376,0.0004551316162888508
2023-12-08,0.008222964345369066,0.004885009192642231,-0.0021150125497284566,0.0032140174160797397,0.006568106284315256,0.0035313937028054188,0.0033751163472159895,0.00303235838095528,0.005044012361493655,0.008439373072980816,-0.0006087162964205639,0.0020871340263954874,0.003268157415789563,0.003650650431149094,0.003255179076978365,0.00880901751005081,0.0004551316162888508
2023-12-11,-5.416945323688527e-05,0.0007920121177875661,-0.004478815251113821,-0.0012682676551570848,0.0015639784632817122,-0.0014287223450536457,-0.004389423436132134,-0.0018175474370907274,0.002437977879052644,-0.005852396158935846,-0.004010650884527234,0.003365685104955496,-0.0021665219325494034,-0.0030872866774666052,-0.0012933677111591768,-0.0012255475291247375,0.0004551316162888508
2023-12-12,-0.0014272418560731248,-0.0015242197907056054,0.005597219006085341,-0.005951782115738546,-0.001823895198704517,-0.0007862783557504027,-0.0018189126958959578,0.0001279758695058586,-0.0011093209668208148,0.006529500516436748,-0.0015813875009040856,0.0038243790650598353,1.571856361626267e-05,-0.0012060464239098678,-0.001681873607198403,-0.004389205170890698,0.0004551316162888508
2023-12-13,0.02840880681186797,0.015775574619426802,0.025782012616918815,0.02093448867621439,0.016579064948339273,0.0230754139308762,0.030158481412301485,0.021296915764498214,0.019974930582215666,0.04040842106714937,0.02681363408856363,0.01665323488551107,0.028247625921545172,0.0346234805886283,0.032416571901894065,0.02424216077545105,0.0004551316162888508
2023-12-14,0.012443418002670681,0.002804955737610415,0.0065766096936212826,0.007957525047704639,0.008760774608952637,0.006726759324563902,0.0076931270720059786,0.0074081825690761605,0.0028185139809802084,0.010197203657699827,-0.000647861870048505,0.004827960178718005,0.004417398863576727,0.00558759552308441,0.006070330985340933,0.010660209430240375,0.000437392423015881
2023-12-15,-0.008039412609855634,-0.004682838749146101,-0.009198836804470423,-0.007325506665312287,-0.002137424066384064,-0.007495432821870707,-0.009486024114157332,-0.0023854864685234345,-0.0035495452216891543,-0.00442829282850199,-0.00661875817736246,-0.004015613355353054,-0.00439174966822542,-0.005948299438053861,-0.00788274284849233,-0.004900924354547032,0.000437392423015881
2023-12-18,0.008698424859006959,0.0047613743725190005,0.008553466356869599,0.007523517874834074,0.0089782388368298,0.006734791187417821,0.007137522727460155,0.006404043413166027,0.002905182703370146,0.005811660309276601,0.0014520195709843975,0.005065233772247435,0.004018350301208784,0.004622024915952316,0.004280583968654383,0.007048695410382555,0.000437392423015881
2023-12-19,0.014300712989856468,0.008716047830069629,-0.0014444485406315266,0.007040037762740647,0.00994935265976249,0.006965341247622714,0.007458990389105358,0.011010205448695132,0.0056045521698686596,-0.005802847919030296,0.02077032852968852,0.008818227808151224,0.007653591545986549,0.006923663378484379,0.007347175759746305,0.006030057949439227,0.000437392423015881
2023-12-20,-0.009841208120453082,-0.00451123224809602,-0.0027810916858392876,-0.011454317435915184,-0.004538468192495593,-0.0069476171830744615,-0.008616105724767564,-0.012000268834619132,-0.004658760907440662,-0.007159889085807336,-0.01495571860702205,-0.008012936246304947,-0.008828434626271586,-0.008546969467303489,-0.00812044655722699,-0.007663749324221869,0.000437392423015881
2023-12-21,0.003101471443759829,0.0005244706356379858,0.005547183520407284,0.021285675837457774,0.007389519428322444,0.007433459806793774,0.008907456405334191,0.0008133911406924543,0.0020805329937627626,0.01062562235830744,0.02184046896835734,0.0019265708960538586,0.008781612676775907,0.00865763585355439,0.007489070518912788,0.010410217484811302,0.000437392423015881
2023-12-22,0.005979663512521771,0.006658657642273802,-0.004749464449868901,0.015258282306510829,0.007238619118613787,0.005802759399894608,0.005151120380161522,0.00565487966633893,0.006925620198197313,0.009705879511975768,0.003211978054271425,0.005905406918583989,0.006538246250737734,0.007016118925299297,0.006269068641719722,0.004494945007828877,0.000437392423015881
2023-12-26,0.006116441265469508,0.004147441361444626,-0.0006620007647740733,0.016325755021458166,0.004579615241541823,0.006646387023955036,0.005134349081314271,0.004327190519604285,0.0018081940576899491,0.016689777246613247,0.0006397221615201953,-0.0015816216797808202,0.006504401244940894,0.003922601542491355,0.0022284480680534458,0.005881574629125197,0.000437392423015881
2023-12-27,0.0016012722668914403,0.006945237334382348,0.004595944550103148,-0.0004979595852975249,0.0028023408286130813,0.0036147891839011237,0.006110655218950267,0.0021885654229913953,0.01050923154122807,0.0221663536855341,0.002949439514021268,0.006892622826798034,0.010005101756583867,0.00834326525322271,0.0074989443752571106,0.0049141264939021045,0.000437392423015881
2023-12-28,0.0033041640919961868,0.0026632389819216673,-0.001209845211126992,-0.003566874101284645,0.006348498067126895,-7.284689888209517e-05,-0.0030125714514497304,0.006651497991214006,0.0006548457278909847,0.020623163477974105,-0.006623994204731365,0.00832837434829603,0.004801323917899891,-0.001028826475707345,-0.001652554961378505,-0.00013018764556438356,0.000437392423015881
2024-01-02,-0.02161092224746841,-0.01058733943244694,-0.028345305860445036,-0.022469918535146016,-0.006822528806414985,-0.020825896010125855,-0.02254736764987686,-0.021617094263216785,-0.015270447416112387,-0.039874496796766246,-0.026616899601644595,-0.01456618730374759,-0.02514822675114603,-0.025158085763541616,-0.01925503960209274,-0.010717875514485331,0.000437392423015881
2024-01-03,-0.0033893699406740696,0.0002822937620956534,0.005973063090856323,0.004952026507417218,0.0031564450463390514,0.0009019068301101552,1.0333058697575837e-07,-0.0031986333185395344,-0.0002000384926124088,0.0051997835329586906,-0.0023012259822711156,-0.0007533907524157613,-0.0002039927890061799,-0.001138822463338629,-0.0007721024485128902,0.0017844160402258336,0.000437392423015881
2024-01-04,-0.028835869241714773,-0.0045568383966072545,-0.013273713992565161,-0.012486071991399617,-0.009133193176209198,-0.014901305114575658,-0.016690597200834212,-0.022352391003819805,-0.006799189840062447,-0.019487148392115294,-0.009772102914838543,-0.011480199842697991,-0.014745152117570437,-0.016248079147832994,-0.013688973720098474,-0.012371423336625331,0.000437392423015881
2024-01-05,0.011214589008653464,0.0018018416755585243,0.021362736593180776,-0.002244563632089691,0.0027703419183005007,0.008377327930815026,0.010252344688093329,0.012775654452350071,0.0037860946169032683,0.015378984362472314,0.005341927938979252,0.0029009020879224856,0.010035031243901704,0.012067003528261067,0.011273049138509128,0.006144739371180874,0.000437392423015881
2024-01-08,0.012022335201924639,-0.001706223713178967,0.006151752483523287,0.007929506513753237,0.004634494846046611,0.006965015645308714,0.014128352613879569,0.015652276274381594,0.00176734229899278,0.001129723514211145,0.01090093529974867,0.004805039676562872,0.008104709033005308,0.014876089590529107,0.011155538763050865,0.0029713095401917577,0.000437392423015881
2024-01-09,-0.012815703363948439,0.0031535108848907978,-0.009190923164110631,-0.004627117965869898,0.0019253856860048657,-0.0052267796813271206,-0.005656625146587491,-0.00413025830815994,0.0060706283988902765,0.004263290875096137,-0.0035631281326404807,0.010477261970436746,-3.355311303065989e-05,-0.0035919933509646063,-0.0035699596497782426,-0.00721687369959878,0.000437392423015881
2024-01-10,-0.003932948101435407,0.0031852516700658917,-0.007791810898417073,-0.010908785923364861,-0.0007914478706925188,-0.004339039985865267,-0.005955728712240704,-0.0036468001617667722,0.0034441454624338785,-0.010411705108735014,-0.004005580961367605,0.0019946260029828355,-0.004456473083950585,-0.005451463291817116,-0.0030188984662701257,-0.00477775585842799,0.000437392423015881
2024-01-11,-0.010312081258802008,-0.007056573172184444,0.0003880087592647019,-0.0068215503965769475,-0.001083843016376207,-0.00590418683682814,-0.00784295899720433,-0.013311749607558543,-0.008220001490945261,0.0033856018221363193,-0.013281244970126727,-0.005320980138805997,-0.007154242784598308,-0.009481942984272407,-0.007582276631326046,-0.0014076972632224294,0.000437392423015881
2024-01-12,0.0023488387207009076,0.0009532757535788416,0.025178750923088744,-0.001663661020148477,0.004358944964049538,0.007232105657396293,0.007057527827370125,0.011134894083760782,-0.0013263270863105303,0.023935749188590316,-0.0014307126066462894,0.0024114622190947177,0.010254720197829581,0.0074869562374912935,0.005936020766529326,0.0025439709796442056,0.000437392423015881
2024-01-15,0.0037635099102084624,0.00643604579134327,0.042043754951677226,-0.0038443994213321897,0.007287751277942789,0.01361556209344017,0.005964049270307692,0.006618585769149199,0.0016405457958319491,0.03830206384744672,-0.0027037856753552303,0.006198507172555434,0.012911365192178392,0.006403190124445235,0.003556316935061865,0.004114782374719184,0.000437392423015881
2024-01-16,-0.01704686805183009,-0.012310846565840472,-0.05493415427477644,-0.02124474872425941,-0.013236161599416318,-0.027572127231786703,-0.02143092430796656,-0.02405044402861345,-0.014848914011981629,-0.05206076011454719,-0.01698099289706978,-0.010152060394757134,-0.029168132552490955,-0.026466208676980574,-0.02135412024319816,-0.016651706205801364,0.000437392423015881
2024-01-17,0.0008744600976535732,0.002273135269986737,0.005697933297319491,-0.013726336258234273,0.0010409336024930216,-0.0005252189593422107,-0.004579882092854093,-0.0012520782453774304,-0.002531154050419593,0.0045997948701999025,-0.006154942201267222,0.0010767169222865025,-0.0013328670231272932,-0.004639659006204111,-0.004115067328683719,-0.006036121978472919,0.000437392423015881
2024-01-18,-0.015277381204478635,-0.011062512737090469,-0.028074195434746096,-0.0029804205753252155,-0.008227620528998836,-0.015212834826371036,-0.011717571295290719,-0.015168379376907293,-0.015935661302362125,-0.02703153923615509,-0.004400407615526514,-0.014974391486041183,-0.015601668611064712,-0.015596463221659529,-0.012335243711824817,-0.009173920401179148,0.000437392423015881
2024-01-19,0.013853513228119008,0.0019169282452113912,0.004280486507135972,0.0014956010383200269,0.0016282474508726441,0.00582299548861287,0.008410884252909812,0.016371199941767278,-0.0011943504340392597,0.007393594898374767,0.0026239086660277966,0.0021282101103925477,0.008151362917304894,0.00938698857590281,0.008252311404800983,0.002543450377545886,0.000437392423015881
2024-01-22,-0.009582234905105236,-0.005035471582611639,-0.012565978699812241,-0.006616105917134685,-0.0034819620418538033,-0.008435329829020621,-0.011367380265521643,-0.007435182051522049,-0.006618084154460635,-0.01418245419491726,-0.0076141530817348535,-0.005654970081900856,-0.00863282497065676,-0.011879742772045399,-0.009707062667327238,-0.008010670975526879,0.000437392423015881
2024-01-23,0.012418655403021672,0.006055466604141246,-0.014455509413105583,0.014982545403886549,0.011772778495077185,0.004139814066237424,0.00999277461404735,0.018997146530473907,0.011283382111777485,-0.018433599105361353,0.015081178881211521,0.010719373166287127,0.005233868715898149,0.009089666152492182,0.012643393903967404,0.01307502630416546,0.000437392423015881
2024-01-24,-0.0031542143566570813,-0.0030912220998746687,0.0012580069089358492,-0.0016722640149771095,-0.006020031221542821,-0.0020938179781613275,-0.004815938488748173,-0.0063852588304781355,-0.00805913637027178,-0.005480388565656469,-0.0057054806398112445,-0.005271468840600924,-0.004999970805237952,-0.006322336029600195,-0.006690958741400355,-0.00350624919612208,0.000437392423015881
2024-01-25,0.01540944857059201,-0.0009032444851023724,0.009808745426942433,0.008522284139165448,0.005095979927399963,0.007789293148067866,0.007155253108270587,0.0014665307084178458,-0.0008751551832373305,0.004782358077364712,0.005005261779582382,0.0009736360904475383,0.0031027489974080336,0.0037714656279683734,0.0036348295457719892,0.0037702321958625884,0.000437392423015881
2024-01-26,0.003312237991075273,0.002670759739527906,0.0018152978953160925,0.011322109571221706,0.0013572003249819886,0.003938665756312076,0.00028701052366275626,-0.0007603800048235909,0.003744578931315301,0.0035896357283320413,0.0024275237008459793,0.0037148090451506466,0.0022873812991386355,0.0009331202779223613,0.0016674693160592113,0.006438476553465744,0.000437392423015881
2024-01-29,-0.00826937860369692,-0.004673617485823511,-0.010424017805832464,-0.005997169247449197,-0.003022498239635185,-0.008195344001820537,-0.007277316907796982,-0.011383806018547937,-0.0033515785961016897,-0.010616410511084085,-0.00708848332574008,-0.0058664150087957,-0.0077373447194132305,-0.007108135117789849,-0.006230789325952002,-0.0033276044097697577,0.000437392423015881
2024-01-30,-0.009057620989126769,-0.01012052173882938,0.010171058077649286,-0.008288390373166088,-0.008683575878088656,-0.004600575690480446,-0.009860802165566063,-0.012219167856568847,-0.011342222337884844,0.010431905039629541,-0.009306924008953388,-0.012242979612198557,-0.004461967708103809,-0.009868092348932711,-0.010682804599758455,-0.008354624915245634,0.000437392423015881
2024-01-31,0.010537024477280443,0.009961689811517793,0.023489120924651496,0.0006768143624515943,0.0062313936604725395,0.0118906584336258,0.010981732521198495,0.0110340914106275,0.0027627475546390112,0.01644292772859024,0.0001883378989961937,0.00895485879304303,0.00815870783280448,0.011182122739864742,0.011109100982576114,0.0026499868960780937,0.000437392423015881
2024-02-01,0.010387372510286097,0.0005946303875121739,-0.021264104245667492,0.0032065823511699953,0.01056744199555415,-0.0027299568979187727,0.0013653363734043023,0.007093356852475141,-0.000636960042951773,-0.02321897983562482,0.004812214652957003,0.011303901718473286,-0.003281377634204663,-0.0010713685625471925,0.00423266814651635,0.0060441517484461915,0.0004195739267733867
2024-02-02,-0.016081438381125635,-0.005445937581198046,-0.021322357650192858,-0.008268565421107321,-0.004855417695746267,-0.012455954378604361,-0.01181907125641446,-0.014281738535976363,-0.01346518516854811,-0.028455831160494993,-0.0014082888312106911,-0.00945593596213723,-0.012830803659891754,-0.011277355472313566,-0.010158459722500512,-0.010166914342603417,0.0004195739267733867
2024-02-05,-0.0036725572096975023,0.00616435936574522,-0.03637974576926839,-0.010930633637732612,0.007340116349508152,-0.011282395083642593,-0.005696181968916747,-0.0035548220108353457,0.0067403580785292405,-0.035445776532948337,-0.0070686630355139,0.007252416495304059,-0.010355158415434329,-0.008194684210944714,-0.0011446764109472873,0.002930357893011326,0.0004195739267733867
2024-02-06,0.013968375165822833,0.018504229211596446,0.00797441182530001,0.017397943018929052,0.01603948904522623,0.014764395718681156,0.01868345414822392,0.015550606795329047,0.015183610523383795,0.012789819156826088,0.01622460500325218,0.018011310455183338,0.01556975012510331,0.020195749597964552,0.021036063431995267,0.02159918642934433,0.0004195739267733867
2024-02-07,0.015054331139080945,0.0015068387777659176,-0.012186282560775141,0.006980077505903903,0.003086599271886925,0.002621646621755236,0.003652424462218473,0.007307121769599245,-0.0002610194687153733,-0.012580600781415652,0.0058210893353949356,0.0014780682552666402,-5.432475085997979e-05,0.00011299667523090307,0.0013016273099057951,-0.0027547483089871427,0.0004195739267733867
2024-02-08,-0.008525976604924157,-0.015978465114035,-0.03578179093519951,-0.00788677345151323,-0.010772284079678118,-0.017628939019682766,-0.017524602649608534,-0.018003854063730507,-0.009042381325592208,-0.03461833982321971,-0.010209825538027073,-0.011543798665637706,-0.018181849673609696,-0.017814668906784625,-0.012577975460967394,-0.012962716828504695,0.0004195739267733867
2024-02-09,0.005216174630259918,-0.002855628208125127,-0.005554094909959062,-0.010103106048932387,-0.0017224494429423087,-0.0025659068920335093,0.0015664680244955598,-0.0015529808345803309,0.0016538215234120912,-0.0027824946501036063,-0.003007390070721372,-0.0018591341088300961,-0.0017971264620542104,0.0017847112430626755,0.002156038022135043,-0.0014672011369653015,0.0004195739267733867
2024-02-14,-0.01285508306284866,-0.0021613806374911615,-0.013334893940146864,-0.006230908180547501,-0.0031991997077290835,-0.00807215749602841,-0.011672070653232836,-0.018186248079326894,-0.008129948541746979,-0.017427735061372296,-0.007479504706101592,-0.0062416490747838616,-0.012031177292924355,-0.012697781981148015,-0.011074280338769005,-0.00807304644707163,0.0004195739267733867
2024-02-15,0.006435267272865586,0.005898570638202427,0.007832447299984002,0.011178489872324171,0.003932537424197191,0.006774839671391808,0.004934757650762123,0.0014574789976666835,0.00558432192190339,0.016212058606097424,0.0048656543965297505,0.0023720171371681698,0.007261128199346434,0.006257158268693441,0.004153978644722223,0.0067053640114693724,0.0004195739267733867
2024-02-16,0.007019028751314549,-0.005357519269164612,0.017106702229834347,0.005526942799053192,-0.002575499735612885,0.005403652317700791,0.007203733651563127,-0.002818346716743525,-0.002012551425164877,0.01996994825266518,-4.319755435577832e-05,-0.0031774657347436452,0.0038662334629557815,0.006325588938289384,0.0031614526987260305,0.007362247317564741,0.0004195739267733867
2024-02-19,-0.0008261936019265947,0.004297371412375961,5.129807875836612e-05,-0.0012612714171694739,0.007788693483693265,0.0011022451432427527,0.0006762952683521117,0.0008845832945991727,-0.0004569194782990671,0.006680157461228076,-0.001805302385403551,0.004035236664320152,0.001042133789397548,-0.0005109866677778241,-0.0003045322217442026,0.002420638262892627,0.0004195739267733867
2024-02-20,0.012564890715248245,0.005728330854953834,0.012689022589292165,0.00016720210791065782,0.009129380717127322,0.009012552927230244,0.013973542654835303,0.014881109955274807,0.011222845386914537,0.014255050485383558,0.015978600030147838,0.011808961505547444,0.014781868460752356,0.01678027369245827,0.01397082866381405,0.006116142311894057,0.0004195739267733867
2024-02-21,0.0014731831214613855,-0.00717623657160249,0.002796002827279098,0.0017722119829310934,-0.007866434256671218,-0.0007832576376076705,-0.0018707477710757647,0.0014787547098611409,-0.0060106048629640085,0.006925106766844991,-0.0033079434863627633,-0.007899905663449447,0.0003998516701804178,-0.002509869777396312,-0.0018990342212029665,0.0007612606403268884,0.0004195739267733867
2024-02-22,0.0035421959673780368,0.00764664657709857,0.004317073014517225,-0.00028044131202586975,0.007343302717211619,0.004475176673045533,0.009088481641774893,0.004148223331715384,0.008109309111541174,0.0018682495298902868,0.0036079037782263956,0.006474799925578534,0.005328829088453224,0.007793970193149091,0.0068042427104302305,0.001831101727448603,0.0004195739267733867
2024-02-23,-0.015331303382926764,-0.007392515859093951,-0.010296612907255365,-0.00561381047509768,-0.013124530450584038,-0.00975146894661083,-0.00896140123600786,-0.01565760708915287,-0.004785414862549131,-0.008652269514858535,-0.014515377466300605,-0.00858999104313396,-0.012053944927645222,-0.009880859300299027,-0.008864727873150957,-0.006268380985601785,0.0004195739267733867
2024-02-26,0.008335439154474766,-0.000573943885122663,-0.00755890298613926,0.0006016227096092841,0.0009438888419093239,-0.0003080675544187006,0.0002818726801430138,0.006373603596319777,-0.0011759191691654847,-0.015810293687498422,0.00400924753324472,-0.0011414253377304284,-0.002120214644876106,-0.0019107208186661673,0.0020146170428851917,0.0015810524073394117,0.0004195739267733867
2024-02-27,0.026209159432897255,0.01649136253661787,0.047827234321669465,0.013660947471985985,0.015049774686815898,0.026697031166751817,0.023406921286363236,0.02869328492161416,0.01323832294721039,0.047418458357608495,0.015479039946760809,0.014832569177042565,0.02706537926234187,0.026298767656567357,0.02072430106576606,0.01569968576874281,0.0004195739267733867
2024-02-28,-0.017002402185917198,0.0011370915312058916,0.007124962975936455,-0.01630343870953843,-0.00536370953525922,-0.004623703534849866,-0.006282890379148531,0.0004238146639250484,0.0008806973724986289,0.005965593412994741,-0.0013060695070313821,0.0002922299105612147,0.0016546135813866325,-0.004006505488668766,-0.00441028055336834,-0.012517987759957938,0.0004195739267733867
2024-02-29,-0.0067531139304022325,-0.010504965332214122,-0.007731319450351992,-0.005043060197460036,-0.010168631143949503,-0.007505258374404078,-0.006532732869888425,-0.011535513479761672,-0.01054747480859386,-0.0025074247187700793,-0.011121719636346006,-0.007242205862747597,-0.008930797601683138,-0.007028621230047549,-0.00857699593163408,-0.008504920152055284,0.0004195739267733867
2024-03-01,0.005540827470831067,-0.008264046762110677,0.01569278831528842,0.0024342220502864276,0.003981747822342285,0.00404633860933612,0.00502713699312185,0.006120400870329501,-0.0018506362525434472,0.015182156477305586,-0.00394309208470478,0.0002818863881630662,0.004545134681487983,0.006055126334560512,0.002872767642987384,0.001255150785300696,0.0004195739267733867
2024-03-04,-0.012906356790303386,-0.011298141498712333,-0.02134372709735477,-0.00744866794176402,-0.016339167849474978,-0.014044400834529847,-0.010677932968626958,-0.004228293718038456,-0.015109112706972794,-0.01080615049526712,-0.009742239645355588,-0.013902105855367775,-0.00960806464916919,-0.011376297737957453,-0.011698687724304602,-0.006602614509823024,0.0004195739267733867
2024-03-05,0.004817243374385383,0.0006882041215796608,0.004697631301862293,0.006092318385142459,-0.0026860777851382966,0.004621940393775059,0.002782219978920253,0.0005842616528091149,-0.0022295473686024803,-0.004809034293022707,0.007312670022912027,-0.003494981658139884,-0.00041459526189702167,0.002064323299794335,0.002422747273717718,-0.0017697395231605073,0.0004195739267733867
2024-03-06,0.009226958058738965,-0.00324054372879079,-0.0036512898980279873,-0.0011727745040439608,0.0045526351402529475,-0.00013489208032602118,-0.0018265686470357867,0.0021733246502726455,-0.0016253121502575185,-0.0015530706916818682,-0.002540198283598194,0.00418576517056235,-0.001001009896233085,-0.001763741148119613,0.0011836147982200451,0.0064834002819578185,0.0004195739267733867
2024-03-07,0.004829043050952775,0.0065355545638712265,-0.01497285494698708,-0.004012680132142621,0.0023712039249412786,-0.0017592611987737872,-0.0022887676008351843,0.0047053971313753,0.006257279581485253,0.007007333372258007,-0.0031505346742783935,0.004060801324705876,0.0033823682337277283,-0.0018342818045213871,-0.00020668103329490872,-0.0039220913898225795,0.0004195739267733867
2024-03-08,-0.01638104571494925,0.0013242588976178915,0.011115993866352314,-0.009359647555327588,-0.003335507363073975,-0.0007132321369694994,0.004994319782887668,0.003983058141541207,0.0020469031671017657,0.023412494866275724,0.002613198098685654,0.006296109042092102,0.009544594892554104,0.00675849727440081,0.0051625813457991665,-0.011928158957453139,0.0004195739267733867
2024-03-11,-0.005527339342150883,-0.0016518927272511919,0.009310128387342909,-0.006207638219373313,-0.011586008314511731,0.00021921299294502816,-0.0037922028616208525,-0.005126482195358162,0.0007688237266063602,0.014499970669644702,0.0017852951147019347,-0.00995665316165495,0.0031509746035927044,-0.0005400227451999307,-0.003254944114776004,-0.007729887365886201,0.0004195739267733867
2024-03-12,0.011811855257172432,0.0019002561455634392,0.011770977687386663,0.01694388718803208,0.00965141831752292,0.009827816434481607,0.011641290092082368,0.015609769530696482,0.0014051495548024207,-0.010083760443859724,0.006301703942761083,0.005306565628760751,0.00304312702698728,0.00829639056378606,0.011477651318196669,0.012425833412722964,0.0004195739267733867
2024-03-13,0.007939153880311745,-0.002866470562704171,0.013068117463850726,0.007234752977496317,-0.007094545594000579,0.007081735665198652,0.005384613638550695,0.008414140576605611,-0.0008925374472854575,0.007350494691423126,0.01017744618330041,-0.007098383166388,0.006871130988686414,0.005261400921303894,0.003068043659784303,0.002541399558741997,0.0004195739267733867
2024-03-14,-0.009256545315110665,0.005765425601719887,0.004084323475414653,-0.0059568246086274534,-0.004158985023343775,-0.0008105600771219912,0.00026638350905505703,0.00023509298103241427,0.002597370519008546,0.007019167135586146,-0.0007652913784373938,-0.0041512821545062195,0.00365832967929558,-0.0006538380708073221,-0.0010520921177149534,-0.0024856158892438973,0.0004195739267733867
2024-03-15,-0.01338376813565556,-0.0013977216677498738,-0.03917098870572788,0.00048641060949883297,0.0010470623533809231,-0.013334479538059663,-0.011335798243216955,-0.020549802310103393,-0.0025931250374537917,-0.038602606883446744,0.006353363642776166,0.0020083602261620204,-0.0137495726539133,-0.01036509203765168,-0.0062024804492931684,-0.007257302396711629,0.0004195739267733867
2024-03-18,-0.008325860108539862,0.0017992147772465383,-0.013175132358466901,0.009619195698217009,-0.0014377291571789907,-0.003167594587567768,-0.0021324890228232585,-0.002897988351107106,0.0018132269747441754,-0.011448760996857765,0.0038730470472216894,-0.004450977976942938,-0.003189404637731874,-0.001622197057804975,0.0004042434638202863,0.001652308633495192,0.0004195739267733867
2024-03-19,0.009103912493920285,0.0015632989933458408,-0.013246102358032363,0.007468161558747521,-0.001845068842696418,0.001332456022615558,0.004558372990455473,-0.0003146667212478027,0.002943032183450933,-0.004324842973161824,0.00664721363151255,-0.003220168994235828,0.0009125601152015772,0.0013571285994522508,0.003350042592228597,0.004183332049223054,0.0004195739267733867
2024-03-20,0.025202640029082346,0.007124252993309321,0.03684902715086036,0.006326029202677219,0.012651399514500117,0.019145716032066717,0.021420572322705445,0.01391517129777431,0.014769849394934642,0.02864887225170154,0.01180161808344038,0.011473218329925983,0.017285284142377177,0.019875216827430542,0.015853449472231995,0.012856760293062042,0.0004195739267733867
2024-03-21,-0.0051744763441760044,-0.0005390572161202423,-0.014649156606404534,0.006194017269345098,-0.0022055313643755126,-0.002925353791939256,-0.005022349964116546,-0.014647035452642454,0.0021026005394935154,-0.009332549269423063,0.008967856068375246,0.0002719624303204604,-0.0007492418402345047,-0.002392177207689916,-0.002317065657336803,-0.0072982742580191,0.0004016754138975731
2024-03-22,-0.015641017451326955,-0.006559427005045082,-0.020555767596860286,0.0008787945843617972,0.0013870691976742844,-0.010556173463623253,-0.012407207887619953,-0.01443921736605569,-0.008586805719148605,-0.021994493522122238,-0.00031469676919393397,-0.0012232898207537035,-0.01175368942083821,-0.01574502042274717,-0.011872670840806232,-0.00826596749177555,0.0004016754138975731
2024-03-25,-0.005761957307323207,-0.012527894901699477,-0.009003816377534002,0.00025812729844165716,-0.00303997634002684,-0.007062043836414844,-0.003275115159296127,-0.0021231571563343765,-0.010313138726182669,-0.013843077936346093,-0.0032633541992973525,-0.005274297328845101,-0.00811138398076372,-0.004161182555513454,-0.0031356139445153364,-0.0005421611030876905,0.0004016754138975731
2024-03-26,-0.01225760362019046,0.0052907794539553965,-0.006513834512844263,-0.00393562929355129,0.005459360714335615,-0.003864582922729065,-0.0026441609935158317,-0.0008290470398910621,0.005083093318759779,-0.005286812822665299,0.0034738309646358267,0.003952038666826363,0.0003191448491470794,-0.003164821250690397,-2.1805732727253613e-05,-0.0007973325330734582,0.0004016754138975731
2024-03-27,0.010569221670973628,0.0071505349364584525,0.005625480221747914,0.00854482379387389,0.008202742164192589,0.007954098351338645,0.00830266388777856,-0.007187092477404233,0.00373572848155157,0.011298849036816883,0.006852888313684469,0.003978127225224615,0.004108232644802534,0.006096487487961433,0.007942911346860537,0.006863990176774415,0.0004016754138975731
2024-03-28,0.005538587894330815,0.0002405005200265542,0.012901882537458942,-0.0072451128006219,0.0022219016820090864,0.0022294723444826747,0.0016322081677619948,0.0009905583669878038,-0.0005517116513256148,0.017605843051629932,-0.013185451091866751,-0.0030985156566949446,0.0015843470442222785,-0.00046204356679568903,-0.0014765456404043364,0.003466919116921874,0.0004016754138975731
2024-04-01,-0.010987818725472498,-0.006550970264334932,0.001671558854633215,-0.004068734021380416,-0.0026257979086804495,-0.005591967489087857,-0.009912704182227228,-0.009207401969015261,-0.01503463793706128,-0.004423693793378258,-0.008546760067680848,-0.003455517500715821,-0.00891033464992197,-0.01177926943043528,-0.011258382172919301,-0.008344721164262991,0.0004016754138975731
2024-04-02,0.0026881595246217582,0.0024561831504066323,-0.0007217124097558258,0.005838725006746426,0.0023645314281826035,0.002126698176926123,-0.002109436762503969,-0.0034611780099724765,0.003696648929822244,0.010931972311702731,0.0008129164453440918,6.179859492894124e-05,0.0027566903590412473,-0.00011681979062094783,-0.0008518704170878966,0.004910022429764904,0.0004016754138975731
2024-04-03,-0.008364576612159835,0.0028454674985500805,-0.013961193739821631,0.002833899369986126,0.006678142417488653,-0.0037684588663940977,-0.0036363180493318437,-0.009675020295413339,0.0023786740283677776,-0.021251389384618125,0.006183015606616493,0.0054328378422559,-0.0059935389540394235,-0.0061393531801891,-0.0013926660233353205,-0.0019978012299219916,0.0004016754138975731
2024-04-04,-0.002497269624697873,0.004004370404338653,0.003169972836702506,0.0002903902202329167,0.005539000176309816,0.0015236619319312084,0.0029071444338772956,0.010703097974764653,0.0036976564801427525,0.007601292182270347,0.00024178068242819428,0.007710941570203689,0.005935760476717178,0.004799053503279804,0.005501564816339899,0.0005782441366473101,0.0004016754138975731
2024-04-05,-0.003930249185723045,-0.004805424037224171,-0.015481514667988971,-0.006451960645464716,-0.0027267586198314042,-0.007533529878060441,-0.006610358261690208,-0.0013428056384416909,-0.0065926685255490725,-0.011186642242509537,-0.007778619733668446,-0.002669972274214394,-0.006237253130075504,-0.0077505412879257385,-0.007139658825328188,-0.004977800594092141,0.0004016754138975731
2024-04-08,0.021340000944018778,0.0063846043350861414,0.01676388198738943,0.022016679086264812,0.010404352486970136,0.016102953402312936,0.011711468688698323,0.01706957964575362,0.008372368925998908,0.02526824642865111,0.015811887918978584,0.009148694829112847,0.01751478007298246,0.01525323927200084,0.013342536346862,0.01644618533143616,0.0004016754138975731
2024-04-09,0.01447521996637513,0.01343338722634324,0.008628683696677797,0.011902436517610138,0.010193019838626638,0.0123647059067169,0.010781031885214176,0.0166336502039941,0.014805587721272495,0.016511195430623182,0.018445960614330126,0.013727148490626506,0.01657897079826598,0.013783474662908413,0.012789653216680463,0.007992846695541456,0.0004016754138975731
2024-04-10,-0.01908311064064727,-0.013285580960007648,-0.008904242611524116,-0.019286215047479294,-0.009224871738197638,-0.015467534128009053,-0.019001286986122357,-0.022864741015279022,-0.015196839126667583,-0.015434564999812217,-0.022950739128947628,-0.015411715301715367,-0.018953230989201764,-0.02201052433740336,-0.02186145214273838,-0.013153746395696553,0.0004016754138975731
2024-04-11,-0.008093614472940214,-0.001928522222937934,-0.013309831820524032,-0.01142203931757757,-0.0033289241581624385,-0.00869905327471987,-0.006838170583511105,-0.0064336156379758425,-0.005883828943053393,-0.010974577848402056,-0.014796625329929314,-0.0073016942733401535,-0.01005651899569493,-0.008640237054944544,-0.008056320280505735,-0.005323494648495797,0.0004016754138975731
2024-04-12,-0.036144771944861764,-0.00961226508166102,-0.026839044640109888,-0.01798583249031982,-0.01677619544197506,-0.02325355862805978,-0.02204520847310143,-0.023760838720121136,-0.007997978029515185,-0.03568587925695077,-0.02150926925195562,-0.012217482784155798,-0.02415290024160721,-0.020931718243199393,-0.016851046907879863,-0.011812138119674853,0.0004016754138975731
2024-04-15,-0.01938648273664323,-0.00285686489594994,-6.5750479302240095e-06,-0.003685148368033797,0.0035920041225379062,-0.007100401728127648,-0.013149491079277542,0.004335379439174503,-0.0040863834280319145,-0.007038372118491454,-0.007448325230807851,-0.0024123630186123624,-0.002847773476002735,-0.012873701724378517,-0.008982843274945806,-0.004512171426776512,0.0004016754138975731
2024-04-16,0.00021857781436418477,-0.009910778129011089,-0.016509303847236367,-0.005037264987102108,-0.0117087998462031,-0.007737696670120586,-0.01014089680582575,-0.012462511740493731,-0.012709456028891841,-0.012103995968856696,-0.00857544800724419,-0.01195698820725466,-0.009926001400788809,-0.011298618733187271,-0.010427590741863946,-0.007194682306349343,0.0004016754138975731
2024-04-17,-0.0009112543044780264,-9.853497799061639e-05,-0.013414429113637771,0.002830323465032203,0.0017747963078200701,-0.003966496451988988,-0.005245769125521882,-0.009268269614337687,-0.0017662724311094946,-0.013772204899878071,-0.0015888758389734914,0.00013102813022802806,-0.006975942731834106,-0.005722863183656668,-0.005611010067738786,-0.0015782836693221114,0.0004016754138975731
2024-04-18,-0.0041131730186027005,-0.0024176599437938373,-0.007173186562577261,-0.0021487749442105075,-0.0014476796267403058,-0.004289196476725543,-0.003086983755676953,-0.007563291184040977,-0.0028342544048395313,-0.006393989851263271,-0.003733678451184441,-0.0024285946711279927,-0.004964383074187895,-0.00420076819250137,-0.002644191994838452,1.56305129723755e-05,0.0004016754138975731
2024-04-19,0.006723124041525974,-0.0005819319998880967,0.02081472759614278,0.008483094450832951,0.005602218395392322,0.008193339844279501,0.009214763275221749,0.005424200596042983,0.004314857919884618,0.01711557178342571,0.009369417964264048,0.0011476220760846534,0.008600597072838001,0.008616732483565759,0.006957239977126939,0.008420140096766726,0.0004016754138975731
2024-04-22,0.001558824660740088,-0.0019086650302689856,0.012757532524688697,-0.004118094122125493,0.0021060607016263333,0.0014969658875974012,0.0031879902356997114,0.002809425169572055,0.0009818602288553802,0.005117651913904453,-0.003220137853155003,-0.0002970470344130227,0.00047551552965940935,0.0017593381824927423,0.001282025542996612,0.0038628422587685396,0.0004016754138975731
2024-04-23,-0.0013923092068652831,-0.005494786804180585,-0.026086342725591516,-0.0018935521082148465,-0.006443689413872078,-0.00818225176283327,-0.004111758493420825,-0.0027420365245351963,-0.0059624428967458565,-0.01827944219422073,-0.003518933369367816,-0.0026915418583129957,-0.008438109702673668,-0.004916777603955591,-0.004053117319843924,-0.003342220186972278,0.0004016754138975731
2024-04-24,-0.0043830772184311195,-0.0058256924708546265,-0.015008227714716993,-0.00371383184736529,-0.005087903937077587,-0.007235426910374265,-0.005791330372927783,-0.006059268299053233,-0.00292782837896044,-0.008997694348550911,-0.00437789326290583,-0.002795784660404088,-0.00601059984648511,-0.008418617037565301,-0.006166252994687871,-0.0031550562799694815,0.0004016754138975731
2024-04-25,0.0035000486737761793,-0.009910460981082836,0.000424446094693387,-0.0039917865276952735,-0.0044357387174714935,-0.003170782950966289,-0.004194055584042289,-0.0018955702329273016,-0.004457475351817952,-0.010444825928243362,-0.006826666095038902,-0.006919259489468366,-0.0061872066800231496,-0.00658836840762389,-0.004355312468348083,-0.0003206737332394072,0.0004016754138975731
2024-04-26,0.02323567819119754,0.006743565399765394,0.01605194288591716,0.02128789562167377,0.011532027124441235,0.017097930342785617,0.019316696080266205,0.021248218877071956,0.008318661117505455,0.015718357372284553,0.026062082833965716,0.00818844141310393,0.018377120705756145,0.01792961471146981,0.016980090103182688,0.015411116349956622,0.0004016754138975731
2024-04-29,0.005346188263955831,0.0031400846028593055,0.008124950368937123,0.0009339774975636317,0.003538912637117031,0.004021350115910316,0.006164956423565959,0.003504824979133625,-0.0017505187354636131,0.016512664778622677,-0.00019999050691388298,-0.004718584708136464,0.005406343927057966,0.00903490319449296,0.004547117396225042,0.006727423586460501,0.0004016754138975731
2024-04-30,-0.033006085716582145,-0.004153760436199971,-0.023226228175317498,-0.01311164162296885,-0.010687855171260696,-0.018820216276479007,-0.01735731566168386,-0.017789775856807633,-0.0057940151747627455,-0.018621848208009828,-0.005605910198047792,-0.006389677248695214,-0.01196284609663878,-0.013521717773045006,-0.01271754252695001,-0.011419468028679436,0.0004016754138975731
2024-05-02,0.014918701656001732,0.019004107131910475,0.01816538695112624,0.01285320588468708,0.02526491313234369,0.016227075984490913,0.015934340628361632,0.013060540460573478,0.017880567975715245,0.02343805106564556,0.010302774849362484,0.027334204060628586,0.015876044811268475,0.018222712583869427,0.01548645151622563,0.00940615475703166,0.0004016754138975731
2024-05-03,0.0347388155767665,0.016069468257458253,0.02920825021935647,0.008862926449781705,0.015450141513342786,0.02321728845899007,0.021493296373535697,0.02370978156500536,0.011971967397923278,0.03616537534959141,0.018892779472674315,0.0178700948151993,0.022838628505446934,0.02073699245558025,0.017971718593478236,0.010414109246485337,0.0004016754138975731
2024-05-06,-0.02088248605394316,0.0036953883867372195,-0.004952888232683583,-0.007107273739166864,0.0038808501495299907,-0.0076444859233263385,-0.009132139640388948,-0.011728235899798767,0.006625103992619952,-0.016051564166385313,-0.005385963822560624,0.00243085316401892,-0.00903896415352834,-0.009821019587146762,-0.0045941123996431354,-0.0007958990688883283,0.0004016754138975731
2024-05-07,0.005520095445115558,-8.920460611139269e-05,0.0010677935268650351,0.007543215259371516,-0.010333260492903285,0.003254657639550018,0.002611984128590761,0.0009433350482568326,-0.0005139022716400543,-0.0006006114051028133,0.0033973983326136548,-0.010799304791384468,0.000941507138201958,0.0041604454406865,0.0028285611865395133,0.006105525991607186,0.0004016754138975731
2024-05-08,0.0029669638590954506,-0.003520385795572234,0.011754562415585923,0.003333259941589617,-0.0020749691188785002,0.0031025038028569263,0.004717104672463446,0.014949132406968824,-0.0011610767464887983,-0.0002857341564129756,0.007848566561296622,-0.0038243054056044112,0.005355169176057162,0.004434833602625865,0.003538295697633309,0.002336674742231315,0.0004016754138975731
2024-05-09,-0.0211154117284853,-0.00800815277184097,-0.01661189522651585,-0.010194099007539759,-0.016913253564800557,-0.014743619763552207,-0.012918212616226055,-0.019923783343626433,-0.008652627630520882,-0.003718086285900979,-0.013312467747658596,-0.01903486379343755,-0.01089048403453996,-0.010973238556854503,-0.015820274997286776,-0.009747126352854907,0.0003926959255591278
2024-05-10,-0.00874083448554619,-0.002401472001144045,-0.02221304380172817,-0.00444564062960362,0.0009842113776756811,-0.009460836188286748,-0.00974845131986235,-0.003119466897309575,-0.003136539524754234,-0.030440850106477346,-0.009408962706275004,0.0015976329275575463,-0.012358970431845306,-0.012752855588887613,-0.009576886536373452,-0.0048274297107395725,0.0003926959255591278
2024-05-13,-0.005079830911814742,0.007875103954037899,0.0004974117014195922,0.015496322717472477,0.007592248029969495,0.003596870698834742,0.002181458587472429,0.003452061889405611,0.013226201775962787,-0.0008946131005763691,0.01632591131478045,0.008612761747763598,0.007188283527355344,0.005966158863377258,0.00395686842127807,0.004292373364057189,0.0003926959255591278
2024-05-14,0.004329036063471792,0.008758029775676635,0.012955681637627947,-0.0054063687699033025,0.0075695647913691655,0.006287397901731495,0.0033688759304273397,0.009331037407141807,0.010262062043201015,-0.0014363960710851442,0.004071838998231048,0.012707194861983462,0.004305912865476991,0.001600454957491948,0.002707137230814727,0.00195635486104484,0.0003926959255591278
2024-05-15,-0.0025712970115208122,0.007801810134117737,0.015113632262098387,-0.00494865768292585,0.0052632647807178135,0.005843109263792501,0.007714026092782156,0.007265057022881383,0.005407303203801783,0.01297301785492233,-0.0007773830245757507,0.012052345774219875,0.005938931983058282,0.006751017260201886,0.006607773350538082,-0.005123494571945386,0.0003926959255591278
2024-05-16,-0.0038511781341921125,-0.0007618344497131169,0.032405429151322274,-0.00701909516497945,-0.0045319089939858115,0.005579040751700459,0.005303144731497289,0.00798777003098694,0.01448782355406042,0.03073262085378059,-0.000981426118218498,-0.003242439529957397,0.0143898111969043,0.011048698018347958,0.004930341320486198,0.0013057414879791285,0.0003926959255591278
2024-05-17,-0.008853536270521989,-0.007202807867228711,-0.009474151802616126,-2.925648307416928e-05,-0.0034991938030292102,-0.006381068264669332,-0.002528911813384882,-0.00016045365058647842,-0.0014100409681609971,-0.001490231145500287,-0.005256546168034726,0.0017844352326714663,-0.0024687393854325723,-0.0018598419019839607,-0.002943691389001857,-0.0015093366180992662,0.0003926959255591278
2024-05-20,-0.0005336364240975389,0.0044352978640853635,0.0037343588631428837,-0.006735601484882281,0.001287065448853264,-0.00031637580392229747,-0.00042318922853956664,-0.003786440809699032,0.005049272510077696,0.011999786388351197,-0.004901049795695833,0.001841658692300907,0.0024993526533936272,0.0021788190749312264,-0.0011443996119725464,-0.0031331654538989673,0.0003926959255591278
2024-05-21,0.014946290767416492,0.0024435071601818237,-0.0019089592968117852,0.0030814518045221284,-9.992243170320325e-05,0.0043990151068031835,-0.0001076066855087987,-0.006289350172104191,0.001992476845442903,-0.0046627813564483755,0.0038533757471896912,0.002553610274757645,-0.0019426152776238492,-0.00339875813362589,-0.0008219841345802337,-0.0025032715739626843,0.0003926959255591278
2024-05-22,-0.012508560706577687,-0.010626033014165759,-0.020722339862852768,-0.010579944233300775,-0.00938599905456794,-0.0142041488482898,-0.019367542229890233,-0.01572046451035658,-0.00948300680305747,-0.02834871217160928,-0.009672726016811128,-0.010945585926002699,-0.016553600802114876,-0.02026882268165342,-0.0182816541107661,-0.013352522870085148,0.0003926959255591278
2024-05-23,-0.014309679119432706,-0.005649535880208001,-0.004924363523792219,-0.003826735913702084,-0.007794867028709684,-0.006709966402357437,-0.006637947128147581,-0.006607464668171414,-0.005119748435010174,0.004643127311624529,-0.004225354277349824,-0.006705823892169671,-0.0024071862495493868,-0.002302090552463665,-0.006439818973359768,-0.0074045667468291,0.0003926959255591278
2024-05-24,-0.0058453922654321255,0.0015041904649344406,-0.001575214630755939,-0.0035134953964008897,0.0018852122497294843,-0.002242300491728799,-0.00459239224940855,-0.008246035013146913,-0.002831684619997943,0.0005419085327087458,-0.004493780021800786,0.0007793552180457297,-0.00315008249295079,-0.0043925711145627044,-0.004523227030758581,-0.0036409632788928503,0.0003926959255591278
2024-05-27,0.0035455914516639986,0.00013251684175719092,-0.004121467035706927,0.003002469461235835,0.0018459063474274284,0.00020603273951524947,0.00043739340549198147,0.006196240068045311,-0.002302253071483351,0.001430563896230641,-0.0016812104848311638,-0.00010077754395587668,0.0013768935995026599,-0.00024884819929904545,0.00019150028870118518,0.0018165484435170853,0.0003926959255591278
2024-05-28,-0.008704367017913994,-0.007173099056919319,-0.01138902808908382,-0.010942825015202273,-0.004731405563940805,-0.009830412446697023,-0.00805555744519526,-0.007075971335692044,-0.005180797190140751,-0.008276423726398807,-0.00851737518349227,-0.007628281966651107,-0.006557320752399454,-0.008335550985882567,-0.0072321032279026864,-0.005161226204841385,0.0003926959255591278
2024-05-29,-0.010778247217706372,-0.008599775511897945,-0.010542270163986345,-0.01225873763611851,-0.0062659171727466045,-0.010783352839547455,-0.009020165857294815,-0.006187751165701916,-0.006822566014263898,-0.0018838559800093968,-0.009726985070448446,-0.006978728217771568,-0.007005735687642178,-0.00919198098197127,-0.01019227397580491,-0.008174802524244962,0.0003926959255591278
2024-05-31,-0.00697873546472072,-0.015354158111490324,-0.02047467154659499,-0.0072435397196933815,-0.012430558037954342,-0.01345378764297922,-0.009726603957413094,-0.016554590824707893,-0.01701483235482415,-0.020010562812720067,-0.010610382176806321,-0.018819205562514263,-0.016827826767835008,-0.012814920177403821,-0.012484796240095353,-0.004145788347143187,0.0003926959255591278
2024-06-03,-0.0012573075403621292,0.007287208530652567,0.008137525595042439,0.0006549344051030026,0.004151802729593035,0.004498031333933783,0.004245107740114884,0.007071190166045849,0.006247979549261817,0.01397219235924596,0.008241139180164447,0.010209140000313921,0.009217831523718578,0.011023175313548572,0.0080118862910048,-0.0004185135676868512,0.0003926959255591278
2024-06-04,-0.009741331433062106,0.0060289651911502595,-0.01613687852895629,-0.004364830836478206,0.0061894599768201886,-0.005056435868640907,-0.00558355601603866,-0.00498472928906224,0.00646158449566947,-0.030927570902625212,0.0037008932633995073,0.009030916100438713,-0.008505809721543356,-0.008525586475281233,-0.002927193838360709,-0.0020754170944820016,0.0003926959255591278
2024-06-05,-0.0029491340051142068,-0.0032376727528748983,-0.01660492752513476,-0.006278118641943609,-0.0013458717176290103,-0.007313576686297729,-0.003937397878549409,-0.000811890284059591,-0.007034519889491997,-0.017995209228191755,-0.007006985781942476,-0.0010765530331220408,-0.007974532768759368,-0.006175361925921274,-0.0032153862627752883,-0.0031878756611947168,0.0003926959255591278
2024-06-06,0.015552543959911569,0.007174823021086851,0.012555962119157327,0.013981313246621996,0.004349394474244983,0.011746445932648841,0.01402512044875448,0.011515631601251686,0.00663727223583388,0.027632703691617744,0.012151566967663063,0.007560505874224521,0.014610276746538586,0.017546518761773156,0.014523372573594262,0.011873509794919634,0.0003926959255591278
2024-06-07,-0.022143222164560106,-0.013916865402388012,-0.022826300858783566,-0.019150039197105118,-0.01893676605190875,-0.01896732178274796,-0.01569645668000874,-0.018249095745303867,-0.011932676818774302,-0.025343742620759446,-0.017116393441244604,-0.020194824547281276,-0.017792365105093633,-0.0179067448711433,-0.01763034513591899,-0.01782726275362867,0.0003926959255591278
2024-06-10,-0.00899342834222494,-0.004241164845358525,-0.012804570093826406,-0.0003949708701391774,-0.0033658286550083405,-0.007251842377248741,-0.007794998699442446,-0.009932999217759697,-0.007248952374470652,-0.019528667931625998,-0.0073291302686328,-0.008531741634115741,-0.011059764120530557,-0.011450493722715671,-0.008488328921997135,5.784082362181309e-05,0.0003926959255591278
2024-06-11,0.013617629423043232,0.007515409925967997,0.020446315148517025,0.01166991132236661,0.007813874497319295,0.013295540224482316,0.012657113980996337,0.01742737648320003,0.0078111903888420375,0.01634565816209821,0.007784498229358006,0.009595642703609464,0.013496298634347648,0.014223139039327704,0.012187719875706993,0.007188904458171663,0.0003926959255591278
2024-06-12,-0.01895262921066465,-0.008496397378314424,-0.020178946082807236,-0.011592562089889125,-0.014611118303553883,-0.014075327629556544,-0.015160098217913975,-0.02134333702899871,-0.008795033629198201,-0.027811524036351898,-0.008858499581251622,-0.016364424148757273,-0.016066803424702014,-0.016987875470821256,-0.01651903851260028,-0.014111282368527767,0.0003926959255591278
2024-06-13,-0.00512574311927716,-0.002222802230473442,-0.0014877704922968693,-0.002210159722867977,-0.0006006997040971518,-0.003217346855604264,-0.004177796557864544,-0.01084484079204795,-0.0026637604952423066,-0.006572855190767557,-0.002443756761721483,-0.0025131956325477045,-0.0055207627716671315,-0.006454919872485032,-0.0042529697984541315,-0.0034237149320963667,0.0003926959255591278
2024-06-14,-0.002400833059649554,0.007901684496534944,-0.00201262405501923,-0.001229973304631149,0.00020431197535741852,0.001986483161831254,0.003572972157289689,0.004669462081918985,0.008177582812527895,0.0011557406532400893,0.009767307758929311,0.00451997833409723,0.005360617480984153,0.0053830605852391855,0.006699162223914534,0.0005404833522015817,0.0003926959255591278
2024-06-17,-0.014952748205371291,-0.003912837416128356,-0.018470024472336588,-0.0035033235137559293,-0.0016786894704530209,-0.010289614296953409,-0.011735527784886957,-0.016085877311074248,-0.0056757940406767515,-0.029476112810966515,-0.004414834748291407,-0.005744920529380693,-0.013537614485435778,-0.013835316267901354,-0.010715723152437961,-0.0044023221893116915,0.0003926959255591278
2024-06-18,0.0033252012977593726,0.0016786943765789708,0.0059190583872335,0.005609843357902378,0.0021486603123321846,0.0024960865538832255,0.0011848708345083558,0.009632208719251745,-0.0009716681551911188,0.018380158107770495,-0.003808602618498025,-0.0008612169241346557,0.006580035666494899,0.0036751276487692053,0.00209539075213816,0.004916236229148607,0.0003926959255591278
2024-06-19,0.005822792015411693,0.0022318846410107618,0.015815021665515072,0.007191027999564836,0.0066895899476382414,0.007719122385535071,0.00817702680236776,0.011142649166305585,0.005135508059887828,0.0059671844782731576,0.007330171161380683,0.004354446121777711,0.008347881879894326,0.007337014237440043,0.006892699172448946,0.005022812252352571,0.0003926959255591278
2024-06-20,0.007230773909743471,0.0023129622749833434,0.007984815423725422,0.011951813608508388,0.005908549051478751,0.006829640457175268,0.0008074787537382111,0.0013425834715159457,0.001798680301093425,0.004273547516829179,0.010355373295816372,0.0024987481003764245,0.005520691467309158,0.0009661103912683711,-0.0011611303285423702,0.0022652949255266286,0.0003926959255591278
2024-06-21,0.005581557738836285,0.006790018445106849,0.013774423492956656,0.00010029661535315704,0.014024804373955035,0.006346922446329284,0.007950818991606656,0.017299684320758235,0.011067167588791227,0.010018969574944192,0.0023592604536954997,0.013427908146183665,0.008272512696869905,0.007906381825420583,0.009630677334369286,0.007066215090140604,0.0003926959255591278
2024-06-24,0.022768888617513694,0.009632865175759786,0.013528064294561437,0.010475757915584083,0.014694690912583575,0.014323990428259492,0.01524315430408163,0.0195195035443394,0.00867559646085958,0.02253018981808186,0.009016121512693376,0.013066196129354557,0.014768809989539555,0.01515170513518349,0.014285671339371975,0.011109199062237618,0.0003926959255591278
2024-06-25,-0.00824270760261181,-0.003133011735497959,-0.010486866140987705,0.001114440382562254,0.0006535376375533808,-0.004826196457975329,-0.003986498314420883,-0.0028482875138766683,-0.0005249870891665953,-0.013969210444331304,0.0027370455517323755,-0.00069823029302718,-0.0037417350526595117,-0.004448328523543155,-0.0036278168189618487,-0.0024458105821492104,0.0003926959255591278
2024-06-26,-0.009658033865374227,0.00048106315957108237,0.0031165879993977352,0.0011382583915195976,-0.004890065931837162,-0.0016097298603275911,-0.0017367682737393642,-0.0003571270146714989,0.0012851668496189905,-0.002945216393714478,-0.0035351176154891917,-0.0043693443649354125,-0.0012033748164198554,-0.0026236581491644317,-0.0016926010429277882,0.002431496409045497,0.0003926959255591278
2024-06-27,0.024563214890777285,0.009677152395869415,0.03463672078488389,0.010045826843865902,0.002001746979584773,0.01955000900468673,0.01952790252231007,0.020633824589330496,0.007033432749921298,0.03986885195872558,0.01021886140687589,0.0022669659424636723,0.019732479814418502,0.02217518437391397,0.01957091775923714,0.013971023262976168,0.0003926959255591278
2024-06-28,-0.020347304128112698,-0.0011992638501427955,-0.011247751642741943,0.0015847012952940887,-0.0024724628027746887,-0.008219301321387484,-0.012424541007073353,-0.011205453252396635,-0.005386134958410893,-0.007716895623161912,-0.00704427416194231,-0.005262101759693105,-0.006765097427340883,-0.010148173006579775,-0.011611255289799116,-0.003010870229228413,0.0003926959255591278
2024-07-01,0.0010700297806409687,0.007989669013048983,-0.004763781337569051,0.003608531765666223,0.0012240732620392158,0.0008764257337299242,0.001514982557722977,-0.0005553370913360389,0.0015955200611490472,-0.012062352057333081,0.00180702739471017,0.003282972287756314,-0.0020916726745845438,0.0009225360837017416,0.0009875959136000922,0.006188051246791781,0.0003926959255591278
2024-07-02,-0.001422832520798889,-0.002169490400028118,-0.00012835051541681963,-0.00018949969942350098,-0.0010704410786435137,-0.0008430609364552533,-0.0017203209162105493,-0.0005986400920829915,-0.0014194930140773998,0.0008377290884273858,0.002245028475113209,-0.0048986576308360785,0.002715971901269043,0.002359435888753758,-0.0011225035373632064,0.0006476674108328861,0.0003926959255591278
2024-07-03,0.02299982072929052,0.0037482046301240413,0.005822315792629151,0.011249121479872448,0.004664864042095207,0.011417819442081534,0.012794293136232593,0.015542538773329895,0.005953058049661619,0.0114816555117776,0.009175552808395881,0.01085846981143046,0.008926771121036126,0.011993025541493951,0.013074118214160046,0.006401007993344754,0.0003926959255591278
2024-07-04,0.023311523911744736,0.0067185904403501695,0.018904159644157037,0.011110634597809588,0.005583124792564842,0.016259465007266716,0.015539955613466105,0.025658179574337803,0.00519586372816061,0.027302800647591274,0.013488965648677187,0.011802736169916894,0.018472600494695568,0.018206393822354894,0.014756108240651544,0.004256649036122218,0.0003926959255591278
2024-07-05,0.0014751408447517544,-0.003218870066491575,0.007469567377528685,0.008660985406293342,0.0016925672504879419,0.003468453577440078,0.0048449456243599975,-0.0009311423350986114,-0.004547977831298566,0.01614485705824298,0.008191575330279921,-0.0019727732134737774,0.00510752014496707,0.009023107531758168,0.004438691118302751,0.001448321955536569,0.0003926959255591278
2024-07-08,-0.0008036713301403653,-0.0002966191876988544,-0.011267345662512751,0.00498827172668781,0.0035507432617833956,-0.001846149722714019,-0.001390721643583892,-0.0010905582289426619,0.00010636535175834183,-0.0072478425823782056,0.010015760578001132,0.003160570359144188,0.0011487976578554715,-0.00017934087126481035,-0.0006272052421757435,0.0025980019922384745,0.0003926959255591278
2024-07-09,0.005418052410260721,0.006219802814078301,0.011186198254576007,0.0031235346603817327,0.0009466017192616416,0.00672051289315867,0.007611399648172146,-0.0027294267439962328,0.002533666417589453,0.008022682210239163,0.002330674355988993,0.0028246110928529244,0.0024363821411548248,0.007497696729064973,0.006608415556428104,0.004110161290202141,0.0003926959255591278
2024-07-10,0.005957865010193464,0.005815502037997078,-0.0003985449977937927,-0.00867226756937689,0.003874640451465794,0.0009131192744784578,0.0023775246356472213,9.01812626672438e-05,0.004137520132537764,0.003561400336848486,-0.00642258667031137,0.004730387209991527,0.000606229527864377,0.0019388907434538805,0.0022376905666823266,0.0007150315521859962,0.0003926959255591278
2024-07-11,0.015572346625816413,0.006470935299628167,0.01744288126045035,0.006862489622707191,0.009152283486177692,0.01141920698368648,0.011440181643826763,0.008068467980920202,0.00459184038306959,0.026412479931398725,0.007322968400867547,0.007797806258398099,0.012285140202533906,0.013652053731150637,0.011589559170664732,0.008421601020818237,0.0003926959255591278
2024-07-12,-0.009939672109019027,0.002014962685372046,0.0031274294625851518,0.015282342804998184,0.0005050504417114521,0.0025884167859191454,0.0016700226293941967,0.005859352397010742,0.0015549581858076422,-0.004716972776373951,0.013988956338685687,0.0012028225000533244,0.0037735821633546607,0.0008333394632524804,0.0029091235843996532,0.004516452342909538,0.0003926959255591278
2024-07-15,0.008971703158514588,-0.00163239557245487,0.015839849446931176,0.007127035986303598,0.0017222584359342097,0.007090846808353035,0.004114076345159923,-0.0013889293971240946,-0.0014434913534449034,0.00867076761337704,0.0038169750512211387,-0.00553799684404388,0.0026401734116918707,0.001981663248143084,0.0014979406815489593,0.0034506670249487836,0.0003926959255591278
2024-07-16,-0.0020322664085782316,0.004255431123830533,-0.01086373204600033,-0.009343950925801092,0.0061713388352500065,-0.004034454147146982,-0.0024335528434457077,0.0006865226685892623,0.004163568487751679,-0.010027510830284636,-0.0016106593020568383,0.006781107016156529,-0.001375392066338188,0.001245777899454792,0.00046967782337881125,-0.0017836035779625892,0.0003926959255591278
2024-07-17,0.006196008093145133,0.0028425354616969933,7.327430271542035e-05,0.0036837133257059396,0.008749099156323714,0.0033417174528220794,0.001066090537599429,0.004999172056116441,0.004105043043389545,-0.00477127812340683,0.0053364923992877955,0.010358080511899459,0.002802858553312415,0.002861130189432126,0.002914547588442451,0.0029131776670061615,0.0003926959255591278
2024-07-18,-0.028724942767775263,-0.011621953113667871,-0.03783572785746958,-0.016383599739160815,-0.015199734738379767,-0.02347911220462462,-0.0229205133092949,-0.03476940995104805,-0.010511087358985427,-0.04959808985756642,-0.014737733952384757,-0.016408134771782157,-0.028655910245492633,-0.02554422553309954,-0.021298233784615928,-0.013487798385176886,0.0003926959255591278
2024-07-19,0.0021708726146234536,-0.006492094931466186,-0.0006190664204964724,-0.0041702463307427,-0.00608188599575632,-0.002399809207347614,-0.002133894108124479,-0.004021440176736446,-0.004987672071059879,-0.001511782590772004,-0.0023358849211524424,-0.011287060212787248,-0.0025149625858852387,0.0007830931094450211,-0.002303143834037069,-0.0004300519247879553,0.0003926959255591278
2024-07-22,0.002433617732680915,0.010087659168167118,0.0028461061092122097,0.004141541020489914,0.011401290203755465,0.005608993393120043,0.007831147745279265,0.011473215230955347,0.009948794077943912,-0.0066809387043959,0.009213839113908273,0.011629721671286175,0.0050472395571299344,0.009370253867478917,0.01064916535882432,0.0017887629223947155,0.0003926959255591278
2024-07-23,-0.016089148122539476,-0.010039526443937685,-0.020736997201372454,-0.01745358210913439,-0.010736993263563366,-0.015286335619462577,-0.012493517324259296,-0.01329702661742016,-0.0084975104259023,-0.029669625968695712,-0.013983375707442569,-0.011316786009614499,-0.016968894235265153,-0.011337244122909373,-0.012530281041950198,-0.010136534805093023,0.0003926959255591278
2024-07-24,-0.007708522654601202,-0.004871834142053388,-0.010033392761376825,0.003907063558786117,-0.003059548698957082,-0.005160182137020075,-0.008256010623864829,-0.007102031824932964,-0.0011767525365500298,-0.0244531033040023,-0.006590057912257974,-0.003176701418210248,-0.009538406874702976,-0.007249862119667605,-0.008806441282766864,-0.0011870606095993885,0.0003926959255591278
2024-07-25,-0.009848769411510139,-0.0047589764286087854,0.004938555811152767,-0.01145460862375014,-0.0020961128509271454,-0.005816132067445801,-0.005458628630647389,-0.002730269205469482,-0.005664117503118349,0.0090958946925499,-0.013166410994028155,-0.006634422501919035,-0.003517760472596998,-0.00434383799834781,-0.0061702397710751145,-0.003981650435635697,0.0003926959255591278
2024-07-26,0.013795412827538156,0.0054382753175461485,-0.015102780647723968,0.014016948407135743,0.004485707575428766,0.005401772186842235,0.00944065035257391,0.018628228983047945,0.008107454914660917,-0.01966383846634545,0.014058199729215959,0.009167889235745186,0.004878008417708468,0.01765384433142292,0.010727813656483676,0.01173144401133075,0.0003926959255591278
2024-07-29,-0.007095174287842787,0.0028207283335783817,-0.018318357938071572,-0.0107232597484056,0.0004076718023187098,-0.007669916108945074,-0.007725794202891545,-0.00843715008465018,0.004835828803310793,-0.022729676715261715,-0.008811840914953906,0.002162597235549235,-0.009548475149974145,-0.011725137039119926,-0.00423007228168315,-0.004750590296580537,0.0003926959255591278
2024-07-30,-0.011926448436216819,-0.004551604231831208,-0.0020039146738667357,-0.008214241299590364,-0.0038389920183775628,-0.006685856704581994,-0.0050206471147123954,0.000365135154749785,-0.0013440852595290043,0.0003624076649559882,-0.00482487404854548,-0.00013145508731948752,-0.0018379062705202731,-0.002334319249454375,-0.004922883477338047,-0.006535215008685591,0.0003926959255591278
2024-07-31,0.011073246977783668,0.0023097700490062323,-0.0028337886207875362,0.022277894380387853,0.008865908612144313,0.007733066352034745,0.00792074129857534,0.011887879355442665,-0.0006206656134835065,-0.00023314962899967373,0.008601583054117956,0.00430539924903961,0.006307290192066439,0.014846363508915328,0.007891815755229015,0.012122439929005635,0.0003926959255591278
2024-08-01,-0.0016993795151637459,0.007789420394917812,0.000636736084110634,0.005206145885372715,-0.007881017289889103,0.004540068086662297,7.689058349824585e-05,0.007317847726342919,0.006049911555300547,-0.01474678751529912,0.01168040987711172,0.005466451788241455,0.0030677350965873096,0.003463800913518611,0.004517431361497959,-0.002159670154070814,0.0003926959255591278
2024-08-02,0.014794440436260992,-0.005985273930334989,-0.013350128085814705,-0.020302429730296723,-0.007806326442210021,-0.005459885122280794,-0.00026830147045031616,0.005109838552320056,0.002276253942570694,-0.004818762866632964,-0.006070775607887824,-7.202850511545122e-05,-0.00327792214062983,0.016240506173230917,0.0025047590421800603,-0.01218480177341641,0.0003926959255591278
2024-08-05,-0.007669369158506134,-0.009142676695428564,0.0039047067558253268,-0.0116277287079396,-0.008011915142507986,-0.006885117284198605,-0.00801160088675168,-0.01802225589930273,-0.0038265666286042554,0.009560416817776307,-0.005619942924323329,-0.011640052857086358,-0.0063633456035476765,-0.004012093444956788,-0.0063476199994288995,-0.0046873464981535,0.0003926959255591278
2024-08-06,0.011725241586518331,0.002401223447754619,-0.01175062837224028,0.008221602591371058,0.009419333833490917,0.0027684524100686225,0.0026348492301679904,0.01229433108375555,0.002305424527146549,-0.021173015105733106,0.008755997729518628,0.008246933781882682,0.0010148057557228807,0.010018585785294132,0.006457137766640697,0.008605575670297183,0.0003926959255591278
2024-08-07,0.02169022449332414,0.0072680466600121285,0.017239128864605657,0.004185047711867229,0.005020854439681255,0.012867178182470074,0.018908396603877886,0.024252137142473984,0.007408817441251214,0.033344037127420956,0.005767422848597992,0.007604818791873358,0.016869560975722342,0.01879262056626363,0.015398276580800285,0.009628314947397465,0.0003926959255591278
2024-08-08,-0.004979887634982583,0.0072125112799714675,0.01890382177111194,0.008671589901926069,0.0015914414816897704,0.006956986298473744,0.013023799018366145,0.003546264716059344,0.00023725547068997876,0.0289670329110574,0.0040724897116029,-0.0016982871632835739,0.010528999309643128,0.016668664723288984,0.007077640336644819,0.009049067138162226,0.0003926959255591278
2024-08-09,0.010039593173625683,0.012466149814096994,0.006894196082728898,0.01384350856188643,0.014534462171919671,0.011505833792974318,0.017603751574149173,0.014852139413570775,0.009123160667259711,0.0016084602809838255,0.015477607281624284,0.012256306766720071,0.011155869940119967,0.028860365088343443,0.019528457827019396,0.014692454201669092,0.0003926959255591278
2024-08-12,0.006244143063868668,-0.008907534897720004,-0.0012353522496973968,-0.00621458041589984,0.006933347543193857,-0.00372943317374852,-0.0022389017118434884,0.0012234013585685766,-0.0013699686018643353,0.009736232834844483,-0.013173170363985909,0.005542838856585464,-0.0011660214232512844,0.010950874473040217,0.00041080358658907024,0.004301602958727946,0.0003926959255591278
2024-08-13,0.004267556429850439,0.008357284924636055,0.005227043102538298,0.01547479015367692,0.01004578343951601,0.007981819843078997,0.008815097512767878,0.011221897009965565,0.009761774117241329,0.02926853645857097,0.016391620068989532,0.008984572610873931,0.01755737737323848,-0.01750953886826856,0.007021856726747044,0.009387273800903317,0.0003926959255591278
2024-08-14,-0.00020921329831657953,0.017386878276448137,-9.49949898377822e-05,0.0057080545005707695,0.02036082157314234,0.00684582962966207,0.006139362619189015,0.00925512548300711,0.007569012876990966,-0.003869663974703008,0.0072938414658485495,0.022791497220712387,0.00560682999050055,-0.0017052239064635488,0.008152713176187154,0.007239215599279536,0.0003926959255591278
2024-08-15,0.013918301395759114,-0.0012915343288625314,0.0027682181981891762,0.007727202012086654,-0.010266058606583028,0.005038274669793674,0.004695726727111715,0.008522171783841959,-0.002341980910193109,0.01498655582954167,0.0016562914843085697,-0.010039532302314358,0.007168296402004337,0.01651536276313892,0.0030065902300648872,0.006139258234092448,0.0003926959255591278
2024-08-16,-0.013497354713721266,0.003314714779220518,-0.013303795166679788,-0.004839885029420787,0.00982310783773932,-0.006655117471088934,-0.005708640277942156,0.0019210304619035057,0.003976483334844572,-0.0158687932330438,-0.0035444709869726365,0.006629853590711443,-0.002953512011185211,-0.008757024476791164,-0.004271884333825304,-0.0016286759955117525,0.0003926959255591278
2024-08-19,0.02430798054145389,0.010058700223181338,0.05518330083826739,0.0015896631131411265,0.010867611254920861,0.021132004386104963,0.02242134340475399,0.02457034053327578,0.005598862140052674,0.06646602673215107,0.0006819627407697038,0.010663395338825987,0.024500547863046673,0.02479210374862939,0.019787892369417248,0.01294386453677454,0.0003926959255591278
2024-08-20,-0.0012221593716154056,0.005229001041329617,-0.0012760589115607957,0.0035175649414584953,0.0016765302411945182,0.0020101136782180173,0.0004426150970544551,-0.00404487560326916,0.00019202691876851752,-0.010348289584210302,0.00016208030444109234,0.0002205133648245372,-0.001997006026160486,0.0037996700237445946,5.5598651865107485e-05,0.002091224155140292,0.0003926959255591278
2024-08-21,-0.003033747043403201,0.0008719578050861987,0.015098602172090914,0.001459464484193207,0.0015420358182884897,0.0028254384608163985,0.0019410554048586715,0.0016084765332193829,0.001833812573368121,0.008720828517515766,0.0006878121025706285,0.00032245514140627485,0.0032930798477179835,0.0019208139741124786,0.00022238224330717316,0.00216333181318884,0.0003926959255591278
2024-08-22,-0.023678142773228994,-0.0033352491245375315,-0.020642894503623,-0.015383944146673323,-0.006773940881230511,-0.01592126272206551,-0.016005423679866015,-0.02169176101018999,-0.0022519515207181096,-0.02849763044071263,-0.01786750233090395,-0.006275289165310727,-0.01948019460535677,-0.020417478448591653,-0.01594973161254798,-0.009657052779014297,0.0003926959255591278
2024-08-23,0.028201136606201382,0.007567494043545064,0.011480362282094925,0.00883070523845042,0.008771308100276709,0.014080715189608295,0.015414773841900153,0.013752734279252277,0.004417572359492139,0.02492197841212107,0.010757323093427917,0.012858906062411357,0.013104522504163496,0.022824246273105198,0.016646673086130104,0.003588213375484983,0.0003926959255591278
2024-08-26,0.007932366950386127,-0.008790830464787236,0.0018786088926900923,0.012896138748039965,0.004180135745091018,0.0011323983790385572,-0.0007444071720080769,-0.0014230569677995408,-0.006959383964725396,-0.004649289929942513,-0.00035012943845902367,-0.007425056688070031,-0.0030490893650813033,-0.0004676972548662839,-0.0026192208479397516,0.011204817359675712,0.0003926959255591278
2024-08-27,0.002702945607124363,-0.004690024770859447,-0.002532804605195116,-0.0011279376478137149,-0.009617916821289096,-0.0015408565591937817,-0.001305624052706289,0.005992245753203784,-0.005407407996745439,0.012264211014848314,-0.007778756038599011,-0.008342421859419913,0.0027432215574965113,-0.009947330511220653,-0.0042415480722044485,-0.0012509391123156632,0.0003926959255591278
2024-08-28,-0.0032252852448736435,0.0014032532470271697,-0.005595433666770067,-0.004689793808810627,0.008775830333858314,-0.0030216465897939804,-0.0016288900518474092,-0.0005025326339762604,0.00374091489222228,-0.001099176652935796,-0.003119510115307089,0.009479523281198388,-0.00038941080669419037,-0.013182596878559716,-0.0023149504776417418,0.004560139765322546,0.0003926959255591278
2024-08-29,-0.011776329339141411,-0.006998336949421313,-0.011513220684084446,-0.01862230089397876,-0.002879584089925946,-0.012955905294454562,-0.014467037782505021,-0.01332945176352085,-0.006883131224018846,-0.027560770187662564,-0.021036015622692972,-0.006148269570514953,-0.018319189499345967,-0.013917782255031153,-0.014640189897921818,-0.009547750560793267,0.0003926959255591278
2024-08-30,0.007560590263273159,0.0033692491147085946,-0.006836662634377766,0.006994154962514543,-0.0011558532122387666,0.0031155598728234146,0.00011220113054744019,0.004437511323144516,0.004599812295936312,0.009615851067949377,0.006458945931032245,0.0028631423590401717,0.006358114580388596,0.003157425065634989,-0.0011462358481874046,6.94424018785611e-05,0.0003926959255591278
2024-09-02,-0.0015094052225060883,-0.002647961316844971,-0.011820773495446746,-0.017878284528129562,-0.0006578339406760891,-0.008578546081604133,-0.008403572272313031,-0.01671364997909852,-0.005834731343947519,-0.015295181560253668,-0.020855174802240417,-0.0022646988190468953,-0.015513668948218484,-0.014837350669253957,-0.008442504428788133,-0.007843139984768932,0.0003926959255591278
2024-09-03,-0.004100913861110667,0.005974776596844311,-0.014829528896557087,-0.004636062301422106,0.0035370490808412924,-0.0031554937757092283,-0.0009366934497940793,0.00475076889578796,0.007514326018696282,-0.017041776363680317,0.01200078298905538,0.010593143778458769,0.0019529923733860866,-0.003080539760628276,0.004451448567574845,-0.003966076722036083,0.0003926959255591278
2024-09-04,0.015534843477933657,0.017215267828246228,0.03616673621485167,0.015883978596342052,0.01783431120989487,0.021063623031878587,0.018403435126526757,0.0184269298214077,0.01254807248732348,0.030786464029858518,0.01648796180541834,0.016923567582421306,0.02022908551182523,0.02186078606758457,0.01765333972532579,0.01291435098315774,0.0003926959255591278
2024-09-05,0.009513967954372093,-0.004402843951347379,0.005473513035189281,-0.00027165863665357115,0.00530453189075164,0.0018914792025448435,0.0026949614048781267,0.009092636920384978,0.006237235224537896,-0.005708165226799844,-0.002619497719760333,0.007405537376616644,0.0009382269697559842,-0.0004992318477939905,0.003873053770405699,0.002806414592382289,0.0003926959255591278
2024-09-06,-0.011727575153776315,-0.004118017596926871,-0.017691402668807643,-0.009539516711565943,-0.00941163505842213,-0.011219648866667598,-0.01302978739279681,-0.014485602915470963,-0.003726503459218211,-0.02305771546690094,-0.009413796510124417,-0.007035929671603713,-0.013922496723258848,-0.011293656315843004,-0.012736832562777578,-0.014087984237075024,0.0003926959255591278
2024-09-09,-0.0012645205642467516,-0.0032666369227118963,-0.0038773497497973652,-0.008488280115914737,0.0029887157087538085,-0.003816467505057597,-0.0064568342817944435,-0.00359599587696513,-0.0006320328675880615,-0.013365067424777388,-0.006915390231540419,-0.0011747522990755987,-0.006674848200685979,-0.0054205809852383435,-0.003732340923146782,0.0013348676720759123,0.0003926959255591278
2024-09-10,-0.007600069296269107,0.0012347514781907432,-0.003928711343239244,-0.003872471079366391,-0.0020122243503122306,-0.0031614565572993802,-9.761486717518864e-05,0.002042370579327768,0.006912338240281146,-0.011579090420469451,-0.00031571184995582424,0.0008065393029208501,-0.001579589044342633,0.003291183005792897,-0.0002222854741863456,-0.0030512985185001673,0.0003926959255591278
2024-09-11,0.008530153901287418,-0.0040140982360556965,0.01284364915543068,0.005707455456220201,-0.0005883221206266498,0.00493660818036834,0.0038697702518279975,-0.003593589937852637,-0.0033089993344885826,0.007032487442324209,-0.0037746832171315914,-0.0007820743832310795,-0.0012172132081366138,-0.002080959180709163,0.0022233489600420597,0.0026147972439996003,0.0003926959255591278
2024-09-12,-0.006015515819302486,-0.006607416796238219,-0.003675723992390134,-0.0032543810155649666,-0.0050893915690901625,-0.005615761286398069,-0.00393246310185591,-0.003937596426716761,-0.0021379061404727118,-0.000738189038170467,-0.0073119367739973296,-0.0034153975988840957,-0.0036739633343571,-0.005139951438298596,-0.004994142838978144,-0.005008287410269596,0.0003926959255591278
2024-09-13,0.03109727466077583,0.001947755492897274,0.015131895587447541,0.016799554179016907,0.005869335620504623,0.01569904863096272,0.01581413470818127,0.017259408731114645,0.0006152895579514261,0.023478179144738265,0.008706056153840347,0.005437201740357223,0.013741637437559184,0.012443150357687172,0.009377710468287503,0.006602380960789356,0.0003926959255591278
2024-09-16,0.01506187618544419,0.003532613128223616,-0.004335571294373564,0.01692679044923695,0.007907690877064555,0.006490460326356695,0.0010152847338744664,0.003323666588349594,0.0054100269928720746,0.0057386051468057975,0.013230465276399928,0.006319098178199534,0.006832384099022093,0.005317519862687581,0.0032270577206952034,0.0018815394943489938,0.0003926959255591278
2024-09-17,-0.0034810762760626446,-0.005337616194002526,0.009275955206055286,0.0005177674606464677,-0.003097374177391865,0.0006642288261502483,0.00016543599708174206,0.000624439628413409,-0.0030248393279462826,0.008319373060517332,0.004126583237224812,-0.004369972685549839,0.0029498557595977193,0.001505217553126048,0.0007491260196437199,-0.0011900807808693514,0.0003926959255591278
2024-09-18,-0.01508771376329232,-0.004717059896016118,-0.013470487909123197,-0.01914075042866692,-0.0024295118404226157,-0.01090081381850827,-0.007499853960392433,-0.012844194310781987,-0.0023362070562262804,-0.018057242885001767,-0.007056601510350369,-0.0007630581457693797,-0.010964965256122117,-0.00890682643030627,-0.006377561287102984,-0.008698624613906691,0.0003926959255591278
2024-09-19,-0.013520714237068243,-0.004893961103824673,-0.003992682168778128,-0.0015757786119857675,-0.007427706307643889,-0.006755613480355471,-0.009874701032409283,-0.006478316232425452,-0.004208567923580042,-0.013595058304108676,-0.008246239402921685,-0.007016285947100909,-0.00793235719276364,-0.005980254451972811,-0.01049587401710883,-0.004777931153511661,0.0004016754138975731
2024-09-20,-0.027377656027517183,-0.009109793953990697,-0.02725110205570136,-0.014317083590727475,-0.007195168143953712,-0.01978881435574087,-0.020175656604608183,-0.010966150680911224,-0.004928623951927169,-0.03867493009931777,-0.014760865465460848,-0.004899446636055571,-0.01721180430056246,-0.018158884213571924,-0.019874525513782215,-0.015306669102134851,0.0004016754138975731
2024-09-23,-0.014557416126269485,-0.003359777908206407,-0.013156711372770302,0.03221704791387614,-0.004185769015601748,0.0006840465338207036,-0.0045050522771400425,-0.014630714600366579,-0.005921340467949787,-0.016795114241073272,0.0282926242303565,-0.006373343759609296,-0.00048596022695113206,0.00019562382307825033,-0.005986089997382815,-0.0034589881904668607,0.0004016754138975731
2024-09-24,0.009323776158834063,0.002108646794358071,0.01703464234297125,0.017607720433914453,0.0035138177033655627,0.010720565616852085,0.009922885628482314,0.003970382189041777,0.00032493614867457055,0.021744285946365682,0.002682799671259062,0.0007739431131870145,0.0076247689715776,0.020314058929505885,0.009064019539740453,0.011987958624748218,0.0004016754138975731
2024-09-25,-0.005065556856543085,-0.004299195734672301,-0.008750687112200506,-0.0005302133913784868,-0.0022413890122783275,-0.0055089360121998165,-0.007419409622027917,-0.00568556875374937,-0.007557550609947783,-0.010599590887712229,-0.0056775285104383455,-0.004245646976724915,-0.0052375451544076634,0.0024431283373111956,-0.008771637631435736,-0.004035370551618289,0.0004016754138975731
2024-09-26,0.011541513306049911,0.006058693385422975,0.01529363315773935,0.014371962285193218,0.002846912145218594,0.011283817701382537,0.0063062008704628525,-0.00037492365807445527,0.004640909117001657,0.020845751904694287,0.010712969780083847,0.004113442176712612,0.008460245852763837,0.011487587004667787,0.009095695227000267,0.010213469433878464,0.0004016754138975731
2024-09-27,-0.005361558090022367,-0.00038002923369795383,-0.00438747147091334,-0.0005025873162909367,-0.009085162626914611,-0.0014461226631257151,-0.0014523208317999137,-0.007813465918819373,-0.0022916141356713604,0.0013067914564097727,0.007678962418771862,-0.0024304599360391865,0.0005998491874021905,0.026029175637779733,0.0030582227895876724,-0.0017342660526311615,0.0004016754138975731
2024-09-30,-0.007278270856000302,4.298938744784486e-05,-0.0057343855727618465,-0.0050509859021765635,0.00263696707150074,-0.004490093410201679,-0.006571215878481418,-0.012707199457806406,-0.0009655629730659365,-0.01666750546418294,-0.008081423492940276,-0.00015185635804559894,-0.010467590216058587,-0.004859596420090595,-0.006927805844367807,-0.006761706324322603,0.0004016754138975731
2024-10-01,0.010373785994519213,0.0028068230468911715,0.002150549998858331,0.009819661245126232,-0.0003290211161273149,0.005130323388917946,0.0020591252290649287,-0.0012624013098316844,0.002934689049283845,0.0008186721785372608,0.011096812963202973,-0.00707028678797561,0.0025789591415603663,-0.002524656134846759,-0.0004123274771687946,0.005351166369529148,0.0004016754138975731
2024-10-02,0.02541996621877951,0.004065726251452295,0.015708336061674766,0.006652552572518955,0.008813004550436432,0.011952922041245762,0.009840066885784093,0.001977556675533343,0.005795884786594208,0.02124530281424164,0.005801609494154425,0.006493088113382672,0.00868743740145983,0.012555815528651593,0.008988544831238343,0.007909898836002904,0.0004016754138975731
2024-10-03,-0.014232432426293462,-0.014851200750511051,-0.025713342343966716,-0.007644922106514129,-0.016029708734553005,-0.015831277220901052,-0.01637333993178558,-0.01502485816150112,-0.015452921552226884,-0.02755920612177487,-0.014939764506866182,-0.017589820089997987,-0.018397942479060014,-0.00575580621012417,-0.015214839164123029,-0.013256709511058395,0.0004016754138975731
2024-10-04,0.0012477551721332691,0.000737829126124856,0.004975401863715145,-0.004189954174825483,-0.0025830928203030012,0.001822847729105126,0.0026715109526385117,-0.006980668864626671,-0.0035626405286763863,0.014879946883015638,-0.001158477822830295,-0.0050051176605525605,0.0009232587729277597,-0.011154941535765461,0.0013099322032945615,0.0007333133980196305,0.0004016754138975731
2024-10-07,0.0040201167599061005,-0.004021014112031596,-0.00036830413718291766,0.0008388065955220458,0.0016937942237833514,-0.00013740450036525687,-0.0021739881929770943,-0.0009751635119816804,-0.0013320254317640279,-0.004538773904521509,-0.005270180541346092,0.0012536819005037891,-0.0037564205992052235,-0.011780988094620137,-0.004101139018527933,0.0016657748954298501,0.0004016754138975731
2024-10-08,0.0041248048858253394,-0.000827119356445527,-0.0005039059426878989,-0.008245551328292744,-0.003984246798616087,-4.074262848163812e-05,0.002362854981616813,0.010975747818896098,-0.0011108675363413756,-0.0035172355958658086,0.0033979295935850917,0.0007269275308892098,0.0019476157869688926,0.0016140272685394308,0.0038508058845039272,-0.0036332706880612964,0.0004016754138975731
2024-10-09,-0.017237976307244773,-0.01118615158509828,-0.006399421634738611,-0.011226500944874096,-0.013036964717992983,-0.011428243120996884,-0.015042258676407738,-0.022437356102377515,-0.012484582461115057,-0.012182916045262338,-0.010186296376981208,-0.015877929753993714,-0.013212256964593272,-0.010608131884964789,-0.015125574774643491,-0.011693360453682078,0.0004016754138975731
2024-10-10,0.006943689652304741,0.0022092439457774837,0.0009977928325237695,0.002303766459215373,0.0066354847989125165,0.0030442444525684564,0.00039961159526735734,-0.0007585168994028724,-0.0010269717887438912,0.005039814597465719,-0.0043145429021844706,0.003051448869586304,0.00034414553792117,-0.0011009106107854327,0.0006259228806109185,0.003145564452450289,0.0004016754138975731
2024-10-11,-0.0015811228673683342,-0.009951192210371218,-0.012155496849284186,0.0025242099720981237,-0.011238825578826717,-0.005469104524657653,-0.0052298935179189154,-0.0009443794414127904,-0.008754700444268848,0.010386936456585616,-0.004137073324272933,-0.006324277828134828,-0.0007889725557178595,0.004248705674310349,-0.0034972888902790045,-0.002749648639904012,0.0004016754138975731
2024-10-14,0.012972622826895375,0.007682874775047033,0.00924263346493781,0.0038247957790946696,0.005392220913648549,0.008526707711910442,0.009718083465717342,0.009269853159363572,0.006762032611076441,0.013205408874268132,0.008133124145006887,0.007368378851824842,0.009162755552365232,0.009405017821161765,0.010431676229987641,0.007820084290074192,0.0004016754138975731
2024-10-15,0.002733396247547093,0.0019746564864451255,-0.0027016228096568007,-9.830993446580116e-05,0.0010220934925559977,0.00103618264506955,0.0023441948509659305,0.0076964763100551,0.0010350799037839309,-0.002108216916590022,0.005562200510663473,0.001576978438248,0.0034488883953318616,0.009972451958307316,0.003035634108667251,0.0005977092378881554,0.0004016754138975731
2024-10-16,0.015331935014353926,0.006026886410974486,0.0011105407533154033,0.0039470763768996164,0.004053936654836665,0.007483594510643732,0.006688650841078392,0.007284320658315968,0.006450573871635168,0.007603994714145301,0.005954354518751481,0.007531155605869255,0.006371511031566746,-0.00026904690585216606,0.0046762124087138535,0.005228452987517507,0.0004016754138975731
2024-10-17,-0.007578825395425204,-0.001893404572956059,-0.005545435534116572,-0.007706580610478575,-0.0026818068787360927,-0.005869870631806995,-0.0068847886874982,-0.0007236156337491195,-0.00042421608811749056,-0.009248358817580238,-0.00682143261606083,-0.0011399580285970101,-0.0043070140625369735,-0.010266514651553149,-0.006952247781361498,-0.007208717699116907,0.0004016754138975731
2024-10-18,-0.00340488196195754,0.002467748906566092,0.008554563117174174,-0.006871056177865653,0.00036444481961317443,-0.000139894800211815,-0.002251640550369194,-0.0008054264259840238,0.0004097237974309831,0.003785778907008819,-0.00533051163778564,-0.0010911601456765618,-1.6299495336546954e-05,-0.00010259150438951536,-0.0020486367817779128,-0.0024875621890547706,0.0004016754138975731
2024-10-21,-0.0003655321145616952,-0.0012819880750146728,0.0007374935449044884,-0.0002528125519581925,-0.000431744249266397,-0.00015319735282148805,0.0034034862219602946,0.0017499801269977855,-0.0005989497739435912,0.004734307777045421,0.003957405602917685,-0.001051935058009379,0.0024560096115311403,0.004466005856490263,0.0018153233650779477,-0.001335642100756318,0.0004016754138975731
2024-10-22,-0.010759354408522936,-0.0036851187537215724,-0.006381966435677233,-0.0033639786940197203,-0.007782627842838119,-0.00601562001035949,-0.006276392738405856,-0.012135683303321487,-0.0022369294829742703,-0.004134070659575273,-0.004005143640145814,-0.005570772832028559,-0.005807699043577252,-0.007534894050719054,-0.005684480296247796,-0.003130028267014584,0.0004016754138975731
2024-10-23,-0.003523694235628483,-0.0029206897565967616,0.009651492271599338,-0.00867684136814073,-0.002296163309207233,-0.001215746537264084,-0.0006287862518126186,0.004075612737166168,-0.004104785394860144,0.006925387293514884,-0.005449791293835826,-0.000729898261985662,0.0005096553219516853,-0.002085163882592278,-0.0013568598062927428,-0.0054808429515738055,0.0004016754138975731
2024-10-24,0.006465201562459777,0.004435928253823551,-0.0009090640723248278,0.005471670188609945,0.0064033427882532745,0.004130467753117095,0.007078535622668358,0.009062837458353012,0.004435057995503255,0.008204524297072524,0.00638572100840662,0.00528627211960675,0.006330423958380127,0.0071637302008173975,0.008885578983871767,0.006384869026476503,0.0004016754138975731
2024-10-25,-0.006703430875031335,-0.002860262336911057,-0.00430320162233222,0.0022145414352239268,-0.004696122443234696,-0.0036025265396817385,-0.007735252699186401,-0.012429400592463669,-0.008273270781683273,-0.004314589436960281,-0.007299491142457204,-0.008075319699061723,-0.007222981872412326,-0.007735363905381432,-0.009948384479280481,-0.0014172838528618836,0.0004016754138975731
2024-10-28,0.009305777936548632,0.0029638809286904877,0.011631471564471418,0.011528372923592212,0.007395818015512479,0.008782093430109716,0.009590461702608577,0.02167028302395968,-0.01975740445376184,0.017337385785775927,0.011222235725865115,0.007692149486041133,0.00718679342260975,0.0074415322485603674,0.007831508732189185,0.009813762036685159,0.0004016754138975731
2024-10-29,-0.0017611959956562728,-0.003766131816615892,-0.0037148612926101165,-0.0040274289226025495,-0.00833564461666858,-0.0032337642712279013,-0.004413168112893273,-0.011852041580692085,-0.008874094642388863,-0.009821489233233893,-0.0037571241476014317,-0.011228310532495622,-0.00893547476089196,-0.00918989052469299,-0.007335812487823112,-0.0035445524725599142,0.0004016754138975731
2024-10-30,0.008047625408136971,0.005540652511973443,0.008493260194931906,-0.005865011829136124,0.004501042855226123,0.003853595936416765,0.004877860877407381,0.005316697846331264,0.0012606456158856805,0.013841415667760204,-0.0015579328613691823,0.0045861027927345255,0.0036025018825933675,0.007963079053411093,0.004141599465232959,-0.0008610494935369362,0.0004016754138975731
2024-10-31,4.581390535896013e-05,-0.004575538418715608,-0.006736927910774959,0.0009226557693089443,-0.0009630142901092542,-0.0031589665761145858,-0.005802833748381975,0.0027572222042762107,-0.00453659612498325,-0.006777274468127814,-0.007303703339683776,-0.0019847907367720463,-0.0032960338592731286,-0.011193604663596424,-0.008382175059700736,-0.006869730368148197,0.0004016754138975731
2024-11-01,-0.020871270904285977,-0.006471761388384567,-0.023076505652979362,-0.007455853441527549,-0.006596506227230514,-0.014181508296703282,-0.013592970172109475,-0.022893065214346087,-0.007657928683009185,-0.023992749740462505,-0.006872767340958985,-0.009645123344862894,-0.014828198701826834,-0.01731282557098679,-0.01572337824094705,-0.012527588581728755,0.0004016754138975731
2024-11-04,0.03579180698013884,0.01932613602482358,0.03440854206980126,0.015103286945011618,0.013502526821090433,0.026415841736918244,0.026314180978075807,0.031408988043041264,0.02025466033138623,0.060972681077894775,0.0185119732727983,0.017076292024963413,0.032872071126205604,0.025900607232075767,0.02648977791193108,0.018439050952305136,0.0004016754138975731
2024-11-05,-0.00385370306881605,0.004799825068612984,0.0017616240470690325,-0.003344000581236517,0.000605964290241845,0.00022850527048157154,0.0012004847210689285,-0.002033224171151149,0.007389804722935711,0.015740760518607733,0.002575125639978415,0.00010902977942039982,0.005486493824182315,0.01174759858797203,0.0007832049197709079,0.0011385146314344397,0.0004016754138975731
2024-11-06,0.002842100694048888,-0.009520315524154666,0.023337951374268417,-0.0028235906609013206,0.005412130833803985,0.0027098437786021723,0.00036573393387828723,0.004248029614409399,-0.009843971014729891,0.005854794736657842,-0.004177578567938878,-0.005308511275951666,0.0009233692504129198,0.008998602606747674,-0.0025511933821535937,-0.002119759059903026,0.0004016754138975731
2024-11-07,-0.008632586606218684,-0.005647599674589832,-0.00889266167012126,9.934167808167693e-05,-0.0014760072200461494,-0.006082099207719072,-0.015406984880030006,-0.024442133940220767,-0.007547466999873742,-0.0385729140675799,-0.008240260860093995,-0.005018053881675422,-0.021226681643064294,-0.013505666890238133,-0.01426714138830587,-0.005147034028439745,0.0004195739267733867
2024-11-08,-0.007904766810401753,-0.01118114960748351,-0.025162694215730252,-0.016012356381422177,-0.006131980148553984,-0.014688426094569995,-0.01253050057866445,-0.015385433900629075,-0.010222871340158535,-0.03924512432495231,-0.007597523183375365,-0.007785185773855119,-0.018852546953284977,-0.007575363752638453,-0.014436283806305461,-0.013210062018351842,0.0004195739267733867
2024-11-11,0.015220948045322924,0.0014880734567139786,0.006505908543112282,-0.003389834343981657,0.013673953975485542,0.005310251453605419,0.006271409552508711,0.01614924749496338,0.0033435207115875,0.02564850568695287,0.0009553090789122809,0.009031115787455635,0.01132605932636599,0.011860295451903813,0.005422930248288438,0.0007507037501390812,0.0004195739267733867
2024-11-12,0.0023729287852936043,-0.007179553947310291,-0.012313871845076152,-0.003909271117166213,-0.011259785566111291,-0.004935846349292783,-0.0031301655381505977,0.004277700259150974,-0.004472431980517055,-0.018572309652846952,-0.001993287451052539,-0.008025564174303557,-0.004640468266547515,-0.018356858990988267,-0.005300886187537768,-0.0012625983025600362,0.0004195739267733867
2024-11-13,-0.009916941717488026,0.000102406907020125,-0.003892728372577703,-0.007726801611363743,-3.2011528084074925e-05,-0.0043560296845837065,-0.0017473137493533297,-0.004561679331393398,-0.0004615498196999246,-0.008202983683448517,0.001218134382604763,-0.000796751139402363,-0.0036038152854337424,0.0037415731123771057,-0.00017491691446558377,0.0003532797180858527,0.0004195739267733867
2024-11-14,-0.015018662038569386,-9.159861013707804e-05,0.014647005081852571,0.0038614848537752433,0.01124838395319916,-0.0002741149783351826,0.0004291788223591553,-0.005953905608925503,-0.002896896981548047,-0.003240259023954417,-0.002809801932380118,0.005876358853785568,-0.0038131393480852482,0.010776273605262565,-0.0012333799860042571,0.0009309105524253347,0.0004195739267733867
2024-11-18,-0.001163934118048493,-0.005635152082627437,-0.0074451717516613725,0.0005778430720544403,-0.004990457315355079,-0.004240681360521803,-0.006163057406446848,-0.014062985093433067,-0.004571088842680315,0.014970629731408724,-0.006622051195995793,-0.006060872300132414,-0.0031633679493509037,-0.010505361006633573,-0.008536304107293446,3.007882867489542e-05,0.0004195739267733867
2024-11-19,0.004056335857392845,0.009407141482825843,0.0066566774161345155,-0.0007212090229138379,0.007767458829978757,0.005592735706671181,0.006414727533845088,0.015398739037462139,0.004629537036546116,0.011073558637738179,0.003097280808610714,0.008726242159936115,0.009169431097834302,0.033005378868992796,0.008341847926905066,0.003749960557323684,0.0004195739267733867
2024-11-21,-0.014574718651754193,-0.01363829433084407,-0.009439152767488967,-0.0070362865009298,-0.017042318288631342,-0.011446276611910666,-0.011307029695403203,-0.010699754283842067,-0.010228514097604502,-0.004874656393266563,-0.009329018034942016,-0.018740488387211762,-0.007704138896159174,-0.014251448321637605,-0.015625821297372444,-0.009950034736144087,0.0004195739267733867
2024-11-22,0.020033942353076206,0.013574129314570804,0.024855712970830446,0.015815328529720007,0.014427013073095019,0.017601441192451217,0.018540193192326804,0.017633656694843403,0.014758858204704461,0.03324288866905767,0.013005330130326564,0.012431689288311176,0.019145492185542956,0.0019997979448982406,0.01568993903795679,0.01742712547036418,0.0004195739267733867
2024-11-25,0.004562781165279972,0.004568690451695279,0.014220786654203232,-0.0028892085242688825,0.004230811638900933,0.005069000386527911,0.005256229543431079,0.0035501441418885893,0.000806858035775404,0.005980941598838996,-0.0015008099344071546,0.0023811529194162073,0.0023085013557515577,8.224083063579357e-05,0.005111220150474383,-0.0009336945468296776,0.0004195739267733867
2024-11-26,0.008362372150287234,0.008091874602807358,-0.0020273103736011544,0.0014562364867276578,0.01064777967713848,0.004666149894827942,0.011749520552085224,0.006420546777739622,0.012149087718706486,0.017911414357005162,0.0043689096728256605,0.01691657756906606,0.009794326532998054,0.010616623111086021,0.011960457263740176,0.00709164019091757,0.0004195739267733867
2024-11-27,-0.0340694821283728,-0.019206341159238804,-0.002897684265620315,-0.006970160263906511,-0.012632648622065257,-0.017113563709932667,-0.02434380695352789,-0.020347053125294168,-0.014608127024373974,-0.01825053783057795,-0.013106497583253884,-0.01063886379122625,-0.016865076655268596,-0.019914902498334608,-0.02435032304379048,-0.0175824000415018,0.0004195739267733867
2024-11-28,-0.06517036171772195,-0.01629843736572434,-0.0272512830467887,-0.009172818330027033,-0.025190986997141174,-0.030086364139872535,-0.035865379712239576,-0.04637727999268226,-0.007239986465613302,-0.05807278428350904,-0.007423253562434784,-0.025494173165590328,-0.03200592640883715,-0.035747149252342014,-0.035818347705800946,-0.024342508910040195,0.0004195739267733867
2024-11-29,0.00800241911496058,0.00912528356771003,0.012715118757128385,0.009265959215901898,0.012156802830334046,0.009328798093569013,0.009203969999439954,0.011348562277396557,0.010954497180613254,0.02559525790314443,0.002107461027798907,0.012488821858237298,0.012630262770396694,0.011203786845786157,0.008684371184371154,0.008733706266180308,0.0004195739267733867
2024-12-02,-0.009210647912671233,-0.002123869734781514,0.000795437636757379,-0.005244282879800943,-0.007372031161504422,-0.004333120054001549,-0.0063382869640088435,-0.0030635695904469573,0.0019806111081910327,0.0028154014576260433,0.0006082752580780504,-0.006628668867080134,-0.00025157307462564393,-0.0007010956343594943,-0.005377596876938617,-0.0034096935853298316,0.0004195739267733867
2024-12-03,0.0017350389624473106,0.015405938743366487,0.006910880227146032,0.0033179203731794615,0.008392086964094991,0.007368522648342202,0.006008628083358447,0.014038069499277439,0.013914570806212723,-0.002615715603106805,0.012913895992190394,0.006600542865520698,0.00936803324220703,0.003696555206686769,0.00777075955067108,0.007111344870012859,0.0004195739267733867
2024-12-04,0.007125333952582524,0.004275169813520829,-0.005341315324043916,-0.006914797129277228,-0.005176083428650946,-0.0001024154275826028,0.0012105374045452422,0.011209627443210968,0.004361007475502943,0.006640632503179145,0.003172193318785377,-0.0009409875560393299,0.007753856064838249,-0.0017119610756621828,0.003505201949145942,-0.0006143933272436675,0.0004195739267733867
2024-12-05,0.012367178976228743,0.014645601421016341,0.010318972873584187,0.009301325084496215,0.016329449709474142,0.011658464075158914,0.011716901837256488,0.019258530196036183,0.01576109222257438,0.021772430951151778,0.008840964772483861,0.017444623533754644,0.015541730393208164,0.006882117424187539,0.012512673632526283,0.013912117105372879,0.0004195739267733867
2024-12-06,-0.03297591758309315,-0.00952389649880625,-0.02862089153844094,-0.009800471278134992,-0.013116558484846053,-0.019821118318810726,-0.017607586143581377,-0.020463494944252925,-0.014661416371755664,-0.044343272673072365,-0.008532736536553065,-0.013367358408285845,-0.021043854326556755,-0.020297285944919086,-0.01611091631950845,-0.015000673296329814,0.0004195739267733867
2024-12-09,0.009461571806942182,0.002108566305530246,0.013805239273810166,0.018188894420219315,0.003992866735707645,0.008967924333972421,0.001255935025293864,-0.009971191942983793,-0.0027436539923252345,0.012767862938758645,0.0018895531064504478,-0.003854973363051295,0.002022165335759496,-0.007651811793690011,-0.0034035999033582565,0.009658468435906453,0.0004195739267733867
2024-12-10,0.019045398136003477,0.005867880276080761,0.007222050363001609,0.009130820402538209,0.00434635792610627,0.010084903298894554,0.012490922466054544,-0.00023996007288362708,0.0049748727349188115,0.029455278441620658,0.009287947619619485,0.007305495637190518,0.010687110518821541,0.00993617269011815,0.01206692263169229,0.008235237818250862,0.0004195739267733867
2024-12-11,0.021397013530447095,0.0075551943177158964,0.02233583698313435,0.011252831687980969,0.01006763743020933,0.015661790135411247,0.016796272644146404,0.01646038065351929,0.0030354251787003683,0.016958820203058167,0.010041926415248259,0.011270711118309462,0.012876511101597599,0.06857856039074539,0.019806871771839152,0.011831685199245046,0.0004195739267733867
2024-12-12,-0.042940162294116346,-0.02652265428455669,-0.03529142530524276,-0.01896172911640359,-0.029438965606780387,-0.031058152170586495,-0.034291664012331635,-0.034596600793330934,-0.026081160072287335,-0.039627755604894066,-0.021102486810261722,-0.025511610192517686,-0.029769189881716174,-0.005441313740519149,-0.03032384979007019,-0.027122082552962667,0.0004551316162888508
2024-12-13,-0.015507302242716126,-0.006742996684151792,-0.01820350776152191,-0.005335484778537181,-0.012513139737581391,-0.011032412071685926,-0.014880158460005566,-0.011657473133647511,-0.009992317383845206,-0.019324664764613142,-0.0049151056930999415,-0.008595520754394625,-0.010803874284338044,0.037098781649299806,-0.008226801751336832,-0.010348944211834854,0.0004551316162888508
2024-12-16,-0.010523033219073996,-0.006655121303246525,0.02002210220838596,-0.005544134932203071,-0.005063530245408621,-0.0017437382137889257,-0.00739098443420616,-0.01448462347484214,-0.0075539089925814595,0.014133068111273461,-0.008679997242488802,-0.007854061114504818,-0.0026684409505521867,-0.008488593986378357,-0.010560381016348819,-0.008722109380252197,0.0004551316162888508
2024-12-17,0.016712269402667346,0.014531540288777345,-0.033304527004684004,0.00979219441016732,0.0027738185143957317,0.002200332320250631,0.005091006349417393,0.0040504380080070845,0.012489880947276877,-0.03233762124360695,0.01136535345761902,0.00524981705328309,-0.0028344955734181942,-0.032762148279108505,0.0026937294421851554,0.00851653166505395,0.0004551316162888508
2024-12-18,-0.050661636244570984,-0.025723208309493484,-0.031053791866711866,-0.024369105661994128,-0.029933290473745933,-0.03171471015619354,-0.03750615746384445,-0.04793748028343181,-0.026347145118165383,-0.03792686350190566,-0.02372094358031196,-0.023373341684382876,-0.033396450560583046,-0.05474291417561272,-0.039100317270794105,-0.03165870360289136,0.0004551316162888508
2024-12-19,0.01516160229591934,0.00590541964132596,0.009046888111493567,-0.005529485658510969,0.003984884134106803,0.006511993963870477,0.010997949449935707,0.010142108317446219,0.004229208049761901,0.0191494438947426,-0.000598944819883096,0.0016654313725072978,0.007289557505140598,-0.031474565203675975,0.006456303061940005,0.0026936905726098193,0.0004551316162888508
2024-12-20,0.004740805498398171,0.0070903141963158944,0.013880245475418107,0.0015355848457072607,0.012941945050040315,0.007530943574999283,0.012112977243166734,0.0127371855371341,0.009561073035039946,0.004343043752139453,0.005286360576850058,0.0137828350552478,0.00689309665470228,-0.022154126970060806,0.010745571469028103,0.006562153894580147,0.0004551316162888508
2024-12-23,-0.02413929243378088,-0.018943150587608537,-0.01868994574776961,-0.014601686561476201,-0.023490678754807703,-0.020023121760989304,-0.02167029053028724,-0.014253740435679396,-0.017615921159381487,-0.02336619689053565,-0.019127374200835878,-0.021660412383627148,-0.018632277063342584,-0.0033516379427728227,-0.01868432154033106,-0.01090150607928464,0.0004551316162888508
2024-12-26,-0.005693882517611604,0.001308332759426989,0.0033181035455118746,0.004556334191450961,0.0013785229353280304,0.0007452781769390349,-0.0011540779793700606,-0.011721063423743572,-4.264104737039531e-05,0.0070166350641056585,-0.0008921582862509991,0.0006578037571569606,-0.0007448696766850782,-0.008262496056039015,-0.003567406989166355,0.002550434191294304,0.0004551316162888508
2024-12-27,-0.0009617609006546957,-0.006284109148346428,-0.009339332648062304,-0.005350778697391534,-0.006484165711775014,-0.004934153567416111,-0.005774094114793904,-0.0054400591004836185,-0.004748457498562897,-0.005912925315802564,-0.007652950129365066,0.00033131066261593567,-0.006623147068043123,-0.004106126741755811,-0.006973621936966934,-0.006720445825956101,0.0004551316162888508
2024-12-30,0.006022160124346865,-0.0028922738552027427,0.006170095171742496,0.003243413077504975,0.004684743079991893,0.0018545949974833054,0.0011140656155379514,0.006283830137074009,-0.0009310399497892696,-0.01259852948717144,-0.00278405500910317,0.0008937642188122652,-0.002849326863254009,-0.007557147016560073,-0.0011542215002934286,0.0001118495360794558,0.0004551316162888508
2025-01-02,-0.0035185169992836274,-0.00832786368419014,-0.006774236196824934,-0.00011113277829843948,-0.006052486998272544,-0.004465410955068361,-0.005457821972250643,-0.01215517012957934,-0.009406132545133228,-0.005808894419361055,-0.005277033584917934,-0.005547912881565198,-0.007668988483754968,-0.018544506178679754,-0.010062419460070027,-0.000957874327359165,0.0004551316162888508
2025-01-03,-0.018914409524237952,-0.014756107755004688,-0.013265851467682443,-0.012914806864036565,-0.01858309581662987,-0.0153755029797088,-0.011323720693227513,-0.011704216254520339,-0.013654549870966481,0.011086826405120931,-0.00952323299192881,-0.01120057672705932,-0.004686198597999791,-0.004061288559633391,-0.009702370998468823,-0.013091782506058802,0.0004551316162888508
2025-01-06,0.00037889086199172084,0.013914664546608169,0.034542039248179,0.02661526652733026,0.009869724517766576,0.02046440992186649,0.024812927275604135,0.00409914055813565,0.010397464425117908,0.040239015951849755,0.02315477620203299,0.007565469024031657,0.023589561172151274,0.026943357892972752,0.021399386791515873,0.011974546477036885,0.0004551316162888508
2025-01-07,0.010322165019784224,0.008813543719889072,0.010110808711738306,-0.0023283321338918306,0.012031809098473456,0.006169721027968311,0.010222503902574731,0.006409429882816786,0.008045628705878771,0.010129156692884056,0.005958193312384008,0.011937722174848675,0.006831390530041892,0.011018657540202925,0.011345917576771392,0.009980860643737488,0.0004551316162888508
2025-01-08,-0.019017511544529464,-0.0125742058143965,-0.023482781894939797,-0.01248034932257791,-0.014822538184879663,-0.017527398368094915,-0.019241306236356892,-0.012948767167275443,-0.013417461248802165,-0.03064973619841027,-0.009694435912667831,-0.005402941193823341,-0.018394879115588125,-0.019462640498904893,-0.01513233177661466,-0.01283953607501731,0.0004551316162888508
2025-01-09,0.011675953874485723,1.717956192970327e-05,-0.01699944521252783,0.0061059877920546235,-0.002723714388775611,-0.0002647400500199737,0.000758854728322822,0.009861981932329789,-0.002764122727916707,0.012084521783789048,0.002919007958872344,-0.00019882474870003275,0.006310292803175743,0.004641607392987357,0.00283147822690899,0.0015889095063177372,0.0004551316162888508
2025-01-10,-0.005823803262377636,-0.006693830056400785,-0.01272743060739423,-0.006724136462626484,-0.008579022152527482,-0.007462976884916039,-0.00925974614247016,-0.0026977674289705433,-0.011282747373658641,-0.020823878724302025,-0.017949264419966804,-0.013669317986475638,-0.013609159999738663,-0.015280686574105085,-0.012906889949047429,-0.007450671497774786,0.0004551316162888508
2025-01-13,-0.0007390718553331732,-0.00030018672544707137,-0.012002134473047099,0.004846266227623852,-0.0005198432260894448,-0.0021674631337659234,-0.0037183603370207763,0.003229101259293765,0.0018107383954186762,-0.012586828306128672,0.0008605874349487674,0.0026153079053803374,-0.0024512723166717487,-0.005896374762503598,-0.0020450233928319683,0.0011286883248908808,0.0004551316162888508
2025-01-14,0.004861598696980884,0.005360097026806843,0.006915418673200335,0.001513661055306148,0.001289042574399435,0.005578804451950914,0.005645693513623318,-0.00172769976674092,0.001026686426194745,0.0019043092741419798,0.0014063544515230397,-0.003477629201387944,0.0016800683863631427,0.0053186694169917725,0.002747660041313882,0.0026341380084593524,0.0004551316162888508
2025-01-15,0.02057501252825511,0.016607047730064384,0.06275664317058505,0.030950487159898676,0.02151624993365009,0.034022601389224194,0.03713746004069973,0.012191257064757322,0.022324732925877333,0.08209480397800739,0.024606645925901782,0.020609835578696334,0.04029597327138923,0.04293796304499309,0.0324347411824617,0.02767136852695362,0.0004551316162888508
2025-01-16,-0.017753553933628874,-0.005665382659831297,-0.02633014485329377,-0.014711185865950438,-0.015562815658571094,-0.01636653036825131,-0.020381321675490005,-0.017047061862999868,-0.008962185850089122,-0.0352366996851905,-0.01049602106380998,-0.01593083038063925,-0.019670853382892872,-0.02304196366378153,-0.01700309002440825,-0.011291424456623789,0.0004551316162888508
2025-01-17,0.005276866122059021,0.006865531359500743,0.003081409545887981,0.011160883641161856,0.01304106507463465,0.00626622433868862,0.006745038978144047,0.010237194643634151,0.005775542659818722,-0.0015679072683210116,0.004362448930902207,0.009146930227788674,0.0038811247084495903,0.003375015729112363,0.005153871554643308,0.008945780249759006,0.0004551316162888508
2025-01-20,0.004760924186608895,0.005498080382931203,0.0053052772177693,0.006079250826643179,0.008365941683448286,0.005071232644841439,0.005488280702603321,0.005407494103509158,0.0031105490050287177,-0.002879879506470062,0.003345593585767581,0.005872947321827304,0.0010617864019077938,0.004105229339283811,0.0038745708341116902,0.004125420336122287,0.0004551316162888508
2025-01-21,-0.0005356396657264506,0.003370471734473579,0.005672685672881039,0.007329992681051722,0.0063937796621760246,0.00403459012044749,0.0060882495981349205,0.0019418427471991073,0.006738075296305102,0.02111149490951636,0.007034842747135395,0.006705849630812555,0.01039784530057819,0.007092866904497397,0.005954653516806907,0.0037676506618637973,0.0004551316162888508
2025-01-22,0.009345592328307673,0.001195245408221357,0.020708744915693522,0.002187848660102576,-0.006509682293123764,0.008761128871260793,0.010249973962485281,0.004438539638556893,-0.0004821130512596694,0.008232680130710213,0.005723831132292023,-0.004531496762548715,0.006429523312506236,0.00975630162776886,0.006978264682900415,-0.002594668877478612,0.0004551316162888508
2025-01-23,0.003091141719662849,-0.0036913070553642457,-0.008872291995633885,-0.0017768341334363225,-0.008115897695139651,-0.0036678548223534335,-0.008285121382082816,0.0018071368341632255,-0.0021470974776340856,0.0018723477385735876,0.0004094638620073532,-0.0038782922986382307,-0.0002977138304415261,-0.0063402974463463435,-0.006005073907383807,-0.00425501881636603,0.0004551316162888508
2025-01-24,0.0012860744801690416,-0.004244485273038001,0.00530884831459244,-0.0007515092496919173,-0.002932445606490308,0.00031984434523812943,-0.0001515322758018911,0.0025844448400433873,-0.0038985391419100734,-0.0036277241861671916,-0.006844352695219658,-0.005261073207095235,-0.0031634116207748253,-0.00182859142675873,-0.001258615140980801,-0.00010420093484220239,0.0004551316162888508
2025-01-27,-0.0013966978407441433,0.02669802349192807,0.045542550403295134,0.012391818421420675,0.021775441325833533,0.024216445891945382,0.03165907271224655,0.00822107340216749,0.027222173647828862,0.039572918888130415,0.01333854242206467,0.025640532438609975,0.02612322032195169,0.03261575162737729,0.026725837635033,0.019010273048383652,0.0004551316162888508
2025-01-28,0.0021195099119455385,0.0010854977792646991,-0.029917393189596964,-0.011697075045052685,-0.006924526331653302,-0.01115017089954251,-0.010275070696808997,0.0037839561403598676,-2.0061945613658594e-05,-0.028844607630971963,-0.005775700157495067,-0.004077096286618009,-0.010864788477402243,-0.01236753255943257,-0.007895742637942349,-0.00608029428889012,0.0004551316162888508
2025-01-29,-0.0011518072835171589,-0.0035251440349859386,-0.009833705578396024,-0.00035895193788682,-0.006538036286043103,-0.0039560567031290406,-0.0029792834582459404,-0.0030583336329088606,-0.004418994638289986,-0.005134569275969225,-0.0013388359563347718,-0.008001413277824443,-0.0033569832957859314,-0.001020705502262076,-0.002170522240805939,-0.0050396785773720865,0.0004551316162888508
2025-01-30,0.026013049983075964,0.019029485790586165,0.04708669033693802,0.029551413010594718,0.024804696212467503,0.03136204549218169,0.035755980057173176,0.02952548040919667,0.021418901895978504,0.03368304212266704,0.018745212166209724,0.02221106549877816,0.02787063970922765,0.03484440517672538,0.03092110425789052,0.028318165561380892,0.00049037490119197
2025-01-31,-0.004462836696002892,-0.0019285925415806204,-0.008831471987901796,-0.013963445553828113,-0.012272684909664378,-0.007412443364134713,-0.009026365756579002,-0.006336370804544189,-0.0036321488387468515,-0.01308391126998154,-0.01148516860410298,-0.009148747236957244,-0.009616965030093905,-0.00953278806741853,-0.008348658490543115,-0.0059888242817203174,0.00049037490119197
2025-02-03,-0.008393648869209014,-0.002164872212303437,-0.007815782952261485,-0.009185440588880711,0.004577122114725718,-0.007360581482501405,-0.001553267762336441,-0.003980846094179147,-0.002807182248296236,-0.008507128467970526,-0.010619243430847414,0.005363039830794669,-0.007526516443445375,-0.002868539900397704,4.912586661087737e-05,-0.0016776681628102308,0.00049037490119197
2025-02-04,-0.01402276324322338,-0.002263703833551345,-0.011171422673329157,-0.008138109470983035,-0.0017598262212277227,-0.00940956362986689,-0.0072826489511660375,-0.016278752131319574,-0.0024826851327801602,-0.013132744415062847,-0.009175770923280369,-0.001924242453861802,-0.010789745200233125,-0.007693533243874451,-0.006300082895827619,-0.0064063081876510886,0.00049037490119197
2025-02-05,0.019681499026200422,0.0011970384172661497,-0.021007655729071373,-0.012847236158482267,-0.003578195395348316,-0.003902147394168165,-0.007508239774039693,0.004076287205425411,0.001015603328303305,-0.01175484349132827,-0.017765955760016383,-0.0017260880541392076,-0.00642219575666525,-0.007877144688761772,-0.0019743062121126975,0.002563472673102307,0.00049037490119197
2025-02-06,-0.0003225270602711383,0.0035631326690162,0.025931469279556696,0.015373537860494446,0.003890822053733256,0.012223777422206927,0.010849176807927963,0.0015198691928215435,0.002195289774272524,0.017555414070048014,0.004804482987010417,-0.0006920129153393795,0.008119152752206649,0.011729087523417503,0.007736387023673519,0.005234940472720551,0.00049037490119197
2025-02-07,-0.01117834702835796,-0.009248068554598143,-0.017419132950356908,-0.009635101785959499,-0.0066582696114716455,-0.012610576226124715,-0.015397983265354687,-0.005106175011202474,-0.009700778307630054,-0.020962098398236706,-0.002821335402767522,-0.003046646557361532,-0.011168995910234125,-0.016766448377154908,-0.012862575955861044,-0.01261811654065581,0.00049037490119197
2025-02-10,0.007275841198310262,0.0012622122653982437,0.024548908342723053,0.004336754229710804,0.009864785348444371,0.00983102793051227,0.009491745372085747,0.011712313971797395,0.002503310703448447,0.015656861378685383,0.0001723149267554014,0.01003446607108649,0.008749108305827313,0.008528662098798767,0.007496942405183393,0.007569176659024457,0.00049037490119197
2025-02-11,-0.0023966451492298813,0.009689000292087968,0.020317850077945065,0.0015898431678191827,0.009956606957738368,0.008316069926287195,0.015336098431397716,-0.0030800783500007922,0.011920340568527976,0.012802096590285084,0.009393481129307935,0.01186908507376172,0.009164682676875202,0.01918769388790542,0.01660282943102498,0.007580008378982761,0.00049037490119197
2025-02-12,-0.015749098458733846,-0.016610192003542634,-0.03454252094286736,-0.010535063783967513,-0.013963175779045045,-0.02060496504542353,-0.01840704235858215,-0.01911343875707394,-0.015422730787307493,-0.03252246980598983,-0.005314981479363379,-0.011922982315150432,-0.020000360688434582,-0.01727081947305864,-0.013958646673655095,-0.01680769501373458,0.00049037490119197
2025-02-13,-0.0027877847326610583,0.002672133030760415,0.006806037110084429,0.006335626622382851,0.004673191462268411,0.003557085014775252,0.0054080933418501065,0.0007155985322264691,0.007177899809916122,-0.0003597653587605887,0.005252049044407903,0.008916100603041821,0.002797978597938844,0.004373052963962509,0.005472681274863556,0.003793621378516132,0.00049037490119197
2025-02-14,0.016845046523601415,0.02476490430898126,0.04831314079115567,0.03020841863467716,0.025514709989975293,0.031241490489570145,0.03345589063552956,0.022227778739365656,0.027199320505409963,0.03811215473932861,0.02283440410128157,0.02587402432203212,0.029991669105862373,0.036562308500801555,0.028829563250658108,0.027310462354369625,0.00049037490119197
2025-02-17,-0.0081479572856068,0.0006954088032053996,0.029949201678583837,0.0014003972949143684,0.0012536078682245932,0.007539229725921581,0.01296210835293854,-0.0037695773429046175,0.005752776010991667,0.026741419665671895,0.00020685332283409963,0.00920500292725368,0.010245841331809613,0.015946311437002203,0.00872494816862468,0.0028567594665589446,0.00049037490119197
2025-02-18,0.00028036490134786263,0.0017270974421939034,0.003547823937664285,-0.0037208758466403813,-0.0030676611952981103,0.00036725840312290536,-0.004592269047877129,-0.00730929018876425,0.0006160149569385265,-0.016595823598096415,-0.003116088103725434,-0.004990356999114431,-0.0083289429703709,-0.007962922447833032,-0.006768389377290518,0.00020850735713429103,0.00049037490119197
2025-02-19,-0.008056645225560044,-0.003500716250952385,-0.01082678841429785,-0.016421827812259204,-0.006509943546330499,-0.009866727749607285,-0.017571015872629547,-0.01191685196588943,-0.0086458368989909,-0.026736153929812878,-0.01144962680785988,-0.014309446476964416,-0.0169730016492311,-0.020870210880126194,-0.01607891990569088,-0.009195349566969435,0.00049037490119197
2025-02-20,-0.004562986404414993,-0.0015764761236400915,0.03342837923489661,0.0005884112107761297,-0.005166030338692784,0.008469765902111792,0.004339354861429223,-0.004050650448278348,-0.0007870625708877865,-0.002350113516660146,-0.0006626022309543789,-0.0005877785979957473,-0.0024799061841753733,-0.0013318925873261334,-0.0002356972559399706,0.0026648017252683953,0.00049037490119197
2025-02-21,0.004383264282782573,-0.0009531548635897114,0.021333798027737494,0.004693555362860868,0.0005542903463207072,0.007857929940315644,-0.001653118958728328,0.00033919990817921075,0.0005147975098576119,-0.009970359579440258,-0.0009366459074083844,0.001821966539236941,-0.0038024919818613334,-0.005617749804607386,-0.006280696982061684,-0.0032144588212345004,0.00049037490119197
2025-02-24,-0.011411919931799797,-0.00469224486475972,-0.011767466943006344,-0.01183383786322001,-0.009617490553244235,-0.009910114366029399,-0.01987514096706844,-0.016798167163047495,-0.007423163237528119,-0.034413763015633814,-0.0030154995806045415,-0.011732886191777148,-0.01766790582278066,-0.02249751087394425,-0.017166650951860984,-0.013601822891475712,0.00049037490119197
2025-02-25,0.0014283509093331315,0.0055204921254563555,0.006230744524385212,0.014199202654559429,0.009710618459942255,0.006407444613531599,0.0064866895047324125,0.004643274473221881,0.005935105593537271,0.0013965156933100076,0.01835167159194695,0.014075287569294215,0.007364509432514543,0.003911696510255247,0.0074303769655219565,0.0044006392800266525,0.00049037490119197
2025-02-26,-0.011847579546480635,-0.006951121364416335,-0.01677783045010295,-0.027638120245480957,-0.006916609434669874,-0.014769035962638899,-0.01817104275407022,-0.013405499332235782,-0.0011168382445703173,-0.02222991753430692,-0.02136587305603921,-0.0017712350428613632,-0.016298014705162234,-0.018607442707860855,-0.014834087990808986,-0.01005875666607503,0.00049037490119197
2025-02-27,0.020616632889975728,-0.0015792463968546944,-0.02108766298726561,0.006305272210276325,-0.0035122035855560396,-0.0005272013641390849,0.005376306732148617,0.01426713081190556,0.0007306086060394623,0.009408564755420734,0.01225723108371346,0.0034603016626064687,0.009327698971571818,0.005827072945019163,0.004443335775868862,-0.001097399910439556,0.00049037490119197
2025-02-28,-0.009854706526762458,-0.016837444437634352,1.4137338588904313e-05,-0.021367431169134088,-0.015518859405749486,-0.012124355813033616,-0.018433299103062573,-0.004686638882452576,-0.017156593854644298,-0.021185452867916843,-0.013669013516338202,-0.004450883314742637,-0.01555458260597642,-0.017273920522735242,-0.01844286468196077,-0.015652291352907688,0.00049037490119197
2025-03-05,0.023265565377099007,0.008648734057365326,-0.0021323753677884305,0.0010750518595332714,-0.002881076028079743,0.007940355841756785,0.0029688653536534826,-0.0011068049042363137,0.008868974654668627,0.004562399552893837,0.0033328901179390247,0.004955372842566863,0.0034091569577230363,0.0028306847925230194,0.00430438756566498,0.0006216428165279897,0.00049037490119197
2025-03-06,-0.012124891574510133,0.008316620140292219,0.005160745502415187,0.007704914278428676,0.0026896294265610354,0.0024393566249221177,0.006767418315362317,-0.0010337171527513567,0.009522769897592154,0.016399394832714353,0.0074959303360166984,0.010948678455736216,0.007106996126485132,0.010277716295243877,0.006285624311132221,0.0022943285320216056,0.00049037490119197
2025-03-07,0.018056186697130716,0.009131457788856823,0.04756019425550684,0.011783237780986333,0.010245638964791803,0.023627364287670094,0.021790513397891065,0.022815498163983428,0.012360262290761481,0.04420185313575242,0.01346575857685317,0.010612342229233462,0.02605277630299252,0.02393174231928774,0.016648620229951172,0.013728520147495704,0.00049037490119197
2025-03-10,-0.0049870460588130605,-0.0005514326549959092,0.028034558641787832,-0.007816240067365032,-0.00436593604594071,0.005546012742696282,-0.0019847430593080695,-0.004101151429918071,-0.002704885589123185,0.029684991160593643,-0.0026038768340357343,-0.0024137363566831826,0.006668146496562999,-0.0004132749761920351,-0.004771197970855678,-0.003994302547863482,0.00049037490119197
2025-03-11,-0.016871293849471614,-0.0053777363986142745,0.008928790838140355,-0.010522269196603373,-0.003459232426628378,-0.005181000629573496,-0.006429441163432359,-0.008173619345544836,-0.008093513906568095,0.022502582601726884,-0.0072373623868406955,-0.004783794362527294,0.0011088857517524975,-0.005437571003655273,-0.00904069084115855,-0.008388787648826224,0.00049037490119197
2025-03-12,0.009688948313846257,-0.00515541363589711,0.01601099765918579,0.011064915326781888,-0.0024147923952009265,0.008256828733998578,0.005895070828516369,0.004229208496094872,-0.0012234705569569293,0.010447619078114645,0.005707420437978783,0.0016485311113074719,0.006076890804831425,0.004857998092769433,0.006023851956815651,0.0030431846309033617,0.00049037490119197
2025-03-13,0.001005693318318901,0.009943803347231661,-0.02292809176517807,0.010991729963519603,0.013011445071296368,-0.0015077224350725782,0.005760841010587159,-0.0023321506454971885,0.012188709257411778,-0.029259566560200012,0.0017529828777864687,0.012298245795198559,-0.0066692818058387004,0.0026194724979657913,0.009915519525445005,0.013866659136798631,0.00049037490119197
2025-03-14,0.006197580559589078,0.014667087690282798,0.06150410101939907,0.025392859642099586,0.018188134141795764,0.03126621341726232,0.030085549196309902,0.009825744030765637,0.01600277811181261,0.05470076887843511,0.013100727130457956,0.013457137785944706,0.028395907501636675,0.02652957770714437,0.016066650487375433,0.026582655081483386,0.00049037490119197
2025-03-17,0.004580333080412169,0.015888394652389115,0.008248426390718322,0.016369070614235204,0.013394505822791558,0.011006294102595904,0.009392179297358139,0.006208327610238706,0.015191727641951758,0.002021422585073873,0.013191750232918187,0.00714398088525714,0.008638590409739022,0.012657587342585819,0.01271356829499104,0.014359823217463985,0.00049037490119197
2025-03-18,0.0210461381241267,0.005787432344408261,0.011680667411387846,-0.0008151576602107857,0.002046810656464615,0.009807181500492756,0.0036781700381727234,0.01127089798419978,0.0036330164948130683,0.006325146606076526,-0.0035939940378613144,0.00295106035596171,0.004452628451437235,0.0019433083693267683,0.0015763358550726636,0.0048563085296498,0.00049037490119197
2025-03-19,0.00946281456474063,0.0007177500239841095,0.05319307435178544,0.013987490937412472,0.007897101393103734,0.02217943629233199,0.017619903009593374,0.0036271603410085174,0.004223856597720621,0.06666671147927561,0.006635166382935154,0.010148744499443474,0.024378846287790745,0.018332831153022866,0.010027363614143248,0.007911518748313862,0.00049037490119197
2025-03-20,-0.007560798938772151,-0.0014632116154483787,0.004094753066767209,-0.006027710170564693,-0.0008353372981708684,-0.0019319245237514604,-0.004389020640595431,-0.009424448162702825,-0.0038450266675703615,-0.005658048919623182,-0.002890240983738912,0.000491571461535445,-0.0057410153695584,-0.00784411335261126,-0.006215212810539272,-0.004086365008639459,0.0005253093035668677
2025-03-21,0.0037530404980041787,0.0009107632358771323,0.013738781281975143,-0.008436947029800801,-0.005557114414517339,0.004679662971019738,0.002709791349169599,-0.009378768189797215,0.003820277508335357,0.031173242897775344,-0.002460399916323963,-0.005150479079521486,0.009425532143804372,0.006395989426595028,-2.9696501752107807e-05,0.003122049451858677,0.0005253093035668677
2025-03-24,-0.016293936009460275,-0.0057527484410323515,0.00026061129563492713,-0.00962195917250419,-0.006463602538615887,-0.007278469127587561,-0.009084565448254533,-0.008810608949320065,-0.0067350922283541115,-0.0060454357383639135,-0.008165306546234707,-0.009260150335221429,-0.007493788456086392,-0.011320518617089492,-0.009945653787901354,-0.007668847526065337,0.0005253093035668677
2025-03-25,0.001490856081167502,0.001966310043156616,0.046619530332493,0.0031586521261308675,0.007805965061175035,0.017515546269306848,0.013599471091548354,-0.005091611235205296,0.005203699837699638,0.06475157445533708,-0.0006561384188096264,-0.0033256074464889096,0.02242934952697273,0.01888705858571571,0.007309954676481212,0.005610072428788859,0.0005253093035668677
2025-03-26,-0.011015446965771947,0.00011337216478191081,0.016721779922913793,0.0006203399676572019,0.0001651097432211479,0.0035712381554944272,0.0072487688742335354,-0.010158410390373351,-0.0016376263634066968,0.04108659503796219,-0.002574404305294431,-0.009591716311407539,0.011604909796810725,0.00871448270370645,0.002763401604440663,0.003328472263983917,0.0005253093035668677
2025-03-27,0.0032239784649212844,0.0008362675225765948,0.014958668003127507,0.005258286900627018,0.006786365270178507,0.007586607021252245,0.005740266074441669,0.010678205335459046,-0.00021846092581401244,-0.009777667047422112,0.002633845277087321,0.0005165557912021335,7.540731845834259e-05,0.0027179130115215777,0.00476323401020351,0.005084871237075017,0.0005253093035668677
2025-03-28,-0.011160806426760983,-0.004288704593772619,-0.0012291348963577864,-0.005379014302484775,-0.007215554557694848,-0.004920142581968601,-0.007523514391944652,-0.00970628921379968,-0.004511462540712108,0.03699875117135454,-0.003368377821063584,-0.003939049581860088,0.009370370623308144,-0.002543237256265929,-0.007542485591842785,-0.00930346890058309,0.0005253093035668677
2025-03-31,-0.006053506451237922,-0.013060575126651819,-0.018213765652787983,-0.014743344291873184,-0.01583886051581751,-0.014155204894528595,-0.016988767345368583,-0.009873514844575437,-0.011178272018444124,-0.026289352396492438,-0.008566590232154336,-0.010110954743074663,-0.01674058302804715,-0.018646714092207084,-0.01419007855913379,-0.012323692284981536,0.0005253093035668677
2025-04-01,0.00684455003104345,0.0068370457383910566,0.007247409613717393,0.0027216806717285102,0.01217197272800008,0.006759680342968366,0.011458432972424992,0.005941011778594074,0.004227575533887862,0.03818215486111809,0.0023848923853893034,0.00650672846592526,0.017016101387434368,0.01807755177594439,0.008811810302900236,0.0067850613652000735,0.0005253093035668677
2025-04-02,0.00037787872986272397,-0.0015579525067371813,0.015089432581923301,0.0032777165391773,-0.0025316613828018086,0.0059873799385508075,0.007308821936082621,0.008836733622853865,-0.0009626242849960498,-0.01207782376285571,0.004168029544807661,-0.001954700996193437,-0.0010752944087557559,0.00583833386450161,0.006710585416978443,0.00035149682517832126,0.0005253093035668677
2025-04-03,-0.0017920479979772752,0.017900692911238414,-0.03079353698564613,0.0023116730742955838,0.0032294557930381274,-0.006252032838824584,0.0073707844239359055,0.001238046610770649,0.018481796258212668,-0.028589227204008583,0.01158388604777194,0.012413071765393635,-0.00315127345067423,0.014422909175511478,0.018272351133730602,-0.0008180100527708234,0.0005253093035668677
2025-04-04,-0.015248905247684075,-0.01633163210900057,-0.053438217360465834,-0.024983863535287365,-0.024846649988586544,-0.031359076037219547,-0.032853154510271154,-0.01615917597322558,-0.01749811731217199,-0.04863134504550992,-0.018662648868608356,-0.016889157979704583,-0.03060644968467896,-0.0320449883466678,-0.026465381761671458,-0.029827195848850407,0.0005253093035668677
2025-04-07,-0.0029340968974596038,-0.010110927012944582,-0.017591104614268938,-0.008252264110955143,-0.01998135730012074,-0.011288808833139985,-0.01126953615088766,-0.010053979648897315,-0.012181766290144003,-0.012763848332178807,-0.01627842859196793,-0.013966095913515164,-0.012836791311459428,-0.013460653181453175,-0.01134501941345556,-0.01376485213034817,0.0005253093035668677
2025-04-08,0.008161462426633737,0.003940650423096992,-0.06785289434251551,-0.008570856324362386,-0.00897681882946011,-0.021874396742914914,-0.012233374163761135,0.0036515115042927704,0.0031709588953880985,-0.06423242880659519,0.0030955682949709296,0.006705324408116331,-0.021473590558334532,-0.01684108150743302,-0.005775539996297319,-0.013222093034646276,0.0005253093035668677
2025-04-09,0.01902095396594361,0.01544944367712553,0.08167636181630988,0.032293675314612136,0.02683663176256057,0.041589109381154676,0.03649546947611326,0.025990087533253936,0.016896326626402836,0.08721605319662906,0.02817685370814127,0.01632087584384556,0.046420455914109926,0.03753202738374095,0.028386092371561977,0.03080867473559623,0.0005253093035668677
2025-04-10,-0.008353784804077558,-0.009184845907092565,-0.0007746327246767049,-0.008549085026210324,-0.008064948733231159,-0.006241312139940947,-0.008006923474256578,-0.008120529513232722,-0.007790750356059584,-0.023378662537060002,-0.011812318731101779,-0.009453954799339637,-0.01417681532895565,-0.00955944495670924,-0.007628625452300253,-0.012161682145025332,0.0005253093035668677
2025-04-11,0.0032979229179923575,0.003374602331124743,0.02646900180440448,0.013253526766308088,0.010273010631134172,0.01345196869934906,0.015356728496995542,0.00731566803313477,0.003915476213112168,0.012275624847133848,0.005160226973562665,0.003436574589169794,0.009343452716897627,0.016874657016876737,0.009942599732590596,0.010922373326604173,0.0005253093035668677
2025-04-14,0.014257662239521629,0.007315517561057749,0.014927370042325805,0.025478211086821467,0.010559723710444002,0.015844840021950413,0.014931368411529533,0.014683121300729907,0.012118047962826894,0.009897246528731696,0.019245516052648792,0.01381123890268432,0.014392188991367849,0.013714877990264496,0.013934836498905812,0.01377032969824965,0.0005253093035668677
2025-04-15,0.02154192588517434,0.0034604331750540673,-0.02522815476676421,-0.00022552431874267587,0.003514570510079418,-0.0029500783872496994,-0.0024715824022867317,0.01205528082416496,0.0005619799334850573,-0.03271130710699588,0.0004910347813611438,0.0057789015957983025,-0.007811763785496639,-0.0014658137691475615,0.0035344152733476353,-0.0016004975829724266,0.0005253093035668677
2025-04-16,0.0012132625055549795,-0.0015628243588805546,-0.007816432508033433,-0.013562663721184864,-0.0026313092869069132,-0.005935423327784073,-0.003604980837330851,-0.0024947097659737683,-0.0022725398135781116,-0.011058532243572672,-0.004006636171661526,-0.003921626100766518,-0.006263035191220512,-0.003894290181896465,-0.004002235430407675,-0.006982642428755459,0.0005253093035668677
2025-04-17,0.001906672693765099,0.00046940990849853037,0.011785823881158786,0.0008822694913825924,0.0056513105648348105,0.004378533510329463,0.013612941229789177,0.002634664688397459,0.004651720281961813,0.013489479391950443,0.0001810894629883375,0.00823225556857432,0.006121391666124021,0.013122365274575998,0.009468617669492696,0.010663028983680878,0.0005253093035668677
2025-04-22,0.005207649038104778,0.008025169174000313,0.025963551083534986,0.004927459779978882,0.005134836547498356,0.013043819060392536,0.008342993767177065,0.004701048039132516,0.006587230577257852,0.037484137749144164,-0.0033838046250855847,-2.0773701189802374e-05,0.015375258401005398,0.011463926201504382,0.007060907930276805,0.006092720648429584,0.0005253093035668677
2025-04-23,0.016019255831758228,0.01500986461017284,-0.0011048523387561238,0.015637772517701043,0.015362030290267503,0.010616682158155033,0.011147485295833315,0.01714268352507098,0.017412059513530753,-0.01121074606545236,0.01086115552590039,0.017466301671692497,0.007494649753024163,0.008792084121409083,0.014189534930518555,0.013129299794872873,0.0005253093035668677
2025-04-24,0.013278422695002012,0.017888705256587478,0.048912424015498335,6.611880403473158e-05,0.019368840652431052,0.022415167212026743,0.026613989980496466,0.018268328669365896,0.019282614378881124,0.03258363107692985,-0.004173996453371576,0.019680972145122544,0.01692775214405451,0.02894208108923535,0.026315341923706992,0.017856451994239686,0.0005253093035668677
2025-04-25,0.01613873010573652,0.005279872959518039,-0.0058741846364582795,-0.01248548668212246,0.004107341706066636,-0.0010059210686549358,-0.0009065325147753489,0.007087926462155503,0.004693832505511475,-0.008107659194092398,-0.005166206242141369,0.006630789225686939,-0.002014987104952959,-0.0014153276729068631,0.0019443109571863904,0.0012599480464998702,0.0005253093035668677
2025-04-28,-0.003688702646847508,0.007664852595247629,-0.01259432005963923,0.00044764217131088024,-0.0001019223639410205,-0.003087085487854524,-0.0011197467540543515,-0.0028372498831416015,0.008657894637991825,-0.02304529743718109,0.0024864930546855124,0.0032585419096002877,-0.006847066404495172,-0.0029160046902121373,0.001918486380400486,0.0019434320327793575,0.0005253093035668677
2025-04-29,-0.01704659661202046,-0.001537690022047844,0.004848802850980105,-0.011232263886486127,-0.001666058282691174,-0.0056298947009228995,-0.003976433643639088,-0.016660503039166552,-0.0009932355258145398,0.009422730247615307,-0.004355919064083724,-0.0022762508756636324,-0.002953915286447173,-0.0022767555241793858,-0.0010591996302431461,0.00016155083185531716,0.0005253093035668677
2025-04-30,-0.0002996604526740443,0.009257984481626291,-0.01793915853011041,-0.01141952740783847,0.006912228847196111,-0.004235988579967542,-0.0008942430420838532,-0.004221306648369394,0.010429727956310586,-0.00730351827841913,-0.015096904521260335,0.01444506241257515,-0.0018003579421282945,0.0004167452224654866,0.007259768050961624,-0.0008726895692725556,0.0005253093035668677
2025-05-02,0.00020264951880299975,-0.006354903452350458,-0.010377558529497177,0.002188075828751579,-0.005472669433566835,-0.0045188144265392305,-0.00046505590627421434,-0.004650748330413235,-0.0032151879912506454,-0.010908198286038617,-0.006358955921268561,-0.0065999650765696805,-0.006427896336245742,-0.0018387803642611056,-0.0015585139979165108,0.0008339569140398684,0.0005253093035668677
2025-05-05,-0.008872822990537266,-0.006185592131540907,-0.008196400862704567,-0.0038832172583787017,-0.00987972229346612,-0.006104061812287953,-0.00925713164979336,-0.013678886095455645,-0.0052892286386933,-0.007905062781573435,-0.007953606872377339,-0.013731719226464545,-0.008295294844136825,-0.011657791279367502,-0.010923888783913038,-0.01219410813078503,0.0005253093035668677
2025-05-06,-0.007139855408683005,-0.012717528006320311,-0.02496634046985302,0.003641278526872238,3.7168151527655624e-06,-0.01259460291363379,-0.006293370888996286,-0.004799091322516991,-0.005246793951604323,-0.022272421993330016,0.007188691789111967,-0.0021533806099833797,-0.009096365728339384,-0.006947177335236532,-0.0022233051105560175,0.00018483136401803435,0.0005253093035668677
2025-05-07,-0.002296219041381331,0.005533738221724205,-0.010063359910006286,-0.01780599852785192,-0.00037431630763362644,-0.006443284843593244,-0.00483590274211354,0.0024698099619011593,0.004323515497387964,-0.006404983741796655,-0.014873672783859537,-0.0035793800342328597,-0.004957385960028149,-0.004707887719784143,-0.004931029411356591,-0.0008224452096693424,0.0005253093035668677
2025-05-08,0.010581291343156218,0.01191217789168375,0.03562636668270347,0.005225526218356924,0.009607468998603652,0.01797824416084759,0.02941229854210281,0.030086572481968776,0.017647434372290327,0.032514570698031875,-0.0019618286616387426,0.012657642701702443,0.022509505332996005,0.03133925044961683,0.024155451569183972,0.021210364481629274,0.0005426623598601132
2025-05-09,-0.005826602914770107,0.006280541552741825,-0.055305856134284515,-0.009539437391299477,0.0023340517429812913,-0.01987528573424069,-0.011515077761317882,-0.0013209473555734208,0.007594127843578935,-0.011529965986526558,-0.012217759878195955,-0.002110335920378903,-0.0031357671283316346,-0.009791052561607394,-0.0034226806369399565,0.0025419484118955893,0.0005426623598601132
2025-05-12,-0.006253625945868535,-0.013884750066935792,0.007374422510747047,1.553727845315933e-05,-0.005119208687588306,-0.0030572762780747276,-0.0029561522632578496,0.009989768549129696,-0.013709493629915581,-0.00047682965244588704,-0.0010367933553212527,-0.00898624287909311,-0.0017960850552573016,-0.0046559156332427465,-0.006109306309579954,8.208151787991724e-05,0.0005426623598601132
2025-05-13,0.01482444138788841,0.01708714250895982,0.027398621663304423,0.014804841362535015,0.015132180793622663,0.019815856861214343,0.022378615788607226,0.017031515167447164,0.01919842187266707,0.020730865928352715,0.016993696798831337,0.015676629997499303,0.019974118274635577,0.023727702420652586,0.021354563273340066,0.017557582920255443,0.0005426623598601132
2025-05-14,0.010127700142186002,0.001810929756363544,0.00775992190083219,-0.013473447823347584,-0.004958897269790596,0.0022702369232376896,-0.0026885957709035235,0.009032156915840472,0.0033111219877708375,0.006458209850534358,-0.011243612896839505,-0.003654423696296538,0.003000971331564184,-0.0022436877707951997,-0.0010524020875780637,-0.0036499300333445728,0.0005426623598601132
2025-05-15,0.013054748905685809,0.011820565254895943,0.007110751319865161,0.007720171504409956,0.01802929526769037,0.009637341733161886,0.01078342028122492,0.01691876364492284,0.012778003547662564,0.008576319877495298,0.0151895433001068,0.021892831515580635,0.012185953270991812,0.012538114059729377,0.010106698280972104,0.006513466618333741,0.0005426623598601132
2025-05-16,0.031569113301810114,-0.015016160629653053,0.0041822485079821,0.00646413178766192,0.0037602102316813824,0.006368387279174215,0.007236458419936698,0.014432693163042076,-0.009145139102674005,-0.0024066691786805983,0.004178787487381097,0.010156768747681122,0.0010179250018009789,0.004549716370061185,0.002670109445145341,-0.0006597657661487899,0.0005426623598601132
2025-05-19,-0.0033933275076859504,0.007272227610618298,-0.0056170038000696865,-0.0034825228269732555,0.006092850823986806,-0.0016038232430480859,0.003205032154370624,0.01088606841007489,0.00343274292917628,-0.015868041003882394,-0.002521235773657149,0.004513945240261608,-0.0019635692470576505,0.0024331090532216937,0.004213976354910498,0.003289776492918728,0.0005426623598601132
2025-05-20,0.012427204792245128,0.006465638191499146,-0.027810205695661838,0.0034653933494652733,0.008699215916751157,-0.003824118176870561,0.002232546455376516,0.014506260498603263,0.004656522163868804,-0.025482628435202215,0.006344079856572149,0.011035495987308908,-0.0023188086551757525,-0.0011865288625889647,0.0028584598755947432,0.0035656083641193437,0.0005426623598601132
2025-05-21,-0.021872261152585892,-0.012642719768452437,-0.01729195024685881,-0.0203471972412842,-0.01182040863738909,-0.01834632000358216,-0.02271329673117095,-0.021268087187246376,-0.012273210939697132,-0.0148206051087314,-0.014466868519459886,-0.011048582609845536,-0.016523810636013048,-0.022012280152656882,-0.018655149185719422,-0.01612781931380458,0.0005426623598601132
2025-05-22,0.006546548657446527,-0.0070229139874068425,-0.0008226088545016941,-0.006119355645801683,-0.010896822844584597,-0.001582011656317106,0.001369303035050784,0.004861041774510744,-0.006460107765652978,-0.008524486519150498,-0.005167429864806006,-0.005731335077825639,-0.0037256633474046508,0.0019326331500761906,2.6918407614706652e-05,-0.00444870497167682,0.0005426623598601132
2025-05-23,0.008037509501723994,0.004845136033350794,0.013161400476003227,0.013439658906650553,0.008298285367091651,0.009935237044875977,0.00650172257622228,0.0024723094887189045,0.006289354674472669,0.0025088417224710113,0.007260211617430956,0.011977783762190164,0.003784217823949554,0.0019616851564143722,0.004901710080402966,0.004244982633769823,0.0005426623598601132
2025-05-26,0.005255880733401552,0.005257438417370253,-0.004605862220312562,0.0034085231832676754,0.005457805044017272,0.00183317001621508,0.005334850169234073,0.0066665492488307,0.007158138326089025,-0.004113928857127913,0.0071643338480487095,0.008042267825528082,0.003822744869420802,0.004525085292641284,0.006884100673945515,0.0023463124136369196,0.0005426623598601132
2025-05-27,0.011848861794047094,0.012841014612456236,0.014390114858098046,0.004869798947366055,0.01537750285513173,0.011349122333303763,0.0185148691756436,0.009110717347408315,0.00977900221972905,0.012843446125355262,0.012362641113744743,0.013645231278974546,0.011306461045092586,0.020263147158948502,0.015743800113861894,0.010369745709839062,0.0005426623598601132
2025-05-28,0.0041631378035809075,-0.00894160749605366,-0.0016346374348573667,-0.007526513966235937,-0.008774123492459318,-0.0032791462188843656,-0.002294206717427416,0.006127873565580311,-0.005570377559313777,-0.008890313834608143,-0.0018855638190723445,-0.007272138918530069,-0.002353268886140736,-0.00029458827144057675,-0.00121263868081678,-0.004756920529689013,0.0005426623598601132
2025-05-29,0.02392664113102927,-0.0034849758657343743,-0.009448297342161682,-0.0005992964376150267,0.004250875857163328,0.0021207202956572413,-0.0015959941486922702,0.01889198820075122,-0.0009024630017592239,-0.0017587759427609706,-0.0013047350851033146,0.00387928014976624,0.004430922041608998,-0.0016560668970712067,0.0004038295629464894,-0.0020352021796095077,0.0005426623598601132
2025-05-30,0.008310933661999087,-0.010377956105974917,-0.00010664053596787237,-0.017032906468433584,-0.012739522000341008,-0.0036209997921469173,-0.003798995802417715,0.0037062268423111444,-0.009862614797483849,-0.004029608701278886,-0.013036990847492325,-0.010796544234982663,-0.0035638093520770076,-0.0020155282056639745,-0.004492756282388433,-0.010391304637443532,0.0005426623598601132
2025-06-02,0.00023986772998196848,-0.0064991736425277224,-0.007646217567457758,-0.0075409682792959565,-0.003137882744421505,-0.00508029716858549,-0.00293067153339166,-0.007887577668714063,-0.0044887488662650465,-0.0022359909671713085,-0.006389669546799204,-0.005677662453955734,-0.004946043205792283,-0.003212328464812786,-0.0033623933289274044,-0.001969982533534864,0.0005426623598601132
2025-06-03,0.005046086727708232,0.00675071837675878,0.03846655814948763,0.00804177387290328,0.008264023532089881,0.01692825812099419,0.016876364261499743,0.009613011133565275,0.007714641378074871,0.023866158353978095,0.009645125050609549,0.008324391002450637,0.013991633282198768,0.017662318922007536,0.014533224838314318,0.005758709053071076,0.0005426623598601132
2025-06-04,0.006215628610373836,-0.007269663679919991,0.002050381186411876,0.0029520514224201655,-0.00817894768990901,0.0007931878840043982,-0.001682878019853673,-5.049281238544978e-05,-0.005340378064614293,-0.0046797935340721075,0.006430110897748698,-0.005754714406005945,-0.0016185898801504006,-0.004894753765320892,-0.0032707226057451244,-0.00407318213033836,0.0005426623598601132
2025-06-05,-0.013482543040568395,-0.005908734101392699,-0.02031083725809335,-0.001242786658771755,-0.0009230593551838862,-0.011322476490178812,-0.008127319824963397,-0.006059897993845986,-0.009520779885149988,-0.016804393106589544,-0.00839485231448811,-0.007245009950947567,-0.01099992636210434,-0.008400698234228399,-0.008558955159539972,-0.005801465671596895,0.0005426623598601132
2025-06-06,-0.012934410878902125,-0.004148349012982333,-0.013931442954413842,-0.0006101876788888738,0.0007747004242515398,-0.009232412474064366,-0.007929095554185195,-0.006967481919394447,-0.0020526412515184944,-0.006930615162599629,0.002551088691221004,0.0029081340087548924,-0.004480904652506834,-0.00954438566533311,-0.007017479135977833,-0.0009797598494344362,0.0005426623598601132
2025-06-09,0.011039072957217844,-0.004435952304727375,0.010240261188496635,0.0026870928212341383,-0.0015316230468918057,0.005607353405700177,9.44448802089326e-05,0.0029968934222677213,-0.004090956544329449,0.00666012162034435,-0.0028796048084593906,-0.005912052724998951,0.0012579683485960391,-0.0012144412431356333,-0.0036118232143899087,-0.002977100988160508,0.0005426623598601132
2025-06-10,-0.005217328459924286,-0.0014208140045430806,1.2634791414223301e-05,0.005736219758411432,0.00572864206979018,-4.8813431567928944e-05,0.007572798825647764,0.0028523841630536673,-0.0009414774667545478,0.012035403652973509,-5.444577372171189e-06,0.0006311609846312294,0.005215058285684693,0.009970513377243195,0.005654442452797559,0.005575522792433896,0.0005426623598601132
2025-06-11,-0.003669115045352389,-0.003776828552033984,-0.004174788901236792,-0.003998964955668094,0.004420854838844024,-0.004211019768264435,-0.001066971270768713,-0.005879459123477426,-0.0020010127378657927,-0.0062689225562995166,0.005430609069565495,0.007658202367918587,-0.002583401047832612,0.0018737140639071281,0.003556862121934401,0.005006271926820904,0.0005426623598601132
2025-06-12,0.01332622228406688,0.004513669757830963,-0.012954364468808932,0.0023721370492517657,0.007509328597892884,0.0007846290604058836,0.00212254921518773,0.007862662178303337,0.0037308538669384994,-0.006849614766106682,0.0021722616837227537,0.008501149990080004,0.0014127138445605425,0.0032869454568795753,0.0034070246461681553,0.005330329294211733,0.0005426623598601132
2025-06-13,-0.01287399131384126,-0.00021938542017807539,-0.026485926673681215,-0.011040377999714912,0.0007989085060240431,-0.01449358036791093,-0.012028910134396553,-0.005080698895568503,-0.0020723396039372677,-0.02205748986641265,-0.004795184136514807,0.006710844836918417,-0.010441444983033121,-0.01167180645321686,-0.006630476521117035,-0.0041334779798947174,0.0005426623598601132
2025-06-16,0.014580555950703289,0.012926431742111388,0.031144369203020217,0.014909244079580608,0.011863833894769416,0.01991285891962513,0.02017987318463832,0.011881760100993066,0.015976256210251227,0.019112254832756914,0.010205373737610879,0.01562258969074648,0.01617817024046242,0.020820258104260247,0.01792725838180753,0.014963513082735247,0.0005426623598601132
2025-06-17,-0.003724130484179855,-0.00424859738227612,-0.011427625132623409,-0.0036586750590349437,0.00017912835516087355,-0.0062061359474056,-0.003611644012768589,-0.003332478223559643,-0.0009621358360638599,-0.016738520231598386,-0.002082882889859805,0.0026805664753490888,-0.005777851828329683,-0.0023712623922732545,-0.002018394440051585,-0.0024973303521558243,0.0005426623598601132
2025-06-18,0.009725429075263081,-0.00239834524440119,-0.013559577128016143,-0.00021661995876176565,-0.0004324564050887103,-0.0026345423570330873,-0.0008307063187099617,0.005674138066150025,-0.007390931860156047,-0.003973228251967664,0.0029116121286640873,-0.004781244877069213,-0.0011975411063176455,6.869337541504095e-05,-0.0009330497696043993,-0.0011156345416112323,0.0005426623598601132
2025-06-20,-0.009553437610211768,-0.01025688900493782,-0.03341424124467107,-0.009480304975222564,-0.005924435168739639,-0.017265428217420054,-0.015230400451052173,-0.010871099494089598,-0.00962893571683665,-0.032084559251248757,-0.004330614876100536,-0.0036590509322131926,-0.01595756979043128,-0.017476332989902033,-0.012600109566170192,-0.011253828361610263,0.0005513106415402369
2025-06-23,0.00508785274854362,0.002013320217374215,-0.012686233303069283,-0.003129197012171181,-0.004890149607404637,-0.002652075696864986,-0.004622494955693002,0.0024013194733256693,0.002909898169336067,-0.022442788984360917,0.004095187744432405,0.0004559363790508364,-0.005262824404756894,-0.006394235066100484,-0.0018361955085864912,-0.004412735810039536,0.0005513106415402369
2025-06-24,0.001852200147790528,0.016946830929973178,0.013393073724564886,0.007869202606605619,0.004367254570629253,0.010775007762217514,0.012663743735758182,0.004274421405514595,0.014767931429631842,0.001725571981767704,0.009834700806402141,0.0001318751572498833,0.007441430407161054,0.015237090134478715,0.011659453951112342,0.004661810592330173,0.0005513106415402369
2025-06-25,-0.011167823911141794,-0.012723440140112285,-0.007660281485475373,0.00023985678781834885,-0.007124744196712163,-0.008357279900431891,-0.009090284063724252,0.005342104129065106,-0.016449709317377215,-0.02162703167254676,-0.00906927988905748,-0.006717012322237537,-0.010125585185957298,-0.010116446425892711,-0.011498914209465916,-0.009970363361520462,0.0005513106415402369
2025-06-26,0.002897837576275153,0.005159011713313566,0.012355578895026698,0.00618331658142357,0.00899463096496822,0.00610918670660876,0.006622265907621827,0.011088386302249287,0.008219291800440232,0.005443456385092915,0.011195709397213927,0.00917242796984441,0.007872668928277093,0.004404568407747167,0.009912258645104144,0.009450735595711635,0.0005513106415402369
2025-06-27,-0.002626569787713806,0.0045441561198564795,-0.0036233129402597486,-0.004286674066297347,-0.002231395533611402,-0.0010660073614965349,-0.003799535024278322,0.004668164244081785,0.0007571116927280741,0.0005535368575004807,-0.0029792770320105078,-0.005118403707302321,0.0007824441730934772,-0.004076436546995299,-0.0040963413355697975,-0.002088871779957646,0.0005513106415402369
2025-06-30,0.017568120041045576,0.01758544539829532,0.020618041779526974,0.015709950198855127,0.01847829357648223,0.018173613328283933,0.015818251923375826,0.01119350506615513,0.018298572533868684,0.01339392589325028,0.017016018434061975,0.01878858498246272,0.014844363021874418,0.015303347882499763,0.017689613339052723,0.01460520310360569,0.0005513106415402369
2025-07-01,-0.0005797045895366004,0.0036393567262735793,0.00752912287501406,0.007732213553242051,0.009098231347455021,0.004702623384015281,0.00398268984781347,-0.0003261473809633708,0.00023018541962693817,0.010648133744037391,0.0036625218638439705,0.0038070759081294536,0.003462796109959587,0.002115570569070302,0.0017919988415360244,0.004830103559136489,0.0005513106415402369
2025-07-02,-0.008456017985800646,-0.007491083836810408,-0.02638670026707801,-0.012741384197827443,-0.007982982302614627,-0.014942985159705158,-0.018161043939169952,-0.002782138019045255,-0.006345906229210607,-0.004048601108464833,-0.0019229879104367686,-0.006694334705909966,-0.005680559374883876,-0.01574961657334295,-0.014633000526571238,-0.003869163509013007,0.0005513106415402369
2025-07-03,0.016301182262379532,0.022149099604299893,0.010909503064473247,0.01516046105793678,0.017349601326052122,0.016519337666180522,0.01732805746218191,0.02340003064278595,0.0228047171825545,0.015076873692052573,0.017106822472779948,0.01957257191593631,0.02052375523528993,0.018019130984182175,0.017189575185399653,0.013659482538656453,0.0005513106415402369
2025-07-04,0.005678111357604099,-0.007327529159653845,0.016896347327092887,0.010638393026706217,0.003754320099034203,0.006721878374122747,0.0031701973756370627,-0.008352608807011719,-0.006526970851999825,0.004227528096074407,-0.0022984852571001912,0.0032543385931218527,-0.0025480198543003096,-8.744310689057233e-05,0.0016790924659739748,0.0024071152878000213,0.0005513106415402369
2025-07-07,0.0017186177045467321,-0.020669712445204325,0.0038617842890915632,-0.016143108781316973,-0.011317523093084536,-0.007042697771707185,-0.007296296472983355,0.0022818726591409266,-0.020215021218680573,-0.00652532596450206,-0.01909168800827621,-0.013294425420294353,-0.008737340306256614,-0.00918619003765997,-0.011404859663150413,-0.012264152206871048,0.0005513106415402369
2025-07-08,-0.002972654691019816,-0.0046758493580491,-0.01565320374885415,-0.004707517565325614,-0.003646817216118925,-0.007048098264968661,-0.00469477652659267,-0.013875274313632002,-0.00538955537105279,-0.015098116531639283,-0.012783294808446977,-0.010083077427673448,-0.012019642476609471,-0.007530764870690265,-0.006405371878258959,-0.0011648982743641678,0.0005513106415402369
2025-07-09,-0.016789157488358852,-0.017997735103578605,-0.017849721381053563,-0.011873855713895543,-0.011847496986311046,-0.016368256931160063,-0.013542199381637476,-0.015538391805978935,-0.017739828509114486,-0.018194297093831246,-0.016589310634412602,-0.01593991905051606,-0.017257159486979923,-0.01363792388750662,-0.013691638442330678,-0.013037370276621552,0.0005513106415402369
2025-07-10,0.003945641182842241,-0.008230424345062937,-0.004970128590927381,0.0030805516029235314,0.000691602367588029,-0.0019935541937154966,-0.004592584817248779,-0.004188457453512928,-0.01151107836621501,-0.000821248860705226,0.00045270156400745165,-0.004714437312331676,-0.00485020851536444,-0.005502377892445787,-0.006395507752894547,-0.005556376035201316,0.0005513106415402369
2025-07-11,-0.012065640264474431,-0.009408601006128725,-0.012021445478467285,-0.00243466581688101,-0.0014301113689247913,-0.009941857826431866,-0.012013453950499797,-0.012913546251443475,-0.007223769504151378,-0.001629226183883059,-0.007963580548803972,0.0016715666682547425,-0.008368615207460461,-0.012086577238840213,-0.00979122208660399,-0.004096601299121372,0.0005513106415402369
2025-07-14,-0.002866494585477053,7.038476812937233e-06,0.0005640840379852463,-0.0084746791136745,-0.008953217401356794,-0.002146893213798906,-0.005873006696110794,-0.008308581525451553,-0.002300577740917964,-0.009479135847379472,-0.005465109179722649,-0.01329113121298886,-0.007858814352408316,-0.007199073202991069,-0.006734978462634045,-0.006648359965891082,0.0005513106415402369
2025-07-15,0.0006570661449398774,-0.0005278575222904536,0.003261529123980811,0.000621439865199358,-0.0017263541543773853,0.0010774900597163573,0.007801992713668993,-0.0076326566226296855,0.002712757833956969,0.0012474130136417294,-0.0022641448795551744,0.0024451728036349873,-0.0015141612182792974,0.00536332150458918,0.005311551266245607,-0.00038692284664065824,0.0005513106415402369
2025-07-16,-0.014353739397817256,0.0017707173764864859,0.0071777069916758585,0.0029639667794620905,0.0003767719623393173,-0.0009903432094836573,-0.0009304210525347134,-0.014503561956823119,0.004851623945722583,0.013373337879949432,0.006894041077130764,0.0027925428626303095,0.0010126176982196977,-2.202828610065044e-05,0.0003781637449016273,0.001614026364645138,0.0005513106415402369
2025-07-17,0.008753400380494769,0.000305719692303974,0.02378950515227274,3.934807835004328e-05,-0.002616148306433308,0.009416651303205903,0.0035702043906133962,0.005251677600995652,-0.001118979452448765,0.0122072144323504,-0.007112859181002351,-0.003542878238654401,0.003792907794478939,0.0021414655958917894,0.00021871202916168286,0.0007072677697972374,0.0005513106415402369
2025-07-18,-0.01864940905791601,-0.009352221536162442,-0.03835769726307314,-0.014228770372416433,-0.014677833077063496,-0.02257792819208304,-0.022727812932910485,-0.01069285414159582,-0.010949567443287456,-0.0356973811313247,-0.010675648220717648,-0.012638268014056764,-0.020242539033335394,-0.02369515675836631,-0.02009820992303557,-0.016185891817417475,0.0005513106415402369
2025-07-21,0.006895068001556703,0.003888639799271232,-0.01584650833683454,0.010784681683496444,0.007295590644241345,0.0005011995934591784,-0.0014036880150212205,0.00726673868236305,0.003880447461596992,-0.020862562408531682,0.005004650206046124,0.0017352799058589774,-0.0020738863798817064,-0.001869935430334868,0.0023885218713670664,0.005550546996681893,0.0005513106415402369
2025-07-22,-0.0007075975914178079,-0.008692663578377835,0.0032821055728780024,-0.00604382086565447,-0.005709802078548987,-0.00234184032449547,-0.003400327764669586,-0.0002434218187398196,-0.007254762820248617,0.006906602381332894,-0.011583475516696917,-0.012288061876267742,-0.0014117064478423869,-0.0016134864979396868,-0.006027159319835329,-0.0011368821641383198,0.0005513106415402369
2025-07-23,-0.002489144010640598,0.016824360429983365,0.025920762939537934,0.001667822022311416,0.012001774877897331,0.012843648006501507,0.015238676780118476,0.002191079475390101,0.022435031513124537,0.019709857962239452,0.007248061808189377,0.016505503620328765,0.014389804948358176,0.014193425946994243,0.012744013714538482,0.010073776690124436,0.0005513106415402369
2025-07-24,-0.020673338494099913,-0.005810497496300693,-0.006660423941764693,-0.008512892139003414,-0.00617408773193473,-0.010249855897656257,-0.011939599856650163,-0.01569944994217154,-0.007302668019092073,-0.005378160064288151,-0.00364029542933042,-0.0048227705905750096,-0.008327210945953678,-0.00959688766710376,-0.010672483884795136,-0.011520594784520943,0.0005513106415402369
2025-07-25,-0.001879118523169132,-0.00016304092967822648,0.0014915892106799333,-0.0013964726013977469,-0.0021410290137295895,-0.000346078024925478,-0.0011763538324521816,-0.014583202412985274,-0.002153168215811241,0.00649889486990074,0.002493447188562481,-0.002879750864261399,-0.002505687068315332,-0.0004099967417231509,-0.0012142620598299958,-0.0020633447364466484,0.0005513106415402369
2025-07-28,-0.012970386806170464,-0.0140618622931864,-0.015512824394506075,-0.009639362250352002,-0.009538470001452914,-0.014208691927173667,-0.014807442831602624,-0.014551293950008093,-0.017294587536911266,-0.011233164195930456,-0.008333294523341528,-0.012096881410388338,-0.013598689342046888,-0.015461433506842481,-0.012638152077807163,-0.010681564000362131,0.0005513106415402369
2025-07-29,0.008299030571180532,0.0012665958132291877,0.0022628138657518893,0.003643788665168346,0.00412964178094799,0.00411869464780823,0.00538124744265156,0.008165460313788842,0.00577705611657775,0.0007073300283753081,0.0012958891340937306,0.0093506489196864,0.004755874741591448,0.003681228937096437,0.0035287928226426235,0.004834193917503837,0.0005513106415402369
2025-07-30,0.03281731904518881,0.00627575464668384,0.03638981743221592,0.0077201050627446755,0.01004502859743317,0.022899416794799565,0.01616835882291001,0.021753766698025867,0.008519698277543508,0.026724883152699164,0.00427729224868334,0.011308692755874095,0.018323145711135025,0.015129930701605732,0.011433128745395482,0.009882593963945752,0.0005513106415402369
2025-07-31,-0.016826835060640533,-0.00809008434757974,-0.017567839487172332,-0.008044572724184351,-0.010941804131423316,-0.01358732773494431,-0.011639742690249033,-0.011206519482860444,-0.013380532526850009,-0.0045652824043956874,-0.009649877759478231,-0.017792939315089185,-0.008606254737055785,-0.01001285222705739,-0.01042439214021229,-0.006909852340883038,0.0005513106415402369
2025-08-01,0.012253345490972567,-0.0018960600076740608,0.002974033913996754,0.00607755661763143,-0.002622606407184702,0.00508032418744242,0.003066884431546235,0.011571963405341057,-0.0014761545088843864,-0.003702290801642749,0.0007568963881230406,0.00024816047727327373,0.002484478337154039,0.0013291054753947762,0.0010837888589847466,-0.004327894323752246,0.0005513106415402369
2025-08-04,0.0053221247461110455,0.0038873822421878756,-0.008613488487617449,-0.0016175761393063537,-0.00034881008271026026,-0.0004240007065955398,0.00101558657508094,0.007243627120832707,0.005028002619032357,-0.0011803726638707213,0.009771551919198984,-0.0027968172680550296,0.006010508885248456,0.003650062410502697,0.004146779288368263,0.003937128022068137,0.0005513106415402369
2025-08-05,0.022705967820810802,-0.0035026439982154267,0.002702694385999571,0.002626270559656918,-0.0003169536741733925,0.006862395651193287,0.0031172051170031967,0.015851523751254648,-0.0032635583785567412,0.0034487384592771786,-0.0022317384039693966,0.0008060443354704905,0.0058140898359166915,0.0029294001043973505,0.0015465417607849474,0.0018907153716083425,0.0005513106415402369
2025-08-06,0.008738225137101319,0.012914777456136228,0.00037829204703032637,0.0307676741056353,0.005200629119726408,0.012001118664240584,0.016312954030292426,0.018928829079271958,0.017278909822298738,-0.0019814436104923505,0.023241858781952507,0.013307495340035391,0.01431000252411585,0.017563795572016483,0.018507705548160835,0.0107018782758046,0.0005513106415402369
2025-08-07,-0.0013847300869046508,0.011242389415856868,0.02330391256516573,0.011263089244213154,0.010205895361048434,0.01135283705373702,0.009168181163835332,-0.016966652729369147,0.015305552132155675,0.019435460916549907,0.008928051864536712,0.02082866091216906,0.005118747528259249,0.008727905651426449,0.010895229193780276,0.01469716674016408,0.0005513106415402369
2025-08-08,-0.008345603593724382,0.0020183823718669114,-0.003925647665015908,-0.0037894080874637526,-0.008350235043144028,-0.0036851559767294706,-0.004569885398745033,-0.012048137853087337,0.003865452103778644,-0.021242094733665562,0.003443402954399044,0.0031156204294686685,-0.00859132818247299,-0.007046111707079139,-0.006176406556989367,-0.005375207437436469,0.0005513106415402369
2025-08-11,-0.006155976655186968,-0.003977606006476786,-0.0180643091468351,-0.005093783663528861,-0.0034389217117017923,-0.00913526351729621,-0.007361404612709066,-0.005505578175063586,-0.008679857055788442,-0.013805673352514702,-0.006582946275980439,-0.004558172340760724,-0.008370460232686061,-0.006680388535912352,-0.005414278875928602,-0.0021283749641458627,0.0005513106415402369
2025-08-12,0.014287456587671166,0.010199304936619136,0.011010215441522586,0.022902599918031896,0.02731925362276777,0.014963237559559639,0.016687828461432463,0.007454590405413741,0.01284184069803418,0.009271656886237878,0.002436744638778965,0.02008018040851267,0.00917175588957031,0.014303048248426986,0.017568475178172616,0.016933975345975405,0.0005513106415402369
2025-08-13,-0.009456535665624322,-0.008934131800998002,-0.01808895525394605,-0.011760415119563494,-0.008068957950505773,-0.013061373150659361,-0.014047442765151241,-0.01094922096476214,-0.012300366508518068,-0.026030499569320575,-0.007884746855940317,-0.009321519309054782,-0.015594089869030547,-0.012906028139820114,-0.01150921110998282,-0.008924223379329521,0.0005513106415402369
2025-08-14,-0.00325130073726676,0.008143654369796804,-0.003905927894681027,-0.002148075910148317,-0.0052087432050768045,-0.00030659278546896207,-0.0014680543360777731,-0.010003900603899551,0.006823928867359497,-0.014809125066410522,0.0031693645151595895,0.0046408094613166195,-0.004864187317340618,-0.0015105704364716255,0.0010164497249367521,-0.002435040507907882,0.0005513106415402369
2025-08-15,0.002590310655549155,0.0020387871375120437,0.002200215611350309,-0.008466195684167177,-0.0026656193078364865,0.00035224363859498453,0.000493322638891236,-0.008425408270274826,0.0007243533396468216,0.006504646331827901,-0.006227859124592339,-0.0052206816200441875,-0.0010002655415873862,-0.0004458710841954705,0.0016284489766158483,-0.00028208549080199763,0.0005513106415402369
2025-08-18,0.004195395409091418,0.01055151343582339,0.01653123281143354,0.009248318710681547,0.007904049369878319,0.0106228222139364,0.011358180851300137,0.013938443927012933,0.009776259155084288,0.014207230680635785,0.003785957111074323,0.0019389244075449508,0.011929546793936874,0.01109997469297741,0.009153558698711706,0.007130781696139898,0.0005513106415402369
2025-08-19,-0.015264183166388223,-0.018424871411244603,-0.02839589456980729,-0.014465409337485968,-0.01683805528768867,-0.019996171066808177,-0.023180156504721605,-0.01773744173095715,-0.019085622386545653,-0.03596502538497737,-0.009029575277457957,-0.01754848165998002,-0.02293281042881945,-0.024435955895892647,-0.023492541859365335,-0.02117802847994188,0.0005513106415402369
2025-08-20,0.0002937188875125063,0.005218947501471893,-0.020123735573010948,0.004528679815412051,0.005489944301667382,-0.004578566784861904,-0.0010046265856347159,0.005255628809672119,0.006531310311538752,0.003641001179691461,0.00774687349992198,0.008803478375712714,0.005384717754457924,0.002849011264943302,0.003775691115634805,0.001645069304547997,0.0005513106415402369
2025-08-21,-0.012216084479290235,-0.0036789690469136715,-0.03208457545998045,0.0021052875268208204,-0.0040476976418336585,-0.01231503350989549,-0.00731593073053427,-0.007908567464932514,-0.0048151581006676825,-0.007900577975219147,0.0003511614108424599,-0.0019393002180191354,-0.005364295738837677,-0.005887108575027167,-0.004682781103152123,-0.0013898036570821892,0.0005513106415402369
2025-08-22,0.02183372183849719,0.01898873145517821,0.03278148789955626,0.027850994401033446,0.02480011725290665,0.025751976347412553,0.02796016791181022,0.02746490145700453,0.020281408362954334,0.04216875755827809,0.01902489696898768,0.022054522537501065,0.02900802489832288,0.03104316085819625,0.026763757058588356,0.02572613348899888,0.0005513106415402369
2025-08-25,7.573502827185052e-05,-0.001599521552287153,0.012428219308559862,0.0021525828185899876,0.0003440519748743043,0.003587917639396032,0.0033978128891190007,0.0018026977511669262,-0.002043371439298558,0.018495723697710797,-0.0024793620213646728,-0.0009124678374372586,0.005181267437125436,0.004026586069449056,1.0668629694565723e-05,0.00026886292928907096,0.0005513106415402369
2025-08-26,0.0017383785011924058,0.0029631387767599104,-0.013467508443153697,0.0048352985933119985,0.0022974630532532903,-0.001695502951911565,-0.0019352908496774734,-0.00271731128454733,0.0014768732312746558,-0.003886474758202363,0.008238547392193984,0.00505062736286388,0.0001489676283719099,-0.001033044549124451,-0.0019310013735713838,-0.001992787907711513,0.0005513106415402369
2025-08-27,0.005840870882346083,0.005175194765533853,0.015039876295474874,0.015680180078288197,0.013382589356788488,0.01083905266389329,0.013736606168715637,0.008464076176703417,0.005533336533239286,0.01784276786304928,0.009630958937340228,0.01366389486100994,0.01175257993174017,0.014271794793148107,0.012843021717694025,0.010623659482255965,0.0005513106415402369
2025-08-28,0.014241679560270448,0.009539373334680912,0.02313841087305346,0.01249132092967331,0.013665485770237185,0.015925019988384248,0.01706287549649743,0.012835148646591854,0.009006082571644924,0.018016590369585472,0.01035351794414141,0.01666527456998823,0.014212562238897108,0.018973861107429935,0.016724843476677798,0.013439193060357013,0.0005513106415402369
2025-08-29,0.00572462587135969,0.0050513667025888775,0.02312030462549175,-0.005494659655751355,0.001608233167682771,0.008302030863855503,0.004820241475846476,-0.0014936569433605662,0.0033405091522260566,0.022073236826862352,-0.008673735860503684,0.0024989433519047033,0.004450230975661995,0.00478579233985954,0.0004100104838122842,0.002577465681587121,0.0005513106415402369
2025-09-01,-0.010007621800726674,-0.00884810020797866,0.040423240392236215,-0.0001470887742257565,-0.0032615178959151114,0.0070010582298829505,0.0018148013001466623,-0.0008747013905059386,-0.008251496157731686,0.027953689563733786,-0.001376419366357018,-0.006649940930396725,0.0068325364265142685,0.001997242992974435,-0.003330618343302616,-0.0011670731154495018,0.0005513106415402369
2025-09-02,-0.004640598779939609,-0.014140228384236786,-0.01215070299590948,-0.0031014161195532797,-0.003003534781896522,-0.00884621782789774,-0.009174696989706077,-0.012925884250407416,-0.012902088838898429,-0.015220468192305714,-0.005727276156768046,-0.003264269442904477,-0.012984711185280107,-0.010839933924491896,-0.009705124534783893,-0.006443902809908697,0.0005513106415402369
2025-09-03,-0.004382785954788471,-0.004671177225271439,0.0058472040485471055,-0.00202068141812739,-0.0019410314846788346,-0.0011942954922254945,-0.0012484082962144205,0.0033641484274331557,-0.0024436441046664648,0.0058834037487069946,-0.003966309864305795,0.0009444141053858157,0.0019817095422502984,0.0017886873117953783,0.0001576868391934827,-0.0034424182520478297,0.0005513106415402369
2025-09-04,0.012005437540718145,0.007553411028134338,0.020239447405074218,0.008924585477964264,0.01022745417096882,0.013197555399597771,0.013958873269316774,0.010522226796476186,0.008789537602381436,0.0240040116712521,0.007317841941346881,0.011695017048242828,0.014149579693199632,0.015881088895235207,0.01216624930037491,0.008263923245085403,0.0005513106415402369
2025-09-05,0.00668842734899755,0.014604447535328191,0.017359250052107145,0.019288535501860382,0.014174907960547323,0.01496622280351656,0.017141575693748745,0.0024510643497468454,0.015663848477758258,0.00885803383262096,0.017809942444840576,0.014732020788820854,0.011398866689459108,0.01692485721864312,0.01493804372376295,0.011467520546253995,0.0005513106415402369
2025-09-08,-0.014960373587817766,-0.00197787005239769,-0.013726884759773794,0.0037447750796935075,-0.002219283840522057,-0.007506894605713632,-0.010476019817677762,-0.007625187370923325,-0.005924897800369866,-0.008274805334387736,0.0009204469130446036,-0.00717024187665205,-0.005580306607695484,-0.00907512235294028,-0.00996303827904177,-0.005877227199934221,0.0005513106415402369
2025-09-09,0.004473268339977521,0.0010774146485346137,0.0011861504026666747,-0.0142926856566572,-0.0030138850991197064,-0.001523907690096138,-0.0019261319082973793,-0.0014172115749371272,0.0037773534816385457,-0.004555223631482974,-0.004158108503400149,0.0013304068255279855,-0.002667174616718282,-0.0023360429081025202,-0.0011807260043922296,-0.0009462627210358177,0.0005513106415402369
2025-09-10,0.004458457256653947,0.0015105459534336951,0.0034394374119286475,-0.00038312271838047973,0.0028127749719535355,0.002364926513349852,0.00413168405233133,0.008355719788560423,0.0015072501295154694,0.006930747922493152,0.00015533165709302743,0.0012061127086542278,0.004981103872399029,0.003712470198235396,0.004190453526059734,0.005356157326580346,0.0005513106415402369
2025-09-11,0.0007947959749743383,0.004680313748865128,0.004989732721023765,0.0014456249907885965,0.003305122717764508,0.0035178849941945867,0.008895891376424547,0.008896853057397403,0.00942969146128858,-0.0019602888423276843,0.0031608034293388876,0.008908308433476897,0.0050596060256928865,0.010225005818329524,0.009121281358429378,0.005486246181801935,0.0005513106415402369
2025-09-12,0.005987167888443112,-0.004472113845854886,-0.01794385032333734,0.005165481630408308,-0.004602282913292788,-0.0037318153120805553,-0.004599499529721052,0.0002828401309709072,-0.0021886609192344197,-0.006491751076830532,0.003581809947216019,0.0041516027903569785,-0.0012640533261413234,-0.00489778945138164,-0.0028946736982903287,-0.00596196605622501,0.0005513106415402369
2025-09-15,0.002326811323720701,0.006979333926955045,0.026297868076450515,0.0012101643945350293,0.010275880973923401,0.010499367881410926,0.008978156309582985,0.005703769084113075,0.00728669830536921,0.007560869450029983,0.002555224418193447,0.007263253251268864,0.006537917922752712,0.009587633628896919,0.00800266243407921,0.009116321550876494,0.0005513106415402369
2025-09-16,0.01365547323722982,-0.0002837444805335876,0.0042340230058435235,0.0030976972749143794,-0.00026279463756118115,0.005315409480004307,0.006487991584520403,0.013585533844680198,-0.0015491140872913034,0.009673736888909712,0.0025891770415304993,0.00017702845483191787,0.006847229166961899,0.005058254720288424,0.004741635470582484,0.0033822406183088294,0.0005513106415402369
2025-09-17,0.004872501562461107,0.00836555231531011,0.02563215844831812,0.009214686923067372,0.004776929295690291,0.013067181567884889,0.011701057561552819,0.004324726728599737,0.00958160348614423,0.023016758651839497,0.011588502705880854,0.008907018601007843,0.013057265305294719,0.01247605673339569,0.012818082317820778,0.010638217554888918,0.0005513106415402369
2025-09-18,-0.0025977616896037947,-0.0024485098503288505,-0.013168288822489771,-0.002742230045685412,0.001115140914442092,-0.005895109060690462,-0.0033426783575364327,-0.00903048876864243,-0.005431522523328236,-0.018286921488399943,-0.006442000867278863,-0.0032196573954145213,-0.010821517262127656,-0.0047521829074365085,-0.0013926186221561165,-0.0006265366021286356,0.0005513106415402369
2025-09-19,-0.00685647113862109,0.005302807060886927,0.009389481526120402,-0.0015073631537653176,0.002820204848792418,0.0022363792343045308,0.0016317401119814168,0.004347039593369129,0.004023781682123806,0.008691290912924199,-0.0023887205403193557,0.0050664126516208885,0.004209053230398663,0.0020091591172075596,-0.00019993701983878065,0.002678993786443984,0.0005513106415402369
2025-09-22,-0.006906760572928383,-0.005595085427775759,-0.024607666331649014,-0.006103331025245073,-0.005128292584245409,-0.012612617254866398,-0.01240304179591123,-0.009334167334855481,-0.007594102116122103,-0.02413147365749968,-0.005882522614874319,-0.006076058201028411,-0.013758771566678374,-0.015287328757968122,-0.01520575133859603,-0.005344482243862414,0.0005513106415402369
2025-09-23,-0.022551153559932313,0.011655176498897024,0.016174042987943338,0.010952136332320395,0.015542977835564686,0.004415427787763049,0.007414488777633066,-0.013652440796454779,0.009907111347423614,0.015614546800744256,0.009967691857821315,0.013673939554073256,0.005581043125723717,0.0071234455932662755,0.005721349466828007,0.009498620894619725,0.0005513106415402369
2025-09-24,-0.013746262817675547,-0.004835776622339583,0.0038476395458457713,-0.003545693001921757,-0.0033014831813817924,-0.004540378573051229,-0.00395017996840441,-0.015219534965163706,-0.005345299946627802,-0.0025753691007633916,-0.0056606638284552036,-0.002974625789179841,-0.008169021808150045,-0.004994649935580853,-0.004189623362955142,0.0005211756457155214,0.0005513106415402369
2025-09-25,-0.029612585656376367,-0.007749549249511656,-0.03298731706720248,-0.012802026546152034,-0.0067857375150572885,-0.022165419786532636,-0.016602293432087634,-0.02829043383870744,-0.009411378586011931,-0.031015468872113483,-0.0115322220771793,-0.0068477777059126055,-0.02251798243838299,-0.01760919313435405,-0.014677220274890601,-0.008405447667038213,0.0005513106415402369
2025-09-26,0.009943248914716873,0.0015509719465625071,0.011116204617365177,0.006455898483403111,0.0012182243992673314,0.0076897391172565666,0.006774674298670957,0.0078071571177078525,0.001484593283005653,0.008338497615160811,0.0060927707633651185,0.0057909320646503115,0.0070454321160868805,0.008477381928788219,0.005651214355164802,0.0010104554728502801,0.0005513106415402369
2025-09-29,0.016260144312210123,0.0063349721381813495,-0.001124419766689977,0.01277876819392132,0.008490876035927908,0.008355935616673138,0.007214459300385334,0.01493976976969802,0.006664139927954782,-0.004455145930700732,0.009846754453352036,0.013649066265425613,0.007110742994944852,0.004842378245507373,0.010594352918306793,0.006012243894955027,0.0005513106415402369
2025-09-30,-0.012554961710980916,0.0012466652118490185,-0.01895043240731986,0.008111778920915302,0.00033708852833647107,-0.006946707566271471,-0.0043767081750411,-0.01691229831246932,-0.0026739485675184582,-0.019778627845514096,0.0009860543256434706,-0.0012677264007712186,-0.011124195542758342,-0.00834041074765235,-0.003776211386846584,-0.0006678581704466779,0.0005513106415402369
2025-10-01,-0.019010930057350994,-0.0062271349849075674,0.0045682343128872205,-0.005623088310924174,-0.007317468517442416,-0.005326107152134996,-0.004495081301357229,-0.01757360313847811,-0.009805431009847765,0.0032328258557656753,-0.009935816039606471,-0.011049906909951446,-0.008461064470816293,-0.005276465637528038,-0.00840673453366636,-0.004953601011865372,0.0005513106415402369
2025-10-02,-0.04522434014263521,-0.009063282210723389,-0.031372398839484616,-0.012028390344562156,-0.00903846361524041,-0.026450762979833398,-0.0196480081225604,-0.04215074902261484,-0.009545253903009754,-0.031425895509515245,-0.007629662349259769,-0.00908183988631528,-0.025955131744641036,-0.01912818201579969,-0.016282180044273176,-0.010996300502943868,0.0005513106415402369
2025-10-03,-0.013790872242386065,0.004524623034683595,0.011080052659572459,0.007369299858848155,0.003640683614748008,0.002863552462690322,0.003011141244253057,-0.012055850019950132,0.004194398073026351,0.004379093298553016,0.0058584077737704465,0.0007673974684980767,0.0007267422550560898,6.352098352424562e-05,-0.0006875913207222695,0.0017490004479687737,0.0005513106415402369
2025-10-06,-0.013118289231467073,-0.007108013906276467,-0.000578579764219822,-0.003321488804710615,-0.0035434374738462227,-0.005736048516632897,-0.008270676957726875,-0.019275999368136065,-0.006430267722181804,-0.004045502248274602,-0.006511309418586575,-0.0030167949590441667,-0.009340399473638628,-0.009010944211920502,-0.008718089057429879,-0.004305258469653905,0.0005513106415402369
2025-10-07,-0.02034927977003731,-0.011948402693790827,-0.03418119972090794,-0.01769232766620199,-0.017677117217925087,-0.022729513801804546,-0.02371436775036906,-0.013558505949126998,-0.01519742158250914,-0.032501061452762436,-0.012302874589689039,-0.018477536431641406,-0.020748112225900006,-0.024410685175461966,-0.02066834937161488,-0.015695000057642794,0.0005513106415402369
2025-10-08,0.0018347899466273354,0.0033437371078748335,-0.0016250849193270023,0.0049204730627068205,0.005270728907580402,0.0021459711873337284,0.0036407181468987027,-0.002239495757808574,0.002435859512066152,0.006696554583982106,0.006836877620989057,0.0030812630458862955,0.004211826208088354,0.00574616839897546,0.006078195012336307,0.005186417899759377,0.0005513106415402369
2025-10-09,-0.008374992915795021,0.0005061538934592047,-0.015727708625578818,-0.0019063640175254193,-0.004963041292754933,-0.007631828190880152,-0.007855376002373182,1.2709376521646831e-05,0.0005744690047742029,-0.008736932753268034,-0.001054648162286731,-0.003410073856505935,-0.0029797589168144567,-0.0044115405473141855,-0.002927339536695772,-0.0032540616678727874,0.0005513106415402369
2025-10-10,-0.007779856998926582,-0.001507641476795607,-0.009168144090625718,-0.009079932902773868,-0.0012168659844514762,-0.007217705063736868,-0.006882167522178073,-0.001459238908578686,0.0009908089029870837,-0.018502167209851872,-0.0018682449231453013,0.0035249596819135753,-0.006505165549872016,-0.007505699204332639,-0.0055078871445164435,-0.007057090657679788,0.0005513106415402369
2025-10-13,0.0013429230363406486,0.006947211070237547,-0.001462278316296639,0.011042371832062026,0.008933352405588124,0.003791099030219902,0.004420630496622335,0.0077148623626892565,0.010997196169820533,0.003340210251447484,0.010570889782716364,0.007689782183166516,0.007328828602480186,0.005738002465802916,0.004653002788034044,0.007805223283407381,0.0005513106415402369
2025-10-14,-0.0020839739399630686,-0.006615446088040433,-0.016729968404252005,0.00223100110592922,0.0003066145988834812,-0.006613467247376881,-0.003323925180306775,0.00031254339297959177,-0.0053383919803808855,-0.009346946624438468,-0.0007861875428732956,0.0031876614885855137,-0.004131055639420844,0.0022581223982072185,-0.001374167262674919,-0.0006049561344221299,0.0005513106415402369
2025-10-15,0.00031627193037353507,0.0004107911301514111,0.023975554837199153,0.014373195284001827,0.008138302057719482,0.011023546333071232,0.01277604679771227,0.01732891704418038,0.0005438669760005066,0.021411006210155348,0.010873063407359496,0.014013742495079695,0.014577720865048382,0.013695280611580873,0.011547622879582775,0.0064746946044491605,0.0005513106415402369
2025-10-16,0.00023940549179934933,0.003993523394714815,-0.02980883843360238,-0.0031762039509637408,-0.002773051778801938,-0.00918801028546512,-0.006808569900041195,7.98984223226995e-07,0.009470970432236436,-0.012721636710767092,0.0009830100086973825,0.0002999514599719699,-0.002031900114859986,-0.005152482052609542,-0.002076322760793281,-0.0026635391290887878,0.0005513106415402369
2025-10-17,0.007940353272772649,0.005647596127732468,0.019378442805497942,0.005160268668477075,0.003358265616892231,0.009488722086409496,0.008656449948862388,0.006533657292325801,0.011674869393723641,0.008828858445222965,0.0101989703885641,0.00983619305032346,0.00981531503787969,0.0070366805194330695,0.008957659050929045,0.00829891877999045,0.0005513106415402369
2025-10-20,0.016965704643909785,0.005055800661032617,0.013114270391069827,0.011248547705124956,0.00806456130337252,0.012402647966546665,0.010792114913934725,0.011244171858688867,0.00406262912250388,0.019766954413534155,0.0013885238383295473,0.004746569915969223,0.010276206286268463,0.009781387764663974,0.00721101299193827,0.007741432651746649,0.0005513106415402369
2025-10-21,0.004776929793235629,-0.0035170653781467776,-0.0036348972701151228,-0.0050099522893345405,-0.005617878446276148,-0.0019572008791399753,-4.0357494896614554e-05,-0.0030927183058208074,-0.0033126990660969913,0.004499841776552049,-0.006144322681717607,-0.005637149196312641,-0.0014810162880417588,0.0005466959882767242,-0.000766143266175856,-0.002993906098714527,0.0005513106415402369
2025-10-22,0.000488990811515766,0.01023971432518156,0.008088170558015806,0.004280892770208489,-0.002113684734396437,0.00625194162213405,0.003291513093412135,-0.0013658738671722404,0.007167418791217406,0.004569972483286833,0.0004571038825103013,-0.0052008697646607205,0.003140423674709014,0.0015988348455509005,0.000648973418258203,0.005399532036177934,0.0005513106415402369
2025-10-23,0.004033351713729871,0.003908398005439739,0.008451630794018339,0.008805938463264384,0.005433825696238959,0.006017045634290286,0.006951383375275455,0.005537468208640872,0.00480109803816009,0.016907341782260277,0.009200580340006814,0.004916024918524053,0.009412007657839672,0.007827804730722532,0.006629357462276664,0.005769705989332241,0.0005513106415402369
2025-10-24,-0.0038410842887578456,-0.0005236354670361543,0.01658491265321249,0.006501783611239764,0.0045832928087174984,0.005866743543497366,0.008229311787109728,0.0027692123075466757,-0.0006828273392622819,0.019470241882895145,0.003968304776917231,0.006580865939068925,0.007699356922539424,0.010013889507423324,0.007266350587776804,0.0031026332434502812,0.0005513106415402369
2025-10-27,0.015139376902483459,0.01075328568218703,0.01442483316161658,0.0027707177404243666,0.0015363394402827524,0.0110578522572653,0.007726589776223092,0.007077947342585045,0.00868500039565423,0.011682238074838924,0.009601669201139584,0.0012542046352403968,0.009691610356455493,0.008412022163791555,0.008116640273185594,0.005291964628715062,0.0005513106415402369
2025-10-28,0.03258779490422148,-0.001543122900269145,0.005715132276369994,0.002980074857589665,0.005183452074319472,0.009125838064957481,-0.00015456145295489332,0.01199048112310841,-0.008744905814828341,0.013101751261830996,-0.0003737178302258837,0.0016731815901243063,0.0033573378084834626,-0.0008222164280254907,0.002343496158559555,0.0028598390605800716,0.0005513106415402369
2025-10-29,-0.011997480205997224,0.0035324284899322933,0.004097792569381253,0.0039044464633097853,0.005820402522566548,0.00022682269112195286,0.003116890239852399,-0.004557329853750902,0.008205019238642697,0.0053294245120225625,-0.0010463122024797489,0.0035025036878812976,0.002549435254495913,0.0024540251745790442,0.0022001863266842836,0.008037833182846121,0.0005513106415402369
2025-10-30,0.007936938436289287,0.0021227321236105823,0.008952232312736008,0.006774147911768447,0.003181309252814568,0.006898426610622899,0.005004405040053284,0.0021335055236950673,0.005298814216607495,0.006987232858888026,0.007648320965161437,0.011590871874495479,0.005391333555258893,0.0051283417543970256,0.005470562617312824,0.0009283795332775124,0.0005513106415402369
2025-10-31,-0.0048740769557297225,0.005874044116410904,0.014219986919535632,0.006787154540520257,0.005139552203927256,0.005954969925107134,0.006913395470829364,3.705810540854948e-05,0.009231134359895643,0.011775193115568294,-0.0009095216799865913,0.004459479485859008,0.00539460452608731,0.007262162834727803,0.005640902240403145,0.005127610973173269,0.0005513106415402369
2025-11-03,-0.00926895229347846,0.011062001644945196,-0.018242847276200957,0.0035837269132599214,0.009122816057007821,-0.004556186516034844,-0.0016854910597605688,-0.00473855163953274,0.010388330199907259,-0.01938910275418071,0.006971751999334419,0.009083682274778182,-0.004155730745127317,-0.0019648497851997293,0.003395277843545097,0.006130325103409939,0.0005513106415402369
2025-11-04,-0.0003763258458334695,0.011967876281993695,0.003330217586780204,-0.004095187689055146,0.003071851231917888,0.002839000849096829,0.006394856166556551,0.007706500391857496,0.010911144868070988,0.0006596220550776355,0.006348094143458161,0.006691309579613058,0.005220581899564536,0.00747064285907495,0.005535055350553542,0.0017888479564218684,0.0005513106415402369
2025-11-05,0.0114735812871678,0.011482470181740867,0.017784177908070298,0.01543478729827319,0.016669956386464735,0.014263785955126007,0.017167835325141878,0.024309235283660025,0.012527651355524805,0.023204866277687586,0.015587663400628449,0.011856885395856498,0.020585095119691976,0.021013184201085,0.017297634650190297,0.017128262937702754,0.0005513106415402369
2025-11-06,-0.009049070498619916,0.004174640404239982,-0.02724574178577177,0.004001675573459762,0.004401832496065072,-0.008240089745268131,-0.008894796369080527,-0.013339561507206277,-0.0005680039523330294,-0.012152785901394458,0.0010319788477590741,0.0035267302676282863,-0.00702230453860031,-0.007646468627188652,-0.0025668459696100987,8.417287409434593e-05,0.0005513106415402369
2025-11-07,0.01584670643879016,-0.004845207958668829,-0.017562097286744516,0.0056928767272306224,-0.001097410614645744,-0.0014135828698850217,0.0031137890220389597,0.0014129993865472645,-0.004050149416955473,-0.016489103468369515,0.0039265102454086875,-0.0024525393978303,-0.004875135004828168,-9.583891056830218e-05,0.00301384152852191,0.005193724166314695,0.0005513106415402369
2025-11-10,0.0103789167014956,0.009079923230478126,0.01224516449488866,0.0059792765177901774,0.0069007598059622755,0.009623765847085686,0.007121500824159188,0.005807539014610397,0.008537684252395872,0.003305150065730622,0.011060420137246396,0.008199231161818199,0.006849883738054174,0.002739302417802403,0.00794980413703783,0.007809712970425542,0.0005513106415402369
2025-11-11,0.010735949841695236,0.015420797911674056,0.023733838362728576,0.012985267888914853,0.017485679002948507,0.01594690480786043,0.02252129534869307,0.015896650269388246,0.01181794236924083,0.015697143411136816,0.019653411694009915,0.018480654555341758,0.01521852220523412,0.023108313589293328,0.018645783648557845,0.016162129852240525,0.0005513106415402369
2025-11-12,-0.001026938377592046,0.002159809634242116,0.005501675797898509,0.006276276615191367,0.005245838853916496,0.0043442975990664046,0.0025900570499248765,-0.0029157514095431436,-0.0023036504179417827,-0.0026341301258715477,0.0009044801773725464,0.002733975650673015,-0.0029209887126172562,0.002170751066128629,0.0029193522955857087,-0.0011583007528430667,0.0005513106415402369
2025-11-13,0.010194129084858172,-0.005975184046365545,-0.042875505074284614,-0.0019657546430420503,-0.004720405787499438,-0.012088300143357045,-0.008260618371582096,-0.0014443829521099127,-0.002557335203905886,-0.023314035811740075,-0.007246538851895856,-0.0011865310693286446,-0.008774757494062313,-0.007394720918469488,-0.003213373732753988,-0.002686511032162664,0.0005513106415402369
2025-11-14,0.023423214373616164,0.002370498279164579,-0.009747259927523455,-0.0014094425804818123,0.0002474363151789838,0.004676253648048911,0.005884959481199381,0.009775959740572215,0.000440360345213886,0.008940326150687072,-0.0021398254649696025,0.003970570934098694,0.0061275894162660105,0.007242333757996322,0.006727062866373812,0.0037664579226710515,0.0005513106415402369
2025-11-17,0.009275913682996295,0.0033988897469725554,0.0034040303093754165,-0.006824382833391263,0.001635538782609025,0.001934264606262337,-0.006029073897859227,-0.001760668154591527,-0.0019365203456278568,-0.00979552337239964,0.0038726599696605746,0.00022108278744203957,-0.004117526704384256,-0.007974735434285507,-0.007446460023642576,-0.004928883615062607,0.0005513106415402369
2025-11-18,-0.014809283624313996,-0.0011881319157631687,0.012991159707631983,-0.00037189228845468936,-0.00594138163387703,-8.849884151951315e-05,0.0006959217153810204,-0.010564697204173967,0.001870866753384215,0.0347227475268308,0.006614331624694936,0.0003103443241216919,0.009906701799180961,0.00433039306252736,-0.0012483946649065603,-0.0031041792282041625,0.0005513106415402369
2025-11-19,-0.02052765965655179,-0.008444805254092302,-0.009474707587391995,-0.007731960367140633,-0.013436411479277544,-0.011437468744806112,-0.010190727218399975,-0.014208103127532068,-0.007205501338958364,0.010207171508304747,-0.013960676860359733,-0.007938395453088831,-0.005775752600304052,-0.006987586335058249,-0.012185864971325122,-0.007360520139793381,0.0005513106415402369
2025-11-21,-0.015113984162666516,-0.0011641502088094446,0.014243165241520694,-0.0012396503499869649,-0.005157472035682842,0.0001458567715673098,-0.005939023118352593,-0.0032070180376011503,0.0014466243047612792,0.0027710793874462514,-0.00018765599983039394,-0.0022722237421425318,0.0008502407794219735,-0.0037057925496739585,-0.0043803299670810425,-0.003999789733349801,0.0005513106415402369
2025-11-24,0.0050282942462198665,0.005715445174901745,0.01365519554388639,0.002092283945295703,0.011848177641140767,0.00687725871846423,0.008323256372197996,0.010110803909273214,0.013989048473717736,0.019814636318515877,0.006359892093063868,0.017571804799270563,0.013793859637681427,0.01281402997874359,0.008563032146065908,0.003435296910863972,0.0005513106415402369
2025-11-25,-0.008491488885939869,0.002817362926544442,0.029010862510226554,0.007560116178532139,0.006699806943179398,0.009152532222457488,0.00929191758197101,0.011356452880341816,0.0017458895958990528,0.04228659970707094,0.003511791350317539,0.009939756608636774,0.017422960881467553,0.01361947220558335,0.00584690852557479,0.004189471437501036,0.0005513106415402369
2025-11-26,0.008349895085832948,0.017602942812163125,-0.015302867432510636,0.010296199144971707,0.012120742789223815,0.003827272668844861,0.016399990748316995,0.011425625895795433,0.016131684348728248,-0.01225314716902115,0.011334966610221597,0.010383779230062729,0.005078386189694584,0.01708943979821953,0.019776411349355927,0.01697749127798409,0.0005513106415402369
2025-11-27,-0.00525068110075444,6.681305813982519e-05,0.010161778690753076,0.003868460724374634,0.0014365110321188368,0.002862580990916186,0.003022698398424062,0.009548785689611039,0.0008857448485950492,-0.003420461743651848,0.005307063033591852,0.0074590457152554634,0.0030687077932549656,0.0023817434561881345,0.001388568550569902,-0.0010142407219889682,0.0005513106415402369
2025-11-28,0.0015867412333108177,0.0016936501744888588,0.004672850717058363,0.006883379448850979,0.009031308889073664,0.0038701763486672647,0.004816477180323853,-0.011898804689614684,0.0018300691836872218,0.005209890622153157,0.0022124096643005853,0.006698843437648483,0.0005767526307922655,0.006479010105626681,0.004225736095964994,0.004523587255053085,0.0005513106415402369
2025-12-01,-0.012173560765246783,-0.004605418731614019,-0.009377085683723974,-0.006360828168158528,-0.006064823688225474,-0.008437017283467352,-0.005086461191659564,-0.006362262325048773,-0.003135151985958262,-0.016510975212217782,-0.008382907320926947,-0.0008530394856186563,-0.01002282256654885,-0.003444438929316118,-0.006120022654615309,-0.002780090222020304,0.0005513106415402369
2025-12-02,0.009969539154716989,0.017089239834800374,0.016385453014024165,0.014101510938270945,0.01769491319978811,0.0152418633427851,0.015969372805134663,0.011883562357606126,0.01655338041224219,0.0275152155537588,0.011679968326350432,0.01805192832558644,0.0184265365440599,0.01989313766601364,0.01752179922810826,0.01559537881992945,0.0005513106415402369
2025-12-03,0.0012867465887373974,-0.001144423725612742,0.01546778625236378,-0.001398555130648682,0.0020487444324865933,0.004408243920682731,0.002302975532739282,-0.002877715126492819,0.002389740965204723,0.005674388803325714,-0.0037335533971231127,0.0008551132099561265,0.0007528241345082787,0.0029325547995358026,-0.0006016958566296138,0.003996511131564295,0.0005513106415402369
2025-12-04,0.019879729616743447,0.0152088240899797,0.022214191550270268,0.01593796891596999,0.014167323269068222,0.018857264588004075,0.016977213050347828,-0.009074751306563766,0.011464377080432575,0.02551026724616956,0.006703644043784873,0.01218268022376523,0.009621529231508275,0.014884296100771799,0.015760028898789358,0.016653777402852787,0.0005513106415402369
2025-12-05,-0.032727840268409136,-0.03859246806481942,-0.057700727248209516,-0.033674081417430335,-0.03644524472427113,-0.04383295857974745,-0.055791886151760894,-0.024104292496395452,-0.03673142651701511,-0.06939473729872103,-0.029546479587511554,-0.035046235273415216,-0.04513247526755082,-0.05839839266369762,-0.05248963885304725,-0.04353302651598945,0.0005513106415402369
2025-12-08,0.009686676513685821,0.006534415846760178,-0.0069673576403666004,0.003846484340759737,-0.00290492229264272,0.0024632581201284864,0.0028880345788910855,0.010124457505027218,0.004656851095012682,0.007693173000388853,0.010340867727347547,0.0060122886700715306,0.008320436236863182,0.004590791160560048,0.004258564647176666,0.005213747393916224,0.0005513106415402369
2025-12-09,0.00379615117582377,-0.0011723783278912991,-0.0016380662480676156,-0.004112674717825282,-0.002512279441673315,-0.0008554097134516603,-0.004465110465117106,-0.0011951178721875122,0.0007771522090771477,0.00032455771199035865,-0.0003559730455398036,-0.0019271315497155772,-0.0003713130368795392,-0.007509048150923792,-0.005316205202166691,-0.0012390138180424781,0.0005513106415402369
2025-12-10,0.004289552326626422,0.0037456753184088587,0.001651227513626452,0.006853125904422219,0.005276382533964119,0.004095121912296662,0.004804659670070599,-0.0007861456655592347,0.002418411216023264,0.02110151942135463,0.005320663998571007,0.0006094736241266663,0.008034449463974136,0.005370538083580012,0.004699121353423985,0.00672891700417888,0.0005513106415402369
2025-12-11,-0.0007932423274623623,-0.0007249482479100289,-0.005582234735286629,0.005593358573975582,0.0005303455499532372,-0.0004323906803567201,0.0013106933652711206,-0.005205609749068363,0.0019870088695999044,-0.011820352216121544,0.0034953960589438893,0.00043973742823855133,-0.0032427310689469024,-0.001028022068598533,0.00213839644239866,0.0003907562406004761,0.0005513106415402369
2025-12-12,0.009267597598418442,0.00782398058632272,0.00930440438134239,0.013704643922957338,0.010718097035611551,0.009917831818800016,0.010843599422992067,0.007964038817666497,0.00813584167669168,0.0003864759596019507,0.01269122890234109,0.013684845016460834,0.006035163477076111,0.008413889162639077,0.010245749676456306,0.009996773986186591,0.0005513106415402369
2025-12-15,0.004024374421868426,0.016890916596419947,0.005201167792992845,-0.0007086205788234823,0.013155270126936403,0.006559461620545104,0.007478014904878982,0.008441085786582203,0.01581019386688376,0.012320625114041972,0.004686564219329892,0.01418057394723049,0.009668185350306668,0.00827023749857636,0.011176623807155783,0.010548577911028367,0.0005513106415402369
2025-12-16,-0.018620904513285685,-0.021562144388796223,-0.02981727049623717,-0.024543900365715188,-0.020713308071780512,-0.025115973099382738,-0.029264836435932584,-0.018318788333345548,-0.018937421182558256,-0.03201720516726192,-0.01994456558486657,-0.019544347275353258,-0.02495197478444211,-0.028695827410324948,-0.03164180502540803,-0.024275168829252847,0.0005513106415402369
2025-12-17,-0.019501037300717505,-0.006972817674025578,0.005884052077840707,-0.006985707736345992,-0.004281087981751863,-0.006634296196662337,-0.011583023835340378,-0.003972413032264366,-0.006786926926512726,-0.004814152240678937,-0.0061462852068688845,-0.006223888253451215,-0.00600859547869359,-0.012940828094830992,-0.013931678911196177,-0.007862067028237774,0.0005513106415402369
2025-12-18,-0.0031131423564624283,0.004033302231704949,0.010687226305816422,-0.00018883037888173249,0.004668547547374002,0.0033595029832569345,0.00213196782338243,0.00839027524802094,0.00494295779002818,0.01687560889347095,0.0005220786675006472,0.003773162430123378,0.008453024994447222,0.006486968615519562,0.003266651461532266,0.0037444141768161465,0.0005513106415402369
2025-12-19,-0.0005577169414294758,0.0029172531126173684,0.0007703130274183678,0.0012893085225997858,0.0076159574882526115,0.00110811850846404,0.0007563417798537309,-0.004440567887566971,0.0007619158877198995,0.012696106675955221,0.0050808637660710865,0.008221765103570311,0.003925297727394694,0.0021255607415153754,0.0019164533878934797,0.003502084881559231,0.0005513106415402369
2025-12-22,-0.002551948651952518,-0.00912195211393263,-0.014507086583930184,-0.0013769972587347468,-0.0016885779874357132,-0.0073315254592731804,-0.01285704229976381,-0.006707817528508797,-0.007086317087586558,-0.021935955656722794,-0.010440080474602653,-0.03195545077694495,-0.012046144811859394,-0.015113298160223665,-0.010888738706867684,-0.002276537223312336,0.0005513106415402369
2025-12-23,0.01882648559078426,0.01667509131695266,0.0065832049187464214,0.00993853342340767,0.015355024942732554,0.012739551806427274,0.018886352825725483,0.023891539216205793,0.015736269889140564,0.024133900932040264,0.00872465491993668,0.02087880560783617,0.017934391245381986,0.022415237935344834,0.020433635085469026,0.01485343478092771,0.0005513106415402369
2025-12-26,0.00838688048662184,0.008627739474718066,0.005162667958267697,-0.0008829773146988851,0.0047623059200880835,0.00496020451958934,0.0025881326591508103,0.0024177061300567626,0.007266222379827436,0.015011022556658427,0.0069177371150925815,0.003840475326277737,0.00696023338641405,0.0061630354544670585,0.0050592950344940935,0.0025498665927163877,0.0005513106415402369
2025-12-29,-0.002092861261894896,-0.002569109115223678,-0.005036191650845123,-0.006314884967769108,-0.0055598024124767775,-0.004248697196074791,-0.0035271879734066758,-0.003256103785626019,-0.0029863512450042373,-0.017478958234038555,0.0009061391311124822,-0.0017602593540474443,-0.007018269818647838,-0.005664027504650115,-0.004345975222890486,-0.0024800471677338676,0.0005513106415402369
2025-12-30,0.00415775680534658,0.007517774226012408,0.010171228463724757,0.005629268316367231,0.007474796804262773,0.007320598342682505,0.00821945996339557,0.010410930303610177,0.00644281391021817,0.022821092121471542,-0.0001420417694620868,0.009074092355979113,0.011174657567525115,0.010108634064097233,0.007671868206193588,0.004314475982381216,0.0005513106415402369
