"","Date","Rm_minus_Rf","SMB","HML","WML","IML","Risk_Free"
"1",2001-01-02,0.00660063299326548,0.115836998553672,0.0601153507912085,-0.00491699156244864,0.00787837722397337,0.000578516538294771
"2",2001-01-03,0.0624274996096267,0.0383097794477492,0.00844817019052758,-0.03709321416758,0.018070335041524,0.00057714347804283
"3",2001-01-04,-0.000309833344474882,-0.0140667877518342,-0.0124547744464842,-0.000441283178720254,-0.0143716759157244,0.000573708756889779
"4",2001-01-05,-0.0128392353318885,0.0156393037781597,0.00045908678094771,0.0100172530936267,0.0257814401602467,0.000572677763190921
"5",2001-01-08,0.00398162807505356,-0.00459740517629836,0.0123549857478695,-0.00963693356296424,-0.000267688729342352,0.000572677763190921
"6",2001-01-09,0.0199855276638638,0.00342015306203106,0.0100692073502749,0.000237637521674511,-0.0020043247884014,0.0005699271423385
"7",2001-01-10,-0.0043679737719462,0.0161304109609009,0.00569856933099894,-0.00643063816773426,0.0243509469691031,0.000569583181243116
"8",2001-01-11,0.00469360573993958,-0.0115939056133997,0.000951500605495284,0.000196138634481918,-0.00891462337280012,0.000567862930444862
"9",2001-01-12,-0.00678320612314045,0.0107793602755925,0.0103971761897723,-0.000191599694687273,0.0151097720409182,0.000567174622212674
"10",2001-01-15,0.00510991742279804,-0.00295184602637787,0.00395775814498621,-0.0113264527041345,0.00172728037582572,0.000565797649100475
"11",2001-01-16,-0.00747278570022744,0.00321781115005129,0.00375481548628121,0.0296291575902757,0.00317574402537967,0.000566486195111571
"12",2001-01-17,0.020989417646823,0.0138123506905306,0.00535910442257172,0.00382276288839715,-0.00160540579539726,0.000565108984138085
"13",2001-01-18,0.022893719315988,-0.0218466468902881,-0.00742034442319519,0.0183492287077285,-0.00191465668271312,0.000564420200183324
"14",2001-01-19,0.00566603796674045,0.00893711605485796,0.00408635913611494,0.0212521224682363,0.019943055175295,0.000563042275131487
"15",2001-01-22,-0.0071780078637819,0.00544910932442513,0.00724630880810851,0.009020846755417,0.00552902812262482,0.000562008518680823
"16",2001-01-23,0.0199788953284776,0.0120512668657629,0.0172195182605976,-0.0187320565464905,-0.00303266303941699,0.000560974494079547
"17",2001-01-24,-0.0042301378379972,-0.00815701799326917,0.00367579793576567,-0.0260077383590761,-0.0125907176294279,0.000559940201188214
"18",2001-01-26,0.00724125906283985,-0.00860537889285435,0.0177347752004858,-0.00785395223977175,-0.00353116035075474,0.000557180774109378
"19",2001-01-29,0.00209018152360958,-0.00437211285482006,-0.00705076431467288,-0.0214106418320021,-0.000203110184278793,0.000556490618774053
"20",2001-01-30,-0.00767754048614537,0.00897289929623689,-0.00389398723495165,0.0340781255507482,0.0105280450239723,0.000555455161678653
"21",2001-01-31,0.00287557199418203,-0.0166288286828537,0.00131889348848932,0.0077819219274389,-0.0142147006582771,0.00055580034392988
"22",2001-02-01,-0.0274736006908366,0.0130154680225487,0.00115505642603601,0.0179581340725546,0.0214176485575344,0.00055580034392988
"23",2001-02-02,-0.0102213057347341,0.0253746068280816,0.0214368638814501,0.00274391998789932,0.0221057614130355,0.000555455161678653
"24",2001-02-05,-0.0101777345894755,0.00612720073557126,0.00672450660764936,0.00898385802098952,0.000491634707315416,0.000556835711377879
"25",2001-02-06,0.01322105473237,0.0157507522399288,0.0075127185136631,0.0072044109714669,0.00777601874780696,0.000557525806974102
"26",2001-02-07,-0.00802048616881213,-0.00336648615979705,0.00877971516821686,0.00327096361645332,0.0022410097053766,0.000558905639867158
"27",2001-02-08,0.0202185022920484,0.00724372853375637,0.011201350076467,0.00100899651789478,0.0114339112538478,0.000557870809976935
"28",2001-02-09,-0.00704895602519886,0.00369710229080667,0.00746393268220825,0.00325041318126272,-0.0011041621383342,0.000556490618774053
"29",2001-02-12,-0.0119071362665627,0.00649242978309614,0.00927548298153504,0.00149363884942871,0.00610353236031092,0.000558560726418467
"30",2001-02-13,0.00691975708285423,0.000299373189417904,-0.0130509372232977,-0.00595129542542824,-0.00446416318152226,0.000557180774109378
"31",2001-02-14,0.00499947627385721,3.00738988663098e-05,0.00703434087093124,-0.00138762376988119,0.0127624918439522,0.000555455161678653
"32",2001-02-15,-0.00829480772364537,-0.000420252929850584,-0.00150750614329864,0.0026974655171475,0.00149074987772849,0.000560629759599252
"33",2001-02-16,-0.036384853889504,0.00220840563654272,-0.00212497552734559,0.0158302213467758,0.00250885513983971,0.000563042275131487
"34",2001-02-19,-0.00881037216405005,-0.00274796199387181,-0.00895125373093722,0.000944051413885306,0.00225820851304676,0.000565453331490717
"35",2001-02-20,0.000949877485412179,-0.0097316731318198,0.0198886034112807,0.00486891819656076,-0.00102201186118458,0.000566486195111571
"36",2001-02-21,-0.0153381469531426,0.00073670055507858,0.000327355007035221,5.73019142552297e-05,-0.00027293572251167,0.000567518791184884
"37",2001-02-22,0.0164705324316034,0.00511066210257066,0.000568098391086999,-0.0104246509404143,-0.00135628542935261,0.000565453331490717
"38",2001-02-23,0.0101848503465887,0.00938245556658827,0.0108127739787374,0.00591704836128173,0.0108637451413978,0.000564075763570981
"39",2001-02-28,-0.0163298475509647,-0.0270824087639642,-0.0129510625873714,0.0113957487528462,-0.0241579285545399,0.00056338680105017
"40",2001-03-01,0.02754237178166,0.0295521955314991,0.0188881575168577,-0.0106256072988187,0.0192581173554462,0.000563042275131487
"41",2001-03-02,0.00871222191899151,-0.00380234356886464,-0.013404138514293,0.00695205940264006,-0.00775448483839648,0.000561663873615226
"42",2001-03-05,-0.00641508571338051,0.0186855539301549,0.00380155795343509,0.00989523710435337,-0.00301900531565264,0.000562008518680823
"43",2001-03-06,-0.00769046721184213,-0.00616066769696138,-0.0100567152963831,0.0195923821974877,-0.011639372198316,0.000561319198749688
"44",2001-03-07,0.00972176281876875,-0.00665090049014305,0.00873800460587964,0.0139936348982622,0.00170951895043569,0.000561319198749688
"45",2001-03-08,-0.00553876864484531,-0.0113540112595145,-0.00318861785408138,0.0095899462555061,-0.019699738067244,0.000562353133952032
"46",2001-03-09,-0.00493026225113387,-0.0093623466463797,0.00522683220133664,-0.00714638583063648,-0.000172117877064566,0.000560974494079547
"47",2001-03-12,-0.0379675181478203,0.0195657616198778,0.0145261321078003,0.0041314626985879,0.00722341806864113,0.000562008518680823
"48",2001-03-13,0.00180101872569582,0.00298257222265385,0.00335613156731654,-0.00810629088097585,0.00900034371779606,0.000564420200183324
"49",2001-03-14,-0.0179894791004735,-0.00651562529114717,-0.00767253715504988,0.00366241729181231,-0.00311511354957179,0.000568551119848992
"50",2001-03-15,-0.0144607282644587,-0.00246768751595322,0.00700381696094459,-0.00118631924678752,-0.00288946103341593,0.000598714434578485
"51",2001-03-16,0.00609416817104381,0.00900272638407264,0.000614037577183689,-0.0123239158223756,0.00992277249323422,0.000598372948520165
"52",2001-03-19,-0.0220919267717267,0.00182879879926617,-0.00559082911193871,0.00181356445951484,0.00539958138270622,0.000623224873214978
"53",2001-03-20,0.0047780121045203,0.00463287920375992,0.018618769808048,-0.0152168418726905,0.0183870991746267,0.000592221192026399
"54",2001-03-21,0.000857890259329455,0.000715555287129505,-0.00142097136020402,0.00144624985327143,-0.00422463662501606,0.000607242092895088
"55",2001-03-22,-0.0517556035064996,0.00811880215381923,-0.00128209314904767,0.0190886051360463,0.00270615648558862,0.000710500919334889
"56",2001-03-23,0.022915932128648,-0.0327605795359056,0.00346877166845266,-0.00663948305373681,-0.0302961003591038,0.000694198184995942
"57",2001-03-26,0.021828846595724,-0.0170170154788837,-0.00705775768783522,0.0136673206884931,-0.0114686671173952,0.000630684214613542
"58",2001-03-27,0.0134533380708455,-0.0101525793918665,0.00242884482143746,0.00787873599223635,0.006915363363755,0.000614391255431945
"59",2001-03-28,-0.0139696558081098,0.0140496775496577,0.0180055170965807,0.00559318130338114,0.00244252287867409,0.000617451261825774
"60",2001-03-29,-0.018329831674655,-0.013131969021078,0.00273127986237215,0.0244861723977097,-0.00739578614174314,0.000643198080084062
"61",2001-03-30,0.00703631803843975,-0.00249386305942824,0.0145529327762396,-0.00562209086472205,-0.0029406320878947,0.000609967095363428
"62",2001-04-02,-0.031792890412157,0.00486052908338227,0.00537248646880135,-0.010840546646808,-0.00508526689225789,0.000615411518566367
"63",2001-04-03,-0.016681704434533,0.0102300708135506,-0.00590212473503511,-0.00173513140191331,-0.00507098175014308,0.00062118808268985
"64",2001-04-04,0.0107079813102665,-0.0269733147759449,-0.0253560526248765,-0.00625239621937264,-0.0128966787215528,0.000622546058658857
"65",2001-04-05,0.0385602996106065,-0.0171285015882397,-0.0164292913783306,-0.0202598141065103,-0.0220824530676292,0.000613030498280542
"66",2001-04-06,0.00169986307640464,0.0217335706452803,0.00292792239975729,-0.00132019326449267,0.013449986283557,0.000609967095363428
"67",2001-04-09,0.00952892540108681,-0.011173283513509,-0.00201192052329567,0.00563215028316003,-0.0178031074387944,0.000609626571903998
"68",2001-04-10,0.0213852886442689,-0.00290242357297545,-0.00514230048554983,-0.0115778017972079,0.013162547907,0.000606560551131174
"69",2001-04-11,-0.0131392550375899,0.00422260133726729,0.00644404065429787,-0.00604776506879436,0.01861677094394,0.000615071459866723
"70",2001-04-12,0.00840279091794813,-0.0153285147721015,-0.0195503727214136,-0.00738044001066182,-0.0240549724388862,0.000624921404088319
"71",2001-04-16,-0.0308236040348187,0.0126666915644298,0.00267629281054136,0.0191042660509941,0.00389632649279779,0.000667101718982988
"72",2001-04-17,-0.00656025391473013,0.0124672089382687,0.0142818432406981,0.0227227308017855,0.00717921980067352,0.000636438706709486
"73",2001-04-18,0.0330820163986351,0.00217909464742531,-0.0266128944206743,-0.0297380340892829,-0.0139265632481242,0.000636438706709486
"74",2001-04-19,-0.0328372896178121,-0.00665890959369642,-0.00959555391120504,-0.0036759236461081,-0.0146128788464045,0.0006435357480985
"75",2001-04-20,-0.0460947886108916,-0.00585746331475863,0.00471287475660632,-0.008041634852789,-0.0056112658120188,0.000740931212250828
"76",2001-04-23,0.0172657660505856,-0.0230081352028968,-0.0115608584365007,0.00784773591006943,-0.022285502652959,0.00072475268715233
"77",2001-04-24,0.0119704293849257,-0.0188794702336737,-0.00715119157929114,-0.00246068341202208,-0.026154377768691,0.000726075846713359
"78",2001-04-25,0.0117864706588241,-0.0209557498594915,0.00810075464550144,0.0154599697810293,-0.00546821810537983,0.000733015239267276
"79",2001-04-26,0.0383229952654592,0.00165167168710812,-0.00412113789127485,-0.00802010973588336,0.0067616101656001,0.000674479488893986
"80",2001-04-27,0.00945303911901416,-0.0231743769715326,-0.031645493978111,-0.00392989076379157,-0.0156465534329883,0.000650283109227656
"81",2001-04-30,-0.00216085281479749,-0.0233994530146379,-0.0156337121337355,0.00127896438771539,-0.0344289260166336,0.000651294229157662
"82",2001-05-02,0.00205728175213572,-0.00173558662414354,0.00799862969868006,0.00571792610200509,0.00787146607550949,0.000652641990271263
"83",2001-05-03,0.0124555895472369,0.0280746758564031,0.0158487965341473,-0.0109296669492131,0.0294348898162662,0.000638805791259633
"84",2001-05-04,-0.00177652612588673,0.0131140179534458,0.00810316760983367,0.0151222342825014,0.0181534052658745,0.000630006669122718
"85",2001-05-07,-0.0152601407654947,0.00943057311304446,0.00255035008912659,0.0117572258813378,-0.000337642661406429,0.000636100437011455
"86",2001-05-08,-0.00588318094522102,-0.00439301034994345,-0.00981080193540272,-0.00944024017344091,-0.00979674974637029,0.000632038960232784
"87",2001-05-09,0.00819459484640058,-0.0159839116456007,-0.0140607155340958,0.00843616916776023,-0.0118855054886946,0.000633054717409376
"88",2001-05-10,0.0160453779139722,-0.018762793792342,-0.0267564479704786,-0.0120597005148172,-0.0155913248910322,0.000627634352659445
"89",2001-05-11,-0.0228391656859286,0.00401841503982008,-0.0111673608243893,0.0252912286233089,-0.00317229543933129,0.000646236063088113
"90",2001-05-14,-0.0232174294474404,-0.0150941645183923,-0.0174080712924521,0.010735084521046,-0.0256237470510891,0.000658364897279551
"91",2001-05-15,0.00596214721005204,-0.0412831131467477,-0.00944889816381961,-0.0214290063149176,-0.0331753893750706,0.000650283109227656
"92",2001-05-16,0.0263812618844561,0.00345128911696156,0.0082064988324594,-0.0107134122434983,0.00860647771709336,0.000639819825976495
"93",2001-05-17,0.00622569820446154,-0.00214114335565543,-0.0220458930988551,0.00361407898057788,-0.00416844311573658,0.0006435357480985
"94",2001-05-18,0.000909932092868634,-0.0102383666160352,-0.00737635583461965,-0.013041200341602,-0.0214369292954205,0.000645223659295091
"95",2001-05-21,0.0114587563755889,-0.0236048060905079,-0.05339104773203,-0.0118227353150244,-0.0427802136919995,0.000644548580571946
"96",2001-05-22,-0.00835581710062572,-0.00926012741130136,0.0092657957798783,0.0123641043739758,0.0167238294958731,0.000653315700003931
"97",2001-05-23,-0.00406074371817765,-0.0255479626681208,-0.0248196262013571,0.00809218404927378,-0.00447587709670782,0.000662063581871042
"98",2001-05-24,-0.0116977227472056,-0.0042151925696338,0.00302229777461402,-0.0097154710281167,0.0030251634295331,0.000644548580571946
"99",2001-05-25,-0.0122045584739454,-0.0238593282067309,-0.0246306327799459,-0.00689335668190168,-0.012700978786411,0.000643873387514704
"100",2001-05-28,-0.0076432642057703,-0.00169166918543792,-0.0186605987206061,-0.0133988201240513,-0.0145063154171481,0.000641847121948702
"101",2001-05-29,0.005619719065292,0.0257773726861838,0.025522555170218,0.00607664694291594,0.0278076876209165,0.00064015778023907
"102",2001-05-30,0.00405886369890264,0.0245834816027337,0.0132472474636499,-0.00200857954387073,0.0194341736866348,0.000638805791259633
"103",2001-05-31,0.0117708961687313,-0.00655877684065914,0.00169682083806265,-0.00230935942231281,-0.00829984371078165,0.000641847121948702
"104",2001-06-01,0.00710320549336994,-0.00170304063655387,0.00122534847989071,-0.000398443199451225,-0.00745539968539616,0.000653652512180969
"105",2001-06-04,0.020215973377152,-0.00181346092521533,0.00956103626254291,-0.0043890829926347,-0.000342059755593968,0.000643873387514704
"106",2001-06-05,0.0110739489682163,-0.00520295079092187,0.0336838318877944,-0.0188920987725107,0.0104516619785069,0.000638467722361424
"107",2001-06-06,-0.00910735859582518,0.00725115166774302,0.0113044364240306,-0.00375491969871049,0.007831402220575,0.00064015778023907
"108",2001-06-07,0.00548841119799622,-0.00360531708717077,0.0146183832509623,0.000835767673884697,0.00383619523086355,0.000635762138608165
"109",2001-06-08,-0.0105874283989763,0.0160301118702613,0.0197949761777822,-0.00825743486245686,0.0071393545656328,0.000634747071118547
"110",2001-06-11,-0.00805054441524938,-0.0142201747279924,-0.0187939439126615,-0.00629772446757005,-0.0218412974799959,0.000636776947707141
"111",2001-06-12,-0.00712024442252394,0.00804448207691559,0.000808451221566545,0.00355429404575209,0.00578904814732354,0.000636438706709486
"112",2001-06-13,0.0141423781962252,0.0103748312747657,0.0108513260235794,-0.00294160916032164,0.0239847817412639,0.000639481843062173
"113",2001-06-15,-0.0221309885692569,-0.00729602182702491,0.0138594655713991,0.0191127104493384,-0.00522620011849028,0.000649946012255098
"114",2001-06-18,-0.0312594322161191,-0.00722699931922912,0.00095140669094413,0.027981518987318,0.00310365127077637,0.000688526522029331
"115",2001-06-19,0.00287915538715377,0.00732762764340423,0.0116427625722073,0.00732980147281168,0.00790751089310583,0.000690862889902055
"116",2001-06-20,0.0124875623746795,-0.00625651852181795,-0.00755532562807774,0.00554487579538553,0.00758933203914409,0.000681843630925494
"117",2001-06-21,0.00836666182333732,0.0210685234866093,0.0350697463576029,-0.0269134598667199,0.0256529397770591,0.000678832671304752
"118",2001-06-22,-0.0061959827196202,0.00286287553282635,0.00992794862662016,0.0102378826815286,0.0151512322987032,0.000671798242908084
"119",2001-06-25,-0.00979314187993498,-0.0151648897029959,-0.014648542575051,0.00138921029340396,0.00575845007184418,0.000673809346432686
"120",2001-06-26,-0.0084733689809923,-0.00349492658190195,0.0065560633297836,-0.010120925398078,0.00408641217077024,0.000682512424362569
"121",2001-06-27,-0.00988815634495345,0.0085339408752889,0.00420853211153275,0.000768832949825746,0.0202722253945857,0.000690862889902055
"122",2001-06-28,0.00276859735797797,0.00737203544466831,-0.00705534256026477,-0.00206356857663206,0.0119875971881894,0.00069986179091619
"123",2001-06-29,0.0127185742221903,-0.020566304879375,-0.0195022148941843,-0.00464737592995582,-0.016445963316508,0.000693531349158949
"124",2001-07-02,0.00110291690882238,-0.00798684815206734,0.00760308030142973,0.00595139488275793,-0.00672099376860615,0.000694198184995942
"125",2001-07-03,-0.0200819562624434,0.0284937747676147,0.00551541942310187,-0.000334768946176589,0.0148484315209169,0.000719124354919831
"126",2001-07-04,-0.0157619651728331,-0.00414049723797268,-0.0148794862743391,0.0067696761601415,-0.0139538403841976,0.000745541615494227
"127",2001-07-05,0.00129644857995446,-0.00722952307002536,0.00403340327594888,-0.0117556679753302,-0.0280804877312276,0.000796882142794386
"128",2001-07-06,-0.0068855440015508,0.00732892855337264,0.0237476586401336,0.0239101194131465,0.0036012560966668,0.000760652656363048
"129",2001-07-10,-0.0184624530150129,-0.00820509227266518,-0.0146272790401956,0.00781346508066563,-0.0172619090507497,0.000826340173512463
"130",2001-07-11,0.0096080647036381,0.012861517797331,0.036095701296429,-0.0121780216187331,0.0291950987819052,0.000829886335641961
"131",2001-07-12,0.00888094288924966,-0.0379433852592941,-0.0147050826142837,0.0100940955189306,-0.0184338154984284,0.00085910243015741
"132",2001-07-13,0.00807206382679482,-0.0122947966336651,-0.0141920670531912,-0.00900998771112227,-0.0161737387880073,0.000847890789846595
"133",2001-07-16,-0.0203389896425541,0.0161983533013954,0.027016583059686,-0.00141387029976981,0.0298600879046615,0.000817945777455975
"134",2001-07-17,0.0165665694748954,0.0214126920566321,0.00198842214139248,-0.0163845338696498,0.00343150434675318,0.000802401847853629
"135",2001-07-18,-0.0213361542261442,0.00328794607597673,0.00563158451921519,0.0135848177598972,-0.00267710753335509,0.000804672448499799
"136",2001-07-19,0.00387829906446102,-0.00739333502891986,-0.00764977889420202,0.0209004794542461,-0.00599726072672952,0.00078907658651195
"137",2001-07-20,0.0188114058910224,0.00774030993590108,-0.00845397003097105,-0.00732279703583566,0.0115795000891735,0.00076982271960957
"138",2001-07-23,0.000784655139085905,-0.00226219641159154,-0.00345915392953635,-0.0104589465513025,-0.00490316253838561,0.000745212477719859
"139",2001-07-24,-0.0173284669671322,-0.00758610986078892,-0.00343309226158535,0.0193414528839697,-0.00761953185781087,0.00076982271960957
"140",2001-07-25,0.0136022888176828,-0.00570348443926627,0.0161477571935097,-0.00396119774319887,0.00112908916798757,0.000754746459056488
"141",2001-07-26,-0.00905193048096818,0.00535150646113445,0.00671502602923709,0.00914706156391474,-0.00406281269674289,0.000756059703644896
"142",2001-07-27,0.00446514212916744,0.0059703985197693,0.00677173627126818,0.00837208704187857,0.0100132635597037,0.000759668897517551
"143",2001-07-30,-0.0111718077455373,0.00779807313922324,-0.0122502960561733,0.0152681153202341,-0.00303542662340212,0.000746528865822604
"144",2001-07-31,0.00714678376832525,-0.011639663053962,0.00104308929746553,0.00641340249268194,-0.00224384532714151,0.000753761241675477
"145",2001-08-01,-0.00518077585255271,-0.00466372215335194,-0.0092225003667262,-0.00245479915886729,-0.010455363453017,0.000757044353303149
"146",2001-08-02,0.000861361963740664,0.00662288878250112,0.0182765199234146,-0.00109350113089903,0.016642041377593,0.000747186896924434
"147",2001-08-03,0.00433639580108235,0.0120592498084846,0.0105962818236016,0.0180526968551246,0.0059855980137633,0.000748502633408421
"148",2001-08-06,0.0132359891836415,-0.0193988722469444,-0.00693302572668295,-0.00476243048048011,-0.0122606512542907,0.000741919604706043
"149",2001-08-07,-0.00169932875327648,0.0109361295503702,0.00994033337240938,-0.00389191886917219,0.0211605924590364,0.000750475424373453
"150",2001-08-08,-0.0032164386419133,0.0125897441626675,0.0197192131715026,0.000327365833208863,0.0350454751925503,0.000734995706445751
"151",2001-08-09,-0.0025479608419884,0.00929523693673065,0.00559472948191488,-0.0029728540581797,0.0240814806217444,0.000740931212250828
"152",2001-08-10,0.00587262848466415,0.00230951988065055,0.00163552464263085,-0.00590169102583434,0.00689630251144238,0.000732685065739425
"153",2001-08-13,-0.00994541105317677,0.00325946301576765,0.00030276435823791,-0.00357216557419101,-0.00508141124872666,0.000737305008807754
"154",2001-08-14,0.00593622723382545,-0.0117557281238085,0.00258344032734713,0.00432855916236332,-0.00540816577165195,0.00075113280450223
"155",2001-08-15,-0.0081772505709229,-0.00450806984954201,0.00372305685731533,-0.00448301390111109,0.0157562146179211,0.000740272147796039
"156",2001-08-16,-0.00698444410255427,-0.000219052453745709,0.000970243756623215,0.00830174305926176,-0.00752211127144915,0.000733015239267276
"157",2001-08-17,-0.0296957618822754,-0.0101056034177709,-3.75186808593379e-05,0.0101395259379957,-0.00848200125522633,0.000742578396910831
"158",2001-08-20,-0.000824620081406768,0.0169325744677988,0.0152269932590959,-0.000612659197926407,0.00853018211314621,0.000732024636644679
"159",2001-08-21,-0.00685684708454508,-0.0236751069103532,-0.0172362137763488,0.015648247822112,-0.0253019810206205,0.000747844819441124
"160",2001-08-22,0.00837131015249828,-0.0098257612930142,0.0104351522107472,0.00964858466379334,0.0115056896996285,0.000722436100760282
"161",2001-08-23,-0.0132222582941972,0.0203835306173601,0.0145386163878132,0.0116981530878738,0.0219143275076939,0.000726075846713359
"162",2001-08-24,0.0196896237515159,-0.00939825158241088,-0.00695983241462725,-0.00652249557157829,0.00520225381676542,0.000721111732513657
"163",2001-08-27,-0.0025239936008565,0.00197301013266464,-0.00615603926504326,0.00259387366455188,-0.00940503340174141,0.000722767124095247
"164",2001-08-28,0.00308870335342198,-0.0131773891010101,0.00112124396765721,0.00762157125859429,-0.00852688077408915,0.000713156271279214
"165",2001-08-29,0.00263337260042091,0.00418695000971876,0.00413053924999329,-0.0197345154548151,0.0114702164542175,0.000709836804926089
"166",2001-08-30,-0.0134646553510048,-0.00597740658737432,0.0111332345916137,0.00697753186018939,-0.00160260621483763,0.00071216072153657
"167",2001-08-31,-0.00660051457134151,0.0037862371553079,-0.00595343548160035,-0.0118720196036373,-0.00119185592718188,0.00070917257987424
"168",2001-09-03,-0.00662686424084531,0.0258893795255186,0.00193745132439167,-0.0188614215812458,0.0214588190164615,0.000707511532939131
"169",2001-09-04,0.00978048144191207,-0.0116353798465032,0.0233692320015857,0.024511186019771,0.019078095872907,0.000706182196943406
"170",2001-09-05,0.00347956159125779,-0.0118877294364776,0.0680504546972313,0.0307743922852139,0.0410652326640534,0.000708840425845514
"171",2001-09-06,-0.0229404665020438,0.0106416884308463,0.0170270124513876,-0.0055948473742623,0.0209167938693695,0.000710500919334889
"172",2001-09-10,-0.022077328793675,0.0122618606164392,0.0200848779266224,0.00341459000646364,0.0189225149380198,0.000710500919334889
"173",2001-09-11,-0.0734213722667171,-0.00521883127749435,0.0055364430717969,0.055177744275426,-0.014569367949504,0.000731364098133902
"174",2001-09-12,0.0271978478642741,-0.00302267553322291,-0.0274008728115119,-0.0285515800073017,-0.0129382822476944,0.000733015239267276
"175",2001-09-13,-0.0741249870547124,0.0254605146477128,0.0139686768858562,-0.006874625447278,0.00271450777910671,0.000744883312772338
"176",2001-09-14,-0.019510577361677,-0.0282891606414455,-0.00960696309173172,-0.0077767143921484,-0.0205592370075913,0.000761308360770041
"177",2001-09-17,0.0563655343979707,-0.0689830671861864,-0.0385167574517928,0.0254207662360129,-0.05213754063102,0.000734005595826925
"178",2001-09-18,0.0138204732005306,-0.0419977822828347,-0.0174205298290236,0.014462352770896,-0.0197785091195912,0.000721442865820654
"179",2001-09-19,0.0062825567540542,0.00699850299850763,0.00212390338578853,-0.030127039828832,-0.000297662231141591,0.000724090942665123
"180",2001-09-20,-0.0293350554226983,-0.00539668365490554,0.00816414665035518,0.000352693426454199,-0.0181995081998317,0.000721442865820654
"181",2001-09-21,-0.0148747668798555,-0.0183954690356757,-0.00852109195698246,0.0278652623998028,-0.0540313324446185,0.000739283346796293
"182",2001-09-24,0.00095195908637767,0.00183659076997986,0.0101318771551103,-0.023606791930976,-0.00027302793128349,0.000761636172539992
"183",2001-09-25,-0.0242645272744747,0.00414774235550078,0.00535220523113691,0.024869343688413,0.00740510362784619,0.000755731433047302
"184",2001-09-26,-0.0195658545649772,0.00116001784060082,0.0142126358439959,0.0115508203439301,-0.0126539308839805,0.00075802875985187
"185",2001-09-27,0.0251032592359031,0.0154139349534441,0.00326587650605549,-0.0417589526648621,0.0220060083344748,0.000734995706445751
"186",2001-09-28,0.019806264731661,-0.0269151828769382,-0.0363955378011121,-0.00104689347567265,-0.0362019986756296,0.00072475268715233
"187",2001-10-01,-0.0162810078264075,-0.0220206533095645,-0.00327075415731312,0.000905186018285539,-0.0196050093392057,0.00072706792829158
"188",2001-10-02,-0.0125927344163187,-0.00209318128804199,0.0015157794313115,0.00173152375158605,-0.0153308523688511,0.000726737261860455
"189",2001-10-03,-0.00910220870409596,0.00148811627243101,-0.00268774941583032,0.00316688644420051,0.000785176674333919,0.00073895369196042
"190",2001-10-04,-0.0025011270548361,0.0245547559940194,0.0175873069079437,0.0217776392654439,0.0257883370522216,0.000748831499697289
"191",2001-10-05,0.00537515534591278,-0.00119738540243302,0.0132442004901209,-0.0202878016533867,0.00187900687497636,0.000742907752196986
"192",2001-10-08,-0.00780143793320471,-0.00429354260903632,-0.00575481482546006,0.0102525089207243,-0.00740414180632216,0.000750146693659026
"193",2001-10-09,0.0154797859452611,-0.0216451268666445,-0.00580238667523862,0.00294991952039389,-0.0154355135718377,0.000743237080278458
"194",2001-10-10,0.0192153260138147,-0.0171011251901539,-0.0290773421973285,0.00310721272769411,-0.0122676685351835,0.000736975190350986
"195",2001-10-11,0.026637222394681,-0.00948798779664294,-0.0099741181768145,0.00414149895983026,-0.00686749442502189,0.00074060169364154
"196",2001-10-15,0.03543574087196,0.0284250588922268,0.0332747383661638,-0.0299548630496658,0.0305725957563774,0.000729712272924177
"197",2001-10-16,-0.00368552924547875,0.0187345589236098,0.0195255054958866,-0.0100334595078141,0.0248919226070254,0.00072078057170244
"198",2001-10-17,0.0010221137348833,-0.0100292126500909,-0.0064450401871917,0.00503348365799145,-0.0142873015237674,0.000716804494955259
"199",2001-10-18,-0.0169989117875952,0.0260169700575859,0.0209644110194477,0.0143316084571233,0.0280604907800798,0.000722105049939303
"200",2001-10-19,0.0150520245039998,0.0804010900900559,0.0360554582614658,-0.0434783605884611,0.0451602402110113,0.000716141429815131
"201",2001-10-22,0.020899397988402,0.0442503594383109,0.0207249440710647,-0.0298421540956206,0.0203065383499688,0.000717467449839138
"202",2001-10-23,-0.000396292026897703,-0.0542077342784892,-0.00861288850598533,0.0262436570060018,-0.0120201662281552,0.000718793028985809
"203",2001-10-24,-0.0126708295666769,0.000160547863132309,-0.025127974865991,-0.00396213678795677,-0.0145519272443129,0.000724421828637967
"204",2001-10-25,0.00876274274519964,0.0137315783098651,0.00516512744919542,-0.0271907074444629,0.00781683173772457,0.000718130294503849
"205",2001-10-26,0.00742967340404515,0.00773756830137029,7.48389318810903e-05,-0.00198392723329733,0.0138864227592396,0.000720449383382338
"206",2001-10-29,-0.0286928949135,-0.00358224220821044,0.00899641110881452,0.0199965403076077,-0.0111416495262498,0.00072309811994864
"207",2001-10-30,-0.0241674129561039,0.00774937310869064,0.0100563977476941,0.0147308986091194,0.0100560169422697,0.000720449383382338
"208",2001-10-31,0.0258199657926806,-0.00772637486914148,-0.00259864765924608,-0.0167830545417232,-0.00634737739658203,0.000713156271279214
"209",2001-11-01,-0.000590803782353801,0.000366793055528019,-0.0121866028912559,-0.0174856496305114,-0.00194694555918438,0.00071182881637144
"210",2001-11-05,0.0410417627123442,-0.0267221104884322,-0.0129404098132999,-0.0460612138301852,-0.0294745492186691,0.000704187361509456
"211",2001-11-06,0.0133974617297078,0.015703461460322,0.0057540427254222,-0.0320530465605196,0.0271622178810232,0.000702191527457208
"212",2001-11-07,0.00617782167266143,0.011156240009597,-0.00083004153333947,-0.0269268358422572,0.00411872352560776,0.000696531232481146
"213",2001-11-08,-0.00659156009948712,-0.0031814971589913,0.00023597827360676,0.00907606367117016,-0.022245665677621,0.000695531522158843
"214",2001-11-09,0.0158184027777722,0.011583072453883,-0.00267173758546138,0.00124600143587893,0.0145117249399115,0.00069852990140018
"215",2001-11-12,-0.0201218005693393,-0.00456086622370685,-0.00835780337581183,0.00748497942114035,-0.00765998356536163,0.000702191527457208
"216",2001-11-13,0.0193864295996503,0.0101142468322872,-0.00476012110167046,-0.0204172207629532,0.00328532202197536,0.00069986179091619
"217",2001-11-14,-0.00867791600550935,0.00955321125038907,0.00904202758957265,0.00396515421437179,0.0037454255263233,0.00069686441355632
"218",2001-11-16,0.000382684389926443,-0.00605738877721545,0.013777687586086,-0.0069992540821512,0.0102292879030232,0.000692864401768301
"219",2001-11-19,0.0120276990063421,0.0056251853898466,0.017292166783207,0.00876394086931062,0.0153181456972477,0.000687190839687046
"220",2001-11-20,-0.0117923025294552,-0.00814694998099696,-0.00891635402043942,0.0337489491973348,-0.0060833073421764,0.000693531349158949
"221",2001-11-21,0.00856309488641313,0.0441230842101726,0.025152044819353,-0.0174959616705916,0.0394943460291201,0.000689527990203942
"222",2001-11-22,0.0155710132265774,0.014399143795263,-0.0117388868028928,-0.0228354406458027,0.00762430441418045,0.000695864786787181
"223",2001-11-23,0.0155794154182938,0.014803906849347,0.0182293197087565,-0.0386726363964206,0.0185899875764159,0.000694531561093559
"224",2001-11-26,0.011715896003144,-0.00700059158141835,-0.0192118780122234,-0.0248604105208842,0.00373959049455069,0.000697863789750341
"225",2001-11-27,-0.0102747641105967,-0.00739352536866231,-0.024295750190894,0.00132232096472827,-0.00983662336433946,0.000699195901776362
"226",2001-11-28,-0.0326648942996016,0.0115636397365803,0.0212004162428028,0.0113197130142421,0.0142753415636724,0.000701858791290144
"227",2001-11-29,-0.0193648769770478,-0.0144760090347722,-0.00143530182487715,0.021355413886212,-0.017181156427564,0.000704187361509456
"228",2001-11-30,0.00578066890545271,0.0222542501013736,-0.00932345291993162,-0.0226462569717287,0.0144831947582496,0.000701193235636
"229",2001-12-03,0.026222945045414,0.00226433574791812,-0.0084991370025804,0.00288563204133198,-0.00147945987652404,0.000698196859486799
"230",2001-12-04,-0.0125647041944857,0.0105442103110957,0.00269332816945772,0.000541230944162981,0.00356832010003395,0.000698196859486799
"231",2001-12-05,0.0199394606937399,-0.00986385095149622,0.0271794369534152,0.000414667498944782,0.00365095178148788,0.000701526027351296
"232",2001-12-06,0.00567413718681744,-0.00151352146810287,0.0282906615421954,0.00224277336831423,0.00576094321274754,0.000702524235856927
"233",2001-12-07,-0.0125634064174185,-0.0103488686580992,-0.0081589423277286,0.0201735209910775,-0.0214893558368617,0.000701858791290144
"234",2001-12-10,0.00165764092246538,0.0204090021169676,0.0205025390025679,-0.0203373161998695,0.0227190514094212,0.000696531232481146
"235",2001-12-11,-0.00436335007895531,0.00332689783615377,0.00100642339033418,0.00698425391956126,-0.0014476995733858,0.000697530692186366
"236",2001-12-12,0.00497807716496982,0.030631457428039,0.00454852599780623,-0.024252373027209,0.0253482529812188,0.000697863789750341
"237",2001-12-13,-0.0228988601745649,0.00447947860089476,-0.00426705475169521,-0.00017303831756197,0.00588629537457299,0.000698196859486799
"238",2001-12-14,-0.0099151754994703,-0.0140166478660921,-0.0192749098743734,0.0134778255225426,-0.0159926495798432,0.000697863789750341
"239",2001-12-17,-0.000381245943310747,-0.00441613557077732,0.0142632131436968,0.00953597793318452,0.00529285688470544,0.000699195901776362
"240",2001-12-18,0.0209139036054901,0.00914323350093571,0.00450759589122111,-0.0190896000662997,0.000906322479494671,0.00069686441355632
"241",2001-12-19,-0.00570082798970995,-0.0121055459965344,-0.010940916951067,-0.002334446021546,-0.0138237866484258,0.00069186377143815
"242",2001-12-20,-0.0165198497703837,-0.0175627990669292,0.000796401164465881,0.0266334516230196,-0.0103013795593043,0.00069852990140018
"243",2001-12-21,0.0246507746076181,0.00492672384724553,0.0119712232142087,-0.0202551157346378,0.0115424481938779,0.000697863789750341
"244",2001-12-26,0.000751814043180358,0.00646701375258928,-0.00473771956532157,-0.00972545867958976,-0.000651829676740948,0.00069686441355632
"245",2001-12-27,0.0258811872594093,-0.0125136269949159,-0.0101000169470573,-0.0194951472300357,0.00155630193489575,0.000695531522158843
"246",2001-12-28,-0.00543749358190232,-0.023543078884561,-0.0100963849027106,0.0202359704614673,-0.0204589603226601,0.000690862889902055
"247",2002-01-02,0.0191676833742412,0.0154789141383716,0.00245245371837569,-0.00223320487859594,0.00382912810134338,0.000689527990203942
"248",2002-01-03,0.022775373599963,0.00889892495436311,0.000317562728563408,-0.0166883066437099,-0.00395285156991164,0.000688192643393259
"249",2002-01-04,0.000127553409152639,0.00952146107311651,-0.00124246912880995,-0.0129938457655513,0.00332806414464968,0.000690529206877954
"250",2002-01-07,0.00398654751148883,-0.0152148064520243,0.0129676925459402,0.0115781188444962,-0.0126327724856416,0.000686856849169581
"251",2002-01-08,-0.0060678974441175,-0.0140018431870996,-0.00862426407419201,0.0212322454094295,0.00119330043632954,0.000689527990203942
"252",2002-01-09,-0.0111034054396076,0.0253687434014744,-0.00724111362029238,0.00277792064090358,0.0247939243167431,0.000690529206877954
"253",2002-01-10,-0.0256841428625648,0.00384647953492237,0.000308335208153092,0.0232236146386986,0.0209813774020421,0.00069153017217749
"254",2002-01-11,-0.00217969647979992,0.0069708708179317,0.0154741408093598,0.00784099884117972,0.00420123263382216,0.00069186377143815
"255",2002-01-14,-0.0332620068056946,0.00306888183397527,0.00764534255515384,0.0141895331513011,-0.000731791951839013,0.000693864781019293
"256",2002-01-15,-0.0103539199916066,0.00959211320959927,0.000842205009360695,-0.0106889103806423,0.012022658586019,0.000694531561093559
"257",2002-01-16,0.0064970283893659,-0.013694370661383,0.0150717848211573,-0.000466333883982057,0.00278803885080439,0.000694864909316806
"258",2002-01-17,0.0184125658473041,-0.00351076997143815,0.00313782976561116,-0.00121779934211563,-0.00877316368391882,0.000690195495923307
"259",2002-01-18,0.00173888170725108,-0.00684883228300042,0.0193354754127519,0.00429970174884656,-0.00463701491694475,0.000690862889902055
"260",2002-01-21,-0.0144240760935388,0.00400237953441209,-0.00364274898905364,0.00138635309616326,0.00975892279103835,0.000691196545000272
"261",2002-01-22,-0.00474607763670742,-0.017202825341652,-0.00120977370150405,0.0117861527342356,-0.00539112503122031,0.000691196545000272
"262",2002-01-23,0.0138594734759012,0.00750286420736936,-0.00047494368365894,-0.00844941852710194,0.00304462740115647,0.000689527990203942
"263",2002-01-24,-0.00446553317136673,0.00120231579345883,-0.0052062065586307,0.000203345302332993,0.0028800716415878,0.000693197889410246
"264",2002-01-28,-0.00175838861739209,-0.0286586580559237,-0.0215817638929376,0.0220342752460857,-0.0169755966678431,0.000693531349158949
"265",2002-01-29,-0.0305569059842638,-0.00529554235452249,-0.000949027160628051,0.0185342990890454,0.013278285544031,0.000695531522158843
"266",2002-01-30,-0.00333486774264694,0.00153137494283565,0.000684449604536297,-0.00859252883897204,-0.00493841376010197,0.00069686441355632
"267",2002-01-31,0.0160610135283232,-0.0199817393402544,0.0244052425068292,-0.00495881107373862,-0.0133424294669578,0.000697863789750341
"268",2002-02-01,-0.00291647621925814,0.00125686843806729,0.0215572866096806,0.00569851591476395,0.0133986133872687,0.000693531349158949
"269",2002-02-04,-0.00506834329502753,-0.0146680155081043,-7.63156790410113e-05,0.0129110220342807,-0.000184120758151534,0.000694864909316806
"270",2002-02-05,0.0120998407568512,0.0104317427095729,0.00391749593944915,-0.00054825605202629,0.00100476869951947,0.000697530692186366
"271",2002-02-06,0.00382503746839961,-0.00523152616493193,0.00100224466432599,0.00737952265363034,-0.00443499433070554,0.000690529206877954
"272",2002-02-07,-0.002880650952343,-0.00684163291718051,-0.00358569424413901,0.00473987125812253,-6.91738594799009e-05,0.000690195495923307
"273",2002-02-08,-0.00758566290239305,0.00366561861115303,-0.00250903446669582,0.00109376531337593,-0.00431347886740177,0.000690195495923307
"274",2002-02-13,0.0205475151889245,0.00954786140987822,0.011406751980076,-0.00633235119995871,-0.00420503193312093,0.000686522830670278
"275",2002-02-14,0.0190205877785855,0.00714289442171218,-0.0020668827600838,0.00578576422541943,-0.00605081478302238,0.000686856849169581
"276",2002-02-15,0.00424549597954137,-0.0125156643328206,-0.0123810308041932,0.00978741986580217,0.00383819202458792,0.000685854709706391
"277",2002-02-18,-0.00890139018514534,0.00787936652277603,-0.0110841924457289,-0.00294592751274415,0.0083290423629444,0.000686522830670278
"278",2002-02-19,-0.00627661488480359,-0.0143250815276608,0.00663984061211491,0.00869042406160668,-0.00887821961746945,0.000685854709706391
"279",2002-02-20,0.0167718606796395,0.014216712100051,0.0168099769685088,-0.0157129327499783,0.0109009360805859,0.000684852318277196
"280",2002-02-21,0.0183084792033602,-0.00875627046148898,0.00462720944106184,0.00140085118676529,-0.00578688503468879,0.00068150919213017
"281",2002-02-22,0.00521979795608221,-0.00990817783592955,0.0204876699918172,0.0189664124085845,-0.00305852853604537,0.000682512424362569
"282",2002-02-25,0.0223927594979608,0.0131635098145144,0.0284838743304326,-0.0113513530020121,0.00671092558508611,0.000680505707381096
"283",2002-02-26,0.00152420232927184,-0.00559111435342463,-0.0124192057915765,0.00715143216421519,-0.00944352632777525,0.000681174725277511
"284",2002-02-27,0.0155003468939856,0.00384557483528947,0.00394829891834275,-4.04280696906303e-05,0.000933244108948759,0.000679836577198278
"285",2002-02-28,-0.00452680344657803,-0.0150485100493828,-0.0126819247222005,0.0102917535360129,-0.00691394889379965,0.000681174725277511
"286",2002-03-01,0.0208903723808161,0.0114230807077589,-0.00834690968970136,-0.0147768845688811,0.0020274617852157,0.000681174725277511
"287",2002-03-04,0.00299770865555628,0.00718428007926953,-0.000737582223828719,0.000650260045270798,0.00103682047967352,0.00068150919213017
"288",2002-03-05,-0.0284751923909505,0.00577798794065166,0.00768830308570412,-0.00592018653016215,0.00880574543642094,0.000680505707381096
"289",2002-03-06,-0.00789186304285005,0.00981292749095969,-0.0133964442440523,0.00617137182911237,0.0190703113001608,0.000681843630925494
"290",2002-03-07,-0.00593538074604921,0.00268570463112614,0.00860487884793974,0.00658866026556863,-0.00062888953343152,0.00067682410082015
"291",2002-03-08,0.00976011953923221,0.0164971800729883,0.0218104132273346,-0.0130825945130149,0.0106934384567635,0.00068150919213017
"292",2002-03-11,-0.0103666873615946,-0.0113683869094559,0.00708255475086418,0.0206025596401634,0.00206488169142922,0.00068150919213017
"293",2002-03-12,0.0282678430754415,0.0160947664212155,-0.00405204662754641,-0.0133925585040977,-0.00386179341792327,0.000673809346432686
"294",2002-03-13,0.005903639265592,0.0024747854854812,-0.00269088857491106,0.0150371408168431,0.00742532898931533,0.000675149518728269
"295",2002-03-14,-0.00707167999108952,0.00619371709533434,0.00391758072803245,0.00401905025463523,0.002339864358688,0.000673809346432686
"296",2002-03-15,0.0175892228644395,-0.00946745418801468,0.0139448745357436,-0.00207269894728352,0.00542472649383355,0.000673139091306618
"297",2002-03-18,-0.00425476151394557,-0.0117705085006117,0.000267360523150526,0.00443105846344271,-0.00707008532468342,0.000667101718982988
"298",2002-03-19,-0.00258032330111513,-0.0190280950384174,-0.00569488051706476,0.014467500797805,-0.0014461290509124,0.000670792310581314
"299",2002-03-20,-0.00271039898058396,0.000541786903104978,0.00270205706687369,-0.0111684535641642,0.0135458416376541,0.000664751380628603
"300",2002-03-21,-0.0216727664651219,-0.0155241534086111,-0.00542442529140555,0.0114487518677363,-0.0087277050975947,0.000674479488893986
"301",2002-03-22,-0.023423984677478,-0.0100502091893077,-0.0122597127354871,0.0194135034151632,-0.00742938887425904,0.000675819435973501
"302",2002-03-25,0.000983863811710684,-0.0111262467073116,-0.0100843307280472,0.00999789599559974,-0.0103954946939176,0.000675819435973501
"303",2002-03-26,0.0181571486573184,0.00926186230200865,0.0107703567192911,-0.00509140181027969,0.00914597519329335,0.000674814517887201
"304",2002-03-27,-0.00363651334316844,-0.00914565190876243,0.00552234590014113,0.0125372631041111,0.00273086153041777,0.000673474232955273
"305",2002-03-28,-0.0118735436938254,-0.00211326075976057,-0.0072463924044345,0.00533391722469846,0.0050320707943865,0.000672803921482501
"306",2002-04-01,0.0180007640614862,-0.0172617435869437,0.0042571800792931,0.00664117644151485,-0.0113846744656379,0.000672468723477815
"307",2002-04-02,-0.0155103866624361,0.00305369760936828,-0.00973720163820204,0.00162976472028905,0.00275814882324078,0.000671798242908084
"308",2002-04-03,-0.0118648808563681,0.00441674367963057,-0.00413528625815169,0.00356794990549865,0.00930412631557484,0.000672133497287897
"309",2002-04-04,0.0173175574113644,0.00967471092293652,0.0230514635828587,0.00617828622196852,-0.0025503887411691,0.000672133497287897
"310",2002-04-05,-0.00649168207932839,0.00462091568608923,-0.00368663441314912,-0.000129909398294995,0.00637983953128954,0.000671798242908084
"311",2002-04-08,-0.00283828405547666,-0.0146860859294582,0.00455597390128784,0.0159494269967591,-0.00389642952215293,0.000668779684157572
"312",2002-04-09,0.00161292344409888,-0.00452167431025555,-0.00307509190227404,0.0146427638432353,-0.000243987919415762,0.000667772989803472
"313",2002-04-10,0.0163750099093237,-0.0116796747670124,-0.00436931344305599,-0.000830429577513401,-0.0099153199116158,0.000667772989803472
"314",2002-04-11,-0.00147988850205816,-0.00423712155492915,0.00823449472818103,-0.0045873166319386,-0.0153429187820375,0.000667101718982988
"315",2002-04-12,0.0168731421290736,0.0204475086910861,0.00739385229849331,-0.00121029771608509,0.0113517552244252,0.000666094600780154
"316",2002-04-15,-0.0125361984178866,-0.0185475039635273,0.00327121889344481,0.0178099420031381,-0.00970301330512868,0.000667437368521595
"317",2002-04-16,0.00729729930725505,0.0148425785814654,0.00747557742403399,-0.00182463551515507,0.0125894915701571,0.000667101718982988
"318",2002-04-17,0.00732944033998351,0.00872212980002955,0.00041831809311412,0.00379955859410468,-0.00246753842423895,0.000665758838167774
"319",2002-04-18,-0.0115174554669972,-0.00783302703859925,-0.00844107067091465,-0.000359156007803939,-0.00160818043657418,0.000672468723477815
"320",2002-04-19,-0.0097475747033895,0.00175512586103673,0.007145601973957,-0.00539773492385366,-0.000175969460097391,0.000671798242908084
"321",2002-04-22,-0.00803921754331174,-0.0209690286242535,-0.000222758576119142,0.0155953789913211,-0.00403947237886081,0.000673809346432686
"322",2002-04-23,0.00173450196700852,-0.00148186445852454,-0.018333965606078,0.0107172012306636,0.013814840147704,0.000673474232955273
"323",2002-04-24,0.00950428796045024,0.00132814978067729,-0.00408896101956251,0.00877302694525213,0.00292182767788758,0.000672133497287897
"324",2002-04-25,-0.0122635469530997,0.00570025129736711,0.00542455598431998,0.00205871273109171,0.00158159458493155,0.000672803921482501
"325",2002-04-26,-0.0108390785999213,-0.0157347098939938,0.00833024628442917,0.0118469982898925,-0.0101902897930709,0.000672803921482501
"326",2002-04-29,0.00146757729747728,0.008947025254045,-0.00660003241005543,-0.00258758138056511,0.00157033146521367,0.000672803921482501
"327",2002-04-30,-0.00160408892970566,0.00579555626955879,0.00141376923140727,-0.0159419098443515,0.0054381218871204,0.000668108582833726
"328",2002-05-02,-0.028566597068868,-0.0296490198656692,-0.018489340365211,0.0336548740071086,-0.0124554116696454,0.000672468723477815
"329",2002-05-03,0.00418990195774531,0.00327468927485045,-0.00768089203737539,-0.00889786768280681,0.00734301158530336,0.000670456943394182
"330",2002-05-06,-0.012195749574624,-0.00193831314260848,-0.0316802796684882,-0.0043073592124074,0.00709939504283542,0.000669786124374072
"331",2002-05-07,-0.00292546628659256,-0.0163889283654053,-0.0227912301632699,0.0177201944673906,-0.00695414183220679,0.000669450672531546
"332",2002-05-08,0.0215333030835837,0.0124575425451422,0.00401496805764933,0.00219228642225982,0.000799602986328359,0.000668108582833726
"333",2002-05-09,-0.0303465447111962,-0.00914612921672571,-0.011389273493558,0.0241956333168167,0.0115322354212675,0.000669115192460934
"334",2002-05-10,-0.000658990314867549,0.0140566480837745,0.0181878342170223,0.00317036110693932,0.010389835920273,0.000667101718982988
"335",2002-05-13,-0.0106786885610564,-0.00184130290282454,-0.0046631662688194,0.00049186901702795,0.005714387729459,0.000668108582833726
"336",2002-05-14,0.0152999399310096,0.00889113771568418,0.00514307839939506,-0.00387095752428997,0.014050045355002,0.000670121547993396
"337",2002-05-15,0.00684165635796196,0.0101126599161687,-0.00998162681206358,0.00514071612186822,-0.00601021721359843,0.000669786124374072
"338",2002-05-16,0.0181034937592481,0.00618707620206752,0.0200343067394934,0.0047162032760886,-0.00392847603579066,0.000666766041183209
"339",2002-05-17,0.000851693003456519,0.002597351553893,-0.00662244564909035,0.000469379411494636,-0.00496222987333845,0.000667101718982988
"340",2002-05-20,-0.00392526706301993,0.00422489158367317,0.000378049726479917,-0.00915142979290102,-0.00682676668335455,0.000667101718982988
"341",2002-05-21,0.00210810308718983,0.00204944771698297,0.00916883893292585,0.00167762794634023,0.00783903556741579,0.000666094600780154
"342",2002-05-22,-0.0157843841990507,-0.0156004251858119,-0.00149404454170724,0.0219617608929886,0.00272358517047586,0.000668444147616798
"343",2002-05-23,0.0138167937031034,-0.000109657999305771,0.00393878376546424,-0.0001443491589151,-0.00823384670532215,0.000667772989803472
"344",2002-05-24,0.000864765152933837,0.00254566389359118,0.0032322810862143,0.0090098338667876,0.00719472850655701,0.000667772989803472
"345",2002-05-27,0.00120825986993397,0.00583788841919875,0.00381734359892758,-0.012474319903275,-0.00554316618372238,0.000668444147616798
"346",2002-05-28,0.000577370814575113,-0.00399108960838151,-0.0017492252743107,0.00340856212402138,-0.00125198238437696,0.000666094600780154
"347",2002-05-29,0.0123768719646834,0.0101160519791618,-0.000963707501540498,-0.0139908639335805,-0.0010294006411164,0.000664415504865623
"348",2002-05-31,-0.0102225943471679,-0.000503989812088546,0.00850732672228399,-0.0108627964721281,-0.00106460635026494,0.000663743668436467
"349",2002-06-03,-0.0072653597852042,-0.0179387170846966,-0.0124188889068469,0.00827351941076956,0.00135806610431421,0.000659373969801091
"350",2002-06-04,0.00131169552309167,-0.00270525823825599,-0.006591018501983,0.0121675880941094,0.00115034985794967,0.000652641990271263
"351",2002-06-05,-0.00264173344750584,0.00793878600328132,-0.0115832914583759,-0.0008844380182692,0.00888287578399371,0.000650957217674275
"352",2002-06-06,-0.0335069050800217,-0.000584498036473327,-0.00973031870917227,0.000592560874961096,0.00387853406205899,0.000661391348947493
"353",2002-06-07,0.0029560565433035,0.0224527431879447,0.00436210327976349,-0.0224777368846929,0.00134747714785163,0.000666766041183209
"354",2002-06-10,0.0213750818142176,-0.0163243455309951,0.00688276570873019,0.0109263876776338,-0.0138482871501755,0.000666430335117152
"355",2002-06-11,-0.0193481092489659,-0.00483499986760768,-0.0163241861284811,0.026559498945522,0.0165040096458698,0.000674814517887201
"356",2002-06-12,-0.00981354310384907,0.0235610680038408,0.00538365557836192,-0.00424986413187878,0.0195737016062745,0.00074060169364154
"357",2002-06-13,-0.0162730415646713,0.00381148685437581,0.00716340983763168,0.00534068701081574,-0.000479456566452241,0.000695864786787181
"358",2002-06-14,-0.0245460805082728,0.00237867172110376,0.00447490406121547,0.00174335197606484,0.0139736869543391,0.00069852990140018
"359",2002-06-17,0.0142002364739011,0.0124111642083737,-0.00206734641060488,-0.0104608651944998,0.00171487598101483,0.000681843630925494
"360",2002-06-18,-0.00662706732834147,-0.0208584590945161,-0.000909905507029405,0.00505190250398395,-0.0172297050589172,0.000686522830670278
"361",2002-06-19,-0.0220104600400051,0.000330352311853212,-0.00322653641672993,0.00917060440889867,0.0124632678915223,0.00068284677901409
"362",2002-06-20,-0.0493718936113218,-0.000269226836915243,-0.000293454224868317,-0.00879254042323575,0.00963061747022797,0.000689194195429899
"363",2002-06-21,-0.0379200351066698,-0.00291229912777216,-0.0250777368392643,-0.00133151067104565,0.00915413358487989,0.000737305008807754
"364",2002-06-24,0.0212102310849439,0.0200782240370527,-0.013716740480519,-0.0330227440006466,-0.00362598955083775,0.00067816326024106
"365",2002-06-25,0.0153250445613563,-0.0399968381658927,0.00313028534221005,0.0632288078083019,-0.0102206977566434,0.00069153017217749
"366",2002-06-26,0.0121998647962966,-0.00488691081940389,-0.0169227635021751,0.0268847931306057,-0.00244938742720446,0.000690195495923307
"367",2002-06-27,0.0306494250452138,-0.000742381258521004,-0.00783499967912032,0.00591725721902201,-0.00758838918033152,0.000680840230362634
"368",2002-06-28,0.0136565449786616,0.012924870429497,-0.0141347439218463,0.0205238460513752,0.0171336835333089,0.00067749373675885
"369",2002-07-01,-0.0160154972970612,-0.00926866713959259,0.0067748456260876,0.00283676841790988,-0.00149814215220691,0.000685520607232482
"370",2002-07-02,-0.00531993241455565,0.026679536007967,0.00884061324808518,-0.00649611171667769,0.0143671175234895,0.000687190839687046
"371",2002-07-03,-0.0165000458609932,-0.023393280785111,-0.00173891746996034,0.0148009694528153,-0.0137950397683722,0.000688192643393259
"372",2002-07-04,0.00424447630733802,0.000553060233658556,0.0164162744401579,0.012976515197176,0.00310186065607204,0.000687524802226891
"373",2002-07-05,-0.013483070325158,-0.00718701696039034,0.00447358308442674,-0.00204861430836438,0.00556911772479179,0.000686188784184028
"374",2002-07-08,0.009266182258016,0.00098636955745391,-0.0134068818075722,-0.0110794922792917,-0.0154689356200493,0.000685186476757638
"375",2002-07-10,-0.0156298177416916,0.0101231915944345,-0.0080529130835107,-0.00621680638628611,0.0107502415954818,0.000684852318277196
"376",2002-07-11,0.00938088472714824,0.0349760466710528,-0.0140326307957159,-0.0347797553677064,0.0203979227763414,0.000680840230362634
"377",2002-07-12,0.0104320260725943,-0.00104488256475616,-0.0291692756498691,-0.0229454316006589,-0.0179968684428017,0.000675819435973501
"378",2002-07-15,-0.0190073599459838,-0.00817156443587895,-0.00565046314097471,0.0313449361239441,0.00345449316666886,0.00067816326024106
"379",2002-07-16,0.00199495033612395,-0.00910808983893403,-0.00120214731704584,0.0239550246146425,-0.0105405008535954,0.000679501969987673
"380",2002-07-17,0.0163216294478278,0.0125051444747007,-0.00868039259391381,0.00388676983346015,0.0130064560581754,0.000666766041183209
"381",2002-07-18,0.00357729863255766,0.00453753970812764,0.00945836804614156,0.0038967497540965,-0.00305874557703606,0.000666766041183209
"382",2002-07-19,-0.0138598123593517,-0.0135609418764829,-0.0113940100503522,0.0215562200813672,-0.00344207164148616,0.000667437368521595
"383",2002-07-22,-0.0554072379235912,-0.0143519654012745,-0.0142299770295202,0.0366514772295252,0.000323793081025092,0.000670456943394182
"384",2002-07-23,-0.0202055626415116,0.0266962944083282,-0.0100332496828166,-0.0227667969296372,0.0105023858079979,0.000676154352387215
"385",2002-07-24,0.0174732101655007,-0.00414251238796497,0.0257207379787843,-0.0161533839263291,0.0107737862029927,0.000671798242908084
"386",2002-07-25,-0.0300692605754957,0.0195981575386086,0.0164891771488954,0.00256242354283797,0.0203687021381658,0.000674479488893986
"387",2002-07-26,-0.0449194704281588,0.0185699529148144,-0.0116251285730844,0.00134768184744342,0.0203706986844588,0.000682178041668147
"388",2002-07-29,0.00121945079023556,0.00184300101963653,-0.0117367707494388,-0.00756488170450164,0.0193568380329206,0.00074751587175359
"389",2002-07-30,0.00181051566421319,0.00646837617719641,0.0117704596037678,-0.020722709330557,0.000442597380128418,0.000739612974377968
"390",2002-07-31,0.0495851495570542,-0.0227311782664089,-0.00572190817741232,0.0201838360213989,-0.0234421150720196,0.000713819833026985
"391",2002-08-01,-0.00261683119090834,-0.00569662081473832,0.0144719151204307,-0.0244760736382729,-0.00628322746520389,0.000717135986177064
"392",2002-08-02,0.0126014768948649,-0.0201815551044304,-0.00607174030613766,0.0119441260168063,-0.0199552365671038,0.000690529206877954
"393",2002-08-05,-0.0263075407043172,-0.0269128861477886,-0.00822425054478126,0.0329024322040683,-0.00479981108309972,0.000709836804926089
"394",2002-08-06,0.0146356839911155,-0.000133142665626959,0.00270323254770282,-0.00236273619326472,-0.0015956807192323,0.000694198184995942
"395",2002-08-07,0.0121452511905089,-0.0084123858995413,0.00618730092931648,0.00436298338762267,-0.00281550329496937,0.000684183917280867
"396",2002-08-08,0.0396492387016707,-0.0266358985413159,0.013687752018158,0.00852617483702866,-0.0139060680017432,0.000675484491422296
"397",2002-08-09,-0.0149628849378187,-0.0219936133357236,0.000427746879473896,0.0343294484744274,0.000985202781762444,0.000688526522029331
"398",2002-08-12,-0.0272668323794698,0.00614141572421734,-0.0125397353546896,-0.00071780554973031,0.00308840338946806,0.000693531349158949
"399",2002-08-13,-0.0296711970224786,0.0125537779195538,0.0183052518471925,0.0145719409663985,0.00563681441411631,0.00068150919213017
"400",2002-08-14,-0.00781428151962861,-0.0281139072486921,0.0234078399180935,0.0201362719605325,-0.0136281684361148,0.000676489240667877
"401",2002-08-15,-0.0165508940148269,0.00542912879093995,0.0275758027513441,0.0117936041153225,0.0144575520241804,0.000679501969987673
"402",2002-08-16,0.0295403108623242,0.0273383749552351,0.0094448926203755,-0.0360837925385745,0.00951459273331779,0.000674144431744184
"403",2002-08-19,-0.0109460017318285,-0.00419526263962903,-0.0102374561942844,0.0128295382206669,-0.00439548274487043,0.000671127649559677
"404",2002-08-20,-0.0126440059807476,0.00393305036500999,-0.00743800069745878,0.00477397719333662,0.016578812618662,0.000669450672531546
"405",2002-08-21,0.0125361500148864,0.00461510320325263,0.00800092370023635,-0.0215781085152229,0.0108618400746686,0.000668444147616798
"406",2002-08-22,0.0208485225242628,0.000956483141782961,-0.0117977667321579,-0.0158280426376926,-0.000339122599104128,0.000667437368521595
"407",2002-08-23,-0.00240985162958112,-0.0125448023882605,0.00767900804407206,0.0224084173901984,-0.00376089116739345,0.000662063581871042
"408",2002-08-26,0.0335608390536788,-0.00621714313368127,0.0231061524562145,-0.0203352747848669,-0.0160314865662677,0.000661727479578156
"409",2002-08-27,0.0283132918479188,-0.028376081763846,-0.00476129826232025,-0.00828525257164068,-0.029839406363333,0.000663071718771002
"410",2002-08-28,-0.00782756446570832,0.0211571619323037,-0.00228721573328116,-0.0306305880797239,0.00897159857147701,0.000659710270559222
"411",2002-08-29,-0.00178472197557196,0.0221251081724667,-0.00346542771578818,-0.0305922158232912,0.0060625752764176,0.00065567278789791
"412",2002-08-30,-0.00168701187723499,-0.0113839174730937,0.0254512142703982,0.00805385542994389,-0.0233023858985786,0.000657692040344493
"413",2002-09-02,-0.000600072557786415,-0.00450447139253856,-0.00871861607455034,-0.00484101018081888,-0.00458063178585966,0.000658364897279551
"414",2002-09-03,-0.00937808349254069,-0.0113873831377405,-0.0246475310214588,0.0290676783300467,-0.0073255235877061,0.00065870128316603
"415",2002-09-04,-0.00439699749262784,-0.00211346331942595,-0.00318820252430138,0.0349092553035978,0.00424961827429074,0.000661391348947493
"416",2002-09-05,-0.0182220749945204,0.000607357138732778,0.0143541403851302,0.038203850077475,0.0109074922892153,0.00066407960080328
"417",2002-09-06,0.00144935809659273,-0.00874629809686387,-0.00175089255016282,-0.00145393465187539,-0.00354243563585624,0.000667437368521595
"418",2002-09-09,0.0117301370448285,0.00433277986311456,0.000806194221733132,-0.025339243146622,-0.00497729098496847,0.000667101718982988
"419",2002-09-10,0.00551412528901166,-0.0165819079296821,-0.0167044804407607,0.00640659071885647,-0.00609885905434264,0.000672133497287897
"420",2002-09-11,0.0182982982522984,-0.00297267931493171,-0.0129906445690133,-0.00997265153679257,-0.0052863801535636,0.000670121547993396
"421",2002-09-12,-0.00271253102638229,0.0145438728875047,-0.013480151361317,-0.0131797489442392,0.00989918688503317,0.000670121547993396
"422",2002-09-13,0.00227801270805003,0.00665691508576483,0.0097482825802737,0.00194904425339378,-0.00245768486440106,0.000668444147616798
"423",2002-09-16,-0.0237348362582537,-0.0102134332686659,-0.00258290972431602,0.0306273044320419,0.00521850063648402,0.000675484491422296
"424",2002-09-17,-0.0167523565086766,0.00310819880388636,-0.00518152616299982,0.00144926795794537,0.00106626994421114,0.000672803921482501
"425",2002-09-18,-0.0103065343868868,0.0169643448997293,0.0127657596726496,0.0056268671208581,0.0293930797603134,0.000677828512554601
"426",2002-09-19,-0.0137605912140348,-0.00716666876409682,-0.003093307531569,0.0177249535534782,-0.00745523796559237,0.000685854709706391
"427",2002-09-20,0.0164951464132788,-0.00491999048639883,-0.00411922022010543,-0.0208205141695171,0.000968136665986739,0.00067849797982289
"428",2002-09-23,-0.0191919909551979,-0.00237018076601913,-0.0194721199491274,0.0199867341499505,0.0165341878031009,0.000683515404205748
"429",2002-09-24,-0.0045930799433221,0.00539480748894818,0.00489644096440088,0.0500871620869235,0.0176985998017249,0.000693531349158949
"430",2002-09-25,-0.00553168527718451,0.014787451771992,-0.000896194451535708,-0.0232813502542587,0.0035965254400928,0.000686522830670278
"431",2002-09-26,0.000761505838064857,-0.00570378264372494,-0.00214327550957341,0.0160162216438873,-0.00275374600868415,0.000681843630925494
"432",2002-09-27,-0.0390699408324741,-0.00266807011032393,-0.0134134258676947,0.0320300730149488,0.00503822051126517,0.000692864401768301
"433",2002-09-30,-0.00859985604252802,-0.0203301119552453,-0.000189575474169149,-0.0152135542996891,-0.00910433959609595,0.000698862915495146
"434",2002-10-01,0.0322560309364158,-0.0111008429575636,0.0105768301141758,-0.0267686840155297,-0.0325379695435018,0.00067816326024106
"435",2002-10-02,-0.00660981260593592,-0.0384264286149831,-0.00943326779861447,0.0218394970754167,-0.0202976724118748,0.000676489240667877
"436",2002-10-03,0.0327321890848642,-0.00581800509038925,-0.00818860678484145,-0.0119150968058494,-0.0141607649703064,0.00068150919213017
"437",2002-10-04,0.000971614412433301,0.0204036505535851,0.0293835869026204,-0.0131848405393181,0.0150800677804152,0.000675484491422296
"438",2002-10-07,-0.0289044787618197,-0.00387140781797524,-0.00468612646540581,0.0344118023018841,0.010977984382593,0.000681843630925494
"439",2002-10-08,-0.000947729109326214,0.00131620419053449,0.00466708642805779,-0.00682774189555307,0.00262893142498258,0.00068284677901409
"440",2002-10-09,-0.00849060779620598,0.0114273685290546,0.0024599673579686,0.0195956799961263,0.0132949833687112,0.000690862889902055
"441",2002-10-10,0.0104023072203651,0.00855238029578624,-0.0183900982973757,0.000743288823544682,-0.000305415044911789,0.000692530886228893
"442",2002-10-11,-0.00911711900192362,0.01635006202836,-0.00750495620097332,-0.0122389897435188,0.0106833908527829,0.000707511532939131
"443",2002-10-14,-0.0358369684685439,-0.00304314267304442,0.00137627122232799,0.0209076689489755,0.0087476057951645,0.000834716934355217
"444",2002-10-15,0.00133789228556361,0.0188660824988971,-0.0138066262717326,-0.0124931556261931,0.0130243654631858,0.000866772232971158
"445",2002-10-16,-0.00807660697969576,-0.0170630253006557,0.00356281608699046,0.0210922867575672,-0.0171500310071661,0.000831497185538099
"446",2002-10-17,0.0544282749264269,-0.0108541564785053,0.00707641980394201,-0.0144936908498117,-0.0233171495396429,0.000831497185538099
"447",2002-10-18,0.00787422479458967,0.00426158998975912,0.00190602660457748,-0.0103365124870473,0.00819680603188011,0.00081632944249499
"448",2002-10-21,0.0095161068299339,0.00076578188480304,0.00326583729919031,0.0058098005742136,-0.0005215532619428,0.000807265838361548
"449",2002-10-22,0.017290619411284,0.00865946591442688,0.0047053615337141,-0.00201460498856477,-0.0048967467960724,0.000806293514822753
"450",2002-10-23,0.0496672154190128,-0.0203370030359896,-0.00451702105259251,-0.00803191663630785,-0.0160104788409829,0.00079070400466108
"451",2002-10-24,0.00730898541042684,-0.029316944371764,0.00108093267694395,-0.00803135414940201,-0.00874127492210057,0.000789402123285932
"452",2002-10-25,0.0200470177889843,-0.0109823335217368,-0.00883984447353629,-0.0105755176612313,-0.0112641794706201,0.000785168070684739
"453",2002-10-28,-0.0254821864610892,-0.0186016606023665,-0.00287550252414006,0.0333602480214966,-0.00923793559465068,0.000787774173565792
"454",2002-10-29,-0.00270060101928543,0.0198681920374527,-0.0020196956486302,-0.0174275524024281,-0.00402058470292733,0.000792005461092371
"455",2002-10-30,0.0360756725590408,-0.00695005743576412,-0.00448200590698559,-0.0276088802229431,-0.0045415628534137,0.000796882142794386
"456",2002-10-31,0.00975830742588603,-0.00914293754525219,-0.0133232399661976,0.00562945136208518,-0.00796413302324277,0.000787122807521579
"457",2002-11-01,-0.00623054322986582,0.0163125741546455,3.1518076007651e-05,-0.010701365923031,0.00697996365847585,0.000779624439767757
"458",2002-11-04,-0.0234495417723011,0.0116158159280454,0.0134996771617492,0.0202821723653466,0.02401437437803,0.000783212375060405
"459",2002-11-05,-0.0133603833084219,0.0264795298107025,-0.00825069021684045,-0.00543617540578441,0.0131254355729513,0.00078614555889267
"460",2002-11-06,-0.00825599152837694,0.0027612468246083,-0.00716679218785093,0.0321566544039054,0.00147585046801494,0.000798831146628487
"461",2002-11-07,0.00938797745193624,0.0142369238346119,-0.024105994817366,-0.0245604594750393,-0.00910740540430511,0.00079818158453282
"462",2002-11-08,0.00487409100131556,0.00415496126662565,-0.0121911298701999,-0.00708171097188309,0.018788794835272,0.000797856763798066
"463",2002-11-11,-0.000193209218523735,-0.00784998513451662,-0.00973894123653731,-0.0206429313393552,-0.0201553364725551,0.000797531916599592
"464",2002-11-12,-0.0114959627530274,0.00070537486370713,-0.0105758052602771,-0.00172304798924114,-0.00333799060312024,0.000808885850873686
"465",2002-11-13,0.00185490433017212,0.000836012374972646,0.0183751106483253,-0.00537146858934697,0.00459029741958388,0.00082246803273156
"466",2002-11-14,0.00915007566090805,-0.000641659650089407,0.0168584385546154,0.00858700674437264,-0.00267429445901478,0.000823759164177318
"467",2002-11-18,0.0113849270415787,-0.0261762196776418,0.00682758172025563,0.00777188309488018,-0.00617429148807344,0.000820530551327359
"468",2002-11-19,-0.0103895861331456,0.00147294310084663,0.0367147146560153,-0.0150749769185419,0.0146889308540434,0.000819238373838127
"469",2002-11-20,0.00519821802649034,0.000271465081301719,0.00637655789675031,0.00342594405899058,0.00100843366292985,0.000807589893524474
"470",2002-11-21,0.0201427262145717,-0.00774616190660948,-0.00513866855225242,0.00626807098921461,-0.0196884894753994,0.000809857542537928
"471",2002-11-22,-0.00369542769453511,0.00978081475671282,0.0004879628441311,-0.0125371913914739,0.00691617479803735,0.000811152763180001
"472",2002-11-25,-0.00867479045219742,0.00240614643160725,-0.0386208596098238,0.00719527470925669,-0.00448966601349663,0.000806941756859914
"473",2002-11-26,-0.00956974468704353,-0.000395282618191104,-0.00156895580040832,0.00307547705498351,-0.0158694222245194,0.000810181387144615
"474",2002-11-27,0.00171658762673562,0.0260394457598099,0.014163647295376,-0.0264717437025552,0.00965203549570606,0.000812447563223406
"475",2002-11-28,-0.000975072896086054,0.00836187598039828,0.00650857532808475,-0.00798112246584287,0.0100003961426155,0.000818592128025708
"476",2002-11-29,0.025547885197874,-0.00196652477375067,0.002828750076236,0.0208700483499944,0.00223446107072213,0.000825695077788513
"477",2002-12-02,0.00708068714446141,0.00079161093789991,-0.00154355626926813,-0.0131795627057712,-0.0044468506027336,0.000829241813425474
"478",2002-12-03,-0.00333379960000416,-0.0119684656884692,0.00973119898338006,0.00655137798681581,-0.00822461002902241,0.000836325834328466
"479",2002-12-04,-0.00345423562186723,0.00439256745666471,-0.00473787224452691,-0.00956744582316318,0.013750985636135,0.000839863130796425
"480",2002-12-05,-0.0119560519257926,-0.00747080741339314,-0.00117700582776663,0.025072952294102,0.00156478096154291,0.000849815025558698
"481",2002-12-06,0.00914573071348858,0.0092497455432811,0.00848244234901837,-0.0211832327364434,0.0066341940506404,0.000846607449963788
"482",2002-12-09,-0.0164196132255578,-0.00819469033351568,0.00287505659860599,0.02492963220989,-0.000834045759215751,0.000854301301017157
"483",2002-12-10,0.004170563376882,0.00663355083025593,-0.00477645911165413,0.0162555053392884,0.000143133588048949,0.000856222446426136
"484",2002-12-11,0.0201747090191037,0.00953157539317805,-0.000330402678196628,-0.0253212127515089,0.00014611906795613,0.00086229997436793
"485",2002-12-12,-2.24772072522973e-05,0.00101562930771937,0.00229478589572665,-0.00275412953990661,0.000311787952831784,0.000869006482703938
"486",2002-12-13,-0.00736936574100182,0.00852691560653348,0.0156305816612378,-0.0188520668762811,0.00646947720551819,0.000866133645901046
"487",2002-12-16,0.00864492247199841,-0.00541783187114909,0.0150342105831632,-0.011855399251741,0.00859270787228238,0.00086996363521008
"488",2002-12-17,0.0062524613368814,-0.00898427942476628,0.00045018009625713,0.000185159679228377,-0.0183684192676241,0.000870920558020183
"489",2002-12-18,0.00231745339841144,0.0126867926673799,0.0196273937780824,-0.0367023434661152,0.0137353143786637,0.000888741094300372
"490",2002-12-19,0.015674407985182,-0.0297863946944912,0.0019132165634318,-0.0151917337001865,-0.0336257745238951,0.000897304766068308
"491",2002-12-20,0.0142503920609703,-0.000738962113128192,0.00851779164625266,-0.0386349993515353,-0.0107466698385348,0.000897621586180231
"492",2002-12-23,-0.00495101410324498,0.0112143227102496,-0.00196377832119086,0.0124071453811136,0.0210545950546643,0.000900155241308598
"493",2002-12-26,-0.00504475475106985,0.0165130130680082,-0.00520319018613502,0.0178841698243881,0.0176275406079285,0.000902370869756863
"494",2002-12-27,-0.00808350890196184,0.00655332651092581,-0.00423313881976229,0.00755655815472255,0.00231239040455044,0.000901737958664883
"495",2002-12-30,0.00901698302877944,-0.0145774816887996,0.0148905262766327,0.0205059065432466,-0.0132828011120941,0.000903320048083245
"496",2003-01-02,0.0130896088822196,0.0209305349949673,0.0183366126472712,-0.0471509988038631,0.0138489378627875,0.00089381808250244
"497",2003-01-03,-0.00434769976243018,0.00835887079710251,0.0189367512480424,-0.00104443859262243,0.00515668957781339,0.000889376071436576
"498",2003-01-06,0.018200559678171,0.021282007737333,0.037989341884329,-0.0658672253873236,0.00157908118374356,0.000894135179743794
"499",2003-01-07,-0.0196082309691075,0.0117197680655807,0.0027335714707405,-0.0122603019023897,0.00215527614983784,0.000893183812362697
"500",2003-01-08,-0.00168561876982454,-0.00455661440223918,-0.0146568067545085,0.00852164372303249,0.00832980026366228,0.000889693522091672
"501",2003-01-09,0.0104767995700765,0.0121885256669519,0.00256450640066921,-0.00624961995010132,0.0131648902771383,0.000889058595507475
"502",2003-01-10,0.0144549284325108,0.00589688712139515,0.0213032432067409,-0.0288126223153827,-0.00690980666030118,0.000883975540079351
"503",2003-01-13,-0.00919102002428692,-0.00926432422406998,-0.0102828982601018,0.0167899862616236,-0.0119363274105229,0.000885882445256891
"504",2003-01-14,0.000693683935656201,0.00348982708234191,0.00869359433112478,-0.0207808446929008,0.00180247914028259,0.000886835555992116
"505",2003-01-15,-0.005211002308839,-0.0163083287383306,-0.0154330580649735,0.0312903684559788,0.00303047018802937,0.000889058595507475
"506",2003-01-16,-0.000771790431927246,0.00816162257543933,0.00233899172407657,0.00782532281611974,0.0180336839820921,0.000888741094300372
"507",2003-01-17,-0.0209234594440834,-0.00246254994419619,-0.0130213040875655,0.0314693036362833,0.00874481209546553,0.000892232217949873
"508",2003-01-20,-0.00348716604427236,0.000436091093232399,-0.00649118643188388,-0.00238437666279346,-0.00702603288018273,0.000894135179743794
"509",2003-01-21,-0.00776419602057151,-0.0110124179451886,-0.0125182027351961,0.0334706076724139,0.00083137844322922,0.000894452251771538
"510",2003-01-22,-0.0251084166141518,0.0185146830866557,-0.00213740320148463,0.0128842371730916,0.0187627697135139,0.000899521978431572
"511",2003-01-23,-0.00470803654278172,0.00796426583506679,0.0135613490876831,-0.0100112903601727,-0.00665229584277553,0.000901737958664883
"512",2003-01-24,-0.0241008643794734,-0.0218351229505901,-0.019833552854728,0.0368274032406192,-0.0171213738513105,0.000914061641972275
"513",2003-01-27,-0.0127133881951109,-0.0277953770979141,-0.0156306468434199,0.0346803015391988,-0.0206857710989372,0.000916900168433044
"514",2003-01-28,-0.00493785396119374,0.0153680158758114,0.000690903490241526,-0.00550166560984323,0.0106228013218213,0.000907114503686302
"515",2003-01-29,0.0273154908641198,-5.29705873858616e-05,0.00518158002732661,-0.0190882491254455,-0.00408552466534947,0.000906482345102377
"516",2003-01-30,-0.0101264859320728,0.00327691339801192,-0.00407252292464463,0.010413321886113,0.00191673570804194,0.000907114503686302
"517",2003-01-31,0.0139335872318767,0.0124277271832866,0.0195199978930998,-0.0164694759753817,0.00639971997789368,0.000907746562071265
"518",2003-02-03,0.00431168567033933,-0.0113080902174818,-0.00206591783522509,0.0171957550865647,0.000290423708775781,0.000909642136350808
"519",2003-02-04,-0.0148312016984306,-0.032733240551601,-0.0209238356636577,0.0380682148383204,-0.0133083108430334,0.000911536809984348
"520",2003-02-05,0.00521744457215419,-0.00490578220381351,-0.00473724939614216,0.0199191397655777,0.00184617350400049,0.000911852501420674
"521",2003-02-06,-0.00445797100591589,0.00773165258310108,0.0142730193589739,0.00722904992658319,0.000598034374829933,0.000919736675818017
"522",2003-02-07,-0.0144691648029445,-0.00390489601180992,0.00612766314052685,0.0129979226460936,0.00163677414172842,0.000919736675818017
"523",2003-02-10,0.0093352876979977,0.00450009083237794,0.00136478787570621,0.00394653066387963,0.00134585465548427,0.000923515549850595
"524",2003-02-11,0.000374501723467686,0.0157259481694392,0.00944611518291869,0.0133262971056088,0.0162899305069989,0.000923515549850595
"525",2003-02-12,0.000267165830875769,-0.00270738397882285,0.00387021985053824,0.0116437632165276,0.00346086375322092,0.000924774379180482
"526",2003-02-13,-0.025209034300645,-0.00557149933493096,-0.00110658641254444,0.0242060493996108,0.0162082415935191,0.000938281756811099
"527",2003-02-14,-0.00537860127090666,0.00514058511204684,0.0174385542413375,-0.012841937754533,0.000868653391950345,0.000941103101482543
"528",2003-02-17,0.00708663441331738,-0.00227230176369322,0.00516542064438974,0.00980821613272777,-0.00514554827716545,0.000938281756811099
"529",2003-02-18,0.0123301699948054,0.0106764579374074,0.0166875512893609,-0.0182733377215432,-0.000588481073001849,0.000939535934212365
"530",2003-02-19,-0.0111956013958708,-0.00636069455438918,-0.018350951866343,0.0265915600734848,0.00294494153471643,0.000947365619027529
"531",2003-02-20,-0.00531015680372571,0.00784712537836601,0.0125980162376165,0.0071458073858131,0.000111303563680812,0.00094141646104462
"532",2003-02-21,0.0116857301093249,-0.00407312169613651,-0.0147859075040493,-0.0161022181819865,-0.00596526353649227,0.00094141646104462
"533",2003-02-24,-0.0131484063915258,0.0108534373971553,0.00831085448634589,-0.00392793365328752,-0.00135662028260685,0.000940789717295054
"534",2003-02-25,-0.00933924816071552,0.0170789722057091,0.00750906388128111,-0.0100219219116166,0.0132301782517853,0.000940162875028072
"535",2003-02-26,-0.0122273757815758,0.00418507393920855,0.00279646598128506,0.0228734251453084,0.0146595751866535,0.000940789717295054
"536",2003-02-27,0.00438247748518972,0.0100398463455745,0.00387027922313569,-0.00271711401262349,0.00641194798514066,0.00094141646104462
"537",2003-02-28,0.0146035097240358,-0.0175786393008122,-0.022372136567627,0.00224202353185621,-0.0115588381779958,0.000941729795985058
"538",2003-03-05,-0.00522602533881616,0.00444621531980703,0.0100935417135277,-0.0211705014887051,-0.000535248996820758,0.000943296101497904
"539",2003-03-06,0.0205855496228419,0.00400465675608016,0.0325700217799887,-0.0401286670315606,-0.0170156336012761,0.000942043106307633
"540",2003-03-07,0.00346568145864566,0.00154613921184168,0.00851982451237985,-0.0294203164372704,-0.0132304299788444,0.000943296101497904
"541",2003-03-10,-0.0253458304232169,-0.0193326205180326,-0.0251120510019658,0.037440927100767,-0.00406916685911846,0.000942356392016341
"542",2003-03-11,0.00310437320697188,-0.00490784138967597,0.00416625484419424,-0.000874970395390458,-0.00672277864536821,0.000939535934212365
"543",2003-03-12,0.0134667808969348,0.0020433962312525,0.0206393021476791,-0.0201253295690812,-0.0101661187281118,0.000938281756811099
"544",2003-03-13,0.00786120601961468,0.0180884165372628,0.00481475648074519,-0.0207921383595234,0.00618071711029413,0.000934830733721581
"545",2003-03-14,0.00694433485793559,-0.0130600261141024,-0.0282941011141161,0.00289147250447186,-0.00949192887679005,0.000933889027056045
"546",2003-03-17,0.0038646135115942,-0.0100605337480566,-0.00397631240203339,-0.000998553855302003,-0.0106744297788416,0.000937340864838987
"547",2003-03-18,0.0184283396689864,-0.010192988658448,0.0238998647020236,-0.0249928181470854,-0.019928679501471,0.000934830733721581
"548",2003-03-19,-0.009007247901763,-0.0176541275959583,-0.00411035969937984,0.0141096148035283,-0.0149442137005044,0.000941103101482543
"549",2003-03-20,0.0118848802175542,0.0060425207511694,-0.00339067243855528,0.010161444516858,0.00335677411716496,0.000940789717295054
"550",2003-03-21,0.00993688127752571,-0.00104111224491725,0.00397051949740151,-0.0248599687557247,-0.0107217047204596,0.000935144586531766
"551",2003-03-24,-0.0237490003179448,0.00321405967062989,-0.00148457712842596,0.0164848012026442,0.0125435326630933,0.000934830733721581
"552",2003-03-25,0.00901733922347749,0.012723766760812,0.0157583639241891,-0.0109469688532824,0.00615941870147312,0.000937340864838987
"553",2003-03-26,-0.00242399659565,-0.00316078971528516,-0.0113547835659217,0.0223341436095321,-0.000299350137260486,0.000935458414642598
"554",2003-03-27,0.0011696630309714,-0.00710016755218193,-0.00364997991029431,0.000114593177672371,-0.00421258012417757,0.000933261099044236
"555",2003-03-28,0.00590681698786461,0.020988510510954,0.00930377538471434,-0.00335320387616295,0.00753074992309739,0.000931690846297961
"556",2003-03-31,-0.00823708248663468,-0.0111342530782432,-0.0105596327247634,0.00440713167581057,-0.0129334202977722,0.000931376721537536
"557",2003-04-01,0.0166027954110727,-0.00197244363784602,0.0129383694231799,-0.0254948412531087,-0.0175609438831999,0.000928862832263899
"558",2003-04-02,0.0130532848603184,0.0127438184957645,0.0112725253076141,-0.0374308995596704,-0.00273434201427054,0.000928234112249404
"559",2003-04-03,0.00584217070237977,0.0112583974022744,0.00982988966485723,-0.0338096049008105,0.00839395720257927,0.000926661878401625
"560",2003-04-04,0.00300192666991502,-0.0134799416449863,0.0119219757114895,-0.0109792924907528,-0.0194353607398148,0.000925089024432113
"561",2003-04-07,0.000420815407177541,-0.00208451302561361,0.025325526717398,-0.0182929540809633,-0.00618789775256845,0.000922256323014681
"562",2003-04-08,-0.0232276469869947,-0.00922081097550655,-0.012479451333719,0.0422912500080871,0.00424328201625317,0.000921941454165909
"563",2003-04-09,0.00208835516654333,-0.0231043789430283,-0.0139157365553743,0.0196460589188356,-0.0140306493792536,0.000922256323014681
"564",2003-04-10,-0.00712342993567735,0.00907660711796837,-0.010980497013582,0.0179804179166628,0.0185790565148295,0.000924774379180482
"565",2003-04-11,0.00122328946981014,0.0139572285659025,0.00948241985425455,-0.0166162613471965,0.0069120191596605,0.000924774379180482
"566",2003-04-14,0.00176515122949243,0.0197288129382994,0.0206647462715611,-0.013001129050364,0.0103572257779326,0.000926032811255917
"567",2003-04-15,0.00860490741340744,0.0185032983184448,0.0120459528307646,-0.0300268458391096,0.0162836456218322,0.000925089024432113
"568",2003-04-16,-0.00741506618523113,-0.001859779099634,0.0110701714200755,0.0115780715766078,-0.00606908916713748,0.000925403644859379
"569",2003-04-17,0.0172731313078701,0.0146506040957533,0.0222136701360103,-0.0426643799011108,-0.00564890716480598,0.00092068173009352
"570",2003-04-22,0.00297504599745056,-0.00630132488215858,-0.00505545147386332,-0.00451595694222308,-0.00670366138233,0.00092068173009352
"571",2003-04-23,-0.000428323020697263,-0.00462073160289122,-0.0015899873502294,-0.00186439422851855,-0.0059994529611349,0.000922256323014681
"572",2003-04-24,-0.0165601511494081,-0.00252866337475295,-0.00015115509865994,0.00581714224840849,0.00209130329599227,0.000921626560453248
"573",2003-04-25,-0.00141422218604716,0.00369466765065509,0.00322330870496401,-0.00869098572775637,-0.00188827320990132,0.000920051718795944
"574",2003-04-28,0.0157251908910328,0.00183616871471152,0.00853261963658076,-0.0303318014721767,-0.00918879367765641,0.000919736675818017
"575",2003-04-29,0.0125817165345692,-0.0026612579304787,0.0072886420570705,-0.0121258471191978,-0.0022037396575043,0.000919106515184342
"576",2003-04-30,-0.0028080298507478,0.00289987825073611,-0.00585832688267008,0.0048663065591983,0.0191805367878333,0.000920051718795944
"577",2003-05-02,0.0153790601853456,-0.0125412141436116,-0.00155299404915519,0.00319796146295962,-0.0174950089780362,0.000920366736886447
"578",2003-05-05,0.00970596320671963,-0.018044275966338,-0.00909523994557414,0.0214459233740625,-0.0108061310364895,0.000921311641872924
"579",2003-05-06,-0.0112828249810839,0.00427924618863127,-0.0019303800183617,0.0126260781326241,0.00869191350987958,0.000921311641872924
"580",2003-05-07,0.0132922486931228,0.0190412697261707,0.0278613985689082,-0.0187091550710559,0.00347685422494007,0.00091879139752038
"581",2003-05-08,-0.00878893486725532,0.00870856035937815,0.0184196307393083,-0.00420544312960835,0.000719854135970466,0.000915323458741124
"582",2003-05-09,0.0186177527647829,-0.00037403106512653,0.00889854632862761,-0.0196476614038746,-0.00736880822043416,0.00091816108747933
"583",2003-05-12,0.00266724876798081,0.00360332931352684,-0.00613524601545987,-0.0205603804462518,-7.12785075728545e-05,0.00091816108747933
"584",2003-05-13,0.00804038504471566,-0.0105316192368884,0.00538218037722881,-0.0197301334647874,-0.0204492676687964,0.000916269559364524
"585",2003-05-14,-0.00452929192636428,0.00880894387161904,0.0144194397541197,-0.00472050429047252,0.00384997285206384,0.000915638850556899
"586",2003-05-15,-0.0111396775569294,-0.0234630314882109,-0.0282313128586859,0.0291198721036492,-0.0138247566036339,0.000916269559364524
"587",2003-05-16,0.000454885001945746,0.017059695372651,0.0127644134914508,-0.00686318193779874,0.0138918296784268,0.00091816108747933
"588",2003-05-19,-0.0249521213349392,-0.0135229932777679,-0.0254294499914958,0.0288323906321671,0.000641589480055129,0.000918476254953449
"589",2003-05-20,-0.00312544590564019,-0.00117962056356537,-0.0100912830176648,0.000869982957894256,-0.00870067897480792,0.000917530677794209
"590",2003-05-21,0.0133267704411573,0.00899382691673999,0.0171997599344596,-0.017638729747643,-0.000409046815000039,0.00091879139752038
"591",2003-05-22,0.000875214214043864,0.00264778719347342,-0.00449638050826507,-0.00514447762863658,-0.00845994832861894,0.000919106515184342
"592",2003-05-23,-0.001572622019614,0.00227733826216118,0.00477354172467365,-0.00372409806030683,-0.00459057357353788,0.000920366736886447
"593",2003-05-26,-0.0163997850285565,-0.0112956276484514,-0.0270258846080055,0.0305241784583898,0.00309551709467495,0.000920996698421161
"594",2003-05-27,0.0224326979164926,0.00346334375234797,0.0115145980601553,-0.0126841014200442,-0.00741509996530125,0.000921311641872924
"595",2003-05-28,0.00750361984504615,-0.0141060016312796,0.00179769722434063,0.0198054627764823,-0.00133679645326991,0.000920996698421161
"596",2003-05-29,-0.00250489901691408,0.00967122619480868,0.0139386600770144,-0.0152968895806267,0.00209743330989689,0.000919736675818017
"597",2003-05-30,-0.00226572982574597,0.00801197692039237,-0.00702232088161533,0.00881578242556688,0.00536126352022563,0.000922256323014681
"598",2003-06-02,-0.0122860992741829,0.00878269427586002,-0.0193886267771503,0.0142920495929283,0.0202548215000945,0.000922571167003561
"599",2003-06-03,0.00333106019059997,0.00743239807491005,0.00836711588511412,-0.00947793981226492,0.00837962826519128,0.000920996698421161
"600",2003-06-04,0.0226843005706521,-0.0050815669623032,0.0140955960478206,-0.0300793493485065,-0.00998684142806783,0.00091816108747933
"601",2003-06-05,-0.00178568897592635,0.00840716753170741,0.0107003269344372,-0.0104826109913784,0.00418936382467207,0.000917530677794209
"602",2003-06-06,0.00902468053619101,-0.00241810153760907,-0.000827166056406727,-0.00642469844240417,-0.00362381036621231,0.000915323458741124
"603",2003-06-09,-0.0103627562577462,0.0184524353489481,0.00248762284252861,0.00431995852115758,0.0100166403505346,0.000912168167866767
"604",2003-06-10,-0.00451482700598972,-0.0178369390952647,-0.0224623495614976,-0.00812964609915109,-0.0215730772818483,0.000914061641972275
"605",2003-06-11,-0.000988326977003098,-0.00137332987460938,0.00897203073317346,-0.011849860068048,-0.00182765381552301,0.000914692600265887
"606",2003-06-12,0.00880070414368267,-0.00220162752875533,-0.00130094444781046,0.0097324130220888,-0.00666613571577984,0.000911221093553793
"607",2003-06-13,-0.0089022237730462,-0.00204707507501581,-0.00777350592390489,0.0158091339835445,0.00516504238866899,0.000907114503686302
"608",2003-06-16,0.00557981169984359,0.00585707714061343,0.00242970790208117,0.0093642927082127,0.00543702413868602,0.000906166228225702
"609",2003-06-17,-0.00226582264859364,-0.0105119582321231,-0.00676127732619258,0.00724018644277312,-0.00702880911266671,0.000905217727210195
"610",2003-06-18,-0.0148007319335177,-0.00349204279120445,-0.00235558036021898,0.0194035129114971,-0.00106858449835774,0.000904901510063061
"611",2003-06-20,-0.0223760349225693,-0.00829911539776877,-0.00329616013574906,0.023052122839942,-0.00384192623769107,0.000905217727210195
"612",2003-06-23,-0.0109388163250569,0.00501139390005048,-0.0218869774582008,0.013933075992692,0.0096471907042806,0.000902370869756863
"613",2003-06-24,0.0056494174428542,0.0108754485126459,0.0084658702512062,-0.00372038002253287,0.00994412638400898,0.000899838622440807
"614",2003-06-25,-0.00636661794291913,-0.00356116631881897,-0.0145111599738829,0.0122851462019489,6.79634426879513e-05,0.000900155241308598
"615",2003-06-26,0.00718086412164145,-0.0107169294326952,-0.00894860332928522,0.0271981014900662,-0.00474687843069222,0.000900155241308598
"616",2003-06-27,-0.00428098389961715,-0.000332242359607245,0.00226254001369141,0.0196608350595815,0.00312397150801971,0.000899521978431572
"617",2003-06-30,-0.00695142897163726,0.0155473340408945,0.0204212166859449,0.00458103640326487,0.0135836607495308,0.000898255150899363
"618",2003-07-01,0.017772965395315,0.00670482408264195,0.0227688015895151,-0.0138573880382292,-0.00136810447946596,0.000897621586180231
"619",2003-07-02,0.00164459931988061,-0.00323622724375888,0.00242450703116162,-0.00705706711235079,-0.00785663005976263,0.000897938381122509
"620",2003-07-03,-0.00708048500242302,0.0023950227358829,-0.00744027138847615,-0.0048061706156646,0.0107391921038515,0.000892866639456091
"621",2003-07-04,0.00939566818881084,0.00542498197007099,-0.0135920246177647,0.00499757465051017,0.00395438843045944,0.000890963072051942
"622",2003-07-07,0.0109515492445034,-0.0163688442966332,-0.00978096075583795,0.013516167790464,-0.0162086307152206,0.000886517877725312
"623",2003-07-08,0.010139120659235,0.0207891976499247,-0.0349483186564173,-0.0230398883906544,0.0199209687484992,0.000882067722563384
"624",2003-07-10,-0.00334149951618562,-0.00378145168275563,-0.00212062056606449,0.00179446338179179,-0.00208260095550374,0.00087920428374022
"625",2003-07-11,-0.0105113923969857,-0.00174149747648899,-0.00236388509497966,0.000684265946836869,0.00559243233484928,0.000879522545169653
"626",2003-07-14,0.0146467626288375,-0.00608357756333018,0.0200015234453215,0.00619251746327921,-0.0078610124061148,0.000871558379005544
"627",2003-07-15,0.00317803701035331,-0.00814279082635024,0.00580958261655648,0.000488231975931127,-0.00311071171244363,0.00086996363521008
"628",2003-07-16,-0.00970919211238418,0.00961835360010008,-0.00610771475231273,-0.00268072869699026,0.00858461245406147,0.000865175573503407
"629",2003-07-17,0.00445487221003066,0.00598308075587285,0.00592386288108525,0.00495976952116047,0.000198003328799851,0.000862619587809421
"630",2003-07-18,0.00807128380804598,-0.00232245386221488,0.00204467681552902,0.00463217057522051,-0.00387236963333145,0.000854941785670027
"631",2003-07-21,-0.00201583248126827,-0.00332103374614486,-0.000470154097445943,0.00540760968041049,0.00607142450751615,0.000849173716825247
"632",2003-07-22,0.0072105017538282,0.00257791289382318,0.0124214230288916,0.00111322610359652,-0.000728521393259766,0.000845323696910372
"633",2003-07-23,0.00178843404316761,-0.00701315841795227,-0.015308123353659,0.00200176658461553,-0.00156243937875856,0.000851417846287728
"634",2003-07-24,-0.000594948231232846,-0.0066168285457095,0.00178847749794531,0.0080088712922293,-0.00201033033332972,0.000850456231165975
"635",2003-07-25,0.00222547167569482,-0.00264657801276793,-0.020057430518384,0.00837786730921503,0.00587785845095673,0.000851097333680162
"636",2003-07-28,-0.000283800714674963,-0.00783503224286702,-0.019520273668426,-0.00434664207684676,0.00727396773141386,0.000850456231165975
"637",2003-07-29,-0.0021752990827861,0.00234302790774744,0.00407564432698091,-0.00495597843094843,0.00945042812118246,0.000849494384084881
"638",2003-07-30,-0.00721712179072152,-0.00326282609712177,-0.0144052456936421,-0.00581496588051183,0.00349395303434058,0.000848853023775797
"639",2003-07-31,0.00878113501142931,-0.00852006920790832,-0.0171369943251167,-0.0151229151346337,-0.00417626888169915,0.000847890789846595
"640",2003-08-01,-0.0252835783880451,-0.00590564360541931,-0.0116669348851831,-4.36845475778498e-05,0.0101932686651906,0.000849173716825247
"641",2003-08-04,-0.0153603975081518,0.00549666452119894,-0.0147199385519142,-0.0130320051246154,0.0105977057831425,0.000848211560290579
"642",2003-08-05,0.00915238147782157,-0.00586747728786505,0.0195354940890254,0.0156796534113685,-0.0237303962461833,0.000844360610816608
"643",2003-08-06,-0.00895170029217207,-0.00783771635745214,-0.00295995568493314,0.0187242076437274,-0.0158506152253998,0.000840184547653777
"644",2003-08-07,0.0236591208475427,0.0138037106324312,0.018790962894249,0.00434046162012497,0.00571843152429507,0.000835682352239298
"645",2003-08-08,0.0132926615357784,-0.00719129404359178,-0.00898611307251465,-0.00465141244097396,-0.00994360532973706,0.000834716934355217
"646",2003-08-11,0.000876856718431114,0.0111571319838088,0.000296568719106744,-0.000693571056118231,0.00603044801150771,0.000828274834718812
"647",2003-08-12,0.00497257214149508,0.0031525904335106,-0.00272427643213104,0.0142586917900098,0.00879441742700457,0.000826017638696497
"648",2003-08-13,0.000498859795404459,0.0260924521114073,-0.00686212405347074,-0.0104801065045533,0.0273615085701774,0.000820853530279608
"649",2003-08-14,0.013493317524719,-0.00406844967990361,0.00893586188494175,0.00816707771183456,-0.000425429282825261,0.000815035902607564
"650",2003-08-15,0.00252651506540405,-0.0074542716702518,-0.00136957443985114,-0.00140789387806717,-0.00601181828007061,0.000812447563223406
"651",2003-08-18,0.0122296408700066,-0.000616466938988751,0.00484767320882021,-0.0109446084620051,0.000141648767986991,0.000807589893524474
"652",2003-08-19,-0.00325096564889427,0.00826214814556547,0.00522484326501212,0.000204401334433221,-0.000101935210152039,0.000801103780992296
"653",2003-08-20,0.0143079026243609,0.0130678183409087,0.00687925852950583,-0.00342906863602511,0.00827409586179672,0.00077472659166733
"654",2003-08-21,0.0110939323250809,-0.00164821418149711,0.0162023095354702,0.0262910394574833,-0.00786358144064465,0.000770803976650525
"655",2003-08-22,-0.00594154600335262,-0.000405614706063318,0.0106183015162057,0.0108131675347957,0.000591174757679491,0.00076785948075031
"656",2003-08-25,-0.0119349328609844,0.00827957548798475,-0.000928833953598631,0.00536103304018611,0.0140995301828627,0.000767532180269592
"657",2003-08-26,0.0167795456767588,0.0202191748320201,0.0257408529666687,-0.0130723367416474,0.0130889105328191,0.000764585266257445
"658",2003-08-27,0.0213254929195625,-0.0154788032973065,-0.00347753677527486,-0.014626192754522,-0.0156453187987048,0.000763602477367398
"659",2003-08-28,0.00156721947500115,-0.0162862073221526,-0.0240129645005446,-0.0162625242341918,-0.00294956577801274,0.000761963957359946
"660",2003-08-29,0.0105783805806275,-0.0102941399874859,-0.00690138081510121,0.0023908405797942,-0.0129912677859093,0.000759996844103217
"661",2003-09-01,0.0105624194338402,-0.00553714168546924,-0.0117483171464991,0.00744447848635026,-0.007491439041806,0.000758356841364716
"662",2003-09-02,0.000862460558614854,0.0130093221710185,-0.00146703446785408,-0.0057125451281232,0.0129689375942451,0.000755074810757428
"663",2003-09-03,0.0133352598986376,0.0030458082919084,-0.00652375772592213,-0.0140966791959082,0.0161842266653623,0.000752775780784143
"664",2003-09-04,0.00999107721836404,-0.0135596673926936,0.00145137261202156,-0.00154010083707861,-0.014796342291605,0.00074751587175359
"665",2003-09-05,0.0103905540884409,0.0189802338977586,0.0264448497811949,-0.0197073136491743,0.00765261982160486,0.000743895654845339
"666",2003-09-08,-0.00105743061099121,0.0188606710205686,0.0146004892750061,-0.0139226683915013,0.00589877414935685,0.000749489150907889
"667",2003-09-09,-0.0257763171058703,0.0190152220389425,0.00953870959619845,-0.0114723796375946,0.0209706018469818,0.000735655643618438
"668",2003-09-10,0.00969126111785907,0.0114323532199297,0.00445742945719865,-0.0152887939834576,0.00415178501308168,0.00073169438106846
"669",2003-09-11,0.0122546324325001,-0.00142960984122368,0.0215067460849524,-0.0011217262692645,-0.0125492658506169,0.000726075846713359
"670",2003-09-12,0.00137016062220124,0.0145261498804136,-0.0247609458722424,-0.0168404987623178,0.0225785349873007,0.000722105049939303
"671",2003-09-15,-0.0119711912100329,0.00235597988791338,0.0122139229012034,0.00742624336932199,0.00580507712817622,0.000713819833026985
"672",2003-09-16,0.00178830228898379,0.00209118778574731,-0.00709852761850742,0.00109060395674812,0.0156937600271582,0.000713156271279214
"673",2003-09-17,0.00537035951665964,0.0103198298478508,0.00670873175468013,-0.0122754586485531,0.00598637298701016,0.000708508244142481
"674",2003-09-18,0.0124198990686363,0.0195691050874053,-0.0163038011946793,-0.00292036731277868,0.00468875206619755,0.000707511532939131
"675",2003-09-19,-0.00280274672595821,0.0026137670393449,-0.0522290899229546,-0.00910619850293234,0.00795801160145708,0.000706182196943406
"676",2003-09-22,-0.0165099545108111,0.00352858146328621,-0.0399666558054562,-0.0118436875397292,0.0186015957012968,0.000706182196943406
"677",2003-09-23,-0.00958565652039755,0.00843322858755509,0.0237722593929429,-0.000513844865926185,-0.00589299012848038,0.000706514572498262
"678",2003-09-24,-0.0154990712997542,-0.00927756504084694,0.00444307958856816,0.00655234830657522,-0.00664138887548429,0.00070584979367716
"679",2003-09-25,-0.0178210991081106,-0.0026826518911079,-0.00790147248879476,-0.0051115312223501,-1.63908591423283e-05,0.000707511532939131
"680",2003-09-26,0.000221232755984264,-0.00459114727500477,0.000742161933678041,0.00101932692382177,-0.00504352054284092,0.00070584979367716
"681",2003-09-29,0.0158020774729007,-0.000233145792689691,-0.00149587105115509,-0.00353075741166857,0.00108826018935013,0.000704852417562352
"682",2003-09-30,-0.00810346016770679,0.00996982095414926,0.015282919770846,0.00554844629321201,0.00424979850098027,0.000704187361509456
"683",2003-10-01,0.0366057614749358,-0.0058874016122375,0.00832228978182772,-0.00123423779637676,-0.00629433877352224,0.000704187361509456
"684",2003-10-02,0.0204720300477111,0.0105270083301311,-0.00765132779761023,-0.0217663556670135,0.00772911739224037,0.000702524235856927
"685",2003-10-03,0.0152585443667299,-0.00614949723328677,0.00516082628466981,-0.000111183541245018,0.00749966333154623,0.000701858791290144
"686",2003-10-06,0.00747481541955761,0.0115410485468506,-0.0007759726859783,0.00621908462500229,-0.00547707752584184,0.000698862915495146
"687",2003-10-07,0.00590293321475764,-0.00378024949277226,-0.00971115526160443,0.01615442583269,-0.00266817368752173,0.00069619802355958
"688",2003-10-08,0.00944938742689918,-0.00199791417758844,0.0216073512544247,0.00204244588767854,-0.011990985771757,0.000693197889410246
"689",2003-10-09,-0.00677936428439777,-0.0123417461557774,-0.0068575135228318,-0.0050185995035193,-0.014032079208645,0.00069186377143815
"690",2003-10-10,-0.00636873210125905,0.0134908092261012,0.00819452145231038,-0.0144493339491237,0.0139530517361418,0.000690862889902055
"691",2003-10-13,0.0196230863913854,0.00477415388791178,-0.00876628798897397,0.0202607661114093,0.00198069401895358,0.000687190839687046
"692",2003-10-14,0.00149595762802929,-0.0087844238530158,0.00116368997070491,-4.02444988469855e-05,0.00358187430351338,0.000684518131786716
"693",2003-10-15,-0.0117361245538795,-0.0117979617316987,-0.0119042159552889,-0.00893406358569475,0.00410277729545996,0.000682512424362569
"694",2003-10-16,-0.000187911720943173,-0.00825211679170242,0.00651642100955239,0.00930070647031645,-0.0036107181573084,0.000679501969987673
"695",2003-10-17,-0.0067553909785435,0.0037566975837186,0.00524550508224124,0.00215353592037422,0.00596314381027715,0.000680840230362634
"696",2003-10-20,0.0208323540939372,-0.00716307142360914,0.0164091495499209,-0.00780768688259889,-0.0134236125241531,0.000678832671304752
"697",2003-10-21,0.000336746922383442,0.0200889439919292,0.0107170725828531,-0.013342042655213,0.00651984498531445,0.000675819435973501
"698",2003-10-22,-0.0111531375812694,-0.00325942630142858,-0.00239054357271472,-0.00264165255139771,-0.00361288060091154,0.000674814517887201
"699",2003-10-23,-0.0240782577921918,-0.00833556039576302,-0.0209027080960744,2.83074258250922e-05,-0.00278841329201713,0.000676489240667877
"700",2003-10-24,0.0073330503969253,8.3144890669672e-05,-0.00864692806807648,0.00524027483676572,-0.00187700755415176,0.000675484491422296
"701",2003-10-27,0.000841926472118148,0.00356577184505598,-0.0428340977227966,0.00842591911918271,-0.0018323728814511,0.000675484491422296
"702",2003-10-28,0.0133006516299324,0.0015766796453228,0.0239684296913705,-0.00218998684336115,-0.0116357203116214,0.000674144431744184
"703",2003-10-29,-0.0134327698640236,0.00164432959592242,-0.00687422492061277,-0.0180653347402593,0.0124760679819045,0.000674479488893986
"704",2003-10-30,0.00874607754306625,-0.00374593198346774,0.00495353891102522,-0.0100634646899956,0.00507817592841303,0.000673474232955273
"705",2003-10-31,-0.0026050345841534,-0.00877275831852809,0.0125067127830754,-0.0106011122512453,0.00219816650862723,0.000672468723477815
"706",2003-11-03,0.0209611561850231,0.01700723251472,0.0226235455018835,0.0091361996621526,-0.00426120528830484,0.000670121547993396
"707",2003-11-04,0.00254894795945099,0.00502031775086993,-0.0102954356873937,-0.0136027089671992,0.00406889709385256,0.000669450672531546
"708",2003-11-05,-0.0172691898641517,0.0109946289241305,-0.013825103884582,0.00024288432055305,0.0112230263027038,0.000669450672531546
"709",2003-11-06,0.00723023880583405,0.0129689937701245,-0.00266055616864976,-0.00245760944756758,0.000213820832975064,0.000666430335117152
"710",2003-11-07,0.00179765871795742,0.0149121205041667,-0.0209122132260387,-0.0199789683964953,0.0141841528040157,0.000665087228096661
"711",2003-11-10,-0.0110403495199852,0.0161437881534933,-0.0301217061213728,-0.000261716772137941,0.00804049135796409,0.000660719002653298
"712",2003-11-11,-0.00146523492281822,-0.0130138368523579,-0.000980429632640763,0.0205775292322735,-0.0126402566565522,0.00066038278698044
"713",2003-11-12,0.0175244116302869,-0.00686883011938089,0.0146390036753725,-0.00459814574398024,-0.00796236094515686,0.000658364897279551
"714",2003-11-13,-0.00322554596699418,-0.00583876516785201,-0.0130403640190216,0.0222994021157988,-0.00411125660655769,0.000657692040344493
"715",2003-11-14,0.0109153305361073,0.0209487909193278,0.0162966719804838,0.014157202907333,0.00291412855730447,0.00065567278789791
"716",2003-11-17,-0.0162090043833605,-0.000891196344289809,-0.00047517346293797,-0.00165071905930626,0.00758768944634244,0.000652305092706307
"717",2003-11-18,0.0054644898709878,0.0145204294750172,-0.00744879974549258,-0.00127702413199311,0.0112093564849509,0.000650620177699235
"718",2003-11-19,-0.000544168075333568,-0.00254100469962691,-0.0102638608278984,-0.0130967066536779,0.0069155481773414,0.000644548580571946
"719",2003-11-20,0.0125108623510835,0.0119153836602777,0.00595845561246755,-0.00548800651521075,0.00569384022653997,0.000624921404088319
"720",2003-11-21,0.00169299856517952,-0.00491469875369646,0.00470680529426223,-0.00508986281630409,-0.00551032801444138,0.000624582155667408
"721",2003-11-24,0.0149743490090863,0.00493086256143567,0.0303015754920213,-0.0164958189746538,-9.08132776898211e-05,0.00062356423715304
"722",2003-11-25,0.00955830132806197,-0.000294938082653837,0.00623088176084263,-0.00247786425986753,0.00511607986167848,0.00062356423715304
"723",2003-11-26,-0.00207215935196844,-0.00722465998897061,0.00902552494761663,-0.00614399071440938,-0.00135121643600891,0.000621867128496989
"724",2003-11-27,0.0108772277386753,0.00597687768836081,0.0125927517665706,-0.0153545942492644,-0.00512457116205115,0.00062084851640698
"725",2003-11-28,0.0106147977010014,0.000126058582785594,-0.000201906417766949,0.00145207564050322,0.000907765708805729,0.000620169297057771
"726",2003-12-01,0.0147930118364411,-0.0006639327663464,-0.00163397382771362,0.00752632932757152,-0.00035243009582199,0.000617791117592414
"727",2003-12-02,-0.000733257161052929,-0.00225747070107242,0.011834789924651,-0.000969749918350458,-0.00492423143422035,0.000618130944388229
"728",2003-12-03,0.00292058667951775,-0.010573459041785,-0.0245599859528835,-0.00569651033730323,-0.000968835086373008,0.000615411518566367
"729",2003-12-04,-0.00278934322472786,0.00412003761489585,-0.00849013864710781,-0.0022120289078335,0.00936189264438605,0.000611669276488591
"730",2003-12-05,0.0166761447639766,0.0147533956070529,0.0172483255018739,0.0115438727254637,0.00212372746162699,0.000610988491253073
"731",2003-12-08,0.00660793984398484,0.0112537999110184,0.00417349234727181,-0.00417860034601789,0.0232144682864151,0.000606219736549729
"732",2003-12-09,0.0217284618896798,-0.00266972918157245,0.0136917851644122,-0.00399637279021959,-0.00218530240519848,0.000603492170452302
"733",2003-12-10,-0.0116750811679142,-0.0113920164095364,-0.00948193264800592,0.0160330126960175,-0.0112451220825541,0.000602809987231723
"734",2003-12-11,0.0108415936077816,0.0152338445448456,0.0163652296134576,0.000287237387550239,0.00698677225545226,0.000600762736859384
"735",2003-12-12,-0.00471807075547419,-0.0148799263088487,-0.0294962935458142,-0.00265427915986231,-0.00412847623019282,0.000599397318951089
"736",2003-12-15,-0.0100832268524542,-0.00120792094590502,-0.00689163212437874,0.00114064085997946,0.00545260201775593,0.000596665079305669
"737",2003-12-16,-0.000748507882408539,0.00426369726059835,-0.00214578245835903,0.0142720372518042,-0.00133223067169265,0.000594614669955362
"738",2003-12-17,0.0169056808412575,0.00984686024253746,0.0129432674420544,0.000188505399401531,0.0199264250045692,0.000591879149266727
"739",2003-12-18,0.0185982885728986,-0.0161468879639086,-0.00729852182296515,-0.00562168655937314,0.0061127575697544,0.000592905189514603
"740",2003-12-19,0.00456450720120526,-0.0257623944546437,0.00113959246905894,-0.00816882623124447,0.00183802642115693,0.00059358906966156
"741",2003-12-22,0.0233226449220312,-0.0170924677171793,-7.36642580350978e-05,0.0120059325492192,-0.0029257745302838,0.00059358906966156
"742",2003-12-23,-3.56214702931042e-06,-0.00306176321077791,0.00335215474916182,-0.0148046924444495,0.00141560806612229,0.000592905189514603
"743",2003-12-26,-0.000101642752774974,0.00327815263561095,0.0175794096043315,0.017880745293954,-0.00849465540578752,0.000594614669955362
"744",2003-12-29,0.00942121177969428,0.0058242532646201,-0.0129812149043857,0.0250848527573656,-0.0135681701801194,0.000592563205440655
"745",2003-12-30,0.00583994291720063,0.00065980410250643,-0.00792527530860237,0.00461771781770289,-0.00276047693283944,0.00059324714425335
"746",2004-01-02,0.0137274573846686,-0.00080966433933425,0.00899965374134522,-0.00311061726077403,0.00062657521941533,0.000592221192026399
"747",2004-01-05,0.0492458116484547,-2.4400908395443e-05,0.0152140820697001,0.0197624643593641,-0.00156183761585058,0.000591194975690934
"748",2004-01-06,0.00965363108705136,0.000552959454597405,-0.0229631724145696,0.00513706674105313,0.000314678251360332,0.000590510684672862
"749",2004-01-07,-0.0142782895735501,0.00680286484538159,-0.00732525196452742,-0.000303480891487662,0.00493429283639867,0.000588799443052901
"750",2004-01-08,0.00715770694517229,0.0338072973572584,-0.0149050410398555,-0.00356161975743973,-0.00692027118475933,0.00058640247001418
"751",2004-01-09,0.00011193114917683,0.016518271828451,0.0352739786324489,0.0196582414886802,0.0118568731331088,0.000584689463575261
"752",2004-01-12,0.00542978657037245,0.0246368515008721,0.000647652490464209,0.00381612931357159,0.0117928579398921,0.000582632883720402
"753",2004-01-13,-0.00664105640183714,-0.00964334416289873,0.00840873547211737,-0.0186885368935299,-0.00737614511304734,0.000579546023209199
"754",2004-01-14,-0.022602214679016,-0.00808705538790853,0.00585505260578758,-0.00880525651839831,-0.00662549568673746,0.000581604195784458
"755",2004-01-15,-0.0200050571770881,0.00362527176025329,-0.00951140607403833,-0.00100445775407891,0.0190039934796432,0.000580575242326686
"756",2004-01-16,0.00611390897983984,-0.0113970451537314,-0.00976983821072644,-0.00155758107851494,-0.00321597385951082,0.000579546023209199
"757",2004-01-19,0.00845701096572275,-0.000124193513248105,0.0014959145543087,0.0057295945889217,-0.00109889480559289,0.000580232198811981
"758",2004-01-20,0.0118915425371635,-0.00969302078092076,-0.00852046306152324,0.00973605393622323,-0.00380009424879225,0.000580232198811981
"759",2004-01-21,-0.0183835118905952,-0.0055174153965233,0.0112166057829431,-0.00281450129692092,0.00227000289235897,0.000581261240807818
"760",2004-01-22,-0.0111339439737976,-0.00922867821005399,-0.00559255446113842,-0.00786701056557186,-0.00326736855653251,0.000595298256925725
"761",2004-01-23,0.0171143189285165,-0.00141962335015526,0.00837145518426411,0.0114651578155468,0.000887402865505781,0.000595298256925725
"762",2004-01-26,0.0259140572841994,0.0282630604804892,0.0159837276549637,0.0128551551382057,-0.00694214813007912,0.000595981726695616
"763",2004-01-27,-0.00149637592718147,-0.0158272320783281,0.0143880156305205,0.00314330275549221,0.00125802002308461,0.000595640006458176
"764",2004-01-28,-0.0141700241278008,0.00177253165768799,0.0162109641013649,-0.00879054086558572,0.0102702637290165,0.000596323417643152
"765",2004-01-29,-0.0571937734746041,-0.0178773267194409,-0.023813962268543,-0.0135289488309047,-0.0096928878234882,0.000597348314796076
"766",2004-01-30,-0.0192679176490647,-0.0223745725728289,0.000740593137106279,-0.0160287234243696,-0.0029141137550829,0.000596665079305669
"767",2004-02-02,-0.00194244879745779,0.00219680692450263,0.00177888698709186,-0.00761147228975671,-0.00306429485984765,0.000595981726695616
"768",2004-02-03,0.0206740877446492,0.00536296992345025,-0.00447538189604401,0.0209293829368322,-0.00872829153988455,0.000595640006458176
"769",2004-02-04,-0.0187633006433026,0.00214425421414165,-0.0163360717550448,-0.0130069729627271,0.00686498044162734,0.000595298256925725
"770",2004-02-05,-0.0218444776036756,-0.000377524125796998,-0.012726480161339,-0.0101341210641425,0.00494348937830805,0.000594614669955362
"771",2004-02-06,0.0311931123471182,0.0124399180275393,0.00881462106712817,0.0180172389317735,-0.016491550866815,0.000594956478093156
"772",2004-02-09,0.000551591968114293,-0.0109761019299584,0.00416772300672218,0.00847910625272617,0.00167304900122037,0.000594272832507681
"773",2004-02-10,0.013496695998161,0.00268049771611601,-0.0101280643026388,-0.00732554773657158,-0.012924345103974,0.00059358906966156
"774",2004-02-11,0.0382724201593317,0.00263721804403394,0.0272480940471308,0.0111185609940461,0.000195434646661941,0.00059324714425335
"775",2004-02-12,-0.000398248965875493,-0.00880408373621631,-0.0113820825065527,-0.00324808285661258,0.0075809907985856,0.000592563205440655
"776",2004-02-13,-0.0200838593259227,-0.0185339443969091,-0.0040167803085986,0.00216361208720707,0.00101804790238698,0.00059324714425335
"777",2004-02-16,-0.0155578082804303,0.00378463100640573,-0.00696041859405842,0.00859059051054441,-0.00220420008614447,0.000592563205440655
"778",2004-02-17,0.0137740184482368,0.0003849549524216,-0.020038914584975,-0.000926028794835141,0.00687025187766305,0.000592563205440655
"779",2004-02-18,-0.00974983359069028,-0.0136723874030379,-0.000417414098688319,-0.00918590236422356,0.00473578547503784,0.000592905189514603
"780",2004-02-19,-0.0414933538186537,-0.0176966267162458,-0.0156251188068219,-0.00708287968944285,-0.000377201679080265,0.000594956478093156
"781",2004-02-20,0.0103734634638619,0.00867394128720756,0.0100457258559164,0.00776536620638003,-0.00507337016187318,0.000595640006458176
"782",2004-02-25,0.0129474579366702,-0.0113437235014762,-0.00129028941512874,0.00715339846464636,-0.00829418822133233,0.000592563205440655
"783",2004-02-26,-0.00925069805272859,-0.00315870845303675,0.00246288987572762,0.0048784801456228,-0.00450640354326168,0.000595640006458176
"784",2004-02-27,0.0185534811604738,-0.00856181997521217,0.004607207655944,0.00130701770237303,-0.00024002345239799,0.000595981726695616
"785",2004-03-01,0.0334241731589545,-0.00069727739469156,-0.00400601979144212,0.0102180986822528,0.00427063863352514,0.000594272832507681
"786",2004-03-02,-0.00576742060980806,0.00912510628311236,0.0276365527420846,0.010359132237064,0.00927972071864323,0.000595640006458176
"787",2004-03-03,-0.00344488211389687,0.0103586211136771,0.0302629138374926,0.0157487949615273,0.0211945707653292,0.000594956478093156
"788",2004-03-04,-0.00877356841810971,0.0102760148001587,-0.0182056098934406,0.008246436623854,0.0129337908057691,0.000594956478093156
"789",2004-03-05,0.0104505672183974,0.0197470125906654,0.0264629282488822,0.0061029369747275,-6.90934627667894e-05,0.000593930965744782
"790",2004-03-08,-0.00304279508420241,0.0288829025984456,0.0126389904829065,0.00817420250932046,-0.000393885708279818,0.000592905189514603
"791",2004-03-09,-0.0166347637375494,0.0206204675127179,-0.0038980785156204,0.00993371076637152,-0.00293913062168916,0.000593930965744782
"792",2004-03-10,-0.0422353750755815,0.00905916112446681,-0.0119158828321262,-0.0124775639941264,0.0135111754085195,0.000594614669955362
"793",2004-03-11,-0.0310264995457346,-0.00792548841779353,-0.0206411194725858,-0.0116396036396593,0.000257529447355458,0.000594272832507681
"794",2004-03-12,0.0343258381619557,0.0313268930052326,0.0226761621599404,0.0243711387864068,0.0144187667985098,0.00059358906966156
"795",2004-03-15,-0.0245520686327753,0.00719654580632087,-0.00244926774320289,0.0116159744239688,-0.00592956091485612,0.000592221192026399
"796",2004-03-16,0.0121145923102364,0.0127712279817433,-0.00135488960755506,0.00688008990757274,-0.00117765589310913,0.000591537077156534
"797",2004-03-17,0.017826107330135,-0.0167733939327779,-0.0171216348436467,0.0004266678434866,-0.00996600770357106,0.000590168495110399
"798",2004-03-18,0.0177194897112692,0.0106153922600105,0.00148130943267419,0.00287155686197411,0.00243710985507863,0.000586744982987497
"799",2004-03-19,-0.00737909951967367,-0.00432613046349848,-0.0112595368327826,0.00864830604887147,7.81137145612221e-05,0.000585717355768178
"800",2004-03-22,-0.0211626185745421,-0.0121420861485735,0.000683349892288902,-0.0061085939624214,0.00434306584752637,0.000585717355768178
"801",2004-03-23,-0.0152468934591754,-0.00129248271712884,-0.02232927300196,-0.00657990855331977,0.0041289923922255,0.000586059927609295
"802",2004-03-24,-0.0103852391621146,0.00602221469056727,-0.00456734867019515,0.00754436111174151,-0.00221748591693577,0.000586744982987497
"803",2004-03-25,-0.00236140683598544,-0.0115822921007294,0.0147677260071204,0.0133224502455081,-0.00378070129159988,0.000586059927609295
"804",2004-03-26,0.0226967523995625,0.00559499628120828,-0.01149157566,0.0157658373503611,0.00713336980147035,0.000586059927609295
"805",2004-03-29,0.00411283998548239,0.00736130023758683,-0.00011837500056433,0.00516241509901432,0.00898916857300305,0.000584346773937483
"806",2004-03-30,0.0239831977148918,0.0176803734951025,0.0130771207816517,0.0009735558584325,0.0123168624439069,0.000584004054837939
"807",2004-03-31,0.00580572697005285,0.0183189579148796,0.000589120100935606,0.00425367709000706,0.00990875322348854,0.000583661306271521
"808",2004-04-01,0.0111921734361842,0.0112562109335337,0.0164086754148165,-0.00853744483306482,-0.00439708308254486,0.00058297572071786
"809",2004-04-02,0.0122096569185256,-0.0106697993547658,0.0117675047476531,-0.00841378286126339,-0.0117676676939832,0.00058297572071786
"810",2004-04-05,5.45749559314882e-05,0.0272300567637504,0.0194380000662938,-0.00691671706229682,0.022270643566213,0.000581261240807818
"811",2004-04-06,-0.00125689700766177,-0.0036929760769884,-0.00271510131184921,-0.00515936042653186,-0.00289780014441343,0.000580575242326686
"812",2004-04-07,-0.0238376956618406,0.00979356867997704,-0.00612245422718185,-0.00594514437332018,0.00788051411233759,0.000582632883720402
"813",2004-04-08,0.00707101056563703,0.00685172532125252,0.0218858489625221,0.00708158921116714,0.00524700278502547,0.000583661306271521
"814",2004-04-12,0.0036960140478943,-0.0226262037008872,0.0229509816753332,0.00370410882170779,-0.00340777441935844,0.000583661306271521
"815",2004-04-13,-0.00897516396438578,-0.00604642156858934,0.00613812212759481,-0.00164210154369121,-0.00340615165630758,0.000582290017235865
"816",2004-04-14,-0.0155751265208747,0.00046590500895897,0.0123181108492417,-0.00748516854831668,-0.00215824560560517,0.000580918256323448
"817",2004-04-15,-0.0184040950359783,-0.00395465146519846,-0.0163776878638928,-0.0036726807445237,0.0055438005460131,0.000580232198811981
"818",2004-04-16,-0.000849884779589019,0.0249327058810546,-0.00206808833828299,-0.00264059909923249,0.0060358362107289,0.000579889125774447
"819",2004-04-19,-0.00816563852271898,-0.00466486034606828,-0.0110398140872686,-0.00803214365521799,-0.0106628889824772,0.000578859729474468
"820",2004-04-20,-0.0236536233633863,-0.00348654063661082,-0.00477375946354418,-0.0142906806223701,-0.00386820389369262,0.000579202891110908
"821",2004-04-22,-0.00683177115307537,0.0254773102750535,-0.00460707498377947,-0.0179708659462459,0.00290813185410936,0.000579202891110908
"822",2004-04-23,0.0170818246012904,0.00108619111518152,0.0093290873763202,0.022414950722654,0.00469488493033582,0.000578173317566932
"823",2004-04-26,-0.0155546967198876,0.00796384422664336,0.00504134183912103,0.00662604397219555,0.00308870561261187,0.000578516538294771
"824",2004-04-27,0.00449682963571372,-0.00946751546409644,0.00505129613253915,-0.00253083301819325,-0.00882539024008879,0.000576800139070688
"825",2004-04-28,-0.0374122624374791,-0.00456935273138046,-0.00414058673117532,-0.00855189651534505,-0.00367785525684837,0.00057714347804283
"826",2004-04-29,-0.0319782953441597,0.00896376888460841,-0.0161321211907301,-0.0122794786489697,0.00185490091069519,0.000577830067285845
"827",2004-04-30,-0.0140925150190168,0.0138453796747008,0.0163619370162193,-0.00152854328409806,0.00294239999560212,0.000576800139070688
"828",2004-05-03,0.00729608218703882,0.00427892839451557,-0.0223007580872995,0.00328115157144933,0.0078874096131479,0.00057714347804283
"829",2004-05-04,0.0178427175472332,-0.0288191934420289,-0.002788957846705,0.0125791770282544,-0.0195302829761299,0.000575769944691773
"830",2004-05-05,0.00435049050054781,0.00714954310931339,0.00705188002807081,0.00233850643443961,0.00943944747029267,0.000575083000502019
"831",2004-05-06,-0.0403566561579084,0.0123134205699814,-0.0172774690199608,-0.0219070030568591,0.00904939637378009,0.000575083000502019
"832",2004-05-07,-0.0244571681291936,-0.0131494345101506,-0.0285221351303903,-0.0234219329585893,-0.00818905594243503,0.000576113372400489
"833",2004-05-10,-0.0471515369464583,-0.0274836512598838,-0.013240407225472,-0.00906011799566292,-0.00785765068024693,0.000579202891110908
"834",2004-05-11,0.0521264491581463,0.00656592538085386,-0.0110351659960575,0.0111786478566252,-0.00521429109229838,0.000576456770525091
"835",2004-05-12,-0.00534906410429202,0.0151463082320473,-0.031213342040071,0.00788261283193,0.0119979461360838,0.000578173317566932
"836",2004-05-13,0.0136920878078402,0.00126340065918877,-0.0297692048869543,0.024029106291959,-0.00375771825945136,0.000578859729474468
"837",2004-05-14,-0.00183307642277198,0.0525053958376049,0.0166976068901757,-0.00356304507298187,0.0346605416224679,0.00057714347804283
"838",2004-05-17,-0.0266748310253441,0.00434365180006338,0.00435045722327913,0.0032917633489789,0.00030254793311409,0.000578173317566932
"839",2004-05-18,0.0236720761445112,-0.0126450415808016,-0.00504598731271013,0.0191687759004987,-0.0115002983210019,0.000576456770525091
"840",2004-05-19,0.00873051138004141,-0.0211012053860227,0.000883269671970073,-0.00925223734086866,-0.0198956987706317,0.000576456770525091
"841",2004-05-20,-0.0183562985917055,-0.0181679155373629,-0.0201278451284445,0.00605226215007424,-0.00238849055639103,0.000583661306271521
"842",2004-05-21,-0.00189916756689651,-0.000297361486902866,0.000270547925266016,-0.0157184401710724,0.00260422111872182,0.00058640247001418
"843",2004-05-24,0.0226544760591466,-0.0115766823816499,0.00864091746897619,0.00915936991932384,-0.0162290160609646,0.000584346773937483
"844",2004-05-25,0.00937368295075026,-0.0125738289285044,-0.0115581301989287,0.00243036998954295,-0.00595845649133852,0.000584004054837939
"845",2004-05-26,0.0112940415045881,-0.0018859329961595,0.00523412718390954,0.00570454797866757,-0.000498660656041899,0.000585374754485501
"846",2004-05-27,0.0286271215277004,0.00610913075057934,0.0188992428183364,0.00155194463564182,-0.00624278986553355,0.000584346773937483
"847",2004-05-28,-0.00609324748143804,-0.00996693492831226,0.00208519627661008,0.00357034058821119,-0.00907360964015947,0.000585032123756157
"848",2004-05-31,-0.00126198890093238,-0.0095899026804797,0.00126872473268326,-0.00188157003660793,-0.00377943788376113,0.000585717355768178
"849",2004-06-01,0.00644352666431556,-0.0301838729400173,-0.016820469719704,0.00735544135437741,-0.0128796010503415,0.000585374754485501
"850",2004-06-02,0.00394332824665747,0.0186505039712519,0.0165082186307616,0.00696058537936932,0.0191481321177982,0.000584004054837939
"851",2004-06-03,-0.0155618393999459,0.00115866632863307,-0.00485069108857672,-0.00888594955748806,-0.0001690240872317,0.000584689463575261
"852",2004-06-04,0.0150266767259722,0.00824478007001035,0.020091070797538,0.00560765467739487,0.00298230779041281,0.000584004054837939
"853",2004-06-07,0.02862439629016,-0.0172909420430343,0.00982299184078735,-0.00492528809326103,-0.0031308692663358,0.00058297572071786
"854",2004-06-08,-0.00711395755548765,-0.00836868775460462,-0.016638845930303,0.00389379311893645,0.00198659376451709,0.000582290017235865
"855",2004-06-09,-0.0199966832993244,9.66148637297284e-05,0.00887131524753137,-0.00531908709400814,0.00152230608454045,0.000582632883720402
"856",2004-06-11,-8.70379932508371e-05,-0.00486574304876304,-0.00968899647710115,0.00276041927150968,-0.00253004180837278,0.000582290017235865
"857",2004-06-14,-0.0187029458719131,0.0044122943991102,-0.00711275980856199,-0.00390285133516231,-0.00129413329923905,0.000583318528233345
"858",2004-06-15,0.0187435188837797,0.0203655476060818,0.0268204773306933,0.000287908019909449,0.00856248240689957,0.000581947121258919
"859",2004-06-16,0.00879418988281442,0.0450401597177226,0.014652307044096,0.00345614936558396,0.0151014204122703,0.000581604195784458
"860",2004-06-17,-0.00410004825521653,-0.0242080250285156,-0.000134875805139921,-0.0121419297748877,-0.00918225904973799,0.000582290017235865
"861",2004-06-18,0.000705343713427272,-0.00785618724400241,-0.00427477637164083,-0.000471551260822359,0.00227233317671495,0.000581947121258919
"862",2004-06-21,-0.00562412412833754,0.00168839989491454,0.0130113869724498,-0.00860219701279434,0.00200240157985977,0.000581947121258919
"863",2004-06-22,-0.00487808738749385,-0.00783863154024581,-0.00539214389972058,-0.00018078285894315,-0.010599847649242,0.000581947121258919
"864",2004-06-23,0.0272293542821682,0.00588009778567658,-0.00151039092081722,0.00963879395548409,-0.0058580904565962,0.000581947121258919
"865",2004-06-24,-0.00356141078873004,-0.00515540698129161,-0.0172863936639339,0.00801924642557873,-0.00698130414296482,0.000581261240807818
"866",2004-06-25,0.000205795433372997,-0.0167632340257733,-0.00998208495020159,-0.00508071055084714,-0.0185291052543556,0.000581604195784458
"867",2004-06-28,-0.0169714654402681,-0.0355466954376617,0.0245890275611334,-0.0125903464171718,0.0033680554803337,0.000581947121258919
"868",2004-06-29,0.0185862308997346,-0.00697102277024484,0.0348600105938547,-0.000737384323085521,-0.00721323144511808,0.000581604195784458
"869",2004-06-30,0.0153301661054205,-0.00222248616287919,0.0111945571282717,-0.00163271197998627,0.00644114347050114,0.000581261240807818
"870",2004-07-01,0.0103421667092258,-0.0305358193440977,0.00236956934908679,-0.0173910887253766,-0.0098092974146061,0.000581261240807818
"871",2004-07-02,0.00475979718458789,-0.00108080381466571,0.0249275116676451,0.000338463829763309,0.0128590606349071,0.000580575242326686
"872",2004-07-05,0.00303036782805858,-0.00383633904014206,0.00560300729423856,-0.00535654251046788,-0.000678718319602231,0.000580575242326686
"873",2004-07-06,-0.0192197605780708,0.000695107989716059,-0.00384307924189766,0.00109558060293584,0.00516382120351094,0.000580918256323448
"874",2004-07-07,0.000751999702738375,0.0226643527323677,-0.00965542833642047,0.0111864075145964,0.00724574861839402,0.000581261240807818
"875",2004-07-08,-0.0101546838619194,0.00333051879298677,-0.0237568816191749,0.00929421475418325,0.00371584716320887,0.000582632883720402
"876",2004-07-12,0.0236803522377555,0.00416696075315198,0.0191861068488406,-0.00246830209855863,0.000729313280267641,0.000582290017235865
"877",2004-07-13,0.00394815295495947,-0.0121634324447324,0.00506973924141091,0.00264143893885547,-0.013374858549144,0.000582290017235865
"878",2004-07-14,0.00127976326062158,-0.00193967147557338,0.00151122970361299,0.0221529688512817,-0.00255923457020877,0.000582290017235865
"879",2004-07-15,0.0188098980732044,0.0157744639478721,-0.00182553301377322,0.00780253436681915,0.0100058925104983,0.000582290017235865
"880",2004-07-16,0.0157437999251148,0.00232957991278972,0.0161243879072971,-0.00132565728863401,-0.00384502817807887,0.000581947121258919
"881",2004-07-19,-0.0153301340568647,0.00034992346823918,-0.00042996221517666,0.00259238616755636,0.00151820372800158,0.000581947121258919
"882",2004-07-20,0.00590813877574119,0.00451631122788082,0.00279921465573935,0.00541513800897274,-0.00474536052112908,0.000581947121258919
"883",2004-07-21,-0.0194898933053553,-0.00778550710831173,-0.00391408464924573,0.00301750163818723,-0.00184770208342972,0.00058297572071786
"884",2004-07-22,-0.0143485551972328,0.045537999699918,0.0126131999146494,0.0227083892559635,0.0244711068102878,0.000582290017235865
"885",2004-07-23,-0.00106670222511103,-0.000502846833469524,-0.0043757288809583,0.0193298994069106,0.0061844693691416,0.000581604195784458
"886",2004-07-26,-0.00814999524487203,0.00337990524362476,-0.0029270672478176,-0.00407388844879553,0.00895519547988598,0.000581261240807818
"887",2004-07-27,0.0208619376782328,-0.0229771919607563,0.0162147069417647,-0.00308441398435777,-0.00828326644994716,0.000581261240807818
"888",2004-07-28,0.0175773341440794,-0.0185724844667725,0.00318746240816764,0.00355600055292574,-0.00414617754984159,0.000581261240807818
"889",2004-07-29,0.00336237466337859,0.00573265726961544,0.00278366948151351,0.00244188540289535,0.00413620007279538,0.000581604195784458
"890",2004-07-30,0.00209047302771898,-0.0103798749491035,-0.00538058271659592,0.0119279901846239,-0.013320044328094,0.000583661306271521
"891",2004-08-02,0.00341333180612483,0.00997703129627633,0.0146326540718834,0.00727730852270022,0.00515615629857291,0.000583661306271521
"892",2004-08-03,-0.00267589512468194,-0.0223188140161677,-0.0126368827945648,0.00877607680190604,-0.0139251914624589,0.000584004054837939
"893",2004-08-04,-0.00607990677967993,-0.0109519707332652,-0.0108876615291407,0.00154493979857903,-0.0103707203034737,0.000585717355768178
"894",2004-08-05,-0.0313334904355626,0.001519051987343,-0.0197322686968608,0.000889451792412718,0.0055126174156351,0.00058742992066052
"895",2004-08-06,0.0159495503207488,-0.0106523675151962,0.0149907547027423,0.00568023878773941,-0.0117037359219086,0.000584346773937483
"896",2004-08-09,-0.0108303428473714,-0.0115191550887559,-0.0168404696597463,-0.0100716416298732,-0.000416589760755148,0.000585374754485501
"897",2004-08-10,0.0221495961818644,0.0142550291173178,0.00512357994743471,0.00812454233508538,0.00252805658913027,0.000585032123756157
"898",2004-08-11,-0.00331837632655787,-0.0184294142752566,-0.0144156092569128,0.0117960701894643,0.000586268826915847,0.000584689463575261
"899",2004-08-12,0.00514112433830568,-0.0207995181062067,-0.00108063300094547,-0.00399761659834327,-0.00778199274516622,0.000586059927609295
"900",2004-08-13,-0.0064849330334104,-0.0232911790792097,0.00690735131178763,-0.000703300949637579,-0.0101228390826759,0.000586744982987497
"901",2004-08-16,0.0152813372434209,-0.00530923950873558,0.00629705648975786,-0.00567708399448448,-0.00774729089219194,0.000585717355768178
"902",2004-08-17,0.0103707707294023,0.0224889804073914,0.00863529421243323,-0.00038915954965741,0.00758503620943275,0.000585717355768178
"903",2004-08-18,0.0242335675048388,0.0212165107877118,0.00146904675971156,0.0107012241163059,0.00278496380554482,0.000584346773937483
"904",2004-08-19,0.00677898835383037,0.00118427236686524,0.0032577251673401,-0.00151924013363772,-0.00139168916568901,0.000583661306271521
"905",2004-08-20,0.00832544885105408,0.0236591865219059,0.0156116871313486,0.00260735090596957,0.0109158396509399,0.000583318528233345
"906",2004-08-23,-0.0151459325275006,0.00232548117635212,0.00142629376418807,0.00481571037883104,0.0084527529174942,0.000583318528233345
"907",2004-08-24,-0.00223375023719112,0.0274852426657704,0.00182311716964544,0.0139816608546187,0.0229639232935088,0.000583661306271521
"908",2004-08-25,0.00721003690396709,0.00893101561900069,-0.000294751816813731,0.00283662745805192,0.00317087067658272,0.000584004054837939
"909",2004-08-26,-0.0184870977783894,-0.00309615932372133,-0.00411228438257483,0.00459706973325491,0.00282511943398486,0.000585374754485501
"910",2004-08-27,0.00197876720037112,-0.00196078461882391,-0.00864889599673072,-0.00100572230617341,-0.00320360712512654,0.00058742992066052
"911",2004-08-30,0.00514786041693213,0.0129071114267726,0.0236416785435234,0.00540478934012508,0.00588178819328467,0.00058742992066052
"912",2004-08-31,-0.00507469366870889,0.0182520224050881,-0.0131087774142398,0.00555696350517563,-0.00846495892607937,0.000588457106561302
"913",2004-09-01,-0.00860076036824846,-0.0177203055860807,-0.00753615892176882,-0.00443202598035375,-0.00267813447384767,0.000588799443052901
"914",2004-09-02,0.0108078577709056,-0.00528789333309107,-0.0018187182726279,0.0077115925553802,0.00689652688150449,0.000589826276172101
"915",2004-09-03,-0.00978068521296922,-0.007890704749477,-0.00570279167627447,0.00736622216362385,-0.00127869997891238,0.000589484027853304
"916",2004-09-06,0.00366254643258343,0.00809636899249161,-0.00816701311253572,0.00483577918413875,0.000710740324459683,0.000590510684672862
"917",2004-09-08,0.00291427142427461,-0.00440670801393666,-0.000493411107158719,-0.00290003283880532,0.00655989259878293,0.000592221192026399
"918",2004-09-09,-0.00670217448996419,-0.00282847287478858,-0.00563004052935164,-0.00991898868916653,0.0101110274611438,0.00059324714425335
"919",2004-09-10,-0.0117751483961378,-0.0172938186280858,-0.0101999043104411,-0.00896411396624183,-0.0112285183195813,0.000595640006458176
"920",2004-09-13,-0.0024177034581908,0.00245210693437321,-0.00919542301627816,-0.000409499740303209,0.00274712616809544,0.000596323417643152
"921",2004-09-14,0.0171327391796118,-0.00232323431174071,0.00518876383769926,0.00149437467694558,-0.00613525658594742,0.000596323417643152
"922",2004-09-15,0.00100915740595841,0.00218385317950489,0.0106517969909457,0.0053170045074788,0.000770971634299678,0.000597348314796076
"923",2004-09-16,0.0195775793581925,0.00433228820608152,0.0181092089129519,0.00761355699106493,0.00920476493867166,0.000595981726695616
"924",2004-09-17,0.00988498020581529,-0.00583888847737622,-0.000126622084434098,0.00456329352843619,-0.00992432274939435,0.000595981726695616
"925",2004-09-20,0.000362659594918812,0.00308744773881289,0.00373244647562919,0.00181942718985154,9.70256111139487e-05,0.000596665079305669
"926",2004-09-21,0.0019831914190773,-0.00428680460777143,-0.0115681719191597,0.00780972011226174,-0.00656568183518915,0.000597006711688275
"927",2004-09-22,-0.0125547637802769,-0.00797771365973974,0.00291627758001199,-0.014834801320704,-0.00366319027708291,0.000597348314796076
"928",2004-09-23,0.00614798432667847,0.0106881609335428,0.00703714621401015,0.00465674677827226,0.00589381235772584,0.000597348314796076
"929",2004-09-24,0.00257061212215468,-0.0104282898129116,-0.00218584783730669,-0.00995579505679287,-0.00613931183750274,0.000597348314796076
"930",2004-09-27,-0.0045612054644728,0.000794472549160754,0.00966891809405025,0.00406280022297203,0.00889007165713714,0.000597689888633957
"931",2004-09-28,0.0197725983926022,-0.00388642640997433,-0.00677829290599007,0.00826756382202348,-0.0155409349168588,0.000598372948520165
"932",2004-09-29,0.00107572488099469,-0.00451755722173584,-0.0120834843891991,0.00105859552408282,-0.00700744392334348,0.000598714434578485
"933",2004-09-30,0.00168448419387132,0.0149931857328158,-0.00441080170316157,-0.00627297258613948,0.00927358799991009,0.00059905589138709
"934",2004-10-01,0.0243308161176919,0.00448154018376783,-0.00344591749667013,-0.00872360464445227,0.010212830921349,0.00059905589138709
"935",2004-10-04,0.0103910263602327,0.00149058735658894,0.00773447603420624,-0.00344942282899317,-0.0117647418780615,0.000599738717275144
"936",2004-10-05,0.00697868639725019,-0.0304118266264034,0.00198769269057412,0.0100779807086235,-0.0256181103013009,0.000600421426224296
"937",2004-10-06,-0.00477053014998732,-0.0306831280850345,0.00118516438649858,0.00677095382865287,-0.0154947482232302,0.000601104018274734
"938",2004-10-07,0.000269826335246945,0.012538349418218,0.0044304159732225,-0.00663207250291229,-0.00149464768852441,0.000601445270475454
"939",2004-10-08,-0.00508613162363665,-0.00193074970608229,-0.0113544954952825,-0.0153896435987902,0.00218104041023172,0.000601786493466427
"940",2004-10-11,-0.000257380779730228,-0.0051214659896307,0.0016661172621077,0.00146025384371088,-0.00130708560892496,0.000603492170452302
"941",2004-10-13,-0.0251724477085565,-0.00450588591152027,0.000179454684777119,-0.00479469013787798,0.00899084935809396,0.000604856186777969
"942",2004-10-14,-0.0101189967249047,-0.0041050948424588,-0.00727042011967286,-0.00699384870252111,0.00891739115248148,0.000606560551131174
"943",2004-10-15,0.0200038931680684,-0.00521721637223479,-0.0037608112850743,0.00344283881433447,-0.00421290457142225,0.000606219736549729
"944",2004-10-18,0.000952163303484345,-0.00025001448209984,0.00248068754221632,-0.00234994512663224,0.00148781794472114,0.000607923518160414
"945",2004-10-19,-0.0207752776054945,0.00612927340547618,-0.00501438220162422,-0.0141991646868112,0.0136314893303874,0.000608604826966896
"946",2004-10-20,4.27415733739261e-05,-0.00498923324701869,0.0160646007350496,-0.0109466856646436,0.00794572698380931,0.000609286019354727
"947",2004-10-21,0.0129488814468158,-0.0167616793590914,-0.0044453328249536,-0.00548707545572305,-0.0196649801732575,0.000616091548954367
"948",2004-10-22,-0.00761083444502807,-0.0167506950939756,-0.00809629074712572,-0.00367969979098173,-0.00442992761900424,0.000615751548260546
"949",2004-10-25,-0.00334648206119369,-0.0208174758817454,-0.00886980675595507,0.000978100415172989,-0.0110117499393491,0.000617451261825774
"950",2004-10-26,0.00724347743518451,-0.00468587448768748,0.00537350443730396,0.0168211483688384,-0.00695761794472557,0.000618130944388229
"951",2004-10-27,0.00745485017906073,0.0229086069138759,0.00297448761572554,0.00824357510600972,-0.00586777584842176,0.000619150251001788
"952",2004-10-28,-0.00765360500916813,-0.00455347939085657,0.00482160851550727,-0.00243137609142788,0.00586972798055298,0.000620169297057771
"953",2004-10-29,0.00667198187506369,0.0150911839157633,-0.0161086901377376,0.0155511525629929,0.00799477163004807,0.000620508921197915
"954",2004-11-01,0.00327337215844314,0.0239279572777088,0.00710573917532625,0.00095267566174166,0.0119975535118451,0.00062084851640698
"955",2004-11-03,0.0101981874750453,0.0021568531638536,0.0142144385964235,-0.0052311916568617,0.00503246815224352,0.00062356423715304
"956",2004-11-04,0.00582490491858842,0.00278728608655241,-0.0095816026190585,0.00404045942950002,-0.00348014577145069,0.000625260623642543
"957",2004-11-05,-0.00473548663278167,-0.01048603798462,-0.015304736180063,0.00762359321909586,-0.0086697628387264,0.00062729533503636
"958",2004-11-08,-0.0147615506883513,0.000853078209868029,-0.00079062930935706,-0.00365115571652484,0.0145181884038848,0.000629329008458912
"959",2004-11-09,0.00486567221351232,-0.0110582576561838,-0.00414296747288893,0.0125236310020697,-0.00567995941622153,0.000629329008458912
"960",2004-11-10,0.0116137013130159,-0.00811782312400453,-0.00733716633715065,0.00771537972321626,-0.015776849824145,0.000630345456262171
"961",2004-11-11,-0.00265185012669436,0.00918824289882275,0.00449630886576332,0.00670268566878863,0.00239451674511742,0.000631361644970463
"962",2004-11-12,0.0161375882715667,-0.00972159015325212,0.0138891776656482,0.00239010000628924,0.00658095514585133,0.000632038960232784
"963",2004-11-16,-0.0156866134764175,0.00311418484751889,0.000774875049322771,0.00186706256243471,0.00327301806170318,0.000633393245629943
"964",2004-11-17,0.0137460163680934,-0.0028753423485636,0.00490888038261822,-0.00148891020363652,-0.010564479309987,0.000633393245629943
"965",2004-11-18,-0.0100043998695445,0.0140451498869565,0.00704566611357387,-0.0168864009869875,0.000860285711200755,0.000636100437011455
"966",2004-11-19,-0.00376157314458199,-0.00891493477776082,0.0105384107745198,-0.020063241495473,0.00112481431583932,0.000636438706709486
"967",2004-11-22,0.010261808525076,0.0132466147150422,0.0221766630736442,-0.000569531350285691,0.0158016083596315,0.000637453343621086
"968",2004-11-23,-0.0092866824425168,-0.00462984081962331,0.0124416810284439,-0.00607988010956978,-0.00558516551390909,0.00063812962479215
"969",2004-11-24,0.00366285791237087,-0.000979512303641097,-0.00780602686395221,0.0129479807257155,-0.00212009407823822,0.000638467722361424
"970",2004-11-25,0.0189904186413944,-0.00560313993775245,0.00197779263135601,-0.000760850615094542,-0.0065160458625566,0.000637791498546925
"971",2004-11-26,0.00514708825032343,-0.0012381869175224,-0.0100315447637342,0.00468938914195978,-0.00322659083267103,0.000636776947707141
"972",2004-11-29,-0.00366650303945434,-0.0089841321228883,0.00418227814720544,0.00150082355599247,-0.00850973716587758,0.000637115160009305
"973",2004-11-30,0.00784843880772693,0.00328637626843526,0.00308695720700053,0.0133050244503668,-0.00415037781209285,0.000637453343621086
"974",2004-12-01,0.00724788782414581,-0.00606772170596295,0.00158056564421088,0.00762511539110965,-0.00138092423058748,0.000637115160009305
"975",2004-12-02,-0.00173682577371974,-0.0123504128543702,0.0049859152328602,-0.00112315699584624,-0.00284371458791776,0.000639481843062173
"976",2004-12-03,0.00778940992525126,-0.008608848036715,0.00641240200016392,0.0191539196216922,-0.00138277664153666,0.000639143831491662
"977",2004-12-06,0.0105069719061397,-0.00422029012955996,-0.00806215006971023,-0.0137106210197764,0.000476743556777869,0.00064015778023907
"978",2004-12-07,-0.0193338579642034,0.0181508440256063,-0.0198628331455419,-0.0135022319260717,0.00982855354713411,0.000640833602828961
"979",2004-12-08,-0.000376845116878622,0.0207046125778184,-0.0109857198308566,0.00500488212861777,0.0128881748964148,0.000641847121948702
"980",2004-12-09,-0.0144234391633644,-0.0154072728001847,-0.011949780156715,0.00378914653150583,-0.00965576115410167,0.000641509310871147
"981",2004-12-10,0.0177145912984297,-0.00267747692742643,0.00219971354336451,-0.00041260959089014,-0.0029672407743493,0.000642184904404042
"982",2004-12-13,0.0125897697102126,-0.0132498846440854,0.00215232063749624,0.0229311416470407,-0.0186840244371259,0.000642860383466948
"983",2004-12-14,0.0116892518525522,-0.000535278171383239,-0.00941298323004221,0.00109690175074255,-0.00795144458070285,0.000644548580571946
"984",2004-12-15,-0.00419570913314189,-0.00376710497623389,0.0107182730930433,-0.00713973961600576,-0.00657205297407724,0.000645223659295091
"985",2004-12-16,0.0106341372736518,-0.0001295524904263,0.00872304546382823,0.0180951187140073,0.000296385141982819,0.000649608886776232
"986",2004-12-17,-0.00812751072169061,0.00424636844220415,-0.00554427324461727,0.00919118146215802,9.93953978873398e-05,0.0006489345502807
"987",2004-12-20,-0.00652963113100516,-0.00249454549186246,-0.00470876195623009,0.00235327940829168,0.00782710767789965,0.000649608886776232
"988",2004-12-21,0.0162107128554884,-0.0108350134517505,-0.0145110542913879,-0.00233183414111884,-0.00785283667660083,0.000650283109227656
"989",2004-12-22,-0.00654903917949257,-0.00657589554513237,0.000955222244060599,0.00306679596374967,-0.0057090735901679,0.000650620177699235
"990",2004-12-23,0.00820795178783634,-0.0177428048694424,-0.00637672466179258,-0.0025029910675671,-0.0047962130336118,0.000650620177699235
"991",2004-12-27,9.02219947218238e-05,-0.00279648145919731,0.00127240413244375,0.00988279848889422,0.000963429410116424,0.000651968166668793
"992",2004-12-28,0.00843838532480404,-6.55284114319515e-05,-0.0072463981459467,0.00707314377630845,-0.000467688313450484,0.000652641990271263
"993",2004-12-29,0.000948310813668138,0.00891651628042274,0.00327225046252686,0.00936680510223446,0.0035537713500238,0.000652641990271263
"994",2004-12-30,-0.00194410394381637,0.00490433677817085,0.00565569769825094,-0.00426828028885716,0.00696851390735241,0.000651631212154058
"995",2005-01-03,-0.00817300064412577,0.00412740001417807,-0.0249623019466852,0.00119617288315779,0.0135619465357365,0.000653989295904989
"996",2005-01-04,-0.0261252302621319,-0.00892369843699025,-0.0101745215168235,0.0104324937699116,0.00482299753284482,0.00065567278789791
"997",2005-01-05,-0.00954497883995912,0.00941998800502294,0.00625796688647847,-0.00631043236366651,0.00235289192010858,0.000656009401004631
"998",2005-01-06,-0.00865020581110247,-0.0048236120922823,-0.0179177641793262,0.00317801529281272,-0.00185558710585659,0.000657692040344493
"999",2005-01-07,0.00982889036431452,0.0214373412567165,0.0102952800084554,-0.000528476123177541,-0.000143090415298447,0.000657019069828291
"1000",2005-01-10,-0.0140301173472093,-0.0206200247896393,-0.0193988600397004,0.0164227588372323,-0.00925490310722641,0.000658028483007334
"1001",2005-01-11,-0.000545393612495333,0.00959055905092886,0.000402951665874075,-0.00761808331368935,0.00398814305447101,0.000659037640671656
"1002",2005-01-12,-0.000569586317568044,0.0189695737465992,0.00720431654986462,0.00023612767940953,0.00927559745816327,0.000659373969801091
"1003",2005-01-13,0.0129438347710653,-0.00645652861511428,-0.00782298026294902,0.0115690854982474,-0.0106126561085117,0.00066038278698044
"1004",2005-01-14,0.00649754743239096,-0.0110624870537538,-0.0190680174422565,0.00975908076446263,-0.00619642534477499,0.000661391348947493
"1005",2005-01-17,-0.0111515741267457,-0.012882598277015,-0.00103936860211224,0.0161277639428297,-0.00729982184496562,0.00066407960080328
"1006",2005-01-18,-0.0125963380074535,-0.0215899161647733,-0.0230601096934679,-0.0110000783565101,-0.00328131871329701,0.000666766041183209
"1007",2005-01-19,0.00319921809956018,0.0126195467770828,0.00261575936572378,-0.0111600237529971,0.0063915696905843,0.000667101718982988
"1008",2005-01-20,-0.0243012566400197,-0.00930637971815918,-0.0167606307555134,0.00522497863594598,0.000359489004210081,0.000668108582833726
"1009",2005-01-21,0.00627585601654544,0.000730824095260259,-0.00449912904272849,0.00408599785799608,-0.00437144949726023,0.000668108582833726
"1010",2005-01-24,0.0154445984656428,-0.0114509590759868,0.0117665940085461,0.00703711072021624,-0.0034545392246102,0.000668444147616798
"1011",2005-01-26,0.00532477969703995,0.0159769348855427,0.0196748913351046,-0.0103924797614649,0.00252972814136452,0.000668779684157572
"1012",2005-01-27,-0.0163901635191396,-0.00869836664117027,-0.00359988366817424,0.0029571695499314,0.00247993524803866,0.000670792310581314
"1013",2005-01-28,-0.00505182973732793,0.00634836732333537,-0.00444868638413178,0.0193407978886451,-0.00270446691144774,0.000673139091306618
"1014",2005-01-31,0.0112711854470266,0.00290813677059706,0.00962186820469618,-0.0107727461229414,-0.00853228883008169,0.000673474232955273
"1015",2005-02-01,-0.00419546306017715,0.00217705400701398,-0.0174909005197228,0.00111362334495782,-0.00230924771373207,0.000674144431744184
"1016",2005-02-02,0.0158826692534775,0.000705503717240031,0.00707818608477463,0.00190671829737692,-0.00120774237912785,0.00067682410082015
"1017",2005-02-03,0.00994192616492751,-0.0103522081750005,0.0132125879826056,-0.0112524832188615,0.00711881776455146,0.00067715893284892
"1018",2005-02-04,0.0280142151112395,0.0014927997749545,0.0130083921512789,-0.0188430278194403,-0.00314293763797814,0.00067715893284892
"1019",2005-02-09,0.0189390228001022,-0.00524712724272201,0.00320835558188409,-0.0201183690511517,-0.00814678107586829,0.000679836577198278
"1020",2005-02-10,-0.000468692970451372,0.00404865093060002,0.00589165386743775,-0.00775751906766525,0.000679186017590645,0.000680840230362634
"1021",2005-02-11,0.00824184229040678,-0.00266516591024619,0.0150705427922953,0.00163033091821832,-0.00360966247664391,0.000680840230362634
"1022",2005-02-14,-0.000638810683943477,0.000786482846750612,-0.0162721563874571,0.00458211458119553,-0.00948681211709211,0.000684518131786716
"1023",2005-02-15,0.00596988348970942,-0.00699018416745665,-0.0102883770317575,0.0038940801079861,-0.000797326306313703,0.000685186476757638
"1024",2005-02-16,-0.00994147998059336,-0.00241385495203193,0.000646715880156072,0.00525838440741809,-0.00934274013528205,0.000686522830670278
"1025",2005-02-17,0.0165282489564839,0.00491353042442727,0.0139326093337652,-0.00471360991927748,-0.00570675682585591,0.000685854709706391
"1026",2005-02-18,-0.00696304985172294,-0.00503578014757065,-0.00147821939339251,0.0248010462856957,0.00679873523850313,0.000685854709706391
"1027",2005-02-21,0.00286958367155481,-0.00345541734984691,-0.00281465273039896,0.00816894410495993,-0.0047686004824399,0.000685854709706391
"1028",2005-02-22,0.0039556324972817,-0.0149770329288173,-0.0353573875957591,0.0163530724231877,-0.0130806814161737,0.000686188784184028
"1029",2005-02-23,0.0122850624332107,0.0130700722035201,-0.00224913565861268,-0.0110921112829196,-0.00572394151776139,0.000686188784184028
"1030",2005-02-24,0.0411312276762366,-0.00397502337880753,-0.000871904705203479,-0.0121636306608015,-0.0137614149905516,0.000685520607232482
"1031",2005-02-25,-0.00538295553510739,0.00364757279553519,0.00590387619154254,0.00359742366721781,-0.0136611432561663,0.000685854709706391
"1032",2005-02-28,-0.0147974864437063,-0.00182723706221621,0.0200783800069289,0.0101736948354918,0.0015536627632579,0.000685520607232482
"1033",2005-03-01,-0.00922144969551759,-0.00815223423571906,-0.00589011671070685,0.00148633279613989,0.00554879188981047,0.000684518131786716
"1034",2005-03-02,0.0133796095391213,0.0164079026020874,0.0106164270475472,0.00720809839694578,0.00219584734933132,0.000686856849169581
"1035",2005-03-03,0.0192236684735573,-0.00374218323797057,-0.0104308229568789,-0.00482729742646077,-0.00581666368464438,0.000686188784184028
"1036",2005-03-04,0.0156879389567481,0.014066466151499,-0.0125953153166529,-0.000539932780141198,-0.0123334293432673,0.000686188784184028
"1037",2005-03-07,0.00825528693858678,-0.00056315435887223,0.00165766692458303,0.00584160788256658,0.000116570958089613,0.000686522830670278
"1038",2005-03-08,-0.0113770603475304,-0.0139502574196385,-0.021214257968368,0.00425986214620122,-0.000958777182596149,0.000687524802226891
"1039",2005-03-09,-0.0146324242735128,-0.0037820048393143,0.00612124624909127,0.0127759697840031,-0.00125261771337029,0.000688192643393259
"1040",2005-03-10,-0.0100274912679374,0.0479757283403607,0.0297542792381304,-0.0250983886833913,0.0217686305877076,0.000689527990203942
"1041",2005-03-11,-0.0113974469397648,-0.0176320565410805,-0.00810383416463925,0.00633527383935672,-0.00235034572051775,0.000688526522029331
"1042",2005-03-14,-0.00552700609733815,0.0203604767765108,0.00204287866554624,-0.011945853050728,0.00966097809557984,0.000690529206877954
"1043",2005-03-15,-0.016335459001612,-0.0115643272347427,0.00104812382496317,0.0187763671808579,-0.0067790220315493,0.00069186377143815
"1044",2005-03-16,0.00549034868110957,-0.000541041223821962,0.00557700109274058,-0.00968575535316385,0.0022051052843946,0.00069186377143815
"1045",2005-03-17,0.00990826672362693,-0.0116798986737522,-0.00335916100659006,0.00735728055316865,-0.00823122640266124,0.000697863789750341
"1046",2005-03-18,-0.0164095845667413,0.00950258688696831,0.00574231885451441,0.00410595575652587,0.00132868235742417,0.00069852990140018
"1047",2005-03-21,-0.0123223081521187,0.0195314730723684,0.00809608620105922,-0.0181808352092355,0.0104566342074892,0.000699195901776362
"1048",2005-03-22,-0.0209295418784009,-0.0165663014328418,-0.0268470023632186,0.0112272935669177,-0.00997949640964783,0.000699195901776362
"1049",2005-03-23,-0.0221203440236687,0.016959534484518,0.0112039782847228,-0.00802348317233311,0.00030435314795068,0.00069986179091619
"1050",2005-03-24,0.0206159713118276,-0.015553004802233,-0.00895538243736655,0.0104580844102717,-0.00899968020443744,0.000699195901776362
"1051",2005-03-28,-0.0193079660595956,0.0134938654457431,-0.00572169790964277,-0.0216628403295316,0.00361865590369404,0.00069986179091619
"1052",2005-03-29,-0.0218041722445713,0.012807680287345,0.020191943658823,-0.019689068427434,0.00109534181001014,0.000699528860248488
"1053",2005-03-30,0.0197132211121093,-0.0069760179663862,0.00718982376027468,-0.0147395052751108,-0.00616886020720532,0.000699195901776362
"1054",2005-03-31,0.00839224909002243,-0.00476378828988795,-0.0194123843853448,0.00964359128402556,-0.0015579994546841,0.000699195901776362
"1055",2005-04-01,0.00427306478518458,-0.00756964966929092,0.0203217528330052,-0.00827791012024805,0.00529769511404705,0.000700194693784129
"1056",2005-04-04,-0.0123000149340415,0.00446130515518572,-0.00862917834198034,0.00638440987878115,-0.0064906516781907,0.000701193235636
"1057",2005-04-05,-0.0135762525419595,-0.00297790247047111,0.0217508496345765,-0.00774401061308356,-0.000929578674827571,0.000702191527457208
"1058",2005-04-06,-0.0117430815680379,0.00209226176411658,-0.00655823927962677,-0.00910550146571044,0.00225634513741513,0.000701193235636
"1059",2005-04-07,0.0156027461161521,0.0214487002267594,0.0116558310934046,-0.00631978107363051,0.0159664686756144,0.000701193235636
"1060",2005-04-08,-0.012138751258134,-0.00283341589539947,-0.00415233650997717,0.0130227617904784,0.00347202294086584,0.000702856916493966
"1061",2005-04-11,-0.0013416477463665,-0.00086679571133868,-0.00776326351758407,-0.00396001523254902,-0.00511829447569307,0.000703522194499095
"1062",2005-04-12,0.00311755621628803,0.0116815267742732,0.0303852747608847,-0.030371499147423,0.0109962874959604,0.000703854791876291
"1063",2005-04-13,-0.00886321195112137,0.00637612683437029,0.0206012269202453,-0.00840328141209852,0.010191118676359,0.000703189569373208
"1064",2005-04-14,-0.0378503701316657,-0.00191839550309304,-0.0023617818315603,-0.0118841357071399,0.0106239873839501,0.000703189569373208
"1065",2005-04-15,-0.0114850272455666,-0.0118977963659138,-0.0136440580761328,0.00140759691960834,-0.00676625738073199,0.000703854791876291
"1066",2005-04-18,0.00575484697165245,0.00172721985916453,0.00264774540138317,0.00416007446237389,0.00261990160224476,0.000703189569373208
"1067",2005-04-19,0.0231417463893345,0.00432172789830795,0.0183816892498779,0.0127850210391186,0.000929806789844619,0.000703854791876291
"1068",2005-04-20,-0.0169343787613489,0.00552356378585851,-0.00442227759994951,0.0194755917308764,0.00679354850564156,0.000704852417562352
"1069",2005-04-22,-0.0103751275511866,0.00713077187490464,-0.00422435354363635,0.0188747388414388,-0.00166087782801152,0.000707511532939131
"1070",2005-04-25,0.0178289249797907,-0.0119271426883657,0.00696847991879146,-0.00203011039443877,-0.00140815272448178,0.000707511532939131
"1071",2005-04-26,0.00727005668107799,-0.035868314983832,0.00565017053111895,0.0209535010149385,-0.00494353201935424,0.000706846920345949
"1072",2005-04-27,-0.00595782087171165,0.00473576882002467,0.0168164639255508,-0.0103966261555456,-0.00500315578874798,0.000706514572498262
"1073",2005-04-28,-0.0299541631352803,0.017709189765175,0.0152030943198303,-0.0291495312011271,0.0267315298736347,0.000707179240491573
"1074",2005-04-29,0.0138491334340763,0.0390840642718594,0.00777351458567693,0.0124294344618718,0.0119415511762081,0.000707843797693952
"1075",2005-05-02,-0.00320039277792726,0.00226248407209405,-0.00250196218859105,0.00633770083220945,0.00693577184537216,0.000708176034760033
"1076",2005-05-03,-0.00324540217435173,-0.000251066902937746,0.016840422420692,0.00800766018010159,0.00172615299921877,0.000708508244142481
"1077",2005-05-04,0.0264501368666213,0.00686695110734573,0.0184482322489797,-0.00408036659447271,0.00960532521942849,0.000708508244142481
"1078",2005-05-05,-0.00443218057771586,0.0131185904423703,0.00733992237624301,-0.0105328833833429,0.00667712943486179,0.00070917257987424
"1079",2005-05-06,0.00580626469239821,0.00713598170828277,-0.0139845020341125,-0.00481899884357552,-0.00232362583930059,0.00070917257987424
"1080",2005-05-09,-0.00126993338211985,0.000170975254657814,0.00668967161391929,-0.00508506240953163,-0.0049986917583498,0.000710168875958539
"1081",2005-05-10,-0.0223492566176816,-0.000491396152816171,-0.010472370841212,-0.0040316759096495,0.0108271702923618,0.000710832935059802
"1082",2005-05-11,-0.00600067677652877,0.00375933133302588,0.0172173568890603,-0.0125764085581305,-0.00108460851227629,0.000710832935059802
"1083",2005-05-12,-0.0223320395141958,0.00468474300318629,0.0066777142465149,-0.0171660672277944,0.0044315639647081,0.00071182881637144
"1084",2005-05-13,-0.0112349263103623,-0.0122781739300024,-0.00489497034182859,0.00104017522510863,-0.00901873914533416,0.000712492599073133
"1085",2005-05-16,0.0187154280321646,-0.00922313604733331,-0.00787287562559008,0.00508073403120735,-0.00252857448380297,0.00071216072153657
"1086",2005-05-17,0.00164671683475764,0.00283094011475674,0.002122467145725,0.00163650713313471,-0.00468984416050973,0.00071182881637144
"1087",2005-05-18,0.0181434653826758,-0.0070330603718746,-0.00157089718076191,0.0106018920254896,-0.00916887657367749,0.00071182881637144
"1088",2005-05-19,-0.00114765514955859,0.00169040344735573,0.00319168238836498,-0.00534698634484129,0.00524937151736775,0.000716141429815131
"1089",2005-05-20,-0.0118895551778428,0.00383220675670099,-0.000845237986526222,0.00374580903262184,-0.000870016838778869,0.000715809855887484
"1090",2005-05-23,-0.0118177608017075,0.0139078878465521,-0.00428428586697325,-0.0012198983263854,0.0105624951905005,0.000716472976169502
"1091",2005-05-24,0.0109524134399602,-0.00368273876214914,0.000344125277447009,0.0123870812333448,-0.00224461786151478,0.000716141429815131
"1092",2005-05-25,-0.00154039652009095,0.00118017102210403,0.000702002935960868,-0.016077977567678,0.00724933482070604,0.000715809855887484
"1093",2005-05-27,0.0216635116347587,0.00133655588909039,0.0228014209188155,-0.00889530261335542,0.00120711057339837,0.000716141429815131
"1094",2005-05-30,0.00703323916316705,-0.0182476420726604,0.00262758468455175,0.00690114200885769,-0.0132164128652756,0.000715478254382118
"1095",2005-05-31,-0.0079807597372677,0.00951044811445348,0.000295707944793741,0.00316050917302314,0.00195785786483267,0.000716141429815131
"1096",2005-06-01,0.0266051741298469,0.00711713119954184,-0.00177766575804912,-0.0229279087932112,-0.00240683859611999,0.000716472976169502
"1097",2005-06-02,0.0212061357690699,-0.00155090632402511,0.00686042257492062,-0.0038462754048397,5.8258224703938e-05,0.000716804494955259
"1098",2005-06-03,-0.00170726876128753,-0.0128611417148852,-0.0163473860557992,0.00670349567810414,-0.0046317464139937,0.000717135986177064
"1099",2005-06-06,-0.0208672984073912,-0.0242698685814635,-0.0231049788489425,0.00534875491235669,-0.00848475693889429,0.000717467449839138
"1100",2005-06-07,-0.0210047881757182,-0.00957949215460579,-0.00603758353522155,-0.00396792159128361,-0.00890875633788913,0.000717467449839138
"1101",2005-06-08,-0.00817965895571084,-0.00592371154489496,-0.00402934777026029,-0.0176540882831056,0.00477470680258457,0.000717798885946586
"1102",2005-06-09,-0.00666615685729273,-0.000195513024299094,-0.0141147211925768,-0.0150807342382936,0.000465719209675234,0.000717467449839138
"1103",2005-06-10,0.0124517251356194,0.0148107046959404,0.0249483713399933,0.000529850560420052,0.00207210514816142,0.000715809855887484
"1104",2005-06-13,-0.00409587576388797,-0.00448568933015406,-0.0078528624631773,-0.00314730797090702,-0.00330300663997335,0.000715809855887484
"1105",2005-06-14,0.0245505423210977,0.0217666537510176,0.0115291790319048,-0.00525873675562641,0.0146934243791762,0.000716141429815131
"1106",2005-06-15,-0.0045994821696242,-0.0176441169852544,-0.0208021535103111,0.00108164687925418,-0.0119458500030562,0.000716472976169502
"1107",2005-06-16,0.00970735917756122,0.00931870646944472,0.00697732357872456,0.0147661139936124,-0.00162407833296546,0.000714814968619581
"1108",2005-06-17,0.0099189821277169,0.00330841860468555,0.0072072289723743,-0.00479979217769894,0.00837676213482287,0.000715146625294372
"1109",2005-06-20,-0.00178482512715854,0.0114219433237821,0.00881415160636495,-0.00251154110495791,0.00573897169668555,0.000715478254382118
"1110",2005-06-21,-0.0113703208877476,0.0159028478924542,0.00921701135801955,0.00443109294972526,0.0114610000963003,0.000715478254382118
"1111",2005-06-22,-0.000475421745799996,-0.0164981849810925,-0.00031121955548994,-0.0036573574565232,-0.00967823961180299,0.000714814968619581
"1112",2005-06-23,-0.0249496168658793,-0.0200981184940938,-0.01244756217725,0.00313133801902762,-0.00973951042964001,0.000715478254382118
"1113",2005-06-24,-0.00385615389976337,0.0130757666133249,0.00809998194041793,-0.00937872122284209,0.012512382354645,0.000715146625294372
"1114",2005-06-27,0.0141712511601845,0.00672894068537005,-0.000489354009752819,0.000854020145197497,-0.00795578564996,0.000714814968619581
"1115",2005-06-28,0.00260493562089026,-0.0143705006423086,-0.0137827779554452,0.00328970445050903,-0.0117302146984726,0.000715146625294372
"1116",2005-06-29,-0.00647904488466391,-0.00283396619015053,0.00559292410331457,0.00181059762074107,-0.0054955113969789,0.000715478254382118
"1117",2005-06-30,-0.00426714361934641,0.00782135316430492,0.00861395472761398,0.00667399497133411,0.00927580127016008,0.000715146625294372
"1118",2005-07-01,0.0135412924902386,0.00190882819327774,-0.00343011340011829,0.0136645228689461,-0.00402566266603951,0.000715809855887484
"1119",2005-07-04,-0.0090529774690636,-0.00326462917013933,-0.00227977190080444,0.00454993827581905,-0.0131789417492131,0.000715146625294372
"1120",2005-07-05,-0.00977673724289557,-0.012661020748341,-0.0231784826392543,-0.000824223528185831,-0.00110416162278619,0.000715478254382118
"1121",2005-07-06,-0.00625651050063069,-0.0143068996815915,-0.0196992497735311,-0.00572108934037838,-0.00259600452908797,0.000715478254382118
"1122",2005-07-07,-0.0038985977362986,0.00753855671817033,0.00394977064396829,0.00817127046555418,0.00249560969514654,0.000714814968619581
"1123",2005-07-08,0.00416453231724491,-0.00935733371849002,-0.0173687445803144,-3.09995945460169e-05,-0.00344130006097274,0.000714814968619581
"1124",2005-07-11,0.0138885535941008,0.00831517059821707,0.0325542586626043,0.000161204484462461,-0.00409545378232955,0.000714483284353085
"1125",2005-07-12,0.0135181318826473,-0.0117454044993641,0.0131971894767811,0.00495628908729166,-0.0129990761267167,0.000714483284353085
"1126",2005-07-13,0.0088945540773414,0.0127306807481937,-0.00159527860685593,0.00355821657765944,0.00313696405723174,0.000714483284353085
"1127",2005-07-14,-0.00154587235685773,0.0105962898554799,0.00513693395377504,-0.0100925320351989,0.00835022246040658,0.00071415157249044
"1128",2005-07-15,-0.0221342931777046,-0.0047613661505186,-0.0151277641855812,0.00829553199583661,0.00362708349035061,0.000713819833026985
"1129",2005-07-18,0.00288715891239626,-8.00067325162149e-05,-0.00695007927475324,0.011794036263719,0.00185885633238891,0.000713156271279214
"1130",2005-07-19,0.000105675943479601,-0.00927519978272768,-0.0202622249745079,0.00528966021382976,-0.0101884795492629,0.000713156271279214
"1131",2005-07-20,0.0112540317174489,-0.0008985659378704,0.0100736512640925,0.0176725039925915,-0.00526852700157146,0.00071216072153657
"1132",2005-07-21,0.00748527245812847,-0.0239894320044699,-0.0158008225930205,0.0101788146245515,-0.0157793711367308,0.000712492599073133
"1133",2005-07-22,-0.00959941593208833,0.00137011219998868,-0.0140399536186512,-3.45060168919498e-05,0.00818939695249007,0.000713156271279214
"1134",2005-07-25,-0.028634610499675,-0.00377043070386745,-0.0289262496866509,-0.0192179479425538,0.00262170545941357,0.000713156271279214
"1135",2005-07-26,0.0105395156740002,-0.00270365894278682,0.0261061679698174,0.0218662962629814,-0.00977711129704375,0.000712492599073133
"1136",2005-07-27,0.0182842292597272,-0.0105559221785334,0.00140764699610175,0.0118073893699924,-0.00885845044368782,0.000711496883573526
"1137",2005-07-28,0.0212323629911008,0.0357219964382999,0.0275574357242979,-0.0196444655312477,0.022708767641618,0.000712824448985794
"1138",2005-07-29,-0.00513391757294212,0.0127774340129265,0.0224643087219756,0.0035634051204787,0.00705153945805544,0.000712824448985794
"1139",2005-08-01,0.00994274223679715,-0.0111430596767976,-0.010485069362158,0.00591667838625265,-0.0136588791367134,0.000711496883573526
"1140",2005-08-02,0.0193648876929929,-0.00714586507174468,-0.00242507096223857,0.0149656765126926,-0.00554732116570158,0.000713156271279214
"1141",2005-08-03,-0.00333669242835602,0.00515546097049184,0.00725000841350255,0.00761718573208257,0.00255567304184211,0.000712492599073133
"1142",2005-08-04,-0.0091623863813877,0.00836701148724957,0.00311091986995201,0.00749411466793435,-0.00101349290926813,0.000712824448985794
"1143",2005-08-05,-0.00147210763246192,0.0114612552857153,0.00604037897260807,0.00818173767981973,-0.00984763204216329,0.000712492599073133
"1144",2005-08-08,0.00913588467242882,-0.0151454772348699,-0.00748193944112675,-0.00342264420723899,-0.0181628292962719,0.00071182881637144
"1145",2005-08-09,0.0192991978964724,0.00633970454348627,0.000623306279238178,-0.00534733461017302,0.00406287851586064,0.000711496883573526
"1146",2005-08-10,-0.00106251499929782,-0.00121032555486394,-0.00819412663966833,0.0103102445512439,-0.00532211605962147,0.000709836804926089
"1147",2005-08-11,-0.0104781760430078,-0.0123554171201651,-0.0230984604198554,0.00289044950177108,0.00245934234036484,0.000710832935059802
"1148",2005-08-12,0.00966696721341663,0.00515276874438769,0.00488009496665965,-0.00736874122847041,0.00800281896232553,0.000710500919334889
"1149",2005-08-15,0.013670723243081,-0.00266339558604958,0.00269026159102283,-0.00065139148119635,-0.00103855157473274,0.00070917257987424
"1150",2005-08-16,-0.00912470758100446,-0.000436482103947982,-0.00239139662068743,0.00167245828800831,0.00251528669168946,0.000708840425845514
"1151",2005-08-17,0.00509813243598241,0.018219889046809,0.0257859359526831,-0.00529037013270433,0.00585880368030593,0.000708508244142481
"1152",2005-08-18,-0.0136870027718613,-0.00503368519134768,-0.01072226899079,-0.000679603230147357,-9.02468281378105e-05,0.00071182881637144
"1153",2005-08-19,-0.00630019641172118,-0.000405715638764639,-0.0113397563533785,0.00705695229928699,0.00862578208367548,0.000712492599073133
"1154",2005-08-22,0.0184555717632306,0.00182218620186346,0.00355863588468018,-0.00269552635837102,-0.00150153355626975,0.00071182881637144
"1155",2005-08-23,-0.0160706291228465,0.000584595508124421,-0.00782257322973213,0.00340521821322246,-0.00154502749200364,0.00071182881637144
"1156",2005-08-24,0.00298352945593247,-0.0075148656131038,-0.00802802329807747,0.00500529235720665,-0.00145064046271241,0.000710832935059802
"1157",2005-08-25,0.0173514635223873,0.015423834692328,0.0114832656921006,-0.00336365846912837,0.00254378477203577,0.000710500919334889
"1158",2005-08-26,-0.0113179030436247,-0.00159069377934019,-0.00317728272903174,0.00392085180513065,-0.0012196749611153,0.000710500919334889
"1159",2005-08-29,0.00831160855914672,0.00230070512857328,0.00354581502342833,0.00306152868615485,-0.0088081899331429,0.000709836804926089
"1160",2005-08-30,0.00406749340876731,-0.00470338380534445,0.0134468448192785,0.000964912245415469,-0.00729094317421835,0.000710168875958539
"1161",2005-08-31,0.0127820484467523,0.008179325122197,0.0093739021507502,0.0123156843959989,-0.00901295705443753,0.000710500919334889
"1162",2005-09-01,0.000174128613203119,-0.00801665368337141,-0.00482917095220404,-0.00382424983420392,0.00123806057248516,0.000711496883573526
"1163",2005-09-02,0.00925020780781125,0.00923457805617723,0.00090395588953922,-0.00347244100380029,0.0028358109767586,0.000710832935059802
"1164",2005-09-05,0.00665653500092395,0.00313166071345945,0.00344586912069342,-0.00856959120211142,-0.000131109932453504,0.000709836804926089
"1165",2005-09-06,0.012943298792571,0.00154605603821774,-0.00974063360649948,0.00562366378105405,-0.00678107602040785,0.00070917257987424
"1166",2005-09-08,0.000308653356036658,-0.0117341476401675,-0.00524579479726125,0.00163840699775546,-0.0155544691307239,0.000707179240491573
"1167",2005-09-09,0.016387757935356,-0.00773097361916008,0.0115352866846275,0.0014944232856047,-0.00337508671668333,0.000706514572498262
"1168",2005-09-12,-0.00261997662986909,-0.00564583271101782,-0.0045701131142542,0.00111122874368165,1.08427720852192e-05,0.00070584979367716
"1169",2005-09-13,-0.0110628448265655,0.0176243554299044,0.0172558621449689,-0.00833095101070578,0.0195226541834419,0.000705517362694641
"1170",2005-09-14,0.00478693707441879,-0.00435223439568097,0.00668723328597256,0.00104019646860626,7.77443996604683e-05,0.000704852417562352
"1171",2005-09-15,0.00803175415343062,-0.00608843289086659,0.0165232481156549,0.00612026044299852,-0.00808475543155519,0.000704519903403256
"1172",2005-09-16,0.0115750199667722,-0.00576086364954516,0.00170977028895434,0.0119529953293982,-0.0134884626937529,0.000704187361509456
"1173",2005-09-19,0.00856586918107875,0.014393439697979,0.0165363774428523,-0.00439170208097431,0.00776701667332928,0.000703854791876291
"1174",2005-09-20,0.00407485708901825,-0.0143775074079635,-0.000516698121430429,0.00582827463076073,0.00129801933076409,0.000704187361509456
"1175",2005-09-21,0.025074414897715,-0.010230475700895,-0.000426372114572679,-0.00389447799085446,-0.0109625745664438,0.000702856916493966
"1176",2005-09-22,-0.00691751545054495,-0.00175136836325906,0.00395910325669178,0.000670142293097071,0.000476538455520223,0.000702524235856927
"1177",2005-09-23,0.0111429911355643,0.00719009160048569,0.0184369654904391,-0.00616439710044999,0.00480001310809861,0.000702191527457208
"1178",2005-09-26,-0.0056577301715036,-0.00190700033898511,-0.0170596810219417,0.00345477823191924,-0.00455832325230065,0.000702191527457208
"1179",2005-09-27,-0.00538915676389446,0.0026536710933386,-0.00286816978936206,0.00882865279681665,-0.00481636832733235,0.000702191527457208
"1180",2005-09-28,0.0130815693950774,-0.000290955804467299,0.013488684913761,0.0031730331774744,0.0048372242859002,0.000701526027351296
"1181",2005-09-29,-0.00499808292543934,-0.00192823553777814,0.00512564583897436,0.00656273993989084,0.00215793055646362,0.000700860416139371
"1182",2005-09-30,0.00833197214241345,0.0148278372305688,-0.00253145099379285,-0.00805405430305314,0.0114159417725742,0.000701526027351296
"1183",2005-10-03,0.00981752658048444,0.0129648637056492,0.00784011415966991,-0.0008135931435523,-0.00902429756597085,0.000701193235636
"1184",2005-10-04,-0.0160790401791361,-0.00551138008495867,-0.00199816165075147,-0.0104400136666054,0.00414417539135717,0.000700527568856968
"1185",2005-10-05,-0.0372913094047335,0.0226364099602844,0.00676757180765342,0.00245625261902665,0.0243112266195598,0.000699195901776362
"1186",2005-10-06,-0.0319933643659314,-0.000845602157453891,0.0086630691114417,0.00115458922421337,-0.00676035777119854,0.000699195901776362
"1187",2005-10-07,0.0192904415098409,0.0110250397145774,0.00527084305680409,0.00460889716992758,-0.00779861185482566,0.000697863789750341
"1188",2005-10-10,0.00732984448741469,-0.00398924129020499,0.0107762161843535,-0.00692720561906229,-0.00114362706366857,0.00069686441355632
"1189",2005-10-11,0.0130993126978498,-0.0138954951633765,0.0132831711138581,0.0176572913405416,-0.0120687074903535,0.00069619802355958
"1190",2005-10-13,-0.0275395055022014,0.00413543196012476,0.00545306792863011,-0.0121487031310903,0.00949389397313327,0.000695864786787181
"1191",2005-10-14,-0.00454816731449945,-0.0103165826318155,-0.000669442121047617,0.00677905294046446,-0.00175293520772742,0.000695198229670346
"1192",2005-10-17,0.0171441165127508,-0.0126606763702658,-0.00995163985017823,0.0110044444965217,-0.00812911471537032,0.000693531349158949
"1193",2005-10-18,-0.034684426445317,0.000636928111695759,0.000457065673127796,0.00917227414351362,0.00809633514196549,0.000692530886228893
"1194",2005-10-19,-0.00130236818382346,0.0371156607214784,0.0204049903365285,-0.0241012688484015,0.0134630168387807,0.000692530886228893
"1195",2005-10-20,-0.0301051758703055,-0.0226207118041523,-0.0240249141796155,0.00864607350291136,0.00546153903555545,0.000686188784184028
"1196",2005-10-21,0.0287714148003396,0.00674529709876498,0.0047862791038612,-0.00276979925980185,0.0058600635142716,0.000685854709706391
"1197",2005-10-24,0.0271414786965073,0.00754722519065242,-0.01064399676271,0.00452790023753317,0.00150334792824009,0.000685520607232482
"1198",2005-10-25,-0.0107361228312936,0.00596667891275771,-0.013665039295307,-0.00260336110612467,0.00265900774824411,0.000684852318277196
"1199",2005-10-26,0.00591305752700501,-0.000220777410974813,-0.00814154902997673,0.00630867205601151,-0.0174167800157953,0.000684852318277196
"1200",2005-10-27,-0.0192861476248922,-0.0112294707885285,-0.0201771748600289,-0.0107910257812789,0.00371701525965031,0.000684852318277196
"1201",2005-10-28,0.00563223348961155,0.0105838434907591,-0.00299435674927467,0.00126156912567663,0.0122839713926947,0.000684852318277196
"1202",2005-10-31,0.0310766213298966,-0.0177300414509828,0.00256110823106201,0.0025461558814613,-0.0133840265523349,0.000684183917280867
"1203",2005-11-01,0.0198290335585359,-0.0130507530244872,0.00954855962720781,0.00599117994417596,-0.00965304943197923,0.000684183917280867
"1204",2005-11-03,0.00602405974556231,0.00209888941914744,0.0212680718721672,0.0103474456081553,-0.00534881110398217,0.000682178041668147
"1205",2005-11-04,-0.0085976419911123,0.0116042624849709,0.0220542900910894,-0.00976069187733719,0.0147379348305946,0.000682178041668147
"1206",2005-11-07,0.00335310548555682,-0.00112798873246521,-0.0129381577280475,0.00500370918093158,0.00115716850033348,0.000680171156327791
"1207",2005-11-08,0.00391530906874689,-0.00723525964920881,-0.00446177951611683,0.00854350005822751,-0.00587786409766652,0.000679501969987673
"1208",2005-11-09,-0.00657785800259623,0.00606977761826864,0.0064430047707741,0.00412490407911042,0.00732904572178939,0.000676489240667877
"1209",2005-11-10,-0.0021632163534027,0.0144680170277553,0.0106428742781664,-0.012910061021861,0.0112780243470554,0.000674814517887201
"1210",2005-11-11,-0.00935780253641176,-0.0107755015556778,-0.0107115882882208,0.00446731472753471,-0.00441210456297157,0.000674144431744184
"1211",2005-11-14,-0.00457215081912851,-0.00355465452080798,-0.00537403396657951,0.0112402819737603,-0.0112579058631655,0.000673139091306618
"1212",2005-11-16,0.0097505931766251,0.00608073492081912,-0.0060735409271036,-0.00355042883818656,-0.00295908248961126,0.000669786124374072
"1213",2005-11-17,0.0179170076115691,-0.0111544576917989,-0.00135602468359245,0.0106062738192437,-0.0101790765238818,0.000669115192460934
"1214",2005-11-18,-0.00288158768499234,-0.00194780123092949,-0.0121191986707783,0.00120895431351424,-0.003085643247696,0.000667772989803472
"1215",2005-11-21,0.00114280863516728,-0.00516091479097326,-0.00346056852258593,0.00328994897454929,-0.00279669908222502,0.000666094600780154
"1216",2005-11-22,0.0135871084522529,0.00425213202114824,-0.00603890692840686,-0.0147626233971355,0.00626362404521797,0.000664751380628603
"1217",2005-11-23,0.0122602778635683,-0.0031868682327258,-0.00474862833216389,0.00293110573875405,-0.00209669300690472,0.000663071718771002
"1218",2005-11-24,-0.00411994992936782,0.00468596864113089,0.0120853493855798,-0.000609623012891952,0.00590083560137073,0.000663743668436467
"1219",2005-11-25,0.00178898018337099,-0.00040636428196015,-0.00679708257785938,0.00549337102349234,-0.00859007305968829,0.00066407960080328
"1220",2005-11-28,-0.0179369311020114,0.0109243521220754,-0.00340675502195539,-0.00182791288293388,0.0088361222807551,0.000663071718771002
"1221",2005-11-29,0.00651661754184899,-0.000735130853805192,0.000473834261606663,-0.000818080168008394,-0.00374093068990418,0.000662063581871042
"1222",2005-11-30,0.00480728062230102,-0.00116541106121086,0.0144853840065995,0.00996842806801708,-0.00648281857112529,0.00066038278698044
"1223",2005-12-01,0.0218028632487723,-0.00464716497449964,-0.00929325908703965,0.00962428853417353,-0.011128937458927,0.000660719002653298
"1224",2005-12-02,0.00855118221344518,0.0101901739645657,-0.00962454143999121,-0.0170895941622176,0.0216626448158174,0.000660719002653298
"1225",2005-12-05,-0.00177239475693774,-0.00192306124966858,-0.00301760570176022,-0.0424088241842342,0.00537365413502805,0.000658364897279551
"1226",2005-12-06,0.00945265844224694,0.0139432689674164,0.0247482001212286,0.00284998803088422,0.00167948092128332,0.000657355569286366
"1227",2005-12-07,-0.0173045012434901,0.0216018685032201,0.00868515784615396,-0.00707420889310166,0.0117883523219595,0.000656345985692086
"1228",2005-12-08,-0.00884847416121617,0.00459858118738066,-0.0106265235536425,-0.00528599623144889,0.00989431088208019,0.000655336146366814
"1229",2005-12-09,0.00907427443148668,0.00818706946810578,0.000794597756904273,-0.0141955266935748,0.00756399221831984,0.000653315700003931
"1230",2005-12-12,0.00290793114551125,-0.002739113050356,-0.00351363914991015,0.00495777043198043,0.000496821579053416,0.000652641990271263
"1231",2005-12-13,0.00834604991016871,0.00463443155662488,0.00921675070930854,0.000944604630537487,-0.000404435269898751,0.000651631212154058
"1232",2005-12-14,0.00505233646783913,-0.0140458096763669,-0.0022404033385022,0.00456639434674977,-0.00650486934392689,0.000649608886776232
"1233",2005-12-15,-0.0101744565855226,-0.00933019664940448,-0.00444340122956717,0.00393735581842921,-0.0036380320677886,0.000650283109227656
"1234",2005-12-16,0.00178582956482207,0.00256276651666426,0.000846366296115877,0.00406185575980927,-0.00751391554501231,0.000650283109227656
"1235",2005-12-19,-0.00738010612813984,-0.0131144446959196,-0.00639752156166133,-0.00200017238478986,0.000558697309106272,0.000650283109227656
"1236",2005-12-20,0.000458039886299726,0.00962787331487123,0.0106497978611244,0.0104249643826753,-0.00625400884832263,0.000649608886776232
"1237",2005-12-21,0.0124582585412912,-0.00351184367958435,-0.00538031733197008,0.0110293258455477,-0.0115158971260705,0.000649271732786394
"1238",2005-12-22,0.0017318076648377,0.00524480947736576,0.00550042218935609,0.00797087077289931,0.00106746305848509,0.000649271732786394
"1239",2005-12-23,-0.00332941130949633,0.00128466182823728,-0.00787298956028547,0.00228731558757328,0.00510458813020435,0.000649271732786394
"1240",2005-12-26,-0.00526293436234656,0.00298646441028616,0.00541691166906123,-0.00643345586258512,0.000443365344684318,0.0006489345502807
"1241",2005-12-27,0.0020050534443324,-0.00742029008513534,-0.00907555004382637,-0.00585296199681176,0.000195621539828739,0.000648260099703091
"1242",2005-12-28,-0.00177452999009004,-0.00287033580443914,-0.0162760019272304,-0.00437136373981897,0.00173898730009564,0.000647922831621184
"1243",2005-12-29,0.00588992523525469,0.00419983267168808,0.0109754317136939,0.0023836465222441,-0.00263334542551779,0.000647248209847184
"1244",2006-01-02,0.00465046635441064,0.0095093637856497,0.00948270469187714,0.00811449437977246,0.000156277163177551,0.000646910856145322
"1245",2006-01-03,0.0263879525532994,0.000872201506496029,0.007526813095422,-0.00109771923211189,-0.00993744829128638,0.000646236063088113
"1246",2006-01-04,0.0181443552741696,0.00206740270344019,-0.0143560631328557,0.0076332777021253,0.0174766208293853,0.000645223659295091
"1247",2006-01-05,0.00125323843677216,0.0025769281222681,-0.017366957894375,0.0167360102743443,0.00360187654142453,0.000644210998337558
"1248",2006-01-06,0.0179147549391767,0.00743516195139349,-0.00150156986326206,-0.00282958950126571,0.00388793534668509,0.000643873387514704
"1249",2006-01-09,-0.00311655213951251,0.0130964435844094,0.0133522742849229,0.0133559706650481,0.0084474630682133,0.000642522658241829
"1250",2006-01-10,-0.00369190782063604,-0.00693283299420469,-0.0101637099141404,-0.0021905847397164,0.00147723158256914,0.000640833602828961
"1251",2006-01-11,0.0239060561518509,-0.00646180764930781,0.0108459285805978,0.00979187376354681,-0.00197487036882158,0.00064015778023907
"1252",2006-01-12,-0.00147515232253346,-0.00378459828771635,0.00485470900855795,0.00484927663745207,-0.0044634525369122,0.000638805791259633
"1253",2006-01-13,0.00339841586108928,-0.00122247960281794,0.000878523918779644,0.00995451411582915,-0.00251626167861906,0.000637791498546925
"1254",2006-01-16,0.0146647977246345,0.0110973665530534,0.0134710675999003,0.00274488707443091,0.0082738813183085,0.000636776947707141
"1255",2006-01-17,-0.0118015443866075,0.0130014802601482,0.00627418251091893,-0.00704596242481202,0.00211597660365992,0.000635085455666706
"1256",2006-01-18,-0.00888962568827709,0.0208964066363304,-0.00055317592537641,-0.0105530691197505,0.0147803343080638,0.000635085455666706
"1257",2006-01-19,0.0310301363630978,-0.00543749840133136,-0.00560890993256971,0.016862920216722,-0.00819002419060075,0.000629667853189853
"1258",2006-01-20,-0.00387172547275168,0.000730525991335692,0.00246597913944437,0.00599632130749343,0.00556043609620057,0.00062899013492479
"1259",2006-01-23,-0.00310922381579494,0.0130861005105958,0.00023116141539243,0.0120877986432461,0.00759986429704079,0.000629329008458912
"1260",2006-01-24,0.0188722751611908,-0.00355368921440279,-0.00440324127055504,0.0244399174717612,-0.0118632850320684,0.000629329008458912
"1261",2006-01-26,0.0126652214261859,-0.0114880778176862,-5.82408398189307e-05,0.000469941296792637,-0.00922692990251296,0.000630345456262171
"1262",2006-01-27,-0.00689667458631896,-0.00545447890903233,-0.0143437929603312,-0.0151616792654794,0.00312977319522438,0.000630345456262171
"1263",2006-01-30,0.0102755677215148,-0.0154117474507449,0.00675291995007252,0.00637130421450166,-0.00578135526816038,0.000629329008458912
"1264",2006-01-31,0.00525839282210861,-0.0293855940980973,-0.0168817062801868,0.00228452474970882,-0.0213993322920904,0.00062899013492479
"1265",2006-02-01,0.00254747130298652,0.000470297766132198,0.00173614806082074,-0.00466017572902275,-0.0028861769932567,0.000627973341454924
"1266",2006-02-02,-0.0267398465311076,0.0115819556949163,-0.0109358562005389,0.000852090861133529,0.0228528744065929,0.000626956288580782
"1267",2006-02-03,-0.0105433102169851,0.0157551519067709,0.0159450630014181,-0.0137723698669868,0.00540383746944023,0.000626956288580782
"1268",2006-02-06,0.00652626920941219,-0.0069571229718643,-0.0017101437245494,0.00369971489736162,-0.0063966314620611,0.000625260623642543
"1269",2006-02-07,-0.0237273540370709,0.0099025998356383,0.0135341738040571,-0.015924927261637,0.0128271953625912,0.000625260623642543
"1270",2006-02-08,-0.00610179989825796,0.0123143678800429,0.0232974697110825,-0.00202182486097012,0.0115344882054481,0.000623903572204654
"1271",2006-02-09,0.00932627743239089,0.00749103288204604,-0.00331403430877618,0.0144433835765815,0.00614005871236765,0.00062356423715304
"1272",2006-02-10,0.00326869325777487,0.0006066991802913,0.00838200022983752,0.00295874187374976,0.00565502480915996,0.000623224873214978
"1273",2006-02-13,-0.01784428989831,0.0180741484204286,0.00375081040404644,0.000700166019839339,0.0216011207019412,0.00062118808268985
"1274",2006-02-14,0.00798518849196601,0.00438040907746364,0.0265742783703613,-0.00283627226254591,-0.0132368236285499,0.000620169297057771
"1275",2006-02-15,0.0114672119203415,-0.00956975454844416,0.00723064255258184,-0.00761590921167551,-0.0153738135059849,0.000619489961964703
"1276",2006-02-16,0.0262018890428552,-0.0110642817449588,-0.0159684245649114,-0.00770937344128828,-0.0100814715065544,0.000618470742218546
"1277",2006-02-17,0.0038670027519173,-0.000662497483921057,-0.00408040219825356,0.00824702679617125,0.00334531774220098,0.000617111377083646
"1278",2006-02-20,0.00142991031126657,-0.00765472763161045,0.00112498551585417,0.00692457780947401,-0.0050442187020102,0.000615411518566367
"1279",2006-02-21,-0.00839678668402936,3.958907264511e-05,-0.0229289985344064,-0.00743149374474235,-0.0059734143847022,0.000614391255431945
"1280",2006-02-22,-0.00348481498488631,-0.00161388895275243,0.0044918891459041,0.00629845406020707,-0.000740523142143848,0.00061405110968682
"1281",2006-02-23,-0.000112868689395246,-0.00751716983867593,0.001634935671319,-0.000221439492394158,-0.00379363643001488,0.000613030498280542
"1282",2006-02-24,0.0102320481019755,0.00582268622859893,0.00390206895544378,-0.0142123423389803,0.0100888402207934,0.000612349945484425
"1283",2006-03-01,0.0147749436748111,-0.00168977423067592,0.00375406656653307,0.00127514726849011,0.00120387098870138,0.000611328898403318
"1284",2006-03-02,-0.00430311395104527,0.0125763059044496,0.00515813166452642,-0.00182290186033365,0.00169847601106941,0.000609967095363428
"1285",2006-03-03,0.00263168025744269,0.00271761257119719,-0.0014355211870465,-0.00845682386117837,0.00576612445069022,0.000608945437710728
"1286",2006-03-06,-0.0217507531121525,0.00999909315672358,-0.00313606213294214,-0.0141175002270644,0.00900611323490781,0.000606901336577925
"1287",2006-03-07,-0.0286862824364111,0.00302563169547865,0.0131666700957813,-0.0154272602414944,0.00521003213879797,0.000605878892828704
"1288",2006-03-08,-0.00650869216977215,-0.013130781781199,-0.00103866672567449,0.00235141447874355,-0.00722921824290894,0.000605538019962992
"1289",2006-03-09,-0.0243750568612707,0.0161403240299842,0.00280409496595345,-0.00515318792669732,0.0120971383351884,0.000604515226448443
"1290",2006-03-10,0.0130602020585498,0.00517259653482938,0.00926006380300329,0.00690645814920268,-0.00841354003537859,0.000604515226448443
"1291",2006-03-13,0.00402042698593596,-0.0133809890585451,-0.0156287584446172,0.0139599497730054,-0.00703894642744877,0.000603492170452302
"1292",2006-03-14,0.0209699761017562,0.0011941688657689,0.00578409901604439,0.00614507064281802,0.000413483341019049,0.000602809987231723
"1293",2006-03-15,0.0173273700965897,-0.00688358504136618,-0.00325681984125869,0.00471051184598937,-0.00334098265189387,0.000601445270475454
"1294",2006-03-16,-0.00147198863361787,-0.00323340046874589,0.00340673817842665,0.00100712490292661,-0.00274075112721198,0.000601786493466427
"1295",2006-03-17,-0.0054258422067498,-0.00222934140630924,-0.00336204596681797,0.001123190296116,-0.00483862038460695,0.000601104018274734
"1296",2006-03-20,0.00580990226249441,-0.00957318933401743,-0.00256051570161578,0.00368887824709104,-0.00126408303909048,0.000600421426224296
"1297",2006-03-21,-0.0188409812507634,-0.0061842730336778,-0.0053235486103424,-0.00520302437198231,-0.00133202616433532,0.000600762736859384
"1298",2006-03-22,0.0106893294097322,0.00715520585346909,-0.000625671925057348,0.00932567958431915,0.00130372440352673,0.000600421426224296
"1299",2006-03-23,-0.0107578464068043,-0.000671619960699161,-0.00251083163378513,-0.00119738387749745,-0.00480590000106338,0.000600421426224296
"1300",2006-03-24,0.0014203189361593,-0.00981368826974554,-0.00844018843699484,-0.000635654122797032,-0.00660232700301827,0.000600762736859384
"1301",2006-03-27,-0.00133635927429979,0.00141931668198881,0.00495660471690739,-0.0245740635721059,0.00196741943804596,0.000600080086364585
"1302",2006-03-28,-0.0238490065905266,-0.00564174481528417,-0.0160059302058759,-0.0187989501256008,0.00972020795743194,0.000598714434578485
"1303",2006-03-29,0.0202511559235115,-0.00650440693304092,0.00133712212451871,0.0116044465856488,-0.018222442960267,0.000598031433207025
"1304",2006-03-30,0.00427762540133589,0.0153164257372397,0.00086686932477063,-0.00297638427620148,0.00363696212864534,0.000597689888633957
"1305",2006-03-31,0.00197797097089776,-0.00330210094402505,0.0108700306044871,0.00650381051208167,-0.000136607923519106,0.000597348314796076
"1306",2006-04-03,0.0200057124317756,-0.00710412497740957,-0.0071119748709412,0.0062659424490137,-0.00651700181486784,0.000595298256925725
"1307",2006-04-04,0.00223156650362487,0.00292415309656939,-0.0133348585451991,0.00467556955884449,-0.00233234876911454,0.00059358906966156
"1308",2006-04-05,0.00438772043701064,-0.00852710230847404,0.0116254980776409,0.000827978237042769,-0.00394240625703644,0.000591879149266727
"1309",2006-04-06,0.00326724631965692,-0.00616161799738323,0.0116748789441569,0.00947882916694272,-0.0109216586553254,0.000590510684672862
"1310",2006-04-07,-0.00954313362967978,-0.00103050052034596,0.00634229779906653,-0.00472833905538119,-0.00237285783966029,0.000590510684672862
"1311",2006-04-10,-0.0114676473695833,0.000563242935437649,-0.0110116864585113,-0.00415033790132242,0.00782264046584858,0.000588457106561302
"1312",2006-04-11,-0.0163207115779439,0.00925755071190502,0.000167100632331768,0.000441316964865501,0.00912745780692791,0.000586744982987497
"1313",2006-04-12,0.00429575727770076,-0.00684376900316049,0.0228588088741116,-0.00798104337434721,-0.00619992093981493,0.000584689463575261
"1314",2006-04-13,-0.00506308981106939,-0.00122038041893118,-0.0244923799980361,0.00740362671615953,0.0130591246590909,0.00058297572071786
"1315",2006-04-17,0.00694877795326505,-0.0114411493284984,-0.0109867105425645,-0.00883601560972605,-0.0131476724270947,0.000581261240807818
"1316",2006-04-18,0.026232584081913,-0.00971777396868235,0.00293179040878332,-0.00348270636565807,-0.0122413446339175,0.000579546023209199
"1317",2006-04-19,0.0110534125046577,0.00196324889084233,0.0112939127929445,-0.00479089998355971,0.00709885297504551,0.000577486787445958
"1318",2006-04-20,0.000366447258572799,-0.00347431619187109,-0.00623738167408527,0.00907563400153605,0.00650461946569749,0.000578173317566932
"1319",2006-04-24,-0.00296811148445391,-0.00501383497974354,0.00350411573016882,0.0123938888509609,-0.0135167312106592,0.000578516538294771
"1320",2006-04-25,0.000703807568841842,-0.00292630148495484,-0.00565575520610538,-0.000904228138543928,0.00429390909932342,0.000578173317566932
"1321",2006-04-26,0.0113826527918713,-0.00339447448254799,0.00475148537101174,-0.0102935063422479,0.000553077837807767,0.000577830067285845
"1322",2006-04-27,-0.0180709810414945,0.0211949171401259,0.0145626273115609,-0.00210061232257542,0.0134482543911706,0.000577486787445958
"1323",2006-04-28,0.00925847159253303,-0.00155712252266185,0.00170942350037711,0.0041637729104824,-0.00948021339029057,0.000577486787445958
"1324",2006-05-02,0.015360727528527,-0.0112778721506028,-0.00475646237099097,0.0180452558337626,-0.0150446127838423,0.000578173317566932
"1325",2006-05-03,-0.00380294626895364,-0.00581703177731128,-0.00790184225227316,-0.000788822436829973,0.000325332892436329,0.00057714347804283
"1326",2006-05-04,0.00102011320915794,-0.010396406555772,-0.00263563735715098,0.0017753359110965,-0.00384208466515139,0.000576800139070688
"1327",2006-05-05,0.0116669917622141,0.00475163206979983,-0.00499207950466918,-0.00868057084096166,0.00430679272050294,0.000576800139070688
"1328",2006-05-08,0.00563852164925864,-0.00249897796026056,-0.0127903392360218,0.00859934087693914,-0.00299691770327384,0.00057542648739406
"1329",2006-05-09,0.00548227297989939,-0.00359432846407919,0.0101092406128513,-0.0120880455042436,0.000656624969538335,0.000574052362209754
"1330",2006-05-10,-0.0049513698745522,0.00819088763861344,0.00113599631769141,0.0102932024620582,0.00679233369913588,0.000573021457385359
"1331",2006-05-11,-0.0173512751172007,0.0105300676643669,0.00119152168285316,-0.0022005114075467,0.008730246756681,0.000571990285890944
"1332",2006-05-12,-0.0123826171429512,-0.00234738882696419,-0.00467438740021846,0.000707652899304769,-0.00500665139891349,0.000571990285890944
"1333",2006-05-15,-0.0273716106549285,0.0201920768774356,0.00793784527664807,-0.0188589563248198,0.0061715466574929,0.000570614975505812
"1334",2006-05-16,0.00442381912793057,0.00291994631482427,0.0104856463018764,0.00125038021685525,0.00805629192216828,0.0005699271423385
"1335",2006-05-17,-0.0277743542825267,-0.00413819168531113,-0.00953464451923535,-0.000371764979165551,-0.00869499478718321,0.0005699271423385
"1336",2006-05-18,-0.0173111608461804,0.0214770035668321,0.0226237229366819,-0.0148464897332222,0.00359521944134069,0.000568551119848992
"1337",2006-05-19,-0.00357020360155632,0.00159857165966708,-0.0133607493556242,-0.00272590895931592,0.00642382394575748,0.000568207039997937
"1338",2006-05-22,-0.0316018314223878,-0.00175353417421493,-0.01235201608075,-0.0130487682516509,-0.00364320187211527,0.00056889517000358
"1339",2006-05-23,-0.00878159611850143,-0.0132986393996476,-0.0108195110752071,0.00568621823739625,-0.00805541312482699,0.00056889517000358
"1340",2006-05-24,-0.00911341945114135,-0.00182983949607036,-0.00890793759803257,-0.00686061077184208,-0.000817292791601771,0.000571990285890944
"1341",2006-05-25,0.0438644518175915,-0.0121352473047027,0.0241347823227008,0.0265806654695378,-0.00646688393030348,0.000569239190466586
"1342",2006-05-26,0.0284150896645072,-0.0125276088244785,0.0076325044261424,0.0104569773746611,-0.01232329870782,0.000567174622212674
"1343",2006-05-29,-0.013200832678706,-0.00542361788151588,0.00170712957556595,-0.00321245517642003,0.000481861868245139,0.000566486195111571
"1344",2006-05-30,-0.0386988157882975,0.00235856993776857,-0.0144862677885063,-0.00579538252853716,0.0127526961962813,0.000566486195111571
"1345",2006-05-31,0.000123851269719748,0.0159232699571958,0.0012739810610895,-0.00426481769884137,0.00380784582284469,0.000564420200183324
"1346",2006-06-01,0.0288832987036213,0.0019794608814779,0.0212066106880518,-0.0104205272141329,0.00829927249698573,0.000560629759599252
"1347",2006-06-02,0.00578393072132967,-0.0049406077502179,-0.00716412169181747,-0.00143739778800106,0.0031065911722094,0.000560974494079547
"1348",2006-06-05,-0.0293475638147921,0.0010195959753828,0.00134906320090967,-0.00217489213629874,0.00191052417202693,0.000560629759599252
"1349",2006-06-06,-0.00970785675892101,0.0172209863499853,0.0188078878511243,-0.0130822416430721,0.00609917144279221,0.000560974494079547
"1350",2006-06-07,-0.0367263116568079,0.0103970577329375,-0.00518785810177483,-0.0195691387694292,0.0144308334914007,0.000560629759599252
"1351",2006-06-08,-0.00284155172159692,0.00626805686617134,0.0177103707991496,-0.00888242174642939,0.00532621931995497,0.000559940201188214
"1352",2006-06-09,-0.00774165589716508,-0.00665044697337936,-0.00751907542205381,0.0108068487773677,0.000733915603837412,0.000559940201188214
"1353",2006-06-12,-0.0417726085770022,0.00668895598973266,-0.0128222405813117,-0.00852059209025766,-0.0013564090495246,0.000559595377246813
"1354",2006-06-13,-0.0305185973321243,0.0244136336745261,0.0170653474888158,-0.0275789087426863,0.0120245213270835,0.000559595377246813
"1355",2006-06-14,0.00787834506349301,-0.0106859005571938,-0.0289585367182926,0.0067437491399742,-0.00387194571527009,0.000559250523475052
"1356",2006-06-16,0.0458073953168066,-0.0233653337674765,0.00347423245220602,0.0164793370844812,-0.0159938977747975,0.000558560726418467
"1357",2006-06-19,-0.0128870203786249,0.00862027103931883,-0.00604483395843323,-0.00210109357664174,0.011458438172904,0.000558215783123428
"1358",2006-06-20,-0.00477589662915443,0.00416244156238444,-0.00789144751598531,-0.00218608465944678,-0.00101699557952077,0.000558215783123428
"1359",2006-06-21,0.0252151257741002,-0.0282248499437839,-0.00407261353463438,0.0171203878657109,-0.0266818584983215,0.000557870809976935
"1360",2006-06-22,-0.00440602885217829,0.00464237746365232,-0.00978710116522876,0.00494219791057181,0.00748890536646222,0.000557870809976935
"1361",2006-06-23,0.00647794808164185,0.00247358083209346,0.013346937249037,-0.000876971562039774,0.00167642037435477,0.000557525806974102
"1362",2006-06-26,-0.00137624401309763,-0.00771235696977118,-0.00169747080394237,9.63070012339534e-05,-0.00664610605019024,0.000556835711377879
"1363",2006-06-27,-0.00957256547542675,0.00266099137447673,0.0126552297910655,-0.0060252519998546,0.00322216389046333,0.000556490618774053
"1364",2006-06-28,0.0106669165600599,-0.00912960101935053,0.012071176317874,0.00128725035693601,-0.0144836143060088,0.00055580034392988
"1365",2006-06-29,0.0454999214587227,-0.0193773441752145,0.0130445143750144,0.0207690417167107,-0.02172956096727,0.00055580034392988
"1366",2006-06-30,0.00683727817130583,0.000755092766672078,-0.0089208204427483,0.0115504037419941,0.0118733034365892,0.000555109949534893
"1367",2006-07-03,0.0216588517144222,-0.00651505085571375,-0.0102690993706725,0.0220215175820127,-0.015072003172075,0.000554419435547793
"1368",2006-07-04,6.26058248358344e-05,0.00713153060919822,-0.00834350723259114,-0.0033663264212058,0.0121668531445055,0.000553728801927278
"1369",2006-07-05,-0.0243117148855828,-0.00813446063027323,-0.0034022168407939,1.82994663563592e-05,0.00169189933020107,0.000553728801927278
"1370",2006-07-06,0.00294179950545961,-0.00744087697719361,0.00454338157368986,0.00829165195757809,-0.00789688099916611,0.000553038048631382
"1371",2006-07-07,-0.00979691233857983,-0.000913065199436881,-0.0139452908293669,-0.00593683228130561,0.00726471492119261,0.000552347175618806
"1372",2006-07-10,-0.00164557404000506,-0.00544808794333065,0.0102356553596592,-0.000305058941215187,-0.00294673980630016,0.000550619469053881
"1373",2006-07-11,0.0103423863245462,-0.00419682432995487,0.0121247590694817,-0.00634086136529044,-0.00605566731072931,0.000549582485569466
"1374",2006-07-12,-0.00952856930783853,-0.00477838537626358,-0.00186991899629311,0.00727210007134053,-0.00290785945741527,0.000548545232254227
"1375",2006-07-13,-0.0212145115364739,-0.00177180083627714,-0.00194998911614564,-0.00629838676219523,-0.00345901070634007,0.000548545232254227
"1376",2006-07-14,-0.00103151857984788,0.0152228065565672,-0.00604568357256205,0.00148233639923912,0.00885620135633648,0.000547507708967165
"1377",2006-07-17,-0.0201610315465785,0.00371759236924431,0.00139709889962423,-0.0148404398078096,0.00037265108959309,0.000546123924384911
"1378",2006-07-18,0.00525216250706433,0.00808114750833121,0.0135003529166302,-0.0146473827601544,0.0129654201377027,0.000545777903169009
"1379",2006-07-19,0.0444430901726866,-0.0175455729609533,0.00591402350816913,0.0192643754208535,-0.0177271161327286,0.000544739659268378
"1380",2006-07-20,-0.0249060781142547,0.00967578894079755,-0.00471216560609377,-0.00268562120852698,0.00532374093966994,0.000543354913283167
"1381",2006-07-21,-0.00741868813008706,0.0143244778223772,-0.00339414940172839,-0.002015167981394,-0.00113399315081392,0.000543354913283167
"1382",2006-07-24,0.0234257787004388,-0.0159806962116722,-0.00675735503948318,0.0101159508741984,-0.00739244469606048,0.000542662359860113
"1383",2006-07-25,0.0112048004393947,-0.00820474821555929,-0.0107007647059396,0.00420911092772795,-0.0100811918536124,0.000541969686094212
"1384",2006-07-26,-0.00315299005209188,-0.00254503042086607,-0.000639601171261899,0.00155160835773902,-0.00214603248828494,0.000541969686094212
"1385",2006-07-27,0.00480340779888769,0.00292002823973959,0.00562704658743356,0.00934021977478584,0.00315977234070297,0.000542316038022683
"1386",2006-07-28,0.0116120203087509,0.00621964434181009,0.00723589682813255,0.0059429336881445,-4.51244311082e-05,0.000542316038022683
"1387",2006-07-31,-0.00757767022232836,-0.000757251824019352,-0.00238223493486961,-0.00192983392636944,-0.00129059467393056,0.000541969686094212
"1388",2006-08-01,-0.00738409294090802,-0.00303813009060987,0.00153550128490148,-0.00409656004416698,-0.000741262904474368,0.000540930449710819
"1389",2006-08-02,0.0124562248236678,0.00113488306819962,-0.0123213150486178,0.00663810714469186,0.000394158685809819,0.000541969686094212
"1390",2006-08-03,0.00410848838743332,0.0119445709595543,0.000746540539583103,-0.00756960025482203,0.0146839206338433,0.000541623304069594
"1391",2006-08-04,0.00912553665292386,-0.00451155314571207,-0.00449559397434095,0.00111536054454118,-0.00789049173819463,0.000541969686094212
"1392",2006-08-07,-0.00258584427566707,0.000432435730686895,0.00858523410235896,0.00487492225004154,0.0076870287140765,0.000540930449710819
"1393",2006-08-08,-0.00317967862752434,0.0087553711731405,0.00717851306376731,0.000205761193468702,0.0068940583347785,0.000539890942320431
"1394",2006-08-09,-0.00935883672812817,0.00483562397722976,0.00308948918537064,-0.0134643063130042,0.00372615778588104,0.000540237474904615
"1395",2006-08-10,0.00145063342652169,0.00158642307268465,0.0105576141547807,-0.00846523408327222,-0.00230669343024681,0.000539544379608792
"1396",2006-08-11,-0.0114802670839882,0.0156481169998573,-0.00149791518304196,-0.000864983095884039,0.00349194239429034,0.000539890942320431
"1397",2006-08-14,-0.0132182643842932,0.0127706520035498,-0.00171320105509523,-0.00372250035853983,0.0129347134269066,0.000538851163781162
"1398",2006-08-15,0.0207463728058359,-0.0102350685689107,-0.00939883710136581,0.00463252712706246,-0.00481643727469475,0.000538851163781162
"1399",2006-08-16,0.0102541972470747,-0.00157549023301265,-0.00317141522620754,0.0040860359714877,0.00979934416004319,0.000538157827379981
"1400",2006-08-17,-0.00381105228658743,0.00109255475328237,0.000947030697129116,-0.000664589047097629,-0.00328654891367473,0.000537117596610903
"1401",2006-08-18,-0.00124689700928925,-0.00712285180785126,-0.00584275431655035,-0.00886554649074528,0.00123617648886025,0.000537117596610903
"1402",2006-08-21,-0.00919179144952718,-0.00271115279669883,0.00553608805595933,-0.0174998800650539,-0.00251009822291549,0.000536423958591881
"1403",2006-08-22,-0.00930497917005123,-0.00241887506571246,-0.0132427027311257,0.00554646991215763,0.00302362986436383,0.000535730199852091
"1404",2006-08-23,-0.0283790201488743,-0.00161774596312492,-0.0155351669957291,-0.00471712008321762,0.0082404098339285,0.000535383275198642
"1405",2006-08-24,0.00679597413595475,-0.0054768050950869,0.004234741008762,0.00203461264700888,-0.00809958551835428,0.000535036320349125
"1406",2006-08-25,0.00316422793355835,0.000692815431070806,-0.000702694323962322,-0.000213704605125697,0.00497197693275041,0.000533995274572208
"1407",2006-08-28,0.0124803069248478,-0.00940808336027526,-0.00834507658986608,-0.00223889616277782,-0.00694856075431048,0.000533648198886238
"1408",2006-08-29,-0.00135583077841575,0.0156296639865851,-0.00268290744664968,0.003386660582048,0.00843420772892734,0.000532259593865714
"1409",2006-08-30,8.99142136149673e-05,0.00884622377379775,-0.0143383574981921,-0.000956364190720633,0.0056693841395247,0.000531912367015108
"1410",2006-08-31,-0.00289999822289338,0.0171178060849591,0.00941021570481283,0.00484343936709908,0.00557788391040591,0.000524961470736551
"1411",2006-09-01,0.0259681739020258,-0.0209813713284914,0.00928076053828609,0.00308956005025131,-0.0144889753092743,0.000524961470736551
"1412",2006-09-04,0.00680719895125793,-0.00127231307209007,0.0104125323234887,0.0134991262015025,-0.00419509276380318,0.000524613607551627
"1413",2006-09-05,-0.00905112931701067,0.00466204352834911,-0.00401707954698887,0.0027067306255466,0.00571734926656198,0.000524265714006766
"1414",2006-09-06,-0.0183785535057376,0.0107067583432995,0.00255071729544292,-0.00595699169477999,0.00973054322574743,0.000523917790096862
"1415",2006-09-08,-0.00650536665674914,0.0178306992152775,-0.016478199968154,-0.0138206267409386,0.0167059499461585,0.000523917790096862
"1416",2006-09-11,-0.0215461914470186,0.00986740929901129,0.00656684275502948,-0.00575142810728104,0.0110930247030828,0.00052356983581614
"1417",2006-09-12,0.0103312032462275,-0.00531410463080036,0.00111520568705922,-0.0144060532853908,-0.0075518047103972,0.000523221851159716
"1418",2006-09-13,0.0118878121053189,-0.0124120825084556,-0.00944634194600787,0.00190179474091033,-0.0057848363707986,0.00052287383612204
"1419",2006-09-14,-0.013561856406807,0.00191244417804095,-0.00900110662601888,-0.00341965885590789,0.00625703002218783,0.000522525790697781
"1420",2006-09-15,0.000850283777816418,-0.00763574813964411,-0.0123223831522244,-0.000509526808201835,-0.00121518010527906,0.000522177714881833
"1421",2006-09-18,0.00926063050587799,-0.00797744577944917,0.00632571677610735,0.000145483136480798,-0.00780375829821707,0.000521481472053109
"1422",2006-09-19,-0.0157144855977438,0.0013384989212981,-0.00328878605810953,0.00475642391957519,0.00344079000696047,0.000521133305029675
"1423",2006-09-20,-0.0163919128374631,-0.0010368625286588,-0.00038197048813556,0.00128302485870598,0.0118625039188545,0.000521133305029675
"1424",2006-09-21,-0.0127388116317535,0.00834698631997163,0.00537835342306331,-0.00479321479350631,0.00572758693770583,0.000521133305029675
"1425",2006-09-22,-0.00194021685808784,-0.00505919846400143,-0.00535317789895965,-0.00362315990876061,-0.00240960956210053,0.000520785107593236
"1426",2006-09-25,0.00410766372026379,-0.00931289647245771,0.00791373943412929,0.000898280666456922,-0.00167574845145818,0.000520088621459802
"1427",2006-09-26,0.0166783043522618,-0.00282932532385038,0.0140487235076599,0.00143535191109305,-0.0112383274103574,0.000520088621459802
"1428",2006-09-27,0.00848945352576125,-0.0102512202812981,-0.00853461435707097,0.00298121817581496,-0.0106446710786126,0.000519740332751928
"1429",2006-09-28,0.0104482048509713,0.00904522850890268,0.0100769330946751,-0.00599540803563634,-0.00109165886788493,0.000519043664028107
"1430",2006-09-29,-0.00189947969030794,0.0119761228268032,0.0114998226170903,0.00227610493601983,0.00742841420369491,0.000518695284001058
"1431",2006-10-02,0.0136785072613831,-0.00532167533977848,0.00419907048616418,0.00574280264658792,-0.00650918083014534,0.000519392013609954
"1432",2006-10-03,-0.0171161391821443,0.00172038087053475,-0.0111267136653868,-0.00425584448996429,0.00763015911355912,0.000518346873523923
"1433",2006-10-04,0.0335743240645989,-0.00027863890694927,0.00309223166782495,-0.00813475300012552,-0.00197053916365936,0.000517998432590705
"1434",2006-10-05,0.0070444021614467,-0.00546653661817845,-0.000455002179455417,0.0104320204680816,-0.0122235454288081,0.000517301459336261
"1435",2006-10-06,-0.00226625722324178,0.000963454434303129,-0.00347186476578173,0.000293571838848474,-0.0030316249722351,0.000516952927003933
"1436",2006-10-09,0.00839772232298899,0.00767822350483079,0.00718204371435068,0.00429217796211737,-0.00776851715176581,0.00051520980807962
"1437",2006-10-10,0.00600056098674499,-0.00250169970966793,0.00409642545860424,0.00204870067756933,-0.000731693835204977,0.000514163570722204
"1438",2006-10-11,-0.00942549897111108,0.00116574490927858,-0.00508739085253659,0.00291039437005618,-0.00627723600394814,0.000513465926560208
"1439",2006-10-13,0.0137590489117219,-0.00944190333477315,-0.0121416198222598,-0.00254306779110717,-0.00334538507299368,0.000512070271826648
"1440",2006-10-16,0.00643673737604899,-0.00731459960758409,0.00614136758612681,0.0019976974457109,-0.00748414630059175,0.00051032501594972
"1441",2006-10-17,-0.00982402396018337,0.0040506550529153,0.00311565772312573,-0.00830371787796806,0.00146986538762048,0.00051032501594972
"1442",2006-10-18,-0.0037124290592388,0.0121581896762853,-0.0104532724631868,-0.00807537721706971,0.00962662167400262,0.000509626699584986
"1443",2006-10-19,0.00499631053482263,0.00488741315633743,0.00696372379253773,-0.00502909055622366,-0.00511192527182025,0.00050683221011405
"1444",2006-10-20,-0.00881055755390681,0.00907647479706632,0.000744172139810199,0.000230127093513706,0.00352540187109182,0.00050683221011405
"1445",2006-10-23,0.0129686790337606,0.00273507601451296,0.00325166527592239,0.00226984127564388,-0.00079214309444571,0.000507181628455422
"1446",2006-10-24,0.00627169627905386,-0.0152274520770331,0.00306842955646142,0.00554129980416105,-0.0140386154993172,0.00050683221011405
"1447",2006-10-25,0.00439601535245495,-0.0101136028336306,-1.99946659968451e-05,0.00729887022361544,-0.0116981688420147,0.000506133281528376
"1448",2006-10-26,-0.00105581261757673,0.00454066393185832,-0.000358554734974979,-0.0121129984937564,0.007451735259727,0.000506482761140292
"1449",2006-10-27,-0.00652677998144411,-0.00389869863652298,-0.000290301226074636,-0.00549780047593854,0.00604737552384111,0.000506133281528376
"1450",2006-10-30,-0.00961621301792219,0.00497119152081733,0.013956142549102,-0.00569525347498983,0.00912282998334194,0.000506482761140292
"1451",2006-10-31,0.00768018484212233,0.000668355184988333,0.00554950817811745,0.00552118468982375,-0.00279515903481092,0.000506133281528376
"1452",2006-11-01,0.0129779449347383,0.0085125869598901,0.00065828935743323,-0.00335428324268552,-0.00136071398152334,0.000506133281528376
"1453",2006-11-03,0.0104134583380435,0.00526021983958319,0.00416865087934155,-0.0133345156494401,0.00526093310290858,0.000505783771273416
"1454",2006-11-06,0.0181736655477025,-0.00816217313368504,-0.0075873126060679,-0.00105073418403875,-0.0022559098187899,0.000505084658811716
"1455",2006-11-07,-0.00446344493236881,0.0026990333233778,-0.00469440809240201,-0.00650272739017478,0.00556403629986699,0.000505084658811716
"1456",2006-11-08,0.0066507494647738,0.00836662749585239,-0.00728102210556587,-0.00459633882354742,0.00243194116958796,0.000504735056594319
"1457",2006-11-09,-0.0114850217416069,0.0147238388535218,-0.00564337952913412,0.000313826709253371,0.00433096414820473,0.000503686065931541
"1458",2006-11-10,0.00423869970137089,0.00209171420014737,-0.00143560679191252,0.00185946811256889,0.00709271201242081,0.000503686065931541
"1459",2006-11-13,-0.00295767320606738,-0.00294102860416414,-0.00733238862191768,-0.00489862739413503,0.00681703605605916,0.000502636799139422
"1460",2006-11-14,0.0153990920900139,-0.00420853452352691,0.00515223502731471,-0.000423358033113119,-0.00131713388608955,0.000501587256072078
"1461",2006-11-16,-0.00347766644432253,0.000450547726392416,-0.0124018406572423,0.00042618413476225,0.00389801494117534,0.000500187435302557
"1462",2006-11-17,-0.00239706139422936,0.0114736980131544,0.00194260270841728,-0.00678762630826464,0.00825185866954093,0.00050053743658407
"1463",2006-11-21,0.0087728978271999,0.000646125253940747,0.0111932921012923,0.00876632800171293,-0.00529305412630274,0.000499487340529292
"1464",2006-11-22,0.00846434977545573,0.00117541266478194,-0.00391023471477239,0.00349988417057841,0.01094200748651,0.000498436967761418
"1465",2006-11-23,0.00252483915508807,-0.0027682236348299,0.00964838726606596,-0.00079331346989734,-0.00173012201761646,0.000497736565448159
"1466",2006-11-24,-0.00680977403056107,0.0079678226435504,-0.00357046818069627,0.00726629457040468,0.00796882694392708,0.00049703604004292
"1467",2006-11-27,-0.0180066152228769,0.00298344758905981,-0.00696603715754174,0.00872732278745262,7.41280674886394e-05,0.000496335391502623
"1468",2006-11-28,0.00261454672323698,0.00330352024213716,0.00167358652961687,0.00615126316636955,0.00707940126982122,0.000494933724842994
"1469",2006-11-29,0.0206696704139444,-0.00764601672040531,0.00218381737696655,-0.00246103256186228,-0.00870778994041547,0.000494232706636843
"1470",2006-11-30,-0.000819526564539924,-0.00127679353572217,0.00198134452505153,0.00207520290547919,0.000643185740186408,0.00049037490119197
"1471",2006-12-01,-0.0114397263357642,0.00208109388646485,-0.000699588492616706,0.00210924789610502,0.0109330847743048,0.000490725765104338
"1472",2006-12-04,0.0270299621413816,-0.00500721913516032,-9.24829345303954e-06,-0.00272965093684552,-0.0126421275456172,0.000490725765104338
"1473",2006-12-05,0.0096746814960656,-0.00367044868499772,-0.0128669047722359,0.0113417201252069,-0.00583666902130395,0.000490725765104338
"1474",2006-12-06,-0.00238111091287274,-0.00142414831306133,0.00311570999036222,-0.000729752298557688,-0.00146466001766257,0.00049037490119197
"1475",2006-12-07,-0.00367109485681673,-0.00244585090263096,0.0114798093909519,-0.00121481409195632,0.00227664104563923,0.000490024006392753
"1476",2006-12-08,0.00106278784680856,-0.00172335022681188,-0.00120135066693821,-0.00477068484367073,0.00749776525794843,0.000490024006392753
"1477",2006-12-11,0.00702175302145177,-0.00811300845163449,0.00260566597488417,-0.00617544021719639,-0.00381895178551269,0.000489673080700914
"1478",2006-12-12,-0.00640514819758692,0.00906607210839856,0.000690931821442365,-0.00325012744863063,0.0125868281956467,0.000489322124111125
"1479",2006-12-13,0.00604191711471964,0.000158241470864046,0.0221106051167028,-0.00016078946196873,0.00742831293515237,0.000488971136618055
"1480",2006-12-14,0.00982310372388585,-0.00873696738210833,-0.00672110054705477,-0.000863916015405711,-0.00299609042717389,0.000488620118215932
"1481",2006-12-15,0.00041841918474757,0.0107403495413363,0.00145992809149073,0.0147566253718533,-0.000543906977464928,0.000488620118215932
"1482",2006-12-18,-0.00226511660741032,-0.00323606779898338,0.000814653714642566,0.00083711066573193,0.0019748601265981,0.000488269068899649
"1483",2006-12-19,0.000728926238486515,0.00206569845921508,-0.00390898457423218,-0.00233112130995058,0.00124676027914359,0.000488269068899649
"1484",2006-12-20,0.000936629709010383,0.00413995283032222,-0.0013619315688728,0.00274187555723829,-0.00583694470907903,0.000488620118215932
"1485",2006-12-21,-0.00210543374083267,-0.00157104584088924,0.00281229445802831,-0.000808068640446081,-0.00415575093159316,0.000488620118215932
"1486",2006-12-22,-0.00155196114070042,0.00687551403151057,0.000903577143110393,-0.000803376701209626,0.00396250615126895,0.000488620118215932
"1487",2006-12-26,0.00516549830764099,0.000993647358348873,0.000251504358199991,0.00740448101714117,0.0016171371398,0.000487917988663433
"1488",2006-12-27,0.0178738258658378,-0.00972315278039546,-0.00527180765644075,0.00262076705749054,-0.00888988387771009,0.000487566877502177
"1489",2006-12-28,0.00176384816052187,-0.00212128229833365,0.00144222648544221,0.00805535824765921,0.000952529316726305,0.000487917988663433
"1490",2007-01-02,0.0176701851468036,-0.00919761802847201,-0.0152941767491756,0.0116122246863257,-0.0110842140150205,0.000488269068899649
"1491",2007-01-03,-0.0173404853355983,0.0122163665125662,0.00420718064138482,-0.000934140982954081,0.0139959888418556,0.000487917988663433
"1492",2007-01-04,-0.00733158463977271,0.00186361824696805,0.00126558651291257,0.00045786911721136,-0.000365559456644193,0.000487566877502177
"1493",2007-01-05,-0.0367096270683038,0.0101236777018095,0.00442024302609483,0.0115693833131469,0.0197750064662108,0.000487215735410107
"1494",2007-01-08,0.0142045015541346,-0.00917451673875178,-0.0111445395094508,0.00601599173858002,-0.013849236254113,0.000485810857626001
"1495",2007-01-09,-0.0183362737081455,0.0145310600276694,-0.00022489292079249,0.000573746099488149,0.0153354762147045,0.000485810857626001
"1496",2007-01-10,0.00308864944077279,-0.00855702094551511,0.0117237996409753,0.00292617748231385,-0.00483448956567733,0.000485108233007736
"1497",2007-01-11,0.00706196832950276,0.0127071028570892,0.00757023062436862,-0.00692035054582679,-0.00190345191716642,0.000484405484513895
"1498",2007-01-12,0.00798191368986728,-0.00304957324273078,0.00435744904862126,-0.00583213317451885,-0.00589423354194156,0.000484054063799588
"1499",2007-01-15,-0.00262834221772553,-0.00276243424754038,-0.00251399256901455,0.00601968245259434,-0.00297780878806686,0.000483351129410003
"1500",2007-01-16,-0.00539519622022006,0.00475715754411021,-0.0029605546245845,-0.00789110319992059,0.00971473365037934,0.00048264807103493
"1501",2007-01-17,0.00241417790056626,0.0124435649688647,0.00327890084201882,-0.00860858346643788,0.00608643084151025,0.000481241582153791
"1502",2007-01-18,-0.00628608404201433,0.0128681463612298,0.00832163430173146,-0.00601680333181698,0.0074180809401344,0.000480538151559795
"1503",2007-01-19,0.0196390077012687,-0.00564465720574187,-0.00297115310155059,0.00598659704763354,-0.00852564488845553,0.000480186389705484
"1504",2007-01-22,0.00380804934389385,-0.00398676472699357,-0.00109169033137845,-0.000643326880602496,-0.0010826670844973,0.000480186389705484
"1505",2007-01-23,0.0114984530519493,0.00239527268357497,-0.000971085598770918,0.00769940434765606,-0.00078770599321063,0.000479482772854034
"1506",2007-01-24,0.0104933348764082,-0.00220306895067707,-0.002771362089997,0.0166871693738922,-0.00566053968635745,0.000479482772854034
"1507",2007-01-26,-0.00601947132219214,0.00235192961706183,0.00163277598539404,0.00577563894719138,0.00181481934759633,0.00048264807103493
"1508",2007-01-29,-0.0182647332032102,0.0130780884473045,0.00678187975440566,-0.0020932565967572,0.0109536784809131,0.000481944888630848
"1509",2007-01-30,0.0093686639653646,-0.00183963188981306,0.000866423165680171,-0.00123811923190304,-0.00335298381034909,0.000481593250904133
"1510",2007-01-31,0.0100841455904756,-0.00732389226724604,-0.00349554521087964,0.00609004276517376,-0.0107984532189027,0.000480889882374269
"1511",2007-02-01,0.002899731096881,0.0124960106943322,0.000497201844239596,0.00205928689836229,0.0106049575887338,0.000481593250904133
"1512",2007-02-02,0.00278586656492453,-0.00202120021104118,-0.00562273552094657,-0.000189103248955576,-0.00503046409451726,0.000481593250904133
"1513",2007-02-05,0.00396034549066565,0.00225903155179786,0.001405540592473,0.00945461178534107,-0.00433323866017303,0.000480889882374269
"1514",2007-02-06,-0.00102074767833825,0.0025871779076106,-0.00924153164242662,0.0138786579280477,-0.00484059597833982,0.000480186389705484
"1515",2007-02-07,-0.0138835597852427,0.0089459358084268,0.00458709239428646,-0.00526534642787327,0.0134701642006117,0.00047983459680534
"1516",2007-02-08,0.0047477758920386,-0.00185018451878289,-0.000152312108337322,-0.00461281844791291,0.00256291386711436,0.000479482772854034
"1517",2007-02-09,-0.0131279501040542,0.0102268558998942,-0.00855607196338879,-0.000304262328107107,0.00901181800342275,0.000478779031775955
"1518",2007-02-12,-0.00866304745765119,0.0110159252471552,-0.00951754823539613,0.00528189353063178,0.00256446053773481,0.000478075166427283
"1519",2007-02-13,0.0228655605783025,-0.0102348679575026,0.001285622839246,0.0124889743307312,-0.013890770533154,0.000478075166427283
"1520",2007-02-14,0.015656352422001,-0.0092821024292746,0.0018222359023512,0.0038564879915469,-0.00968708313012538,0.000477371176764274
"1521",2007-02-15,-0.00355245508133458,0.00182526360489007,-0.00387305075039463,-0.00265295130531106,-0.000217568838539086,0.00047701913530096
"1522",2007-02-16,-0.0042429881313575,0.00662480096920216,0.0111560468786645,-0.00485959933300327,0.00903306509883858,0.00047701913530096
"1523",2007-02-21,0.00299513757376407,0.015790659913697,-0.00519262163643178,0.00147004331276047,0.0103216525007417,0.000475962824318055
"1524",2007-02-22,0.00916867101757738,0.00330758919240664,-0.00136830537467623,-0.00563961570998736,-0.00435854281918964,0.000475962824318055
"1525",2007-02-23,-0.00931119407679318,-0.00133405535579659,0.0064349997469876,0.00612779074062683,0.00313494756645004,0.00047561065844115
"1526",2007-02-26,0.00397687264085666,0.00591695512213181,-0.00706632384621418,0.00751113879494324,0.000304102504570792,0.000474553974085357
"1527",2007-02-27,-0.0601685488860869,-0.0082654177017124,0.00341862404499851,-0.00389569282431421,-0.0037805957520518,0.000474906233330241
"1528",2007-02-28,0.0136278337174489,-0.00142399717106861,-0.000668069125495892,0.00322385723318488,-0.0037995701855918,0.000474906233330241
"1529",2007-03-01,-0.00862927951036076,0.0108183250226853,0.0144447427343912,-0.00645302546961931,-0.00106294970533351,0.000474906233330241
"1530",2007-03-02,-0.0255608750571159,-0.00271774959944481,-0.0104130100863472,0.0094921136061689,0.0176470259211608,0.00047384936218875
"1531",2007-03-05,-0.0247718710791474,-0.000889062673806468,0.0137172299432816,-0.00872502750647705,0.00620915926693513,0.000473144625713129
"1532",2007-03-06,0.0451952035435349,0.00775206016780842,0.00368148366715867,-0.00764976826367868,-0.0107639896714022,0.00047243976461453
"1533",2007-03-07,-0.00926969864754459,0.0025436021429693,-0.00957893478919121,0.00637903820488454,0.0036598391307434,0.000471382239201512
"1534",2007-03-08,0.0156399768745386,-0.00255300226347341,0.00419320229318214,0.00605305810518043,-0.00344982214225954,0.000471734778848543
"1535",2007-03-09,0.0122844527189371,-0.00760689778841483,-5.50206992030212e-05,0.00230297300239832,-0.00777300047623453,0.00047243976461453
"1536",2007-03-12,-0.00155905616477595,0.0166175861205517,0.00318906180123048,-0.000101653914743207,0.00925039008066548,0.000471734778848543
"1537",2007-03-13,-0.0297978269032855,0.0045572191647683,0.0024595717777053,0.00214321585452849,0.0185785447277013,0.000472087287317624
"1538",2007-03-14,0.00962251770535127,-0.00328085440343594,-0.00306688915442752,0.00026813402886732,-0.00857008490615264,0.000471382239201512
"1539",2007-03-15,-0.00275579287005013,-0.00376108747695358,-0.0017697324514425,0.00266808057132343,-0.00727178826455399,0.000471029668371203
"1540",2007-03-16,-0.0117481976081648,0.00141178453144724,-0.00386077312002365,-0.0035627116741078,0.00349517682839684,0.000471382239201512
"1541",2007-03-19,0.0207625501197415,-0.0107780369290504,0.0076642245436828,-0.00177467486836364,-0.0210207176675661,0.000471029668371203
"1542",2007-03-20,0.0126031658391747,-0.00107483065898529,0.00614455396429131,-4.01736605092802e-05,-0.00315611542526112,0.000471029668371203
"1543",2007-03-21,0.0250637994165752,-0.0135286532325755,-0.0121980245346974,-0.00654559453012589,-0.00952454852522388,0.000470677066351843
"1544",2007-03-22,-0.0046056147415467,0.00331940567538141,-0.00560592978359863,-0.00784375019857177,0.00269472588620899,0.000470677066351843
"1545",2007-03-23,0.00306548912988253,-0.00306588468170633,0.00117246277438072,0.00218165163110312,-0.00718959511811712,0.000470677066351843
"1546",2007-03-26,0.00175425716529178,0.00523388082998392,0.0106885059066146,0.00102174086088559,-0.00206187510752487,0.000470324433138103
"1547",2007-03-27,-0.0110973514887105,0.00544282022517013,-0.00372157389411202,0.00285063549508793,0.00452597305617134,0.000470324433138103
"1548",2007-03-28,-0.0155083694920176,0.00369708840144441,0.00391526399623677,0.00171700055709828,0.0101052048821701,0.000469619073105054
"1549",2007-03-29,0.0174686229940067,-0.00130668213580818,-0.0102881403617647,-0.00561744845207003,-0.00882956505487865,0.000470324433138103
"1550",2007-03-30,0.00923842598979293,-0.00518631583260465,-0.0179021593742255,0.00191377227341539,-0.00744361234019395,0.000469971768724209
"1551",2007-04-02,-0.00500465969251694,0.000914868365534317,0.0194300357016824,0.00480571744230919,0.0124830897673854,0.000469619073105054
"1552",2007-04-03,0.0167004971204956,0.00331541145517373,-0.0027200132154942,0.00205270004240402,0.000387185363593272,0.000468560798958739
"1553",2007-04-04,0.00453939106925162,0.00373000419918887,-0.000804266795942271,0.00758939239770261,-4.627223016528e-05,0.000467855126732086
"1554",2007-04-05,0.00255422470611233,-0.00364583479662753,-0.00275171288962557,0.00166265383833051,-0.00343182379364706,0.000466443407369788
"1555",2007-04-09,0.00421990757195861,-0.0119927566926278,-0.00344488453856785,-0.00743423878273828,-0.00595506225219033,0.00046432489038728
"1556",2007-04-10,0.00583426965513494,-0.00618295483086144,0.00343222780128559,-0.00642935675514861,0.000122285125664969,0.000465031187832476
"1557",2007-04-11,-0.00675082779953533,-0.00937895714956715,0.00886437596338011,-0.0121675664920148,0.00322869192178754,0.000465384289627613
"1558",2007-04-12,0.00566161883071429,0.00248955845781265,-0.00363859881881607,0.00317796620231821,-0.00556345577343758,0.000464678054754142
"1559",2007-04-13,0.0101424756078381,0.00250920622105386,-0.00097807856766721,-0.0080295344688223,-0.00722371084997255,0.00046432489038728
"1560",2007-04-16,0.019018591816452,-0.000569339741663351,-0.00095684716785451,-0.00073577474698782,-0.0127792730676729,0.000463618467765325
"1561",2007-04-17,-0.00133700534618559,0.0026492477980603,-0.00720888174487226,0.00246602394167704,0.00279040534789825,0.000463265209498909
"1562",2007-04-18,-0.00211338495332522,-0.00181965276587697,0.000683854720009783,-0.00874882690335256,-0.00315062414130522,0.00046291191992176
"1563",2007-04-19,-0.000247059442275071,0.000240960533825194,-0.00821782732665925,-0.0108834105798051,-0.00194379502247999,0.000463265209498909
"1564",2007-04-20,0.012080512727928,-0.0060277490220437,-0.0121686584408138,0.00547366523685535,-0.0060540824205854,0.000463618467765325
"1565",2007-04-23,-0.00422334984138167,0.000511622702014641,0.00586709330973821,0.00338814715603496,0.00122962444155744,0.000463618467765325
"1566",2007-04-24,-0.00257673962745346,-0.0075117006859243,0.0100339758245102,0.000728703719803793,0.0091277973644478,0.000463618467765325
"1567",2007-04-25,0.0119302254578689,0.00383684075739481,-0.00102094887290762,0.000456940191828049,-0.00221249528025182,0.000463618467765325
"1568",2007-04-26,-0.0112816785988947,0.00324718295311289,0.0114530298650633,-0.00338226127489797,0.00710777631564516,0.000463265209498909
"1569",2007-04-27,0.00172202596361368,0.00182459881758147,0.0025686475249596,0.0102151963545392,0.00542276033822835,0.000462558599028107
"1570",2007-04-30,-0.00915065066221322,0.0152724213476595,0.0114873236591539,0.000946221068356226,0.00662518475271091,0.000462558599028107
"1571",2007-05-02,0.0107558546630527,0.00330714725385628,-0.0114706041232913,-0.00500877118292841,0.00163949641222136,0.000462205246812397
"1572",2007-05-03,0.0164505229835372,-0.00589091791215321,-0.00121911864981074,-0.00063374581746304,-0.0119269910032841,0.00046185186326908
"1573",2007-05-04,0.00750808733302647,-0.00491723503651198,-0.00715698550665701,0.00143319395695837,-0.00629398879954797,0.00046185186326908
"1574",2007-05-07,-0.00749886684529005,0.00253480751907036,0.000347798254177727,0.00387155140046023,-0.000629033089983478,0.000460791524617754
"1575",2007-05-08,0.00198084773336706,-0.00500805447020233,-0.00441149996770451,0.00475497636449602,-0.00589156441377932,0.000460791524617754
"1576",2007-05-09,0.0203399394096996,-0.0148587063380539,-0.00801543139076187,0.00364296425133455,-0.0168079101041086,0.000460438015708275
"1577",2007-05-10,-0.0206698306362779,0.012551189505893,0.00446853113026025,0.00388386134066247,0.00752337972184496,0.000460084475443434
"1578",2007-05-11,0.0108358273381164,-0.00577878284985118,-0.00235582888233158,-0.00856477868376958,-0.00557373680953093,0.000459730903817457
"1579",2007-05-14,-0.00797374443853851,-0.00142988269354249,0.000689021207822022,-0.00140147804373155,0.0074007644243598,0.000458670000717865
"1580",2007-05-15,-0.00105959205684603,0.00372010785738042,-0.00287079792773212,0.00224946515276678,-0.00125406175176419,0.000457962575077575
"1581",2007-05-16,0.0211951293628354,-0.0124654541071604,-0.00167041086349578,-0.00110072541531293,-0.0177300610366789,0.000457255023859071
"1582",2007-05-17,0.000669826722619008,0.00197429400372133,0.00468575517245139,0.00411133433777437,0.00326381282102092,0.000456547347017944
"1583",2007-05-18,0.0110049940331786,-0.0202180877914111,0.00288559891345961,-7.4479859986743e-05,-0.00782112849586905,0.000456547347017944
"1584",2007-05-21,0.00533291906853883,-0.00470821318084722,-0.000380283283517551,-0.00889334173229328,0.00117201210092277,0.00045583954450934
"1585",2007-05-22,-0.00699817502802892,0.00515434507093459,0.0133596743874698,-0.0109433189986049,0.00952498901918866,0.000455131616288851
"1586",2007-05-23,-0.00632396762436743,0.0108602229509545,0.00294878755628619,0.000402148541254308,0.00865398407119512,0.000454777605022327
"1587",2007-05-24,-0.0245656640647664,0.00470107397011749,-0.000884246902087351,0.00340365029238446,0.00684976951142369,0.000455131616288851
"1588",2007-05-25,0.0178735797605946,-0.00325487460750981,-0.00225158098857889,-0.0118604962786162,-0.00406930909916547,0.000454423562311179
"1589",2007-05-28,0.00930819351979668,-0.00102358038408335,0.00075449051472877,-0.00321945184329417,0.00255759125951125,0.000453361245452921
"1590",2007-05-29,-0.00845864583411232,-0.00738485393630638,0.00875183814394182,-0.00167401095896013,-0.0017474070013335,0.000453361245452921
"1591",2007-05-30,0.0114095940923628,-0.00823054314527854,0.00806467370623769,-0.00108732180284972,-0.00885538325118124,0.000452652876887338
"1592",2007-05-31,-0.00424712395019131,0.0102981225185672,-0.0138413548531645,0.00536291910993979,0.000160384802206318,0.000451944382408032
"1593",2007-06-01,0.0220580401884761,-0.00821564554706393,-0.00381202802582224,-0.00615950688750519,-0.0129201613075282,0.000450881404503001
"1594",2007-06-04,-0.000764544062386779,-0.00316456587901353,-0.00182225579286743,0.00330538874219653,0.00102242995806025,0.000450527015529056
"1595",2007-06-05,-0.000719349114763329,-0.00642703866266399,-0.00369800651371685,0.00288688413020026,-0.00229856333243193,0.00044981814303946
"1596",2007-06-06,-0.019497569513661,0.00754917257885852,0.00754080556557505,-0.00224498090680054,0.0105975859902502,0.000449109144456505
"1597",2007-06-08,0.00191361242773452,0.00144763172524663,0.0179404943511183,-0.00272342559282413,0.00317446857514076,0.000444497577037684
"1598",2007-06-11,0.00942143331431458,-0.00932640509472102,0.00577982752012448,-0.0133201569599723,-0.00423976545468404,0.00044414261998571
"1599",2007-06-12,-0.0165184650950458,0.000841916156768478,-0.00304003401056032,-0.000782412737859469,0.00340754659150586,0.00044378763132058
"1600",2007-06-13,0.0199281334115611,-0.00279821019009956,0.00520922759050334,0.00604339829509958,-0.00868254624645519,0.000443077559127314
"1601",2007-06-14,0.0130792108382948,-0.00480292627075457,-0.00011177296625129,0.00568828552354056,-0.00708063021474931,0.000442722475588075
"1602",2007-06-15,0.0141770049458116,-0.00872370173093702,0.00352908748027974,0.00479385078600434,-0.0112528393943797,0.000442722475588075
"1603",2007-06-18,0.00220265921934005,0.00201191257926,0.000670995061739087,-0.00299995174640077,0.00301232591836614,0.000441657035131993
"1604",2007-06-19,-0.00350827700191846,-0.000215935003850651,0.00312060736824477,-0.00531235858315245,0.00139550428929937,0.000441301825014895
"1605",2007-06-20,-0.0116194986793811,0.00447225367699493,0.0100707463472157,-0.0012836472769805,0.00488400341348356,0.000442012213595966
"1606",2007-06-21,0.00799066742431851,-0.00775069308424154,0.00846116447682702,0.0026645282647794,-0.00150183717572324,0.000438103508646037
"1607",2007-06-22,-0.00544901919300192,0.00214155520614576,-0.0083462240450672,-0.00312079711444934,0.00078498481037938,0.000441301825014895
"1608",2007-06-25,-0.00510433894177575,-0.00639407556932384,0.00174899646323851,9.21916373435539e-05,-0.00252615884124472,0.000440591309799343
"1609",2007-06-26,-0.00520984110101052,0.00100154400225893,0.00517258198222012,0.0052859116943753,0.00746877916355474,0.000440591309799343
"1610",2007-06-27,0.00457302037416801,0.00106177738834269,-0.0133370220553977,0.00367310252370185,0.00392276799355973,0.000440236004689565
"1611",2007-06-28,-0.00191706350986436,0.00440401795401207,7.41293021130907e-05,0.00492176236157196,0.00103470799565956,0.000439525299437582
"1612",2007-06-29,0.00635320060094556,-0.00823665493371047,-0.0024923502648698,-0.00230587007506292,-0.00847875126158683,0.000439880667904236
"1613",2007-07-02,0.0140619735081029,-0.00754941104982258,0.00590857752328839,0.00488049749970063,-0.0163398425269948,0.000439169899284275
"1614",2007-07-03,0.00767782745977849,-0.00217755774854322,-0.00809479867705367,0.00464227559066314,0.00393959658491627,0.00043881446743832
"1615",2007-07-04,0.00166321539427838,0.000822264609153876,0.00454400073725187,0.00321894494479444,0.00448875739856237,0.000438459003894165
"1616",2007-07-05,0.00363103670144837,-0.00554169221600054,-0.00156139918112239,0.00211966923517233,-0.00289310183305035,0.000437392423015881
"1617",2007-07-06,0.00690113630825429,-0.00204365751320491,0.0029837932108442,0.00204727159527903,-0.00675463240768741,0.00043668121050211
"1618",2007-07-10,-0.00793437386911877,0.00211251322115891,-0.00106349777345486,0.00333609220069085,0.00528404268941773,0.000435614153725616
"1619",2007-07-11,0.00811709531876165,0.00144380887858165,0.00702975056442249,-0.001182450165898,-0.00421683160600978,0.000434190966840831
"1620",2007-07-12,0.0219435527710235,-0.00703707319952563,-0.00696818895507892,-0.00436170166619954,-0.010936820435011,0.000433123243091638
"1621",2007-07-13,-0.000654128266142995,0.00286305874495751,-0.00254297631290075,0.000219724406646811,-0.00309198566797312,0.00043205523324108
"1622",2007-07-16,-0.00217900530077967,-0.00293451533964274,-0.00352184582718383,0.00600191942173843,-0.00554622809258926,0.000431343067653023
"1623",2007-07-17,0.00556170811712278,0.000948232474328596,0.00216326488780844,-0.0025469662691322,0.00555472313099522,0.0004302745806255
"1624",2007-07-18,-0.0010084037652209,0.00486943833130674,0.00216469501861973,0.00847216228890253,0.00258912136770451,0.000429205807086497
"1625",2007-07-19,0.00985547495720754,0.00230168443372186,0.000745898562485282,0.00527226265446227,0.00439310240323531,0.000427780329750771
"1626",2007-07-20,-0.0104397523994221,0.013397149701989,0.0071250776689255,-0.000955552002573889,0.0121802143898468,0.000428136746882135
"1627",2007-07-23,0.0106098503449905,0.0127172282699183,-0.00415642145000802,0.00535263335612936,-0.00787491090987111,0.000427780329750771
"1628",2007-07-24,-0.037718367895949,0.00038004055946126,-0.000789138304333331,-0.00272086527718607,0.0120456780842792,0.000427780329750771
"1629",2007-07-25,0.000622080927537558,-0.00535717406217797,0.00904636966976176,0.00348893659912106,-0.00602597366994894,0.000428136746882135
"1630",2007-07-26,-0.0367653307694012,0.00319388001257851,0.00954473124929316,-0.00169743867304252,0.00620375385754177,0.000427780329750771
"1631",2007-07-27,-0.01701900841798,0.018035627606809,-0.00228337837374308,0.00670844855156133,0.00981134509889515,0.000427780329750771
"1632",2007-07-30,0.0288829263454552,0.00102856552189177,-0.00413250468283181,-0.00129264537994829,-0.0010866180966642,0.000427780329750771
"1633",2007-07-31,-0.00478292600482894,0.0149384959996611,0.0144237488749465,-0.00296484145273411,0.00817583479282424,0.000427780329750771
"1634",2007-08-01,-0.00249728951746231,0.00181237400469092,0.0116425633879831,-0.00029011461887706,-0.00854970105582042,0.000427067399858316
"1635",2007-08-02,0.00610913287667834,-0.0032974672284139,-0.000997239018360455,-0.00433161404657275,-0.0034440774678055,0.000427780329750771
"1636",2007-08-03,-0.0307136178230729,0.0726758455561718,0.064407487780962,0.00293186709296357,0.0479332451423088,0.000427780329750771
"1637",2007-08-06,0.00251705450394667,0.0124720571638353,0.0161072804529732,-0.00943879830586635,0.0138476170868111,0.000427423880744682
"1638",2007-08-07,0.011291663413425,0.00444937252660214,-0.0089940796790486,0.011570391685273,0.00330139317984246,0.000427067399858316
"1639",2007-08-08,0.0264356291954436,-0.0132367080037192,-0.00371878267345729,-0.0131563645061521,-0.00231284468364852,0.000426710887086124
"1640",2007-08-09,-0.031313398812844,0.00908367521618348,-0.0080163891948611,-0.000346073512879762,0.0106638835432177,0.000426710887086124
"1641",2007-08-10,-0.0152423336177328,0.00021118401088511,-0.00803746942315958,0.008980573063627,-0.00712891332855019,0.000426710887086124
"1642",2007-08-13,-0.00277568768619351,0.00752137225199509,0.00860859520001908,0.00388972916499436,0.00660478266297046,0.000425997765860719
"1643",2007-08-14,-0.025984344874527,0.00586074807716076,-0.00284010206616944,0.00617330342544162,0.00994948649167619,0.000425997765860719
"1644",2007-08-15,-0.0342601936606622,0.00208643406308805,0.024982912401682,-0.00135955840000198,0.0134707375012554,0.000425641157396406
"1645",2007-08-16,-0.028045988013387,-0.00639859380248138,0.00278308256809157,-0.0120238432296239,-0.0120875566683958,0.000426710887086124
"1646",2007-08-17,0.0110842120117961,0.00968824474836549,0.0106259546422013,0.0196034501369449,0.00767586899850187,0.000425997765860719
"1647",2007-08-20,0.0175099781852044,-0.0264414671383675,0.00141916577835908,0.00542605037781687,-0.00498465877337562,0.000425997765860719
"1648",2007-08-21,0.011620891368971,0.00070984487940466,0.010500861833623,-0.00734707649036388,0.0114406424668737,0.000425641157396406
"1649",2007-08-22,0.0379609374149912,-0.0122152833904146,-0.00655361000599425,0.00926338254017443,-0.00660735722798753,0.000424571140527075
"1650",2007-08-23,0.00211022374456146,0.0122440043006917,-0.00278214479758163,0.0115013979537073,0.00179099142944823,0.000424927844735246
"1651",2007-08-24,0.0190916125645824,-0.0128963093165826,-0.0119818712200309,0.00481010180542884,-0.0104019833664346,0.000424214404392886
"1652",2007-08-27,0.00164431259253462,0.00449678720413351,-0.00576886243494598,-0.00356705978127581,-0.000984331095348818,0.000423500836323587
"1653",2007-08-28,-0.0269298781919172,0.00313699716740219,0.00543039492226709,-0.00769787459292248,0.00520628108597901,0.000423500836323587
"1654",2007-08-29,0.0206459085159308,-0.00808868843257029,0.0116979214187979,0.00611134296428589,-0.000162962593355631,0.000422787140481384
"1655",2007-08-30,0.00135015854030388,0.00710782980952453,0.00512485234919605,0.00848284832009003,-0.00189380412692761,0.000422430244631178
"1656",2007-08-31,0.0320778150549267,-0.0168621543741698,0.0032728455320792,0.00198054918322567,-0.0159065281620092,0.000421716357043911
"1657",2007-09-03,0.00243024668045508,-0.00234442731718347,-0.0154155724018694,0.00151796679062239,-0.00574192401671646,0.000421002341569165
"1658",2007-09-04,0.00510001185761099,-0.000864230715866448,0.00509184755092093,-0.000132460506365795,0.00284524072888775,0.000421002341569165
"1659",2007-09-05,-0.0135910252294415,0.0103240718638135,0.00351816228454943,0.008714499004393,0.00906468010472757,0.000421002341569165
"1660",2007-09-06,0.00359898487344728,-0.00214567528889785,0.0123131270458461,0.00233246042233841,0.00143244834858268,0.000419216743072992
"1661",2007-09-10,-0.0328823964230988,0.0196944597780363,0.0110854686046763,0.00369580229605609,0.0165097510915111,0.000418859527360427
"1662",2007-09-11,0.0180327022487101,-0.00450797036075183,-0.00398083424584394,-0.00131507200375945,-0.00562420022589101,0.00041850227963014
"1663",2007-09-12,-0.00117503581084634,0.00440005339587804,0.000443465752751538,0.00432061268315968,-0.00304916940982675,0.000418144999876136
"1664",2007-09-13,0.0168529918077492,-0.00513324509090338,-0.00187482936648554,-0.00325224838955888,-0.0134672843431892,0.000418144999876136
"1665",2007-09-14,-0.00531458797733003,-0.00960016826892538,-0.00381356506094918,-0.00236359477510284,0.00179394036733083,0.000418144999876136
"1666",2007-09-17,-0.00670343759402765,-0.00104977203655704,-0.0104528706067687,-0.0073656942687079,0.00423488962711599,0.00041850227963014
"1667",2007-09-18,0.040764529319185,-0.022945504913062,-0.0108879763290423,0.00301825246881835,-0.0227650291105915,0.000417787688093085
"1668",2007-09-19,0.00701414056135087,-0.0162932606475078,-0.0117805402415478,-0.00324987046468365,-0.0136018638573793,0.000417430344274772
"1669",2007-09-20,-0.00526733575901446,0.00339737486247041,-0.00036535740979833,0.00392037235280401,-0.00188862687999625,0.000417787688093085
"1670",2007-09-21,0.0136854377915449,-0.0103120759622008,-0.00261146706342054,-0.00208524876074261,-0.0047615076752952,0.000417430344274772
"1671",2007-09-24,0.0169196852590621,-0.000392769367636744,0.000524732449177006,0.00731901381173229,-0.011334786285625,0.000417430344274772
"1672",2007-09-25,0.00084234891264464,-0.0129367125210932,0.00250303917676213,-0.00467285470452869,-0.00641882618690826,0.000417072968415644
"1673",2007-09-26,0.0156850512486602,-0.00328280594633105,-0.00215802412707472,0.00523213406079029,-0.00250970293939836,0.000417072968415644
"1674",2007-09-27,0.0216481172883041,-0.00146216884203266,-0.0193355637677195,0.00600640073296388,-0.00780684917910524,0.000417430344274772
"1675",2007-09-28,-0.00950078994112107,-0.00571180772944335,-0.0081278990095364,-0.00554384624565032,0.0033911579032091,0.000417072968415644
"1676",2007-10-01,0.0300311459352664,-0.0148203195336001,-0.012745042356623,0.00879364549476418,-0.0206348525075815,0.000417072968415644
"1677",2007-10-02,-0.000430502219149737,-0.0122244527031974,-0.00107766211129624,0.0105222275530011,-0.00444436458814139,0.000416715560509706
"1678",2007-10-03,-0.0336762450914199,0.00617214585154832,0.00513196337936711,-0.00260621505605017,0.0151310093259045,0.00041635812055163
"1679",2007-10-04,0.00121483982399832,0.00937193754213345,-0.000429366812395591,0.00503388434029003,0.00943939723283704,0.000416715560509706
"1680",2007-10-05,0.0320805176115637,-0.0205105479910529,-0.0199432363130385,0.00456605198179484,-0.0230069725781732,0.000417430344274772
"1681",2007-10-08,0.0061509954343035,-0.00334701095442908,-0.000841011637673874,-0.00336831474072615,0.00174664893165674,0.000416715560509706
"1682",2007-10-09,0.0130557873437502,-0.0134454876544244,0.00440405115208055,-0.00814734542387379,-0.0115652059727087,0.00041635812055163
"1683",2007-10-10,-0.00598043873181187,0.00685093487708781,0.0137195172649848,0.00417469398890248,-0.000734345279557619,0.00041600064853542
"1684",2007-10-11,-0.0123702343692621,0.00861553744883288,0.00834534223395218,-0.00207831404066992,0.00929479543944526,0.00041600064853542
"1685",2007-10-15,0.00793463456140146,-0.00577651556868368,-0.00239107218383495,0.00299423035927916,-0.00716600607945934,0.00041600064853542
"1686",2007-10-16,-0.0216313814592458,0.012731034127144,0.0065293959247929,-0.00239546158970043,0.0138382454220976,0.00041600064853542
"1687",2007-10-17,0.0215436166734065,-0.00994808396533729,-0.00387160230320572,-0.00599165227961835,-0.0111894973904607,0.00041635812055163
"1688",2007-10-18,0.0010825355513325,-0.00632497260449411,-0.00376241003116149,0.00352485223469666,-0.00108226467429862,0.00041850227963014
"1689",2007-10-19,-0.0379217732962342,0.0136993410954668,0.0136438340505896,-0.000118901107957158,0.0179168606341197,0.000418859527360427
"1690",2007-10-22,0.00289573535262726,-0.00772456993869488,-0.00164454866483229,-0.0130220352273372,-0.00417864805794101,0.00041850227963014
"1691",2007-10-23,0.0237116746290869,0.00420686424762814,-0.00323549608782807,0.00831317153284805,-0.00253346002454757,0.00041850227963014
"1692",2007-10-24,-0.00103590286093172,0.00196182228163041,0.00371653281821648,0.00658573204817782,0.00812435714656729,0.00041850227963014
"1693",2007-10-25,-0.00355334247005688,0.0116974992753463,0.0129369846304952,0.00272875444271279,0.00547127887990339,0.00041850227963014
"1694",2007-10-26,0.0311422193130709,-0.00289832183953998,0.00874543339430182,-0.00082782833818457,-0.00515915458278102,0.00041850227963014
"1695",2007-10-29,0.0111309326128935,-0.00746987981787272,-0.015820827813368,0.00889172238271664,-0.0203731956249311,0.00041850227963014
"1696",2007-10-30,-0.0111889827108441,-0.00334860348965773,0.00526831882398388,-0.0131383642723203,0.0118582279043534,0.000418859527360427
"1697",2007-10-31,0.0146040090660807,-0.0111873451272422,0.00087894515252875,0.000484568480063546,-0.0161301897194165,0.000419216743072992
"1698",2007-11-01,-0.0174611845377925,0.00655643880979107,0.00673804372228967,0.00309205646762624,0.00846499551203426,0.00041850227963014
"1699",2007-11-05,-0.0197555649336417,-0.0058680158213854,-0.000240749809294929,0.00329268255255164,0.00916842286933142,0.00041850227963014
"1700",2007-11-06,0.0207308178601061,-0.0159649262769791,-0.00188414212564434,-0.00512624765965591,-0.0152200454241356,0.00041850227963014
"1701",2007-11-07,-0.0157259452202336,-0.00555812536114432,0.00541315076692346,0.00110335095018667,-0.00937337494804137,0.000419216743072992
"1702",2007-11-08,0.00425784649429379,0.00390499774150476,0.0138206699593248,0.00819163295747314,0.00923333195708943,0.000419216743072992
"1703",2007-11-09,0.00819510716302927,-0.00907693769873594,0.00535009138779773,0.00755468582032801,-0.0110172373490975,0.000419216743072992
"1704",2007-11-12,-0.040845798193825,0.0177998171376225,0.0105658514364793,-0.00463871389470294,0.0191233945208635,0.000418859527360427
"1705",2007-11-13,0.0199514845901487,-0.0184453108045037,-0.00176570025463073,-0.00340236458601725,-0.0179343796913462,0.000418859527360427
"1706",2007-11-14,0.0233909080583322,0.00101465174659075,-0.0145440679190999,0.0028950639471005,-0.00750865732414605,0.000419216743072992
"1707",2007-11-16,-0.00165791813436421,-0.0135545866297556,-0.00547036213453478,-0.00041833923115066,-0.00985464604567432,0.000419216743072992
"1708",2007-11-19,-0.0340621915391396,0.0154326099876769,0.0115124078662382,0.00510102607481975,0.0171042738383758,0.000419573926773387
"1709",2007-11-21,-0.0296402569188495,-0.00822790040585867,0.0194666517670089,0.0101675569316127,0.00473682506028338,0.000419216743072992
"1710",2007-11-22,0.00205447506055462,-0.00166343879314868,0.00151704983843961,0.00214099512407504,-0.00699225081863088,0.000418859527360427
"1711",2007-11-23,0.0062919654927588,0.00829483745795495,-0.0145962542828313,0.000821239145378828,0.00684799419157464,0.000419216743072992
"1712",2007-11-26,-0.0260402798018203,0.00278469498837274,0.00128666751018024,-0.000888762317246869,0.00199403717403327,0.000419216743072992
"1713",2007-11-27,0.00859903254332775,-0.00915930098458079,-0.00388249337092614,0.00675309915461418,-0.0103284223183408,0.000419216743072992
"1714",2007-11-28,0.0393307594130147,-0.022570393833735,-0.0116132263752503,-0.00104570412117168,-0.0242709666175365,0.000418859527360427
"1715",2007-11-29,0.00499745321098251,0.0018657043149168,0.00280821102807461,0.00895271469882573,0.000272291067794431,0.000419216743072992
"1716",2007-11-30,0.0136522260211652,-0.00491857649131645,0.00298305145172154,0.00327564696327996,-0.0174498576286182,0.000418859527360427
"1717",2007-12-03,0.00491393964113006,0.00414503573259157,0.00414727153455145,-0.000989045877389492,0.00653650046680866,0.000418859527360427
"1718",2007-12-04,0.00277664158918798,-0.0063006340571052,0.00991303438799651,-0.00624854419798457,0.00116249550113953,0.000418859527360427
"1719",2007-12-05,0.0210870415386491,-0.0152061168788057,-0.00181861448482614,0.0114315828974743,-0.00786664496265314,0.000419216743072992
"1720",2007-12-06,0.015109440384998,-0.00284204725433254,-0.0141240898214734,-0.000976873111048444,-0.000771774719820217,0.000419216743072992
"1721",2007-12-07,-0.00309065613332429,-0.00300764626509766,-0.00654589043931205,-0.00958752501514496,-0.00620949059765321,0.000419216743072992
"1722",2007-12-10,-0.00130864720966434,0.00508345697570633,-0.00935528440270884,0.00750489385722872,0.0063124134277792,0.000419216743072992
"1723",2007-12-11,-0.0124528769453662,0.00577766129684083,-0.00222027097698978,-0.00337255232842315,0.0113309287666757,0.000418859527360427
"1724",2007-12-12,0.00259607588781967,0.00994189793536968,-5.14286031344565e-05,-0.00532333711553522,0.00609503940392864,0.000418859527360427
"1725",2007-12-13,-0.0295259144332922,-9.128326035052e-05,0.0178576564202285,-0.0020574518559754,0.0047058719657687,0.000419216743072992
"1726",2007-12-14,-0.00390126596385624,-0.00499168405935819,0.00088617842737794,0.0076605208962022,-0.000536972717343529,0.000418859527360427
"1727",2007-12-17,-0.0410115572548216,0.00687362752044638,0.00782549591945237,0.00195619494863045,0.00182586460075303,0.000418859527360427
"1728",2007-12-18,0.0202190509427413,-0.0124104159591901,-0.00823009702969553,-0.000267425712760854,-0.00366077893006375,0.000418859527360427
"1729",2007-12-19,0.0126885869489219,-0.00425210567985908,-0.00717409128402677,0.00231074801827563,-0.0014179466837771,0.000419216743072992
"1730",2007-12-20,0.000786133473212636,0.00271615839703241,0.000657177599350275,-0.00081777154864575,-0.00331328314717172,0.000419573926773387
"1731",2007-12-21,0.0181234807689294,0.000260276514275067,-0.00303631762537302,0.00852223560018516,0.00699333095413405,0.000419216743072992
"1732",2007-12-26,0.0185880975511516,-0.00744458028254465,0.0140763339180232,0.00346976487094773,-0.00431672526872201,0.000419931078467384
"1733",2007-12-27,-0.00974310636347361,0.00473210770030915,-0.00145102141432463,0.00303198354156353,0.00248921060361132,0.000419931078467384
"1734",2007-12-28,-0.000143080807372315,0.0108724336307043,0.00201962329521106,0.0027690070179215,0.00627662411770478,0.00041850227963014
"1735",2008-01-02,-0.0199342595923846,0.00432841470634495,0.0125557055718265,-0.00720387081283479,0.0030910190686162,0.000419216743072992
"1736",2008-01-03,-0.00228705998856617,0.00212644841998322,0.00970577588596031,0.00238354604189646,0.00101603192936992,0.00041850227963014
"1737",2008-01-04,-0.0304018163104511,0.0115849913807495,0.00329373817152604,0.00772074170961675,0.0176067932027359,0.000418859527360427
"1738",2008-01-07,-0.00891841505216163,-0.0170219542517287,0.00216253177833881,-0.00454045317050923,-0.0184891567398524,0.000418144999876136
"1739",2008-01-08,0.022008380110375,-0.0112156574916659,-0.0031951407505924,0.00621816826393518,-0.0125272736067762,0.00041850227963014
"1740",2008-01-09,0.00644656468569717,-0.0108651233435664,0.0184311784032917,-0.00852997037004262,-0.0182375758808598,0.00041850227963014
"1741",2008-01-10,0.0103044496859547,-0.0153921932622103,-0.00619914052722509,0.00232478472402609,-0.0173006897670634,0.00041850227963014
"1742",2008-01-11,-0.0263484435035534,0.0135969343505298,-0.000512521551248302,0.00161572895257388,0.0146810064566128,0.000419216743072992
"1743",2008-01-14,0.00243363168115749,-0.0125976326608717,0.00385229098386171,0.0116103193136171,-0.0107002610925871,0.000419931078467384
"1744",2008-01-15,-0.0361844694437624,0.0107875893623497,0.0121578519205464,-0.00160668270623847,0.0158092257071936,0.000419216743072992
"1745",2008-01-16,-0.0224770727809358,-0.00609931195415146,0.0177219223346302,-0.00632889160128929,-0.00489356016941865,0.000419216743072992
"1746",2008-01-17,-0.0274938924437916,0.00672495504261159,-0.000952936880499071,-0.00835565158778725,0.00618814493549367,0.000419216743072992
"1747",2008-01-18,0.00701313867610487,-0.0181354434946345,0.000659230594879142,0.00156924491361098,-0.0162266438431053,0.00041850227963014
"1748",2008-01-21,-0.0660764195510131,-0.00764741536430192,0.00560639045709364,-0.00308603120348707,-6.07140635819625e-05,0.000419216743072992
"1749",2008-01-22,0.0442885187225802,-0.015758351773356,-0.00328533353124719,0.031711042294779,-0.013374997170913,0.000418859527360427
"1750",2008-01-23,-0.0312517180137556,0.000627406581414129,-0.00205873572192089,-0.00615315479209706,0.00415682465085875,0.000418859527360427
"1751",2008-01-24,0.0626355034810446,-0.0127722422653051,-0.0179756582422077,0.0093178807729163,-0.0130007448520032,0.000418144999876136
"1752",2008-01-28,0.0227302144090524,-0.0170719955363512,0.00226361546531739,0.000378426698944211,-0.010618158261346,0.00041850227963014
"1753",2008-01-29,0.00721588595627487,-0.00286213746396211,-0.000137026925991452,-0.00845998715749504,-0.016994180796523,0.000417787688093085
"1754",2008-01-30,0.0108048511028496,-0.0163904409412927,-0.00926463371729348,0.00832044989680799,-0.0130340228399972,0.00041850227963014
"1755",2008-01-31,-0.0154126647574701,-0.0136251408766001,0.00198863167774572,-0.00077924770728059,-0.00100781411502895,0.00041850227963014
"1756",2008-02-01,0.0218666338827198,-0.00342239411540532,-0.0015428411102994,0.0107756368357295,-0.00816862904758838,0.00041850227963014
"1757",2008-02-06,-0.0328893335988998,0.0187838781715163,0.00867217748048786,-0.0036176617815239,0.0211958698648898,0.000419216743072992
"1758",2008-02-07,0.00230610363710302,-0.00618065197695981,0.00272057560892683,0.00690700939221846,-0.00673525917920979,0.000418859527360427
"1759",2008-02-08,0.00177809196163028,0.00294530234010066,-0.0140850774808881,-0.00443347751508658,0.0074598658743857,0.000418859527360427
"1760",2008-02-11,0.0239828295340233,-0.00869221141190508,0.00311250378318147,-0.00390844811121969,-0.0192677040075111,0.000418859527360427
"1761",2008-02-12,0.0172880218344082,-0.010105193751683,-0.017316406302253,-0.00764281316223777,-0.00938544393545608,0.000419216743072992
"1762",2008-02-13,0.0105686413192421,0.00841792705195813,0.00320692259121895,0.000803820661176171,-0.00491813457704082,0.000418859527360427
"1763",2008-02-14,-0.0129542542202855,0.00219090576036775,0.00139284850262205,0.0129532375500019,0.00792479462724309,0.000418859527360427
"1764",2008-02-15,-0.00640173897299489,0.0041181285008543,0.00323194699660197,-0.000520350035271563,0.00639362754613441,0.000419216743072992
"1765",2008-02-18,0.0252615262779773,-0.00292494627384655,-0.00913378834292798,0.00348113123313386,-0.00826433566539519,0.000418859527360427
"1766",2008-02-19,-0.00568736594177161,0.00445230571026416,-0.000848353988321692,0.0137866366967273,0.0100498726944194,0.000418859527360427
"1767",2008-02-20,0.0206245263590385,-0.021038553339681,0.00295336200022934,0.00112550443784376,-0.0212295464281463,0.00041850227963014
"1768",2008-02-21,-0.00224825437431011,-0.00426619984317362,0.00305442033325927,-6.87350358556447e-05,0.000846727602099596,0.00041850227963014
"1769",2008-02-22,0.00943254255048074,-0.00341368338108038,0.0103749507117133,-0.0142105001044709,-0.00787780357766874,0.00041850227963014
"1770",2008-02-25,0.00666640849102385,-0.0127922734327905,0.000427945947903871,-0.00466170823776193,-0.00380625756165094,0.000418859527360427
"1771",2008-02-26,0.00432388381856416,-0.000326023460810422,0.00115091448526655,-0.00727669270603337,-0.00086898767943736,0.000418859527360427
"1772",2008-02-27,0.00736648663293223,0.00196885800803293,0.00354595172920958,-0.00701214339546656,0.00311258515080419,0.000418859527360427
"1773",2008-02-28,0.0036802085519386,0.00588550016912866,-0.0075348391578929,-0.000723918506029141,0.00854656141205361,0.000418144999876136
"1774",2008-02-29,-0.033516667501527,0.0222520459652363,0.000793645581483631,-0.0121587972265075,0.0200048389706066,0.00041850227963014
"1775",2008-03-03,0.00909035646667426,-0.0104772592584138,0.0155839042406813,0.00988313012644753,-0.0179486815058162,0.000418144999876136
"1776",2008-03-04,-0.0168942470533401,0.00225501784771027,0.0086388341604871,-0.00399423960374307,-0.000178319521706339,0.000418859527360427
"1777",2008-03-05,0.0178145492274916,-0.00408203700438757,-0.00408607891002595,0.00649993521475087,-0.00886371356250422,0.000419216743072992
"1778",2008-03-06,-0.023466795808856,0.0149627493763725,-0.00671094921959221,0.00548244674951851,0.0162465804265182,0.00041850227963014
"1779",2008-03-07,-0.0160603410308518,0.0104072649433721,0.00861285846960078,-0.00168019575099321,0.0137229195043216,0.00041850227963014
"1780",2008-03-10,-0.0256881146197228,0.0058491506407788,0.0135373255649803,0.00605503516026184,0.00690953690527738,0.000419216743072992
"1781",2008-03-11,0.035155558931808,-0.0127596390443857,0.00714403082720348,0.00478081895522611,-0.0155265371890887,0.000418859527360427
"1782",2008-03-12,-0.00682161474880487,-0.00269235482145564,-0.00161338546421124,0.00546579311050361,-0.00176493147351708,0.000419216743072992
"1783",2008-03-13,-0.00035296071738737,-0.0142443107371897,0.00211657737921928,0.0107568123457985,-0.00710572603202625,0.000419573926773387
"1784",2008-03-14,-0.00654195470888511,-0.00345673984335593,0.00119033345076374,0.00343386170834252,-0.00103427123092672,0.000420288198160979
"1785",2008-03-17,-0.0345006397807982,0.00829264849153179,0.00857151664613785,0.00360356378185599,0.011417301789508,0.000420288198160979
"1786",2008-03-18,0.0270959177378186,-0.0158406170882881,0.00337768982819631,0.00121845484502744,-0.0237744906650944,0.000419931078467384
"1787",2008-03-19,-0.0506433077663951,0.0220130502456966,-0.00299119254441308,-0.0133703331821887,0.0253155487429086,0.0004206452858595
"1788",2008-03-20,0.00110711762427585,-0.00171626732709454,0.00272441046507151,-0.0091323150473288,-0.00177143015495402,0.000420288198160979
"1789",2008-03-24,0.0152675494638542,-0.00826618381484414,-0.0212910807655003,-0.00815736634624113,-0.000344457355994029,0.0004206452858595
"1790",2008-03-25,0.0261677214353345,-0.0167047881058254,-0.0380527155662542,-0.00121370221642184,-0.0104997957147988,0.000421716357043911
"1791",2008-03-26,0.0051069919853518,-0.00531659737270427,0.00214451358389261,0.00904311278937668,-0.00416401279727302,0.000421359365295304
"1792",2008-03-27,-0.0131793921964459,0.00649162947201198,0.00501082203759605,-0.00819709787241326,6.01295042352689e-06,0.000421716357043911
"1793",2008-03-28,-0.00706455968959865,0.000942319436157488,-2.06563052850802e-05,-0.00496740389217544,0.00716708754797301,0.000422073316820537
"1794",2008-03-31,0.00939434949987336,-0.00803140319310637,-0.00154257197972905,0.00910298356144747,-0.00484671841426485,0.00042314400437693
"1795",2008-04-01,0.0273966989397549,-0.0328174444370959,-0.0134302031769838,0.00884164387625906,-0.0318003827235309,0.00042314400437693
"1796",2008-04-02,0.00935500669591297,-0.00879973923824069,0.00588983109135996,0.00533723825897465,-0.00867931180269652,0.00042314400437693
"1797",2008-04-03,0.0104764575964312,0.00060586291320501,-0.00857527422751679,0.00418247586838693,-0.00176901235498646,0.000423500836323587
"1798",2008-04-04,0.00186667818310613,0.00913496754805161,0.013506396896061,0.00937573840495246,0.00294469767431846,0.000425641157396406
"1799",2008-04-07,-0.00263132331352503,0.000872989086305529,0.000635938392470831,0.014518326766584,0.00582723974376534,0.000426354342422108
"1800",2008-04-08,0.00517574429632213,-0.00757028576235895,0.00171487092593861,-0.00686209851043609,-0.00372007455840234,0.000427423880744682
"1801",2008-04-09,-0.0146924509394748,0.00760969994147786,-0.00405341397693994,-0.00867074777795724,0.0124448078966594,0.000428493132144769
"1802",2008-04-10,0.000806758838232605,0.0030076628839168,-0.00713165476818233,-0.00844641053437955,0.00597067815071358,0.000428493132144769
"1803",2008-04-11,-0.0147148562987346,0.0126193927204975,-0.0100341298962033,0.00303390023878119,0.00980406443941864,0.000428493132144769
"1804",2008-04-14,-0.00173329395656779,0.0123541594383266,-0.00140959263903193,-0.0004486244819231,0.0151407799013484,0.000429205807086497
"1805",2008-04-15,0.00753929316590475,-0.00353518750205477,-0.0145284964810361,0.00246533529761586,-0.00296923313871319,0.0004302745806255
"1806",2008-04-16,0.0203841424328262,-0.0183272180849929,-0.0104642659612496,0.0101388858896853,-0.0208702014180174,0.000431343067653023
"1807",2008-04-17,0.00789665811356719,0.0012685642590203,0.00838450768354337,0.00301187980917917,-0.000893504611318804,0.000437036832622084
"1808",2008-04-18,0.00613626034445376,-0.001534328231296,-0.010797146844701,-0.00819980548707189,0.0036028873369182,0.000436325556649741
"1809",2008-04-22,0.00589544249677971,-0.00117847431147551,0.0137565567170627,0.00471222691553015,0.00122425594143395,0.00043668121050211
"1810",2008-04-23,-0.00944970421658388,-0.00465669183198628,0.00162318603879079,0.0106780112266827,0.00012352376113775,0.000436325556649741
"1811",2008-04-24,-0.00692417023984136,0.000394808785292628,0.0196989887249781,-0.00650244679595633,0.00376029220618971,0.000435969871059427
"1812",2008-04-25,0.00951127845223338,-0.00448499158554971,0.00832001830972814,-0.00678725075858768,-0.00967155469061446,0.000435969871059427
"1813",2008-04-28,0.00801064346404077,0.0026935213904369,-0.0171335125847755,0.00132702621165266,-0.00164572250238254,0.000436325556649741
"1814",2008-04-29,-0.0278220144107996,0.0145186181183897,-0.00115870026846094,-0.00643777654920847,0.0156571377966434,0.000435614153725616
"1815",2008-04-30,0.0571618332278371,-0.0132702011832651,-0.0296604073958625,-0.00226013075984668,-0.0313894662783804,0.000435614153725616
"1816",2008-05-02,0.0219628447694677,0.0330931598208738,-0.00368442437093625,-0.0289175585807527,0.0160188179170471,0.000435258404642536
"1817",2008-05-05,0.00939607471186417,-0.00422581286003972,-0.00112390087593561,-0.00137597626620627,0.00480056720777308,0.000437392423015881
"1818",2008-05-06,0.000337762862387901,0.000664262194638687,-0.000429390879060684,0.00019361012811293,0.00446400041242978,0.000438103508646037
"1819",2008-05-07,-0.0129727854340539,0.00671959125259494,-0.00656238715191266,0.00291956279635892,0.0129481378901414,0.000438459003894165
"1820",2008-05-08,0.00963129092465339,-0.00186972979805004,-0.00226661199238369,0.00195822708408226,-0.00181919108356773,0.000439525299437582
"1821",2008-05-09,-0.000262514538387028,-0.000395869987843824,-0.00271331493047873,0.00238206390794667,0.000687850783633456,0.000439525299437582
"1822",2008-05-12,0.0104410741740751,-0.0072917235208233,0.00226193717272012,0.00438177923225061,-0.00571761573568306,0.000440591309799343
"1823",2008-05-13,0.00154660500369131,-0.00161650102128254,-0.00367419121489495,0.00422099396306842,0.00126683852561851,0.000441301825014895
"1824",2008-05-14,-0.00656056390907115,0.00656684587800562,-0.00227005430834002,0.000297266080194874,0.0142289533765708,0.000443077559127314
"1825",2008-05-15,0.0182046048644996,-0.00740796936087355,0.000458022328853709,-0.000537088358334319,-0.0153816005918843,0.000443432611036298
"1826",2008-05-16,0.0163182627911861,-0.00208676339974737,0.00191955313455776,0.00265708936271098,-0.00610998433753479,0.000443432611036298
"1827",2008-05-19,0.0108960130165843,0.00037781598652616,0.00485309302016945,-0.00244003086522117,-0.00332566602451761,0.000444497577037684
"1828",2008-05-20,0.0022534731003581,0.00296304242263532,0.00999321536921318,-0.00423551795909084,-0.000552000691961068,0.000445917089223702
"1829",2008-05-21,-0.0118677086655633,0.00498373498296478,0.00280835934409752,0.00714451827557989,0.0153544400638137,0.000446981391698742
"1830",2008-05-23,-0.0146035194206242,0.0246872847432464,0.0342155237534081,-0.00576386281670237,0.0155976577649654,0.000448400019735562
"1831",2008-05-26,0.00420347162939694,0.00454056278132384,-0.000232064713938582,-0.00108527997279234,0.0055886222234205,0.000449109144456505
"1832",2008-05-27,-0.00874391138628349,-0.00342640590441636,0.00646547894523367,0.00335267329680531,-0.00487245766193928,0.000450172595043208
"1833",2008-05-28,0.0246449278631271,-0.0130160894682948,0.0115932326919279,0.0126498955617464,-0.0193818362659992,0.00044981814303946
"1834",2008-05-29,-0.0206464368249553,0.0172398921123617,0.0135879223048979,-0.0200106067721261,0.0107612017935179,0.000450172595043208
"1835",2008-05-30,0.0120912093434886,-0.00425468553772276,-0.00601955369177092,0.00828786735843714,-0.0102620130200257,0.00045123576197037
"1836",2008-06-02,-0.00874571153626602,0.0210992843311108,-0.00404017896732323,-0.00967429080175276,0.019527219978075,0.00045229864538987
"1837",2008-06-03,-0.028139448920361,0.0114497139616896,0.00536320135285377,-0.00507247138642336,0.0158998671728812,0.000453361245452921
"1838",2008-06-04,-0.0199827637228482,-0.00264194482317448,0.017736250067509,0.00108703559818537,0.0026029885537893,0.000454423562311179
"1839",2008-06-05,0.0351097597099516,-0.0172173670027414,-0.00438627372901348,0.00932736742945054,-0.0194649175703814,0.000453361245452921
"1840",2008-06-06,-0.0184460842680425,0.0163113875159909,-0.0071181229717796,0.00232743781920826,0.0141229377288437,0.000453361245452921
"1841",2008-06-09,-0.00704387737443075,0.00705329168348512,0.0192799370928637,0.00407621135086531,0.009917307850399,0.000453715382532138
"1842",2008-06-10,-0.0224640419526773,-0.00115104597072357,0.0219414068728811,0.00236284174766782,0.00452426034511309,0.000454069488149633
"1843",2008-06-11,-0.0142551582823243,0.00566901844939645,0.0147327010153126,0.00390680812462097,0.00864608690402146,0.000454777605022327
"1844",2008-06-12,0.00680448795064229,-0.0040519475281197,0.011880270807254,0.00258221791380838,-0.0070098327848277,0.000454777605022327
"1845",2008-06-13,-0.0021942842355702,0.00710873906472469,-0.006529864203931,-0.00758695789191827,0.00267131173361981,0.00045583954450934
"1846",2008-06-16,0.00046416925503967,0.00711995331493172,0.000990916387944566,0.00229498444460892,-0.0111936505823174,0.000455485596115857
"1847",2008-06-17,0.0146087674485052,-0.0255931513367034,-0.00606767399155554,0.00988850217401982,-0.0249029866876343,0.00045583954450934
"1848",2008-06-18,-0.0197257259775972,0.0112915008068436,0.00852125357945095,0.00203906902377646,0.0156926996697262,0.00045583954450934
"1849",2008-06-19,-0.00847010665629612,-0.0031162851005493,0.00947659131335872,0.0114564555136256,-0.00475863861247102,0.000456193461474852
"1850",2008-06-20,-0.0279797463027962,0.0170914330728764,-0.00674509537871814,-0.00457255126321975,0.0195670709245479,0.000456547347017944
"1851",2008-06-23,0.00101202955946473,0.011310138146848,0.0115247973430586,-0.0158020022360475,0.00554260391078277,0.000456547347017944
"1852",2008-06-24,-0.00649900629477539,0.00462428672613116,0.0045452992318294,0.00334323674238594,0.00347465618652049,0.000456901201144166
"1853",2008-06-25,0.024309757263524,-0.0204284046067,-0.00911299494250312,0.00449134395027755,-0.0198389688497635,0.000456901201144166
"1854",2008-06-26,-0.0262957887542428,0.0113080836773361,0.00937538005540257,0.00238839296032777,0.0192748722244421,0.000457608815168209
"1855",2008-06-27,0.00189480804943002,-0.00234252794173653,0.00966697491709055,0.00455966955926355,-0.00412343153571409,0.000458316303592055
"1856",2008-06-30,0.0108478111170909,-0.00225428354193171,-0.00832912849861777,0.00811176683558743,-0.00353907566112031,0.000458316303592055
"1857",2008-07-01,-0.0231006159103851,0.0139315642797902,-0.000109091416499188,0.00087756138437128,0.0117201212945607,0.000459023666460334
"1858",2008-07-02,-0.0339296416239797,0.00189289731654094,0.00465752782723621,0.0113904995196774,0.0064670326508045,0.000461145002177199
"1859",2008-07-03,-0.0278494673126379,0.0164000599837755,-0.0114903366864595,-0.0109230607156198,0.0223728835551687,0.00046185186326908
"1860",2008-07-04,0.00243643744488561,-0.00590941265508758,5.14851025021227e-06,0.0122637613793746,0.00108205849155087,0.00046185186326908
"1861",2008-07-07,-0.00660312255478581,-3.26797969918799e-05,-0.00161317260573687,0.0028092077134314,-0.00988280830915325,0.000463265209498909
"1862",2008-07-08,0.00243723373464792,-0.0246691844900708,-0.00187871482034186,0.0062367120342647,-0.0286125464021938,0.000463618467765325
"1863",2008-07-10,0.00399991535265713,-0.0219952391709637,0.00716223688081124,0.0116329379845503,-0.0240310673875925,0.000465384289627613
"1864",2008-07-11,-0.00148983655743209,0.00285520924708093,0.00936155086867769,-0.00830840717864559,0.00415164508752127,0.000466090399390717
"1865",2008-07-14,0.00755617272801706,0.00408362075163862,-0.00224909961686021,-0.00230679785762878,-0.0011593384829587,0.000468207978462143
"1866",2008-07-15,0.000572116526343159,-0.0128588601291682,0.00611555948531674,-0.00233639425390341,-0.0117458837666904,0.000467855126732086
"1867",2008-07-16,0.0147650917963921,-0.0241975465126312,-0.00892654691965772,0.0083350804965017,-0.0184403364188827,0.000468207978462143
"1868",2008-07-17,-0.0299944549460571,0.0159453713430334,-0.00150287128096754,-0.0114906954541729,0.0184281036659307,0.000469619073105054
"1869",2008-07-18,-0.000224676187990627,0.00449728926087683,0.00367301097476146,0.00533219319616355,0.000411051848992896,0.000471029668371203
"1870",2008-07-21,0.0115093333547287,-0.00811202649980785,0.0197614827733641,0.0065717897687621,-2.60439735838107e-05,0.000472792210744588
"1871",2008-07-22,-0.0197421325147389,0.00622476747738416,-0.00207808875512414,-0.00535441759030598,-0.00465408624079457,0.000473497009526147
"1872",2008-07-23,-0.00491685866829224,0.00658723537098734,0.00353856321931077,-0.0138582372114241,2.10578980609612e-05,0.000474906233330241
"1873",2008-07-24,-0.0323360881749104,0.0160686954106008,-0.0121944718975338,-0.0145103047970066,0.0168205379707067,0.000479482772854034
"1874",2008-07-25,-0.00736146652539153,0.00667716971593767,0.000272092067440454,-0.0105144384572767,-0.00193137598689987,0.00047983459680534
"1875",2008-07-28,-0.00490050868394695,0.00812747583658504,-0.00208140113745485,0.00416078287242532,0.0121926800368691,0.00047983459680534
"1876",2008-07-29,0.0177941815425296,-0.0249390078046675,0.00243170792206192,0.0136582422380166,-0.0239781180769127,0.00047983459680534
"1877",2008-07-30,0.0348264690667961,-0.0186043436277611,-0.0181939929702738,0.0212404637402977,-0.01628993971063,0.00047983459680534
"1878",2008-07-31,-0.00761674667211684,-0.00550539693192111,0.00173586240198463,0.000633966436236581,0.00243480440374942,0.00047983459680534
"1879",2008-08-01,-0.031048286004355,0.0195718266173939,0.0134794310374185,-0.0017965078503765,0.0234083527819567,0.000480186389705484
"1880",2008-08-04,-0.0396812264915269,0.00339981109965224,0.0234564714504995,-0.0186776677250514,0.00169498366100506,0.000481593250904133
"1881",2008-08-05,0.0120325380073469,-0.0182131794207441,0.00410016969268375,0.00303748225889731,-0.0179543427763873,0.000482296495339263
"1882",2008-08-06,0.0207275088587998,-0.00594707393725872,-0.00752628392826642,0.00400360184450843,0.000235467701546203,0.000483351129410003
"1883",2008-08-07,-0.00718128877500343,0.0079480878424499,-0.0155464469315344,0.00628281196423516,0.00454992775898602,0.000484054063799588
"1884",2008-08-08,-0.00901674656808438,0.00446914201342854,0.000722026843058261,-0.00710244681363361,0.00932410888724934,0.000484054063799588
"1885",2008-08-11,-0.0316059764954697,0.0254890499204655,-0.0173188356679017,-0.0191156660203663,0.0146903389014276,0.000485108233007736
"1886",2008-08-12,-0.00742539305023387,-0.00133524723069546,0.00949411751328186,-0.00220137153448826,-0.00392857187876657,0.000485459560798596
"1887",2008-08-13,0.00258228390362362,-0.00224658503722326,-0.00505400681943562,0.00737266259197004,-0.000802522261226347,0.000486162123495504
"1888",2008-08-14,0.0110781876076605,-0.0206703347876607,0.00261801653525204,0.0249131422252121,-0.0108171795426199,0.000486864562382117
"1889",2008-08-15,-0.0175324413856681,0.0122088160049002,0.0125503345804378,-0.003960941428468,0.00823305762147334,0.000487215735410107
"1890",2008-08-18,-0.0196109071208817,0.00137621046791903,0.00920874834257848,0.00376810981348681,0.00070454397400163,0.000488620118215932
"1891",2008-08-19,0.00808552661565779,-0.00962425675914383,0.0112839036484253,0.0088007770837309,-0.00917363586905201,0.000489673080700914
"1892",2008-08-20,0.034723042796614,-0.0116598005896055,-0.0176429983599332,0.0250604349421222,-0.0188947954793771,0.00049037490119197
"1893",2008-08-21,0.0115548717277962,-0.0017785560963634,-0.00451568648288639,0.00795004423127073,-0.00519690279433803,0.000491427400289401
"1894",2008-08-22,-0.00111467537082167,-0.0032562683452904,-0.0043980710205079,0.00388560995525868,-5.99567086946787e-05,0.000491778171573198
"1895",2008-08-25,-0.0253134276899039,0.0173955553534989,-0.00239678934017863,-0.0140733806308146,0.0183740183897022,0.00049283030025471
"1896",2008-08-26,-0.00371841692678675,-0.00268988047457872,-0.0133294415844463,-0.00315717407898814,-0.00307362696367191,0.000493531565121996
"1897",2008-08-27,0.0199727645021622,-0.00609809627888259,0.0036521217105723,0.0209487929118084,-0.0127111584495635,0.000493882151295644
"1898",2008-08-28,0.0149768006873243,-0.00325326177500006,-0.00737927410536667,0.00804035541728793,-0.00477232059839229,0.000494583231150925
"1899",2008-08-29,-0.0132757541157539,0.00947873558718155,0.000655252199000918,0.000567543309240119,0.00661459236225983,0.000494933724842994
"1900",2008-09-01,-0.0116358177421068,0.00582498936786842,-0.0163035040144957,-0.0153867095727343,0.0112382104876551,0.000495284187718825
"1901",2008-09-02,-0.0125782112982245,0.0052556701415727,0.00778600465304086,-0.0122747314238815,0.00172650473827431,0.000496335391502623
"1902",2008-09-03,-0.0139235231302481,-0.00048325664835077,-0.00552399899482372,-0.00556789199179604,-0.00124586420757239,0.000497736565448159
"1903",2008-09-04,-0.0349928431342319,0.0129189837002905,0.00822859645777094,-0.00174891425487488,0.0155861026935159,0.000499837403286074
"1904",2008-09-05,0.00980272339240334,-0.0124240653218605,-0.0030954670370125,0.00314950381472209,-0.0109840044372323,0.000499837403286074
"1905",2008-09-08,-0.0193179908238885,0.0202768901688944,-0.0184538942753124,-0.0166463618055916,0.0235684014293346,0.000501937134467445
"1906",2008-09-09,-0.0400681637807956,0.00815776398314681,0.0158601786949829,-0.00430825295574806,0.0182625019289353,0.00050298658542669
"1907",2008-09-10,0.0212062023517636,-0.0217051777730784,-0.0165235632513626,0.0140307225219035,-0.0162829598648962,0.00050403576015956
"1908",2008-09-11,0.0325109895882926,-0.00921306028808402,-0.00699664760538237,0.0272312669346573,-0.0154198901481984,0.00050683221011405
"1909",2008-09-12,0.0158175237382524,0.00349965680452528,-0.00207548872333422,0.0126681429680968,-0.00173550750282142,0.00050683221011405
"1910",2008-09-15,-0.0718686281902228,0.0242692782523611,0.0165884148542222,-0.0113041452546003,0.0277787767242498,0.000507181628455422
"1911",2008-09-16,0.0157799182696345,-0.0259774074539468,-0.0225936978896702,0.00669248348770571,-0.0179818195804394,0.000507181628455422
"1912",2008-09-17,-0.0638037528358158,0.0160088313522214,0.00165334964229442,0.00242028954115651,0.00875283667366359,0.000507880373261882
"1913",2008-09-18,0.0533042184528737,-0.0412560554645134,-0.0118335811902747,0.0313717826851557,-0.0448827771051837,0.000507181628455422
"1914",2008-09-19,0.084219556433478,-0.0559612001853455,0.0273204816834444,0.00715615527584443,-0.0553886738486411,0.00050683221011405
"1915",2008-09-22,-0.0222459723840492,0.0111896919871637,-0.00174759130029687,0.00796050224092428,0.0253197052475064,0.00050683221011405
"1916",2008-09-23,-0.0327849598788351,0.00228062910295124,0.00416357287934479,0.00758190424890747,0.0157548801024604,0.000508578995602749
"1917",2008-09-24,0.00849504357219021,0.00144503610280025,0.00849473564371601,0.00535439986246243,0.00600618643978993,0.00050822969973785
"1918",2008-09-25,0.0362190401706896,-0.0327821277817543,0.014172085058683,0.0161651415959081,-0.0281829585602002,0.000507181628455422
"1919",2008-09-26,-0.0191963252327835,0.00288432046211034,0.0165684290016014,-0.0038940010285496,0.0102872568820925,0.000507181628455422
"1920",2008-09-29,-0.083487230106908,0.0100846341463608,0.0124319436080725,0.00475410061768439,0.0285233079951203,0.00050683221011405
"1921",2008-09-30,0.0737217156781205,-0.051859249531609,-0.00106638548146731,0.0187506242923634,-0.0482195828637648,0.000507531016169516
"1922",2008-10-01,0.00288122795723086,-0.00115595603892936,0.00511298101912046,-0.00638080289780762,-0.00875236174607646,0.000507531016169516
"1923",2008-10-02,-0.0681455752882904,0.0253619278318558,0.0067095048155769,-0.00597565887089052,0.0345120170106176,0.000507181628455422
"1924",2008-10-03,-0.0314793543278797,0.00808714867616459,-0.00216953314632441,-0.00179729654164073,0.000995446714016402,0.000507181628455422
"1925",2008-10-06,-0.0497782586619649,-0.020316144237837,-0.00817231134997268,0.0592786283880885,-0.00813963239516229,0.000509975873059343
"1926",2008-10-07,-0.0437717077712774,-5.88216569748085e-05,-0.007543972367925,0.00155368072469315,0.0108216000282343,0.00051032501594972
"1927",2008-10-08,-0.0424000809444498,0.00212416075472626,-0.0297766599650815,0.00972284580123177,0.0129265084099388,0.000512070271826648
"1928",2008-10-09,-0.0435439328198794,0.0356768994922274,0.0142389241166596,-0.0210044657300747,0.0215267088661077,0.000510674128261224
"1929",2008-10-10,-0.0393880595721901,-0.0135104935761856,-0.000801274714953761,0.0152248310603357,0.00097737441121451,0.000509975873059343
"1930",2008-10-13,0.141912281466239,-0.0425092795731389,0.0052544024095497,0.0150112358567252,-0.0622673003408169,0.000511023209999406
"1931",2008-10-14,0.0212811777948611,0.00356051572730072,0.00640575826584089,-0.0156189708628788,0.000244994504494472,0.000511721281776678
"1932",2008-10-15,-0.101394340875418,0.0219379650838629,0.0268674192193416,-0.00172527475965684,0.0430037217405714,0.0005127681602759
"1933",2008-10-16,-0.0160701093665981,-0.0482364210111511,0.0206542746759971,0.0142383716395336,-0.0155604091619655,0.000513814763903664
"1934",2008-10-17,-0.00262321507307708,0.0312843797969164,-0.0358764933766622,-0.0172399664012637,0.00806494453616505,0.000513814763903664
"1935",2008-10-20,0.0777111015372432,-0.0107018277419742,0.00728108948070792,-0.003533358651843,-0.0328111868663265,0.000514512347020712
"1936",2008-10-21,-0.0113020723897705,0.0172543840929649,-0.0149705660043668,-0.0366071379709596,0.00764227440657738,0.000514861092804741
"1937",2008-10-22,-0.0966596292426543,0.0655856954218331,0.0144418135278725,-0.0148238960734853,0.0515597060274946,0.000519740332751928
"1938",2008-10-23,-0.0289126279688038,0.00550403525414089,-0.00485330138379101,-0.0076098188990076,0.0138315139472537,0.000518695284001058
"1939",2008-10-24,-0.0646014223333613,-0.00296619530137321,0.0141268429351096,0.02181851593155,0.0226995631250247,0.000524613607551627
"1940",2008-10-27,-0.0609114038427437,0.029098827773764,0.00423841591745654,-0.0101831926715611,0.0169740241860446,0.000517998432590705
"1941",2008-10-28,0.117779310881754,-0.109625392442079,0.00650104756452179,0.0503375057463653,-0.119660101732115,0.00051520980807962
"1942",2008-10-29,0.0407463493373416,0.00215079477522405,0.0151714029812998,0.00944823143155935,-0.0124485918126385,0.000512419231324612
"1943",2008-10-30,0.0616383706122893,-0.0388593048304022,0.032496825435889,0.0137695165375319,-0.0245619751696523,0.000509626699584986
"1944",2008-10-31,0.000140872188560896,0.0181899370910655,0.00686142417619955,0.00769993986633485,0.0209167945589767,0.000509277495520877
"1945",2008-11-03,0.0234232623416581,0.00139201856591611,0.0170116766120626,-0.000656561164756823,-0.0197804270582547,0.00050822969973785
"1946",2008-11-04,0.0502743167443592,0.00640313495773793,0.00491122522781179,0.00216372366216637,0.00247619202550477,0.00050822969973785
"1947",2008-11-05,-0.0526441354400112,0.0374005202251639,0.0136958306761436,-0.00242229056567051,0.0302806894825858,0.00050822969973785
"1948",2008-11-06,-0.0338855115440486,0.010070825547789,0.0371102174312992,0.00561609642093684,0.00564582066178622,0.000508578995602749
"1949",2008-11-07,0.0143844903311906,0.0100529964800211,-0.0121162232622983,0.00410979025155528,0.0171365346734869,0.000507181628455422
"1950",2008-11-10,0.00693432853435098,0.00218053524488606,0.0178569092666402,0.00405782464677086,0.00140306720892047,0.000507181628455422
"1951",2008-11-11,0.00999390379005552,-0.0417664181617993,0.0193240136717018,0.0176473412745079,-0.0304333781019647,0.000507531016169516
"1952",2008-11-12,-0.0764476345032239,0.0258604789725978,0.0138389430424863,-0.00831834707021268,0.0307818036177079,0.000507531016169516
"1953",2008-11-13,0.0489745764643322,-0.0495780186779818,0.0158349214412291,0.0294017831274717,-0.0340928654165285,0.00050822969973785
"1954",2008-11-14,-0.00401258193708927,-0.00680688861023471,0.00398076175042994,-0.00436961224844637,0.0103280660704088,0.000505434230369639
"1955",2008-11-17,-0.00273543684975322,-0.0177903843934819,0.0217125872392707,0.00864449960849566,-0.00385642151169841,0.000502636799139422
"1956",2008-11-18,-0.0415672811623201,0.0138328521652825,0.0292507979779074,-0.00568781797056034,0.0236719568481729,0.000501937134467445
"1957",2008-11-19,-0.0207299052211651,-0.0106221767331007,0.00126939038757435,0.00445266291288537,-0.0016565360135102,0.000502286982154709
"1958",2008-11-21,-0.057839045794684,0.0343712760448115,0.0415701120906847,0.0130277007534706,0.0351691645853774,0.000500887407135941
"1959",2008-11-24,0.0845822075769926,-0.0437578042989147,-0.0343486184162357,0.00446308146959234,-0.0492726799217136,0.00050298658542669
"1960",2008-11-25,0.0114527128397197,-0.0132417441777874,-0.0183358005850268,-0.00915869540328295,-0.0288093217117527,0.000505434230369639
"1961",2008-11-26,0.0431928354712333,-0.0379291710883103,-0.0148842071632258,0.00770649177994917,-0.0263345110825119,0.000505783771273416
"1962",2008-11-27,-0.00699530661530717,0.025654173894065,-0.0143543912421578,-0.0101581518068486,0.0182762167611306,0.000505434230369639
"1963",2008-11-28,0.00996658708363387,0.0091231858124811,-0.00136110827998808,-0.0181431566410689,0.0044837500362825,0.000504385423712117
"1964",2008-12-01,-0.04712414233176,0.0092516855592161,0.0153455227147355,0.00543310798744202,0.0146173737734379,0.000504735056594319
"1965",2008-12-02,0.0101415234248462,-0.0223242323836366,0.00618233506405667,0.0130046550892321,-0.01769614203822,0.000505084658811716
"1966",2008-12-03,0.0112654164817857,-0.000159935056184789,-0.00391102187039603,0.00536454715005213,0.00523630391742618,0.00050403576015956
"1967",2008-12-04,-0.00296147478285698,-0.00320589756776979,-0.00393842114186619,0.00363648141101207,0.00449086925356149,0.000503686065931541
"1968",2008-12-05,0.00574863567230037,-0.00927875526446291,0.000301142097919449,0.0149558496450637,-0.00918205209052727,0.000502636799139422
"1969",2008-12-08,0.0737002940802174,-0.0491329497444973,-0.0289243726620419,-0.00632587784319862,-0.0447592819584601,0.00050053743658407
"1970",2008-12-09,-0.00889112004267213,0.00466413873728063,0.008712917753364,-0.0160239498972181,0.00360795022523765,0.00050053743658407
"1971",2008-12-10,0.020631211522253,0.00412965678516386,-0.00931691505708346,-0.0122531111835201,-0.00344381440311538,0.000499487340529292
"1972",2008-12-11,-0.0135175090320025,0.027138537544398,-0.015953674976269,-0.0303669336540731,0.0209309275979819,0.000501937134467445
"1973",2008-12-12,0.0211701683928715,-0.036104756103499,0.00176356726487036,0.00372006806528133,-0.0291005520242947,0.000501937134467445
"1974",2008-12-15,-0.024642761989291,0.0251391431791104,0.0237658497093326,-0.0147999838562167,0.0246090103675282,0.000501587256072078
"1975",2008-12-16,0.0400568061120538,-0.0147310199656316,-0.00862310799274981,-0.000124999441048372,-0.019176959187666,0.000501937134467445
"1976",2008-12-17,-0.000985181661905029,0.00871667062180077,-0.00461475071847243,-0.00041958442031613,0.00920633993187496,0.00050053743658407
"1977",2008-12-18,-0.00886028717814704,-0.00366934245301704,0.00542745805134733,0.0115827075996569,0.000612104783159152,0.000500187435302557
"1978",2008-12-19,-0.0143809870622574,0.0151767445492473,0.00638404109167197,-0.00509770384988662,0.00862889134849666,0.000499837403286074
"1979",2008-12-22,-0.0371041501556251,0.0307579207274928,-0.0137537495672067,-0.030377079581189,0.0297197171598616,0.000499487340529292
"1980",2008-12-23,-0.0265814196516295,0.0215974090165715,0.0124557157148334,-0.0127415748930897,0.0306337845786561,0.000499487340529292
"1981",2008-12-26,0.00736863716506841,0.00604691310361637,0.00507078333826276,0.000255363048667454,-0.00388976968433407,0.000498436967761418
"1982",2008-12-29,0.00164312068202596,0.0084574781998312,0.00433133034383807,-0.00836380018009,-0.00505483007953349,0.000498086781988594
"1983",2008-12-30,0.0122861027177548,-0.0109109026049273,-0.00020854051364224,-0.0100905206507062,-0.00791208966210805,0.000499487340529292
"1984",2009-01-02,0.066509959950106,-0.028729859653455,-0.0192094416331921,-0.00129389922526647,-0.0288774551947391,0.00049703604004292
"1985",2009-01-05,0.0172814755367991,-0.000543684172232068,-0.015475782029622,-0.0248968442713771,-0.00499741009278348,0.000498086781988594
"1986",2009-01-06,0.0138116259709711,0.0354411511973976,-0.00450988591174554,-0.0383031360465059,0.0166301019973991,0.000497386318134563
"1987",2009-01-07,-0.0333646875628441,0.0342785950723267,-0.010138848139942,-0.0339164865068461,0.0809209592393756,0.00049703604004292
"1988",2009-01-08,0.0217418735169894,0.00285272089820313,-0.0054146721324858,0.0114896009450644,-0.0274006332018117,0.000494933724842994
"1989",2009-01-09,-0.00596200369603278,0.0104468841776497,0.00501274272725465,-0.0144739760978882,0.0309274552423679,0.000492479621550412
"1990",2009-01-12,-0.0432821597837268,0.00207788402866336,0.00267342275613641,0.0118941680441214,0.018556338904383,0.000491778171573198
"1991",2009-01-13,0.001717135845312,-0.001330827301071,0.0384419261541174,0.0149652991614434,0.00247396072445992,0.000490024006392753
"1992",2009-01-14,-0.0371137381405396,-0.00312422114215592,0.00927492818298628,0.0184881993934318,0.00225002340334284,0.000489673080700914
"1993",2009-01-15,0.0242178216060367,0.000383991508027679,-0.00988585030448433,-0.0141850636409624,-0.0177339032814631,0.000487215735410107
"1994",2009-01-16,-0.000218185740020567,0.0162412762650373,-0.00767748029303326,-0.00950986862897558,0.00297144258766986,0.000485810857626001
"1995",2009-01-19,-0.0111980318797896,0.0046730094686164,0.0072212636399229,-0.00459117398140802,0.0080943868628394,0.000482296495339263
"1996",2009-01-20,-0.0357964634596935,-0.00407651140758425,0.00608772648884795,0.0223982260548241,-0.00219039858874617,0.00047983459680534
"1997",2009-01-21,0.0303272610924381,-0.0147917752278786,0.00279308847201299,0.0253610866147074,-0.0118200308659038,0.000477371176764274
"1998",2009-01-22,-0.012969709483079,-0.00351943087154948,-0.00907510910443847,0.00541325103528901,0.0069452207272297,0.000471734778848543
"1999",2009-01-23,0.00550172896551893,0.0084187098636747,-0.00322508404719642,-0.0136613900738657,0.0205015818895402,0.000471734778848543
"2000",2009-01-26,0.00741919126025168,-0.0200701267553529,0.012417163752299,0.0257262532487533,-0.0193109662900836,0.000472087287317624
"2001",2009-01-27,0.00257319350135493,0.00441141636505578,0.00249952015208803,0.0068855204416752,0.00480749066155563,0.000472087287317624
"2002",2009-01-28,0.0318522901365521,0.0118057031497914,-0.0349192296965965,-0.0240258047070542,0.0165812710802042,0.00047243976461453
"2003",2009-01-29,-0.015556182591627,0.0064847267419436,0.00199506208055841,0.00676102733255282,-0.00772982856586506,0.00047243976461453
"2004",2009-01-30,-0.00604617378246294,0.00992867325901988,-0.0157575170074308,-0.00242642035106296,0.0230198912095604,0.00047243976461453
"2005",2009-02-02,-0.0163405162522751,0.011058662911123,-0.00432522107805747,-0.00607306881685062,0.00922156081257708,0.000470324433138103
"2006",2009-02-03,0.0265673319845187,-0.0197849947196401,-0.0030091373259894,0.00653363521081088,-0.0170181191309317,0.000469619073105054
"2007",2009-02-04,0.00699327415708216,-0.00606602428527227,-0.00879107947006157,0.0102580379022747,-0.000551570586333532,0.000468207978462143
"2008",2009-02-05,0.0202470888845,-0.00476632599150954,0.00285542944916408,0.00241054985027383,-0.00739920059958201,0.000467855126732086
"2009",2009-02-06,0.0355051794897484,-0.0141245291673025,-0.00456349158301047,6.75394389022012e-05,-0.0163634067188602,0.000467149329550498
"2010",2009-02-09,-0.0118705228816547,0.00934284940741884,0.0174801940499179,-0.0037391795253788,0.0149001701888482,0.000465737360145102
"2011",2009-02-10,-0.0157247751981214,-0.00382361241540466,0.0158807302225084,0.00946846052513579,0.00391537431470787,0.000464678054754142
"2012",2009-02-11,-0.00520651069780497,0.00455434136771907,0.0124782097225251,0.00671303058651409,0.0040864010704239,0.000463265209498909
"2013",2009-02-12,-0.00715138077175937,5.18075589593027e-05,0.00815812734684854,0.00255947117516098,0.00338461151677296,0.000462558599028107
"2014",2009-02-13,0.0237561857840245,0.00108907468150287,-0.019302063397837,0.00133107899874243,0.00196181273659707,0.00046185186326908
"2015",2009-02-16,0.00599102802768827,0.00926951768344566,-0.0163602208536719,-0.0182806585165708,0.0129387517337198,0.000460438015708275
"2016",2009-02-17,-0.0441385513471676,0.00453879644264496,0.0155552057790155,0.0108013348284097,0.0122040483290405,0.000458670000717865
"2017",2009-02-18,-0.00186159080098593,-0.00561316006130751,-0.00511948385963212,0.00985773663736386,-0.00734892303550476,0.000457962575077575
"2018",2009-02-19,0.00199845687668821,-0.00221194449609933,0.00157471489692789,0.00665327253530693,0.00410732370028992,0.000456547347017944
"2019",2009-02-20,-0.0233918122135153,0.00567012348318075,0.0159429429250065,0.00915051172669726,0.0163081347125459,0.000456193461474852
"2020",2009-02-25,-0.00567892751562589,-0.00941315350120511,0.00555220383724714,0.0128518246378443,0.00780577549656765,0.000454423562311179
"2021",2009-02-26,-0.000773334551909151,0.00109798926493775,-0.00628959261881193,0.00776208945497248,-0.000303880465905551,0.00045123576197037
"2022",2009-02-27,-0.00107308514976134,-0.00822437773527595,0.00641069290482127,0.0104658984599338,-0.00501888983367621,0.000449109144456505
"2023",2009-03-02,-0.049085750308528,0.00769501393027098,0.0111528857221751,0.0182733989387292,0.00856585008621279,0.000447336096046413
"2024",2009-03-03,0.00136852164545877,-0.0069506744309121,-0.0191649349493396,-0.00515994570697576,-0.0143368038274851,0.000446626655782767
"2025",2009-03-04,0.047097832208403,-0.0145029825754841,-0.00684965223006891,0.00140238634187158,-0.0122280086556976,0.000444852502481607
"2026",2009-03-05,-0.022085264076511,0.00692400233577182,0.0150631533850487,7.35831271705088e-05,0.00968300608763601,0.000442012213595966
"2027",2009-03-06,-0.00385941894972417,-0.00250190652593766,-0.00140648331403749,0.0116672193090756,0.00440181657459015,0.000438103508646037
"2028",2009-03-09,-0.0108211365427166,-0.00569153416686194,0.0134770334123295,0.00556855474228961,-0.00617311112829007,0.00043205523324108
"2029",2009-03-10,0.0507296512688709,-0.0150521707342222,-0.0191323917471451,0.00355947347355801,-0.0251170120448418,0.000428493132144769
"2030",2009-03-11,-0.000459031157351802,0.00221712586524329,-0.00574525304575228,-0.00320678848346422,-0.000521958049521413,0.000421359365295304
"2031",2009-03-12,0.0103379413884826,-0.016761258061449,-0.0104967588698075,0.0128780459477537,-0.0137317804945037,0.000419216743072992
"2032",2009-03-13,-0.000506122126414985,-0.000296462648608715,0.000163110844242912,0.000693146474914919,-0.00527210674727428,0.000418859527360427
"2033",2009-03-16,-0.00908164549219884,0.010369098403647,0.00324372266703323,-0.0152273629958123,0.0144544856540007,0.000418859527360427
"2034",2009-03-17,0.0222565288365503,-0.0105473605272989,-0.0115870076576207,0.00061558721960427,-0.0201813839539034,0.000417787688093085
"2035",2009-03-18,0.0166211360509197,-0.00820496613278948,-0.00790428302546047,0.00362204861975978,-0.00475045199045174,0.00041635812055163
"2036",2009-03-19,0.00610747568467304,0.00398725875855049,0.000144293606561095,-0.014043201872566,0.0047539333968468,0.000417430344274772
"2037",2009-03-20,-0.00883638356081572,0.00199087514071669,-0.0120884287835126,0.00422119564818471,0.00206122950052857,0.000417787688093085
"2038",2009-03-23,0.0532389521112004,-0.0133052830977421,-0.0163146858444342,-0.00784067046414474,-0.0189837742660517,0.000418144999876136
"2039",2009-03-24,-0.0212493554790646,0.0124203315454057,0.00994697294320468,-0.00486121781959832,0.0175183998530666,0.000419216743072992
"2040",2009-03-25,0.00576390395572187,-0.0089164328526097,0.00673946364053454,0.00331355014080852,-0.00402651653852337,0.00041850227963014
"2041",2009-03-26,0.0166059806540707,0.00174169265308973,-0.00622561568050832,-0.00924566929074011,-0.00452572414279201,0.000417787688093085
"2042",2009-03-27,-0.0119974857166301,0.00498171967456578,0.0129060945178835,0.00170777141174001,0.0068306812727555,0.000418144999876136
"2043",2009-03-30,-0.0281201765026677,0.0166473147333095,0.00559200861037652,-0.00410580123824189,0.00815180062724383,0.000417787688093085
"2044",2009-03-31,0.00473797471772846,-0.0151762292641323,-0.0159292842960844,0.00823201744337755,-0.015664267041187,0.000417072968415644
"2045",2009-04-01,0.0207302846479484,-0.00284550415424044,0.00825377224022039,-0.00735292099009329,-0.0111805156524878,0.000416715560509706
"2046",2009-04-02,0.0344535983429939,0.0103156094859982,-0.0230709667343954,-0.0282802060338109,-0.00979505800073629,0.000417787688093085
"2047",2009-04-03,0.0167571118428356,-0.0074381970023997,-0.0058740521011346,-0.0212180376422402,-0.00411358486471129,0.000417430344274772
"2048",2009-04-06,-0.00260648864379227,0.00177419746078286,0.000455819745478879,-0.00261459177491808,-0.00291879025018371,0.000413497446309918
"2049",2009-04-07,-0.00845419243222358,0.0226845331410939,-0.00485731926998115,-0.0209386994042978,0.0173558795844701,0.000410992670975219
"2050",2009-04-08,-0.000176422334570481,0.0337578100018766,-0.00736966157888962,-0.0305167761948115,0.00862237601717662,0.000408486320548684
"2051",2009-04-09,0.0288256659322841,-0.00240172562951016,0.0150637101701043,-0.00824540873006311,-0.00466568524993971,0.00040669510480229
"2052",2009-04-13,0.0040005847306595,0.00462055187529832,-0.00760245225643474,-0.0158837953757733,0.00137465485866385,0.000403468886472247
"2053",2009-04-14,-0.0119952955158724,0.000868594253862569,0.00169373991282818,-0.00566158916356368,0.00591549701010507,0.000400957798838641
"2054",2009-04-15,-0.00299556331201382,0.0154628398574472,-0.0060654942154872,-0.00829994144711696,0.0094897524531064,0.000398086045844126
"2055",2009-04-16,0.0161309323764095,-0.00115955641450505,-0.0118628297021617,-0.0110452452082748,0.00388809168738538,0.000398445128146241
"2056",2009-04-17,-0.00611578095050102,0.00716743686399419,-0.000337062692516074,0.00548360682296589,0.0146328216519711,0.000397726931188114
"2057",2009-04-20,-0.0264073268684724,0.00792685305011892,0.0059914912716914,0.0124317931396446,0.0122404642886241,0.000395571563490682
"2058",2009-04-22,0.00428095404023927,0.0127975684340153,-0.0066406593992189,-0.0238808497708047,-0.000677790148037751,0.000393415029575683
"2059",2009-04-23,0.022073590518187,-0.000940174520321729,-0.00635313773004906,-0.00938952261121567,-0.00214221866046663,0.000390897597683626
"2060",2009-04-24,0.0142180294529847,0.0300171442881853,-0.0127839795746122,-0.0436194742667086,0.00522686524434697,0.00039053783471843
"2061",2009-04-27,-0.0186453016408847,0.0246232899031139,0.00258126013566445,-0.015607830507737,0.0180314300197689,0.000387658561331161
"2062",2009-04-28,0.00591948982424459,0.00155538874015942,0.008808326808979,0.00691138955091032,0.00768788326812301,0.000384416890527595
"2063",2009-04-29,0.0319188309681728,0.00542703283644524,-0.0136365867555863,-0.00309767097697584,0.00242165692177904,0.000382975301198352
"2064",2009-04-30,-0.00271492546797692,0.0132397476656484,-0.00882643190879956,-0.0151034202453067,0.00177603138870152,0.000382614822378891
"2065",2009-05-04,0.0535608582570766,0.000606544148755002,-0.0178968639978872,-0.0269423776171445,-0.0118119284256442,0.000382254310952845
"2066",2009-05-05,0.00371875094090965,-0.00170243342120177,-0.00289535564807944,-0.0210609892400485,-0.000388266774638354,0.000381533190257022
"2067",2009-05-06,0.0124839149405953,-0.00150656688567338,0.00293068942918458,-0.0193794392204927,-0.00198940767966852,0.000380811939063586
"2068",2009-05-07,-0.0285660718155363,0.00649149699331473,0.000880409920614431,0.00186407796414967,0.00174386962084622,0.000379729817486796
"2069",2009-05-08,0.0239762647749667,0.00783962192404177,0.00179016401022225,-0.00867076701085053,0.00791101193659487,0.000379369044994471
"2070",2009-05-11,-0.00849400940980293,0.0119075119011718,-0.00364462091546754,-0.008952553941846,0.022258815866323,0.000378286531534267
"2071",2009-05-12,-0.0118453110882513,0.00189539912120183,0.0131699919516192,0.00986970956299156,-0.00571138544612683,0.000377564692515486
"2072",2009-05-13,-0.0293876333839443,-0.0033652439925965,0.0161594272651695,0.0186154853129896,0.00293585280296526,0.000377564692515486
"2073",2009-05-14,0.0130305086898211,0.00364236959892727,-0.00394808480604797,-0.00277132737479908,-0.00706647814930583,0.000376481688800556
"2074",2009-05-15,-0.00915198016734474,0.0144662319704209,0.0103438491691983,0.00686622004281806,0.00648650613234415,0.000376481688800556
"2075",2009-05-18,0.0451458662102139,-0.00723594480744712,-0.022963984614095,-0.0153051619980971,-0.0212864259469062,0.000374676028382703
"2076",2009-05-19,-0.00182779158836866,0.00176844866588026,-0.00829253013046177,-0.0170462652596508,0.0117844017122812,0.000374314798111453
"2077",2009-05-20,6.3027654653118e-05,-0.00147728967297858,-0.00622941130666875,0.00482527236356962,0.00425325209943129,0.000373230910816424
"2078",2009-05-21,-0.0173183561121368,-0.00725399675011548,0.00183212591912878,0.0118178709892888,0.00248696521089265,0.000373592239334419
"2079",2009-05-22,0.00832417705775686,0.0119604581108766,0.000179554786205781,-0.0101214809301374,0.00613540176553232,0.000372508155491724
"2080",2009-05-25,0.0040124280847237,0.00946205913835725,-0.00922069303144929,-0.0114817349460738,0.0152749991454471,0.00037142377669408
"2081",2009-05-26,0.0196581752621635,-0.0077753886065192,0.00355146107970829,-0.0156051787590882,-0.0113709263811429,0.000369977479200312
"2082",2009-05-27,-0.00153897443866267,-0.00797188817739409,-0.00484674081167223,0.00710263309419155,-0.0067116503751878,0.00036889241154836
"2083",2009-05-28,0.0207677815210518,-0.00946370504328697,-0.0119398804108252,-0.00756676134694048,-0.00926809719223557,0.00036889241154836
"2084",2009-05-29,-0.000823848187389456,-0.000832076484974923,0.000561552694273586,0.00986652219488751,-0.00610914544122718,0.000367807048404556
"2085",2009-06-01,0.0216414670369675,0.00577737502566211,-0.0112646348196794,-0.0133461130565706,0.012529821082701,0.000365635434996348
"2086",2009-06-02,-0.00960143999639345,0.00806583546890008,-0.00431731908557817,-0.00797400864914981,0.0176185328397346,0.000362375794658476
"2087",2009-06-03,-0.0325087543386107,0.00188344546490894,0.00344652022968813,0.0193709638843404,0.0059602166151224,0.000360563730733343
"2088",2009-06-04,0.0219330779040022,0.00979664802574635,0.00427358606941618,-0.0212076946119154,0.00230954372088204,0.00035875084255288
"2089",2009-06-05,-0.00440452519077284,-0.000588696243949189,0.00424124410756693,0.00629075238676167,-1.33886635462479e-05,0.00035875084255288
"2090",2009-06-08,0.00285542019854078,-0.00388065622381434,0.00372919446853378,0.00496003797418655,-0.00807777413165138,0.00035802545632091
"2091",2009-06-09,-0.00754469979619657,-0.000660764074369869,-0.000797774226150635,0.00248420842819509,-0.00449883302512727,0.00035875084255288
"2092",2009-06-10,0.00418636711604639,0.000879000187589346,0.00575353066861086,0.00378802319154186,-0.00173525518970207,0.000356574287661005
"2093",2009-06-12,0.00427688529894296,0.00686708106609815,0.00222878316239696,-0.0060828118644176,0.001973227653855,0.000344945876934011
"2094",2009-06-15,-0.0257552190000819,0.00965734105581821,0.00687370262375939,0.0139345034007662,0.0095456651257091,0.000344581941835953
"2095",2009-06-16,-0.0145059920474596,0.0133936111770947,-0.00688025937530766,-0.00100363077897106,0.00698918825726717,0.000343853971925157
"2096",2009-06-17,-0.00405133412614787,0.00071137753641701,0.00268636155980693,0.00584498371468611,-0.00568942072853972,0.000344217973501815
"2097",2009-06-18,-0.00311361512042612,0.00455833888877129,0.0015141129786779,-0.0014868976965134,0.0061046136120816,0.000343489937100205
"2098",2009-06-19,0.00805236503388715,0.00874940424494867,-0.00550136618282499,0.00383165700359596,0.00287474415075581,0.000343125869020744
"2099",2009-06-22,-0.0292145818620577,-0.010333974069548,0.0117170771346333,0.0285699432509708,-0.0012985958622248,0.000342761767680777
"2100",2009-06-23,0.00147410304209117,0.00492297296396799,-0.00762878817028153,-0.00894647073824895,0.00725914547337636,0.000342033465194902
"2101",2009-06-24,-0.00416992931108677,0.00779999146265284,-0.000122818801679731,-0.016095299685804,0.00251825283169091,0.000341669264036559
"2102",2009-06-25,0.0305417087049224,-0.0150209067023054,-0.0127901140330605,-0.0145479417431099,-0.0159524677026644,0.00034094076185931
"2103",2009-06-26,0.00241215268248104,-0.00114368728192554,0.0104479646069413,-0.00296368565558985,0.00352220265815774,0.000340576460827968
"2104",2009-06-29,0.00906494921902015,0.00191512323185298,0.00592975697900439,-0.00576623676978513,-0.00200699029387301,0.000342033465194902
"2105",2009-06-30,-0.0110397212012679,-0.00183634826588193,-0.0104601312393963,0.00281032582637819,0.0013638781983412,0.000342397633074087
"2106",2009-07-01,-0.000625091640053716,0.00182529394028557,0.010483540775338,-0.0023122453299252,-0.00115038900079861,0.000342397633074087
"2107",2009-07-02,-0.00736369731938214,0.00816580665195106,-0.0028629786761973,-0.00233298797115102,0.00544007358378353,0.000342033465194902
"2108",2009-07-03,-0.00299766244765561,0.00481524765737688,-0.0015428413148688,-0.0086601884173965,0.000959772268542873,0.000341669264036559
"2109",2009-07-06,-0.00471763222595916,0.00155829902463086,0.00243177134844885,0.000118591826309345,-0.00773987177574023,0.000339847758849432
"2110",2009-07-07,-0.0205351129252006,0.0123586642399998,0.00488982451708948,0.00158952289927088,0.00844838917499333,0.000338754456000734
"2111",2009-07-08,-0.00514024356122959,0.00196119701661468,0.0002870675627795,0.00214513659029963,0.00766598001642302,0.000338025420776544
"2112",2009-07-10,0.00127344158635246,0.00562065757933408,0.00291568904723257,0.00806115181317205,-0.00176975216695851,0.000336931617829883
"2113",2009-07-13,0.00186717556700699,0.00625759324425233,0.00286531277699597,0.00154591204930648,-0.00320776760739748,0.000336566950127182
"2114",2009-07-14,-0.00821130513700606,0.0126337401379969,-0.0118846845708942,-0.00889761095926549,0.00832148846951737,0.000334743110934621
"2115",2009-07-15,0.0413849332333885,-0.0106834572087572,-0.0188669239215531,-0.0151268564184478,-0.0231836632929615,0.000333283438398446
"2116",2009-07-16,0.00896679535960826,-0.00174278333839064,-0.00236292513244959,-0.00262041868040446,-0.0065615054984751,0.00033255340160121
"2117",2009-07-17,0.00376464480735532,0.00169866557033344,-0.00176041085322758,0.00394323896312763,0.00304280940429214,0.000331823231052741
"2118",2009-07-20,0.0184390652866813,0.00425624992474367,-0.0175955608919673,-0.00478848391632049,0.000193515353451988,0.000331092926703747
"2119",2009-07-21,-0.000573567495590916,-0.00041113432876851,-0.00838951497769768,0.00394053320689671,0.002035170421666,0.000329631916407447
"2120",2009-07-22,-0.00516279016928923,0.00331960293461015,0.00343182801583171,-0.00814327866389618,0.00805701735883034,0.000328535807093022
"2121",2009-07-23,0.0201737430894475,-0.000424017901486828,-0.00585990169242271,-0.000125784956882469,-0.00544226316301268,0.000328170370318848
"2122",2009-07-24,0.00438703513256452,0.0126614334155361,0.00705946006057069,-0.00117645872768643,0.00763173200760243,0.000328170370318848
"2123",2009-07-27,0.00218051536198474,0.0109240861622151,0.00680814803799151,-0.00589188455050447,0.0114554587216359,0.000328170370318848
"2124",2009-07-28,-0.00258240565308952,0.00247603589583456,0.00159404822753789,-0.00997878048054117,-0.0032124477340716,0.000328901210361776
"2125",2009-07-29,-0.0107640127045155,0.00458976484167819,-0.00149995206653853,0.00653151112453844,0.0104644122757307,0.000328170370318848
"2126",2009-07-30,0.0125217199633929,0.00244095961090503,-0.0053873304162675,-0.00384991478427534,0.00700590384677269,0.000328535807093022
"2127",2009-07-31,0.00470883236554732,0.0137340947662146,-0.00101720078541515,-0.00916347449311197,0.0147270880343326,0.000328170370318848
"2128",2009-08-03,0.0191061881368228,0.00288038099228327,-0.00331200758345872,-0.0085739324324116,-0.00971540105261843,0.000328901210361776
"2129",2009-08-04,-0.00102753173925243,0.00459513430675681,0.00017351072230749,-0.00585909375317402,-0.00337793216238407,0.000328170370318848
"2130",2009-08-05,0.00789220144511764,0.00657028345083603,-0.00359201723934154,-0.00631918355278047,0.00687803073266177,0.000328170370318848
"2131",2009-08-06,-0.00939063407984604,0.00114944657012956,0.0296992025718896,0.00338134198524262,0.01039680689458,0.000328170370318848
"2132",2009-08-07,0.0079897103778941,0.00240594507960161,0.00419442252279196,-0.00854812367965899,0.00424086591650754,0.000328901210361776
"2133",2009-08-10,0.00672196087412238,0.00819271323872228,0.018780216764404,-0.0135314269062714,-0.00234925272918399,0.000328535807093022
"2134",2009-08-11,-0.0206514727802291,0.00960600598672711,-0.00629382764961813,-0.00252262334555333,0.00828796599797746,0.000328170370318848
"2135",2009-08-12,0.00909935814219245,-0.00783097304511657,-0.0184217095545265,-0.00614568232363268,-0.00574063398817509,0.000328170370318848
"2136",2009-08-13,0.00372508672079688,-0.00290438240870046,-0.00941006880176726,0.000113182662761768,-0.00931799586942432,0.000327439396229368
"2137",2009-08-14,-0.00570236916388833,-0.00830602602216528,0.00672118170697596,0.015087814227285,-0.00806849052382488,0.000327439396229368
"2138",2009-08-17,-0.0230553956660484,0.00978996557386687,0.0131214791147412,0.00712834403508747,0.00432887925219028,0.00032707385890185
"2139",2009-08-18,0.00972718172003263,0.0238011477781122,-0.000566062985681102,-0.0216491394497607,0.0170909781774874,0.00032707385890185
"2140",2009-08-19,0.00825545339248184,0.00189398234181003,0.00182427764402586,0.00346650004415685,-0.000315235335358474,0.00032707385890185
"2141",2009-08-20,0.00973426281730527,-0.000653247622339675,-0.0178054586852757,-0.0121831294711506,-0.00101613332204671,0.000327439396229368
"2142",2009-08-21,0.0128031948297599,0.00501910813021358,-0.00752928810148114,0.00313266279467951,-0.00606168188948763,0.000327804900033035
"2143",2009-08-24,0.000182517145136531,-0.00396013100026942,0.0051476181927607,0.00521226197576431,0.00110881898390995,0.000327439396229368
"2144",2009-08-25,-0.00280826132256779,-0.00383861780008019,0.0040741320297001,0.00229146206142697,0.00577934763352932,0.000327439396229368
"2145",2009-08-26,0.00505037795185452,0.0029133850978495,0.00440286638280088,-0.0055373951178227,-0.00658407910140889,0.000327439396229368
"2146",2009-08-27,-0.00156247267413166,0.0026544084386824,-0.000200651043953757,-0.00775360659940844,0.00242003547880966,0.000327439396229368
"2147",2009-08-28,-1.49180370435366e-05,0.00445035493986369,0.0124715727521939,-0.00380616009516444,0.00557687774498779,0.000327439396229368
"2148",2009-08-31,-0.016952921272215,-0.00459662624588982,0.0101854019032845,0.0100643618321057,0.00177480456827846,0.00032707385890185
"2149",2009-09-01,-0.011538662486465,0.00756187680040026,0.00339296675173465,-0.00630388953331723,0.0127162637848818,0.00032707385890185
"2150",2009-09-02,-0.00413696844557225,0.00738653135495536,-0.000564504519378436,0.00672035517293617,0.0115024496836109,0.000327439396229368
"2151",2009-09-03,0.00386524601228206,0.00271941986312342,-0.00465494393598091,0.00210984324267194,-0.00125198062398194,0.000328170370318848
"2152",2009-09-04,0.0143636467598661,-0.000183967404485869,-0.0077322413040141,-0.00383551167047452,-0.00409979773855599,0.000328535807093022
"2153",2009-09-08,0.0172928405422361,0.00154432161123991,-0.00137689456717481,-0.0046075584964403,-0.00528076971327836,0.000328535807093022
"2154",2009-09-09,0.00289621882259791,-0.00553063002817126,0.0091484950348384,0.00312612749245644,2.25304120658049e-05,0.000328535807093022
"2155",2009-09-10,0.0095778212261676,-0.00809453078882708,0.000784648591415004,-0.00574104178448458,-0.00784612740152896,0.000328535807093022
"2156",2009-09-11,-0.00206543109367591,0.00384901598669323,-0.00509443560345111,-0.0110045351171418,0.00929040380539519,0.000328901210361776
"2157",2009-09-14,0.00713962719947645,-0.000684455598556967,-0.0109357088124193,0.00103840268853684,-0.00298518437313347,0.000328901210361776
"2158",2009-09-15,0.00855505063926274,-0.00244738912197032,-0.00207431525849293,0.00159067717422764,0.000973237598684531,0.000328901210361776
"2159",2009-09-16,0.0174457197526882,-0.00421681214776647,0.00216902668433867,0.000835616061519284,-0.00308636622471224,0.000328901210361776
"2160",2009-09-17,-0.00087593540184292,-0.00729939951026122,0.00431823304046488,0.0131985094840249,-0.00451677975049604,0.000329266580131105
"2161",2009-09-18,0.00822740312721552,-0.00308882708940558,-0.00411285531145882,-0.00375405449590031,-0.0084247251378622,0.000329266580131105
"2162",2009-09-21,0.0012171520358331,0.0022601656334226,-0.00490726736936217,-0.0166499518874325,0.0016376737857251,0.000329997219196576
"2163",2009-09-22,0.00722914423156525,0.00540060215873645,-0.000854186279110254,0.00135793210682675,0.00329114249578295,0.000329631916407447
"2164",2009-09-23,-0.0144236475555271,0.00190021809213695,0.0100268805926185,0.00669500073230154,0.00831576447466257,0.000329997219196576
"2165",2009-09-24,-0.00740857142607663,0.00539341570243504,0.0150608666639328,0.00371136275335489,0.00318956688225103,0.000329997219196576
"2166",2009-09-25,0.00398653540475657,0.00650772125005885,0.0170826988974836,-0.00517427313028162,0.0023901360016756,0.000329631916407447
"2167",2009-09-28,0.0151788204443623,-0.00624255073895061,-0.00322748480880443,0.00531133801721337,-0.00223721758490186,0.000329266580131105
"2168",2009-09-29,0.00138878321316404,-0.00723145659235955,-0.00136874017400633,0.00797105749720518,-0.00789174247795968,0.000329266580131105
"2169",2009-09-30,0.00800158192094539,-0.00312146289520754,0.00553777002819549,-0.00313210606396357,0.00127428175538802,0.000328901210361776
"2170",2009-10-01,-0.012017545205107,-0.000348952451356278,0.00581129701932477,0.0109747428958716,0.00245366042305963,0.000328535807093022
"2171",2009-10-02,0.0123397931083216,-0.00884386547488471,-0.0106173016767801,0.00262303832618975,-0.00827474483934301,0.000328901210361776
"2172",2009-10-05,0.0179899946008565,-0.00195591945018987,-0.00838293495864863,0.0059454443166452,-0.00608792132083233,0.000327804900033035
"2173",2009-10-06,0.00209624984531546,0.00783709699349283,-0.00133427128110484,-0.00409555224641948,0.00335469362482744,0.000328535807093022
"2174",2009-10-07,-0.0035039867734428,0.0174784354317129,0.00831059973685417,0.00439455395027669,0.0139082136495202,0.000329266580131105
"2175",2009-10-08,0.0181157529037989,-0.00761726444671687,-0.00579297285711665,0.00262710030474129,-0.00848756802739965,0.000329997219196576
"2176",2009-10-09,0.00572814520526373,-5.17314324332673e-05,0.0057517699566139,-0.00877158541775365,0.00363029361023674,0.000329266580131105
"2177",2009-10-13,0.00577182319853853,0.0104655561541469,0.00227767097895691,-0.00174299818481767,-0.000377570927498589,0.000329266580131105
"2178",2009-10-14,0.0190578907202265,-0.00327125235345103,-0.00809533319607663,-0.00749804208599321,-0.0041608726129683,0.000328535807093022
"2179",2009-10-15,0.00597797801537135,-0.00558601000014393,-0.00099794898320886,-0.00427056741035679,-0.000727669265864577,0.000328901210361776
"2180",2009-10-16,-0.00666870650422611,0.00527095922354132,-0.00379434055548292,-0.011863353902746,0.0105290883146015,0.000328535807093022
"2181",2009-10-19,0.0146369193910649,0.00998789428487284,-0.00352005017141789,-0.0200378221810528,0.0160919379531183,0.000328901210361776
"2182",2009-10-20,-0.0275404953469566,-0.00414393639449635,0.000173008951399461,-0.00174989487124556,-0.00268671073197539,0.000329266580131105
"2183",2009-10-21,0.00111034659618619,0.00951318676579811,-0.0109019486533501,-0.00955780614343046,0.0117235317062769,0.000329266580131105
"2184",2009-10-22,0.0111380619095302,0.00485443182952769,0.00258823593218926,-0.00536717690748544,0.00856023019104388,0.000328170370318848
"2185",2009-10-23,-0.0127901173913859,0.00543042719972455,-0.00606934154394643,-0.00584368564863506,0.0128287236080434,0.000328535807093022
"2186",2009-10-26,-0.000721198411701948,0.00194690300055952,0.0132743268581955,0.00730238337771813,-0.00610556409867787,0.000328901210361776
"2187",2009-10-27,-0.0253208588384473,-0.00236588431385709,0.000183569507038212,0.00191415467593854,0.00180642813810611,0.000328901210361776
"2188",2009-10-28,-0.0475450700266076,0.00100025582312289,0.0107846718835738,0.0136500095079584,0.00139117090166406,0.000328535807093022
"2189",2009-10-29,0.055711666493268,-0.00513482750644522,-0.0157632133622279,-0.00201789702153413,-0.00918098467869762,0.000328535807093022
"2190",2009-10-30,-0.0300647936331177,0.0150827600357217,0.0058730897998211,0.0116996430194995,0.0191199935718239,0.000328535807093022
"2191",2009-11-03,0.0184097695794425,-0.0104953283545395,-0.00262290297666741,-0.00190939257697,-0.0132749459334795,0.000328535807093022
"2192",2009-11-04,0.018505347119615,-0.00960726547761906,-0.023691446088059,0.00972030532373177,-0.00938972056550518,0.000328901210361776
"2193",2009-11-05,0.0115458194882295,-0.00224334700115245,-0.00837266033586867,-0.00319118658185133,-0.00196620292136315,0.000328901210361776
"2194",2009-11-06,-0.0052442038375466,0.00644840847211072,-0.00108016237652006,-0.00021538218218822,0.00350831588416472,0.000328901210361776
"2195",2009-11-09,0.0249213864838477,-0.00869978094137849,-0.00185105990183695,0.00661685537838727,-0.00964862710429923,0.000328901210361776
"2196",2009-11-10,0.00136422518180345,-0.00608492162748244,0.0037734133104709,-0.00765861329020161,-0.00496603792285756,0.000328901210361776
"2197",2009-11-11,0.00166218007289814,-0.00991354905911407,0.00927340080276983,0.00577323200707526,-0.0102346069959767,0.000328901210361776
"2198",2009-11-12,-0.0271056839211434,0.012783014852754,0.00694507020658533,0.0049797319335657,0.0151948955892664,0.000329266580131105
"2199",2009-11-13,0.0128447707309958,-0.0023276656881279,-0.00405846415328219,0.00329530440489226,-0.00363601563876342,0.000328901210361776
"2200",2009-11-16,0.0165284574964832,-0.00485209605138393,-0.00623162117700662,-0.00283204106736246,-0.00441126580364999,0.000329266580131105
"2201",2009-11-17,0.00968265617904071,-0.00947895226897439,-0.00912924114894514,-0.0105318472731375,-0.00738603016407936,0.000329266580131105
"2202",2009-11-18,-0.0111850243170153,-0.00110112057354184,-0.0076578447951163,-0.00179385680109771,-0.00116049486857199,0.000328535807093022
"2203",2009-11-19,-0.00566854336607379,0.0155700466932177,-0.00118116669098423,-0.00188608300026892,0.0128581791839752,0.000328535807093022
"2204",2009-11-23,0.00715983196194257,0.00172707690856923,-0.0102787996444501,0.00678019528600839,-0.0034705129467836,0.000328901210361776
"2205",2009-11-24,0.00547983356933186,-0.00470042183490987,0.00145220339393321,-0.00416558415191096,-0.00568107063431343,0.000328901210361776
"2206",2009-11-25,0.00626670364785267,0.000498209494758781,0.000949314428047692,0.0101855741287685,-0.00366052590883979,0.000328535807093022
"2207",2009-11-26,-0.0198391527143188,0.00840748087956865,0.00169289938032115,-0.00398415084619886,0.0115190250232836,0.000329266580131105
"2208",2009-11-27,0.00928112926475246,-0.00446292061025909,0.00895901719440068,-0.00440729546947102,-0.00374293687078791,0.000329266580131105
"2209",2009-11-30,9.22993057550642e-05,0.018440948280881,-0.00241686777851438,0.0168035490812121,0.0104857820218781,0.000329266580131105
"2210",2009-12-01,0.0199619094159945,-0.0060883069242542,0.00219886200992685,-0.0016407513850243,-0.0116155086340329,0.000328901210361776
"2211",2009-12-02,0.00377854614951871,0.00258371877644593,-0.00305981554219837,0.00195149942726662,-0.00425625067859748,0.000328901210361776
"2212",2009-12-03,-0.00392505687534588,0.00221969607178186,0.012024983774349,-0.000202818815825376,0.00396392352629472,0.000329266580131105
"2213",2009-12-04,-0.00944640879559975,0.000813716518613775,0.00180634854889472,-0.00234780838348231,-0.003347875418695,0.000329266580131105
"2214",2009-12-07,0.0130200971145294,-0.0121507919092025,0.0117788793047834,-0.00317762183104037,-0.0100712903033556,0.000329266580131105
"2215",2009-12-08,-0.0111356852113994,0.0105630398713494,0.01093458952146,-0.00664144528070142,0.0118178786679365,0.000328901210361776
"2216",2009-12-09,0.00116667007243835,0.00123642569095365,0.0241426475728706,-0.0018353570027853,-0.00135878845012817,0.000329266580131105
"2217",2009-12-10,0.00889963840194902,0.0047377067451825,0.0169748422898025,-0.00656457781737942,0.00644539282198655,0.000328535807093022
"2218",2009-12-11,0.0065407219297739,-0.00876580841018987,-0.00629700717848467,-0.0115059703562774,-0.00579571904200809,0.000328901210361776
"2219",2009-12-14,-0.000697476611517465,-0.00608109728378683,-0.00543412627684585,-0.0101645652681776,-0.00192135995788672,0.000328901210361776
"2220",2009-12-15,-0.000360389414990325,-0.00161707884699764,-0.00685638000047553,-0.00470435159590983,0.000672871417161407,0.000329266580131105
"2221",2009-12-16,-0.0107404205530639,0.0181012231476103,-0.00414639734660196,0.00907676925725593,0.016597498161108,0.000329266580131105
"2222",2009-12-17,-0.0207251963209289,0.00038333657385594,0.00528032580830711,-0.00852242199915586,0.00622313630467931,0.000328901210361776
"2223",2009-12-18,-0.0038300911440773,0.00733546065547993,0.0117807133711823,0.00624265612372869,0.00323899623363463,0.000328901210361776
"2224",2009-12-21,-0.0133952198141781,0.0127664523664293,0.0139682806400935,-0.0022369121467535,0.0111958487786085,0.000329266580131105
"2225",2009-12-22,0.0188471303639576,-0.00429042067854161,-0.00791791144561713,-0.00243248849260482,-0.00988519448759901,0.000328535807093022
"2226",2009-12-23,0.000664104881596878,0.00595493349129581,-0.00498625493359458,0.00813811054350536,0.000662121561272673,0.000328901210361776
"2227",2009-12-28,0.00499837197345688,-0.000770751116762886,-0.0117733546583231,0.00431195048258843,-0.004033752954933,0.000328535807093022
"2228",2009-12-29,0.00627348481306184,-0.00374553385928028,0.00199796552279491,0.00142909651340181,-0.00194654732125009,0.000329266580131105
"2229",2009-12-30,0.00391051020687431,0.00511452256500394,-0.00334022379131845,0.00456904979667,0.00505975413369663,0.000328535807093022
"2230",2010-01-04,0.0214361008431061,0.00524380111885508,0.0113213318732176,-0.00805504714917833,-0.0003877259317078,0.000328901210361776
"2231",2010-01-05,0.00132527747738695,-0.00813409754350008,-0.00201525242742468,-0.00831850821508461,-0.00383905529241025,0.000329631916407447
"2232",2010-01-06,0.00586847011311516,0.0146770590673217,0.00051230533848335,0.0052799023163671,0.0139801316892586,0.000328901210361776
"2233",2010-01-07,-0.00294755209869737,0.0211122130541717,0.00345855325573613,0.00398436871388183,0.0199354469730407,0.000328535807093022
"2234",2010-01-08,-0.00184424534881591,0.0144977299947325,-0.0010971704876524,-0.00398597890621938,0.0111014780905469,0.000328535807093022
"2235",2010-01-11,0.00147380588700593,0.00290802307056389,0.0191695635720597,0.00301942248412794,-0.001825977987079,0.000329266580131105
"2236",2010-01-12,-0.00464824799139182,0.00202250423728321,-0.00390585496520506,0.00153687151186503,-0.00342550701325178,0.000329631916407447
"2237",2010-01-13,0.0040035615033672,0.0012601095737172,0.00106161674250002,0.00258258222637874,-0.000604110926752562,0.000329266580131105
"2238",2010-01-14,-0.00696520980067843,0.000614456013630964,-0.00856623762872564,0.00614715068951499,0.00123873200020143,0.000329631916407447
"2239",2010-01-15,-0.0121863015433339,0.00803074743064086,0.00444913007528051,0.0107888865963472,0.0113817846580344,0.000329631916407447
"2240",2010-01-18,0.00749792954582744,0.00338174439444277,-0.00179097243368277,0.00867222531228708,0.00329005543310382,0.000329997219196576
"2241",2010-01-19,0.00625746411171071,0.00521296125831058,0.00464466917834119,-0.00305343763485533,0.00150291235049594,0.000329631916407447
"2242",2010-01-20,-0.022591981491469,0.00351636590394619,0.00271189119325936,-0.00776381901220353,0.0068958952858025,0.000329997219196576
"2243",2010-01-21,-0.0248188990670388,-0.00509833902505919,0.00383671790782346,-0.0141015071088911,-0.00534582283320437,0.000329631916407447
"2244",2010-01-22,0.00282130669263313,-0.00171003897047701,0.00354197321411516,-0.00384816269916053,-0.00278665828984349,0.000329631916407447
"2245",2010-01-26,-0.0132647421255746,-0.00598480066676998,0.00522749142956916,-0.00389457725026583,-0.00563540680805007,0.000329631916407447
"2246",2010-01-27,-0.00795791588538954,-0.00133496993596949,-0.00506412787153089,-0.00123119503120524,-0.00367034366173204,0.000330362488504932
"2247",2010-01-28,0.00822666035740165,-0.00207705411689257,-0.00131832666577311,-0.00361020209333321,-0.00415395153211718,0.000328535807093022
"2248",2010-01-29,-0.00528350450355793,0.00968210096495477,0.00718857009937592,0.000613491832780037,0.0102441102311067,0.000328901210361776
"2249",2010-02-01,0.0161203624235989,-0.0039186131696855,-0.00782096956555142,0.0128279106075853,-0.00262922553359868,0.000328901210361776
"2250",2010-02-02,0.00745044193197835,0.00201791973444,-0.0125201361479102,0.0209229250714655,-0.00180311464271669,0.000328901210361776
"2251",2010-02-03,9.08299038684553e-05,-0.00571341116341658,-0.000165468316310964,0.00740401622538696,-0.00171286594739097,0.000329266580131105
"2252",2010-02-04,-0.0429521300462198,-0.0046494626089807,0.00148561327799806,-0.0136909816425284,0.00449922380367882,0.000329266580131105
"2253",2010-02-05,-0.0214716550504011,-0.0158345739142496,0.000658184307575801,-0.000318726748770929,-0.00886901156450138,0.000329266580131105
"2254",2010-02-08,0.00423406450845636,0.00698352380720234,0.00788145749355623,-0.00395681143713989,0.00792758096307052,0.000329266580131105
"2255",2010-02-09,0.0228931913693599,-0.00823419821983443,0.00341263654454078,0.0147417976458428,-0.00326474325229905,0.000329631916407447
"2256",2010-02-10,0.00503216984920835,0.00784045167915882,-0.00597566041994381,0.0107839459346952,0.00424497780178605,0.000329997219196576
"2257",2010-02-11,0.0158692863740792,-0.00490016025798138,0.00077190914287298,5.04229409558198e-05,-0.0013632153452348,0.000330362488504932
"2258",2010-02-12,-0.00421404659666386,0.0134989182516483,-0.00528065427148421,-0.000674106571363388,0.00886727168302,0.000329631916407447
"2259",2010-02-17,0.0199264219217285,0.00155341984331608,-0.00215041319465327,0.00570364319870238,-0.00440743686045843,0.000330727724338509
"2260",2010-02-18,0.00727796932280723,0.0072949082357846,0.000265931961145718,0.0054018716420345,0.0047306986143267,0.000330727724338509
"2261",2010-02-19,-0.00624475325985889,-0.00238771544491487,-0.00204864673670256,0.00620154865416707,0.0002020969988951,0.000331092926703747
"2262",2010-02-22,-0.00602403041347492,0.00508575156561602,0.00819211763542678,0.000604269806376116,0.00583373642674664,0.000331823231052741
"2263",2010-02-23,-0.0158744114682665,0.00958601487151989,-0.00120514563404836,-0.00458482121588383,0.00230797121831689,0.000331823231052741
"2264",2010-02-24,-0.00336067934722585,0.00174797412911288,-0.00261509815801383,0.00169988420164176,-0.00169220757615913,0.000332188333048933
"2265",2010-02-25,0.00315207965706069,0.00442503397709879,-0.00214098513821927,-0.00549076530729291,0.00167813479044198,0.00033255340160121
"2266",2010-02-26,0.00408617020703039,0.000879480901203778,-0.00218365615623828,0.0107974590499991,0.00812004096980196,0.000333283438398446
"2267",2010-03-01,0.00875955085677077,-0.0112697859048751,-0.000293127395189051,0.0057674048278634,-0.0103216176767734,0.000333283438398446
"2268",2010-03-02,0.00725886965376873,-0.00596080351919119,0.00533809431803971,-0.00393860326048778,-0.00590186486394726,0.000333648406655396
"2269",2010-03-03,-0.000913542516433862,-0.00804201987891513,0.00085519865616999,-0.00788811540551796,-0.00844440009655762,0.000334378242917488
"2270",2010-03-04,0.000258519144471163,-0.00391911575130181,-0.00809102390805329,-0.00732239521327413,-0.00380467289463496,0.000333648406655396
"2271",2010-03-05,0.0117282680265997,-0.0129650530541307,-0.0042103864755855,-0.00898663484938583,-0.0149126349169148,0.000333283438398446
"2272",2010-03-08,-0.0036815016966963,0.000267467590181002,0.00421115000671132,0.00126132307238625,0.00186752982391081,0.000334013341493078
"2273",2010-03-09,0.0124352999043682,-0.0173829767269537,0.00473996697455838,-0.00483054930497356,-0.00688643743094207,0.000334013341493078
"2274",2010-03-10,0.00515750284847658,0.00101589829643758,-0.00132180138489673,-0.000188269291394039,-0.0036416867873032,0.000335107945550694
"2275",2010-03-11,0.000192844997031935,-0.00465204114454174,0.00284234055509578,0.00700266593394975,-0.00226442730323942,0.000337296252168162
"2276",2010-03-12,-0.00822431072953191,0.000509944075956637,-0.00430355388245572,0.00164903256362393,0.00229755940156216,0.000336566950127182
"2277",2010-03-15,-0.00303317561300329,0.000829446954215472,0.00803646873395476,-0.00597950971488494,0.0018154637795692,0.000337296252168162
"2278",2010-03-16,0.0111181047547605,0.00457258497650852,0.00241340927602408,-0.000126925989199203,-0.00582541269891699,0.000338025420776544
"2279",2010-03-17,-0.00292930657177236,-0.00273878796686201,0.00731910705776331,-0.00838504155649218,-0.00192137267255678,0.000335837514604309
"2280",2010-03-18,-0.00170618711056548,0.00112521301239871,-0.00388898286878516,-0.00148839039516024,-0.00022657665092546,0.000329266580131105
"2281",2010-03-19,-0.0119854635955703,0.0199558300969046,0.0039263942037148,-0.00368731628251687,0.0090337835014809,0.000329266580131105
"2282",2010-03-22,0.00334773105746566,-0.0115427333378297,-0.00402602672296773,-1.33561667640188e-06,-0.00660718540275971,0.000329266580131105
"2283",2010-03-23,0.00125099605977299,-0.00198026629193449,-0.000749368071799713,0.00203403222204835,-8.76975190695481e-05,0.000329266580131105
"2284",2010-03-24,-0.00657544607312521,0.00336541953308658,-0.00365228101011541,-0.00340156774376947,-0.000536628419459719,0.000329266580131105
"2285",2010-03-25,-0.00607139047138085,0.00427957681950364,-0.00733644515000868,0.0055852753309572,0.00281735204744644,0.000329631916407447
"2286",2010-03-26,0.00214154794909549,-0.0133436506420434,0.00537652686841879,-0.00107736935551498,-0.00961513294668003,0.000329997219196576
"2287",2010-03-29,0.0135668569837876,-0.0188827493354495,-0.00131355169551605,-0.0036951222312669,-0.0098129777996128,0.000329631916407447
"2288",2010-03-30,0.000637034292486958,-0.00556458017471456,0.00639356559765234,-0.00696613813480796,-0.00259601427027713,0.000329631916407447
"2289",2010-03-31,0.00530392133675885,-0.00308778885118015,0.00125319550509469,0.00903636964305361,-0.00613217035561631,0.000329631916407447
"2290",2010-04-01,0.00888380085990168,-0.00912699072646766,-0.00455927124201877,0.00129099628271749,-0.00649103909717745,0.000329997219196576
"2291",2010-04-05,0.00257999285479737,-0.00637292278991993,0.00233339920046806,-0.00370035295847481,-0.00581718721811547,0.000331823231052741
"2292",2010-04-06,-0.00250797689263517,0.00288944549983093,-0.00428709765893017,0.00109115234363976,-0.0024670848539356,0.000332918436715568
"2293",2010-04-07,-0.00373537566418863,0.00235048017513066,0.00347700947039703,0.00326523051629382,0.00259482771789495,0.000334378242917488
"2294",2010-04-08,0.0128967815261994,0.0011025301391086,-0.00373455690586304,0.00587590456568296,2.35608048501194e-05,0.000335472746771925
"2295",2010-04-09,-0.00374063446504644,0.00760167323081239,0.00264259531770829,0.00214035746625204,0.00675584471348434,0.000336202249054063
"2296",2010-04-12,-0.0110477666595076,0.00454766411137387,-0.00565415726209933,0.0066768379063157,0.00201223408075005,0.000338025420776544
"2297",2010-04-13,0.000607363483387752,-0.00388724790332161,-0.00933435911906552,-0.00400956257803707,-0.000317823818858466,0.000339847758849432
"2298",2010-04-14,0.00405541661269389,0.00806634059765471,0.00688623988140154,0.00307286421272157,0.0127109442091436,0.000341305029593508
"2299",2010-04-15,-0.00433788347306333,0.00487197557757468,0.00213015138398203,0.00793650291466895,0.00796717116559457,0.000342397633074087
"2300",2010-04-16,-0.0151967716056099,0.00199980284429173,0.00368506194825948,-0.00530040693948491,0.00234336302528124,0.000342397633074087
"2301",2010-04-19,-0.0026101642254695,-0.000542962922375434,-0.00721370500455829,-0.00904261323411958,-0.00232262690443819,0.000344945876934011
"2302",2010-04-20,0.00414033006659268,0.00136925906417162,-0.00712291154847778,0.00636806595627068,-0.00413292106504893,0.000344945876934011
"2303",2010-04-22,-0.00155911217648062,0.00437177968191768,-0.00545838183943923,0.000941353917720051,8.33820723990099e-05,0.000345673647445865
"2304",2010-04-23,0.00230210310458194,0.00334474188654075,-0.000580376512143999,0.000852881586972557,0.000753582169577044,0.000347128789901952
"2305",2010-04-26,-0.00977884548217693,0.0110270672826695,0.00586126557184535,-0.0021198975018317,0.00737332270866025,0.000350037481905874
"2306",2010-04-27,-0.0312367663014779,0.011231765596876,0.00289100812682099,-0.00721514611263322,0.0113744786260177,0.000350400919189475
"2307",2010-04-28,0.0016123133880776,-0.00587198935538697,-0.00243730110461873,-0.00567753805273342,-0.0116455303462848,0.000352217608641681
"2308",2010-04-29,0.0173391921062942,-0.00681275294986834,-0.0074891739635156,0.00582784905904254,-0.0103141462086006,0.000355485564304869
"2309",2010-04-30,-0.00463754419774821,-0.00647452581837888,-0.00321910070235722,-0.00151861960801076,0.00163086366408405,0.000355485564304869
"2310",2010-05-03,-0.00968169664879756,0.00547055129311766,-0.000577526063303185,0.00806440411141008,0.00576393179184904,0.000356937129365464
"2311",2010-05-04,-0.0305970846939194,0.00867620723091353,0.00584659334455054,0.00406713317060712,0.00689383782437415,0.000358388165939916
"2312",2010-05-05,0.000187232533339457,-0.0146426382017177,0.00093584355488128,-0.00308524124188862,-0.00985998460312195,0.000358388165939916
"2313",2010-05-06,-0.0171375090811917,-0.0106047017681455,-0.00779241948449375,-0.0167704705888984,-0.00403676433870696,0.00035875084255288
"2314",2010-05-07,-0.00574625946724818,-0.0130882992306963,-0.00539486152925433,-0.0255893701567686,-0.00873330814337621,0.000359113486165352
"2315",2010-05-10,0.033713798993224,0.000326511346565764,-0.00153456112167096,0.0344200401298604,-0.00789952701992618,0.00036092620943462
"2316",2010-05-11,-0.0130088297170632,0.00567197425695215,-0.00145419511075054,-0.00114070194649342,0.00972988638945072,0.000362013447777754
"2317",2010-05-12,0.00864597620969283,0.00416421990667773,0.00313727509377151,0.000702716830966579,0.00338264256209469,0.000363100389605409
"2318",2010-05-13,-0.00540342448962086,0.00513628971356592,-0.00307635693223368,-0.0152401772599306,0.00468788630909148,0.000364187035079233
"2319",2010-05-14,-0.0172539025413317,0.00025493915798188,-0.0060667278827285,-0.0212578246533857,0.0059484956618042,0.000364187035079233
"2320",2010-05-17,-0.00437032154768391,-0.00773991225235568,-0.0120006564861855,-0.00831602935923657,-0.00343982178992845,0.000365635434996348
"2321",2010-05-18,-0.025841499096446,0.00225128470254453,-0.0043405130445755,-0.00862008567335705,0.00634107475839795,0.000366359437613539
"2322",2010-05-19,-0.0214820566330431,-0.0191195059013322,-0.00707851925744305,-0.0175985667811693,-0.00996989220054305,0.000367083308733696
"2323",2010-05-20,-0.0281879093903878,-0.00486276062106017,0.0017565439219808,0.00760456106271677,-0.00559143625062356,0.000367807048404556
"2324",2010-05-21,0.0307070967106499,0.00223615300302872,-0.0051445706483468,0.0202931733561918,-0.00253767184870188,0.000368168868961405
"2325",2010-05-24,-0.00517533414674627,-0.00424828849260573,-0.000336088136151276,-0.00316852673155093,-0.00137785011531033,0.000369254133590013
"2326",2010-05-25,-0.0133618085446909,0.00560245551019112,0.00069130264085504,-0.00299411207896598,0.000286893025556999,0.000369254133590013
"2327",2010-05-26,0.0124341380214368,-0.0117891818506154,0.00810885531167574,0.000705035418931948,0.00905253606405796,0.000370339102780504
"2328",2010-05-27,0.0288888854840631,0.0047071155699403,0.00143864353914137,0.033027737620711,0.00716545687577115,0.00037214672867325
"2329",2010-05-28,-0.00178008228943422,0.0121948976453398,-0.00232555344901032,0.00165101780554546,0.00965522041544669,0.000372508155491724
"2330",2010-05-31,0.0207205414660345,-0.00335745754133835,0.00129627943644593,-0.00369125655741814,0.000198313501003192,0.000373230910816424
"2331",2010-06-01,-0.0190373206405046,0.00794340838260841,0.00172743208068687,0.00421382190983978,0.00387216066487719,0.000374314798111453
"2332",2010-06-02,0.017867207965678,-0.00310142328304919,0.00290074909168128,0.00281688309279538,8.82896906407721e-05,0.000376481688800556
"2333",2010-06-04,-0.0163282269559608,0.0131677126435117,-0.00184475301569882,-0.00804529415064175,0.00594072657223117,0.000377564692515486
"2334",2010-06-07,-0.00731076705720471,0.00197603503761943,-0.000778803707988215,-0.015509987021799,0.00653972582536558,0.000380090557325241
"2335",2010-06-08,0.00728872603511803,-0.000915725233424174,0.00542058067847406,0.00854232866816055,-0.00676071899699518,0.000381893766914221
"2336",2010-06-09,-0.00402467453474744,0.00313538766334732,-0.00132634041196778,-0.00455073424123421,0.0093145449330362,0.000383696161040836
"2337",2010-06-10,0.0198630289269279,-0.0044992764242104,-0.00452756802224091,0.0077975369886194,-0.00529433416189928,0.000385857958622671
"2338",2010-06-11,0.00544629186280064,0.00366240463229897,-0.0016637388723857,-0.00135580917053915,-0.00539212330556028,0.000385857958622671
"2339",2010-06-14,-0.00316683376459213,-0.00440416326610315,-0.00249700033365259,-0.00137903387718915,-0.00160676600678037,0.000386218144247996
"2340",2010-06-15,0.0116333780151873,0.00261371630846224,-0.00138269729460396,0.0160041894546898,-0.00269759170842498,0.000387298505861278
"2341",2010-06-16,0.00514136338785799,0.0011827418355836,0.00298709551477577,0.00428136436210517,-0.00944891431495402,0.000387298505861278
"2342",2010-06-17,-0.00525940444493437,0.00258750573095736,-0.000133336120832029,0.00156128546461617,0.00104259676374594,0.000387658561331161
"2343",2010-06-18,-0.000700265347437348,-0.00090357467809204,-0.000264456466029518,-0.00387670908829404,0.00394211329421159,0.000387658561331161
"2344",2010-06-21,0.00785368909325056,0.00273306561461835,0.0031152033662146,0.00169752631890829,-0.000798505090406898,0.000388018584277061
"2345",2010-06-22,-0.00161984657503007,-0.00392005550017703,0.00060049634826308,0.00165967162964763,-0.00123528899192615,0.000388378574704751
"2346",2010-06-23,0.00186298581361872,-0.00825427284993499,0.00644154752137879,-0.0013414618984138,-0.00107948887696418,0.000389098458029258
"2347",2010-06-24,-0.0206360739060591,0.00861680205135838,0.0113446089943128,0.00120837561006853,0.00298418230653602,0.000389098458029258
"2348",2010-06-25,0.0122204423872368,-0.00457842401799448,-0.000873046026541431,0.00326656217485269,-0.000175446048705511,0.000389458350937621
"2349",2010-06-28,-0.00840341799001469,0.00682275340381519,-0.00647226970030853,0.00849596401946997,0.00209658992697393,0.000390178039276323
"2350",2010-06-29,-0.0316989402365347,0.00596570575831239,0.000199179933599043,-0.00983454514277456,0.00679072283882963,0.000390897597683626
"2351",2010-06-30,-0.0159865948727663,0.018706073424576,-0.000760162382183589,0.00381225884772925,0.020170045317485,0.000390897597683626
"2352",2010-07-01,0.00954233521839369,-0.0123024222738379,-0.004827167391536,0.00685249639517264,-0.00475393124814679,0.000391617026206159
"2353",2010-07-02,0.00460801995697861,0.00851538709764626,-0.00501871647084628,0.00720606037482958,0.00868164991185656,0.000390897597683626
"2354",2010-07-05,-0.0102845128446306,0.0130893744061602,-0.000463206015658551,-0.00431687769528847,0.00625488075671293,0.00039305549378521
"2355",2010-07-06,0.0178473682302933,-0.0177066199060738,-0.0125856562001209,-0.00070062305119759,-0.0125115629200037,0.000394852848494498
"2356",2010-07-07,0.0184212892477617,-0.0048871697625005,-0.00258897328053897,0.00778085154656433,-0.0124481347853888,0.000395571563490682
"2357",2010-07-08,0.00284950884290854,0.0017824827959274,0.00390720250139813,0.00137115663449958,0.00326603096689172,0.000397008604790861
"2358",2010-07-12,-0.0079672800002843,-0.00220442974558481,-0.000701092200346252,0.00509659027705361,-0.000970837606102946,0.00039880417810001
"2359",2010-07-13,0.00984393606542743,-0.00244347211666241,-0.00931865424995509,0.00021079536767884,-0.00253502259764522,0.000400240054550638
"2360",2010-07-14,-0.00436101968696246,0.00619788031023114,-0.00156731473716142,0.011555114006183,-0.00075498462733329,0.000400957798838641
"2361",2010-07-15,-0.00125788615595902,0.00106065894767224,0.000248283236727983,0.00467241767335468,0.00435979282283117,0.000402034172980459
"2362",2010-07-16,-0.0155147490113938,0.012623708399334,-0.00352550084440144,-0.00328597248745946,0.0104094308056832,0.000401675413897573
"2363",2010-07-19,0.0138482896948497,-0.00940363439139718,-0.00458965792837161,0.00459800990341651,-0.00752457148147691,0.000402392899773618
"2364",2010-07-20,0.0167436045445305,-0.00950819216240417,0.00556488864169667,-0.00237323389044248,-0.0124018549599429,0.000402034172980459
"2365",2010-07-21,-0.00139905375748707,0.000409725344019156,0.00376726585344368,0.00154755659040086,0.00160806940040393,0.00040311025651385
"2366",2010-07-22,0.018918624517486,-0.00406423280363198,0.0011000677631937,0.0100325925549931,-0.00338863711635975,0.000401316622518966
"2367",2010-07-23,0.00520124013828124,0.00213680529527334,0.000112539793302739,0.00241538858901399,-0.00288471197550597,0.000401316622518966
"2368",2010-07-26,0.00111526788691206,-0.0084642285464064,0.00647254411327244,-0.0035897852167887,0.00234314540495188,0.000401316622518966
"2369",2010-07-27,0.00130226575843808,-0.0099232807062061,-0.00786417731000699,0.00550910088963143,-0.00317443522782767,0.000401316622518966
"2370",2010-07-28,0.00595270254169718,0.000460426284793835,0.00264091185707506,0.000912162941153711,-0.00635564514953459,0.000401316622518966
"2371",2010-07-29,0.000285020320093582,0.0115332863768595,-0.00802639708111942,0.00324361280595464,-0.00605462645316678,0.000400957798838641
"2372",2010-07-30,0.00630846345296884,0.00205137789112371,-0.00277908782704454,0.00405603637530874,0.000195519536907368,0.000400957798838641
"2373",2010-08-02,0.0125561382319483,-0.0059568032350313,0.00665115679511822,-0.00414454772248214,-0.000629127113946363,0.000400957798838641
"2374",2010-08-03,-0.00735115292373986,0.00375092428974542,-0.00521222574634083,-0.00370197863070798,0.00551492450054135,0.000401675413897573
"2375",2010-08-04,0.00189765287930915,0.00085535869429013,0.00083960407341257,0.0065869921878013,0.00674913740948173,0.000402034172980459
"2376",2010-08-05,0.0026586604521552,0.00159001472854594,0.000565515264402389,-0.00295714438646888,0.00597362805791908,0.000402034172980459
"2377",2010-08-06,-0.00453271767870182,0.0080069386310242,0.00823198597389465,-0.00202894638414525,0.00485500309638207,0.000402034172980459
"2378",2010-08-09,-0.00307889043906173,0.00516961994120381,0.00384735970183307,0.0107957170576052,-0.00219631128665117,0.000402034172980459
"2379",2010-08-10,-0.00927479224135147,0.0112394600147098,-0.00561261987895832,-0.000893881349207725,0.00286102240610178,0.000402392899773618
"2380",2010-08-11,-0.0190771572046662,0.00232736335288151,-0.00252825237310993,-0.00230945962823983,0.00763305835419814,0.000402751594282824
"2381",2010-08-12,0.00426299447676136,-0.00506008495637113,0.000900782853468492,0.0012840684594266,0.00213040574110128,0.000402751594282824
"2382",2010-08-13,0.00207127091816487,0.012128723915532,0.00537681191032956,-0.00938209793436212,0.00866303620292668,0.000402751594282824
"2383",2010-08-16,0.00639655240580123,-0.00129450693433229,0.00566902233416211,0.00907441737218432,-0.0064176105215621,0.000402751594282824
"2384",2010-08-17,0.0101083411937656,0.0074994367733734,-0.00549859898512144,0.00875849186680385,-0.0044004105643052,0.000402751594282824
"2385",2010-08-18,4.57076980705624e-05,0.0019520957155783,0.014564458414994,0.00407904700536916,0.00519535443061966,0.000402751594282824
"2386",2010-08-19,-0.0104623424452862,-0.00493639302257352,-0.00261403697583314,0.00657730876840972,0.00487162820356422,0.000402034172980459
"2387",2010-08-20,-0.00173295880089355,-0.00568700424247398,-0.011531299627923,-0.00279136064144051,-0.00107093503469898,0.000401675413897573
"2388",2010-08-23,-0.00925082684694999,0.0125261102820491,-0.00150374144620308,0.00308593195734434,0.00678243915319618,0.000402034172980459
"2389",2010-08-24,-0.0124634835819553,-0.00394683194342993,-0.000700729757364652,0.00314709695386501,-0.00023770784674996,0.000402034172980459
"2390",2010-08-25,-0.00640382310076883,-0.00806021496645234,0.00265472022949316,-0.00153015581372266,-0.00016877992323807,0.000401675413897573
"2391",2010-08-26,-0.0120623586727896,0.0246656388828128,0.00379086502467158,0.0013787135195857,0.0173540861375175,0.000402034172980459
"2392",2010-08-27,0.0252654079241257,-0.00419232508619633,0.00757848955908667,-0.00742265822718743,-0.0022101574560252,0.000402392899773618
"2393",2010-08-30,-0.0193011867654602,0.00664538247347793,-0.00522731114037896,0.00745729216288196,0.00429771496551151,0.000402392899773618
"2394",2010-08-31,0.0152406446158277,-0.0093915331443562,-0.00819230213070603,0.00672416938880531,-0.0115076576920657,0.000402034172980459
"2395",2010-09-01,0.025257442495565,-0.00954947496412769,0.00761253986319974,-0.00987721930908616,-0.0106661692433526,0.000402034172980459
"2396",2010-09-02,-0.00522714073372334,0.0109229906281774,-0.00391061298050083,-0.0081046756915006,0.00573516874326368,0.000401316622518966
"2397",2010-09-03,-0.000211405414307376,0.00580981068201097,-0.00617086046652826,0.00163841962949939,0.00644188258671981,0.000401316622518966
"2398",2010-09-06,-0.000233294934098595,0.00153938441191097,-0.0027109122888896,-3.3633159223312e-05,0.00586515909350628,0.000401316622518966
"2399",2010-09-08,-0.00608318252034579,-0.00237314247319862,-0.00429899869476852,-0.00695085540276122,-6.60725003960186e-05,0.000400598942851271
"2400",2010-09-09,-0.000149696970891288,-0.00380232690192659,0.00127985157337285,0.00198262755904204,-0.00273076453043275,0.000400957798838641
"2401",2010-09-10,0.00167854352438585,-0.00293729284075307,0.00200497704955397,0.00631482175015111,4.13740607009098e-05,0.000400957798838641
"2402",2010-09-13,0.0182218004426478,-0.0128403536360328,-0.00271945413937897,-0.00256600968751774,-0.0138190963201212,0.000400598942851271
"2403",2010-09-14,-0.0038300487094426,-0.00163382834820114,0.00520760495437142,0.00243005956773163,7.40538124117726e-05,0.000400957798838641
"2404",2010-09-15,0.00494502146741812,-0.0108279074658363,0.00502141366768455,0.00360199987578793,-0.00778545076807731,0.000400598942851271
"2405",2010-09-16,-0.0057911963571013,0.00641505078024363,-0.0070478974461092,0.0038410707806184,0.00881254512832589,0.000400598942851271
"2406",2010-09-17,-0.00775947931671225,0.0104603040612166,0.00290493443479778,-0.0065626311982862,0.00819115878917817,0.000400957798838641
"2407",2010-09-20,0.0141976754857066,0.000222483391794669,-0.00222806512314142,-1.760719591146e-05,-0.00957584827866288,0.000400598942851271
"2408",2010-09-21,-0.00856404501120358,0.00538978988361374,-0.00200815844166827,-0.00511243748348404,0.00664404022548801,0.000400598942851271
"2409",2010-09-22,0.00504741169572332,-0.00576076294862019,-0.000511452416929056,-0.00448096324054582,-0.0123286259409593,0.000400957798838641
"2410",2010-09-23,0.00769623520288537,0.00502444340966497,-0.00982652829695599,-0.00501330544253442,-0.0041189577986463,0.000400598942851271
"2411",2010-09-24,-0.00661059454975197,0.00547269618850438,-0.0030986993229361,0.000577904486921015,0.00834714294889603,0.000400598942851271
"2412",2010-09-27,0.00892788290362706,-0.00792942777676068,0.0039187324949187,0.00543629367290751,-0.00532428451658688,0.000400957798838641
"2413",2010-09-28,0.00607300859951133,-0.00850362438635429,-0.00471895841137274,-0.00142432945198996,-0.00459337926827044,0.000400957798838641
"2414",2010-09-29,0.00868490383808943,-0.00241078838166608,-0.0036441303158988,0.00377214782537036,-0.000405111418680976,0.000400957798838641
"2415",2010-09-30,0.00332754923430266,0.00523682081820424,0.00154433752728814,0.0131294031443007,0.000427349813326226,0.000401316622518966
"2416",2010-10-01,0.0103468458634419,0.00737503485320359,-0.00406071879450123,0.0112783694450344,0.00181740131486459,0.000401316622518966
"2417",2010-10-04,0.00205699937056794,-0.00511070764918025,-0.00137552237181994,0.00515885870680333,-0.00362659743702915,0.000400957798838641
"2418",2010-10-05,0.0090870241717203,0.00306925342339964,0.00452699770405357,0.00736225328553246,-0.00173261568759101,0.000401316622518966
"2419",2010-10-06,-0.00934024248339111,0.00577537407280076,-0.00103093236540158,0.00898199995071367,0.0127395572451889,0.000401316622518966
"2420",2010-10-07,-0.00722485236349282,0.00113587632501367,-0.00452070208856428,0.00482007714391461,0.00553070789454297,0.000400598942851271
"2421",2010-10-08,0.0137264735998597,-0.00288485501572172,0.0027574308308942,0.00171397825785117,0.00137971928331748,0.000400957798838641
"2422",2010-10-11,0.00121410151801525,0.00305383486630158,0.00501861407660644,0.00107563603433523,0.00713613227506091,0.000400957798838641
"2423",2010-10-13,0.00971763571561592,3.0020050266975e-05,-0.00240528392670979,0.0166446352969516,-0.00111474371707237,0.000400598942851271
"2424",2010-10-14,0.0011100238015716,0.014844162630043,-0.0028314580310385,-0.0122700433965753,0.00417249184047855,0.000400957798838641
"2425",2010-10-15,0.00199360502225611,0.00902721221045008,0.00478904953680678,0.00501214889985547,0.00107992305893593,0.000400957798838641
"2426",2010-10-18,0.00107422675794842,0.00514216719896645,0.00361090184018376,-0.00271112266771316,0.00545590680820864,0.000400957798838641
"2427",2010-10-19,-0.0237208586582581,-0.00722381582974226,0.000492730532671418,0.00275618434074287,-0.000476300996930658,0.000400957798838641
"2428",2010-10-20,0.00603834522241478,0.010103893419731,0.00307805412059817,0.00738693218685172,-0.0010008601312556,0.000400957798838641
"2429",2010-10-21,-0.0102825666183641,0.0148886196287555,-0.00179185854662744,0.0128168561069766,0.0114093530937828,0.000401316622518966
"2430",2010-10-22,-0.00150138023685525,0.0267830368341269,0.00371242699790839,-0.00637330227750017,0.00610487182000029,0.000401316622518966
"2431",2010-10-25,0.00499891421216997,-0.00445814966066176,-0.0135694991612226,-4.23427170928959e-05,0.00285528968847213,0.000401675413897573
"2432",2010-10-26,0.014838117894409,-0.00430022490187067,0.00834546051815505,-0.00361851510975254,0.00246936561232549,0.000401316622518966
"2433",2010-10-27,-0.00675622682113214,0.00463620780843526,-0.00435048510839714,-0.0138320773105462,0.000247926590371833,0.000401316622518966
"2434",2010-10-28,-0.00395825831696003,-0.0113352941274456,-0.00486413346918383,0.00305084319936619,-0.00895390711153576,0.000401316622518966
"2435",2010-10-29,0.00367518457957214,-0.00328932469085902,-0.00898207378044356,0.0100734534000312,-0.00392554943488666,0.000401675413897573
"2436",2010-11-01,0.0132591516366593,-1.80522617014948e-05,0.00742090498938022,-0.00614694783836593,0.00631955182658781,0.000401675413897573
"2437",2010-11-03,0.0048935200339979,-0.000252233594733382,-0.000728378161210779,0.00583352838394203,0.000281875181403998,0.000401316622518966
"2438",2010-11-04,0.0159684958317535,-0.00231888831300383,0.00414010210745851,-0.00774539536101933,-0.00361223176437596,0.000401316622518966
"2439",2010-11-05,-0.00435517007341851,-0.000957446773173202,0.00054548413214106,-0.00559465602657768,0.00222652117598176,0.000401675413897573
"2440",2010-11-08,0.00342043957645546,-0.00390677439049583,0.0073168187506914,-0.00528969177878044,0.00437908582532723,0.000401675413897573
"2441",2010-11-09,-0.0128132368518769,-0.00715182086132021,0.00710404622040065,0.0044570591162456,0.0115818439793538,0.000401316622518966
"2442",2010-11-10,0.000445246464422399,-0.0109710822393006,-0.00435706552645684,-0.00865181744833175,-0.00893634040153117,0.000401316622518966
"2443",2010-11-11,-0.0103513504593094,0.00328271792920473,-0.00585781509700859,0.00823458790459174,1.57546126607006e-05,0.000401675413897573
"2444",2010-11-12,-0.0109444070982051,-0.0123381500293948,0.000212866723880879,0.00228690151432094,-0.00410195925013502,0.000401675413897573
"2445",2010-11-16,-0.0148247581065283,-0.0103662747058733,0.00014347264492192,0.0109097991028612,-0.00139659676253972,0.000402034172980459
"2446",2010-11-17,0.00502463183606049,0.00594366249067849,0.00246442477328905,0.0066158437245826,0.00160975409712799,0.000402034172980459
"2447",2010-11-18,0.0148918417019797,0.00521091858374998,-0.00723966129483006,0.00370945995198301,0.000863425878435879,0.000402034172980459
"2448",2010-11-19,0.00189913275024811,-0.00140039116072862,0.00464500355831207,0.011462592053911,-0.00168900080488013,0.000402392899773618
"2449",2010-11-22,-0.014704330399353,0.00664823622435129,-0.00384968969642658,0.00735861561979058,0.00720405832021918,0.000402751594282824
"2450",2010-11-23,-0.0220203533489256,-0.00223656285867187,0.00503598788303727,0.000808811263514807,0.00696356471893882,0.00040311025651385
"2451",2010-11-24,0.0196853419877313,-0.00521674786695607,0.00375546128145963,-0.00984405709273439,-0.00152660703146374,0.00040311025651385
"2452",2010-11-25,-0.00481207382830994,0.0085602047933527,-0.00213534189364371,0.00332509922531564,0.00425233100419717,0.000403468886472247
"2453",2010-11-26,-0.0120979218946644,0.00499491289460583,0.0013560317680547,0.00648873729398772,0.00872097680462628,0.000405619988829597
"2454",2010-11-29,-0.00395678167481724,-0.00663724727191324,-0.000784142390889491,-0.000637241399086809,-0.000595727855844777,0.00040454458277206
"2455",2010-11-30,-0.0057737176654388,0.0106881555139094,0.00677866715088478,-0.000392941899627106,0.000554689986927944,0.000403827484164232
"2456",2010-12-01,0.0218889994811916,-0.0188507696351146,-0.000362280485942569,-0.0028941930621304,-0.0107903503560538,0.000405978393044348
"2457",2010-12-02,0.00285683729216478,0.00690541196279042,-0.00178726792982826,-0.00722314636453761,0.00328942331046912,0.000408486320548684
"2458",2010-12-03,0.000492062390189582,0.0033230826384537,0.0258155753577523,-0.00529791361503665,-2.743902473442e-05,0.00040311025651385
"2459",2010-12-06,-0.00403972520078527,0.00381592816245762,-0.00962283028341698,0.00177276663772108,0.00273503202315232,0.000404186049595578
"2460",2010-12-07,-0.00508920879988253,0.0119271113285232,0.00238657585106647,-0.00360810656091737,0.00498468006781077,0.000404186049595578
"2461",2010-12-08,-0.0109790621015273,0.00031070066581247,0.00231538981783512,0.0070141288299073,0.012131641988889,0.000405619988829597
"2462",2010-12-09,-0.00376947873411187,-0.00977396436005488,0.00134705856679889,-0.00995261340243388,-0.00317603248704937,0.000402392899773618
"2463",2010-12-10,0.00594322981589542,-0.00359216499124306,0.00468012536168902,-0.00745698632840279,0.00233364119734338,0.000402751594282824
"2464",2010-12-13,0.00912002573272478,-0.00568825084266398,-0.00156124123560428,-0.00222269565357558,-0.00412652129259077,0.000402751594282824
"2465",2010-12-14,-0.00245307748353617,0.0114938339865269,-0.000267512726843133,0.00423990073916495,0.00504228438745615,0.000402751594282824
"2466",2010-12-15,-0.00912573398864762,-0.00291468108942948,0.00698815320817063,-0.00298148618947235,0.00384358343303447,0.00040311025651385
"2467",2010-12-16,-0.00580904347643219,-0.00494155000981419,0.00293473780483766,0.00286188889766235,-0.00334915538004779,0.00040311025651385
"2468",2010-12-17,0.00839238406853496,-7.51942439876797e-06,0.00251058916955681,0.00472125541004986,-0.00274645801309984,0.000403468886472247
"2469",2010-12-20,-0.00921831509750097,0.00924953382180045,0.000541091611647321,-0.0025135135782886,0.0144674083794064,0.000403827484164232
"2470",2010-12-21,0.0129188967864568,-0.0146344552070272,-0.0132884399609521,-0.0107113592716635,-0.0118318483946445,0.00040454458277206
"2471",2010-12-22,0.00358476344481749,-0.0131761891442295,-0.00116335322736354,-0.00259058298861477,-0.00648902709092091,0.000405261552383074
"2472",2010-12-23,0.000442656784074794,0.00751304122951357,0.00311933292595792,0.00702900774962807,0.00708264319850503,0.000405261552383074
"2473",2010-12-27,-0.00787143780631436,0.00845989209859008,0.00432658372917579,-0.000339590727689755,0.00700914358971337,0.000405619988829597
"2474",2010-12-28,0.00210818056928586,-0.00755028137492552,0.0018984238057246,0.00153064647274305,-0.0055607424148104,0.000405261552383074
"2475",2010-12-29,0.0105088524025822,-0.00425170909489677,-0.0085194911296151,0.00317227317596933,-0.00605356344433687,0.000406336765033322
"2476",2010-12-30,0.00629659453649876,0.00449853773645888,-0.00331322917926464,0.00251128419425112,0.00200663386933168,0.000405978393044348
"2477",2011-01-03,0.00776383614201487,-0.0127038411767532,-0.00583680118827169,-0.00638239780000282,-0.00941195470148496,0.00040812814179314
"2478",2011-01-04,0.00443265183438467,-0.00492027951048783,0.00920895561283169,-0.00550083480918819,-0.00316528405762395,0.000408844467119085
"2479",2011-01-05,0.00890921125949618,-0.00668741944143898,0.0108048604342005,-0.00120046358588796,-0.00833434023654245,0.000409918713776491
"2480",2011-01-06,-0.00823669354751451,0.00415928430993417,-0.000879296199632997,-0.00327244058904707,0.00323448004946193,0.000410634717394887
"2481",2011-01-07,-0.0101811007013337,0.00120998987470982,-0.00222356830061048,0.00628222077889052,0.0020266936146299,0.000411350592411042
"2482",2011-01-10,0.00328265309903404,-0.00324703868863307,-0.00412984310625929,-0.00374374585222329,0.00189679438161036,0.000412424163907632
"2483",2011-01-11,0.00407100086365894,-0.00735686694969962,-0.00678962018723469,0.000403004629648795,-0.00285956975246675,0.000412781956822261
"2484",2011-01-12,0.013297928202538,0.00199988698516407,0.00991254721183528,-0.00258493493303725,-0.000666238188443569,0.000414212807380521
"2485",2011-01-13,-0.0119694878921229,-0.000480573588966769,0.00981476216476911,0.00275340507691043,0.00441932406799444,0.000415285608305505
"2486",2011-01-14,0.00285864715788356,0.00631064443789233,0.0049901830116249,0.000892975731626832,0.00537930988617237,0.00041635812055163
"2487",2011-01-17,-0.00265154892778443,0.00558762287499846,0.00246419170797875,0.00411780549917827,0.00577060568960344,0.000417787688093085
"2488",2011-01-18,-3.55428352226004e-05,0.00612925454960965,0.000214492628465741,-0.00441459419338818,-0.000823322081405711,0.000418144999876136
"2489",2011-01-19,-0.0109384440627362,-0.0034633184468997,0.00122608704381193,-0.000155837618272942,6.78010296111132e-05,0.000419573926773387
"2490",2011-01-20,-0.00747233559472348,0.00782384904928779,-0.00299796118283505,-0.00866013242938158,0.0025764580390929,0.000419216743072992
"2491",2011-01-21,-0.00658605409225359,0.00267281767171916,0.00808827488930419,-0.00818149488944546,0.00531962050316516,0.000419216743072992
"2492",2011-01-24,0.00535976168167286,0.00801138340837578,0.00335201621066432,-0.00529928285407847,0.000652003902867574,0.000419216743072992
"2493",2011-01-26,-0.00641785699968042,-0.00253642192637588,0.00188880777672157,0.00250445857757946,-0.0022486190861087,0.000419216743072992
"2494",2011-01-27,-0.00752768346710192,-0.00845851058003267,0.0178504541538079,-0.00872738952920828,-0.00442597086017912,0.000419216743072992
"2495",2011-01-28,-0.0193902878404984,-8.15274157713389e-05,0.00672621934278391,0.00407093666920419,-0.00306048109976177,0.000419216743072992
"2496",2011-01-31,-0.00346838609886109,0.00197499012751983,0.00367496231676201,0.00497417261241698,0.00539691453499943,0.000420288198160979
"2497",2011-02-01,0.0137035855704587,0.0123187985607988,-0.00480997473072751,-0.00668934490318963,-0.000835314010823308,0.000421002341569165
"2498",2011-02-02,-0.0108773631145177,0.0276715643265024,0.00474698421509489,-0.00484695448338354,0.0256521632037066,0.000421716357043911
"2499",2011-02-03,-0.00205513573809018,-0.0205810973005722,0.0163025158761607,-0.0069352948142416,-0.0134680037446401,0.000422430244631178
"2500",2011-02-04,-0.0205057847777275,0.00264251363184049,0.00140589241019675,-0.0024019814824282,0.00688195220449892,0.000422430244631178
"2501",2011-02-07,0.00129736272048402,-0.0110720635274837,0.00207803348533246,0.00126206047085523,-0.00407222007436631,0.000422787140481384
"2502",2011-02-08,0.00441486468503441,0.0014696861715904,-0.0104911955586536,0.00593490490785041,-0.00130632820045863,0.000423500836323587
"2503",2011-02-09,-0.0239360959384167,0.012136103152776,0.00155725651932879,-0.00680476395270801,0.0147964427457073,0.000424214404392886
"2504",2011-02-10,0.00233237856491945,-0.00343301906979342,-0.00107384148727378,-0.0044706851238881,-0.00257865807488408,0.000424927844735246
"2505",2011-02-11,0.0170280276292755,-0.0127272538294748,-0.00352658985592822,0.00528582915117764,-0.0137897644840529,0.00042528451702295
"2506",2011-02-14,0.00907282256440927,-0.000727804979520676,-0.006462133197397,0.0175192657776648,-0.00280078216194942,0.000427067399858316
"2507",2011-02-15,0.00268537174701135,-0.000601107499265966,-0.00299447241341216,0.00551978995706876,0.00640682945038492,0.000427780329750771
"2508",2011-02-16,0.0174756477408341,-0.00236442823509146,-0.00786981076468836,-0.00329696061177575,-0.00729112519664628,0.000428493132144769
"2509",2011-02-17,0.00190401456178769,-0.00702790231857583,-0.0038571331381946,-0.00085495482067856,-0.00316509911767333,0.000429562096776914
"2510",2011-02-18,0.00328258118917116,-0.00422473076732272,-0.00282004675942473,0.00355438545104794,-0.0059775909941359,0.00042991835462125
"2511",2011-02-21,-0.00850798067942797,0.00574192247272417,0.00544907662679293,0.000294233705601745,0.0095600939776507,0.000431699166352884
"2512",2011-02-22,-0.0114548699631774,-0.0120915190987656,-0.00311652773683674,-0.0033035574307216,-0.00291609261210234,0.000432767271604684
"2513",2011-02-23,0.00622030749128964,-0.00193563696600811,0.00351632698266494,-0.00741478268929171,-0.000946060007362463,0.000434190966840831
"2514",2011-02-24,-0.00340140911529158,0.000209688741611004,-0.00111723531593306,-0.00220670820407268,-0.00379247121331598,0.000437036832622084
"2515",2011-02-25,0.0005271855903925,-0.00179551433263453,0.00255677682022566,0.00387666797470752,0.00449804904599992,0.000437036832622084
"2516",2011-02-28,0.00879077131350676,0.00527259814790417,0.00109097478254878,0.00587639875780509,0.00691707164658257,0.000436325556649741
"2517",2011-03-01,-0.0114783478340848,0.00392926262576431,0.00101368664508876,0.0119103133242541,0.0126726199320939,0.00043668121050211
"2518",2011-03-02,0.0132988379336474,-0.00774909483023052,-0.0028392155894049,0.00668179685220743,-0.00732046713191967,0.000437747981688608
"2519",2011-03-03,0.0080976286537056,-0.0103915314314132,-0.00364057065172803,-0.00138086267321019,-0.00812418515276679,0.000437747981688608
"2520",2011-03-04,-0.0012969108658754,-0.00633767325198591,-0.00465860747307395,0.000121862139025727,-0.00335363631864832,0.000437747981688608
"2521",2011-03-09,-0.0108921520704434,0.00191910471834959,0.00503056837741175,0.00225568621590895,0.0137474132512347,0.00043881446743832
"2522",2011-03-10,-0.0188932295194642,-0.00561039769126843,-0.00817029967192264,0.00937510674581881,-0.00521254393533133,0.000438459003894165
"2523",2011-03-11,0.00890684133822803,-0.0044172132895819,0.0056114635044193,-0.00201025225996476,-0.00922330130807418,0.000438459003894165
"2524",2011-03-14,0.00477364387084263,-0.0118973763075635,-0.00579921120567879,-0.000378180403287794,-0.00580038910302972,0.00043881446743832
"2525",2011-03-15,-0.00297038578688758,-0.00859226323184696,0.00326113118387471,-0.00220306665782232,-0.00797444427232555,0.00043881446743832
"2526",2011-03-16,-0.0171907503923847,0.0106548048535392,-0.00850042737294645,0.00261290707957571,0.00295572415315928,0.000439169899284275
"2527",2011-03-17,0.00465672597284737,0.000620962490151759,0.00729403380409107,0.00633213613030824,0.00245885511614892,0.000439169899284275
"2528",2011-03-18,0.00789377922570688,-0.0045853468091495,0.0123596932481473,-0.0112393250256342,-0.00968297893788275,0.000439169899284275
"2529",2011-03-21,0.00145634091816472,-0.00307068912035147,0.00543705968329792,0.0142170582444029,0.00946699996017245,0.000439169899284275
"2530",2011-03-22,0.0130966075883624,-0.00432251314585936,-0.00531450730517037,0.0049536623308156,-0.00386354768095725,0.000439169899284275
"2531",2011-03-23,0.003520668642881,0.00405160439162352,0.0055480678950482,-0.00228136899270135,0.00539866987044737,0.000439525299437582
"2532",2011-03-24,-0.00260955833480052,-0.00397147480414222,-0.00248114046550401,0.00236199981435573,0.00627223365921594,0.000439880667904236
"2533",2011-03-25,0.00310136000225729,-0.00517700842536534,0.0116856092520972,-0.00346407813407186,0.00345579139889238,0.000439880667904236
"2534",2011-03-28,-0.00898432759028076,0.00728803342625363,0.000830367624812288,0.00394134677374092,0.0025886042757884,0.000440236004689565
"2535",2011-03-29,0.00292985164373862,-0.00616357376204992,0.0029673581504334,0.00164054724310398,-0.00188837358307815,0.000440591309799343
"2536",2011-03-30,0.00970105101940434,0.00449497537996769,-0.00500714779378363,0.00233254439368316,0.0023878878649068,0.000439880667904236
"2537",2011-03-31,0.0106090967051311,-0.00391220039659424,0.000514158520539935,0.00303189923096288,0.00384250946991959,0.000439880667904236
"2538",2011-04-01,0.00900844439425788,0.00948682270816075,0.0040180017541899,0.00162456780526742,-0.00139827697432072,0.000440591309799343
"2539",2011-04-04,0.00213741921262134,0.000137137747736733,0.00327625310448806,-0.00609163718341175,-0.00286361559264564,0.000441301825014895
"2540",2011-04-05,0.000851931153925453,-0.00335725734316464,0.00469476534600488,0.00402344924096184,-0.00140154019655257,0.00044236736041281
"2541",2011-04-06,-0.00829903702054408,0.00571549971695056,-0.00149549592787179,0.00426383841382541,0.010614995238154,0.000442722475588075
"2542",2011-04-07,-0.00145648339880205,0.000216474783982414,-0.00744420805272413,-0.00750409709374524,-0.00403689314691097,0.000443077559127314
"2543",2011-04-08,-0.00762358147517243,0.00126080155699974,0.00195498964202629,0.00321856021169988,0.0028719131142241,0.000443432611036298
"2544",2011-04-11,-0.00706395378022284,0.0117990131781759,0.00243691796511581,0.00922138166732739,0.0117318572085001,0.000445562258569066
"2545",2011-04-12,-0.0166854044338788,-0.00207989445079237,-0.00447135084775993,0.00884860138154394,0.00402723054441693,0.000445562258569066
"2546",2011-04-13,-0.00634967410719244,-0.00977583604447584,-0.0029775649856878,0.00875614248447821,-0.00346201986303729,0.000446271888292937
"2547",2011-04-14,-0.000827528398071098,0.0017517294246616,0.0059266340252485,0.00635600477489465,0.00723254082724975,0.000445562258569066
"2548",2011-04-15,0.00427531992614855,-0.00655456186400954,-0.00386668234873361,0.000828600552330882,-0.00411740263565511,0.000446626655782767
"2549",2011-04-18,-0.0149315210349793,-0.011457448632584,-0.000630516868177683,0.0124299811668121,0.00131742248219997,0.000447690768831333
"2550",2011-04-19,0.0101526772289912,0.00101753041083289,-0.00103661988970209,-0.00521434588036519,-0.00627357135304341,0.000447690768831333
"2551",2011-04-20,0.013021938846444,0.00665956349833099,-0.020077721677317,0.00221612663576044,-0.00145618120689171,0.000448400019735562
"2552",2011-04-25,-0.000646103874478293,0.00390587818217624,0.00444807581195808,0.00507785893867199,0.000573649897315912,0.000446271888292937
"2553",2011-04-26,0.0033114717780395,-0.0127721927551552,0.00668412851482559,0.00355875702777008,-0.00683340991226756,0.000446271888292937
"2554",2011-04-27,-0.0117568882442479,-0.00106025673297781,-0.0130060224616084,0.00378393561798968,-0.00213755059874935,0.000446271888292937
"2555",2011-04-28,-0.00930987561803443,-0.00482708726361804,-0.00203394328964842,0.00571629633536731,-0.00126490606184739,0.000446271888292937
"2556",2011-04-29,0.00519160015205161,0.00677944450319053,-0.00306768974998755,-0.00280268526232623,-0.00398353389767751,0.000446271888292937
"2557",2011-05-02,-0.0052419077888639,-0.0098329197809652,-0.00972025069541353,0.019243947221724,0.00197507738508546,0.000446271888292937
"2558",2011-05-03,-0.0164550157308831,-0.0057413546323994,0.00552049690319752,0.01187440020516,0.00507924203522225,0.000446626655782767
"2559",2011-05-04,-0.00793903850388203,-0.00241393983988097,0.00860595442047019,-0.000414912691133047,0.00737780279857585,0.000446981391698742
"2560",2011-05-05,-0.00122941201538646,-0.00612914338622757,-0.00282973201038184,-0.00159989684646551,-0.00232115404473644,0.000446981391698742
"2561",2011-05-06,0.0115983621684188,0.00412099252297262,-0.0157595412945226,0.00309965599329962,-0.00298238155584185,0.000446981391698742
"2562",2011-05-09,0.00254131281034699,0.00513457646603928,0.00229844476105048,0.0120998261414043,0.0033974359252894,0.000447690768831333
"2563",2011-05-10,0.00324057948540164,0.0131696017664891,0.0146750994141513,-0.0032633461140707,0.00484813514325919,0.000447690768831333
"2564",2011-05-11,-0.0158639827443232,0.000749628467645341,-3.7326080269684e-05,0.000764222190525651,0.00956797117400889,0.000448400019735562
"2565",2011-05-12,0.00144308630605868,-0.000171551772177302,0.00130174358008614,0.00818327687492139,-0.00149691649628536,0.000448400019735562
"2566",2011-05-13,-0.0123834019941702,-0.00860238942352426,-0.0101016235016649,0.0149367422647418,0.00346422701785073,0.000448400019735562
"2567",2011-05-16,-0.00322431491969708,-0.00301712197840985,-0.000344726533625221,0.000971346061059873,0.00620456542794665,0.000448754597866197
"2568",2011-05-17,0.00970159248794357,-0.00747175210129981,0.00226298713311171,-0.0127475407063326,-0.0121630901086955,0.000448754597866197
"2569",2011-05-18,-0.00930429722133384,0.00409629405948786,0.00688972846850952,0.0143922646025419,0.0149592153110733,0.000449109144456505
"2570",2011-05-19,-0.00441972421391235,-0.00672459589979812,0.0126597799526965,0.00882512890259524,0.00917339951091216,0.000449463659512483
"2571",2011-05-20,0.00228489092075643,-0.00145221739090527,0.00695737518245518,-0.00248873353421349,-0.00616230216388408,0.00044981814303946
"2572",2011-05-23,-0.00572095655195814,-0.0054473604216673,-0.00386608149628238,0.00592453885055276,-0.00345496401290755,0.000450172595043208
"2573",2011-05-24,0.0131112209047646,-0.00305686562060986,0.0111700837684023,-0.00878297752153781,-0.00306462408330386,0.000450527015529056
"2574",2011-05-25,-0.00121729292819265,0.00428371000148773,-0.00254893058408348,-0.00165039722238412,0.00149803414461663,0.000450881404503001
"2575",2011-05-26,0.0101707495193208,0.00149661276960381,0.00117829380557904,-0.00092586947534635,-0.00700459108177234,0.000450881404503001
"2576",2011-05-27,0.00247804420171084,0.0116038297146765,-0.000788203594585288,0.00234464570501901,0.00599416723125607,0.000450881404503001
"2577",2011-05-30,-0.00610546854886185,0.0157036019291875,0.00473203796073979,-0.00947237804137954,0.0101132218936707,0.00045123576197037
"2578",2011-05-31,0.00624221884776047,0.00157968309088233,-0.00040685394097062,-0.00110139975043309,0.00133463037942357,0.000451590087936937
"2579",2011-06-01,-0.0135169233296911,0.00448912331419262,-0.00157633194812422,0.0081931650635385,0.00805091878560473,0.000451944382408032
"2580",2011-06-02,0.00762258600256536,-0.0157587367257641,-0.00174505464450159,-0.00636216082295547,-0.0119314001079246,0.000452652876887338
"2581",2011-06-03,0.000482745669543385,0.0242943855451686,-0.00449023281968785,-0.00915841702954557,0.00886328050214861,0.000453007076906653
"2582",2011-06-06,-0.0156718251857428,0.0247712164150056,-0.0126286131802303,0.00863222429055473,0.0153791020197913,0.000453715382532138
"2583",2011-06-07,0.00167925883119002,-0.0106516639174316,-0.00607481423155897,0.00639575899525389,-0.00856470693520648,0.000454423562311179
"2584",2011-06-08,-0.00183571076434577,-0.00024001310279655,-0.00887334059261182,-0.00175707671981672,-0.00197376523900899,0.000455131616288851
"2585",2011-06-09,0.00346455775636346,0.00694420043626435,-0.00280164675594005,-0.00671725845728519,0.00175581690921868,0.00045583954450934
"2586",2011-06-10,-0.00953967823509093,-0.00341730986547976,-0.00579858781679652,0.00329627611470494,0.0027521128806378,0.000455131616288851
"2587",2011-06-13,-0.0101289454039998,0.00261983491402385,0.00497842129546608,0.00584375319269591,0.00431500693011538,0.000455485596115857
"2588",2011-06-14,0.00599240684011924,-0.00176839536006381,-0.000125031712609393,0.00374861592975583,-0.000787507344947658,0.000455485596115857
"2589",2011-06-15,-0.00642822194670877,0.00441008045778287,-0.00536119066885482,0.00035886091472896,0.00378799872372014,0.00045583954450934
"2590",2011-06-16,-0.00872332818506657,0.0037895335195314,0.00514106150087572,0.00463212375272947,0.0124954647702571,0.00045583954450934
"2591",2011-06-17,8.82838022819187e-05,0.00348006168580931,0.00676438218058113,0.00116933778817355,0.000921581823465957,0.00045583954450934
"2592",2011-06-20,0.00297852260142321,-0.00893734910563613,-0.00431785650120367,-0.0036176093049171,-0.0085529165918942,0.000456193461474852
"2593",2011-06-21,0.00486361664567261,-0.00599545117803499,-0.00530935952650862,0.0071148232259778,0.00304301862390607,0.000456547347017944
"2594",2011-06-22,-0.00162895739960046,-0.00450648088836689,-0.00274233338697123,5.49470324507969e-05,-0.00367481726819449,0.000456193461474852
"2595",2011-06-24,-0.00164577105347089,0.0116656558208244,-0.00349404935271487,0.00611075940413599,0.0198225661773037,0.000456901201144166
"2596",2011-06-27,0.00207871554056995,0.00200680091805653,-0.00203006756384776,-0.000311427249813482,-0.00735387292709384,0.000456901201144166
"2597",2011-06-28,0.0142743994881918,-0.00353995811963044,-0.0114760730507339,-0.00562186215730655,-0.00999260496056915,0.000456901201144166
"2598",2011-06-29,0.00176545401366808,-0.0110441987306478,0.00671229796389887,0.00175838420185726,-0.00418561275161927,0.000456901201144166
"2599",2011-06-30,0.00277136205035904,0.00750180497904676,0.00406122139132219,-0.000911476864813379,0.00570721789281529,0.000457255023859071
"2600",2011-07-01,0.0117479889111388,-0.00347244267889133,-0.0118190135703516,-0.00944270781716432,-0.00976375325448036,0.000457255023859071
"2601",2011-07-04,0.00511844907903236,0.00773209779711725,0.00232287608458798,-0.0115675892060049,-0.00630183441073441,0.000458316303592055
"2602",2011-07-05,-0.00897092168560368,0.00434252344404922,-0.00682856379389877,0.00703085621318495,0.00595468402158131,0.000458670000717865
"2603",2011-07-06,-0.00616956450297087,0.00957631354401116,-0.000573050970556401,-0.000823463621349916,0.013222187704832,0.000459377300825015
"2604",2011-07-07,-0.00656480721673482,0.00691794747283024,0.00603200718210184,-0.00269608056529516,0.007138176868475,0.000459730903817457
"2605",2011-07-08,-0.0119088973046454,0.0031176295260773,-0.00288693307613647,0.00262919206812308,0.00515741932019729,0.000460084475443434
"2606",2011-07-11,-0.0175209555977725,-0.011393790169199,0.00137261714159786,0.0127184565516704,0.00241828782463195,0.000460084475443434
"2607",2011-07-12,-0.00845012653237566,-0.00601160509630652,-0.00361652357687697,0.00757392138867515,-0.00255109017399802,0.000460438015708275
"2608",2011-07-13,0.0134819144363738,-0.00656483204286907,0.00117128295951218,0.00245862391208236,-0.00599070669640956,0.000461145002177199
"2609",2011-07-14,-0.0136041732338619,-0.00284334666884966,-0.00537774953939204,0.00406916741591109,-0.00055829288846208,0.000461145002177199
"2610",2011-07-15,-0.00524773196939779,0.00942949817593373,0.0158012975862725,-0.0071615339901451,0.00806038327920375,0.000461498448392383
"2611",2011-07-18,-0.00807874859936611,-0.00792893653293351,-0.000464258976134026,0.00697512272390119,0.00582853623765668,0.000462205246812397
"2612",2011-07-19,0.00383825180497242,-0.00244996623162755,-0.0106375064225188,-0.00664367962185756,-0.00945785692620327,0.00046291191992176
"2613",2011-07-20,-0.00156552888687731,-0.00525239856720372,-0.00342228986338754,0.00692452382421964,-0.00072370172933725,0.00046432489038728
"2614",2011-07-21,0.0133905420206177,0.00256438941253425,0.00631660277217209,-0.0151580800977922,-0.00844154694919734,0.000463971694726117
"2615",2011-07-22,-0.000777637754447965,0.0114968257372087,-0.00622345555524779,0.00387066695415981,0.000562968870720943,0.000463971694726117
"2616",2011-07-25,-0.00439423879400246,0.000746394295702626,0.0108079689878342,0.00298605876653617,0.00584029202418074,0.00046432489038728
"2617",2011-07-26,-0.00623173035752849,0.00415914622948339,0.00170866583884568,0.00907018623192418,0.0119837989047638,0.000463618467765325
"2618",2011-07-27,-0.0147243600068362,-0.00987935780098116,0.00177017802697289,0.00787070697350883,-0.000443900335538469,0.000463971694726117
"2619",2011-07-28,0.00693216796840423,-0.00379805908952563,-0.0184974096561958,-0.00289536647776154,-0.0130230659706039,0.000463971694726117
"2620",2011-07-29,0.000628085449426224,0.00306336688676115,0.00279382642248638,0.00769868407010307,-0.00189245869275776,0.000463971694726117
"2621",2011-08-01,-0.00230686434146015,-0.000632156390986097,-0.00378176009123675,0.00145131053988244,0.00345450881352579,0.000463971694726117
"2622",2011-08-02,-0.0199599407019594,0.0119020484994316,-0.00696981290827731,0.00652110467464858,0.0110882076125763,0.000463971694726117
"2623",2011-08-03,-0.0193600064611504,-0.0155307289349256,-0.0139104779289231,0.00824958001900489,-0.00258919708065489,0.000463265209498909
"2624",2011-08-04,-0.0495351070216018,-0.0277262647965413,0.00128157803363457,0.0259871012485223,0.00526422650566286,0.000463265209498909
"2625",2011-08-05,-0.00040593281130918,-0.00589643708078598,0.00780112903596374,-0.000948997784238455,-0.0132767000720345,0.000463265209498909
"2626",2011-08-08,-0.0759845083222959,2.00425901208945e-07,-0.00877213378248219,0.0222451165860839,0.00762027588088583,0.000460791524617754
"2627",2011-08-09,0.0417736873599986,-0.00810514132635586,-0.00663315749208837,-0.0111118449480386,-0.0249124614427709,0.00046291191992176
"2628",2011-08-10,0.00396915379237994,0.0122655489944589,0.00525334994082439,0.00753562174831656,0.00120698445919986,0.000463265209498909
"2629",2011-08-11,0.0309163717076595,0.0159328141518285,-0.00960956701391613,-0.0164896021603366,-0.00511737860049414,0.000463265209498909
"2630",2011-08-12,0.00444122237404856,-0.0156328305843419,-0.00390867161127004,-0.000609817322998811,-0.00425990074181361,0.00046291191992176
"2631",2011-08-15,0.022340560254932,0.00354639561641283,0.0245524375469249,-0.00028766394184682,0.0011231609238948,0.00046291191992176
"2632",2011-08-16,-0.00254012205619707,-0.0165449627007688,-0.01041232744918,0.0128891737385976,-0.00155536003141036,0.000463265209498909
"2633",2011-08-17,0.0112318458031937,0.000790246885221431,0.00420618038588336,-0.00957923274720123,-0.00605869584669038,0.000463265209498909
"2634",2011-08-18,-0.0265542411424861,-0.00665438504460473,-0.0138643313122872,0.0265283098033794,0.014128935834581,0.00046185186326908
"2635",2011-08-19,-0.0156475254166484,0.0104505746369102,-0.00913281642507411,-0.00274986377357309,-0.0057892624941569,0.00046185186326908
"2636",2011-08-22,-0.00328768780880812,0.00422271489968576,-0.000181207492437888,0.000811717982038706,-0.0013344303288379,0.000462205246812397
"2637",2011-08-23,0.0221044305212244,-0.0155519511846001,-0.0013378848768856,-0.00855369619649424,-0.0115576452898338,0.000462205246812397
"2638",2011-08-24,3.14880979455189e-05,0.00238166579596199,-0.00473843657191017,-0.00728433815723119,0.0042077288106625,0.000461498448392383
"2639",2011-08-25,-0.0104236666496218,0.00755096331283932,0.00201101920136587,0.00361728208710995,0.00994879410872828,0.00046185186326908
"2640",2011-08-26,0.00459695915525095,-0.00191514189162207,-0.00599732368462401,-0.00708628151971385,-0.00715598646853823,0.000460084475443434
"2641",2011-08-29,0.024216054294922,0.0170480775401482,-0.00182323437999079,-0.0123053251482621,0.00976149887680985,0.000459023666460334
"2642",2011-08-30,0.00740644180132033,0.00148896204261053,-0.00896699827557078,-0.00137223785773892,-0.000481160334497889,0.000459377300825015
"2643",2011-08-31,0.0199827341181863,-0.00131020196363077,-0.00196317936402504,0.0107326363799251,0.00100180941215948,0.000460084475443434
"2644",2011-09-01,0.0218354800250429,0.00193951108026651,-0.00577957403412738,-0.00931187599366323,-0.0187582920841104,0.000446271888292937
"2645",2011-09-02,-0.020610111613178,0.00407438551003504,-0.00360497519081999,0.0132602254718772,0.0142496547086188,0.000445917089223702
"2646",2011-09-05,-0.0226782529894255,0.00425450921645264,-0.00669404629396107,0.0126467124683799,0.00732626303310019,0.000444497577037684
"2647",2011-09-06,0.0211736168824775,-0.00859098363487175,0.00762227471787245,-0.0134082739794174,-0.0167377959470777,0.000444497577037684
"2648",2011-09-08,0.0129208607427795,0.00648690988218575,-0.0028040421982791,-0.00283753989411098,-0.00213094206043424,0.00044378763132058
"2649",2011-09-09,-0.0248378294379154,0.0101587793484682,-0.00173199938320268,0.0103921455527864,0.0164126052188941,0.00044378763132058
"2650",2011-09-12,-0.000770459847583106,-0.00423319949431124,0.0099032945253078,-0.00795732962387885,-0.00199949445944057,0.00044236736041281
"2651",2011-09-13,-0.00161225960537404,-0.00689950600328103,-0.00916625607680899,-0.00224965841435815,-0.00156343582098442,0.00044236736041281
"2652",2011-09-14,0.011481434304709,-0.00724176391698235,0.00538705180717911,-0.005073540187862,-0.00350063617875103,0.00044236736041281
"2653",2011-09-15,0.00247476988760956,0.0288496649873734,0.00503548861506767,-0.00684407213260314,0.01235754238919,0.000441657035131993
"2654",2011-09-16,0.0128086367077615,-0.0081567192776636,0.00866089580333085,-0.00356878292303181,0.00465640009934257,0.000441301825014895
"2655",2011-09-19,0.00180474443997923,0.00619777945559206,0.00985899676632657,0.00282483218102707,0.00924361451668105,0.000440591309799343
"2656",2011-09-20,-0.00607500252358321,0.00461803030638301,-0.00561147775079013,0.0162310661376948,0.00836659634903698,0.000440946583239121
"2657",2011-09-21,-0.00408904579808944,-0.0039307889710729,0.00305339659231669,0.00347129861108844,0.0074809306226785,0.000440591309799343
"2658",2011-09-22,-0.0420276342114945,0.00241219325101596,-0.00855447485776835,0.00941511441228238,0.00782457931240744,0.000439525299437582
"2659",2011-09-23,-0.00810605352819788,0.0147444165074407,-0.0137680273362566,-0.00586449907356652,-0.00519349454755911,0.000438103508646037
"2660",2011-09-26,0.00917291291506789,0.00469572732390853,-0.0061815912157039,-0.00637106121910079,-0.000123709451630766,0.000435614153725616
"2661",2011-09-27,0.0051244164614929,-0.000474977657507619,-0.00796672921607911,0.0102352329143266,0.00226516702116736,0.000437747981688608
"2662",2011-09-28,-0.00665520439684686,0.00296957477327574,-0.000772436205025189,0.00510514565713523,0.00905443323380976,0.000437392423015881
"2663",2011-09-29,0.00217303823781007,-0.00213311623210177,0.00697328837973909,0.00848084024695932,-0.00167299969329043,0.000437036832622084
"2664",2011-09-30,-0.00987791662755709,-0.00203705621116159,-0.00031654550646224,0.019445061354903,0.0202732176924529,0.000437036832622084
"2665",2011-10-03,-0.0223901009623979,-0.00742627600161225,-0.000166089014927449,0.0248969207145703,0.00965080471319958,0.000434902623804412
"2666",2011-10-04,-0.00633321873880846,-0.0117361272187423,-0.00019854807514917,-0.00399866179254472,-0.0213386314785255,0.000435258404642536
"2667",2011-10-05,0.0050610171587514,0.00248059810852902,0.00327502567753333,-0.0162797185210285,0.00368710718437045,0.000434546811205916
"2668",2011-10-06,0.0183065007605443,0.00802190774332899,0.0013490151657971,-0.00978016101867172,-0.000759884353750451,0.000434190966840831
"2669",2011-10-07,-0.0164595517082223,0.0106072636499295,-0.0162663519936255,0.0106292056375672,0.0104461861320733,0.000433835090704049
"2670",2011-10-10,0.0308283812538281,-0.0132608315665509,0.0144936560193023,-0.0152823846381443,-0.0179765450011918,0.000432767271604684
"2671",2011-10-11,0.00475876686253387,-0.00396702479764739,-0.00184206389123327,-0.015712759440253,-0.0152018029716255,0.00043205523324108
"2672",2011-10-13,0.010660649150485,-0.00216086763775855,-0.0063276718465014,-0.00240322551989649,-0.00508357159536609,0.000430986937135502
"2673",2011-10-14,0.00535052517993651,0.0098518629099058,-0.000203559677680238,-0.0104615076071185,-0.000167659792513624,0.000430630774794993
"2674",2011-10-17,-0.0115528914202612,-0.0033067627178514,0.00595690425382406,0.0193468544911406,0.0108827717738773,0.00042991835462125
"2675",2011-10-18,0.0146187413106507,-0.00678255479430738,0.0104019783239457,-0.00947358990580621,-0.0120511420671193,0.000428493132144769
"2676",2011-10-19,-0.000910069980915372,-0.00357338223005041,-0.0220874301847531,0.00186737671022352,-0.00808735899952661,0.000427780329750771
"2677",2011-10-20,-0.0131944667753384,0.00310842618170636,0.000664530660844879,0.00611804582268025,0.00988995996255855,0.000427423880744682
"2678",2011-10-21,0.0166427393327135,-0.00318636592756294,0.0155566241895759,-0.0124037893471833,-0.00476874541608413,0.000427780329750771
"2679",2011-10-24,0.0209567223834553,-0.0109033290862707,0.0135887253976808,-0.0189078402425421,-0.0208246815531061,0.000427780329750771
"2680",2011-10-25,-0.00749058104573858,0.0115375532462067,-0.00592875064494583,0.00984919740058873,0.0119152664637598,0.000427780329750771
"2681",2011-10-26,0.0103138167786205,-0.00364670416690741,0.00556142665317487,-0.00708117769445583,-0.0079615528295626,0.000427780329750771
"2682",2011-10-27,0.0220465262997138,0.00333974993264116,0.0176964911904373,-0.0344092310916582,-0.0130057398424705,0.000428136746882135
"2683",2011-10-28,0.00480185680435508,0.0010934842588446,-0.00451746148829047,-0.00585876182957006,-0.000575146160740377,0.000428493132144769
"2684",2011-10-31,-0.0103487194941636,0.0124421154843319,0.0101484500191667,0.020715810880223,0.0231994113174375,0.000428493132144769
"2685",2011-11-01,-0.0108834924370416,-0.0109982569486549,-0.0100181857732296,0.0173942841921946,0.00254996818337219,0.000428493132144769
"2686",2011-11-03,0.0135777235189877,-0.011165016169414,0.00525901138467356,0.00627214131598846,-0.00775579663924632,0.000426354342422108
"2687",2011-11-04,0.00518651184430909,-0.0105396672220455,0.0217936240027947,-0.00510564995297891,-0.00777171428790431,0.000426354342422108
"2688",2011-11-07,0.00791368886471921,-0.000385685052698402,0.00723400271442801,0.005280332837043,-0.00172820047422971,0.000424571140527075
"2689",2011-11-08,-0.00333442006648148,-0.000229389442016503,0.00425520478557934,0.00149410344267019,0.00561962573949344,0.000423500836323587
"2690",2011-11-09,-0.0182730589362722,-0.00918893556550598,-0.0102422153748124,0.0205464703276328,0.00457565573238751,0.000421359365295304
"2691",2011-11-10,-0.0058914548031932,-0.00162199370427063,0.00176436016491147,0.011222813710911,-0.00456635249793208,0.000421002341569165
"2692",2011-11-11,0.0153619315462424,-0.00573379269762797,-0.00561835403247831,-0.0117348438822506,-0.0139015773565981,0.000421002341569165
"2693",2011-11-14,-0.000199122424472497,-0.00214641159068831,-0.00729421625412687,0.00645001004521477,0.00315454128802591,0.000418859527360427
"2694",2011-11-16,0.00550168207199265,-0.0163245139536992,0.00632065512251672,0.00405228605301966,-0.00684024434800054,0.000417787688093085
"2695",2011-11-17,-0.0245860657541838,0.0117920836872924,-0.0115161544988414,0.00275294165141624,0.0108625593205126,0.000417072968415644
"2696",2011-11-18,-0.00422393404352068,-0.0100416925022418,0.00181249312987482,0.00403759270712723,-0.00231143683951102,0.00041635812055163
"2697",2011-11-21,-0.00526971522952781,-0.00938916261933279,0.00553999759249519,0.0104764785368767,0.000159199646358764,0.000415285608305505
"2698",2011-11-22,-0.00602982255231667,-0.001908089832527,-0.00603181451358968,0.0079528847006306,-0.00188897463934828,0.000414928040080254
"2699",2011-11-23,-0.0123635539953638,-0.0114876800316309,-0.00222072795417354,0.02348582924041,-0.00627796648415444,0.000413139717621247
"2700",2011-11-24,0.00528617406196252,-0.0252408531081675,0.00393322360037621,0.012599794476672,-0.0141646156427455,0.000409918713776491
"2701",2011-11-25,-0.0075256685680613,0.0207642635586161,-0.00266222992169124,-0.00636739224147179,0.00892963664105261,0.000412066338871364
"2702",2011-11-28,0.0165312382600178,-0.0132014853715825,-0.00109209269216069,-0.0145326321513716,-0.0109016310673396,0.000410992670975219
"2703",2011-11-29,-0.00853378595593183,0.0237921445965186,-0.0119139357730931,0.00650782923846888,0.0156146274846448,0.000410276731663828
"2704",2011-11-30,0.0261075038877115,-0.0212947226226532,0.00597374744619819,0.00359484327266511,-0.0124493150662461,0.000408844467119085
"2705",2011-12-01,0.0186893071065987,-0.00617673980722891,-0.00379430404044394,-0.0183974715166704,-0.0140966271049821,0.000409560663727326
"2706",2011-12-02,-0.00298859830471228,0.0212917533385494,0.0046137320063368,-0.00310224989852559,0.0165605221731371,0.000409202581510115
"2707",2011-12-05,0.0127738234215079,-0.0100512209119011,0.00129834970180756,-0.0116188344202992,-0.0057383611154217,0.000408844467119085
"2708",2011-12-06,0.0102312438900727,-0.008042042423493,0.00894692179469321,0.00604584618199479,-0.00540440351948195,0.000408486320548684
"2709",2011-12-07,-0.0101380348992077,0.0046182137495052,-0.0117018615371288,0.00764282578180904,0.00403328760310085,0.00040812814179314
"2710",2011-12-08,-0.0127013627407329,0.00118350396864599,-0.0106400271009153,0.0182189603024267,0.011044635054125,0.000407769930846458
"2711",2011-12-09,0.00983636040111801,-0.000174399768580756,0.00195636171607699,-0.00542646167755639,-0.00375322758326216,0.000407769930846458
"2712",2011-12-12,-0.0107079520260457,-0.0098529938813354,-0.000964551798156774,0.0161018070125435,0.00812947603915348,0.00040669510480229
"2713",2011-12-13,0.00300959564371378,-0.00558039667721279,0.0101104530934759,-0.00157720563260489,-0.00239020335121195,0.000405619988829597
"2714",2011-12-14,-0.012510466283843,-0.00866270208795638,-0.00439464628414132,0.00777973441509386,4.95499290853203e-05,0.000405619988829597
"2715",2011-12-15,-0.00480867476056493,0.001007954992608,-0.00144051126224555,0.00908383505510585,0.000553790375108793,0.000405261552383074
"2716",2011-12-16,-0.00241904088097496,0.00436020519683827,-0.00575573745556732,0.00763385858770093,0.00298349257264181,0.000404903083699226
"2717",2011-12-19,-0.00711731016104786,-0.0170622578517143,-0.000192089454845657,0.028657667754912,0.00424592752481348,0.000404903083699226
"2718",2011-12-20,0.0239797087347471,-0.0183823045735516,0.00897435892930951,-0.00608152084662321,-0.00887370340923831,0.00040454458277206
"2719",2011-12-21,-0.00301480846343654,-0.00397072497242467,0.00832828118707725,-0.00187944057419223,0.00355993005426323,0.00040454458277206
"2720",2011-12-22,0.00953710901748962,-0.0181437898352285,0.0111922626348563,-0.00523314139080319,-0.0118841851692051,0.00040454458277206
"2721",2011-12-23,0.00609247564235734,0.00488364187965528,0.0118011205070363,0.00159497060094992,0.00582272054078007,0.00040454458277206
"2722",2011-12-26,-0.00137172730181531,0.00686368346957034,0.00178103901399676,-0.000159341201720023,0.0033697458995041,0.000405261552383074
"2723",2011-12-27,0.0044863572374849,-0.00484366938064612,0.0075543893427202,0.001562638380742,0.00156114877174719,0.000403468886472247
"2724",2011-12-28,-0.0193499004939695,0.0125447463782113,-0.0159417029692963,0.0146113851871462,0.0144746897255511,0.00040311025651385
"2725",2011-12-29,0.00466938764327385,0.000698525997017567,-0.00693050343634973,0.00303615983413195,-0.00237312767035342,0.00040311025651385
"2726",2012-01-02,0.0080405254136873,0.0137477747213614,-0.00130679063065245,-0.0173337580060811,-0.00755166686592511,0.000402751594282824
"2727",2012-01-03,0.018347475431147,-0.0002558846385942,0.00577325800762053,-0.00754559283916122,0.00011733694241102,0.000401675413897573
"2728",2012-01-04,-0.000815311712845146,-0.000562011129849165,0.0032141126175955,0.0112035108746729,0.00750710799564415,0.000401316622518966
"2729",2012-01-05,-0.0107541467129274,-0.00499433992517596,-0.00209187280759351,0.00381622470795608,0.000605116862810519,0.000400240054550638
"2730",2012-01-06,-0.00123671742395019,0.00442828234460503,0.00238580430807046,-0.00293492936434343,0.0017261702639149,0.000399163195711649
"2731",2012-01-09,0.00432342452272327,0.00216351211170988,-0.000923337932127178,0.00393492240339981,-0.00522942329278605,0.000398086045844126
"2732",2012-01-10,0.00549947121212558,0.00813883251706288,0.000242234670714352,-0.0129749810189306,-0.00282167754203358,0.000397367784172209
"2733",2012-01-11,0.00087931299954065,-0.00495076053895637,-0.00164677485274954,-0.00199679790974225,-0.00441870117185247,0.000396649393037629
"2734",2012-01-12,-0.000334866994915174,0.00153713389458611,-0.00642145264935951,-0.000905608492130661,0.00534767877281116,0.000395930872393535
"2735",2012-01-13,-0.00575750282770356,0.000348837807168757,-0.00800837243246454,0.012748995376318,0.011524036181108,0.000395212222193075
"2736",2012-01-16,0.0107650504464062,0.00359026685457272,0.00654201046472939,-0.00562491493021809,0.00160634320110001,0.000393774532935875
"2737",2012-01-17,0.00899899153455574,-0.00263370089904275,0.00162760280945213,-0.0122796152084893,-0.00413793348561288,0.000393415029575683
"2738",2012-01-18,0.0150312351845168,-0.00595378742515869,0.000925533273492235,-0.0165989802943297,-0.00483388424595928,0.000392336324890996
"2739",2012-01-19,0.000352020581568942,0.0113635324142054,-0.00978331463816075,0.00467983237287531,0.00334542066186968,0.000390897597683626
"2740",2012-01-20,0.00201839872688534,0.00308910643788821,-0.00225660104853153,-0.00848041905600412,-0.00111745319886387,0.000389818211351312
"2741",2012-01-23,0.00137348278300138,0.00687403330791665,-0.00080962243100723,-0.000649758129546023,0.00638762276309553,0.000390178039276323
"2742",2012-01-24,0.00264155212414834,-0.00596160076390903,0.00109593649077793,0.0018441322914013,-0.00387611840073978,0.000390178039276323
"2743",2012-01-26,0.000609836193035306,0.00503148202287093,-0.00797001923833968,-0.00500219723667083,-0.00274866438191634,0.00039053783471843
"2744",2012-01-27,-0.00376671803541244,0.00641257344534982,0.0106787270226237,-0.0112023416137014,0.00432956429037635,0.000390178039276323
"2745",2012-01-30,-0.00154791897803964,-0.00591445237877457,0.00843504096348898,0.0062493636949961,-0.00113954798369892,0.000389458350937621
"2746",2012-01-31,0.00286638935173569,0.00228175306639189,-0.00231159625220498,0.0013251293360135,0.0110097107061734,0.000389818211351312
"2747",2012-02-01,0.015605779754527,0.0129413724149117,-0.0029431499622722,-0.0186043449501045,0.0026307407030008,0.000389098458029258
"2748",2012-02-02,-0.00340727589128606,0.0110045010000494,0.00728948508351244,0.000467149206829325,0.001162336666984,0.000388738532620225
"2749",2012-02-03,0.0053039707640674,0.00203939175006585,-0.0012306329618501,-0.01115793919014,0.000481324654949008,0.000388738532620225
"2750",2012-02-06,0.00067506957086925,0.00336785726860974,-0.00728933481892904,0.00313324777365217,0.00465576317971669,0.000387658561331161
"2751",2012-02-07,0.010150422690199,-0.00791626487270777,0.00652723337882972,-0.00192624810595648,-0.0098178226186262,0.000386578297325579
"2752",2012-02-08,-0.00167042467610542,0.000118767216446955,0.00661283775543546,0.00169168267267596,0.00590087151476478,0.000385857958622671
"2753",2012-02-09,-0.00257104900937319,-0.00869173789129361,0.00353406002604865,0.00309731496818303,-0.00720957827659849,0.000385137489705922
"2754",2012-02-10,-0.0209471662423071,0.0029422475031384,-0.00642766238006443,0.015707336528811,0.00614800119489709,0.000384777206402287
"2755",2012-02-13,0.0199923953821629,0.00226694291400879,0.00104991997608834,-0.014479017257886,-0.0055047360018818,0.000383335747417002
"2756",2012-02-14,-0.0116279166081728,0.00417837758657867,-0.00284723655921426,0.0104444294623732,0.00313372681266071,0.000382254310952845
"2757",2012-02-15,0.000270691055423609,0.0124563211557367,-0.00251749563699885,-0.00050318102212237,0.00206298496080214,0.000380811939063586
"2758",2012-02-16,0.0131118085442115,-0.000782033967659108,0.000969866350452964,-0.00175794722173138,-0.00280406527163724,0.000379729817486796
"2759",2012-02-17,0.00419297103200925,0.00168264706684823,-0.000261367500455455,0.00265346823376723,0.00514634740493917,0.000379369044994471
"2760",2012-02-22,-0.0013616053500847,0.00182658396579701,-0.00960203284648386,0.00522262701358023,5.50298185243141e-05,0.000378286531534267
"2761",2012-02-23,-0.00257708747910368,0.00371370420196576,0.0017128914509413,0.0007369744630152,0.00855893347349835,0.000377564692515486
"2762",2012-02-24,0.00623496119193566,-0.00834635734728128,-0.00507416010017163,0.00566430192575893,-0.00437744074044471,0.000377203723974651
"2763",2012-02-27,-0.00640519218631728,-0.00138543093683099,0.00203037909679414,0.00963532291412788,0.00500908087030502,0.000376842722738413
"2764",2012-02-28,0.00831957239100286,0.00134439146505413,0.0105558018686471,-0.0088436712586766,-0.0026893051860677,0.000376120622155529
"2765",2012-02-29,0.00314892048079015,-0.00990572813129097,-0.00149747292592419,0.00844500038823002,0.00052448468321172,0.000375398390719539
"2766",2012-03-01,0.0132767334636015,-0.00725035037938612,0.00748944030684745,-0.00453511983419534,-0.00725455370623884,0.000373953535097504
"2767",2012-03-02,0.0113876017877857,-0.000509630321008221,0.0127240475650468,-0.00308074249527247,-0.00389928690762427,0.000371062251521614
"2768",2012-03-05,-0.0106645319683905,0.000505744502598764,-0.00713517891341494,0.0119166447867623,-0.00112952078243331,0.000369254133590013
"2769",2012-03-06,-0.0229548661665324,-0.00267477596576028,-0.0111776406613396,0.0157360394617917,0.0051420007716928,0.000366721389607694
"2770",2012-03-07,0.0121635139249087,0.00992244545517551,0.00488043322227651,-0.00304139545235099,0.00340983213743966,0.000364549184408869
"2771",2012-03-08,0.0112253312596279,0.00941738717219222,-0.00827221466181634,-0.00722451450695254,0.00412885922044794,0.000359476096783773
"2772",2012-03-09,0.00355059884066563,-0.00630647546427015,0.00313920662479312,0.00646694808581244,0.00440398465393184,0.000360201219061773
"2773",2012-03-12,-0.00483856846653297,-0.00108909559636702,0.00233904715267184,0.00405146877896616,0.00020136078002855,0.000359476096783773
"2774",2012-03-13,0.0229134831306182,0.00111382666781855,0.0114139654400827,-0.0181087640117318,-0.00746810764402345,0.000357299938039679
"2775",2012-03-14,0.000329057432736872,-0.00160050150451017,-0.00422723115465256,0.00552023833045757,0.00266341484803402,0.000356574287661005
"2776",2012-03-15,-0.00741248081820292,0.0016758557593323,-0.00246562892166617,0.00264023645061287,0.00697364878383583,0.000356211412920082
"2777",2012-03-16,0.000945319810414988,-0.0121872656529783,0.00660970411062205,0.00165161979671723,-0.00429203196677445,0.000356574287661005
"2778",2012-03-19,0.0032069273700305,0.000830221722504935,0.00319088274829093,0.00349643838324755,0.00475955865624439,0.000356574287661005
"2779",2012-03-20,-0.00545056784600437,0.00830653175198041,-0.00620775371700041,0.00341059376802367,0.00599004685544379,0.000355848505136702
"2780",2012-03-21,-0.00276199267082714,-0.00192584943751824,0.000911202728292269,0.00598660163284486,0.0081977218869574,0.000354759583471642
"2781",2012-03-22,-0.0120045464395948,-0.00315087714359983,-0.0010552540873495,0.00623364302163744,-0.00212321733955588,0.000354396543458257
"2782",2012-03-23,-0.00103282143338526,-0.000898692096808343,-0.00165357873126458,-0.00168529481023364,-0.00158428081593683,0.000353670364207526
"2783",2012-03-26,0.0176817162515223,-0.00156758965012136,-0.00646915447044268,0.00899838553713565,-7.08158247942972e-05,0.000354396543458257
"2784",2012-03-27,-0.00529579080876364,-0.00294999972281099,-0.0118538945566159,0.0115072464981781,0.00629423419242179,0.000353670364207526
"2785",2012-03-28,-0.0181765566623646,0.00190219950319004,-0.00200599049499486,0.00533935474534202,0.00300146663308403,0.000353307224958188
"2786",2012-03-29,-0.0017898945682607,-0.00464144399935739,0.00757914382661385,-0.000134251694800021,0.00373988455793093,0.000352580847181372
"2787",2012-03-30,-0.00327679950346343,0.00478273320806355,0.00199678967230356,0.00699379026142448,0.0113747071026348,0.000352217608641681
"2788",2012-04-02,0.0112307982169822,-0.0132277030144149,0.00307564697485636,0.0113303382617007,-0.0067764185529214,0.000351491032229756
"2789",2012-04-03,-0.0129291747496179,0.0102670896940378,-0.00573079967384592,0.00432351276856754,0.0066412991215355,0.000350037481905874
"2790",2012-04-04,-0.0183752828283988,0.00816816516440834,-0.00276085644965836,0.000879107065241977,-4.8509162560534e-05,0.000347128789901952
"2791",2012-04-05,0.000757397461427667,0.000570001107095204,-0.00368629926298113,0.0014996811627124,0.00171270769566464,0.000346037482871653
"2792",2012-04-09,-0.010534509851643,-0.00582167240065985,-0.00622851806189323,0.00693861955302316,-0.00725419555149453,0.000344945876934011
"2793",2012-04-10,-0.0108027398102629,-0.00787248839854225,-0.00352036409511156,0.0134995345828,0.00440711878358226,0.000343853971925157
"2794",2012-04-11,0.000480542814897731,-0.00739186542376962,-0.00497107393001704,0.00390446901433782,0.00346684687142787,0.000342397633074087
"2795",2012-04-12,0.0237523967668405,-0.00904266355803486,0.00276324199226797,-0.00544661153759216,-0.010611904516454,0.000340576460827968
"2796",2012-04-13,-0.0115266232781923,0.00320576524974808,-0.0110552503103261,0.000491348777180999,0.0078468064743431,0.000338754456000734
"2797",2012-04-16,-0.0052954997209272,7.59853770028172e-05,-0.00416120072726105,0.00438095463816081,-0.00359860426874166,0.000338025420776544
"2798",2012-04-17,0.00745315339204193,0.00416673888493162,0.00341643278998881,-0.00839994863406807,0.00136281095918139,0.000336202249054063
"2799",2012-04-18,0.00642887485592942,-0.000891830178798209,0.0105680506157448,0.000818639941627872,0.00695251358855706,0.000334378242917488
"2800",2012-04-19,-0.00250986923383954,0.006569825312801,-0.000740202492813339,0.00763542274469958,0.0108225879473827,0.000332188333048933
"2801",2012-04-20,0.00309085468901404,-0.00612008041094934,-0.00725610029531666,0.00531463210385149,-0.00106399179730475,0.00033255340160121
"2802",2012-04-23,-0.00965065325045043,-0.00186966263979935,-0.00691668439252968,0.00813274071595976,0.00668306470167236,0.00033255340160121
"2803",2012-04-24,0.00174369252380461,0.00335593079680586,0.00314099458552169,-0.00400124852519712,-0.00525523756325029,0.00033255340160121
"2804",2012-04-25,-0.00683632835405387,-0.00707776459811043,0.00347111994268835,0.00572860693829234,-0.00161124605265678,0.00033255340160121
"2805",2012-04-26,0.00558446425087414,-0.00206360862881893,-0.00160034569857718,0.00695650395268708,-0.00779095082455081,0.000332918436715568
"2806",2012-04-27,-0.00156463986818506,0.00202650036796816,-0.0102847308560283,0.00609130942827112,0.015355376984271,0.000332188333048933
"2807",2012-04-30,0.00273264732346072,-0.00626075811723136,-0.000120899009296659,0.00772765214844208,-0.00418472336458824,0.000332188333048933
"2808",2012-05-02,0.00446890766278256,-0.00435497196646655,-0.00237522206118018,-0.000117391733334627,-0.0141895840613185,0.00033255340160121
"2809",2012-05-03,-0.00751472942523567,0.0117187522078247,-0.00608220763910487,-0.00198025101215172,0.00474807444634643,0.000331823231052741
"2810",2012-05-04,-0.0168545994985104,0.009544905939658,-0.0100816594053674,0.00144434751268406,0.013922676673193,0.000331823231052741
"2811",2012-05-07,0.00679611421164824,-0.00212357609146301,0.000171482761636805,-0.0049358907914705,0.00277361563481314,0.000329266580131105
"2812",2012-05-08,-0.0122000550506775,0.00436991793427204,-0.00345945866902419,0.00919153035969048,0.0104759916491723,0.000328170370318848
"2813",2012-05-09,-0.00794802715242986,-0.00408567557929698,0.00377503167136785,0.00225252436187782,0.00325469521257663,0.000328170370318848
"2814",2012-05-10,0.000482643022993251,-0.00672056230506543,-0.00675996932441892,0.00698485074252144,0.00533732950801773,0.000327439396229368
"2815",2012-05-11,-0.00532894619189211,0.00320622175836536,-0.00263158816860932,0.00125449148927564,-0.000383296319209408,0.000326342683650394
"2816",2012-05-14,-0.0222668747777919,-0.00292880468368172,-0.00750257104454521,0.0119922936718905,0.007649704448938,0.000324148352679465
"2817",2012-05-15,-0.0136719711181425,-0.00545371645213612,0.00776197564242606,0.00557781765246879,0.0081699281779912,0.000322318820158207
"2818",2012-05-16,-0.00302103278339202,0.000899303870356517,-0.00524956008366689,-0.000792188319833282,0.00301332411025888,0.000321220697370395
"2819",2012-05-17,-0.0278209705778091,-0.0131230318741151,-0.00886619683622662,0.0123946084258067,-0.00946339511800154,0.000321586771920401
"2820",2012-05-18,0.00776007107424253,-0.00823574269690327,0.00110136033481169,-0.000139180125922167,-0.00609965936288765,0.00032085458919151
"2821",2012-05-21,0.0301636128233742,-0.00882100874576844,-0.00496159306169904,-0.00449008835250183,-0.0133439643685369,0.00032048844737731
"2822",2012-05-22,-0.012623616003164,-0.0126558242769911,-0.00156388426680679,0.0186735098249545,0.0133375616272698,0.00031938982006241
"2823",2012-05-23,-0.0143054013625007,0.0021321640437242,0.0102649347286959,-0.00986155163350614,0.0030272206508253,0.00031902354364588
"2824",2012-05-24,-0.0114087821151554,-0.000658771819010277,-0.00194147907004634,0.000462094858332415,-0.00245963543241579,0.000320122271922019
"2825",2012-05-25,0.00261813905816065,0.0151524933541599,-0.00967678648931569,-0.00332777082158672,0.0026724003428958,0.00031938982006241
"2826",2012-05-28,0.0109519932484417,0.00743012416783085,-0.00218238018041586,-0.00226440454332016,0.00437877975144573,0.000319756062818977
"2827",2012-05-29,-0.00478554576744117,0.00413761696297723,-0.00133056939498062,0.00322625239674428,0.00948103021815582,0.000317191656447502
"2828",2012-05-30,-0.010265066202071,-0.00419548057920573,-0.00919437599698976,0.0131920987489258,0.00498451768096872,0.000316458665731378
"2829",2012-05-31,0.0167785556212367,-0.00723099559345906,-0.00491115123902499,0.00533153621178763,0.0009708557586242,0.000317191656447502
"2830",2012-06-01,-0.0185540285677992,-0.00950552701047863,0.00329065545406166,0.019724993300847,0.00065415823757432,0.000317924512374779
"2831",2012-06-04,-0.0018898694736225,-0.0168792171647603,-0.00717440973394165,0.0159485097433641,-0.0130608875930504,0.000316825177941071
"2832",2012-06-05,-0.0129814007948242,-0.00435143815528328,0.00176434608803901,0.0149873302287927,0.00607993338020698,0.000316458665731378
"2833",2012-06-06,0.027942213282119,-0.000672878416409319,-0.00347304671707725,-0.00288670846961765,-0.00811796827481805,0.000316825177941071
"2834",2012-06-08,-0.000952321141991581,0.0039006105749838,0.00813824624199178,-0.0113378790759999,-0.00566101952122924,0.000315725540177336
"2835",2012-06-11,-0.00555824484487381,0.0143559603468856,0.00138938333393117,0.00521567096387029,0.0123549620455626,0.000314625598915486
"2836",2012-06-12,0.0167120931937556,-0.00473266656380937,-0.000720307324578839,-0.00129291797274895,-0.00438255855583557,0.000313892136047933
"2837",2012-06-13,0.00291937861406344,0.00401203218113818,0.00298402538012421,-0.0146704977525164,-0.00107666090834013,0.000313158538168157
"2838",2012-06-14,-0.00552244903421282,0.00246525891159643,0.00212421809209749,-0.00305080125103568,-0.000137355054193537,0.000312057888091299
"2839",2012-06-15,0.00917418367597282,0.0132500577394252,0.00491538132986785,-0.0173789050545271,0.00850688672021608,0.000312791688583003
"2840",2012-06-18,0.00800810404654128,-0.000394477064737555,-0.00226371930979569,0.00922509416320958,0.00326989384321243,0.000312057888091299
"2841",2012-06-19,0.0185987093645964,-0.00343590373458374,0.00265375456784229,-0.000839248806849029,-0.00557406517797156,0.000311690937172093
"2842",2012-06-20,-0.00223860550337214,0.00147925981879908,0.00214175366096101,-0.00619895430812626,-0.00180502750498996,0.000310956933956108
"2843",2012-06-21,-0.0242600742378846,0.00831437420647684,-0.0080983204797135,0.00709941398641557,0.0132005128027491,0.000310956933956108
"2844",2012-06-22,-0.00336467202075901,0.00151187151350464,0.00115663072660958,-0.000527351519355629,-5.1736172394205e-05,0.000310222795528281
"2845",2012-06-25,-0.0240525198224582,-0.00581424727435029,-0.00357140231099909,0.0137599861336735,0.00331775285609035,0.000308754112837706
"2846",2012-06-26,0.0044179008319425,-0.0143385093172587,0.0061019631475042,0.00794437448515756,-0.00859044372779647,0.000308754112837706
"2847",2012-06-27,-0.00558430538699457,-0.00461769461378006,0.00164982146224489,0.0260471433904255,0.0101508988072916,0.000308386857579501
"2848",2012-06-28,-0.00323783044061039,-0.00846323676322218,-0.000436635129723323,0.0177727509119459,-0.00682950147628163,0.000308386857579501
"2849",2012-06-29,0.0239819728251886,0.00674108778625916,0.00540922707863022,-0.017432275635104,-0.00409605615161248,0.000307652245516987
"2850",2012-07-02,0.0005753028776943,-0.00566756326782621,-0.0125973610041649,-0.00460737055583192,-0.00162481201409804,0.000307284888700243
"2851",2012-07-03,0.0171734282677223,0.00808744821859044,0.00814275981328147,-0.0108031544696297,0.00317802491236362,0.000306917498017922
"2852",2012-07-04,0.00455770910720232,0.0041123163396205,0.00212071407556603,-0.00903930882891355,0.00763604018752863,0.000306182615032125
"2853",2012-07-05,0.00368272594992923,-0.00378670115690757,0.00343701994762579,0.00375368883145339,-0.00392812947245244,0.000304712442399824
"2854",2012-07-06,-0.0122912911310941,-0.0077636620761023,0.00346364883719345,0.0116911562263381,-0.00200146118468095,0.000303241727219516
"2855",2012-07-10,-0.0240672554934061,0.00736925378287198,-0.000602292402593919,0.0160654930692993,0.0117399394202835,0.000301402569673925
"2856",2012-07-11,-0.00181176105802191,-0.00642390109855686,-0.0013544429809973,0.00515638623050239,-0.00055568113558573,0.000300298667608168
"2857",2012-07-12,-0.00483511171821552,-0.00788635390369037,0.00471819363332796,-0.00168320930090383,-0.00609593074246786,0.00029919445968063
"2858",2012-07-13,0.0133791541502828,0.00483444429643208,0.00532367329369581,-0.0105620390243988,0.00168393505487177,0.000299562562984912
"2859",2012-07-16,-0.00865857152750639,-0.00807846273582764,-0.00789433072902129,0.0189795770688655,0.00248332795721564,0.000299562562984912
"2860",2012-07-17,0.00316581923848478,-0.00493009846716716,0.00753226580784632,-0.000917635338838169,-0.00964383895959253,0.000299562562984912
"2861",2012-07-18,0.00917263936158929,0.0050013818935208,0.00191174722232583,-0.0128789588272938,-0.00530422374547997,0.00029919445968063
"2862",2012-07-19,0.00775834600725438,0.0106956748466291,0.00531298636467977,-0.014487770630387,-0.00363673548491583,0.00029882632237288
"2863",2012-07-20,-0.0131149475002898,-0.00066747952317962,-0.00356774263610478,0.00646230274074605,0.0110080984639735,0.00029919445968063
"2864",2012-07-23,-0.015266672281532,0.000758481930230879,-0.0150214541060039,0.0081642302907038,0.00367640155445201,0.000298458151055447
"2865",2012-07-24,-0.00589673927390116,0.00464366635888168,-0.00316514919117323,-0.000821577086433649,0.00895874175456641,0.000298458151055447
"2866",2012-07-25,0.0015189273758727,0.000166695812570449,0.000530592504255434,0.0184922718355548,0.000750338735543656,0.000298089945721891
"2867",2012-07-26,0.0221597732085787,-0.00491405543876318,0.00089090414634661,-0.00621002674500254,-0.0168892165829177,0.000298089945721891
"2868",2012-07-27,0.0358361252693795,-0.00591668780761564,0.0108192993318874,-0.028171412172564,-0.00997477235949323,0.000297721706365994
"2869",2012-07-30,0.00760460444215344,-0.00322394937500368,0.00211519050868338,-0.0118704958141942,-0.00684101246117975,0.000298089945721891
"2870",2012-07-31,-0.0177572109793696,-0.00022573337509019,-0.00130505677693883,-8.64183954296695e-05,0.00734355181332811,0.000297721706365994
"2871",2012-08-01,0.00260837542557527,0.0237484790700241,0.000456588460506764,-0.00903843181192614,0.0184182156366154,0.000297721706365994
"2872",2012-08-02,-0.00985994676931411,0.00364890889918822,-0.00344371053594262,0.0127546195888023,0.0111947297404905,0.00029735343298154
"2873",2012-08-03,0.0184492953936284,-0.00122910073863186,0.0105118633824642,-0.0211551972655031,-0.016553646696402,0.00029735343298154
"2874",2012-08-06,0.0136276981995178,-0.000931213310972817,0.00040003789567368,-0.017179577490676,-0.00297774878586067,0.000295143077718718
"2875",2012-08-07,-0.00283643438272723,-0.00432191457197188,-0.000428192552841686,0.0166740112004049,0.00782238330579825,0.000295143077718718
"2876",2012-08-08,0.0145771026190567,0.00496428330899351,0.00329074635987146,-0.0107308032403502,-0.00741134525387186,0.000294406020115989
"2877",2012-08-09,-0.00531253581565999,-0.00134986023797138,0.000263764629259141,-0.00907527745433264,-0.00431647784562295,0.000294037440189632
"2878",2012-08-10,0.00650274367500286,0.00380933332579823,0.0112826883214871,-0.00220677802218999,-0.00288999435885429,0.000293668826171434
"2879",2012-08-13,-0.00466195817476296,0.000640238184663883,-0.00212792910213586,0.0043560644173186,-0.0012853053473475,0.000292562779502958
"2880",2012-08-14,-0.00930775582887395,-0.00497088814291179,0.00191268070065771,0.0180679473208075,0.00698800254682214,0.000291456425780989
"2881",2012-08-15,0.00111396281750591,0.00217359695342276,-0.00353240306061588,0.00433918743432428,-0.00592832241677572,0.000291087572943383
"2882",2012-08-16,0.0124318043050167,0.00473062785592481,0.00969093100022325,-0.0153938036547243,-0.00706961985681444,0.000290718685963309
"2883",2012-08-17,-0.00573292584045334,0.00840660178504607,0.000590415135145027,0.00189945363745694,0.00787443385288054,0.000289980809550672
"2884",2012-08-20,-0.000550574881661523,0.00587006130117722,0.00340453626422977,-0.0163833323128043,0.00234369483135272,0.000288873738705675
"2885",2012-08-21,-0.00912444173894444,0.00911599724286472,-0.00507100214645748,-0.00322278541448533,0.00291750923842604,0.000288135520584154
"2886",2012-08-22,0.0062560321397889,-0.00227508975122157,0.0031854663398459,-0.00990202200987269,-0.00685188804300626,0.000287397165690262
"2887",2012-08-23,-0.00886704444381852,-0.00632172369050591,-0.00953625214182529,0.00859554121481553,-0.0024653018423526,0.000286289376790094
"2888",2012-08-24,-0.00150474891706576,0.00939234903983586,0.00372458805284828,0.00332014694439772,0.00513365347146765,0.00028665867397315
"2889",2012-08-27,-0.00317447709145385,0.00231908581552767,-0.00782848015315496,0.00883578733402479,0.00701952931641248,0.00028481184574547
"2890",2012-08-28,0.00162929606357284,0.00446705750872977,0.00407707884745941,-0.000413649609490457,0.00284616964801001,0.000283703337856211
"2891",2012-08-29,-0.0145954110077731,0.0168859444682031,-0.0108665775630523,0.0110014808834726,0.0138597064399648,0.000282594521542334
"2892",2012-08-30,-0.00330113057377698,0.0149223148398041,-0.00390315306572162,-0.00378016309903003,0.00706335668002948,0.00028111561972155
"2893",2012-08-31,-0.00369102880834124,0.00975183773149164,-0.013257166266406,9.57933552255593e-06,0.00253564516604983,0.000281485396631753
"2894",2012-09-03,0.00410717306334139,-0.00230548664405221,0.00315264219558116,-0.00401239959770329,0.000893359158783992,0.00028074580849724
"2895",2012-09-04,-0.013124749449734,0.00483856074799119,0.00237025366924608,0.010938628752752,0.0156244301032705,0.00028074580849724
"2896",2012-09-05,0.0093599774250954,-0.0273270106441131,0.00331367740201891,-0.00119011151803623,-0.0149596804810092,0.00028074580849724
"2897",2012-09-06,0.021485765721976,-0.00857909147052139,0.00115231467233298,-0.0118806166096072,-0.0111140888331787,0.00028111561972155
"2898",2012-09-10,-0.00137339800766577,0.00511252211223486,-0.00570630499059201,-0.00562878507254033,0.00690776476616032,0.000281485396631753
"2899",2012-09-11,0.00949319188258572,0.00665050662875703,0.00721168435011913,-0.0179254740363369,-0.00572999662134201,0.00028111561972155
"2900",2012-09-12,0.000457181722564455,0.0309802660448073,-0.00574410445609228,-0.0406452189815718,0.012360292216588,0.00028111561972155
"2901",2012-09-13,0.0236224653305237,-0.0047305827733659,0.0237753759650538,-0.0234168204378173,-0.0109488298458838,0.000280006083081208
"2902",2012-09-14,0.00607176822142059,-0.00614427527015074,-0.00534801848885929,-0.00767645613416927,-0.00141582424701668,0.00028074580849724
"2903",2012-09-17,0.000295427384755137,-0.00363465916942151,-0.006143989176234,0.0124723930488258,0.00448216089409866,0.00028074580849724
"2904",2012-09-18,-0.00452123230666245,0.002941479117361,-0.00431561654098543,0.00175928186470987,-0.00415933312373679,0.00028074580849724
"2905",2012-09-19,-0.00482310001038877,0.00593626901412857,-1.47390033457154e-05,-0.00403827914567206,0.00387521082926297,0.000280006083081208
"2906",2012-09-20,0.00116857191325274,0.00300295362623279,-0.00125202846567432,0.000839900497706578,-3.68929238094223e-05,0.000280006083081208
"2907",2012-09-21,-0.00193904762719913,-0.00195568193949361,-0.00459351408172057,0.0121587721597698,0.00164752379872402,0.000280375962952606
"2908",2012-09-24,0.00542658597354801,-0.00440556299092109,0.00981783440006399,-0.00429375572274331,-0.00271656280515135,0.000279266220332586
"2909",2012-09-25,-0.0212733441666185,0.0183474227524192,-0.000765980983872649,0.00587869940778243,0.012765764843496,0.000278896237442483
"2910",2012-09-26,0.00037169313414589,-0.00720375423179283,-0.00085315605512597,0.0125658533904371,-0.00639166945230647,0.000278896237442483
"2911",2012-09-27,-0.00148363656608144,0.00015916648118532,0.004847582847853,0.00335996912110916,0.00690356861310024,0.000279636168876607
"2912",2012-09-28,-0.0116932067764239,0.00916193085172627,-0.00290023839670923,0.0165295036645282,0.0167140216284102,0.000279266220332586
"2913",2012-10-01,0.00789203481665356,0.00608042995424004,-0.00375410399560632,-0.00585754169155045,0.00334491633178916,0.000278896237442483
"2914",2012-10-02,0.00133407165697335,-0.00191447779617522,-0.00269836236654961,0.0194174943627632,0.00562455649511607,0.000277786082632625
"2915",2012-10-03,-0.0104085100247415,0.00882287205031238,-0.00986572494356222,0.00599773985970209,0.00906968458716254,0.000277415962294691
"2916",2012-10-04,0.0031644652858421,-0.00581820628632381,-0.00472254485458893,0.0121344256631262,0.00159979747886674,0.000277045807579146
"2917",2012-10-05,0.00399869801283675,0.00500270930769433,0.00473243536365224,0.00543816676613365,-0.00145285956638566,0.000275194518107869
"2918",2012-10-08,0.00851997697975873,-0.00407881786534202,-0.00402338539300158,-0.00875444990801286,-0.00401438820995784,0.000274824156990316
"2919",2012-10-09,-0.0101694626606138,0.00586320469190207,0.00138462525623288,-0.00479556702626368,0.00214868978322,0.000274453761449855
"2920",2012-10-10,-0.00620374402954559,0.00429892823382199,0.00280501549724362,-0.00720296426889344,0.0141959839283751,0.000273712867075337
"2921",2012-10-11,0.00989970478749279,0.00265441452663657,0.0090324065385244,-0.0109890332270241,0.00949858396124594,0.000272601267182537
"2922",2012-10-15,0.00544419739389375,-0.000642307862960007,0.0019937169797343,-0.0112718110628826,-0.00226116251975864,0.000271860028291604
"2923",2012-10-16,0.00472883796210955,-0.00721339240879713,0.00715670147431999,0.0111116603013439,-0.00482634782378057,0.000272230664970952
"2924",2012-10-17,0.00256728403408673,0.00158391259668006,-0.00337881381356688,-0.00121218877021218,0.00426816073723213,0.000271860028291604
"2925",2012-10-18,-0.00228179659596777,-0.0038295893253181,0.0051561082819125,-0.00400208345874477,-0.00297650035865639,0.000271860028291604
"2926",2012-10-19,-0.0101836643840987,-0.00401115449143932,0.00112995269384356,0.00797848488520935,0.00256765618404588,0.000272230664970952
"2927",2012-10-22,-0.00490237832090739,0.00112168626576502,0.000505704628724942,0.000497382529237096,-0.000547627666883457,0.000271860028291604
"2928",2012-10-23,-0.015189438954395,-0.017100662746276,-0.0133883398196979,-0.0049652171311029,-0.000875246980610041,0.000272601267182537
"2929",2012-10-24,-0.00250656307989863,0.00495066796281163,-0.00283462997648681,0.00674498420774392,0.00590224035824874,0.000272601267182537
"2930",2012-10-25,0.0102132296859485,-0.00611403332009474,0.000957835766525985,-0.00180522707506282,-0.000743636085248543,0.00027334236822818
"2931",2012-10-26,-0.00279067926998789,-0.0027635809840199,-0.00197951041235599,0.0182253917274377,0.00515287700316371,0.0002729718349328
"2932",2012-10-29,-0.000521531052375875,-0.00829749768013298,-0.00322905366449894,0.00498741306986732,0.00234912756499177,0.000272601267182537
"2933",2012-10-30,0.00542401101133254,-0.00571802732975834,0.000664351809413763,0.000793611928156322,-0.00862794218171718,0.000272230664970952
"2934",2012-10-31,-0.00891654479217931,0.0113969168190842,-0.00657689181288536,0.00654105270453377,0.00884169172414466,0.000272230664970952
"2935",2012-11-01,0.017954695794837,-0.0103483047714357,0.00162089445935324,-0.00551213118006844,-0.00829617935874617,0.000272230664970952
"2936",2012-11-05,0.000494372505150094,0.00841194425616623,-0.0053150381705106,0.00779384320260191,0.0039520652747055,0.0002729718349328
"2937",2012-11-06,0.0116432661742021,0.00389678444099381,0.0026456111623824,-0.0228767133017567,-0.00755442144571367,0.00027334236822818
"2938",2012-11-07,-0.0130619134755787,0.00756895123302595,-0.00398995746816115,0.0107272460113225,0.00700825276585883,0.000272601267182537
"2939",2012-11-08,-0.0154419343222244,0.0014921928432465,-0.00819811193295347,0.0107254364771404,0.00442542825047647,0.00027334236822818
"2940",2012-11-09,-0.00346338182544269,0.00454387974319637,0.00302018109731858,-0.0058480874512175,0.00286583604314357,0.0002729718349328
"2941",2012-11-12,-0.00518242057345546,-0.00118270999903094,-0.00149299111993017,-0.00153104272865336,-0.00396292472701341,0.000272601267182537
"2942",2012-11-13,0.0087862724893653,-0.0116158101464914,0.0069713218008472,-0.00548772774707984,-0.0131061824795234,0.000272601267182537
"2943",2012-11-14,-0.014367399188059,0.00836023662872572,-0.0102449401668509,0.0169225827456257,0.018223196182782,0.000272230664970952
"2944",2012-11-16,-0.00520573626203333,-0.00547175856764501,-0.0151646053977794,0.0218153422606071,0.00508875216902231,0.000272230664970952
"2945",2012-11-19,0.0107111395993494,-0.0043260337133892,-0.00808409835167284,-0.00650106950495145,-0.0150274059170013,0.0002729718349328
"2946",2012-11-21,-0.000514798449172261,-0.00490478508863617,0.00313328265778102,0.00927746957503003,-0.00675561356499072,0.000271489357138277
"2947",2012-11-22,0.00143890742989144,0.00181160869012176,0.00210022118303995,0.00100363551226911,0.00316277830485878,0.000270747911383706
"2948",2012-11-23,0.0166323326181491,-0.00568762942023013,0.0156904650131891,-0.0183281512414429,-0.00343400753996749,0.000271118651504532
"2949",2012-11-26,-0.00964911269723029,-0.00888789318410245,0.00363565785111278,0.0111634242546134,-0.00188580597265543,0.000271489357138277
"2950",2012-11-27,-0.00774832721860791,0.013876318205622,-0.00609311255502722,-0.00252521848676155,0.0153441823399247,0.000271860028291604
"2951",2012-11-28,0.00428907412643435,-0.00562939287739336,0.00494653268827589,0.00268329632933934,-0.00450220813911083,0.000272601267182537
"2952",2012-11-29,0.0137537600734692,0.00127343163312661,-0.00741692138921943,-0.0218471251246003,-0.0138186311118352,0.000272230664970952
"2953",2012-11-30,0.000529726502344206,0.00321585403460738,0.00144626000269298,0.00383071800155812,0.0080543552435888,0.000272230664970952
"2954",2012-12-03,0.0096183533447551,-0.000706030967156833,0.00739725340981004,-0.0116255521484346,-0.00679835964237481,0.000272601267182537
"2955",2012-12-04,-0.00943998087985569,0.0131685968683536,-0.00500368231256335,0.00134100427379832,0.0100865459238406,0.000271489357138277
"2956",2012-12-05,0.00119325931464207,0.00778804858417828,-0.000517673451322333,0.0068339972308405,0.0060711038284726,0.000272230664970952
"2957",2012-12-06,-0.00145590738177436,-0.00442942695103752,-0.000835811545438949,0.00681910320316851,-0.00772823925664728,0.000271118651504532
"2958",2012-12-07,0.00671335640594349,-0.0011620802009409,0.00650271627609381,-0.0106155587910838,-0.00135915780758702,0.000271489357138277
"2959",2012-12-10,0.00766038399143842,-0.00385214454955929,-0.00813458852676761,-0.00641975403785381,-0.00800926937801103,0.000271118651504532
"2960",2012-12-11,0.0088900403716678,-0.00316278887248756,0.00129048636369249,-0.00236511656898753,0.000489333851466992,0.000271118651504532
"2961",2012-12-12,-0.00157889800634046,0.00426655521647049,-0.00390997527613865,0.00288706870966602,0.00857830853449818,0.000270377136769584
"2962",2012-12-13,-0.00196458308849622,-0.00317913795821316,-0.00273491530946028,-0.00216521060412551,0.00206263870409128,0.000269635484035469
"2963",2012-12-14,0.00495833758249697,0.0037422569690713,0.00927597739503016,-0.000441301974734544,0.009645859906068,0.000269635484035469
"2964",2012-12-17,0.00132603293090057,0.0113015610677313,-0.000481184198219081,0.00490583486892699,0.0110225854649898,0.000269264605902375
"2965",2012-12-18,0.00876329669074895,0.00349407154412503,0.0115997424182299,-0.00894000142782138,-0.00243175306491932,0.000267409697322529
"2966",2012-12-19,0.010083407000268,-0.00400670366777815,0.00249892620314369,-0.00584372997608738,-0.00427835903238719,0.000267409697322529
"2967",2012-12-20,-0.00132601778041142,0.00735054930443039,0.00429403673285428,-0.00271469652351643,0.00311545909146883,0.000268522746072808
"2968",2012-12-21,-0.00176541707223344,0.00109673148887759,0.00763739973579197,-0.0113618566457846,0.00354305272747727,0.000268893693250449
"2969",2012-12-26,-0.00632160545217448,0.0011409784993809,-0.0039256809514518,-0.00460043765989315,0.00425444796844314,0.000267780748115287
"2970",2012-12-27,-0.00558305520411281,0.00133647594934297,-0.00321850925982568,0.014319802326322,0.00414253349412464,0.000267409697322529
"2971",2012-12-28,0.00613928191715355,0.00995666626414315,-0.00111332589909482,-0.00489498427300143,0.00231295087168557,0.000267780748115287
"2972",2013-01-02,0.0181662260491739,-0.00554402230742858,0.0107446804993036,-0.0222378245932144,-0.0171874074697601,0.000267780748115287
"2973",2013-01-03,0.0129853050086853,-0.00205814066019198,0.00649491253639379,-0.00923693295022457,-0.00719570726475126,0.000267780748115287
"2974",2013-01-04,-0.00724011690310144,-0.00801512160467308,-0.0109675662055555,0.0120808016191818,0.00102053671515283,0.000267038611978299
"2975",2013-01-07,-0.0092550022426022,0.00624188409309146,0.0056995243153667,0.00162733552755298,0.00757752469507701,0.000267038611978299
"2976",2013-01-08,-0.00798577928281467,0.00060803147009111,0.00449921700364761,0.0129515359740823,0.00920240665001514,0.000267409697322529
"2977",2013-01-09,0.00900992924776171,-0.00238612456813594,-0.00227601712694114,0.00148780721502055,0.00310699491104665,0.000266667492076156
"2978",2013-01-10,-0.000595176136687908,-0.0104979561261779,0.00678661997395591,-0.00399665851384068,-0.00653407527539853,0.000265925148573043
"2979",2013-01-11,-0.00345051750378889,0.00456620990749675,0.00238603677975597,-0.00243249643242847,0.00717292889590798,0.000266296337609884
"2980",2013-01-14,0.00617963515019774,-0.0021949487541576,0.00618639578734416,-0.00421791755668611,-0.00502303048068055,0.000265925148573043
"2981",2013-01-15,-0.0041612501973254,0.00142919761590781,0.00760771376460871,-0.0103354216795506,-0.000766200023648044,0.000266296337609884
"2982",2013-01-16,0.0062049084646209,-0.0117902601615549,-0.00553963240435604,0.00879873518250454,-0.00251293121396291,0.000268522746072808
"2983",2013-01-17,0.00721196794835072,0.00198744764188881,0.00928928206941836,-0.0050821297935118,-0.00111820426907354,0.000267780748115287
"2984",2013-01-18,-0.00268088138346203,-0.00363322436337648,0.00322585890232759,0.00149375878423359,0.00235016282343536,0.000268151764363234
"2985",2013-01-21,-0.00078594503311418,0.0041957912921384,-0.00358302181126304,0.00576327782998137,0.00343798282864522,0.000267409697322529
"2986",2013-01-22,0.00191934822898715,-0.00603741698774669,-0.0047350975487549,0.00568492992040234,-0.000590127415965984,0.000268151764363234
"2987",2013-01-23,0.000418927239549665,-0.00108794937266913,0.010315786858098,-0.00574753520181458,0.000823077146680654,0.000267409697322529
"2988",2013-01-24,-0.00625556352243949,0.000848025537266895,0.00613336147142212,0.00792866835794327,0.00993740028132403,0.000267780748115287
"2989",2013-01-28,-0.0168320337664441,0.00388474489913619,-0.00662385392027668,0.0135440465289779,0.0046450932821277,0.000267409697322529
"2990",2013-01-29,0.00506234226169442,-0.00916266358704972,-0.00300902925930469,0.00284497464874037,-0.0092668549164087,0.000267038611978299
"2991",2013-01-30,-0.0132327012851737,0.000705514041684957,-0.00152326956530814,0.0165696592401346,0.00896216332570162,0.000267409697322529
"2992",2013-01-31,0.00845400533445819,-0.00448856335844558,-0.0092559003414369,0.00719193144639475,-0.00193118742570264,0.000268151764363234
"2993",2013-02-01,0.00382836967160028,0.0193279136246587,0.00223966913348968,-0.00786129814327848,0.00858286926288688,0.000267780748115287
"2994",2013-02-04,-0.00803044592526428,-0.00390536018519762,-0.0106086665621953,0.00865056574906506,-0.000988623706099922,0.000268151764363234
"2995",2013-02-05,0.000528097236753865,-0.00222559550329142,0.00605489265422757,0.0014703196557477,-0.00924866622071417,0.000267780748115287
"2996",2013-02-06,-0.00768792474675203,-0.0041394626720613,-0.0107187632534203,0.0140986706154935,-0.00233006937772361,0.000267780748115287
"2997",2013-02-07,-0.00856310504533637,-0.004584927536488,-0.00878024465919851,0.00192417266646544,0.00110144187588665,0.000268893693250449
"2998",2013-02-08,0.00323727494274014,0.0106211319222238,0.00136398161931062,0.000722956689596647,0.00438928334391721,0.000268151764363234
"2999",2013-02-13,-0.00150437934724969,-0.00711023376759843,0.00116253086154913,0.00491900622263221,-0.00737648381329371,0.000268151764363234
"3000",2013-02-14,-0.00558655560713413,0.00900629979462311,-0.00845893935076816,-0.000208554597616025,0.00129830028611561,0.000268151764363234
"3001",2013-02-15,0.00266436076169109,-0.00766580039010301,-0.00177295995649613,-1.63872749408852e-05,0.00360730834615348,0.000268522746072808
"3002",2013-02-18,-0.000206633685710382,-0.00353351735172248,-0.00105504862162879,-0.000983715946522574,0.0027951528925813,0.000269264605902375
"3003",2013-02-19,-0.00140670057228291,0.00195653831882608,-3.65299743977903e-06,0.0041972274920711,0.00249953286317417,0.000268893693250449
"3004",2013-02-20,-0.0147725900500889,-0.00112748505612507,-0.0115442358732492,0.0114649851508285,0.0063832029565731,0.000268522746072808
"3005",2013-02-21,-0.00554187277991599,-0.00672128480728511,0.00177433761614872,-0.00376564793437718,-0.00297053022728943,0.000268522746072808
"3006",2013-02-22,0.0074726146468394,0.00829223859960939,0.00797489457549682,-0.00945796018788556,0.000590235862333892,0.000270006327655503
"3007",2013-02-25,-0.00299658745986937,-0.0026991011512727,0.00237026089181635,0.00210839504674002,-0.00159256070701931,0.000269264605902375
"3008",2013-02-26,0.00263500608058253,-0.0049068232770963,-0.00399611157849719,-0.00316798579250415,-0.00486326143665705,0.000270747911383706
"3009",2013-02-27,0.000500221856937041,-0.00118803732181278,0.00791950984211614,-0.00214714539985434,-0.00584209681912097,0.000270006327655503
"3010",2013-02-28,0.00838106303694468,0.00313241987735544,0.00156853634623026,0.00624368119011879,0.00879238431812171,0.000270006327655503
"3011",2013-03-01,-0.00218683466155167,-0.00616834933624831,-0.0127892766621267,0.0130780216688714,-0.000913547246318497,0.000269264605902375
"3012",2013-03-04,-0.00640183669488244,0.00684365798284632,0.00508329306207879,-0.00698707797837031,0.00231354256685009,0.000269264605902375
"3013",2013-03-05,-0.00234618642456516,-0.00576266402882824,-0.00974890095022102,0.0151944133671697,0.00291408536118384,0.000270006327655503
"3014",2013-03-06,0.0266342326296295,-0.00584601150530015,0.0127799536573502,-0.0132670579215547,-0.0135460514926225,0.000270006327655503
"3015",2013-03-07,0.00461549437843606,0.00715191140290598,0.0151546037792466,-0.0364905121570659,-0.00164609580513363,0.000269264605902375
"3016",2013-03-08,-0.000809551937899472,-0.00146632176012246,-0.00148742777701845,0.00634385971664699,0.00166243631250028,0.000269635484035469
"3017",2013-03-11,0.00288202358963331,0.00741183339716825,0.00284551460212093,0.00533530389104453,-0.00140101457954291,0.000269264605902375
"3018",2013-03-12,-0.00744943313856505,0.0100266154046721,0.000655295822048432,-0.00170932112069607,0.0114575459687967,0.000269635484035469
"3019",2013-03-13,-0.0088015818258165,-0.00170725589066479,-0.00861430631256013,0.0121672665311204,0.00431172964251787,0.000270377136769584
"3020",2013-03-14,0.0025477076693106,-0.0100665193843153,-0.00332603969322298,0.0102597517853695,0.00244896199264656,0.000270006327655503
"3021",2013-03-15,-0.00731177118203599,-0.00446581849630313,-0.00102936488971827,-0.0059331927807816,0.00210431526837745,0.000270006327655503
"3022",2013-03-18,0.00106248521737183,0.00172647442852891,0.00247178238648854,0.00016572880653343,-0.00161539813206646,0.000269635484035469
"3023",2013-03-19,-0.00776263460357358,-0.00125815145180551,-0.00965134677528515,0.0119974502304283,0.0033239662158761,0.000269264605902375
"3024",2013-03-20,-0.00200460892163793,-0.00606158023544832,-0.000929549417998248,0.0149515795869909,0.000120716594121328,0.000269264605902375
"3025",2013-03-21,-0.00777380760983075,0.00196294007980394,8.01075352866443e-05,0.00478919646583958,0.000795383871686419,0.000269635484035469
"3026",2013-03-22,-0.0042750145369616,-0.00580886393097632,0.000270890663229655,0.0130935956583514,-0.00678948578070654,0.000269264605902375
"3027",2013-03-25,-0.00678140146344316,0.0058459627550129,-0.00596222930922036,0.0103343235102922,0.00340219707685316,0.000269635484035469
"3028",2013-03-26,0.0106354629071778,-0.0060594445541409,0.0133928013504727,-0.0140391378414991,-0.00739894956030749,0.000269264605902375
"3029",2013-03-27,0.00470592843950782,-0.00811950367662361,-0.00248574514340926,0.00586811397287644,-0.00432288594101274,0.000268893693250449
"3030",2013-03-28,0.00820920696589028,-0.00166816227186261,-0.00576145684115859,0.00405426504103429,0.00231003663759656,0.000269264605902375
"3031",2013-04-01,-0.00701071682468637,0.00150697857049961,0.00308090045116314,-0.00991716150630089,0.00246778982076649,0.000270006327655503
"3032",2013-04-02,-0.0103724389936112,0.00264501499781299,-0.0177633466379626,0.0141621036587572,0.00689967020677455,0.000270377136769584
"3033",2013-04-03,0.00570183683946384,-0.0061518246328366,0.00975587812976414,-0.00697097672183176,-0.00803144297549524,0.000271489357138277
"3034",2013-04-04,-0.0137764468442425,0.00979219242434165,0.00618582108836297,-0.00111364223730825,0.00384057007829471,0.000271118651504532
"3035",2013-04-05,0.00263478616722318,0.00521829576999038,0.0128437114038286,-0.00567276625228641,-0.00322625636784725,0.000271118651504532
"3036",2013-04-08,-0.0013578781114779,0.00671210801193721,0.00179582559748514,0.00485670790734361,0.00188548208543768,0.000271860028291604
"3037",2013-04-09,0.0152053485187876,-0.00667775060761058,-0.00169971900117734,-0.00497743123788841,-0.00519688633418881,0.0002729718349328
"3038",2013-04-10,0.00557421726896758,0.00681598006871507,0.00411291132284788,-0.00546862763637051,0.00557469719975577,0.00027334236822818
"3039",2013-04-11,-0.00959969560788202,0.00523238976213289,-0.00124769219576542,0.00370554177949524,0.0100256565267641,0.000274453761449855
"3040",2013-04-12,-0.00780760064529053,0.0032693364875068,-0.00348979327568057,-0.00298669892858884,-0.000769777147579764,0.000280006083081208
"3041",2013-04-15,-0.030846452837745,-0.00334636991841169,-0.0158669746002689,0.00766959861921352,0.002484516178245,0.000282594521542334
"3042",2013-04-16,0.0205430458977427,-0.0103895151329415,-0.0010207567049403,0.00112103916321225,-0.00854011170455107,0.000284072874746855
"3043",2013-04-17,-0.0141353234589779,-0.00983485956819315,-0.0229848202748449,0.0163909201717058,-0.00409021122693146,0.000284442377374461
"3044",2013-04-18,0.00237647258403177,-0.00160497387552602,0.00941135438379078,0.00126787665892565,0.000700887164022996,0.000278526220200082
"3045",2013-04-19,0.0119738702435726,0.00522371493335557,0.000491487254669749,-0.000934657157949629,0.00456674875231592,0.000278896237442483
"3046",2013-04-22,0.00191532569180462,-0.000464343321110914,0.00313037330221479,-0.0051018452901691,-0.0018814823523123,0.000278526220200082
"3047",2013-04-23,0.0142266060741325,-0.0112913576302808,-0.00310007025093724,0.00545982021383122,-0.00559850652940083,0.000278156168598942
"3048",2013-04-24,-0.0021987983703934,0.00872600640396236,-0.00610004632540804,0.00462939634877183,0.00143632332204042,0.000277786082632625
"3049",2013-04-25,-0.00294426360068259,-0.00951287604543487,0.00208408622437411,-0.00320633331381018,-0.00308008652829282,0.000278526220200082
"3050",2013-04-26,-0.0146621457874248,0.00708564375546532,-0.00565518579655993,-0.00286908141725715,-0.00069495898365116,0.000278156168598942
"3051",2013-04-29,0.00811720394417265,0.00588071892269656,0.00333174593634914,-0.0102735395970306,0.00282815995080235,0.000278156168598942
"3052",2013-04-30,0.0258190784370539,-0.0111179063691152,-0.00252893072136144,0.00413956107615442,-0.00669482259774372,0.000277786082632625
"3053",2013-05-02,-0.00805899565637601,0.00466244044285124,-0.00555388819503353,0.0133725818170128,0.00882681255554352,0.000278156168598942
"3054",2013-05-03,0.00466618267328322,-0.00080172502164251,-0.00513165643244823,0.00238507084787426,-0.000138927189658714,0.000277415962294691
"3055",2013-05-06,-0.000173851058320194,-0.00810597188624709,-0.00179033985506392,0.00375987675670923,-0.000744134519593072,0.000279266220332586
"3056",2013-05-07,0.0124165688501544,-0.00653933592418929,0.00590674901458884,-0.00520378087144682,-0.00641675424883143,0.000279636168876607
"3057",2013-05-08,-0.00239182835142939,-0.00336892079314267,-0.00194813906758108,0.00391707987397915,0.00418987443066839,0.000280006083081208
"3058",2013-05-09,0.00155985279523417,-0.00154112557112943,-0.00608065656328489,0.0109102878611515,-0.000176384452773199,0.000281485396631753
"3059",2013-05-10,-0.00411324133542139,0.00450775806029551,-0.00373085831934995,0.00235939139362353,0.000713816600842253,0.00028185513923451
"3060",2013-05-13,-0.0111217700527088,-0.0122222602575076,-0.00724442531456352,0.0074940610788557,-0.00333088498038597,0.000282224847535817
"3061",2013-05-14,0.00557158973403093,0.00356042586916551,-0.00763405217442437,-0.00918019364916984,0.000668302803539152,0.000283333766696092
"3062",2013-05-15,0.00346611548336795,0.00273150302474649,-0.0059530266934036,-0.00283746875219874,-0.000422290427513351,0.000283703337856211
"3063",2013-05-16,-0.0038235187478986,-0.00686701841048922,-0.00228864230285634,-0.00507743870524841,-0.00461158283354622,0.00028481184574547
"3064",2013-05-17,0.00796444126154208,0.00289090954498536,0.0072221618409001,-0.0108778888884091,0.00492449545512139,0.000285181279866098
"3065",2013-05-20,0.00851047125616035,-0.00782382463086733,-0.00276691206648093,-0.00163330603265932,-0.0109433636156068,0.000286289376790094
"3066",2013-05-21,0.00533180717047013,0.00346498747167046,0.00430954209245638,-0.00952586112443238,-4.45601736135288e-05,0.00028665867397315
"3067",2013-05-22,-0.000125823050457745,0.00299374889226232,0.00208539792372735,-0.00237253306109547,0.00514612940411985,0.000287397165690262
"3068",2013-05-23,-0.00496341673414097,0.00332576351782676,0.00665035382141895,-0.00341629113526637,-0.00148374786002833,0.000287766360236974
"3069",2013-05-24,-0.000762321626819343,0.0183417577313678,0.00617781986854112,-0.00135850907397199,0.0132696773253528,0.000288504646738241
"3070",2013-05-27,-0.00215932794527303,0.0023762426267854,0.00665593678964761,-0.000450141225674505,0.000754940650363019,0.000289611820105673
"3071",2013-05-28,0.00158230667919668,-0.00856366636973185,-0.00695396663571612,0.00949532524633368,-0.00160962328569455,0.000289611820105673
"3072",2013-05-29,-0.0178685549904442,0.00107060335493946,-0.00724798411311288,0.0217212982893542,0.00776474147107562,0.000289242796492672
"3073",2013-05-31,-0.00880886634776245,-0.0278310715529852,-0.0134478455683145,0.00596752928696339,-0.00388461618286978,0.000295143077718718
"3074",2013-06-03,-0.000500426807126168,0.00736069837255051,0.0111043254849931,-0.0204351214305062,-0.00258151163481929,0.000296248408592659
"3075",2013-06-04,-0.00325815761657192,-0.0052660555879719,-0.00147785693876258,-0.00209424635205209,-0.0110951404088467,0.000296616784100978
"3076",2013-06-05,-0.0194073807441454,0.0032990988509755,-0.00627737479583832,0.00105011364672331,0.0100834793047063,0.00029735343298154
"3077",2013-06-06,0.00170122791486043,0.0078366254828332,0.00648980440199265,-0.00439940752202828,0.00741875119400324,0.000298089945721891
"3078",2013-06-07,-0.0147894626223258,-0.0208939874283983,-0.0107637791798703,0.0181532900308186,-0.00636047616118805,0.000298458151055447
"3079",2013-06-10,-0.0041670817955418,-0.00214155900632942,-0.00634304024175484,-0.00155162207541134,0.00134950706478671,0.000299562562984912
"3080",2013-06-11,-0.0249246180432015,-0.0056097928389233,-0.0151816899857587,0.00777311362269301,0.000736684774529428,0.000300298667608168
"3081",2013-06-12,-0.00956667326948679,0.00445888965161025,0.00591877196661852,0.00079958613387629,-0.00271328972295608,0.00030103463629283
"3082",2013-06-13,0.0118963307589234,0.000312993594208151,0.012776906256897,-0.0233203646078756,-0.0136939573020364,0.000301402569673925
"3083",2013-06-14,-0.0134314777994111,0.00706673990463245,-0.00394832378148996,0.00760038656245392,0.00465654806328956,0.000301770469089524
"3084",2013-06-17,0.00357005147792509,-0.0217165987983174,-0.0129452812428444,0.0122917479362587,-0.00853942182420696,0.000303241727219516
"3085",2013-06-18,0.000204108417492658,-0.0105326030640239,0.00737137601356124,-0.0215490007519679,-0.00895802575168035,0.000304344814484381
"3086",2013-06-19,-0.0219268463205705,-0.00656000497203058,-0.0168594180138641,0.0103357587814583,0.00036639033020221,0.000305080036406169
"3087",2013-06-20,-0.00508410717331232,0.00458759406347541,0.0132825324610275,-0.0240725309798689,-0.011776903675121,0.000306917498017922
"3088",2013-06-21,-0.0149392895094138,-0.00392730300203724,-0.0168883588815131,0.0321652568643826,0.0065177969290269,0.000307652245516987
"3089",2013-06-24,-0.0227305056832451,0.000919517920249368,-0.00901771980884788,0.00736556293250699,-0.00253970519948247,0.000307652245516987
"3090",2013-06-25,0.0127101420546437,0.016529558303833,0.0160309283394357,-0.0132026683063028,-0.00151955180470283,0.000308386857579501
"3091",2013-06-26,0.00733365311264923,0.00980130382660792,0.00320563323256509,0.00237553078306257,0.0140647292693015,0.000308754112837706
"3092",2013-06-27,0.014695780942402,-0.00745764309475288,-0.00181509856196156,0.00666178803510785,-0.0073909618872881,0.000308754112837706
"3093",2013-06-28,0.00925753649887535,-0.0172844580035653,0.0016740893896103,0.00727073306666936,-0.00356721825317349,0.000309488521838874
"3094",2013-07-01,0.00191447303450181,-0.0139053345528875,0.00548771694318702,0.0185752072845371,-0.00950932067343073,0.000310222795528281
"3095",2013-07-02,-0.0360339792169866,-0.0107117507814513,-0.0114505964308649,0.0144701895651932,-0.00337306667809224,0.000309488521838874
"3096",2013-07-03,-0.00327460635775318,0.00730654249011671,0.0050572444953085,0.00454795676328413,0.0104135296185217,0.000310589881646894
"3097",2013-07-04,0.0083617166037771,0.00451572936615017,-0.00977130931132566,-0.0124112266205455,-0.00124174652530663,0.000311323952462361
"3098",2013-07-05,-0.0115745384405694,0.00310445158372386,7.5244095551495e-05,-0.00821213179369787,4.61202247202712e-05,0.000312057888091299
"3099",2013-07-08,-0.00249002816373035,0.00561920734535256,0.00224688571467695,-0.00276550227012357,0.00418423123686033,0.000312424805226197
"3100",2013-07-10,0.007295699479073,-0.0101341334404154,0.00639156009811885,0.00343139576273839,-0.00833276924676406,0.000314625598915486
"3101",2013-07-11,0.0214671472215303,0.00470808783961693,0.010382254049736,-0.00133686536529986,0.00396875142218816,0.000314258884355212
"3102",2013-07-12,-0.012860590408996,-0.00996854659992287,-0.0128644365938037,0.0329558835140506,-0.0033645611565663,0.000314258884355212
"3103",2013-07-15,0.0152953558288596,0.00446503378416604,0.0137645519974593,-0.0210538446046231,-0.000982266291638959,0.000314258884355212
"3104",2013-07-16,0.00314299157869111,0.00562933325140972,-0.00176829016036992,0.00141295161604202,0.00417454959169753,0.000314625598915486
"3105",2013-07-17,0.0058363150993544,0.00232567798092114,0.00922279598429189,-0.00475427655041516,-0.0033876697673008,0.000314625598915486
"3106",2013-07-18,-7.84520887932858e-05,-0.00605338490407345,0.0125509633781496,-0.0064097985255482,-0.00586405291451163,0.000314992279734971
"3107",2013-07-19,-0.00709128410252939,0.00971688319672966,0.0062158992945645,-0.00106666325304978,0.00653784907813136,0.000314625598915486
"3108",2013-07-22,0.0199929498150417,-0.00550668305104828,0.00125196801145559,-0.00657669632373694,-0.00857218863079795,0.000314625598915486
"3109",2013-07-23,0.00531375336982109,0.00213508878402168,0.00454049776876066,-0.00231486797317087,0.00215862798525382,0.000314992279734971
"3110",2013-07-24,-0.00736395276301609,-0.00109342745996403,-0.00435884312610787,0.00901856512301941,0.00323605352003605,0.000314625598915486
"3111",2013-07-25,0.00801357497364919,0.00623618130457718,0.00501998055789436,-0.0100230387367979,0.00055897296552339,0.000314625598915486
"3112",2013-07-26,0.00204581172513573,-0.0100811675967499,-0.00030734539244089,0.000478556777526203,-0.0146033718237858,0.000315358926820331
"3113",2013-07-29,-0.00451248953437106,-0.0023030799337941,-0.0029619314476248,0.00428006939683437,0.00209435715748921,0.000315725540177336
"3114",2013-07-30,-0.00537863615537434,0.0023774128668241,-0.0118389829130779,0.0107910748907026,0.00292719658469179,0.000314992279734971
"3115",2013-07-31,0.00179346744949266,-0.00954093814640555,0.00104332039175503,0.00769498617706716,-0.00265089387433329,0.000315358926820331
"3116",2013-08-01,0.0178611578325583,-0.00236659635125558,0.0152315072608246,0.002022689303144,-0.0046221337195596,0.000315358926820331
"3117",2013-08-02,-0.00815863732855357,0.00682270253512948,-0.00658740778362596,0.0118965361198029,0.00761825898315519,0.000316092119812206
"3118",2013-08-05,-0.00492836796560011,-0.00309013841136761,-0.00605357364098704,-0.000176346085014893,-0.00154284662425794,0.000317924512374779
"3119",2013-08-06,-0.0177844782181645,0.006939388297755,-0.0125791182797265,-0.00110540154984111,0.0068242752036036,0.000318290889808281
"3120",2013-08-07,-0.000352072868155023,0.00813062531213672,-0.0052588024775181,-0.000127505860644946,0.00643401297920764,0.00031902354364588
"3121",2013-08-08,0.0196405092100353,0.00464718334793747,0.0179670779590928,-0.00904592896119917,-0.00717096252655504,0.000319756062818977
"3122",2013-08-09,0.00964553322606805,0.0105518692772274,0.00749372027037428,-0.00027258318720145,-0.000642124174462039,0.000319756062818977
"3123",2013-08-12,0.00222216127724389,0.00438656965729436,0.00666367453077255,-0.0115491185341075,-0.00333915333701982,0.000321586771920401
"3124",2013-08-13,0.00680489332533658,-0.0057112227680459,-0.000701868793386174,-0.00391823301200632,-0.00784696346128804,0.000323050733954666
"3125",2013-08-14,-0.00023421997790622,0.0124542961956,0.00678556290021482,-0.013801931124353,0.00739800429180392,0.00032378251335885
"3126",2013-08-15,-7.98197143663675e-05,-0.00306982649882275,0.009572796546227,-0.000529780123901143,-0.00630281256243826,0.000324514158420719
"3127",2013-08-16,0.00518598891452995,-0.0107316460821493,0.0184375258523461,-0.00134134880050591,-0.0070511385381709,0.000326708288044264
"3128",2013-08-19,-0.0034345343549993,-0.0012789875077868,0.00948931060299677,-0.0128764565918804,0.00784153564122225,0.000328170370318848
"3129",2013-08-20,-0.0205019245921009,-0.00781210591626821,0.00065334764735199,-0.0128999081446877,0.00659391917858185,0.000326708288044264
"3130",2013-08-21,-0.00418235389613303,-0.0176140056961994,-0.00397506418841855,-0.00943591560428933,-0.0124912048123127,0.000328170370318848
"3131",2013-08-22,0.0132154312977776,-0.0107218167103279,0.00176347312751115,-0.00289612226113273,-0.0143806895142083,0.000329631916407447
"3132",2013-08-23,0.00996956278221771,0.0188510039569875,0.00168019564657679,0.00775186537148685,0.0006407085626873,0.000329631916407447
"3133",2013-08-26,-0.0122901243408808,-0.00705125476089034,-0.00973061246869594,0.00406334525264789,-0.000359076716081989,0.000330362488504932
"3134",2013-08-27,-0.0191705156086847,0.0015157889319094,-0.00677372444550178,0.0116488011398154,0.00270849732520603,0.000331092926703747
"3135",2013-08-28,-0.00438074693003369,0.00534275060458929,0.00817624123183898,0.00492662163851785,0.000464281949006264,0.000331823231052741
"3136",2013-08-29,0.00669083909057272,-0.000527516008262896,-0.0095792521491164,0.0101614163853351,-0.00935193363267698,0.000332188333048933
"3137",2013-08-30,0.00772066839225416,0.012639186452254,-0.00108100888226491,0.0205220852476764,0.0148851962015597,0.00033255340160121
"3138",2013-09-02,0.014094408049883,0.00525693205790419,0.0123449793463784,-0.0269533978447195,-0.00778209758488635,0.000332918436715568
"3139",2013-09-03,-0.0123781362757058,0.0160127915250011,0.00719654807059782,-0.0178818143912136,0.0184747749267899,0.000333648406655396
"3140",2013-09-04,0.0038146030246961,0.0015961097003403,0.0062574974337007,-0.000439407913730073,0.00762413663662816,0.000334378242917488
"3141",2013-09-05,0.012359341279317,-0.00892659152415398,-0.000798875165045479,-0.0023188871852783,-0.00828308779329224,0.000334378242917488
"3142",2013-09-06,0.00906845514454578,-0.00103675891293414,-0.0028620521854367,-0.0166180943227431,-0.00770113560129274,0.000335107945550694
"3143",2013-09-09,0.0196649296082455,-0.00666050935864028,-0.00815428549333593,0.00616157996000916,-0.010193062667343,0.000335837514604309
"3144",2013-09-10,0.00655037730403953,-0.0118797838789716,-0.00706180204856732,0.0187185091363424,-0.010023220504553,0.000336202249054063
"3145",2013-09-11,-0.00220128561116119,-0.00179922756646298,-0.00108422177005241,0.00813135910954134,0.00773098283470434,0.000337296252168162
"3146",2013-09-12,-0.0085677975480124,0.0127096928345895,-0.000128144848331742,-0.000614074904999313,0.00404171678531432,0.000338025420776544
"3147",2013-09-13,0.00680239806686297,0.00327448591121127,0.00031517563377249,-0.0132560384413454,-2.80720535883357e-05,0.000337660853148458
"3148",2013-09-16,0.00389244006979236,0.00207305227511996,-0.00956674113319816,0.00390221943192711,-0.000229486899738974,0.000339118923609272
"3149",2013-09-17,0.00352408825618961,-0.00612028683144761,0.00447733894957126,-0.00702305014229027,-0.00454018833990437,0.000339483357890247
"3150",2013-09-18,0.0172495901052415,0.00421923011877573,0.00591277694577841,-0.00380316442508702,-0.00633463950949953,0.000339483357890247
"3151",2013-09-19,-0.000109197313277576,-0.000579505509910878,-0.00899619030715265,3.80999463957307e-05,0.00188651431672307,0.000339483357890247
"3152",2013-09-20,-0.0143854042232741,-0.00012172518339695,-0.00350610972574598,0.00648451973401275,0.00302831134205077,0.000340212126493267
"3153",2013-09-23,0.00660618348780837,-0.00967071749330491,0.00174549497725142,0.00710534721615035,-0.00675712325252659,0.00034094076185931
"3154",2013-09-24,-0.00233238192674716,-0.000502253465007966,-0.00827243492816233,0.00202540498854413,-0.00065631378756935,0.00034094076185931
"3155",2013-09-25,-0.000901096329684667,0.00357758725406083,0.000951092487161721,0.0023090945885575,7.54889164063608e-05,0.000341305029593508
"3156",2013-09-26,-0.00037188831434866,0.00226881319772698,-0.00167645577805108,0.00319138982974062,0.000255282480370302,0.000343489937100205
"3157",2013-09-27,0.00343603264977283,0.00215628674667396,0.00604027103750019,0.000998142254780779,0.00309047914515641,0.000344945876934011
"3158",2013-09-30,-0.0175133226303862,0.00521646897820958,-0.00599671000865552,0.0142121337870753,0.00739130364306343,0.000346401285085562
"3159",2013-10-01,0.0105135459721377,-0.0091359618533658,0.00464576940766767,0.00446618129647118,-0.0146389030217012,0.000347128789901952
"3160",2013-10-02,-0.00150421336838453,-0.000565470518449514,0.000821045027400327,-1.33088292601829e-05,0.00443488992713086,0.00034785616194366
"3161",2013-10-03,-0.00712747098686863,-0.00290817268740386,-0.00400378793880358,0.00665198822999176,-0.00278673675873789,0.00034821979818922
"3162",2013-10-04,0.00469759212566578,-0.00887055969083394,0.00135195178162347,0.00673123449093415,-0.0103258782848012,0.000349310507897105
"3163",2013-10-07,-0.00282424519446993,-0.00503451320957282,-0.00871516375486033,0.0201340084457879,-0.00804823303664295,0.000350400919189475
"3164",2013-10-08,-0.00621383837037259,-0.00692410696731738,-0.00475822685209184,0.00238249383852652,-0.0054612849563329,0.000352217608641681
"3165",2013-10-09,0.00332765255596354,0.00299132772918029,-0.00140136944154364,0.00530223892844544,-0.00405105007288991,0.000352944052618209
"3166",2013-10-10,0.00782432213942063,0.00395365744991738,0.00118220576523888,-0.00119238202398152,0.006865168812361,0.000355122590418588
"3167",2013-10-11,0.00374978144383474,-0.00750719122995659,0.00527964085583078,-0.00391843410438553,0.00545033657020365,0.000355122590418588
"3168",2013-10-14,0.0110138653928137,-0.00788362304297367,0.00843347521706531,-0.0122432863728847,-0.00745458484024838,0.000354396543458257
"3169",2013-10-15,-4.74483350628666e-05,-0.00325032067087164,-0.0005062292202286,-0.0172125906137532,-0.0065278630441749,0.000355122590418588
"3170",2013-10-16,0.00171207796135487,-0.0137977704923615,0.00192332808624591,-0.0183390412017585,-0.00962986688200576,0.000355485564304869
"3171",2013-10-17,0.00184710583542107,0.0026325634168873,-0.0110589277286246,0.0109465307286685,0.00246749042634283,0.000355848505136702
"3172",2013-10-18,0.00218373560781535,-0.0159795327810896,-0.00612309416486723,0.0059472678639736,-0.0111628651683348,0.000355848505136702
"3173",2013-10-21,0.0069821773735277,-0.00961976387105532,-0.000680875093740913,-0.00418767124840476,-0.00601374151379942,0.000355848505136702
"3174",2013-10-22,0.00533966338151531,-0.00177718753772068,1.04023425903117e-05,-0.00512413185888399,-0.00205134745977523,0.000355848505136702
"3175",2013-10-23,-0.013572732319766,-0.00259205984315661,0.00322570568917797,0.00592655114575939,0.00121556062240939,0.000355848505136702
"3176",2013-10-24,-0.0029546208744018,-0.00937835876423957,-0.00577573966845963,0.0132816993362484,-0.0021589979030163,0.000355485564304869
"3177",2013-10-25,-0.00130510172269019,0.0108951370281907,-0.00988542414279526,0.0136822621048294,0.00568099353389538,0.000355848505136702
"3178",2013-10-28,0.0120449725531632,-0.0037679457712441,0.00116545605655267,-0.00280727886463317,-0.00629763045659583,0.000355122590418588
"3179",2013-10-29,-0.00174274870666042,0.000820546926718325,0.00324814352621952,0.00816355113180794,-0.00141202801792134,0.000355848505136702
"3180",2013-10-30,0.00156029083328526,-0.00432291260657648,-0.00056814810954996,0.0167955501783643,-0.00402948495198925,0.000355848505136702
"3181",2013-10-31,0.00547774958605777,0.0183269094107063,-0.00249316002684111,0.0066448821223623,0.0090676717254862,0.000355848505136702
"3182",2013-11-01,-0.00403044443917738,-0.00920058260362308,0.00775898622462754,0.00376210504353255,-0.00561591269925519,0.000356937129365464
"3183",2013-11-04,0.00624675151173231,-0.00121339175636457,-0.000545535768393372,-0.00512603755182656,-0.00347496049335339,0.00035802545632091
"3184",2013-11-05,-0.00890696645304188,-0.00932222807205061,0.00286029229483305,0.0112259195235579,-0.00200550511676736,0.000357662713689422
"3185",2013-11-06,-0.00310532263482977,-0.0137631570475497,-0.00981089489890115,0.0147945988495887,-0.0131088617138022,0.00035802545632091
"3186",2013-11-07,-0.00937732011524189,0.0085877067292373,-0.0074613232821861,0.00219532823638357,0.00870930041601703,0.00035875084255288
"3187",2013-11-08,-0.00982011006867577,0.00126058271210199,0.00176948506072118,5.41067737621359e-05,-0.000991864441159934,0.000359476096783773
"3188",2013-11-11,0.00575244375633856,-0.0117481456656259,0.00240292409573418,2.52172247849802e-05,-0.00715049828649808,0.000361288655172043
"3189",2013-11-12,-0.011695936691684,0.00106638746580516,0.0050773809515751,-0.00849413433537003,0.00905894963220039,0.000361651067950941
"3190",2013-11-13,0.00556609217398227,-0.0103979236239079,0.00715696977186447,0.00107786914409959,-0.0113331952823415,0.000362375794658476
"3191",2013-11-14,0.0161443632820693,0.0112271709894167,0.00752437388402884,-0.0134344653379338,0.0024384903979947,0.000363100389605409
"3192",2013-11-18,0.0127394254805379,-0.00209907979666626,0.00614315053522749,0.00178220156313659,-0.00920775371191672,0.000363824852839478
"3193",2013-11-19,-0.016910842113922,-0.00814495658158722,-0.0186024437771101,0.0135791940137948,-0.00705792743193552,0.000364911300834159
"3194",2013-11-21,-0.00574843280355371,-0.000449246908297784,-0.00198964784441895,0.00505942611733505,-0.000130930543729224,0.000366721389607694
"3195",2013-11-22,-0.0024712587255046,0.0135770962308294,0.000530109494949409,-0.00964290259773035,0.00609641409182038,0.000367083308733696
"3196",2013-11-25,-0.00868550998603062,-0.000696028120029498,-0.00553246058595661,0.00397311492346779,-0.00275860259355382,0.000368168868961405
"3197",2013-11-26,-0.0109899247988445,-0.00284509792827442,-0.01889858075471,0.0170735975435825,-0.00151053517020721,0.000368530656674082
"3198",2013-11-27,0.00701296356244681,-0.0123748489081396,0.000442273069187543,0.00117070026465021,-0.00714642495119683,0.000369254133590013
"3199",2013-11-28,-0.000390450625135287,0.000416177580992803,-0.00161785438846392,0.00268035746087485,0.000213416777009908,0.000370339102780504
"3200",2013-11-29,0.00980181544534384,-0.00681852246628142,0.00219175695633855,-0.00409099701113131,-0.00647433729703379,0.000370339102780504
"3201",2013-12-02,-0.021546893417879,-0.00589328125435567,-0.0095709793889801,0.00668082564080869,-0.00053877939434371,0.000370700693552273
"3202",2013-12-03,-0.0130254483266541,-0.00214500462489296,0.00146921642168655,0.0109530718799437,0.00344534818442885,0.000370339102780504
"3203",2013-12-04,-0.00600170348022976,0.00244309960757938,-0.000100299368971473,-0.0137523652920396,0.00451506904387232,0.000371062251521614
"3204",2013-12-05,0.00698124502795331,-0.000834798557742143,0.000273024873874794,0.00126103697909734,-0.00774007481182325,0.00037142377669408
"3205",2013-12-06,-0.000480530361535248,0.00725893693042159,0.00707252931094343,-0.00794611540641619,0.00776115202357336,0.00037142377669408
"3206",2013-12-09,0.00240721107997803,-0.0105278811143492,0.00305424247341623,-0.0104533475824793,-0.000960876897647112,0.00037214672867325
"3207",2013-12-10,-0.00414161309128247,0.00404429706412151,0.00378695826894547,0.00275318276155496,-0.00321846522654224,0.000373230910816424
"3208",2013-12-11,-0.0156269278942365,0.00414126052982951,-0.001302846339876,0.00572094208764434,0.00411863819063124,0.000372869549537524
"3209",2013-12-12,-8.0186297180955e-05,-0.000258120662646923,0.00561096331825814,-0.00104845779927659,-0.00376196940604399,0.000372869549537524
"3210",2013-12-13,-0.000347605402856515,-0.00343652270436731,0.00113959549292948,0.00479798804573607,-0.00177066990171817,0.000373230910816424
"3211",2013-12-16,0.003242619670928,-0.00515972204558088,0.00122722121377449,0.0043752742202683,-0.00757769485569457,0.000373230910816424
"3212",2013-12-17,-0.00276087228614077,0.0055930239506226,0.0047702174808348,-0.00330550660891153,0.0059778025578174,0.000373953535097504
"3213",2013-12-18,0.00248679647535053,0.0141590863736364,0.0180486051323355,-0.00219896388570866,0.000665481867541853,0.000373953535097504
"3214",2013-12-19,0.0144247864344556,-0.00642962797326432,0.0082458569781306,-0.0072882379932856,-0.0067348729453217,0.000374314798111453
"3215",2013-12-20,-0.003999370995861,-0.00866660809877099,-0.00951612294290751,0.00878695518038369,-0.000212475792037256,0.000375037225916586
"3216",2013-12-23,0.00179540061871125,-0.00489377894559027,-0.00739371328111199,-0.00139146745944281,-0.00522907911876314,0.000375759522797114
"3217",2013-12-26,-0.00180528368184392,-0.00436992276151618,0.010508488376419,-0.0090752930419716,0.011908812833017,0.000377203723974651
"3218",2013-12-27,0.00213798399829377,0.00363160447073223,0.00108413852767703,0.0030544062848069,0.00350137425137485,0.000376842722738413
"3219",2013-12-30,0.00429379274263869,0.00844021033214278,0.00282896457146562,-0.00172641324593545,0.00503503404087755,0.000377203723974651
"3220",2014-01-02,-0.0127984627771189,-0.0177999397188245,-0.0178743836541581,0.0138300691754431,-0.0109081912753109,0.000378286531534267
"3221",2014-01-03,-0.00425804947045013,0.0375878699165657,0.036502136303674,-0.0268708834372108,0.0289899725909489,0.000377925628366693
"3222",2014-01-06,-0.00164784043151086,0.0145395579454693,0.0112583880474943,-0.0114543498575592,0.00902638752886593,0.000378286531534267
"3223",2014-01-07,-0.00560719254263663,0.00011170849427182,-0.00532518515929021,0.00106680910991184,0.00359553673758955,0.000379008239842271
"3224",2014-01-08,0.00173386097971824,-0.000626240056587561,0.0018567521579356,-0.00286366883105047,-0.0014255125020955,0.000379729817486796
"3225",2014-01-09,-0.0235231191057487,-0.000284401876521539,-0.00629996415212255,0.00171141028827498,0.00440871077019175,0.000380090557325241
"3226",2014-01-10,0.00672931695328219,-0.00564364434668508,0.000473037193122272,-0.000471272034254946,-0.00736425697662082,0.000381172580975475
"3227",2014-01-13,-0.00686485187434902,0.00967433819135404,0.00880260477466931,-0.00759216487631997,0.00487670470702841,0.000383335747417002
"3228",2014-01-14,0.0062950743417982,-0.00597684429721756,-0.00137581049367441,0.00535834832445278,-0.00664121553987113,0.00038405654207585
"3229",2014-01-15,0.00549230886381754,0.00178272269728987,0.00597857458700425,-0.00576346200317257,0.00158849502871443,0.000383696161040836
"3230",2014-01-16,-0.00865105925153119,-0.00154579542235923,-0.00192562216178428,-0.00385395905513455,-0.000309825565212285,0.000389098458029258
"3231",2014-01-17,-0.010530223238704,0.00966675404461955,0.00547645066636821,-0.0047628333426357,0.0090093745147849,0.000388738532620225
"3232",2014-01-20,-0.00784038623052619,0.0104059319128422,-0.000113119133593045,-0.00845878448875421,0.00670167146443535,0.000389818211351312
"3233",2014-01-21,-0.000519664840111532,-0.00342854972200357,-0.0110941527875956,0.00529351644069089,-0.00421394771765724,0.000390178039276323
"3234",2014-01-22,0.0125595358847114,0.00318557386429712,0.00564855353446973,-0.00785995388531753,-0.00262718797702819,0.000390178039276323
"3235",2014-01-23,-0.0213097286870493,0.0132652285353313,0.00083180154516474,-0.00485634112471658,0.0088030758443245,0.000389818211351312
"3236",2014-01-24,-0.0112999892051425,-0.0119537340244586,0.00717779536324678,0.00599034992979386,-0.00577955967860451,0.000389818211351312
"3237",2014-01-27,-0.00417935233267169,0.00590067887522461,0.000327926130005077,0.00293275805603717,0.00401454443616024,0.000390178039276323
"3238",2014-01-28,0.00215748329958408,0.00301769719879781,0.00210880070212135,-0.00174293127875226,0.00326482867458151,0.00039053783471843
"3239",2014-01-29,-0.00720657913043836,-0.0105481325849776,-0.00304633284866272,0.00842335728144437,-0.00683525964873143,0.000391257328177463
"3240",2014-01-30,-0.00648574973433267,-0.00228276915093242,-0.000660229885059383,-0.00793792058972983,-0.00175740466106805,0.000391257328177463
"3241",2014-01-31,0.00787679885805975,-0.00410874613759041,0.0015511997362915,0.0074978009483495,-0.0038074399236802,0.000391617026206159
"3242",2014-02-03,-0.0308276786691223,-0.00575544683692771,-0.0162486341025012,0.0100821100420121,-0.00167764579604436,0.000391617026206159
"3243",2014-02-04,0.0148594777297168,-0.00888158124813918,0.00329091389788232,0.00342967922057827,-0.0123881245328422,0.000392336324890996
"3244",2014-02-05,-0.0078086490852851,0.00982294859386612,-0.00386958755703976,-0.00591562070314502,0.00397471314192018,0.00039305549378521
"3245",2014-02-06,0.0240247207953118,-0.0108273132297105,0.00442250266191088,0.0108956194832235,-0.0118913947110388,0.000393774532935875
"3246",2014-02-07,0.00685648460066745,-0.00248774997764882,0.000233060015170277,-0.00275145163255167,-0.00584706801344771,0.00039305549378521
"3247",2014-02-10,-0.00734153445109888,0.00402323037220878,-0.00579762517001327,-0.00510014530649926,0.00451896796558864,0.000394493442389399
"3248",2014-02-11,0.0145680588225576,-0.00512041228885997,0.0139150139596754,-0.00261913114934416,-0.00489228209044073,0.000395212222193075
"3249",2014-02-12,-0.00678866184784481,-0.00546046995877957,-0.00621472934323545,0.0046017204011524,-0.000740278538983174,0.000395930872393535
"3250",2014-02-13,-0.00694818437598723,9.16286678348983e-05,-0.00529483561670642,0.00162889655567011,0.00180943731308431,0.000396649393037629
"3251",2014-02-14,0.00744791707420511,-0.000799932881674034,0.00334876658493982,-0.00643692053299664,-0.00102940385348468,0.000396290148907186
"3252",2014-02-17,-0.0116375061846,0.0104628442795843,0.000992289273374679,-0.00933193910592142,0.00866783735629527,0.000396649393037629
"3253",2014-02-18,-0.0186869497048307,-0.0111394526194084,-0.0259488173096324,0.00366423643590231,-0.000754355228677919,0.000396649393037629
"3254",2014-02-19,0.0094590963845237,-0.00948763185211512,0.0087974077749735,0.00347928701224143,-0.0144635191764056,0.000397367784172209
"3255",2014-02-20,0.00296076966389861,0.000555939068919531,0.00714120779827701,0.00119312109980726,0.00277389628680553,0.000397726931188114
"3256",2014-02-21,0.00109691085393792,0.0133123199975361,-0.00690974249799228,-0.00444713563294985,0.00704059348024611,0.000398086045844126
"3257",2014-02-24,0.000128169126814996,0.0110780355687082,-0.0025358448169583,-0.0068500936112112,0.00872309110179569,0.00039880417810001
"3258",2014-02-25,-0.0113036143463388,0.000239226257760319,-0.0115173754382887,-4.5109861917126e-05,0.00106008013051249,0.000399522180986711
"3259",2014-02-26,-0.000987059222320659,-0.00866797093069676,-0.0133459557088011,0.00305997471597917,-0.00847553115768677,0.000399881133930968
"3260",2014-02-27,0.017229524991389,0.00118003283363902,0.0142557697369065,-0.00933944182568823,-0.00413887637468143,0.00039880417810001
"3261",2014-02-28,-0.00893410088142759,0.00478904806526742,-0.00814624882043287,0.00562692707024259,0.00828691969425297,0.00039880417810001
"3262",2014-03-05,-0.00810003817814151,-0.00550432714888721,-0.0146746520200051,0.00756510873981496,0.00245947380232676,0.000399881133930968
"3263",2014-03-06,0.00964647386237405,-0.0106081449437733,-0.00276050055678722,0.00107750269769434,-0.00880636493730707,0.000399881133930968
"3264",2014-03-07,-0.0152822558935131,-0.000686440244033209,-0.0126252737296793,0.00129468860901194,-0.0005471609412783,0.000399881133930968
"3265",2014-03-10,-0.0145270329854425,-0.000373854270538411,-0.0129237674706085,-0.000589102031522449,-0.00382847533621462,0.000400598942851271
"3266",2014-03-11,0.00474374528432434,-0.0100877694801787,-0.0103844345173808,0.00549006272771573,-0.010539437172034,0.000400957798838641
"3267",2014-03-12,0.00169014869955247,-0.00929696133628315,0.00423600450947542,0.00563858087026836,-0.00643962149563313,0.000401316622518966
"3268",2014-03-13,-0.00866375963533617,-0.00240976678807548,0.00409155824702707,0.00977695399948817,0.00110115025609806,0.000401675413897573
"3269",2014-03-14,-0.0113926075897932,-0.00372336243023458,-0.000410022219397429,0.00547038246267753,-0.00459169036221791,0.000401675413897573
"3270",2014-03-17,0.00541006907496836,-0.00999829965968964,-0.0162547127475909,0.00125548190511956,-0.00579391424213365,0.000402751594282824
"3271",2014-03-18,0.0201814487246313,-0.000475500250521729,0.00954884393061868,-0.00345068680781353,-0.00175374317792381,0.00040311025651385
"3272",2014-03-19,0.00663743129652593,0.00179109368629392,0.0157789866398056,0.00170623698447182,0.000761065331792288,0.000403827484164232
"3273",2014-03-20,0.013062738971995,0.00135689996444322,0.00286258258633171,0.00098065565200906,-0.00105547165685462,0.000403827484164232
"3274",2014-03-21,0.00155171046562472,0.000311932773514209,-0.000719923520339357,0.00195968366575785,0.00292070401552669,0.000403827484164232
"3275",2014-03-24,0.0103335537142861,-0.00885734898474287,-0.00234633574181344,0.0064071890360911,-0.0107766781209262,0.00040454458277206
"3276",2014-03-25,0.00226775957555817,-0.00199695819757054,0.00457361726863415,0.00727264452856218,-0.00327518966318859,0.000405978393044348
"3277",2014-03-26,-0.00237222965123698,-0.0139330558554193,-0.0111783859942106,0.0108309771948382,-0.00868945609371411,0.000404903083699226
"3278",2014-03-27,0.0298490467314945,-0.00377976161968002,0.00848538655774215,-0.00134768378026914,-0.00759964338160102,0.000405619988829597
"3279",2014-03-28,0.000626574542793217,0.00759629586711202,0.00217373682671814,-0.0088156462280043,0.00242043262528724,0.000405619988829597
"3280",2014-03-31,0.0106071384446969,-0.00290795608359985,0.00774029851232417,-0.00391536550285481,-0.010642379186627,0.000405619988829597
"3281",2014-04-01,-0.000862244098713363,0.00400674172549154,-0.000433512966275197,0.0033216898188063,0.0060769392936509,0.000405978393044348
"3282",2014-04-02,0.0237558508169436,-0.00672925758234402,0.0106612701413467,0.00302641063999341,-0.00908943011084117,0.000406336765033322
"3283",2014-04-03,-0.00496556614845192,0.00601439229135575,-0.000736281048602059,0.00090917511393566,0.0119873099376982,0.000407411687703085
"3284",2014-04-04,-0.00721882535825267,0.00200149411971796,0.0079777117650374,-0.00462014167651417,-0.00146005223978178,0.000407411687703085
"3285",2014-04-07,0.0157391686666685,-0.0123733132937743,0.0135914460368384,-0.00424095757916691,-0.0161213284302817,0.000407411687703085
"3286",2014-04-08,-0.0100508143531082,0.0196290709022954,-0.0126401438745125,-0.00454613022702931,0.00993441553462205,0.000407411687703085
"3287",2014-04-09,-0.00671839324885346,0.00058791889945977,-0.0121193197212525,-0.0064863091350614,0.00283981185667256,0.000407411687703085
"3288",2014-04-10,0.00132251074374648,-0.00975888496027595,-0.0146318217622347,0.00239283821856736,-0.000276508574296546,0.000407411687703085
"3289",2014-04-11,0.0148006430196923,-0.00901125838939371,-0.00256916616538248,0.00461474563782738,-0.00930928104996379,0.000407411687703085
"3290",2014-04-14,-0.00486293699491483,0.00239793917223493,-0.00108544941037228,0.00410608120768916,0.00423018482362965,0.000407411687703085
"3291",2014-04-15,-0.0175469421870309,-0.0035383322364132,-0.0161479118185937,0.0105560137334511,0.00231103428753706,0.000407411687703085
"3292",2014-04-16,0.0141757703498606,-0.00377087213932106,0.00318073917807009,0.000545674413797971,-0.00362382744765622,0.000407411687703085
"3293",2014-04-17,0.014359761726943,-0.0099509008688797,0.00735749916611803,0.00833125614492445,-0.00835338812031926,0.000407769930846458
"3294",2014-04-22,0.000422787283482211,-0.00287750947280495,0.00390164290569894,-0.00110956899065463,-0.00109852189951389,0.000407769930846458
"3295",2014-04-23,-0.00833816356685904,-0.0030705817252001,0.00303438329523918,0.00387686468653869,-0.0028414647682831,0.000407411687703085
"3296",2014-04-24,0.00149693039732651,-0.000283025508080297,0.000405666085788206,-0.00676635619895627,-0.00468906975222146,0.000407769930846458
"3297",2014-04-25,-0.00685571911340477,-0.0115971401772395,-0.00593825806432718,0.00908783082545005,-0.00418572797103492,0.000407411687703085
"3298",2014-04-28,0.000379168648811963,-0.00408455351182232,-0.00886121277182087,0.00241913822696474,0.00264065381955898,0.000407769930846458
"3299",2014-04-29,0.00320446755253574,-0.00377041850914347,-0.00386813180708462,0.00482821868210505,-0.010350836527333,0.000407769930846458
"3300",2014-04-30,-0.00771909850337089,0.00740252675026175,-0.00933809262533028,-0.00226737160636223,0.00367277985744228,0.000407411687703085
"3301",2014-05-02,0.0180052342955771,-0.00645836111023573,0.0222617398196334,-0.00157967258431486,-0.0144015836122322,0.000407769930846458
"3302",2014-05-05,0.00888709694562127,0.000311002858148886,0.00141872501022219,-0.0020271992761655,0.00311959445651918,0.000407769930846458
"3303",2014-05-06,0.0058684525768324,-0.00583854100289581,-0.00779383214861251,0.00137293567733044,-0.00361125049196398,0.000407769930846458
"3304",2014-05-07,0.00232189829618732,0.00958023142699844,0.00352958049799821,-0.00935439333454443,0.0095503268811047,0.00040812814179314
"3305",2014-05-08,-0.0104340012768211,0.00365453126216253,-0.00823427621153124,0.00766432558827068,0.00331785029458663,0.000408486320548684
"3306",2014-05-09,-0.00569173308554812,0.00583636446730037,-0.00152455397240227,0.00024844126647511,-0.000715011160454799,0.00040812814179314
"3307",2014-05-12,0.0154916233722916,-0.011539218297483,-0.00341764353692287,0.00185468711556499,-0.0087877397127625,0.000408486320548684
"3308",2014-05-13,-0.00316706060429619,-0.00535258226822449,-0.00257146205540889,0.00808881923101454,-0.000767971567257153,0.000408486320548684
"3309",2014-05-14,0.00753382263616798,-0.00545209912070729,0.00399651589995289,0.0042263484913346,-0.00474156457675297,0.000408486320548684
"3310",2014-05-15,-0.010865546472454,0.00535204674851178,0.000140555263940871,0.00391255287159124,0.00523378355270062,0.000408844467119085
"3311",2014-05-16,0.00306066456420802,-0.00817996358473907,-0.00295966445512183,0.00200275332376919,-0.00361194150965305,0.000408844467119085
"3312",2014-05-19,-0.0103417609459961,0.0167736271930899,-0.00157550551574036,-0.0126584263229429,0.0164977721041479,0.000408486320548684
"3313",2014-05-20,-0.0173134637945143,0.00958604984459575,-0.00684950331868587,-0.00366332762569793,0.0113350791586633,0.00040812814179314
"3314",2014-05-21,-0.00313328061020223,-0.00379484234556767,-0.00567422966633499,0.0022393245887994,-0.00351024332748053,0.00040812814179314
"3315",2014-05-22,0.0112768908759093,-0.00679158828439596,0.00742849443712962,0.00541649382273952,-0.00538607265984002,0.000407769930846458
"3316",2014-05-23,-0.00407082751245981,0.00281185626885455,-0.000184157999587174,-0.000129687277845005,0.000945544086782504,0.00040812814179314
"3317",2014-05-26,0.00515967669716029,-0.00867720066132991,0.000948245586564376,0.00487203129392284,-0.00757217839334507,0.00040812814179314
"3318",2014-05-27,-0.0151277020337448,0.0107686824484943,-0.000102971127371768,0.00185261775259509,0.00532629078978956,0.000408844467119085
"3319",2014-05-28,0.00848067876487178,-0.000530076830391017,0.00554426969432641,-0.00249798973676361,-0.000553955579145913,0.000408486320548684
"3320",2014-05-29,-0.00576264370990504,0.00763784202622763,-0.00907543913904117,-0.0065407040946326,0.00377044519061518,0.000407411687703085
"3321",2014-05-30,-0.0181977473641395,0.00391879303817097,-0.00567972315016035,0.00605995332561361,0.00284316680558695,0.000407411687703085
"3322",2014-06-02,0.00719455145456553,-0.0163869455159503,0.000931768846300568,0.0151544393174973,-0.0135290838699129,0.000407769930846458
"3323",2014-06-03,0.00770218371891952,-0.00570786685026793,0.00146894561127103,0.00473124726297173,-0.0062571425487088,0.000407411687703085
"3324",2014-06-04,-0.00378997912815133,0.00072178870079643,-0.00402241554976105,0.00360194476705957,-5.08245005023491e-05,0.000407411687703085
"3325",2014-06-05,-0.00457413224825682,0.0046788446520964,-0.000535972379846972,-0.000744446747915112,0.00260352176145941,0.000407411687703085
"3326",2014-06-06,0.026630046714297,-0.0038213989734235,0.000332396882415768,-0.00534371374018434,-0.00697431395163118,0.000407411687703085
"3327",2014-06-09,0.0201952155084767,-0.00591156983677826,0.00763661083829312,0.00407350726786071,-0.00660836441554481,0.000407411687703085
"3328",2014-06-10,0.00576505609964828,-0.00235707235396698,-0.0016496588685092,-0.000363992681114896,-0.000873366231136902,0.000407769930846458
"3329",2014-06-11,0.00623345107522494,-0.00219622570664605,-0.00107858100621172,0.00376127242023272,-0.00402673907314293,0.000407411687703085
"3330",2014-06-13,-0.005084414850235,0.00254322885092834,-0.0012854476893938,-0.00170135245821373,0.00109863392055791,0.000407411687703085
"3331",2014-06-16,-0.00466009076392954,0.00889185015540835,-0.00383592883290212,-0.00254714040741934,0.00527192242728399,0.000407411687703085
"3332",2014-06-17,-0.00615971200933562,0.00201325087388829,-0.0016870241551398,-0.00282711846738257,0.00217486094865597,0.000407769930846458
"3333",2014-06-18,0.0157220014529371,-0.00741040151426425,0.00987103205550801,0.00193269193422394,-0.00322010871773163,0.000407411687703085
"3334",2014-06-20,-0.00945124956629101,0.00728168512344333,-0.00677048738790326,-0.00433122322137219,0.00214015176504954,0.000407411687703085
"3335",2014-06-23,-0.00979635037979205,0.00703644311298208,0.00679336939621306,-0.002426397056742,0.00339424122048353,0.000407411687703085
"3336",2014-06-24,0.000837949662076706,-0.00377243940390412,-0.0140325210514561,0.0045806417935402,-0.00136440894951266,0.000407411687703085
"3337",2014-06-25,-0.013705119120904,0.00476525884189421,0.00105395029394878,-0.000931508877218403,0.00240117277629123,0.000407411687703085
"3338",2014-06-26,0.00205128606961362,0.00348710595537762,0.000161602162746543,-0.000145044112022172,0.00145083944401974,0.000407769930846458
"3339",2014-06-27,-0.00698021856104583,0.00661060057581306,-0.00461426562274163,-0.00644986211391015,0.00586749990724313,0.000407053412356806
"3340",2014-06-30,0.000688864208522284,0.00577919621965053,0.000408493523075622,0.0022014005694737,0.00761050238538261,0.000407411687703085
"3341",2014-07-01,-1.63930273649191e-05,0.00174699792808297,0.000276516384009878,0.00304686469032948,-2.95665438282437e-05,0.000407769930846458
"3342",2014-07-02,-0.00466932425775859,-0.0120791850985994,0.00688681285133743,0.00570187069164737,-0.0108810414765488,0.000407053412356806
"3343",2014-07-03,0.0138091306397501,-0.0155955377735345,0.00203932461458643,0.0113258704718739,-0.0157333572757939,0.000407411687703085
"3344",2014-07-04,0.00293959127067396,-0.00186265332329806,-0.00168224552787855,0.000935952114330976,7.04183542682172e-05,0.000407411687703085
"3345",2014-07-07,-0.00534842391479363,-0.0040559259104603,0.00590727977807359,0.00957656646801734,-0.00651754121505862,0.000407411687703085
"3346",2014-07-08,-0.0029587191922497,-0.00231824653301681,0.000857569172229814,0.00417863720142899,0.000287034420532973,0.000407411687703085
"3347",2014-07-10,0.0114590033737686,-0.0170682473833014,-0.00350172214278134,0.0250947296519613,-0.0143387274377665,0.000407411687703085
"3348",2014-07-11,0.00347949973195659,0.00545528482333705,0.00416491315504262,-0.00379872678629445,0.00539475990168014,0.000407411687703085
"3349",2014-07-14,0.0140915431876449,-0.0116828979495353,0.00115064923214212,0.00399455509105526,-0.0125297159631082,0.00040669510480229
"3350",2014-07-15,0.0030531482622325,-0.00164318027869938,0.00845348805787271,0.00421102535408143,-0.00422039926134977,0.000407053412356806
"3351",2014-07-16,-0.0041409603936978,-0.00322308998894611,0.00870103113477469,0.00137742176833981,-0.00368342458279314,0.000407053412356806
"3352",2014-07-17,-0.00102263248175582,0.00269263440060286,-9.86666975512735e-05,-0.0059380339074947,0.00334557998726428,0.000407053412356806
"3353",2014-07-18,0.0216709597316068,-0.00864884721153257,0.00387290318934987,0.00968248279984232,-0.0102858499925001,0.000407053412356806
"3354",2014-07-21,0.0108604253772794,-0.0107848349684057,-0.00832703973002976,0.0152229748969894,-0.00834748616338917,0.000407769930846458
"3355",2014-07-22,0.00459655127657,0.00297687363196002,-0.00786466178082796,-1.94005087825379e-05,-0.00547501668598635,0.000407053412356806
"3356",2014-07-23,-0.00845939721947463,0.0114243256134961,0.00136259862147818,-0.0076343427377931,0.0150396849274141,0.000407411687703085
"3357",2014-07-24,0.0080393506214844,0.00469626473485894,0.00912392388050717,0.00115923162889859,0.00166567553448721,0.000407769930846458
"3358",2014-07-25,-0.00395027666403546,-0.00324192683383194,-0.00777203418687365,0.000424192767211898,0.000764465995759654,0.000407411687703085
"3359",2014-07-28,-0.00357202064297972,-0.0117004349190693,-0.00528440328516367,0.0103553086408336,-0.0104096685294755,0.000407411687703085
"3360",2014-07-29,-0.00910867646608994,-0.00210817301196916,-0.0108716453574541,0.00475288239163149,0.00209880502808804,0.000407411687703085
"3361",2014-07-30,-0.00518055453992368,0.00482028232701714,0.00777168552722288,-0.010345602142637,0.00208318831012957,0.000407411687703085
"3362",2014-07-31,-0.0200428322621969,0.00669081071458221,0.00769679608379995,-0.00219584313235016,0.00874357436085608,0.000407411687703085
"3363",2014-08-01,0.00073402340968073,-0.000804421754944401,-0.00108867491262169,0.0050390731573276,0.000141403634875034,0.00040812814179314
"3364",2014-08-04,0.0104548847424609,0.00202691015175958,-0.00577819180471872,-0.00286439306523823,0.00297439433753916,0.000407411687703085
"3365",2014-08-05,-0.00833660141342681,0.00200064312548279,-0.00522105238993319,-0.00157196299966399,0.00364571402882164,0.000407411687703085
"3366",2014-08-06,0.00315278943708738,-0.00835573979278686,0.000502261937266868,0.00262559142857096,-0.00589161206283599,0.000407769930846458
"3367",2014-08-07,-0.00484840597001728,0.00160824902648057,0.000628509321902916,0.000176429371715568,-3.66045628655519e-05,0.000407769930846458
"3368",2014-08-08,-0.00973552502287201,0.00624751875617564,0.00106822738395549,-0.00838509494355764,0.00845324443632935,0.000407769930846458
"3369",2014-08-11,0.0174800136808263,-0.0113021453034741,-0.00301744486566681,0.0121444367547271,-0.00806988652707925,0.000407411687703085
"3370",2014-08-12,-0.00268195341094487,0.00182495524521578,-0.0101502045714649,-0.00144014466184779,0.00531474625115586,0.000407769930846458
"3371",2014-08-13,-0.0129080507786199,0.00252087092984622,-0.00687521787773283,-0.000105981224471745,0.00935380563978119,0.000407769930846458
"3372",2014-08-14,0.00263141605279757,-0.00844451195376393,-0.0131874934242552,-0.00240345258971452,-0.0073181267163935,0.000407769930846458
"3373",2014-08-15,0.0192270595788974,-0.0134203713952655,-0.00131337689518647,0.00557720876838189,-0.0119016906452848,0.000407411687703085
"3374",2014-08-18,0.0101261403075973,-0.0135079158329385,-0.00311663881842104,0.0146891387236293,-0.00936214246125881,0.000407769930846458
"3375",2014-08-19,0.0133961603271044,-0.00276541993428883,0.000248088468584927,-0.00579038719884838,-0.00188773107021567,0.000407411687703085
"3376",2014-08-20,0.00673407681504501,-0.00536081234250371,0.0034034273964749,-0.00550978261825876,-0.00774877784113005,0.000407411687703085
"3377",2014-08-21,0.00135928345701538,0.00284978883267274,-0.000474295202649391,-0.00425471489170569,0.00163272723479179,0.000407769930846458
"3378",2014-08-22,-0.00933620058885391,0.00715613041679677,0.000527859266381409,-0.00151195437653116,0.00598236272299838,0.000407769930846458
"3379",2014-08-25,0.0214526194158637,-0.0108976811402897,-0.000154036514526563,0.00749780317676073,-0.0113538141272372,0.000407411687703085
"3380",2014-08-26,0.0012487268607261,0.00176650836885861,0.00454577286192005,-0.000679668138301428,0.000622316257459583,0.000407769930846458
"3381",2014-08-27,0.0176390812148834,-0.0102502293435337,0.00113516676936879,0.00682408791413901,-0.00333292554620695,0.000407769930846458
"3382",2014-08-28,-0.00960666149308102,0.012221048497248,-0.00912915548242669,-0.010124766880008,0.0125612930448238,0.000407053412356806
"3383",2014-08-29,0.0157076447655479,-0.00605395160445671,-0.00348669995078227,-0.00140099293137185,-0.00781112423709861,0.000407053412356806
"3384",2014-09-01,-0.00381776685860602,0.0114826523730775,-0.00119504296155116,-0.00633762505363352,0.0128128725918771,0.000407053412356806
"3385",2014-09-02,0.0114295843915368,-0.00821641594854392,0.0107026076801714,-0.00672395660441469,-0.00530952835692414,0.000407411687703085
"3386",2014-09-03,-0.000278504998418408,-0.00586672824418252,0.000233964808600048,-0.00128797365250137,-0.00116178198158769,0.000407411687703085
"3387",2014-09-04,-0.015085509286181,0.00593947275000928,-0.000169113066457022,-0.00493365340840468,0.00439422297250915,0.000407769930846458
"3388",2014-09-05,-0.00398883404583298,0.00322980120146471,-0.00544294846625104,0.000298956876426407,0.000882555154906991,0.000407769930846458
"3389",2014-09-08,-0.022769759288722,-0.00756159892461319,-0.0133120112259695,0.00629220804560712,0.000295034638403382,0.000407769930846458
"3390",2014-09-09,-0.00961455931230581,-0.00106017255838719,-0.00102963307516009,0.0015526554789618,-0.000858622665678389,0.000407769930846458
"3391",2014-09-10,-0.00690800043824186,-0.00617627695871067,-0.00181794697461047,0.00318439264008403,-0.00359442583784323,0.000407769930846458
"3392",2014-09-11,0.00181497292071644,0.00365941681350199,0.00415201746821705,-0.00122234792012097,0.00242753552917245,0.000407769930846458
"3393",2014-09-12,-0.0230976430484663,0.0012896096884566,0.00537971351592608,-0.00538827689985148,0.00491810047928195,0.000407769930846458
"3394",2014-09-15,0.0161820023900909,-0.0215822438422017,-0.0088092828638756,0.00543086226472556,-0.0236553125541489,0.000407769930846458
"3395",2014-09-16,0.0184885479282206,-0.0216959287066538,-0.00574894761859847,0.00978899319037225,-0.0214725927755768,0.000407411687703085
"3396",2014-09-17,-0.000589114840551535,0.00325355140007063,-0.00149645625574746,-0.00985413813908614,-0.000172336330704886,0.000407769930846458
"3397",2014-09-18,-0.0105870485931121,-0.00124406855846799,0.00417960271950667,-0.00847397388919093,0.00497394890513062,0.000407769930846458
"3398",2014-09-19,-0.00882630757782175,0.00408303312927365,-0.00240121347106067,-0.0106813164426113,0.00231803365894165,0.000407411687703085
"3399",2014-09-22,-0.0163850612381042,-0.0124120941189353,-0.011294847371367,0.00580510388700526,-0.00362255754742132,0.00040812814179314
"3400",2014-09-23,-0.00560982944855682,-0.00565446001128358,-0.00498012883276563,7.50150031561762e-05,-0.00512938571760219,0.000407411687703085
"3401",2014-09-24,0.00516095188209743,-0.00352394085507703,-0.0137368600225855,0.00843553007644364,-0.0012473595677065,0.000407769930846458
"3402",2014-09-25,-0.0143656519817267,0.000505162201510369,0.00895491093936095,-0.00333119996598892,0.00541742972589477,0.000408486320548684
"3403",2014-09-26,0.01846211298387,-0.00615526380913797,-0.0072926087465347,0.0100111361206965,-0.00907067892300862,0.00040812814179314
"3404",2014-09-29,-0.0415507363612813,-0.00059558830006709,-0.0138121676787782,-0.00129358500453266,0.0096637418730773,0.000408486320548684
"3405",2014-09-30,-0.0096468518547293,0.00288681518136666,-0.0131029488993141,0.00297943563205481,0.00173410273559964,0.000408486320548684
"3406",2014-10-01,-0.0243615754566948,-0.0156883427721065,-0.00576462873924145,0.0102452312666264,-0.00425253601653254,0.000408486320548684
"3407",2014-10-02,0.0114624589091433,-0.00692155405246524,-0.0045693240090968,0.00230377840348691,-0.00131007378164075,0.000407769930846458
"3408",2014-10-03,0.0184442430073483,-0.00838457958698705,-0.0055840660890888,0.00476271547105109,-0.00960369875224638,0.000407769930846458
"3409",2014-10-06,0.0431156547214021,-0.0142354543965422,-0.000793775764738172,0.0123078308874309,-0.024288656021082,0.00040812814179314
"3410",2014-10-07,0.00486887711873537,0.00617245671103522,0.00608217523041883,0.00140416376964604,0.000688584753689632,0.00040812814179314
"3411",2014-10-08,-0.0074203788637046,-0.00203467829274194,-0.00606927248084782,0.00700926593063713,0.000999341330236797,0.000408486320548684
"3412",2014-10-09,0.00258505595789693,-0.00439463611909039,-0.0160219941617281,0.00218075539377667,-0.00484556859329856,0.000408486320548684
"3413",2014-10-10,-0.0322613293703622,0.00709158508265256,-0.0049627074569562,-0.00505853697965545,0.012816914787384,0.000408486320548684
"3414",2014-10-13,0.0436081776868713,-0.00894591170244903,0.013096424816566,0.00198874072606125,-0.0197417493748908,0.000409202581510115
"3415",2014-10-14,5.3132976988195e-05,-0.0116353961018739,-0.00186272882661495,0.00180982265237687,-0.00727095035908404,0.000408844467119085
"3416",2014-10-15,-0.0304724915740007,0.00288719329691953,0.00212903881075811,-0.00450206759075175,0.00587551083665005,0.000409202581510115
"3417",2014-10-16,-0.0300473832979009,0.00210786572255424,-0.0116137560338505,0.00536437168787251,0.0120949166377899,0.000409918713776491
"3418",2014-10-17,0.0234035333515537,-0.00559126571973626,-0.00109762178830488,0.0185942423016018,-0.0178272313949051,0.000410276731663828
"3419",2014-10-20,-0.0237952195045909,-0.00519684674867497,-0.00824082828210118,-0.000102343623032672,-0.00040175750512652,0.000409918713776491
"3420",2014-10-21,-0.0331997386974997,-0.00272375566551079,-0.0138146498771198,-0.00217417743781475,0.0066626042010335,0.000410992670975219
"3421",2014-10-22,-0.00182279655750045,-0.00505167567182216,0.00253652745804535,-0.000828971175594658,-0.00296092435420573,0.000410634717394887
"3422",2014-10-23,-0.0321764034652669,-0.00890996492008256,0.00774860889440729,-0.00269109567760336,0.00189929939581283,0.000410992670975219
"3423",2014-10-24,0.0229094269976569,0.00514896474484611,0.00683367185635116,-0.00866012339630438,-0.00487296356242275,0.000409918713776491
"3424",2014-10-27,-0.025203042076265,-0.00895407907748312,-0.0334268021459125,0.00911198067951791,-0.00302014020514523,0.000408844467119085
"3425",2014-10-28,0.0340037045459134,0.00717316613230047,-0.00238674127775446,0.00994846529679691,-0.00679573374681677,0.000409202581510115
"3426",2014-10-29,-0.0197016557447024,0.00511741643411084,-0.00909113513941251,-0.00169015288681741,0.0134311548530068,0.000409202581510115
"3427",2014-10-30,0.0220013649506538,-0.00662694513483531,-0.00947513340249158,0.00850971805596588,-0.00820604540928092,0.000417072968415644
"3428",2014-10-31,0.0427170589115924,-0.0147507804807362,0.0200080869911729,-0.00147395439099254,-0.0221521451273568,0.000417072968415644
"3429",2014-11-03,-0.010375321862876,0.00142536855762924,-0.00293804867962203,-0.00126108848289884,0.00323453015804199,0.000418144999876136
"3430",2014-11-04,0.00634001453711967,-0.00422213239270011,0.0072306760215004,-0.00140572622343232,-0.00116277053993607,0.000418859527360427
"3431",2014-11-05,-0.0132528789075064,0.00014017967702133,-0.0130913796532101,0.00266044186027157,0.00341735750368088,0.000419216743072992
"3432",2014-11-06,-0.0187219743902708,-0.00100442606286764,-0.00412075798113571,0.00473010629286431,0.00720980800640143,0.000419931078467384
"3433",2014-11-07,0.0107086408478653,-0.00889228918844165,0.00149034391955461,0.00742134382298345,-0.00719277945603619,0.0004206452858595
"3434",2014-11-10,-0.0083379617648569,0.00373362551697808,0.00160201712123062,0.00900967288875444,-0.000531510239040774,0.000421359365295304
"3435",2014-11-11,-0.00577612314936673,-0.00208558323749283,-0.00496033978774218,0.000312887372065739,-0.00364752356918414,0.000422430244631178
"3436",2014-11-12,0.00954664586693629,0.00654866152870773,0.0132439153316998,0.00146389240696305,-0.00196044617990631,0.000422787140481384
"3437",2014-11-13,-0.0208225095204744,0.00510239620390903,2.86897105156204e-05,-0.0101450617458465,0.0108718422023701,0.000423857636326908
"3438",2014-11-14,-0.00406004435029775,-0.012257496241206,-0.00266427102839325,0.00488428522553427,-0.0121620526696507,0.000423857636326908
"3439",2014-11-17,-0.00862636277713656,-0.00494680961760552,0.0042221137792969,0.012446453247581,-0.00710264719910926,0.000424927844735246
"3440",2014-11-18,0.015154710975591,-0.0105595282893258,-0.00689418474346315,0.0142896896398046,-0.0109953030536049,0.000424927844735246
"3441",2014-11-19,0.024562700847663,0.0062142194194944,0.0151458737556771,0.00689466965027799,-0.00882934366136766,0.000425641157396406
"3442",2014-11-21,0.0462458968821553,-0.00418576032196989,0.0188625488452499,0.0156514969169103,-0.0205618430191948,0.000425641157396406
"3443",2014-11-24,-0.0112627216907289,0.00439275144402421,0.00119728919587573,-0.00194016045527234,0.00582701264298528,0.000426710887086124
"3444",2014-11-25,0.000686256919135819,-0.00849403578967355,-0.00184741431065092,0.00474840283442422,-0.0128558180038878,0.000427780329750771
"3445",2014-11-26,-0.00761850442411055,0.0229660458256918,0.00739530857260731,0.0186077007900929,0.00207296359767084,0.000429205807086497
"3446",2014-11-27,-0.00552267779365586,0.00225220425089698,-0.00682856637352977,-0.0060901200164668,0.00782254166219687,0.00042991835462125
"3447",2014-11-28,0.00127059593005647,0.00143124478613014,-0.00105570296910098,-0.00861406143081342,0.0031905361077445,0.000431343067653023
"3448",2014-12-01,-0.0429580875744776,0.0120239194588951,-0.00681056972603755,0.000422205881529955,0.0161400075819323,0.000432411268323163
"3449",2014-12-02,-0.0116241409982112,-0.000363537199025767,-0.00123310639823908,0.00911147385771541,0.00901394045207734,0.000434190966840831
"3450",2014-12-03,0.0100567778848013,-0.000503055082171926,0.01471154224369,0.00183969456711869,-0.0061706567809121,0.000435614153725616
"3451",2014-12-04,-0.0145618446078993,-0.0104661768163389,-0.0145452816833619,0.00539449817828241,-0.00247264347218318,0.000435258404642536
"3452",2014-12-05,0.0100499875638961,-0.0151025304866399,-0.00401573122628131,0.00197932589080443,-0.012974625795914,0.000435614153725616
"3453",2014-12-08,-0.0303427107502354,0.00146837994845495,-0.0121313963276415,0.0131369895087928,0.00471759938117037,0.000435969871059427
"3454",2014-12-09,-0.00343804076843487,-0.0120146959537859,-0.0111913832492812,0.0147082694961944,-0.00824153986127113,0.000436325556649741
"3455",2014-12-10,-0.0105028710835126,-0.0360322710688903,-0.0283538608550336,0.0275560535023925,-0.030538325342994,0.000437036832622084
"3456",2014-12-11,0.00614613810395698,-0.0325324156858806,-0.0139095089962352,0.0246001950103126,-0.0262066735420154,0.00043668121050211
"3457",2014-12-12,-0.0354387976122453,0.00629668996510438,0.0109873695197435,0.0109811040617368,0.011420178984074,0.000437036832622084
"3458",2014-12-15,-0.0197807584087368,-0.0365449214964302,-0.0160245578656422,0.00228320227091609,-0.0297512313601086,0.000437392423015881
"3459",2014-12-16,-0.00309319791536088,0.00223894599140586,0.0166806232882622,-0.00981054056433591,0.00681365741185179,0.000440236004689565
"3460",2014-12-17,0.0318459313060324,-0.0050972566635493,0.0243620387500899,0.00457231916409993,-0.0190591541045065,0.000440236004689565
"3461",2014-12-18,-0.00363596468932339,0.00610475919921473,-0.0072606544681775,-0.00359709521260834,0.00054338571494127,0.000440236004689565
"3462",2014-12-19,0.0207432087967227,-0.0179635195288269,0.00556968238595705,0.00592340187627965,-0.0135309312710661,0.000440236004689565
"3463",2014-12-22,0.0095602074206032,0.00541257389380289,-0.00557310241765252,-0.00577958952713335,0.00474656737573064,0.000440591309799343
"3464",2014-12-23,0.0140270095462705,0.000846911269174539,0.0177852764828454,-0.013391517116348,0.00655949216872528,0.000440946583239121
"3465",2014-12-26,-0.0123435404768152,0.0223080451561446,-0.00277817266055706,0.00187131293245652,0.0228273303284607,0.000442012213595966
"3466",2014-12-29,0.00754634543473902,-0.0050673646154522,0.00200901636346721,0.00334437980193219,-0.00263444228390342,0.000441657035131993
"3467",2014-12-30,-0.00928847356672039,0.0185348689325964,-0.00044958227423237,-0.00882650943377179,0.0204023042270294,0.00044236736041281
"3468",2015-01-02,-0.0283476851191728,0.00944020367940799,0.00115163106953168,-0.00303006925372967,0.014249940162973,0.000442722475588075
"3469",2015-01-05,-0.0203302334568477,-0.0199858962777742,-0.0063114389800235,0.0244436915840914,-0.0137649466389998,0.000444497577037684
"3470",2015-01-06,0.00879989433757922,-0.0237200622509571,0.00759760612481308,-0.00695592046885352,-0.0332370898962773,0.000444497577037684
"3471",2015-01-07,0.0266666485853422,-0.0047591888041657,0.00974722721703157,-0.00947951756051783,-0.0124411829527909,0.000444852502481607
"3472",2015-01-08,0.00773535359155754,-0.00527085744324299,-0.0014244079934421,-0.000794599029069915,-0.00748778578368709,0.000445562258569066
"3473",2015-01-09,-0.0208379876317906,0.0142374965527809,-0.00567555942109117,-0.000618697463422978,0.0192983025910145,0.000445917089223702
"3474",2015-01-12,-0.010595875909715,-0.0185058714579453,-0.0148501090507544,0.0157858113891651,-0.0141919192322271,0.000447336096046413
"3475",2015-01-13,-0.00169801245987085,-0.00124120278558821,-0.00526541585341016,0.00722088320110989,0.00580976972794419,0.000447690768831333
"3476",2015-01-14,-0.00601434587449629,-0.0113834502799527,-0.0232551582038439,0.0278933201640876,-0.00642135159996048,0.000448400019735562
"3477",2015-01-15,0.00544890777726446,-0.0186085848392514,-0.00170658910379936,0.00852130803518138,-0.0202608815338526,0.000449109144456505
"3478",2015-01-16,0.0188037585726049,-0.012670428208374,-0.00862820937497116,0.00997368867728651,-0.0170114877439588,0.000449109144456505
"3479",2015-01-19,-0.0236089369270073,0.00775766629178976,-0.00615042171423704,-0.002214340470907,0.0127969844720822,0.00044981814303946
"3480",2015-01-20,0.00346411447812365,-0.000942687547237292,-0.00140525716599409,0.00234214627401611,-0.00181794416871638,0.000450527015529056
"3481",2015-01-21,0.0235944441717553,0.00264726697351928,0.0100615008073206,-0.00235263077644827,-0.00429623938928028,0.000450881404503001
"3482",2015-01-22,0.00459676521391439,0.0130323697928255,0.0264907258864225,-0.0170750432858811,0.0125402861725406,0.000453007076906653
"3483",2015-01-23,-0.0115780333559612,0.00712667899512849,-0.0063313221737306,0.0142957178819738,0.00897823463318148,0.000453007076906653
"3484",2015-01-26,-0.00573510216412145,-0.0179599142283141,-0.0111061949955121,0.0119020742152609,-0.0086583824659223,0.000453007076906653
"3485",2015-01-27,-0.000155720501022493,-0.0116468440353371,-0.00624263227185265,0.0146989829431693,0.00286483045753829,0.000453007076906653
"3486",2015-01-28,-0.0146772512898969,-0.00513455238027637,-0.013128713742842,0.00422443182111596,0.00196254961924847,0.000452652876887338
"3487",2015-01-29,0.00366488812898265,-0.007782667674467,-0.011859594617426,0.00702431832034944,-0.00403025534557112,0.000453007076906653
"3488",2015-01-30,-0.0184292091243841,-0.0132083861200775,-0.000765803988674311,0.0135679229523657,-0.00572853760347219,0.000453007076906653
"3489",2015-02-02,0.0114696486298785,0.000142622576996699,0.00396938625569648,-0.00456198717750559,0.00037465217590206,0.000454423562311179
"3490",2015-02-03,0.023349483457792,0.0060450394300668,0.0175648712199127,-0.0236124423800732,-0.00346423233073628,0.000454777605022327
"3491",2015-02-04,0.00498260225209885,0.000221732331681363,0.00368689800885629,0.00129290994234543,0.000811405017557239,0.000455485596115857
"3492",2015-02-05,0.00128002768263923,0.0145468104118985,0.00215151124874342,-0.0130425639895346,0.0107060900575953,0.000456547347017944
"3493",2015-02-06,-0.00798527452231336,-0.010709868098337,0.00538197175319582,0.000129154839476609,-0.0109088794982828,0.000456547347017944
"3494",2015-02-09,0.01154580347006,-0.00856109195077383,0.00770843553963124,-0.00474807176954278,-0.0107737795805263,0.000457962575077575
"3495",2015-02-10,-0.0154420358034702,0.00212383112950879,0.00020440463312945,-0.00193406654707082,0.00457063877083548,0.000459023666460334
"3496",2015-02-11,-0.00570521240996154,-0.018803017843703,0.0130829480274726,0.00730748685425154,-0.0104651295501822,0.000460791524617754
"3497",2015-02-12,0.0216321757691495,-0.0116277907299297,-0.0030277049189382,0.0214117556403747,-0.00381998831131875,0.000461145002177199
"3498",2015-02-13,0.018983291087009,-0.00592623907052864,0.00184029188278281,0.00300276545528831,-0.00580077298870172,0.00046185186326908
"3499",2015-02-18,0.011854135007092,0.00131744852518697,0.00361881127570073,-0.00364280083419685,-0.00499321209290849,0.000463265209498909
"3500",2015-02-19,0.000230226306817609,-0.00827791192844451,-0.0140526815402043,0.0151466396050995,-0.00625738740139523,0.000463971694726117
"3501",2015-02-20,-0.00177654346175871,-0.00148612187073923,-0.00223747712064402,-0.00364834285816524,-0.00543811133685685,0.000464678054754142
"3502",2015-02-23,0.00105390740808135,-0.0050759252912657,-0.0212940221987237,0.0156213235541217,-0.00159054099883112,0.000465384289627613
"3503",2015-02-24,0.00949398727311935,0.00154762653512252,-0.00393883094625292,-0.00662853925803584,0.00311128468774353,0.000465737360145102
"3504",2015-02-25,-0.00267153923796002,-0.00584321586098905,-0.00319516611219555,0.00945156305596538,-0.00705975679385315,0.000466443407369788
"3505",2015-02-26,0.00041835552077644,0.0104891613024417,0.01616668468449,-0.0208129404574933,0.0170688226454481,0.000466796384087864
"3506",2015-02-27,-0.00391414829084044,-0.0104728182269109,0.0274757458900894,-0.00446259262944265,-0.0234973754755548,0.000466796384087864
"3507",2015-03-02,-0.00889330037565185,0.00875293654228942,-0.00725397139691969,-0.00176428797460141,0.0157534343748654,0.000468207978462143
"3508",2015-03-03,0.00552365161755634,-0.00565029615760022,0.00551069324625101,-0.00410720462861968,-0.00422920407908399,0.000468913588227871
"3509",2015-03-04,-0.0160015169962398,0.00292412685866737,0.00301601824080616,-0.00329822068324024,0.00124588704719092,0.000471029668371203
"3510",2015-03-05,-0.000571863570534628,-0.00280086572070519,-0.00379055356236368,0.00421973335736239,0.000335140426997664,0.000471382239201512
"3511",2015-03-06,-0.00816790675496163,-0.00390035189409057,0.00410426619378635,0.00378037736547805,0.00154040125445413,0.000471734778848543
"3512",2015-03-09,-0.0149098899742486,-0.0153546350886582,0.0059514224721534,-0.00414747356936687,-0.0100749400178662,0.000473144625713129
"3513",2015-03-10,-0.0173542245195597,-0.000439628931965431,-0.00734725256754884,0.00746757715896742,-0.000961857696267826,0.000472792210744588
"3514",2015-03-11,0.0132073685468611,-0.0042964321130167,-0.00995513356168381,0.00947983159977393,-0.00172888036118931,0.00047243976461453
"3515",2015-03-12,0.000381562480363035,0.00492141581566544,-0.00012705507117834,0.00198362117161381,0.00672226917158474,0.00047243976461453
"3516",2015-03-13,-0.00523033886613678,0.00278467677011827,0.0130739687496989,-0.016885502182626,0.00448878288118618,0.000473144625713129
"3517",2015-03-16,0.00263517982447698,-0.00983379237336894,-0.00766624515574052,0.00368293970627648,-0.0153757607559599,0.000472792210744588
"3518",2015-03-17,0.0243474184533725,-0.0108579460413464,0.0181719455571113,-0.00571778839270925,-0.0128981366476828,0.000473144625713129
"3519",2015-03-18,0.022442545039246,-0.000621951126516879,0.0065433484105718,0.00829691086888718,-0.00435682378087374,0.00047243976461453
"3520",2015-03-19,-0.00971972248700132,-0.00892354950693065,-0.00465295064721911,0.00995755633859,-0.00368791517728118,0.00047243976461453
"3521",2015-03-20,0.0155587861571979,-0.0141965853214339,-0.00255596252720044,0.00505782620697709,-0.0175437451938422,0.00047243976461453
"3522",2015-03-23,-0.00119432677889342,0.00340690341912044,0.00593453450392474,-0.00508107864923322,0.0017145161279813,0.000472087287317624
"3523",2015-03-24,-0.00660507092130729,0.00543248349992744,0.00623887829707887,-0.00603778708525333,0.00667097708648703,0.00047243976461453
"3524",2015-03-25,0.00520070419062839,-0.00253886471707124,-0.000255771218088908,-0.00586085710297442,-0.00473915299393669,0.000472087287317624
"3525",2015-03-26,-0.0242963878933519,0.010224948597976,-0.000769053404636811,-0.00465289980384836,0.00653055948766127,0.000472087287317624
"3526",2015-03-27,-0.00652457881354698,0.000398376043496932,-0.00868121150355041,0.0126006577159107,0.00248782423753096,0.000471734778848543
"3527",2015-03-30,0.0220568955007969,-0.0178877678430304,-0.00136567499165809,0.0175597653720857,-0.0142686239249682,0.000472087287317624
"3528",2015-03-31,-0.00213147957531361,0.00127954855407353,-0.00702290417520308,0.0117261425434139,0.00724890540623411,0.00047243976461453
"3529",2015-04-01,0.0203923595095353,-0.00298112097260764,0.00510005350723938,-0.00464994672712008,-0.00496133005928074,0.000472087287317624
"3530",2015-04-02,0.0124920373325401,0.00469054853865124,0.00502424251124384,-0.0022441934242235,0.00172374011099701,0.000472087287317624
"3531",2015-04-06,0.0117809391989535,0.00978784754441375,0.0062447016071224,-0.00845168622156798,0.00903070149842239,0.000473144625713129
"3532",2015-04-07,-0.00143520934366674,-0.00519224929868733,-0.00588349472183207,0.00497874967532697,-0.000395690729630319,0.000473497009526147
"3533",2015-04-08,-0.00221274326183538,-0.000678643954548083,-0.00154233303463977,0.00229813597477118,0.00211309135047858,0.00047420168370671
"3534",2015-04-09,2.26257505281141e-05,-0.00353162958069391,-0.00225736106045467,-0.00363688589671929,-0.00328217617630725,0.000474906233330241
"3535",2015-04-10,0.00819163529839896,0.0181382300434596,0.0104842139583082,-0.00821080402102061,0.0140049727979606,0.000474906233330241
"3536",2015-04-13,-9.72600639340717e-06,-0.00591311851912143,0.000294285928276815,-0.00546334712340899,-0.00108619559904317,0.000476314959083401
"3537",2015-04-14,-0.00495252777558518,0.0115154649166465,-0.00222165586678076,-0.00975324868281743,0.0115303196132462,0.000477371176764274
"3538",2015-04-15,0.0138826168645748,-0.0103344916650471,0.00556238220304412,-0.00981675751031516,-0.0142733932039484,0.000478427114638302
"3539",2015-04-16,-0.00315757865597323,0.00596356966483577,-0.00128609627947836,-0.00161909137029714,0.00379198575242306,0.000479482772854034
"3540",2015-04-17,-0.0123439182105928,0.0171502548166817,0.00382696370490159,-0.00689902500385512,0.0210636257089255,0.000480186389705484
"3541",2015-04-20,-0.00349376138968092,-0.00111892798617883,0.00159257689346174,-0.00322580027001492,-0.00357940412909186,0.000482296495339263
"3542",2015-04-22,0.0128861780766305,-0.00336595583661369,0.00885327318338609,-0.00721479593642841,-0.00936468408701477,0.000483351129410003
"3543",2015-04-23,0.0130286080169021,-0.00942452366354637,-0.000790094645322091,-0.00358680585723132,-0.00843495522928358,0.00048370261210029
"3544",2015-04-24,0.0115098938124277,0.00506322324704555,0.00525277587781695,-0.0121368606010319,0.00360647160060879,0.000484405484513895
"3545",2015-04-27,-0.0167760441449201,0.00492735668873175,-0.00637001738355032,0.00152335334472707,0.00255284700428812,0.000485459560798596
"3546",2015-04-28,0.00576600594636992,-0.0179658825125023,-0.0034889851233258,0.0159134572498004,-0.00851873468942086,0.000485810857626001
"3547",2015-04-29,-0.00771029725342257,0.00384143449928001,-0.00439307603503269,0.00302272825065053,0.00488106475859069,0.000487215735410107
"3548",2015-04-30,0.0125163013385637,-0.0109992950853914,6.45211051421533e-05,0.00515558683638495,-0.0198017154960699,0.000489322124111125
"3549",2015-05-04,0.0179635954991066,-0.0116009067243299,-0.00646106120790081,-0.00608811501417103,0.00234188648000286,0.00049037490119197
"3550",2015-05-05,0.00927606196146383,0.0010096371315621,0.0103003183883101,-0.00245867044002631,-0.0050518934573673,0.000490725765104338
"3551",2015-05-06,-0.0122408767193618,0.000411142909854352,-0.0068728035374866,-0.0040005944314826,0.001954667347082,0.000491778171573198
"3552",2015-05-07,-0.00290493282068318,-0.00768897718225085,-0.0169090597984126,0.0179854923114291,-0.00104311538794105,0.000492479621550412
"3553",2015-05-08,0.00500106890560399,-0.0129827225472713,-0.00193911572477827,0.0201264861749809,-0.00706312451881879,0.000492479621550412
"3554",2015-05-11,-0.000280992254873321,-0.00808620602966215,0.0152479860876183,-0.00172886346336003,-0.00759003701178287,0.000493531565121996
"3555",2015-05-12,-0.00735070827466149,-0.00289450390085767,-0.0154783958916223,0.0085330826234241,-0.00255939975136659,0.000494232706636843
"3556",2015-05-13,-0.00692540756058877,-0.00110966407942589,-0.00442018273603636,0.00516153536324559,0.00207926944110377,0.000494933724842994
"3557",2015-05-14,0.00420515569408431,0.0004204727361563,-0.00813337482382488,0.00286031676036132,-0.00159422733820982,0.000495634619783747
"3558",2015-05-15,0.00916230619367972,0.00607755737729873,-0.000159260402122271,-0.00610414387441293,0.0119246571107172,0.000495634619783747
"3559",2015-05-18,-0.0165630907155893,0.0183702896532732,0.0112423322386202,-0.00997324248597754,0.0139404371684817,0.00049703604004292
"3560",2015-05-19,-0.0129508759888549,0.00121853834572336,5.56047958647117e-05,0.00817328939143148,0.00180710287680421,0.000497736565448159
"3561",2015-05-20,-0.0117732371229452,0.00957264023917277,-0.00371870158188758,-0.00406867151139571,0.00428222644705113,0.000498086781988594
"3562",2015-05-21,0.00224995305002411,0.0067357213351853,-0.00510877991680546,-0.0164343084650691,0.00747424559972262,0.000499137247026438
"3563",2015-05-22,-0.0120828937525017,0.000641029491778664,-0.00370248433048566,0.00818438259748893,0.000103200907453114,0.000499487340529292
"3564",2015-05-25,0.0038107040517468,-0.0111887162161651,0.00452314145459657,0.00984009908562962,-0.0104058140690318,0.00050053743658407
"3565",2015-05-26,-0.0175770371329572,0.00347001683413548,0.0048314835728341,-7.79153831709893e-05,0.00037199850445499,0.000500887407135941
"3566",2015-05-27,0.00992394942606532,-0.00718919416639281,0.000797410085221436,0.00427759909924373,-0.00302969649576426,0.000501587256072078
"3567",2015-05-28,-0.00549079243876046,0.00845723724008056,-0.000875341414376527,-0.0024253935610307,0.00608626111195581,0.000502286982154709
"3568",2015-05-29,-0.0188277493268471,0.00290867610044044,-0.000672034819510503,-0.00279739736071808,0.00944090644363587,0.000503336341022287
"3569",2015-06-01,0.00432624995469184,0.000790351814577456,0.00214289522480122,0.00232581902167985,-0.00218739086285235,0.000504385423712117
"3570",2015-06-02,0.0192075790495558,-0.00733082666908485,0.00176168599428606,-0.0122104277375652,-0.0046002084682608,0.000505434230369639
"3571",2015-06-03,-0.0112379378762327,-0.00286182542016935,-0.00706731930305053,0.0054042140634995,0.00256135130884431,0.000506133281528376
"3572",2015-06-05,-0.00888014029189152,0.0107339756288436,0.000215698466872433,-0.00159703493335359,0.00681904132143414,0.000507880373261882
"3573",2015-06-08,-0.00339244348819053,-0.00665881394303551,-0.008355010539719,0.00580877112817524,-0.00342638506465561,0.000507880373261882
"3574",2015-06-09,-0.000961111845102069,-0.00856453244716185,-0.00583818813409333,0.000271429453885171,-0.00534057748511263,0.000507880373261882
"3575",2015-06-10,0.0168130584451665,-0.0110655711926945,-0.00211782483347295,0.00354697040409629,-0.0109262290506185,0.000507880373261882
"3576",2015-06-11,-0.00496346460610703,-0.00214098662440132,0.00019046243607421,-0.00603606933333248,0.000282386697991216,0.00050822969973785
"3577",2015-06-12,-0.00724560945198836,0.00263345228480684,-0.00275292693785766,0.00434264475478207,0.00184583377651504,0.00050822969973785
"3578",2015-06-15,-0.00537202924616188,3.82092714316081e-05,0.00375627564970527,0.0093942063481521,-0.00488805948895736,0.00050822969973785
"3579",2015-06-16,0.0100340733337073,-0.00360650148065811,0.000740752921451722,0.0119320521500841,-0.00441667722964739,0.00050822969973785
"3580",2015-06-17,-0.00761296091565325,0.00249678602202809,0.00141299437915852,0.000882836063461882,-0.000238471568055463,0.00050822969973785
"3581",2015-06-18,0.0159144532738858,-0.00748795921460031,0.0127024305356527,0.00053283974735437,-0.00735050340836929,0.000508578995602749
"3582",2015-06-19,-0.00736516782679467,0.00379351129409923,-0.000903593647249901,-0.00258112902429264,-0.000436894171967218,0.000508578995602749
"3583",2015-06-22,0.00234226920078339,-0.000396099263182911,4.54238564705917e-06,0.00390114352778911,0.00141109818850987,0.000508578995602749
"3584",2015-06-23,-0.00157001460284938,0.00923581773139638,0.00504672133204978,0.00201123619902575,0.00783610153444657,0.000508578995602749
"3585",2015-06-24,5.00963859554254e-05,0.00418547551222803,0.0012984632985897,-0.00144519045321677,-0.00211711033662471,0.000508578995602749
"3586",2015-06-25,-0.0109114319130508,-0.0106174580124681,-0.00433161930618032,0.0134214075470127,-0.00674980902412171,0.000508578995602749
"3587",2015-06-26,0.0148865931571483,-0.00042902912125696,0.0204829606987709,0.00372077443185795,8.57543957856702e-05,0.000508928260861907
"3588",2015-06-29,-0.017271417757324,0.00205090051847443,-0.00261508834329421,0.00629169349694306,0.0035417884701454,0.000508928260861907
"3589",2015-06-30,0.00193510494414617,-0.00582310787009142,-0.0135373057598377,0.0130652211799481,-0.00279043675664843,0.000508928260861907
"3590",2015-07-01,-0.00399325001568452,0.0103926807438947,-0.00931140698667963,0.0092366034621351,0.00436777249462057,0.000508928260861907
"3591",2015-07-02,0.0051972177286044,-0.000837490939878491,-0.000988034346204906,0.00408011266144678,1.52463285875461e-05,0.000508928260861907
"3592",2015-07-03,-0.0087464455757753,-0.00518895696605038,-0.00821008102422644,0.0171695845375307,-0.00397104606360224,0.000508928260861907
"3593",2015-07-06,-0.00702635724921606,-0.0103185187902485,-0.00409988465994564,0.00852128510373159,-0.0116322784649436,0.00051032501594972
"3594",2015-07-07,0.00204512132230679,-0.0124471429594943,-0.00485935411569415,0.0117111891445413,-0.0105516874827836,0.000511023209999406
"3595",2015-07-08,-0.010982951446064,0.00567998036948909,0.00624568057615795,-0.00647397836521197,0.00735357939101525,0.000511721281776678
"3596",2015-07-10,0.0136831308438841,-0.00354159152711456,-0.000651996707359064,-0.000529086494694931,-0.000390375889940179,0.000511721281776678
"3597",2015-07-13,0.00690452278779693,-0.00739939614228835,0.00464484715681714,-0.00764442671986095,-0.00409431935152503,0.000512419231324612
"3598",2015-07-14,0.00223598401663698,-0.00166682855325262,-0.00414996256045983,0.012050845912064,-0.000173058676212898,0.0005127681602759
"3599",2015-07-15,-0.00421077109253407,-0.00354358308486868,-0.00354316411511136,0.00659429143892114,-0.00532690914116628,0.000513465926560208
"3600",2015-07-16,0.00154403157403221,0.00501885016627969,0.00807278699738662,0.00479987062988121,-0.000973729734046566,0.000513814763903664
"3601",2015-07-17,-0.0126859904036108,0.00465174776027871,-0.00140143870199236,0.00504068474871493,0.00922390970502993,0.000514512347020712
"3602",2015-07-20,-0.0122601144839091,-0.00221807575651008,-0.00945590817834689,0.015386194077802,-0.00548642562109706,0.000514163570722204
"3603",2015-07-21,-0.00269027706708554,0.00214692582739666,-0.00824701581451491,0.00368068112383119,-0.000847605171637039,0.000514512347020712
"3604",2015-07-22,-0.011219585759072,0.00227727611582973,-0.00546644025252074,0.00455502815566071,0.00477434683113842,0.000514512347020712
"3605",2015-07-23,-0.0189968006957194,0.00575939259757419,0.00966320428706664,-0.00931792892286187,0.016022297364676,0.00051590714712324
"3606",2015-07-24,-0.0108108441604473,-0.00787442316847455,-0.0105360639376992,0.0139227130938079,-0.00574517871782211,0.000520088621459802
"3607",2015-07-27,-0.0101312688973211,-0.00404821089740575,-0.00962759750857719,0.0131353301659988,-0.00708909641980323,0.000521481472053109
"3608",2015-07-28,0.0126735496218391,-0.00521731165575232,0.0183761802857597,-0.0101918227486352,0.000569802592456713,0.000522177714881833
"3609",2015-07-29,0.0119251166016363,-0.00159148815044829,0.00226705635293382,0.0118752530814194,-0.00576047400506269,0.000522525790697781
"3610",2015-07-30,-0.00445535552942308,0.000979521330693425,-0.0025178256369888,0.0111405060767446,0.00185933605545693,0.000525657106047905
"3611",2015-07-31,0.0188959125525357,-0.0128606980595606,-0.00884524755499081,0.0114626324092119,-0.0124443332546541,0.000524961470736551
"3612",2015-08-03,-0.0113465494837625,0.00184930291673511,0.00454997954098388,0.00561452488667205,0.0028481666646011,0.000524961470736551
"3613",2015-08-04,-0.00229479720369376,-0.00233086427790485,0.00524428543891502,-0.00191291032759507,-0.00154806342701468,0.000525309303566868
"3614",2015-08-05,0.00304853238069218,-0.00961559936243639,0.00179523352641029,-0.00417319517442624,-0.00944404294169869,0.000525309303566868
"3615",2015-08-06,-0.00792903447265977,0.00636565068304872,0.0110313822626749,-0.00112815833213237,0.00707502847012876,0.000526352619983239
"3616",2015-08-07,-0.0248925094927271,0.00955826261622099,-0.0036634539113638,0.00451003132546364,0.0101411570743595,0.000526700331447971
"3617",2015-08-10,0.0128900104903954,-0.0136292563080144,-0.00238597608044808,0.00247034773818275,-0.015859573568261,0.000526004878184771
"3618",2015-08-11,-0.00591617928306067,-0.00548687313433149,-0.00641163992137944,0.0076021616266334,-0.006025127635984,0.000525657106047905
"3619",2015-08-12,-0.018403106664119,0.0082616525924265,-0.000871856086437821,-0.00955570822760232,0.00428329829967668,0.000525309303566868
"3620",2015-08-13,-0.00889784092938853,-0.00355493944419999,-0.00802413589540008,0.00999903466498445,-0.00802120886085057,0.000525657106047905
"3621",2015-08-14,-0.010165865685524,0.00483978371956049,0.00142024693189789,0.00112142999502242,0.00857058798492123,0.000525657106047905
"3622",2015-08-17,-0.00572989341801847,-0.00879035437999054,-0.0244850211933006,0.0197985281395917,-0.00979676757437512,0.000525657106047905
"3623",2015-08-18,0.00635482418510918,-0.0164124738005103,-0.00839076579682664,0.0206840083847594,-0.0128939872972937,0.000525657106047905
"3624",2015-08-19,-0.019601866315502,0.00168146452819193,0.00164747248854076,0.00263502149835475,0.00252356344067628,0.000525657106047905
"3625",2015-08-20,0.000570157976526279,-0.00249746663969307,0.00844625183378669,-0.00639468230784525,-0.00507806415755943,0.000525309303566868
"3626",2015-08-21,-0.017648511958951,-7.69081587495696e-05,-0.0126181189847156,0.0103877527767732,-0.00276818536291763,0.000525309303566868
"3627",2015-08-24,-0.0291332713961753,-0.00825883450270444,-0.0231617550943971,0.0185896194723448,0.00228306851158349,0.000525657106047905
"3628",2015-08-25,0.00645012397336625,-0.00485850474018382,-0.00496793543593346,0.00209450807162542,-0.00222764840492604,0.000525657106047905
"3629",2015-08-26,0.0295433218910235,-0.0156120262951408,0.0032777828851112,0.00311976458732209,-0.0110902482707711,0.000525657106047905
"3630",2015-08-27,0.0303644612172858,-0.0186739468904202,0.0100293017228914,-0.00750894741320784,-0.0153566521528454,0.000525309303566868
"3631",2015-08-28,-0.00955860194431574,0.0158425513740683,0.000386840625081137,-0.0081141249716844,0.00539881820170972,0.000525309303566868
"3632",2015-08-31,-0.0116841192631464,0.00926516479281663,0.0179950562352879,-0.0113203351829758,0.00498323109275028,0.000526352619983239
"3633",2015-09-01,-0.0238782701733714,-0.0110291183862812,0.00244481753919645,0.0063428982698454,-0.00725634157608079,0.000526700331447971
"3634",2015-09-02,0.0182138133255758,-0.0158334810949817,0.0196472310555065,-0.00219638507657326,-0.0107521746002239,0.000527048012584741
"3635",2015-09-03,0.0187284429289048,-0.00155916776346415,-0.00623351372935131,0.0119860672213057,-0.00248504189300981,0.000525309303566868
"3636",2015-09-04,-0.0153921411127373,0.00228116259318561,0.00514493359474273,0.00084277827391673,0.0029514085361788,0.000526352619983239
"3637",2015-09-08,0.00233153760695484,-0.011300895957247,0.0124631617189932,0.0034086715280899,-0.0117045482299318,0.000526004878184771
"3638",2015-09-09,-0.00457387934715376,0.0056214998243056,0.00239554798699054,0.00257561646667054,0.00474538144617583,0.000526004878184771
"3639",2015-09-10,-0.00545260669509478,-0.0115754048538011,0.0152125580224827,-0.005157822070618,-0.00693779293166741,0.000526352619983239
"3640",2015-09-11,-0.00252332476828353,0.0030771512880556,0.0155677704923993,-0.00218305290049284,0.00333930561377845,0.000526352619983239
"3641",2015-09-14,0.015757803561331,-0.0136484544254578,-0.00516181789540656,0.0188568868742233,-0.0133721524592851,0.000526004878184771
"3642",2015-09-15,0.00274579429287445,-9.66204463450527e-05,0.00460379351317431,0.00322506957693094,0.00122378849163635,0.000526004878184771
"3643",2015-09-16,0.0218447132982514,-0.00065325411434158,0.0043610923724325,-0.0156784110533285,-0.000371997612294738,0.000525657106047905
"3644",2015-09-17,-0.000806420230160913,0.0130151037099196,0.0078555461683828,-0.0143107711134363,0.0120524868007281,0.000525657106047905
"3645",2015-09-18,-0.023746683625569,0.0144040982207949,0.0175355740898879,-0.00704937358793698,0.0142258445223723,0.000526352619983239
"3646",2015-09-21,-0.0143754509235504,-0.00678584339312955,0.00379647932526331,0.0146297971601985,-0.00241289526787906,0.000526700331447971
"3647",2015-09-22,-0.00641438339468333,-0.00629899490553023,0.00189671549389244,0.0262377488817879,-0.00777186522115257,0.000527395663398655
"3648",2015-09-23,-0.0190567075432658,-0.00336684156429848,-0.0176263533133493,0.0152701928318595,0.000905123897905129,0.000530175778925335
"3649",2015-09-24,-0.00228493125758817,0.0169017000643031,0.0159285008037778,-0.0189380671536877,0.0123242956428585,0.000529133462812137
"3650",2015-09-25,-0.00726374197802493,0.00429205703344727,-0.0011543926949778,-0.00300877060793628,0.0139142774521209,0.000529133462812137
"3651",2015-09-28,-0.0170882778395594,0.00667349439395454,-0.00402211313232329,-0.000157555192357257,0.0104987684767039,0.000530523157072471
"3652",2015-09-29,0.0037884790331915,-0.00354066631596611,-0.0157852758264853,0.0154451921377032,-0.0103256289972622,0.000530523157072471
"3653",2015-09-30,0.018223905259307,-0.00584988189136422,-0.0107200984524441,0.0060905526370486,-0.0073922465579624,0.000529828370503083
"3654",2015-10-01,0.00532747648357897,-0.0141854381243787,-0.00446122326108602,0.0165665463697286,-0.0112077203514041,0.000530175778925335
"3655",2015-10-02,0.0328185617007583,-0.0200342913936653,-0.011928040855938,0.00153149623857422,-0.0324991835066225,0.000527743283895266
"3656",2015-10-05,0.0118268101230701,0.00524903611352214,0.00586837228875608,-0.0315616918529931,0.0180329585435857,0.000527743283895266
"3657",2015-10-06,0.000939458300530663,0.00720857739252967,-0.00249175076040859,-0.0291725682040761,0.0186454026472662,0.000526352619983239
"3658",2015-10-07,0.0188587297727592,0.00176171000232586,-0.000235370819031799,-0.026151715802726,0.00381981168788992,0.000527048012584741
"3659",2015-10-08,0.00111019801979096,0.000262152883676125,-0.00534211399169683,-0.0168013855034687,0.00334215276404683,0.000526004878184771
"3660",2015-10-09,0.00421103839573988,0.018038373961353,-0.00357109930573931,-0.0153149684585528,0.0145107968451828,0.000526352619983239
"3661",2015-10-13,-0.0361311683469594,-0.0051100730225369,-0.0013234864941171,0.0333329112123105,-9.5820259273998e-05,0.000526352619983239
"3662",2015-10-14,-0.0139900031321741,0.00614647886269862,-0.00199596217046291,-0.00278164745668249,0.00337191920513612,0.000526352619983239
"3663",2015-10-15,0.0100565980459497,-0.00290676835087712,0.00158583839554384,-0.00769402635957142,-0.000380856078065209,0.000525657106047905
"3664",2015-10-16,0.00178620607816898,-0.0200254486609021,0.0008238666574208,0.0136756744398333,-0.0165233646518958,0.000526004878184771
"3665",2015-10-19,0.00440529600469445,-0.0104550484545086,-0.00277623832952546,0.0174574460636433,-0.00973626302321708,0.000526004878184771
"3666",2015-10-20,-0.00690018583683143,0.00190000451592405,-0.00251553070962177,-0.000363669792928734,0.00134109005628606,0.000526004878184771
"3667",2015-10-21,-0.00147631700553646,0.000802700361376696,0.00754075574265103,0.00864740943872696,-0.00346768813436003,0.000526004878184771
"3668",2015-10-22,0.0122126645342445,-0.00734389128841285,-0.00281769434483606,0.012762863857136,-0.00789335872756224,0.000525657106047905
"3669",2015-10-23,-0.00368400998816271,0.0104936715131624,-0.00223246478290089,-0.00241792595822601,0.00550189420408889,0.000525657106047905
"3670",2015-10-26,-0.00711076513253966,0.00070869142507721,-7.51036790678089e-05,-0.00126423109896204,0.00117908170602463,0.000526004878184771
"3671",2015-10-27,-0.00306042279954787,-0.00661802562933021,-0.0134570579301597,0.0188014478625704,-0.00891445612446153,0.000526004878184771
"3672",2015-10-28,-0.00799758456635903,-0.00111146428879234,0.00125161889495314,0.0120845095236904,-0.00483368628297951,0.000526352619983239
"3673",2015-10-29,-0.02321482974128,0.0118919046046053,0.0111336735224076,-0.00193838118760163,0.010518017429971,0.000526004878184771
"3674",2015-10-30,0.00531718546523737,-0.00562316239860994,0.00465058240891117,-0.00243852973797534,-0.00172473878388395,0.000526352619983239
"3675",2015-11-03,0.039164834618446,-0.0168265353478708,-0.00370189334751266,-0.00690777097037683,-0.0206320946855261,0.000526352619983239
"3676",2015-11-04,-0.00450731787687312,0.0152374034983579,-0.00184543338101537,-0.00729615351593036,0.0121532303030382,0.000526352619983239
"3677",2015-11-05,0.00673127290004756,-0.00370350821179876,-0.00450921384994218,-0.0048809246434811,-0.00406805900678061,0.000527048012584741
"3678",2015-11-06,-0.0211812971614895,0.015818555803732,-0.00175018665182617,0.00342280324062966,0.0149861295160736,0.000527048012584741
"3679",2015-11-09,-0.0150663019587613,0.00643992028305915,-0.000118588553756188,-0.0168145208658362,0.00767128156674517,0.000527048012584741
"3680",2015-11-10,-0.00117814812011376,-0.0130032051710872,0.00963185601660644,0.0121218509950699,-0.00502340297253614,0.000527048012584741
"3681",2015-11-11,0.0160794649132109,0.00477370768350821,0.00096503342640915,0.00089422451100845,-0.00525662380170666,0.000526700331447971
"3682",2015-11-12,-0.00393838653040958,-0.00452897578256704,-0.00848872210360135,0.0141578718805541,-0.00127742837266226,0.000527048012584741
"3683",2015-11-13,-0.00760413997619855,-0.00558783374918391,-0.0052018721826701,0.0136888563156379,-0.00668313630123001,0.000527048012584741
"3684",2015-11-16,0.00496561828681852,-0.00908775225258749,-0.00532086769382281,0.00309616622540059,-0.00571262990867546,0.000527048012584741
"3685",2015-11-17,0.00717628409686082,-0.00786553372135012,-0.0165628405898701,0.00416427826534712,-0.00954216585271167,0.000526352619983239
"3686",2015-11-18,0.00419055114986968,-0.0156253141272509,0.00240456779455823,0.00309798813133508,-0.0131709453317253,0.000526352619983239
"3687",2015-11-19,0.0119062791604053,-0.00982338629576272,-0.00386594280479115,-0.000308334666427973,-0.00515990769099204,0.000525657106047905
"3688",2015-11-23,-0.00167964648700317,-0.015833755562956,-0.0074152691459294,0.0108247181859885,-0.0100682648049692,0.000526004878184771
"3689",2015-11-24,0.000579941993425034,0.00099977731431684,0.00320707176492706,-0.00787858054170653,-0.00191535173003184,0.000525657106047905
"3690",2015-11-25,-0.0255684054345968,0.00990617237992905,-0.00142156932820606,0.00801961817811478,0.0127951181893159,0.000525657106047905
"3691",2015-11-26,0.007197879814028,-2.22671780129189e-05,0.00253276254549559,0.014005460543453,-0.00422556659437003,0.000525309303566868
"3692",2015-11-27,-0.0232872896713888,0.000548897308737719,0.00046769083459159,0.0145728589926857,0.00687920394801443,0.000525657106047905
"3693",2015-11-30,-0.0157363168398173,-0.0133825335181004,-0.00343675945992659,0.023581397549542,-0.00533254442492043,0.000525309303566868
"3694",2015-12-01,-0.000953088714302222,-0.0108332740704314,-0.0102669972575385,0.00950434889689162,-0.00904475682167609,0.000525309303566868
"3695",2015-12-02,-0.00527974916046256,0.0105059144123324,0.00955732557611572,-0.00251171560919702,0.00794581582493416,0.000525657106047905
"3696",2015-12-03,0.0300034028812794,-0.00604857606858716,-0.00616160848391015,-0.0063986299781354,-0.00735551000610319,0.000525657106047905
"3697",2015-12-04,-0.020866772697821,-0.00735251898110381,-0.0141178746683203,0.0151968967215019,-0.00389485698754382,0.000525657106047905
"3698",2015-12-07,-0.00270375573664605,-0.00946934267018529,-0.017323274307267,0.023153232662696,-0.01448278230968,0.000526004878184771
"3699",2015-12-08,-0.0181611720645789,-0.00274336115811898,-0.00907547005445174,0.00803649548605774,-0.0052889838087272,0.000526352619983239
"3700",2015-12-09,0.0314001849752133,-0.0182644671853753,-0.00668802061684369,-0.002255586506138,-0.0240780432135471,0.000526700331447971
"3701",2015-12-10,-0.0102648491082967,-0.00176475829916571,-0.00171293426626714,0.00618989105992422,-0.00195484095661302,0.000526700331447971
"3702",2015-12-11,-0.00641592969806513,0.0120582610655337,0.00763274595693867,0.00208821052788288,0.0121362264767184,0.000527048012584741
"3703",2015-12-14,-0.0126854329119498,-0.00392799043459381,0.00504417099392286,0.00563437204304594,-0.00475731975972114,0.000527395663398655
"3704",2015-12-15,0.000506897329737491,0.00372606402512887,0.0109790770581758,-0.0106800279155691,0.00143385313044287,0.000527743283895266
"3705",2015-12-16,0.00316880119700318,-0.00593387151780576,0.00426128389682402,-0.00786632929110414,-0.00721901930730895,0.000527743283895266
"3706",2015-12-17,0.00541703242279962,0.0106677634517708,-0.00649962467155977,-0.00513083031606312,0.0136922851775094,0.000528438433956779
"3707",2015-12-18,-0.0273796694999587,0.00850499830964537,0.00804520288286224,0.00345815932960427,0.00177290203744012,0.000528438433956779
"3708",2015-12-21,-0.0150506676616574,0.00124277494107785,-0.0113750714303761,0.00201319389299253,0.0017272319917844,0.000529133462812137
"3709",2015-12-22,0.00549960827917557,-0.00954583832808913,0.0112862139538882,0.00138183011477863,0.000300285753026481,0.000529133462812137
"3710",2015-12-23,0.011512612067232,0.00293594730709345,0.00227368075941904,-0.00462859487488281,0.00711398905903951,0.000529828370503083
"3711",2015-12-28,-0.00555774739613838,0.010477120384236,-0.0143387642981698,-0.0117045446794876,0.00997854327704678,0.000530870504949821
"3712",2015-12-29,-0.00278067057832913,0.00443927941346624,-0.00290839693626219,0.00416514348782979,0.00623410470086964,0.000530523157072471
"3713",2015-12-30,-0.00743337120422144,0.00476927405067562,0.00273940349427213,-0.0107905719701636,0.00815192213507367,0.00053156510991581
"3714",2016-01-04,-0.0286260354450381,-0.0128597647090399,-0.0021457500107365,0.00042268690513942,-0.00835196720608559,0.000533301092977778
"3715",2016-01-05,0.00674321820783878,-0.0167301606752915,-0.0134289020957389,0.0271936144997765,-0.0118043739904112,0.000532259593865714
"3716",2016-01-06,-0.0141355511697526,-0.0155286493865777,-0.023163073467523,0.0228138526862006,-0.0144950611915886,0.000532606790472734
"3717",2016-01-07,-0.0256324701824196,0.00412062917040487,-0.0114982793787847,0.0142709195110625,0.00581957305278407,0.00053295395684172
"3718",2016-01-08,-0.00065545806873892,0.00851427469519831,0.0121717756066369,0.00265107580287282,0.0193323451669404,0.000533648198886238
"3719",2016-01-11,-0.0171535196924843,-0.0016498679805936,0.00317927471610029,0.0033074891200629,-0.00558363744769288,0.000534689335298433
"3720",2016-01-12,-0.00788127721276021,-0.00992891816948635,-0.0154810460989836,0.0160460079661458,-0.00498556976945197,0.000534689335298433
"3721",2016-01-13,-0.0137228910113077,-0.00437563947710108,-0.0112799625614102,0.0179125935270006,0.00166701275585867,0.000535383275198642
"3722",2016-01-14,0.0109942924596869,-0.0137562447695159,-0.00232611127578136,-0.00433872160040516,-0.0134356300508647,0.00053607709431458
"3723",2016-01-15,-0.0231210306397223,0.00237130084840866,-0.00452502558455785,0.00584639323053886,0.0042394246675205,0.000536423958591881
"3724",2016-01-18,-0.0163690732750648,0.00750014829012887,-0.000109224136861369,0.00347513182801523,0.00808069904859758,0.000537811113951348
"3725",2016-01-19,0.00422440947192597,-0.0130545536050574,-0.0065093244911878,0.00884179300637371,-0.0133055044374272,0.000534689335298433
"3726",2016-01-20,-0.0122234273022767,-0.00594697118333824,-0.0026071223043521,0.0110053631059506,2.32097558838899e-05,0.000532259593865714
"3727",2016-01-21,-0.00216295188315961,-0.014094211309662,-0.00335827083570484,0.0154611066020807,-0.0136577622383667,0.000525657106047905
"3728",2016-01-22,0.0122870935140063,-0.00660146706720758,-0.0029910987838907,0.0119475540069554,-0.00378260531131624,0.000524961470736551
"3729",2016-01-26,-0.0128701820977949,0.00466263034693903,-0.00200177654354205,-0.00882339711995978,0.00367645119332196,0.000524961470736551
"3730",2016-01-27,0.0265996103506405,-0.00544267602614175,0.00483595783704798,-0.0070420356585431,-0.00939448271997677,0.000525309303566868
"3731",2016-01-28,0.00596809156477123,-0.00103793227598049,-0.00618725448485966,0.00892103966491207,-0.00338552828967403,0.000524961470736551
"3732",2016-01-29,0.0435317108637722,0.000529638001334341,-0.000599815462454543,-0.0111292196618705,-0.0180910401674835,0.000524961470736551
"3733",2016-02-01,0.00299861430234915,0.036771250257486,0.0152037406667931,-0.0306976542411125,0.00965326406465466,0.000525309303566868
"3734",2016-02-02,-0.0442927839778062,0.0211808427991512,-0.00193680518523653,0.00735722958736482,0.0353210978692546,0.000525309303566868
"3735",2016-02-03,0.0202037742941736,0.0129124569541817,0.0192445126799233,-0.03197581219201,0.0125751865857848,0.000525657106047905
"3736",2016-02-04,0.024782990893132,0.0145084785411023,0.0244405794294752,-0.0452433904106554,0.00712464209128194,0.000525657106047905
"3737",2016-02-05,-0.00652917545035417,0.0126202756484767,0.0118939484426148,-0.0139470465846152,0.00323230668437369,0.000525657106047905
"3738",2016-02-10,-0.00816123797262799,-0.0101972797770054,0.0009356758025467,0.00569007501099833,-0.0108424863454855,0.000526004878184771
"3739",2016-02-11,-0.0249464969348638,-0.0147577125811102,-0.00888724816383282,0.0207052730535893,-0.00251672514529646,0.000526352619983239
"3740",2016-02-12,0.00900281637723073,3.92746354163399e-05,0.000753313791426999,-0.0141316350421913,-0.00228531495789284,0.000526352619983239
"3741",2016-02-15,0.00487734420521692,0.00909241192532251,0.018789783820618,-0.0109637775452856,0.00834457677041941,0.000526004878184771
"3742",2016-02-16,0.0183314849730455,0.0210191487214906,0.0352490974667262,-0.042912217305769,0.0169317811771969,0.000525657106047905
"3743",2016-02-17,0.0139551522848206,-0.00792900731979949,0.00789028652195627,0.00950794727414819,-0.0159257877141465,0.000525309303566868
"3744",2016-02-18,-0.00196032037146169,-0.0147138369559228,-0.018683245443407,0.0198492831447793,0.00275182984238531,0.000525657106047905
"3745",2016-02-19,0.000832966107125125,0.00365964666942583,0.00237851053412297,-0.00163311547834484,-0.00209462732439133,0.000525309303566868
"3746",2016-02-22,0.0344354122911586,-0.00677804547583495,0.00320807177815352,-0.00437435073957653,-0.016382521819888,0.000525657106047905
"3747",2016-02-23,-0.015832706016719,-0.00189609110113602,-0.000501840507038481,0.00478602366220939,0.00418530276060407,0.000525657106047905
"3748",2016-02-24,-0.0120838214912233,0.00625194035182027,0.000412836070511138,-0.00592362207222996,0.00840548025557443,0.000525309303566868
"3749",2016-02-25,-0.00408071010112362,-0.0026213932065403,-0.00187897618294257,0.0203747665395432,0.014621183590608,0.000525657106047905
"3750",2016-02-26,-0.00539850677673695,0.0114697766843623,0.00967594780580799,-0.00365521675947893,0.0146651700691561,0.000525657106047905
"3751",2016-02-29,0.023249390492915,-0.00860310391269744,-0.0134584767340437,0.00404489932115768,-0.0107009637374418,0.000525657106047905
"3752",2016-03-01,0.0296155336365049,-0.00505318796615001,-0.00429743992750452,-0.0250517522138845,-0.00252728326084627,0.000525657106047905
"3753",2016-03-02,0.0126000000937071,0.0081414616213846,-0.000394526797832419,-0.0206733165698895,0.000667781263961281,0.000525309303566868
"3754",2016-03-03,0.0464078679853785,0.0375082130785939,0.0411721827553529,-0.0769842235923865,0.00275152187157575,0.000524961470736551
"3755",2016-03-04,0.0375610006131866,-0.0017829557700368,0.0138495306866962,-0.0364177985505482,-0.017776818739853,0.000524961470736551
"3756",2016-03-07,0.00386985358610487,0.00462433809084381,0.00497277350146114,-0.00800419031381873,-0.00532522275440279,0.000524961470736551
"3757",2016-03-08,0.00139779144705945,0.0025480802871802,0.00536119128419978,-0.0118634854963924,0.00376846289922383,0.000524961470736551
"3758",2016-03-09,-0.00977805231200821,0.0172308568756144,0.0113270432912393,-0.00717760873183789,0.00997442995375077,0.000524961470736551
"3759",2016-03-10,0.01718614214621,0.00331156994841579,0.00668779721043067,-0.0183401202218401,-0.00539595925849169,0.000524961470736551
"3760",2016-03-11,-0.00117970792605734,0.00759433160050516,0.0199813140056632,-0.0165633511965026,0.00866589639003304,0.000524961470736551
"3761",2016-03-14,-0.0159592780474751,-0.0152910155587951,-0.0127696459387025,0.0185270683234814,-0.0103267967223478,0.000524961470736551
"3762",2016-03-15,-0.0347316497352494,-0.031683706391323,-0.0432481859825994,0.0506896416251727,-0.022694819019379,0.000524613607551627
"3763",2016-03-16,0.0124155804005886,-0.00126596437723728,0.00647334614449182,-0.0162805840810424,-0.00796668011039076,0.000524961470736551
"3764",2016-03-17,0.0612703870004653,0.00695541829715138,0.0225547516504416,-0.0411683799122421,-0.00364607044443459,0.000524613607551627
"3765",2016-03-18,-0.00179149296200865,0.00499921522002499,0.00341776628977559,-0.0105398406448601,-0.00104932693274707,0.000524961470736551
"3766",2016-03-21,0.00766307737948247,-0.00104816428880219,0.00529800882175905,-0.0086644297458764,0.00478328422684935,0.000524961470736551
"3767",2016-03-22,-0.00526893725158222,0.0101459814232866,0.0107509497270392,-0.00497505257403925,0.00263091349230089,0.000524961470736551
"3768",2016-03-23,-0.0215737151795003,-0.00415393420812461,-0.00347867743733967,0.027140125191613,0.00438778844397034,0.000524961470736551
"3769",2016-03-24,-0.00211229196827791,-0.0023403797033315,0.000271160171506774,-0.0113122981280233,-0.00267355602566633,0.000524961470736551
"3770",2016-03-28,0.0238473861765456,0.000244054588180231,0.00620487773438313,-0.0106908402633014,-0.00659570601835368,0.000524961470736551
"3771",2016-03-29,0.00684143780078072,-0.00159997362186733,-0.0016988662178692,-0.00618430943521197,0.000415067405433061,0.000524961470736551
"3772",2016-03-30,-0.000798917380338651,0.00428274146824571,0.0077827467400093,-0.0122435053625506,0.00344455782071951,0.000524961470736551
"3773",2016-03-31,-0.023111676812665,-0.00641461781552813,-0.00828033912969686,0.000678489308841741,-0.00644271727991306,0.000524961470736551
"3774",2016-04-01,0.00886441155451593,0.00494637652950796,0.00243431321364637,-0.0146460044327807,0.00626537855268396,0.000524961470736551
"3775",2016-04-04,-0.0336888562725358,-0.00511557790179876,-0.016710471085771,0.0241445778700176,-0.00526283784663344,0.000524613607551627
"3776",2016-04-05,0.00462928387452554,0.00227486304308835,-0.00933518261474245,0.00194971344511491,0.00666429430630399,0.000524961470736551
"3777",2016-04-06,-0.0192948861280453,-0.00472867479091874,-0.0175078412647081,0.0132327170580805,0.00146756898608706,0.000524613607551627
"3778",2016-04-07,0.00764282355117298,-0.0208408846306764,-0.0172507251734004,0.0160457400494767,-0.0120746119991534,0.000524613607551627
"3779",2016-04-08,0.0338529002808341,0.0224399037585989,0.029379516794513,-0.0406078051018094,0.00953146344971089,0.000524613607551627
"3780",2016-04-11,-0.00290360329835709,0.0108658895611964,0.0158485814679204,-0.0189326360767259,0.00446544302215717,0.000524613607551627
"3781",2016-04-12,0.0320348398682192,0.00508711744848148,0.0192188560872333,-0.0300747133127734,-0.000815862839254538,0.000524265714006766
"3782",2016-04-13,0.0202679960652693,0.0215684010852361,0.022450590047388,-0.0308173132574051,0.0135377468425689,0.000524265714006766
"3783",2016-04-14,-0.0108339841750496,-0.0139762651665763,-0.0227309381826344,0.0283922787878088,-0.00871491474947698,0.000524265714006766
"3784",2016-04-15,0.0163687769842254,-0.000948160546261569,0.000216179306548041,-0.00900472722554324,-0.00399527317323597,0.000523917790096862
"3785",2016-04-18,-0.00721901623481857,0.000851012261960784,-0.000994353782817749,-0.000672336278192179,0.00628043462980156,0.00052356983581614
"3786",2016-04-19,0.0126634789952815,0.00948033087460327,0.0113162845207115,-0.0131820532879785,1.61150629551295e-05,0.00052356983581614
"3787",2016-04-20,-0.00362568637037175,-0.00219727409342911,0.00168429298537779,-0.00405663267175551,-0.00273048454706652,0.000523917790096862
"3788",2016-04-22,-0.0090640625501046,-0.00399489145907195,0.00108650313416135,0.0146274147735446,-0.000167257571128968,0.000524265714006766
"3789",2016-04-25,-0.0195434139725416,0.00323688513314612,-0.000511767037702209,0.018081239294571,0.00771251138191892,0.000524265714006766
"3790",2016-04-26,0.0209855091072161,0.00028195598161827,0.00335689438389044,-0.0116485354841524,-0.00484638380926557,0.000524265714006766
"3791",2016-04-27,0.0229309643636702,0.000170571351423669,0.00492131114692682,-0.00549291958867489,-0.0035732136534308,0.000524265714006766
"3792",2016-04-28,-0.00503123837085579,-0.00108967757340526,-0.000570056147015567,-0.00224330066379911,-0.00216479805254363,0.000524613607551627
"3793",2016-04-29,-0.00547446123721296,0.00065795766358383,-0.00202264724746824,-0.00879779435061516,-0.00542532825920243,0.000524613607551627
"3794",2016-05-02,-0.00535100789586749,0.000332261272205882,-0.00443230972455366,0.00200734806858917,0.00219732361607649,0.000524265714006766
"3795",2016-05-03,-0.0199094678992816,-0.00859327378254076,-0.0221898195718487,0.0175002447096977,0.00142811718465272,0.000524613607551627
"3796",2016-05-04,0.00478915298914904,0.0115511771410706,0.00761801238982293,-0.00680454851184192,0.00179777819872486,0.000524265714006766
"3797",2016-05-05,-0.0160266013485514,-0.00175978294794336,-0.00239967118855289,0.0120047717335948,0.00658094823768498,0.000524265714006766
"3798",2016-05-06,-0.000772143748453379,0.0103858908130894,0.00493367383011941,-0.0142401871990167,0.00579877780295656,0.000524265714006766
"3799",2016-05-09,-0.0129774650072512,-0.00052972969870797,-0.0184664464808312,0.0138798207773059,0.000152488425244415,0.000524265714006766
"3800",2016-05-10,0.0358392736519346,0.00212523491044394,0.0022180368457283,-0.017032791814875,-0.00835443042925132,0.000523917790096862
"3801",2016-05-11,-0.00540471558398802,0.0225928942696472,0.0160414469353663,0.00037885190234283,0.0187010976733307,0.000523917790096862
"3802",2016-05-12,0.00808180258986592,-5.15313963898797e-05,-0.0105784952508287,0.0110200919105122,-0.00241516305442731,0.000523917790096862
"3803",2016-05-13,-0.0251955308088486,-0.00185372819850365,-0.0114065157636689,0.0119380207802413,0.0012633711626687,0.000523917790096862
"3804",2016-05-16,-0.00237021221176722,-0.0148918432711725,-0.0106111384411248,0.0142430255056259,-0.00841900022586938,0.000524265714006766
"3805",2016-05-17,-0.0179892677503517,-0.00358010981944157,-0.0102516748143031,0.00979599877190569,0.00241235409744071,0.000524265714006766
"3806",2016-05-18,-0.00590467326704914,-0.0118271262377266,-0.0184677821273393,0.00900912697848645,-0.0076733309406537,0.000523917790096862
"3807",2016-05-19,-0.00802730783484931,-0.0045079141131989,-0.00810624390596308,0.010221901279686,0.00311146482421322,0.000523917790096862
"3808",2016-05-20,-0.00678205951667033,0.00206592538680896,0.00244945980405284,0.00552443789723687,0.00207662726667246,0.000524265714006766
"3809",2016-05-23,-0.00863433628651764,-0.00912545104748548,0.000727041171833769,0.00918907492659164,-0.00477125136204511,0.000524265714006766
"3810",2016-05-24,0.00150080171602322,0.0049963567178854,-0.00982580935122995,-0.00600659353787967,0.00657698756800048,0.000524265714006766
"3811",2016-05-25,0.00347331352558276,0.0056231949340433,0.00954516647708362,-0.00948062333581219,0.00560160649582369,0.000524265714006766
"3812",2016-05-27,-0.0062320268441253,-0.000522765779831484,-0.00140120824503786,0.00881647249014533,0.00909228080626138,0.000523917790096862
"3813",2016-05-30,-0.00221473740324596,-0.00277310426321936,0.00355140543851791,-0.00367742114013534,-5.87358374478265e-05,0.000524265714006766
"3814",2016-05-31,-0.00853127762175769,-0.00414033503150728,-0.00400189489489172,0.0124678946606256,-0.00843779468043655,0.000523917790096862
"3815",2016-06-01,0.00921111754168224,0.00276298408060113,0.00425538609969805,-0.00906261873523393,0.00145407445905464,0.000523917790096862
"3816",2016-06-02,0.0122560653957378,0.000181477163412861,0.00396931310776992,-0.0147015867273395,-0.00349158971054556,0.000523917790096862
"3817",2016-06-03,0.0123765501363763,-0.00190533048016409,0.0030681783555594,-0.00398762850860206,-0.00652871814036442,0.000523917790096862
"3818",2016-06-06,-0.00450349146087539,0.00505064219932891,0.00201148499807907,-0.0048676328726074,-0.00306096586277858,0.00052356983581614
"3819",2016-06-07,-0.00030838825582307,-0.00153598956825596,-0.0045860131056348,-0.00368180462080285,0.00226752377240157,0.00052356983581614
"3820",2016-06-08,0.0197950515406939,0.0198400109184222,0.01803691689307,-0.0103602285376303,0.0110998414322391,0.000523221851159716
"3821",2016-06-09,-0.00861332565934089,0.00381932750047433,-0.007634575271651,0.00429003565892108,0.00842948854587431,0.000524265714006766
"3822",2016-06-10,-0.0310706363805214,0.00366136376334726,-0.0080692730303756,0.00342678082347284,0.0108616980269278,0.000524265714006766
"3823",2016-06-13,0.00439626781047649,-0.00795542846321599,-0.000599436204854495,0.00146059039721941,-0.00503752248634083,0.000524265714006766
"3824",2016-06-14,-0.0200623348961122,-0.00298233930195492,-0.00800984220541516,0.00811805575290395,0.000141737009141898,0.000524265714006766
"3825",2016-06-15,0.00425061693271989,0.00341618057676352,0.00423447574058786,-0.0120250931141562,-0.00540262322199952,0.000524265714006766
"3826",2016-06-16,0.0080755162514547,-0.00508355192785337,-0.00853132990186899,0.00497007408606389,-0.00897899342721379,0.000524265714006766
"3827",2016-06-17,0.00143475907392247,0.00148947435126289,0.00558568659166608,-0.000610237088446302,-0.00105465839707631,0.000524265714006766
"3828",2016-06-20,0.0140245454770092,-0.00707818431328089,-0.00229310074954925,0.00454413744850694,-0.00797160787548603,0.000523917790096862
"3829",2016-06-21,0.00907079597896694,-0.00555323030890709,-0.0107460072700335,0.00228487339896689,-0.00553218480038529,0.000523917790096862
"3830",2016-06-22,-0.0115804957915084,0.0195974808366096,0.0216888053565231,-0.00770118173533208,0.00962325369579457,0.000524265714006766
"3831",2016-06-23,0.0256588149835903,0.00864980938088513,0.00946745284243309,-0.0105579272580457,-0.00515251567132086,0.000524265714006766
"3832",2016-06-24,-0.0255909604220506,0.00884263961066822,-0.00594730660354392,0.00377376419000487,0.016617639193883,0.000523917790096862
"3833",2016-06-27,-0.0148690645068846,-0.00339821050850079,-0.0126610104555313,0.0120605866283862,-0.00352274990584289,0.000523917790096862
"3834",2016-06-28,0.0159887510187039,0.00824648420621004,0.0168078236055249,0.0004427082527692,0.00576839916449466,0.000524265714006766
"3835",2016-06-29,0.0180509100190462,0.00720801717201953,-0.00358487660251001,-0.0116222003125085,0.00761184101913116,0.000523917790096862
"3836",2016-06-30,0.00755857151244602,0.00105317073631244,-0.00130387949006193,-0.00611023257537981,0.0016667974161168,0.000524265714006766
"3837",2016-07-01,0.0106964956261744,-0.00535102139795228,0.0107242794472384,-0.0026850618133949,-0.00366551488614639,0.000524265714006766
"3838",2016-07-04,0.00467334387335422,0.00352236865722731,0.00531582256312803,-0.00221564535333123,-0.00326042250528427,0.000524265714006766
"3839",2016-07-05,-0.0103867961857436,0.00755885758638409,0.00618917637791759,0.0020430267554277,0.00971049153557365,0.000524265714006766
"3840",2016-07-06,-4.12596844679211e-05,0.00479595567035706,0.00620462740895483,-0.00755146524937156,0.0114137087874366,0.000523917790096862
"3841",2016-07-07,0.00142822012190553,0.00210861031973255,-0.00354770643937344,0.00218728710712192,0.0039855103662148,0.000523917790096862
"3842",2016-07-08,0.0202356559874985,0.00584144793024411,0.011049538503262,-0.00107807184113178,0.00279862532230333,0.000524265714006766
"3843",2016-07-11,0.0154425884313047,0.0104594337364229,0.0212577950002754,-0.0116423365720451,0.0105845536934814,0.000523917790096862
"3844",2016-07-12,0.00317988229256576,0.0137852859610509,0.00436138570214425,-0.013065423005015,0.00335633289503648,0.000523917790096862
"3845",2016-07-13,0.00539176334427497,0.00682386918667359,0.00497599788855967,-0.0143258061499207,0.0125702054624937,0.000523917790096862
"3846",2016-07-14,0.0144886795305424,0.0214480168360857,0.0220725511624852,-0.0112104082390916,0.0219465024011121,0.000523917790096862
"3847",2016-07-15,0.000727801062067538,0.00989514519504906,0.00483367838393545,-0.0110002439055639,0.0031288160207518,0.000523917790096862
"3848",2016-07-18,0.0149166621415868,0.0169481136804573,0.0227138634246081,-0.0129447571120385,0.00410651610976354,0.000523917790096862
"3849",2016-07-19,0.00469581866546003,0.000757795050702879,-0.000669030570926285,0.00140622713864005,0.0077874317412925,0.000523917790096862
"3850",2016-07-20,-0.00023243432765947,0.0131558282244368,0.00331781999079676,-0.00851233545100545,0.011487557006405,0.000523917790096862
"3851",2016-07-21,0.000420317717500226,0.0197539000606731,0.00949745884930176,-0.0140097453132402,0.0128412728210872,0.000524265714006766
"3852",2016-07-22,0.00642255222970572,-0.00131614876227407,0.00473195891578726,0.00627207684469416,-0.00175373455250006,0.000524613607551627
"3853",2016-07-25,-0.0018672021216601,-0.0034278197374821,0.000832021558087122,0.0105959219920029,-0.00342431833108924,0.000524613607551627
"3854",2016-07-26,-0.00361379186501104,-0.00404959802952776,-0.00325707739227107,0.000669585790448068,-0.00983918902856831,0.000524961470736551
"3855",2016-07-27,0.000606733195506941,-0.00119207900208152,0.00597476864023375,0.00248822465631113,-0.00333745250512809,0.000524613607551627
"3856",2016-07-28,-0.00324057889859367,-0.00830083261861095,-0.000922613846781307,0.00954170252725664,-0.00181968647452666,0.000524613607551627
"3857",2016-07-29,0.00929170854946603,0.0204007312352912,-2.06272115592723e-05,-0.0130326236488689,0.01885227681402,0.000524613607551627
"3858",2016-08-01,-0.00637173941963229,0.00548058253406737,-0.00722449809460488,0.00508060638349937,0.00181552550811492,0.000524265714006766
"3859",2016-08-02,-0.0099037187516037,0.000381255640783422,-0.00861381229520363,0.0042596605309257,0.00225977929040079,0.000524265714006766
"3860",2016-08-03,0.0136953449531481,0.0130949477060346,0.0196633905471458,-0.0140708144193251,0.00371761400554356,0.000524265714006766
"3861",2016-08-04,0.00851366019285285,0.0151931022553129,0.0163382556506187,0.00316406106709566,0.009103794868149,0.000524265714006766
"3862",2016-08-05,0.0019540049442469,0.00626246910279555,0.00380549903742425,0.00379367214039525,0.00772675586310876,0.000524265714006766
"3863",2016-08-08,-0.00250502965272985,-0.0217569566327257,-0.00879609841901324,-0.00052430163575156,-0.0150780803338085,0.000524265714006766
"3864",2016-08-09,0.000197701203422375,0.00766044274448453,0.00668842738980589,-0.00193554685439639,0.0104068305687592,0.000524265714006766
"3865",2016-08-10,-0.0113625059666163,-0.00249046645550512,-0.00624171584123633,-0.00334220426125022,-0.00246898446009043,0.000524265714006766
"3866",2016-08-11,0.0227681229688119,-0.00514209339377567,0.00670796601045832,-0.0129827628089964,-0.00826199591630396,0.000524265714006766
"3867",2016-08-12,-0.000192451848875048,-0.00900597178548894,-0.00885765064515321,0.00192684500569886,-0.00785968963412563,0.000524265714006766
"3868",2016-08-15,0.013092442245649,-0.015844384170531,0.00378236688233335,-0.0117596161845358,-0.0156323396937139,0.000524265714006766
"3869",2016-08-16,-0.00430142204377841,0.00614659023597064,0.0054450099071319,-0.00894456383260588,0.00899981295691288,0.000524265714006766
"3870",2016-08-17,0.00639624036025029,-0.00240657686773399,-0.0062168664007038,-0.00498832339935817,-0.00510656108297853,0.000524613607551627
"3871",2016-08-18,-0.00233059212214717,0.0100410657311591,0.00985305881960619,-0.00566255944679783,0.00771619875654975,0.000524265714006766
"3872",2016-08-19,-0.00252020050391581,0.00634185575831986,0.00521300040756427,-0.00636138936600499,0.00377661679623826,0.000524265714006766
"3873",2016-08-22,-0.0218858709592588,0.00288125895235654,-0.00459559715956567,-0.000474927359316601,0.00706171514375427,0.000524265714006766
"3874",2016-08-23,0.00350515416599134,-0.00794272326128488,-0.000830718992749178,-0.000408495778996398,-0.0072593100811074,0.000524265714006766
"3875",2016-08-24,-0.00530111842641132,-0.0108173136346071,-0.00854515973759487,-0.000493919707001438,-0.00361884549026317,0.000524265714006766
"3876",2016-08-25,-0.00147045768023665,-0.005526501221036,-0.0016517748478135,0.00590329958042793,-0.00659359407509966,0.000524265714006766
"3877",2016-08-26,0.000623923291406425,0.00810704493732217,0.00855840541737884,-0.00203816465306755,0.00829350774070186,0.000524265714006766
"3878",2016-08-29,0.0140974638851889,-0.00742171313305015,1.85055826534206e-05,0.00102059528049369,-0.00761463905177328,0.000524265714006766
"3879",2016-08-30,0.000622066269230438,-0.00506893729525432,-0.00486831386519985,0.0129833606940279,-0.00550903222257865,0.000524265714006766
"3880",2016-08-31,-0.00978814349420968,0.00817168023436219,0.00599221757372633,-0.00222421059950528,0.0117827913646324,0.000524265714006766
"3881",2016-09-01,0.00791364283575572,-0.00551246810672522,-0.00367512502911182,0.000517016338949916,-0.00976093514532147,0.000524613607551627
"3882",2016-09-02,0.0214412518167755,0.00958547663193689,0.0120076182478141,-0.00631089543408126,0.000980391493597518,0.000524613607551627
"3883",2016-09-05,-0.00126272625888243,0.0142840228881178,0.00549242412672605,-0.00594283295428762,0.0153693312573717,0.000524613607551627
"3884",2016-09-06,0.00950195393663984,-0.00872772689929442,-0.0119731050744402,0.0119443185094485,-0.00771770791961228,0.000524265714006766
"3885",2016-09-08,0.000747276618041371,0.000738969971983033,-0.00073909856694697,0.000381346606641924,-0.00465269752410197,0.000524265714006766
"3886",2016-09-09,-0.0337062915560434,0.0012345444913866,-0.0103985221027173,-0.00840297925777872,0.0101668041303699,0.000524265714006766
"3887",2016-09-12,0.00741779660347017,-0.00580521739195235,-0.00976876236263764,0.00420300658544111,-0.010361437807112,0.000524265714006766
"3888",2016-09-13,-0.0280591134879629,-0.0121126668015099,-0.0141033325498226,-0.00353036112491729,-0.00300171594548961,0.000524265714006766
"3889",2016-09-14,0.00388673047833884,0.00274664603303345,0.00721917075866143,-0.00255906204352533,0.00434618232713833,0.000524265714006766
"3890",2016-09-15,0.0136206517998181,0.00218359174787748,0.00287743898833587,-0.00404840104829495,-0.00044560413275143,0.000524265714006766
"3891",2016-09-16,-0.0154445162958526,-0.000527140007638,-0.0148035540206441,0.0037143380420749,0.00087403420996961,0.000523917790096862
"3892",2016-09-19,0.00319665496817887,-0.00769523536700181,-0.00762671600177555,0.0133630269438121,-0.0104175174344015,0.000523917790096862
"3893",2016-09-20,0.00687177972017533,-0.00454748084867816,-0.00124289160102904,0.010159925210877,-0.00263878186149633,0.00052356983581614
"3894",2016-09-21,0.00848248357366282,0.00549449070149652,0.00945412432081609,0.0146096079718902,-0.00190820274536905,0.000523221851159716
"3895",2016-09-22,0.0110957874340606,0.0026805537656029,-0.000817145026169109,0.00200555503583957,0.00235996366955154,0.000522525790697781
"3896",2016-09-23,-0.00471640980510418,-0.00797960555094146,0.00151168271291903,-0.015048177042464,-0.00631727593685371,0.000522177714881833
"3897",2016-09-26,-0.0112582387255879,-0.00131887571828624,-0.00147738914148767,0.0046512787520379,0.00235851274133773,0.000521829608668645
"3898",2016-09-27,0.00366278774689777,-0.00361180784500638,-0.00268459607880884,0.00458386181113131,-0.00304570669185226,0.000521133305029675
"3899",2016-09-28,0.0158940816839053,-0.0064497844580634,0.0042773597650394,0.00671685250950332,-0.00934953337249638,0.00052043687973824
"3900",2016-09-29,-0.0159686612624316,0.00433253293029263,0.00232520089684913,-0.00208261352961938,0.00322961012267997,0.000520785107593236
"3901",2016-09-30,-0.000467007152571887,-0.00279098133684623,-0.0054104580925179,-0.00359936946044801,-0.00209553579961027,0.000520785107593236
"3902",2016-10-03,0.0157380543302812,0.000993433610443031,-0.00333537374146686,0.00765567817665117,-0.00121356834220154,0.000519740332751928
"3903",2016-10-04,-0.00198141999035844,0.00157588401264562,-0.00596008532196407,0.00520140991443687,0.00423128919366334,0.000520088621459802
"3904",2016-10-05,0.012759862943771,-0.00597879982737019,0.00470472265429846,-0.00053281966684267,-0.00870111847475158,0.000519392013609954
"3905",2016-10-06,0.00513286348021359,0.000380692211447703,0.0067356763259838,-0.00187697910483578,-0.000889853131618144,0.000518695284001058
"3906",2016-10-07,0.00600639711507924,0.00520504106896434,0.00635288820447881,-0.000473841603445722,0.000383352406397536,0.000517998432590705
"3907",2016-10-10,0.00633499628498514,0.00226727874528108,0.00841074973896211,0.000595260813665837,-0.000203664807212847,0.000517301459336261
"3908",2016-10-11,-0.00951748022611445,-0.00161323967528677,0.00147465205765106,-0.00219383492173575,0.000979720880788484,0.000516604364194651
"3909",2016-10-13,0.000948632395821201,-0.00544943363228138,-0.00635720825332179,0.00590192573721663,-0.00602851186152548,0.00051590714712324
"3910",2016-10-14,0.00996738260112492,-0.00133073457938323,0.00351816806307924,0.00187193181220215,-0.000642750716160593,0.000514861092804741
"3911",2016-10-17,0.0139693209596232,-0.00829779870573839,0.00258278451171158,0.00583541149098871,-0.00562379780889955,0.000514861092804741
"3912",2016-10-18,0.016015130116848,0.00154290056961386,0.00368996523500421,0.00511939745928982,-0.00216327869111509,0.000514512347020712
"3913",2016-10-19,-0.00440681106110943,0.0130286748414956,0.00739969244661155,-0.00204802127389624,0.00612929381143227,0.000513465926560208
"3914",2016-10-20,0.00430924316121589,-0.000338541214829547,0.00264068543793906,-0.00548615712549321,-0.00106257397888055,0.00051590714712324
"3915",2016-10-21,0.00374558470067041,0.00528326631868462,0.00894102572410494,-0.0093873819538918,-0.00119546087649654,0.000515558492850676
"3916",2016-10-24,-0.000932949648340898,0.00790002963571797,0.00536065415006104,-0.00255325935440563,0.00361589762161987,0.00051590714712324
"3917",2016-10-25,-0.00389538062609465,-0.00643745691676135,5.31378541741654e-05,-0.006332089238895,-0.0054877218226247,0.00051590714712324
"3918",2016-10-26,-0.00146112941116821,-0.000976176110537602,0.00502023099808758,0.00226376529421853,-0.000490514234481275,0.00051590714712324
"3919",2016-10-27,0.00514479357714244,0.00631214826754977,0.0150176111613554,0.0105746922576641,0.00400732489865959,0.00051590714712324
"3920",2016-10-28,-0.00072658251709258,0.000127588155303127,0.00518930611187412,-0.00687643417523126,-0.00132890461341902,0.00051590714712324
"3921",2016-10-31,0.00659093693853498,-0.00740264196243112,-0.00521790273932889,0.00304954745728781,-0.0122524846683993,0.00051590714712324
"3922",2016-11-01,-0.0250702631807363,-0.00145215250766457,0.001859846298503,-0.0131930866886031,0.00304679109731005,0.000516255770902863
"3923",2016-11-03,-0.0245931232893078,0.00195245215889681,-0.007709930091422,0.00171754985707071,0.00242667451433848,0.000514861092804741
"3924",2016-11-04,-0.0033011703661725,-0.000390350543925542,0.00468442054629663,0.00668951782876503,0.00458946969999922,0.000514861092804741
"3925",2016-11-07,0.0354468180004102,0.00592656430559458,0.0157096460500731,-0.000903457166678778,-0.00915924247209467,0.000513814763903664
"3926",2016-11-08,0.000383654859164643,-0.00394114927021819,-0.00310332648551726,0.00542221291810351,-0.00595639286708991,0.000513117058686063
"3927",2016-11-09,-0.0160518687223862,-0.00389420356099659,-0.00522923674201749,0.00505976487899617,-0.0114761754489027,0.0005127681602759
"3928",2016-11-10,-0.0330632731054518,-0.017112200213864,-0.0016279936598242,-0.0139369746834405,-0.0141670253193494,0.000512419231324612
"3929",2016-11-11,-0.0359752395553224,-0.0158563225888434,-0.0276378269941096,-0.0113279404624621,-0.0121771162208408,0.0005127681602759
"3930",2016-11-14,0.00526906509881224,-0.0163054779899991,-0.00331304943939239,0.0124786404356667,-0.0187582136067016,0.0005127681602759
"3931",2016-11-16,0.0201160794267325,-0.00869444414538411,-0.00568367961356883,0.013801560449418,-0.000674043747889271,0.000511721281776678
"3932",2016-11-17,-0.0166991605927623,0.00634729295035127,-0.00366550372119415,-0.0171549296368923,0.00776358326423326,0.000511372261169374
"3933",2016-11-18,0.00202962161619375,0.00682400169875117,0.00394141850217203,0.00475907994512611,0.00633051388224172,0.000511023209999406
"3934",2016-11-21,0.0176092213719881,-0.00299270120244997,0.0087404189729209,0.0125523523496879,-0.00426520702311028,0.000509626699584986
"3935",2016-11-22,0.0096066783787432,-0.0114874321968812,-0.00263758412442057,0.00302532388437881,-0.0152205947836413,0.000508928260861907
"3936",2016-11-23,0.000725385879015296,0.0095648489206127,0.012812946230498,-0.0195761705047262,0.00753663574379628,0.00050822969973785
"3937",2016-11-24,-0.00917100826488748,0.0101309890079095,0.00572522741865179,-0.00224524777484009,0.00947038141615645,0.000507880373261882
"3938",2016-11-25,-0.000733933747576516,-0.00849433436929447,-0.00251669228234575,-0.00221930446086828,-0.0101096269806792,0.000507880373261882
"3939",2016-11-28,0.0183827087317104,-0.00677331219799199,0.0015415335768867,0.0032494354306849,-0.0116685184917738,0.00050683221011405
"3940",2016-11-29,-0.0262625087035776,0.00883329823261117,7.93251099252996e-05,-0.0117234169803966,0.0151541917300454,0.00050683221011405
"3941",2016-11-30,0.0143866195214082,0.00437910026576212,0.00397149171733274,0.0104878514467048,0.00751723960262057,0.000506133281528376
"3942",2016-12-01,-0.0402180014599849,-0.00195763702634331,-0.00238697615550894,-0.0111352107413518,0.00373769380509487,0.000507181628455422
"3943",2016-12-02,0.0111925510986525,-0.0117409656729719,0.0132750214163738,-0.00406909502176291,-0.0152309536559791,0.000507181628455422
"3944",2016-12-05,-0.00733691141580806,0.00830967598225931,0.00363297166918513,0.000522887096550628,0.00161696521489545,0.000506482761140292
"3945",2016-12-06,0.019373482648464,-0.0163446820579539,-0.0106831223793399,-0.00683564182953505,-0.0121293213087057,0.000505783771273416
"3946",2016-12-07,0.00328002161805578,-0.00199101477474323,-0.000927416655746742,0.00402697335057308,-0.00563948569703,0.000505434230369639
"3947",2016-12-08,-0.0120841153073381,0.00885825719743543,-0.00237720974357156,0.00580525436489107,0.00958200040242088,0.000504735056594319
"3948",2016-12-09,-0.00116401997440515,0.00493343358188281,-0.00121949884910943,-0.00353342458216872,0.00731599857086391,0.000504735056594319
"3949",2016-12-12,-0.0233727129698285,-0.00458317883477922,-0.0055544578959839,-0.00089971777326462,0.000273306519511119,0.000503336341022287
"3950",2016-12-13,0.00160314028747375,0.00242413724722886,-0.00021554385355482,-0.00911244853652541,0.00275121889880268,0.00050298658542669
"3951",2016-12-14,-0.0178350181665741,0.00348121526606288,0.00240020042272251,-0.0106226854900405,0.00698070119737119,0.000502286982154709
"3952",2016-12-15,0.00456362023779362,0.00622957081613234,0.0170760831624765,0.00840436501548029,-0.000290469924405049,0.000501937134467445
"3953",2016-12-16,0.00104717213567925,-0.000249116026945389,-0.00125616851072117,-0.0118195565042786,0.00537217193848229,0.000501237346963501
"3954",2016-12-19,-0.0206670561373872,-0.00569643627236563,-0.011185056548596,0.00246155376093567,-0.00315694982911641,0.00050053743658407
"3955",2016-12-20,0.00650694732904568,-0.0029425273455425,-0.00523222529026136,0.00249630868036861,-0.00538973271227089,0.000500187435302557
"3956",2016-12-21,0.00160139279023495,0.00244705865231652,-0.00483144945413053,0.00196408267324423,0.000348471183890598,0.000498787122772182
"3957",2016-12-22,-0.00748287534058008,0.00267388576295915,-0.00908414767503101,-0.00168045266886051,0.00513034168237121,0.000498436967761418
"3958",2016-12-23,0.0115483311343628,-0.000238131027272583,0.00134086553189015,0.00500692517885918,-0.00161104903901442,0.000498436967761418
"3959",2016-12-26,0.0100453363893798,0.000716510953103737,0.0070482178355485,0.00260896776789661,-0.00283673304079977,0.000497736565448159
"3960",2016-12-27,0.000684466316455219,0.0020717807519654,-0.000837577895953024,0.00557805956661989,0.000725763983600745,0.000497386318134563
"3961",2016-12-28,0.0168978394531451,0.000738352309671071,0.00671452646589019,0.00299295769777689,0.00186574967600958,0.000496335391502623
"3962",2016-12-29,0.00804785644687682,-0.0126404784066618,-0.0114587903825278,0.00618488313640852,-0.016868181254658,0.000495634619783747
"3963",2017-01-02,-0.0096342406501283,0.0225005627816499,0.0203045258722706,-0.00346286753914185,0.0134116336842311,0.000494583231150925
"3964",2017-01-03,0.0339092728842502,0.00022285583080299,0.00207922772472358,0.00798554046289396,-0.00396894374655877,0.000493882151295644
"3965",2017-01-04,-0.00205232195401421,0.0226337883677993,0.00540674954477694,0.0019851181743393,0.0187198578268317,0.00049283030025471
"3966",2017-01-05,0.00650516333766199,0.0128029715680708,0.0183312694681995,0.00461761515597426,0.00954787841191667,0.000491076598134965
"3967",2017-01-06,-0.00610894057163373,0.00281642944637961,0.0081428130566597,2.72017915621016e-05,0.00303090799429595,0.000490725765104338
"3968",2017-01-09,7.85334369159823e-06,0.000156638525030705,-0.000234072734656886,0.00188185480649338,0.000482240824696046,0.000489322124111125
"3969",2017-01-10,0.00326110842492821,0.00469312670790489,0.0155266725124313,-0.00168789206043362,0.000977747232743451,0.000488269068899649
"3970",2017-01-11,0.00317448886781243,-0.000802609687621614,0.0109464631114823,0.0079498970376007,0.00207470444598091,0.000487566877502177
"3971",2017-01-12,0.0229391799352123,0.0110952487045015,0.0143452919170168,0.0156140121188637,0.0093490348911553,0.000480186389705484
"3972",2017-01-13,-0.00506897723668384,0.00831011210305177,0.00940451865781568,0.00303908692123821,0.00347054975504935,0.00047983459680534
"3973",2017-01-16,0.00178514725061265,0.0179846175945211,0.0169120752233016,0.0033410589153232,0.00785246589867162,0.000479482772854034
"3974",2017-01-17,0.00899243415308858,0.00897284189813452,0.0119480705051083,0.000447096211225205,-0.00485416338684067,0.000479482772854034
"3975",2017-01-18,-0.00414530349365833,-0.00631481582363172,-0.0106628080961988,-0.0010385114403397,-0.00165475009448738,0.00047983459680534
"3976",2017-01-19,-0.00368832761091698,-0.0182934161103359,-0.00044104877485711,-0.00584276393635973,-0.0158321958099713,0.000479130917846016
"3977",2017-01-20,0.00910066947775146,0.0117880055271236,0.00422292923230342,0.00236576043725605,0.00401046428803175,0.000478779031775955
"3978",2017-01-23,0.0161697814745455,-0.0109245766705556,0.00913456457294216,0.0102572083673957,-0.0124195560652609,0.000478075166427283
"3979",2017-01-24,0.00191315912327581,0.00498660165498637,0.000100078232138832,0.00189816641320236,0.00665249264879147,0.000478427114638302
"3980",2017-01-26,0.00645131133428381,0.00922279423416993,0.000317123324261559,-0.00063892351796524,0.0159094862068639,0.000478427114638302
"3981",2017-01-27,-0.00286040147908442,0.00211356208872628,0.00547978138900038,0.00204380770365089,0.00513778005245873,0.000478427114638302
"3982",2017-01-30,-0.0252008658594247,-0.00434890006674068,-0.0108966753173897,-0.0065710693666216,-0.00279506055230799,0.000478075166427283
"3983",2017-01-31,0.00635796345247339,0.0163850655616371,0.0192578423907981,0.0143974779930394,0.0084505193674965,0.00047701913530096
"3984",2017-02-01,0.0032122837408836,0.0058982547841391,0.0120901969195239,-0.00563625187403385,0.00833478133645327,0.000475962824318055
"3985",2017-02-02,-0.00439932429841639,0.00291011617550644,-0.00615830780129368,-0.000584260551641354,0.000155187697059234,0.000474553974085357
"3986",2017-02-03,0.00741720992803661,0.00713291510254259,0.00408147837150253,-0.00407105076920988,0.00532737113180456,0.00047384936218875
"3987",2017-02-06,-0.0134008339625713,0.0124739204539593,0.00430087564236844,-0.00147945452047435,0.0115980031578133,0.000471382239201512
"3988",2017-02-07,0.00239945611007247,-0.0102081407486035,-0.00761612247325232,0.00123972880457259,-0.00658804583406346,0.000469971768724209
"3989",2017-02-08,0.00925314883760274,-0.00311946880766739,-0.00146724110786709,-0.000337715846393875,0.000809828326740147,0.000468207978462143
"3990",2017-02-09,0.00121248572426752,0.00954484992984263,0.00725741419524733,0.00181605611530322,0.00787817164854947,0.000467149329550498
"3991",2017-02-10,0.0161315732835852,0.0011867028629574,0.0123941015493522,0.0191429588021819,0.00261634454279105,0.000466443407369788
"3992",2017-02-13,0.00983772236229965,0.00506746452576737,0.0006558868655458,0.01250070494973,0.00533740330869025,0.00046432489038728
"3993",2017-02-14,-0.0032730523929166,0.00114949649918255,-0.00453417930303144,0.00256393391076235,0.000852699740530432,0.00046291191992176
"3994",2017-02-15,0.018440377564011,0.00112827597734351,-0.00120912038549226,0.00378388497368886,-0.00398813571047607,0.000461145002177199
"3995",2017-02-16,-0.00165175133660085,0.00949556880281097,0.00323176639904257,0.00257535643151107,0.00761127029627418,0.000460084475443434
"3996",2017-02-17,-0.00140684337607894,0.00928371872623834,0.00462164772699898,0.000664886944016373,0.00707249091516562,0.000459023666460334
"3997",2017-02-20,0.00962369043303909,0.0057339132722199,0.00994625561011174,0.016750814882038,0.00574326479527724,0.000457255023859071
"3998",2017-02-21,0.00785978642022073,-0.00346125670261162,0.00313202452141499,0.00977001405570659,0.00177669487295324,0.000455485596115857
"3999",2017-02-22,-0.00560740073400882,-0.000503934482438389,-0.0122415841709373,-0.00722850274414783,-0.00292420697469409,0.000454423562311179
"4000",2017-02-23,-0.0147191430754501,-0.005014328607697,-0.0219321295739669,0.00465485339221868,0.00522250926285021,0.000454423562311179
"4001",2017-02-24,-0.0112534947757164,0.00297881254456713,0.00849485008971836,-0.00387550980799075,0.00682157504218813,0.000454423562311179
"4002",2017-03-01,0.0048956175629832,0.0198459049641447,0.00352803491433999,0.00681788662922062,0.00652956733184501,0.000454423562311179
"4003",2017-03-02,-0.0164738324596865,-0.00710492119866898,0.00249205256577173,-0.0105126157387839,-0.00103284372748791,0.000454423562311179
"4004",2017-03-03,0.0132249981689465,-0.0005265140178506,0.00933133802828123,0.00730548973446019,-0.00399841506931964,0.000454423562311179
"4005",2017-03-06,-0.00563367385998359,0.0280114630274445,0.00886602053360113,0.0082506986404153,0.0293945172471115,0.000453007076906653
"4006",2017-03-07,-0.0108511600834955,0.00192687520941457,0.00268329981659609,-0.00377272946139586,-0.000953177184390318,0.00045229864538987
"4007",2017-03-08,-0.0137160224827323,-0.0152451930622597,-0.0112841061294985,-0.0163525657661156,-0.0130445426056611,0.00045123576197037
"4008",2017-03-09,-0.00205602098192954,0.000745947049412273,-0.00208657901345403,-0.00579931049055865,-0.00897173602275238,0.000450527015529056
"4009",2017-03-10,-0.000556729404592939,0.00486978912985493,-0.00492522633792609,0.00237831867036351,0.00488529149296442,0.000450172595043208
"4010",2017-03-13,0.0110742519589699,-0.00517814281999046,0.0104243255319822,-0.00420161289017673,0.000698450754341459,0.000448400019735562
"4011",2017-03-14,-0.0127799430798371,0.00287065226936052,-0.00302467124690668,-0.00207938661376336,0.00480943112666426,0.000447690768831333
"4012",2017-03-15,0.0205334009471256,-0.00396718229324971,0.00082494720787139,0.0121866342992063,-0.00863952709396024,0.000446981391698742
"4013",2017-03-16,-0.00525240430116028,0.00386271355921393,-0.00697039924850773,-0.010202047430476,0.00772081939904645,0.000446981391698742
"4014",2017-03-17,-0.0231230132803217,0.00924187719174523,-0.0102810072746881,-0.00614952598151492,0.00675497325125819,0.000446626655782767
"4015",2017-03-20,0.0106265897041787,-0.0164028448653437,-0.000823528226668825,0.0047618563955685,-0.0140088358873497,0.000444852502481607
"4016",2017-03-21,-0.026274702630809,-0.00800486259086362,-0.0179741456603581,-0.0195573047307202,-0.000984207535448079,0.00044378763132058
"4017",2017-03-22,0.0077275662096597,0.00150451491122733,0.0032209836735153,0.0128843286547767,-0.000258075794635756,0.000442722475588075
"4018",2017-03-23,0.000583812615046883,0.00846886171301873,0.00230030158911599,-0.00442881840077911,0.00881694029587607,0.00044236736041281
"4019",2017-03-24,0.00379016340010339,-0.0197669332243378,-0.0144275556717507,-0.00127426713751433,-0.0148627340093084,0.000441301825014895
"4020",2017-03-27,0.00602587957143431,-0.00177205989554741,-0.0020554390716074,0.003289749930999,-0.00476503675885519,0.000439880667904236
"4021",2017-03-28,0.00458094124132141,-0.000946846340330632,-0.00401290530707158,-0.00636730587581575,0.00121365633185455,0.000439169899284275
"4022",2017-03-29,0.0130115336956153,0.00520535548681005,-0.00126964791437507,0.00609000046121442,0.006491659547097,0.000437747981688608
"4023",2017-03-30,-0.00384190159152217,0.0091349070461686,0.00477478588996883,0.00288150901891703,0.00675820843687305,0.000437392423015881
"4024",2017-03-31,-0.0032013116824261,0.00112356707238246,0.00158959452056365,-0.00287620403380259,0.00508733895682253,0.000435614153725616
"4025",2017-04-03,0.00275979673380204,0.00247187396796909,0.00017607679380006,-0.00319804708740589,0.00272733571920303,0.000434190966840831
"4026",2017-04-04,0.00679887460615584,-0.00297234075825543,-0.00352153563143351,-0.00176380013411753,-0.00364057297764111,0.000432411268323163
"4027",2017-04-05,-0.0143446940408233,-0.00210283253682845,-0.0157108448613008,-0.00176731059747305,-0.00319856352521262,0.0004302745806255
"4028",2017-04-06,-0.00801166615867274,-0.00204784306856405,-0.00951745049087428,-0.00404760219211712,-0.00287096802857512,0.000428493132144769
"4029",2017-04-07,0.00534599478213797,0.00184282238741131,-0.00242099526889815,0.00955881201511001,0.0023479587430076,0.000426710887086124
"4030",2017-04-10,-0.000150792919824232,0.00678858441450785,-0.00267543048188547,-0.00614616891085835,0.0012302072621617,0.000423857636326908
"4031",2017-04-11,-0.00480078268391984,0.00376539173451685,0.00110722047942748,0.00303535546720854,0.00122641883138672,0.000421716357043911
"4032",2017-04-12,-0.00599389964144781,-0.00160105495664431,-0.0107214115760523,-0.00886581560511195,-0.000877691638174258,0.000419931078467384
"4033",2017-04-13,-0.013788318593652,0.00910332807984857,-0.00264305556503345,-0.00431251892206086,0.0107117688536339,0.000418859527360427
"4034",2017-04-17,0.0215012441572375,0.00181807859243685,0.00566229174670026,0.00554055602607527,-0.00365874584919839,0.000418859527360427
"4035",2017-04-18,-0.00245703603212227,-0.00443699936526853,-0.00911264901791905,-0.00158331600259884,-0.00351193542962623,0.000418859527360427
"4036",2017-04-19,-0.0106633038899882,0.011343324692566,-0.001992863280891,-0.00501610669137237,0.0138366968561741,0.000418859527360427
"4037",2017-04-20,0.00411399409401422,-0.00339893883614708,0.000398665059551524,-0.00263456722392875,-0.00928771787772185,0.000418859527360427
"4038",2017-04-24,0.00832949146546863,0.000358595271352777,-0.00213159077415475,-0.0009960171345671,-0.00238075067517369,0.000418859527360427
"4039",2017-04-25,0.0121819919664877,0.00245695591619423,0.00435355354626898,0.00220110873873007,0.00360504881943443,0.00041850227963014
"4040",2017-04-26,-0.00389753410056263,-0.00331040542326987,-0.00286926433054495,0.000498651479778078,-0.000551788297523886,0.000419216743072992
"4041",2017-04-27,-0.00313789534165025,0.00112963660959106,-0.0100827592316624,0.00298620720061701,0.000247357940226964,0.000418859527360427
"4042",2017-04-28,0.0114756258005635,0.00251290276834746,-0.00571056676685982,0.00709595118047108,0.00580915889029029,0.000418859527360427
"4043",2017-05-02,0.0182148807555731,0.00483625200183702,0.00244358082494224,-0.00125288470948763,0.00234038864614561,0.000418859527360427
"4044",2017-05-03,-0.00754584101076508,0.0162928372316501,-0.00272740350620907,-4.44186383259269e-05,0.0106137079234506,0.000417072968415644
"4045",2017-05-04,-0.0166285098583682,-0.00190177207910578,-0.0204647309141075,-0.01699127637384,0.000303383598869941,0.000415643144455302
"4046",2017-05-05,0.010379777921886,-0.000305934133726907,0.00424632543823388,0.00686082909297354,-0.00145424569320879,0.000415285608305505
"4047",2017-05-08,-0.00233709250977358,0.00560510748158904,-0.00845105500302648,-0.00177740636010689,0.00378725110643215,0.000412066338871364
"4048",2017-05-09,0.0099978713780659,0.00154265863051686,0.00344587811148462,0.00826045041271023,0.00180958317105054,0.000409918713776491
"4049",2017-05-10,0.0151934827354438,-0.00765883060961888,-0.00762446677212761,-0.00817350937716802,-0.00124375439556825,0.00040812814179314
"4050",2017-05-11,0.00492295537192835,0.00312058855033641,-0.00478788466824071,0.0160135522200346,0.0113179799742397,0.000406336765033322
"4051",2017-05-12,0.00954646899334639,0.00179167140731006,-0.00247468413634292,0.00259818167131444,-0.00563673909920296,0.000405261552383074
"4052",2017-05-15,0.00188387608286804,0.00383090725397055,0.00730729785084812,-3.147155213381e-06,0.000951654802398793,0.000401675413897573
"4053",2017-05-16,0.00393089511725349,0.00890671700033525,0.00218424093314252,0.00722784114881028,0.0103583472259115,0.000399522180986711
"4054",2017-05-17,-0.0165829630515085,0.0025628733980752,0.00188868847554734,0.00850811827015814,0.00306192046740288,0.00039880417810001
"4055",2017-05-18,-0.0884014579332106,-0.0549523997337542,-0.0354224062819457,-0.0534154746831795,-0.0444504183531658,0.000408486320548684
"4056",2017-05-19,0.016914857105375,0.0224953898251612,0.0162043583275282,0.0168917646626876,0.0190630230914023,0.000402392899773618
"4057",2017-05-22,-0.0164376592706645,-0.0355173656918393,-0.00831680282174925,-0.0239560580707068,-0.0261934129419636,0.000401316622518966
"4058",2017-05-23,0.0158440188609827,-0.00067021118583914,-0.0109750387263144,0.0103076235503823,0.00200574250242257,0.000398086045844126
"4059",2017-05-24,0.00938569005630624,0.0194627032818644,0.00148050702234385,0.00841618621199526,0.0143019972487099,0.000395571563490682
"4060",2017-05-25,-0.000115237941463049,-0.0130093604285019,0.00154908845857829,-0.00100618093334948,-0.0114249392838278,0.000394134003871782
"4061",2017-05-26,0.0119761992384505,0.00494833464672282,-0.00108060873081022,0.00352077945501786,0.00571241648351907,0.000391617026206159
"4062",2017-05-29,-0.00498260871255496,-0.00648321820942859,0.00381566035144778,0.00294127765247497,-0.00354325523054096,0.000389458350937621
"4063",2017-05-30,0.00182475625781506,-0.00473398912205969,-0.00299078051245346,0.0038456276433281,-0.00747830730278311,0.000388018584277061
"4064",2017-05-31,-0.0165163260396515,-0.00156772467199392,-0.00538059159754515,0.00368587823208404,0.00026752483926968,0.000385497740444052
"4065",2017-06-01,-0.00687227851566897,-0.00351377228936361,-0.00150160197663208,-0.0112959020904403,-0.00499110842389247,0.000383335747417002
"4066",2017-06-02,0.00332570960589892,0.00111082285366,-0.00101965896227149,-0.00527350833264908,0.000276400002240872,0.000383335747417002
"4067",2017-06-05,-0.000679143371092216,-0.00190778069596277,-0.00287238492433535,-0.00631040291701243,0.0016953564654434,0.000383335747417002
"4068",2017-06-06,0.00686662488645658,-0.00150295748658528,-0.000329884183975429,0.0071471638000789,-0.00238561089669247,0.000382975301198352
"4069",2017-06-07,0.00176604832438832,0.00468595928762917,-0.00936156802743565,0.00128363263863941,0.000285198621525072,0.000382975301198352
"4070",2017-06-08,-0.00781568981981551,-0.00264984797946975,-0.000522719477084299,0.00636081483897315,-0.00252083489195768,0.000382614822378891
"4071",2017-06-09,-0.0103299848029906,-0.00159345695289995,-0.000619772184603538,-0.00072344226146003,-0.00535034014778931,0.000382614822378891
"4072",2017-06-12,-0.00764790997763376,0.0090354489166887,0.0124646508572131,0.00141183581217777,0.0110251608755398,0.000382614822378891
"4073",2017-06-13,0.00288238504558331,0.00803856181822475,0.00166414199225089,-0.00718809681883581,0.00551976282949311,0.000382254310952845
"4074",2017-06-14,-0.000284144146870203,0.00768195387311207,0.00299444688953859,0.00296317055432567,0.00569500648706047,0.000381893766914221
"4075",2017-06-16,-0.0051911787098352,0.00365332989225626,-0.00816193004474344,-0.00400799011898316,0.00264477644241626,0.000381533190257022
"4076",2017-06-19,0.00382375170352947,-0.0073468117939315,-0.0064040529992072,-0.00266407492393764,-0.00821598129088261,0.000381172580975475
"4077",2017-06-20,-0.0179209698180939,0.00456898580298477,-0.00814673503581476,-0.0130086637911474,0.00577803774094493,0.000381172580975475
"4078",2017-06-21,-0.00148899855338451,-0.0116570451627346,0.00511630776099537,0.00213642448636071,-0.0127366277115711,0.000380811939063586
"4079",2017-06-22,0.00775760891771939,-0.00167005315314338,0.0141263692591218,0.0220575646212075,-0.00471348434596319,0.000380811939063586
"4080",2017-06-23,-0.0023594557026717,0.00704065317334435,0.000128363434135828,-0.000823510930220626,0.00881790061964352,0.00038045126451558
"4081",2017-06-26,0.0170571163112633,-0.00533842799572001,0.003621053061873,0.0110816315957544,-0.00393635693449049,0.00038045126451558
"4082",2017-06-27,-0.00774381618638116,0.00508653267176607,0.00499333361400589,0.00835040051796544,0.0110791736399359,0.00038045126451558
"4083",2017-06-28,0.00357984996938373,-0.00724957187835325,0.00957850253488356,0.0148922593025386,-0.00336127825088711,0.000379729817486796
"4084",2017-06-29,0.00256895003450602,-0.00206417514095166,0.00721147534036553,-0.000100883217491059,-0.000889399222979905,0.000379729817486796
"4085",2017-06-30,0.00974544910558968,0.00168518085017939,-0.000783679246105739,0.00431837713859011,0.00400161043519671,0.000379369044994471
"4086",2017-07-03,0.00381980479587359,0.000348125179727058,0.00450666541056896,0.00324668936135615,-0.000800361044047986,0.000377925628366693
"4087",2017-07-04,-0.000623785036760102,0.00324048139244098,0.00465658018731521,-0.00278247826746642,0.00723762957028614,0.000377925628366693
"4088",2017-07-05,-0.00156065919025872,0.0040576801995288,-0.00182405701634107,0.00134673981470378,-0.0044929695299055,0.000374314798111453
"4089",2017-07-06,-0.00973525414304082,0.00317282719306874,0.00198955100643202,0.00551222610698104,0.00518011458479994,0.000372508155491724
"4090",2017-07-07,-0.00112138927561844,0.0105489518123931,-0.00651658796183595,0.00717146671443931,0.00694489809029718,0.00037214672867325
"4091",2017-07-10,0.0101538318548065,-0.00405900998249704,-0.000130100602951239,0.00253342481335006,-0.00680914299548015,0.000369977479200312
"4092",2017-07-11,0.0114433778673315,0.00214664825703771,0.0103566484590652,0.00438050729268609,-0.00163360221272246,0.000368168868961405
"4093",2017-07-12,0.015170486048042,0.0179405422536371,0.00878411242631487,0.0116323642443086,0.0150298207585664,0.000366359437613539
"4094",2017-07-13,0.00538238034782488,-0.0097109715289056,-0.00852029703384932,-0.00604892919327596,-0.0064172731449467,0.00036527338436132
"4095",2017-07-14,0.00366591962694309,0.0113031222199304,0.00542542341917307,0.00320584049858215,0.0122695543318401,0.000364187035079233
"4096",2017-07-17,-0.00221173017738985,0.0121780350229769,0.00817550605519726,0.000207427489087037,0.00829226927990466,0.000361651067950941
"4097",2017-07-18,0.00157110254249218,0.00161223515659762,-0.00169002345869789,0.000193552421106,0.000825670599159392,0.000359838674413915
"4098",2017-07-19,-0.00243620931857168,-0.00280293620861982,0.00221403554152373,0.00725204014480552,-0.00205844452162675,0.00035802545632091
"4099",2017-07-20,-0.00350072936548897,0.00716370352677526,-0.00236471834743011,0.000961383256283355,0.00608051795942717,0.000355848505136702
"4100",2017-07-21,-0.00431563615635196,0.00124740550814218,-0.00379455628827684,-0.00194036369557345,0.00180288444045436,0.000354759583471642
"4101",2017-07-24,0.0048609506447273,-0.00377811721472306,0.00432293767505636,0.0101293283355933,-0.00312503594081435,0.000352944052618209
"4102",2017-07-25,0.00680912822338915,-0.00275293486084176,0.0055211263751235,0.0120129345436468,-0.00285348242308755,0.000351491032229756
"4103",2017-07-26,-0.00904067266229222,0.00166836149146623,-0.00338776078913944,-0.0068039354051762,0.00129924980610646,0.00034967401147723
"4104",2017-07-27,0.00476868376557591,-0.000972141191723646,-0.00549947690969971,-0.00857186982847724,0.00115966471567036,0.000347128789901952
"4105",2017-07-28,0.0024236234854767,0.00278113030789746,0.00226044692972339,0.00635172468513905,0.00140773166842643,0.000347128789901952
"4106",2017-07-31,0.00486656732221854,0.00194373551478811,-0.000932441753586342,0.00149450124493643,0.00060062565209412,0.000347128789901952
"4107",2017-08-01,0.0076120772855328,-0.0116985893426514,-0.0044386745525305,-0.000456647641113295,-0.013995331203188,0.000347128789901952
"4108",2017-08-02,0.00958120305288926,0.00404756100435997,0.0180561258784644,0.000782082435898439,0.00212710811326331,0.000347128789901952
"4109",2017-08-03,-0.00513284750587007,0.00734495203619644,0.000647547564846073,-0.000954354126519972,0.00525155602372878,0.000346037482871653
"4110",2017-08-04,0.00133973988718315,-0.00019475672616619,0.00249361071027364,0.00345411707977411,0.00248867587490715,0.000346037482871653
"4111",2017-08-07,0.0130663938846734,-0.00517256933893048,0.00923274393402295,0.000449969845071289,-0.00869314920278941,0.000343489937100205
"4112",2017-08-08,-0.00139134370732277,0.0106454043110259,0.00469982931523935,-0.00336883063993414,0.00487653523884491,0.000342397633074087
"4113",2017-08-09,-0.00409840686864041,0.00712843295197723,-0.00713076643814843,0.00413957809657486,0.00220937314212532,0.000342033465194902
"4114",2017-08-10,-0.00935178789174,-0.000368217335575568,0.000348831655044608,0.00661794900286456,-0.00136037427231879,0.00034094076185931
"4115",2017-08-11,0.00483329301325165,-0.0114337743516651,0.000692939894513625,-0.00839182815247617,-0.00542759503015506,0.000340576460827968
"4116",2017-08-14,0.0121545055522205,0.00624451898463343,-0.00236459798766636,0.00205109245877682,0.00700957465200666,0.000338389955058638
"4117",2017-08-15,0.00127312974657378,0.00743331857391936,-0.00251817316074896,0.00784173585373168,0.0066171992652109,0.000337296252168162
"4118",2017-08-16,0.00377496964005805,-0.00148522389559177,0.00189396642440897,0.00863546301695762,-0.00116364784754552,0.000335472746771925
"4119",2017-08-17,-0.00798348542635322,-0.00249313065919156,0.000937105462668551,0.0013563722908731,0.00259165861420397,0.000334743110934621
"4120",2017-08-18,0.00853335475495065,0.00242519620580325,0.00327215952615761,0.00502705936964551,0.00351025074610878,0.000333283438398446
"4121",2017-08-21,-0.000858973647989918,0.00878282296964801,0.00462075272661549,-0.00569092898817325,0.00349148542698478,0.000331458095606418
"4122",2017-08-22,0.0184445979677142,-0.00209885287571955,0.00694759697357142,-0.0111902862400681,0.000645303621526429,0.000330362488504932
"4123",2017-08-23,0.00389303522859971,-0.00421237608019227,-0.00106615988710977,0.00718568426512875,-0.00923639452569432,0.000328535807093022
"4124",2017-08-24,0.00783855732628416,-0.000277016501957703,-0.00521498223110612,0.00154919384054476,0.00304329202812988,0.00032707385890185
"4125",2017-08-25,-0.000195166583644662,0.0060823460870853,0.00186517488275192,-0.00158077371003328,0.00131103586341982,0.000325977045714021
"4126",2017-08-28,-0.000271781007679013,0.0162231634075608,-0.00450647769934888,-0.000443617117808573,0.0154583609371145,0.000324148352679465
"4127",2017-08-29,0.00266993189980465,-0.00141076537413815,0.00354005076461104,-0.00150115883606526,-0.00385053329108429,0.000322684793858441
"4128",2017-08-30,-0.0053646543954394,0.00656803169489039,0.00677969818194062,0.00380156235377056,0.00273557198105727,0.000321586771920401
"4129",2017-08-31,0.000725448885710771,0.00303157533417176,0.000421101706031311,0.00621742039076355,0.00212539469891979,0.000320122271922019
"4130",2017-09-01,0.0116667087885186,-0.0110352756548843,0.00265443567836845,0.0030159488505363,-0.0122272392489984,0.00031902354364588
"4131",2017-09-04,0.00281401222462461,0.0105355382793625,0.00462694865450389,-0.00117946080886272,0.00775736214490864,0.000316092119812206
"4132",2017-09-05,0.00153939224442635,0.0109217009613623,-0.000150049795491798,0.000862716206057268,0.00828202331668106,0.000313892136047933
"4133",2017-09-06,0.016054325700394,0.00804652245246619,0.00244155738028458,-0.00175676460400176,0.00136465839100183,0.000311323952462361
"4134",2017-09-08,-0.00384433464524562,0.00562742905223091,-0.00851871966747413,-0.00992178702566796,0.00761993237583073,0.000309488521838874
"4135",2017-09-11,0.0159392441000531,0.00386700610195452,0.00250097114986608,-0.00529608182432538,0.00253295028759815,0.000309121334255202
"4136",2017-09-12,0.00410523697717699,-0.020137543269556,-0.0108314298861849,0.00158855917192515,-0.0133507657672641,0.000309121334255202
"4137",2017-09-13,0.00284411628006972,0.0137421364123631,0.000760535946114787,-0.00922424583824569,0.00941599139351849,0.000308754112837706
"4138",2017-09-14,-0.000478342668319948,0.00904948637605211,-0.00508789814788295,-0.0033381601672097,0.00886640865047626,0.000308386857579501
"4139",2017-09-15,0.0156575855207137,0.0044246252612718,0.00317900066505047,-0.0147276159411873,0.00424497082116,0.000308019568474815
"4140",2017-09-18,0.000338397477950699,0.0103845941495298,0.0111004645669482,0.00566146011272942,0.00656520763744393,0.000307652245516987
"4141",2017-09-19,-0.000145325504024312,0.00438458348824928,0.00366275661825061,0.00279163869206027,0.00213763501250211,0.000307652245516987
"4142",2017-09-20,0.0003124140442323,-0.0100141629989014,-0.00212762413792721,-0.00381023325609283,-0.00477558127384599,0.000307284888700243
"4143",2017-09-21,-0.00616673021000731,0.00106026073150229,-0.00314392882885756,0.00314701337278555,0.00101224209731112,0.000307284888700243
"4144",2017-09-22,-0.00287205286847071,0.000833033511310799,-0.00581080547911824,0.00521436342349865,0.0044029631236683,0.000306917498017922
"4145",2017-09-25,-0.0124714980176336,-0.0137726361380433,-0.0141771569071976,0.00177772339219763,-0.00653391024606953,0.000306182615032125
"4146",2017-09-26,-0.00275966352641309,0.00723023445805274,0.00258205201023604,-0.00143052803465456,0.00404536007449347,0.000306182615032125
"4147",2017-09-27,-0.00814357403542848,-0.0115514977652076,0.00196035196627725,0.00301362723888265,-0.00735239380157197,0.000305815122715991
"4148",2017-09-28,-0.00316212925629056,-0.00426854363533505,-0.00317336376187141,0.0057958235056732,-0.000720263210151647,0.000306182615032125
"4149",2017-09-29,0.00936926162351722,0.0163783816076978,0.00423172728789535,0.00083770620185541,0.00944137047779752,0.000306182615032125
"4150",2017-10-02,-0.000494921652042333,0.00327924208377743,0.00469716768953021,0.00187075661653924,0.00540809584642778,0.000305815122715991
"4151",2017-10-03,0.0294152818724702,-0.00739900281236259,0.00576404148053908,-0.00578496741616229,-0.0112075768625216,0.000304344814484381
"4152",2017-10-04,-0.00213322841983668,0.00652721176142974,-0.0076303980928273,-0.00349744638443666,-0.00073021899714687,0.000303977152653179
"4153",2017-10-05,0.00184743337489329,0.00493926036512972,-0.000120605599989102,0.0035072623090836,0.0039750800766569,0.000302506166048211
"4154",2017-10-06,-0.00714290885187428,0.00551928421265653,0.00289751415503917,0.0070262611115772,0.00148630966299763,0.000302138334545399
"4155",2017-10-09,-0.00393018697389254,0.0040841233132505,0.000208899555831122,0.00143727918300974,0.0042775454460593,0.000299930632291945
"4156",2017-10-10,0.015483208491774,0.00671798354396026,0.00816945375985402,-0.00264842398135627,0.00388000557142747,0.000298458151055447
"4157",2017-10-11,-0.00257979812418873,-0.000921001127323638,-0.00182212908571095,0.00386207550889611,-0.00143318657005884,0.000296985125561866
"4158",2017-10-13,0.00498033394311718,0.0032509398905054,0.00363892454981629,0.00901300989712455,-0.00150733366654911,0.000295879999030246
"4159",2017-10-16,-0.00327575706695035,-0.00661591594781723,0.00179660239369225,0.00502201529055273,-0.00717456473886641,0.000294037440189632
"4160",2017-10-17,-0.00946441094111489,-0.00320209423941087,-0.00149022931834939,-0.00406311611150525,-0.00319181887654968,0.000292931495834425
"4161",2017-10-18,0.0047972794807767,0.00739328113940882,-0.0133951311279576,0.00110174228500809,0.00772384702130601,0.000291456425780989
"4162",2017-10-19,-0.0023854309059852,-0.00337199040298263,-0.00134119424129708,0.00283719534835068,-0.00219024315261476,0.000289980809550672
"4163",2017-10-20,0.00109835523810649,-0.00142255243179499,-1.5428575961993e-05,0.0044591104909047,0.0027490040791466,0.000289242796492672
"4164",2017-10-23,-0.0128441391546987,-0.00482499048964535,-0.00263900364818027,0.00265845561254872,0.00186869587652805,0.000287397165690262
"4165",2017-10-24,0.0107454907250497,-0.00109334785984239,0.00279667554764629,0.00373028348556615,-0.00277665222606828,0.000285920045382193
"4166",2017-10-25,0.00241399198729687,-0.00163690909185304,-0.000335252929577804,-0.00352156776335207,-0.00203777003236903,0.000284442377374461
"4167",2017-10-26,-0.00880573807015711,-0.00530895324339152,0.00491211134219106,-0.00180684513546516,0.00148948610214464,0.00028296416126028
"4168",2017-10-27,-0.000568885148601231,0.000927373589707106,-0.00889241078804424,0.00163685784675386,2.6716988023556e-05,0.00028296416126028
"4169",2017-10-30,-0.0147542128034064,-0.00412940207535114,-0.00997243806758645,0.00859637557950834,4.05791688569898e-05,0.00028296416126028
"4170",2017-10-31,-0.00592920732000594,0.00226344622704143,-0.00163881684094324,-0.00541445228919577,-0.00174187449417383,0.00028296416126028
"4171",2017-11-01,-0.00573347494467473,0.0132305918996582,0.00440272907201807,0.00713906823774187,0.01413744444822,0.00028296416126028
"4172",2017-11-03,-0.00146369303647497,-0.00757230896316628,0.00689063977278142,0.00164586597153093,-0.0101083974716844,0.000282224847535817
"4173",2017-11-06,0.00437639256270514,-0.00670894929404135,-0.00546987214682797,-0.0103433409584339,-0.00702354593205533,0.00028111561972155
"4174",2017-11-07,-0.0260455736610281,-0.00989937207632803,-0.00850351910692775,-0.00166692055534097,-0.00856200944407877,0.000280375962952606
"4175",2017-11-08,0.0235578046079148,0.000728565080776882,0.00153502589783349,0.00474776891883624,-0.00937974392646336,0.000280006083081208
"4176",2017-11-09,-0.016639654091758,-0.00957864290590918,-0.00131286956761949,-0.0115762327570417,-0.00441653617955922,0.000279266220332586
"4177",2017-11-10,-0.00902296444931361,-0.00630589424537015,-0.000925298349276979,0.00166518971858362,-0.00737322344959594,0.000278896237442483
"4178",2017-11-13,0.00278454537948402,0.0025322759558917,0.00450774005855786,-0.000943897610196934,0.00440404132518822,0.000277786082632625
"4179",2017-11-14,-0.0197486626203689,0.00320873108045957,-0.0108482139148281,0.00449845152508399,0.00635451737607041,0.000277415962294691
"4180",2017-11-16,0.0212863545294751,0.000766103740157259,-0.00447791894008518,0.00305166903470603,4.95281891787179e-05,0.000276305394988352
"4181",2017-11-17,0.0114508973988549,0.00784656278173274,0.00517784437830755,0.0042016922277858,0.00457900977852495,0.000275935137100669
"4182",2017-11-21,0.0150744577920741,0.00809750144012104,0.00791451660085639,0.00915998628412002,0.00028784161516154,0.000273712867075337
"4183",2017-11-22,-0.000401940078475202,0.00872417596214693,0.0122273067223752,-0.00527918264691947,0.0106676378843929,0.00027334236822818
"4184",2017-11-23,-0.00138263659518782,-0.00407424534501823,0.00277513442296424,-0.00120608586886194,-0.00255698610481818,0.000272230664970952
"4185",2017-11-24,-0.00450845636473235,0.00505378814026441,0.00595812445701765,0.00452778182887898,0.00397531238616102,0.000271860028291604
"4186",2017-11-27,-0.00114740639177643,-0.00853683648527767,0.00198678458878041,-0.00300868192227953,-0.0125464871923114,0.000271118651504532
"4187",2017-11-28,-0.00111174181651129,0.0104166399952664,0.000889959330229226,-0.00162227526416626,0.00911481055525644,0.000270377136769584
"4188",2017-11-29,-0.0172955921158738,0.00485262282744973,0.00380690520798388,-0.00108807765768003,0.00544392527507755,0.000270006327655503
"4189",2017-11-30,-0.0117932454244242,0.00115335599460188,0.00612245390537768,0.00562469993059278,0.00056074895872766,0.000269264605902375
"4190",2017-12-01,0.00292415695830259,0.00101885126305797,-0.00188850500001164,0.000922188727415011,-0.00268521445422397,0.000268522746072808
"4191",2017-12-04,0.00732985018061495,-0.00263095456821556,0.00911344683218914,-0.000731926518087744,-0.000581986434396385,0.000267780748115287
"4192",2017-12-05,-0.00469215552454965,0.00326386798041538,-0.00318801101441481,0.00435733284046836,0.00326231784776134,0.000266296337609884
"4193",2017-12-06,0.00967875586968892,-0.00623606739885316,0.00279984084350844,0.00210986559855294,-0.00719656889314505,0.000265553924958972
"4194",2017-12-07,-0.00778246669408186,0.00865828130575026,-0.00191962646942704,0.00172843572682193,0.00378838569402751,0.000264811373973828
"4195",2017-12-08,0.00448234044695147,0.00566155290209634,0.00153138674689657,0.00660859145674284,0.00534247518132326,0.000264440046589653
"4196",2017-12-11,-0.00060582463011013,-0.00129194858229869,0.00924701515205002,-0.00194224234232485,-0.0048039408500801,0.000264440046589653
"4197",2017-12-12,0.0114297687637095,-0.00916647937574207,0.000410602461227661,-0.00412489214257012,-0.00678307082904183,0.000264440046589653
"4198",2017-12-13,-0.0111347869012269,-0.00319476812907712,-0.00532258397811136,-0.00233448290473761,0.00496806488004333,0.000264440046589653
"4199",2017-12-14,-0.00676943334141087,-0.0129674715188672,-0.00143678076655108,-0.00553818846808879,-0.0129326373808033,0.000264440046589653
"4200",2017-12-15,0.0015532110922857,0.0141753732236603,0.0049051383564666,0.00145189326302077,0.00958058660846748,0.000264811373973828
"4201",2017-12-18,0.00380461371036652,0.00225628295713733,-0.00168134769816612,0.00662366874155555,0.00454920006442341,0.000264440046589653
"4202",2017-12-19,-0.00510531641511646,0.00190215133452403,0.00159655546058704,-0.00108770994676881,0.00374900840423656,0.000264440046589653
"4203",2017-12-20,0.00559840307459441,0.0027792264797188,0.00464983517769338,0.00417265926741802,0.00305615627549081,0.000264440046589653
"4204",2017-12-21,0.0199821800122043,-0.00133443586643018,0.00812346838654075,-0.000577868725165631,-0.00398334314990392,0.000264440046589653
"4205",2017-12-22,-0.000240717137642795,0.00878043594390368,0.00302041120858866,0.00303911951713862,0.00871439014214082,0.000264440046589653
"4206",2017-12-26,0.00683593828505131,-0.00723841742326309,-0.000810602440401875,-0.00209828831829963,-0.00641846317907653,0.000264440046589653
"4207",2017-12-27,0.00523416766545926,0.00073290438523368,-0.00434662764159459,0.00189159386701554,0.00254462280650569,0.000264811373973828
"4208",2017-12-28,0.00296901594313143,0.0107656810472085,0.00371437246254359,0.0023301579935884,0.0111599044783281,0.000264811373973828
"4209",2018-01-02,0.018411511757022,0.0151594956200557,0.0105002607460752,0.00896241257828544,0.00186595629138677,0.000264811373973828
"4210",2018-01-03,0.000598234711975052,0.00183392688825828,0.00375836095155191,0.00109178773971922,0.00298907651551029,0.000264440046589653
"4211",2018-01-04,0.0063817429910251,0.00219005051467203,0.00697113112607467,0.0106267062832142,0.00325360618253658,0.000264068684602492
"4212",2018-01-05,0.00468488518444647,-0.00206368541114431,-0.00591080246743025,-0.00688198064482256,-0.00184206262619922,0.000264068684602492
"4213",2018-01-08,0.0024658818177701,-0.0151235625599331,0.00217974919303627,-0.00184946055187626,-0.00948548101370368,0.00026332585679345
"4214",2018-01-09,-0.00557131667863102,-0.00620470371583873,-0.00378766158520976,0.00120738815577719,-0.00578793936431715,0.00026295439095847
"4215",2018-01-10,-0.00788108429366688,0.00212857987726753,-0.000512713293806279,0.00187850132760509,0.00235230934059887,0.000263697288005904
"4216",2018-01-11,0.0142910284014912,-0.00433722508160261,0.0123362950663268,-0.00504088380430872,-0.00412853538526343,0.000262582890494967
"4217",2018-01-12,-0.000622037178918056,-0.0139349639625961,-0.00511461751847158,0.000704648915535435,-0.0111156827561468,0.000262211355396058
"4218",2018-01-15,0.00570529225504676,0.00152769117153077,-0.0013496978580138,0.00766299964576375,0.00574631192611987,0.000262211355396058
"4219",2018-01-16,0.00168470734959377,0.00273162287424969,-0.00276497689811248,-0.00384547561732294,-0.000975316695249698,0.000261839785655305
"4220",2018-01-17,0.0155746776328308,-0.00428827346780418,0.000424721431354544,-0.00189474710479015,-0.0051040265107189,0.000261839785655305
"4221",2018-01-18,-0.00305498714395488,-0.00415655565979282,-0.00121382363017479,0.00341814136578384,-0.00291754574957996,0.000261468181266267
"4222",2018-01-19,0.00307928904819509,0.000607496792632309,0.00191790160348841,0.000608683385122077,0.000602760604476966,0.000261096542222727
"4223",2018-01-22,0.00559732485301549,-0.004623642440236,0.00231576071722537,-0.000867576348775234,-0.00187101261650613,0.000260353160145277
"4224",2018-01-23,-0.0109184103021944,0.00857063892700264,-0.00246330207580045,-0.00846908047798515,0.00208945015574428,0.000260353160145277
"4225",2018-01-24,0.032574494851471,-0.0074116021760988,0.0121887933085098,0.00583457324027312,-0.00365142828748898,0.000259981417098487
"4226",2018-01-26,0.0190536224623014,0.00435252181170161,0.0142335972694597,0.0061796673914967,0.00245916878634507,0.000259609639371217
"4227",2018-01-29,-0.00947343334589608,-0.00594268423794951,0.00410807354781919,-0.00563512655062456,-0.00678183579148423,0.000259237826956804
"4228",2018-01-30,-0.00251951133464673,-0.00871157586788771,-0.00157917264271022,-0.00468369289664561,-0.00992236508806849,0.000258122181525877
"4229",2018-01-31,0.00588908133377818,0.0030344110082021,0.000994549112353092,0.0118956942340866,0.00988336445776526,0.000258122181525877
"4230",2018-02-01,0.00751525496473191,-0.00250498145412299,-0.000501963860657161,-0.00496768200963379,-0.00346891749833057,0.000257750230298059
"4231",2018-02-02,-0.016903232320892,0.00205825295655815,0.00393673023037732,-0.00212463377753498,-0.00382499259339582,0.000257378244350681
"4232",2018-02-05,-0.0239034580579095,-0.000331710263704252,-0.00658403471398432,-0.00186513932069526,0.00505711060820846,0.000256634168271264
"4233",2018-02-06,0.0220504049062882,-0.0162833405277582,0.0103832087068724,-0.0006469661645205,-0.0126650698712025,0.000255889953235444
"4234",2018-02-07,-0.0111352000234491,-0.00109364139299083,-0.00366581234416351,0.00189650321566481,0.00060867682394436,0.000255517793592785
"4235",2018-02-08,-0.0139419410930997,0.0165918694117617,0.00691799352369015,0.00112533725697099,0.0169873617667298,0.000255145599191486
"4236",2018-02-09,-0.00889673910361301,-0.00164398400656725,0.00384721192022009,-0.00430601301443202,-0.00494736102411782,0.00025477337002533
"4237",2018-02-14,0.0315051668148492,-0.0157592893093667,0.00755377616340849,0.00208366444982034,-0.0135786539155613,0.00025477337002533
"4238",2018-02-15,0.0065541070850631,-0.00346902862668781,0.00101145732010615,0.00182681367417883,-0.0047102227767979,0.000254401106087432
"4239",2018-02-16,0.00319263555937479,0.00166933769119739,0.0106032981375029,-0.000712738045504849,-0.00288068939083348,0.000254401106087432
"4240",2018-02-19,0.00293202435711012,-5.48358981793959e-05,0.000152319631336897,-0.00311138032248535,0.00706104576188834,0.000254401106087432
"4241",2018-02-20,0.0120785365296858,-0.0128703887679526,-0.00614062971715769,0.00297933395626642,-0.00392483082364123,0.000254028807371354
"4242",2018-02-21,0.0012300160094853,-0.00121679883163479,-0.000726806220008861,-0.00460335661798828,-0.00482166918511463,0.000254028807371354
"4243",2018-02-22,0.00567613196167529,-0.00573352106881721,-0.000157204747067824,0.00663969342428827,-0.00215290955870809,0.000254028807371354
"4244",2018-02-23,0.00619356224594929,-0.00405436332040739,0.0105043044226295,0.00657181248646569,-0.00134301643579971,0.000254028807371354
"4245",2018-02-26,0.00389881638842325,0.00313377668788851,0.0152058388943378,0.00738687904512884,0.00423588446665874,0.000253656473870656
"4246",2018-02-27,-0.00639033424622109,0.0048670670737542,-0.00172497928995598,-0.00396419209279724,0.00391350098597243,0.000253656473870656
"4247",2018-02-28,-0.0163869097440463,-0.0021092891991408,-0.00732903920767264,0.00329500670914333,-0.00193580889814014,0.000253284105579121
"4248",2018-03-01,0.000768332806989357,-0.0155867239908178,-0.00247459322820288,0.000447786156777005,-0.0073154358359989,0.000253656473870656
"4249",2018-03-02,0.00408300653163704,0.00120396579973287,-0.00103117867690791,-0.00212430546484486,-0.00063736670390598,0.000253284105579121
"4250",2018-03-05,0.00380186046668825,0.00103786010485438,0.0111692118116637,0.00878804535805216,0.00220671504557144,0.000252166791891995
"4251",2018-03-06,-0.00330515107461934,0.00220060362433424,-0.00066574847375736,0.0127577893021842,0.00284559866966926,0.000251794284370499
"4252",2018-03-07,-0.0011497851697644,-0.0111392291235937,-0.000850705983763907,-0.00200631522274166,-0.00782263684474126,0.000251421742025526
"4253",2018-03-08,-0.0040669326750391,0.0113166044749125,0.00283482637857402,-0.00449645127601245,-0.00228263057298746,0.000251049164850192
"4254",2018-03-09,0.014567933259834,-0.0124850312479656,-0.00170478525894049,0.00406939877956192,-0.00888181044147666,0.000250676552838058
"4255",2018-03-12,0.00716071174186212,-0.00481464941510476,0.00662992064577586,0.00204373221521493,0.00295944657152488,0.000250303905982685
"4256",2018-03-13,-0.00586271045326282,0.00597389621278129,-0.000177740300178784,0.000824301175427489,0.006142657060458,0.000249931224277633
"4257",2018-03-14,-0.00282968458857311,-0.00168053040594929,0.0012702170689394,0.00598829819794349,-0.00186525899683886,0.000249558507716019
"4258",2018-03-15,-0.0133184352813951,-0.00340250101057308,-0.00100824511233427,0.0102112688902941,0.00627070684966391,0.000249558507716019
"4259",2018-03-16,-0.00106369866885062,-0.00423592338943535,0.00145675784724183,-0.00539926756110374,-0.00100363731475519,0.000249185756291626
"4260",2018-03-19,-0.0086828156454691,-0.0015110686673885,-0.00808569306692363,0.00191708301642875,0.00203077330582433,0.0002480672927756
"4261",2018-03-20,0.00148017301876245,-0.0082000045005266,0.00780416343821767,-0.00136806184897911,-0.0067407267240267,0.000247694401834142
"4262",2018-03-21,0.00798319824600666,0.000280844758411575,-0.00265737445770668,-0.00634253720117112,-0.00293481302797905,0.000246948515258083
"4263",2018-03-22,-0.00210278832458411,0.00488586374037469,-0.00460845811730254,0.00220086650403955,0.00732904497577778,0.000245829423562771
"4264",2018-03-23,-0.00419388008086111,-0.0019001970552597,0.00481886299551137,-0.00173420762359677,-0.00459596269518994,0.000245829423562771
"4265",2018-03-26,0.00770679853505599,-0.0206727787867366,0.00311421701494323,-0.00318004785973205,-0.00758794427291142,0.000246202489047498
"4266",2018-03-27,-0.0148814718167575,-0.00320340749564489,-0.00248454261078236,-0.00769494524104068,-0.00788426800926125,0.000245829423562771
"4267",2018-03-28,-0.00104145871356456,-0.00130352359404142,-0.00679805743120207,0.00955260413921925,0.000115382944320634,0.000245829423562771
"4268",2018-03-29,0.0156720277284132,0.00197409913035192,0.00613365341187367,0.0008744554617231,-0.00196260095571743,0.000245829423562771
"4269",2018-04-02,-0.00962984298085724,-0.00483638480211433,0.00209504490938846,-0.000231204228700221,-0.0105472564881015,0.000245829423562771
"4270",2018-04-03,-0.000281014266305712,0.00288915175616265,-0.00232321057859289,-0.00664468747284597,0.000286912423685948,0.000245829423562771
"4271",2018-04-04,-0.00360984429846197,0.00908115612399145,-0.00152651620635265,-0.00363424017181969,0.00601585428123382,0.000245829423562771
"4272",2018-04-05,0.00935666735299036,0.0068337232754651,0.00980176974904413,-6.78068031636e-05,0.00629509655508361,0.00024545632314954
"4273",2018-04-06,-0.0064343863455298,0.00957826957078911,0.00605360733172833,0.00018701468050079,0.00489526745415209,0.00024545632314954
"4274",2018-04-09,-0.0163196623458079,0.00921573445748042,-0.00831253695428569,0.00049921967354679,0.00883466132618035,0.000243963572083006
"4275",2018-04-10,0.0128096886816215,-0.00560396558677237,0.0069575801523976,0.00366158416310166,-0.00256714321129467,0.000245083187801587
"4276",2018-04-11,0.00589165359967926,-0.00500774226218842,0.00354233864051339,-0.00162303722263747,-0.00420988474756115,0.000244710017512251
"4277",2018-04-12,-9.4953057180526e-05,-0.000211788446836616,0.00206857335543008,0.00122280491022681,-0.00159292910141124,0.000243963572083006
"4278",2018-04-13,-0.0117037719945704,0.00693755016284817,0.000672483801727799,0.00479769815685529,0.00741066191762073,0.000244710017512251
"4279",2018-04-16,-0.0156049565258093,-0.00071319408773303,-0.00621673538876602,0.00672160483604616,0.00120005575801266,0.00024433681227487
"4280",2018-04-17,0.014143662608479,0.00234746680829782,0.00839943156567683,-0.00280412469194842,-0.00245501898126771,0.000243963572083006
"4281",2018-04-18,0.0181145067428226,-0.00261327974025847,0.0125881747411038,0.00904141381227672,-0.000220777676553839,0.000243963572083006
"4282",2018-04-19,0.00113693459425646,-0.00053630427187421,0.00126349269776956,-0.0051526754296698,-0.00259859297374675,0.000243590296929996
"4283",2018-04-20,-0.00239704327825846,0.0190530082898521,0.00281079649993393,-0.000704348211664021,0.0164407360259111,0.000242843641714119
"4284",2018-04-23,0.000769600837571563,-0.00263217324309646,-2.6536844972455e-05,-0.00416155252729952,-0.00363106675348309,0.00024321698680918
"4285",2018-04-24,-0.00207654360842192,0.00250972891711075,-0.00461151481599468,0.00263933534194085,-0.0029560766211776,0.00024321698680918
"4286",2018-04-25,-0.00458105981938087,-0.00138415520454874,-0.00205152349291769,0.00527728764032926,0.00151023095272769,0.00024321698680918
"4287",2018-04-26,0.0147359066335011,-0.00980357030398944,0.00428332325030065,-0.00372787489297692,-0.00553348024472241,0.00024321698680918
"4288",2018-04-27,0.000100859290706135,0.00099195671831535,0.00338173525946587,-0.00299626661528261,-0.000194555393173364,0.000242843641714119
"4289",2018-04-30,-0.00214940163097595,0.000186921380622045,0.00160361503254223,0.00656427640395272,0.0046295790827442,0.000242470261638372
"4290",2018-05-02,-0.018126059817278,0.00323539981059114,-0.000684336994773509,-0.000509419102954021,0.00980830047135845,0.000242470261638372
"4291",2018-05-03,-0.0146967396283168,0.00799540295574933,0.00591782772506528,0.00590926022596048,0.000681584627529232,0.000242470261638372
"4292",2018-05-04,-0.00339865096285518,-0.010698691892839,0.00292573322143751,0.0108798772893984,-0.0113412048604273,0.000242470261638372
"4293",2018-05-07,-0.00532883097816093,0.0176371468126768,0.0129372869410206,-0.00591182127729967,0.0095436123453942,0.000241349911460631
"4294",2018-05-08,0.00462344222887916,0.00218690701923898,0.0013890308768163,0.0099939422373202,0.0076873450393,0.000242096846575279
"4295",2018-05-09,0.0126151701130514,0.010030847195338,0.0103731935051904,0.00859231071820145,0.0046970632161714,0.000240976391395753
"4296",2018-05-10,0.0152576560584134,-0.0153831581084688,0.00550082503088101,-0.00521614465112151,-0.0163891964885161,0.000240229246218693
"4297",2018-05-11,-0.00544701325602981,0.00521204273918277,0.00104318516732319,-0.00188867429844069,0.0169372468553343,0.000239855621093188
"4298",2018-05-14,-0.00224802447430007,-0.0129423987870436,-0.00379469774829286,-0.00929958401163407,-0.0125896209100566,0.000240602836317327
"4299",2018-05-15,-0.00259215053588983,-0.000991402110521341,0.00238945299449544,0.000124997093618061,3.66430608841574e-05,0.000240229246218693
"4300",2018-05-16,0.0149084157918807,-0.00313858621725853,0.00322232925716313,0.00780615485282125,-0.00547849634023051,0.000239855621093188
"4301",2018-05-17,-0.0328220893145518,0.0080958864105585,0.00450434794260135,-0.0022817911451747,0.0108323932606657,0.000246202489047498
"4302",2018-05-18,-0.00863188742459597,-0.00176677112809499,0.00226881290557878,0.00440873262454147,-0.0041964632720527,0.000246948515258083
"4303",2018-05-21,-0.0134199476149436,0.0148404924014967,-0.00357184458258902,-0.000698425207496925,0.0140618515452776,0.000246575519610381
"4304",2018-05-22,0.0100796978510786,-0.00221489755200291,-0.012422049340153,0.00162178027662068,0.00095183726665039,0.000246575519610381
"4305",2018-05-23,-0.0215688373266038,0.00743437186619298,0.00624565897503704,-0.00952217463379822,0.00720105648743743,0.000246575519610381
"4306",2018-05-24,-0.00800507035532189,-0.0106629839767422,-0.0212256370320266,-0.00690360218821522,-0.00369530169169464,0.000246575519610381
"4307",2018-05-25,-0.0140260264920479,-0.000274710439365649,-0.00401998484370244,-0.00983975615377497,0.00406017755859023,0.000246575519610381
"4308",2018-05-28,-0.0446299288934901,-0.0174641530489822,-0.021652457699912,-0.00707459803804576,-0.00842029474782405,0.000246948515258083
"4309",2018-05-29,0.00947679574561837,-0.00466288469890984,0.0100093509137815,0.0135716018306484,0.000131516400174373,0.000247321475997264
"4310",2018-05-30,0.00831885269396747,0.00814842375907277,0.00433965557083036,0.00294852939648506,0.00434935697742538,0.000247321475997264
"4311",2018-06-01,0.00345689015682022,-0.00690616553214311,-0.00884063226162071,-0.0107429664505396,-0.00808841286190636,0.000247321475997264
"4312",2018-06-04,0.018123267942564,0.00654175100795253,0.00302733393992101,0.00796965362359982,0.00742932238315798,0.000247321475997264
"4313",2018-06-05,-0.0255499681238653,0.0208965786037147,0.0039707871810991,-0.00076950376515714,0.0162440027763799,0.0002480672927756
"4314",2018-06-06,-0.00815958209982336,-0.00704222165690146,0.00490403067066273,-0.00294144937330547,-0.00441403537467215,0.000248812969997791
"4315",2018-06-07,-0.0290673369828525,-0.0168281094794234,-0.00987469668307357,-0.00457879761564577,-0.0136802586929104,0.000256262078126124
"4316",2018-06-08,-0.0107516204708478,0.00890994985163481,-0.0149591135562182,-0.014991583925787,0.0115488395824811,0.000251794284370499
"4317",2018-06-11,-0.00830450502996247,0.000413523089895864,0.000411522543335125,-0.00801910971354345,0.00355279754489678,0.000251421742025526
"4318",2018-06-12,0.00415690028877162,0.000833712667252655,0.008002333813046,0.00479142295716709,0.00163690786993925,0.000251421742025526
"4319",2018-06-13,-0.00763641368946657,0.00901459441302046,0.00133832400819954,0.00082458319736672,0.00856324746455991,0.000252166791891995
"4320",2018-06-14,-0.00711648207736277,0.0053631372235201,-0.00953626247857503,-0.0103815018492847,0.000460655253180656,0.000258122181525877
"4321",2018-06-15,-0.00867458462664633,-0.00496516270830467,-0.00634431512272198,-0.0003955432268706,-0.00575492142376539,0.000251421742025526
"4322",2018-06-18,-0.0131441817617532,-0.0043282772076697,0.00162961858415659,0.0028884838005059,0.00139448036555879,0.000249185756291626
"4323",2018-06-19,0.021877479120423,-0.00920298663519806,0.000974656023254788,0.0144254384476629,-0.00710157027326035,0.0002480672927756
"4324",2018-06-20,0.0102621891343814,-0.00248146082848045,0.0144833859429155,0.0119022095970774,-0.00511606842333894,0.0002480672927756
"4325",2018-06-21,-0.0279017044517616,0.00496929745026176,-0.00752924832357432,-0.00967684244425525,0.00653889498510036,0.000246575519610381
"4326",2018-06-22,0.00699730665879423,0.00410273926595802,0.000195441956816998,0.00188670036672147,0.00630313756979139,0.000246575519610381
"4327",2018-06-25,0.00527668452563652,-0.0111766319098394,-7.81513366150365e-05,0.00116428280627598,-0.00499718938237521,0.000246575519610381
"4328",2018-06-26,0.00466541202897002,-0.00341106788151136,-0.00204885263281355,-0.000795708344367851,-0.000937882432685064,0.000246575519610381
"4329",2018-06-27,-0.00933839408860249,0.0131763976769889,0.0099784468828532,0.00106043011224361,0.00997336283367516,0.000246948515258083
"4330",2018-06-28,0.0137154477848308,-0.0177866368019332,-0.00451535772260353,0.0141277211162782,-0.0137361723010929,0.000246948515258083
"4331",2018-06-29,0.0134876060738541,-0.00653411847497082,0.00338548785550683,0.0156901338310887,-0.00207232614965601,0.000246202489047498
"4332",2018-07-02,8.94944145059711e-05,0.00600495007683871,0.00938966319003844,-0.010112902239668,-0.00197530023918294,0.000246948515258083
"4333",2018-07-03,0.0090915349827882,-0.00264772879286332,0.00555391749827191,0.00207973486047776,-0.0110573707851418,0.000246575519610381
"4334",2018-07-04,0.0138596562833553,-0.000160277693022999,0.0171895751129556,0.00704799592496953,0.00472113809901011,0.000246948515258083
"4335",2018-07-05,-0.00167174328546095,0.000986557586312316,-0.00782281253424905,-0.00791179858140541,0.00104497653680817,0.000247321475997264
"4336",2018-07-06,0.00311038148903191,0.00597397212785011,0.00584922931837923,0.00173463568569152,0.00286417531853536,0.000246948515258083
"4337",2018-07-10,-0.0011650017671178,0.000913960344917572,-0.00613508428688257,-0.00259581673224562,0.00521351533035681,0.000247321475997264
"4338",2018-07-11,-0.00665440315688163,0.00333740240036196,-0.000581751229146026,-0.00998168916151925,0.000190315144306995,0.000247694401834142
"4339",2018-07-12,0.0180825797015474,-0.00540144734349861,0.0142497588760648,0.0188710607641502,-0.00520271949595334,0.000247694401834142
"4340",2018-07-13,0.0109162447000949,0.00356612354869049,-0.00131524613026582,0.00162681381996024,0.00636605273780027,0.000247321475997264
"4341",2018-07-16,0.00273337256470672,-0.000683607724223617,-0.00637819473988754,0.00101306369897695,0.00136584008155581,0.000246948515258083
"4342",2018-07-17,0.0170280501241654,-0.016327973081334,-0.00258106148177791,-0.000869054440410449,-0.0151508488583229,0.000246575519610381
"4343",2018-07-18,-0.00976454964946981,0.00819668008293952,0.00346198636789777,0.00895032551528436,0.0123871603937368,0.000246575519610381
"4344",2018-07-19,0.00205703191064852,-0.00455870609286989,-0.00534243527466678,-0.00274357695044968,-0.00342656907066853,0.000246575519610381
"4345",2018-07-20,0.013779896102772,0.00479249668164097,0.0045336943875361,0.0022586013495292,-0.00210567627581059,0.000246202489047498
"4346",2018-07-23,-0.0066523078719834,0.00800354788759519,0.00507829528719642,-0.00431869839994373,0.00901915362647626,0.000246948515258083
"4347",2018-07-24,0.0126028439025872,-0.0111453502274829,-0.00174538175676993,0.000533791991704705,-0.00606058016333248,0.000246575519610381
"4348",2018-07-25,0.0109975328862642,-0.0167910539696888,0.00142888941017442,0.00336238837700644,-0.0130467876202218,0.000246575519610381
"4349",2018-07-26,-0.00751460950228645,0.00902736254809619,-0.00552167115199434,0.00803923466436054,0.00516732029517961,0.000246202489047498
"4350",2018-07-27,0.00345372743972482,0.000762474114069227,0.00616392674966541,0.00364856003526983,-0.00828140923010099,0.000246575519610381
"4351",2018-07-30,0.00319413863916111,-0.00159244524258411,0.000112581615278848,0.0106041320545293,-0.00379622564232686,0.000246575519610381
"4352",2018-07-31,-0.0126579981487681,-0.00698022691705236,-0.00453124735848801,0.00942256618321329,0.00311863669007053,0.000246575519610381
"4353",2018-08-01,0.00268369785623004,0.0100144771436711,0.00189487293457707,-0.00810088692207969,0.00781429744392925,0.000246575519610381
"4354",2018-08-02,0.00333719156264611,-0.0015412399421157,0.00332805174494663,0.00228046631191203,-0.00170970282908031,0.000246202489047498
"4355",2018-08-03,0.0192707095585235,-0.0112574546210709,1.23326105962596e-05,0.00048438861057876,-0.0105067302281802,0.000246202489047498
"4356",2018-08-06,-0.0040789654107165,0.0149153045878878,0.00644486286664376,0.00520598588292647,0.0103304727064982,0.000246202489047498
"4357",2018-08-07,-0.00846198254980155,-0.00615339512794727,-0.00820656595965528,0.00644895410322696,-0.00091017212665242,0.000246575519610381
"4358",2018-08-08,-0.0134601131373016,0.0060749996392398,0.00474803242746811,-0.00406163308542901,0.00705679057364621,0.000246575519610381
"4359",2018-08-09,-0.00301698629659536,-0.0220809808131614,-0.0132136131467303,-0.00703591465815752,-0.012494032661242,0.000246575519610381
"4360",2018-08-10,-0.0279424632265927,0.0137939129455009,-0.00219552677070782,-0.00249224464788167,0.0118322517265873,0.000246575519610381
"4361",2018-08-13,0.0122433478814611,-0.00291111666094622,-0.00178752290894622,0.00101002161966165,-0.00718551739771867,0.000246948515258083
"4362",2018-08-14,0.0148598201070088,-0.00809128367973838,-0.00566404514017271,-0.00514452262781699,-0.00290072043885969,0.000246575519610381
"4363",2018-08-15,-0.0167805686471885,0.00082618545679336,-0.00127919716264995,-0.00843250456832473,0.00326745761948018,0.000246575519610381
"4364",2018-08-16,-0.00388222357625739,-0.00772800234883804,0.00457600252259812,-0.00202973230317172,-0.00245697150605888,0.000246575519610381
"4365",2018-08-17,-0.00922600449711787,0.000958422453259204,0.00348608074135657,-0.00155002444544066,0.00390270313440878,0.000246575519610381
"4366",2018-08-20,0.00273738141860175,-0.00318176749580342,0.00426513256863808,0.0127915793288663,-0.00205288220858302,0.000246948515258083
"4367",2018-08-21,-0.0151001470394256,-0.00246322139549685,-0.00237641421748888,0.00108997542831378,-0.00278813245017412,0.000247321475997264
"4368",2018-08-22,0.019549006848393,-0.00443413143630244,0.00459612962131259,0.00520953809634283,-0.00563692967785547,0.000247321475997264
"4369",2018-08-23,-0.015363211445541,0.00096210109016907,-0.00180697034907248,0.00789138387231172,0.00393394012698238,0.000247694401834142
"4370",2018-08-24,0.00775294135694917,-0.0105589227329948,-0.00298581096691634,0.00157337545727491,-0.0110506759623724,0.000247694401834142
"4371",2018-08-27,0.0191855524083548,0.000366371386049721,0.00651158800850322,0.0029772134795624,-0.00119065280501405,0.000247321475997264
"4372",2018-08-28,-0.00548160784497512,-0.000535686767206989,-0.000805685106535082,0.00803768501792822,8.1298119688082e-05,0.000247694401834142
"4373",2018-08-29,0.0115912452853494,-0.0145479700440282,0.00173157580741016,0.000539091593786843,-0.0110617047932767,0.000247694401834142
"4374",2018-08-30,-0.0233755030811799,0.018566331499338,0.00515369837802258,-0.000726812116399751,0.0139156513850445,0.000249185756291626
"4375",2018-08-31,0.00330194219848633,-0.00791001127304126,0.00151014010269759,0.00625133951676908,-0.00430247684931535,0.0002480672927756
"4376",2018-09-03,-0.00652701877002927,-0.00580299179749727,-0.00804860604269134,-0.00698214902112666,-3.22337110074478e-05,0.000249185756291626
"4377",2018-09-04,-0.0188233904044351,0.00158097419269299,0.00299908217323107,0.00526654962339609,0.00040906645687774,0.000249185756291626
"4378",2018-09-05,0.00476124851007578,-0.0124894847634213,-0.00364584494137486,0.00657673507824571,-0.00604819958635602,0.000248812969997791
"4379",2018-09-06,0.0168470115212979,-0.0102810998553168,0.00027002276144766,0.00356957419327567,-0.0127095119934662,0.000247694401834142
"4380",2018-09-10,-0.00044604815941947,0.00678785526097998,0.0057536975122715,-0.00322000696354995,0.00549548880678306,0.000247694401834142
"4381",2018-09-11,-0.0227491753475457,0.00398736482022876,-0.00253359854660498,0.00812269993696939,0.00486408565514839,0.0002480672927756
"4382",2018-09-12,0.00565171995418292,-0.0112452045041051,0.0109801944456072,0.00304599192642688,-0.0103053209499428,0.000248440148827855
"4383",2018-09-13,-0.00664411639548915,-0.00492793661414437,-0.00299073582472518,0.00479158595380846,-0.00184611964617029,0.000248812969997791
"4384",2018-09-14,0.00688818144838554,-0.0113281663852434,-0.00907072682981835,5.91254957307877e-05,-0.00329236912476171,0.000249185756291626
"4385",2018-09-17,0.015897293608095,-0.0263375443982278,-0.00779691017996479,-0.0100774267757285,-0.0222594035637672,0.0002480672927756
"4386",2018-09-18,0.0174354471858239,-0.012821245187011,0.003634308453717,0.0072697188050713,-0.0157437864972695,0.000248440148827855
"4387",2018-09-19,-0.00277372066052598,0.00459695383644416,0.00745339212889427,-3.53956937736901e-05,0.00700503034695773,0.0002480672927756
"4388",2018-09-20,-0.00107002540399585,-0.0166549139755206,-0.00376151041479304,-0.00269812302517925,-0.0043476568867148,0.000246575519610381
"4389",2018-09-21,0.0151751043689209,-0.0113092875297651,-0.00400715662259516,0.00142512303704563,-0.00792356043963839,0.000246575519610381
"4390",2018-09-24,-0.0180690525443168,-0.00163417110318156,-0.00761708758849521,0.00918174540908358,0.00417906435158675,0.000246948515258083
"4391",2018-09-25,0.00705436679392854,-0.00663163759164605,0.0014956080131543,0.0103378560916201,-0.0076914748892885,0.000246948515258083
"4392",2018-09-26,0.000764384891877573,0.00027296724051096,0.00111251724803948,-0.00238759624604743,-0.00261879589193817,0.000246575519610381
"4393",2018-09-27,0.0154793360293245,-0.00022748642258982,0.000733094770191562,-0.00401842070555893,-0.00102093759693895,0.000246575519610381
"4394",2018-09-28,-0.00818935148247533,0.00738969283269092,0.000558147962480358,0.00428153323264715,0.00810454507419829,0.000246948515258083
"4395",2018-10-01,-0.00852062135231164,0.00254499123259341,0.00489403727213161,0.0107358508557807,0.00198026328824324,0.000246575519610381
"4396",2018-10-02,0.0341619099893064,-0.0181380930005648,0.00330758941434103,-0.0158558498357017,-0.0128003715260979,0.000246202489047498
"4397",2018-10-03,0.0193868461375442,0.00390283200811522,0.00811414344216706,-0.0127768155272294,0.00210276914959007,0.000246575519610381
"4398",2018-10-04,-0.00358241370678689,0.0187505855429794,0.0166416586524076,-0.0168743990403183,0.0151965766980882,0.000246948515258083
"4399",2018-10-05,-0.00636910508642247,-0.000773371340767605,-0.00613814978059136,-0.0064269063567204,0.00168821520001557,0.000246948515258083
"4400",2018-10-08,0.0438362409099877,-0.00675526248848002,0.0144721930160137,-0.0273847660172608,-0.0109616532511379,0.000246948515258083
"4401",2018-10-09,-0.00233193750774516,0.0296582383940714,0.0112573683857232,-0.0180001599390916,0.0177223411598083,0.000247321475997264
"4402",2018-10-10,-0.0259525229583076,0.000319918005828292,-0.0103513291455971,0.00551006014282441,0.00191207979313419,0.000247694401834142
"4403",2018-10-11,-0.00891282082799009,0.0114461968581296,0.00128436475298717,-0.00208329135951309,0.00337733203932032,0.000247321475997264
"4404",2018-10-15,0.0039538715843981,0.00127107917834925,0.0220711078711667,0.0151426402699747,-0.00687809480398551,0.000247694401834142
"4405",2018-10-16,0.0270176267772155,0.00513325103301863,0.00363303057098776,-0.00577679643162803,-0.00412752860225456,0.000247694401834142
"4406",2018-10-17,-0.000653938283250669,0.0193575151576061,-0.00314226998925932,-0.0124759490270424,0.0137464968871489,0.000247321475997264
"4407",2018-10-18,-0.0192169147956555,0.018047362894058,-0.00618247600076233,-0.00891173675532872,0.0152109699756874,0.000247694401834142
"4408",2018-10-19,0.00601220551673019,-0.0107047551871325,-0.0160870715794353,-0.00963576200405817,0.0107562483012837,0.000247321475997264
"4409",2018-10-22,0.0137706197428457,0.0195012378144891,0.0161035847576346,-0.00656252805118431,0.000581410183332241,0.000247321475997264
"4410",2018-10-23,-0.00352762699006566,0.0146927822860316,-0.00110771367294708,-0.0113738352060295,0.00508406731531782,0.000246948515258083
"4411",2018-10-24,-0.0250771820911361,0.0361182971100615,0.00222230183321382,0.00173809080469482,0.0224591915936828,0.000247321475997264
"4412",2018-10-25,0.00720979478876194,-0.00752232904818386,0.00469894329819947,0.00138764287086651,-0.00946263326958341,0.000247321475997264
"4413",2018-10-26,0.0165870104467972,-0.0085609885286647,0.0149590025715605,-0.00593334859010834,-0.00787913108716471,0.000247694401834142
"4414",2018-10-29,-0.0199517684277159,-0.00821364628298679,-0.00301962275186645,-0.00012357265276941,-0.0016754405517479,0.000246948515258083
"4415",2018-10-30,0.0360141080284169,-0.0321683253970929,-0.00159376025397265,-0.00955102163851024,-0.0190255746787105,0.000246948515258083
"4416",2018-10-31,0.00624850753498691,-0.00544218435481413,-0.00285109936207132,0.00851536561815627,-0.00838760974597689,0.000246575519610381
"4417",2018-11-01,0.0115163544729433,0.0137136189427084,-0.00619070747221868,-0.00191056484358595,0.0080998443010257,0.000246202489047498
"4418",2018-11-05,0.0129883674538192,-0.00226668502514664,0.00246791809337115,0.00859563370234866,-0.00518364760150485,0.000246575519610381
"4419",2018-11-06,-0.00922260019060487,0.0181408606334638,0.00765702766866634,0.00276754266661253,0.0177608802581509,0.000246575519610381
"4420",2018-11-07,-0.0122501703053871,0.000343904720554991,-0.00483977468677441,0.0060556237647246,0.00187685624034078,0.000246575519610381
"4421",2018-11-08,-0.0225034145796258,0.00538262212729022,0.00451160609569791,0.00871763549026701,0.00545624762285883,0.000246575519610381
"4422",2018-11-09,0.00159934091246189,-0.00346655216658052,0.00143190514692879,-0.00234856859177123,0.0028214765313055,0.000246575519610381
"4423",2018-11-12,-0.00159380625827465,0.00262450659126683,0.00178031377259507,0.00201044961804042,0.0040880873123687,0.000246948515258083
"4424",2018-11-13,-0.00659420712781772,-0.00986106348448513,-0.00485332428744588,0.00322386120350762,-0.00431995907043381,0.000246948515258083
"4425",2018-11-14,0.0128126853140285,-0.009140959941871,-0.00113456045717267,-0.00352058740322856,-0.00352099610455359,0.000246948515258083
"4426",2018-11-16,0.0274857037585083,0.00957349770161428,0.00642774751726617,-0.00519878154258147,-0.00446882284971348,0.000246948515258083
"4427",2018-11-19,-0.00602767660178121,0.00664469433181643,-0.00621882558565387,-0.00388313190126176,0.0117093250306372,0.000246948515258083
"4428",2018-11-21,-0.00734481129467543,0.0164083954563569,0.00573811540082851,-0.0150209106729052,0.00257545521665884,0.000246948515258083
"4429",2018-11-22,0.00298152963735243,-0.000538626643455898,-0.000518521285369286,-0.00328981113806918,0.00144005744286038,0.000246948515258083
"4430",2018-11-23,-0.0138837441411465,-0.0104263762126656,-0.0138660016242596,-0.00512476506532428,-0.00851749767644998,0.000246948515258083
"4431",2018-11-26,-0.00822886974988844,-0.00364405766687428,0.00182566684131636,0.010628177257668,0.00243968270503326,0.000246575519610381
"4432",2018-11-27,0.0255013546568978,-0.0140257013010634,0.00107785249675106,0.00132430580134165,-0.0158558464447504,0.000246948515258083
"4433",2018-11-28,0.0143144147828233,-0.00398772721675365,-0.00498151917865463,0.00365443634786225,-0.00156356159042901,0.000246948515258083
"4434",2018-11-29,0.00403061275873805,-0.00420990917203733,-0.00365433995217693,-0.00544106102932757,-0.00719445330143133,0.000246575519610381
"4435",2018-11-30,-0.00141062598492739,8.67592239836004e-05,0.00492866919856762,-0.000137489456053666,0.000261599907261038,0.000246575519610381
"4436",2018-12-03,0.00222887131779553,0.000407835523384429,0.00549506077248595,-0.00144493776715343,-0.00152176928096785,0.000246202489047498
"4437",2018-12-04,-0.0123221410347323,-0.00532889143488287,-0.00337924380854308,0.00088937002357453,0.00451264975792644,0.000246948515258083
"4438",2018-12-05,0.00384223982527264,0.00256987247011066,0.0036678332514845,-0.00670349371941037,0.0022703833140566,0.000246575519610381
"4439",2018-12-06,-0.00276507056800454,0.0135284960056222,-0.00100567507752384,-0.0104373348427163,0.00307504170570269,0.000246575519610381
"4440",2018-12-07,-0.00755128291555499,0.0084556121388932,0.00534165774026951,-0.00410342781609899,0.013334116239064,0.000246575519610381
"4441",2018-12-10,-0.0236440486915721,0.00430624404465427,0.000899365716901069,-1.2915933815201e-05,0.00631085132121667,0.000246575519610381
"4442",2018-12-11,0.00581139216289144,0.000790114071080102,0.0043583591045478,0.00327976288954933,0.00760638031343052,0.000246575519610381
"4443",2018-12-12,0.00643230069145115,-0.00113718698326451,-0.00343849251154957,-0.00054042856690447,-0.00196036765908939,0.000246575519610381
"4444",2018-12-13,0.00961033177049229,0.000820135658787079,0.0106682729335259,-0.00176951522886737,0.00110134151933897,0.000246202489047498
"4445",2018-12-14,-0.00469739705774597,-0.0040961530044854,-0.00372163283323388,0.00130773869247895,-0.00371708554868142,0.000246202489047498
"4446",2018-12-17,-0.0114210676201303,0.0027479668106077,0.00591554633122027,-0.000328060416464247,0.00160947734498959,0.000246575519610381
"4447",2018-12-18,0.00246354449709691,-0.006900146569766,0.000840173326465877,0.00160450339701311,0.00144743262829347,0.000246575519610381
"4448",2018-12-19,-0.00923379633043361,-0.00345850563024504,-0.0032321343028618,0.00215313474722907,0.00108021554740116,0.000246575519610381
"4449",2018-12-20,-0.00459924832595524,0.00203933158689473,-0.00367121132997865,-0.0028609386072935,0.00944104964746963,0.000246575519610381
"4450",2018-12-21,0.00381612997288837,-0.011797426337908,-9.14809842326452e-05,0.00698936559815258,-0.00786935563342605,0.000246575519610381
"4451",2018-12-26,-0.00425267272929411,0.0275966398339781,0.00288664307140906,-0.000240600524163174,0.00308829901892814,0.000246575519610381
"4452",2018-12-27,0.00377378864775067,-0.00378817568136967,7.99068533543197e-05,-0.00716843083724118,0.00439361750592187,0.000246575519610381
"4453",2018-12-28,0.0268835683340738,-0.00122429625400164,0.00739274969201274,0.00545684727467359,-0.00794109207759548,0.000246202489047498
"4454",2019-01-02,0.0353658641708762,-0.000404850472524504,0.0108498940122933,0.00474653369688632,0.00280867323838143,0.000246575519610381
"4455",2019-01-03,0.00612594131667249,0.00110247574271943,0.00467927821387502,-0.00654674867138301,0.00454754625430948,0.000246575519610381
"4456",2019-01-04,0.00240582238699842,0.000995345967472373,0.00813354873134473,-0.000354819777911034,-0.00337584305841391,0.000246575519610381
"4457",2019-01-07,-0.00290527692293336,0.012709119180801,0.00819059811277528,0.00222945829721638,0.00829334184191472,0.000246575519610381
"4458",2019-01-08,0.00136420502874476,-0.005846865701302,0.00320177385060196,-0.00165466238869559,-0.0023404448907995,0.000246575519610381
"4459",2019-01-09,0.015597335902676,-0.0159609862604151,-0.00989712164784429,-0.00675166355419149,-0.0121681068386,0.000246575519610381
"4460",2019-01-10,0.0028061597598259,-0.00259108826615929,-0.00766641262675356,-0.0106246942790007,0.00198574132285617,0.000246575519610381
"4461",2019-01-11,-0.000557446884342922,-0.00178764447723778,0.00195707886932217,-0.0071100956313791,-0.000237682353607428,0.000246575519610381
"4462",2019-01-14,0.00837926628650563,-0.00152436821485558,0.00207184445282665,-0.00765589392135996,-0.00098773995772343,0.000246575519610381
"4463",2019-01-15,-0.00368619981002424,0.0037327696026499,-0.00607215322569169,0.000162382300896138,0.003412081067441,0.000246575519610381
"4464",2019-01-16,0.00270367554398869,-0.00125791526381581,0.00260473992815997,0.00966323422194502,-0.00154137179818171,0.000246575519610381
"4465",2019-01-17,0.00825520173854146,0.00901913737636283,0.00176951471695302,-0.00848736568053366,0.00239451563880417,0.000246575519610381
"4466",2019-01-18,0.00710558324987072,-0.00451668735258635,-0.00534371428914133,-0.00105066989290974,-0.00331145071297252,0.000246575519610381
"4467",2019-01-21,-0.000117966406356529,0.000746662781446375,-0.000105493297669673,0.00680185728748056,0.00896673224668629,0.000246948515258083
"4468",2019-01-22,-0.00930301490909126,-0.00114301707704095,-0.00156097049054852,-0.000935228231274864,0.00428168915716121,0.000246575519610381
"4469",2019-01-23,0.0119688057546626,-0.0082910371756083,0.00312403289364952,0.00686273603163207,-0.0108370871393444,0.000246575519610381
"4470",2019-01-24,0.00989252539991434,-0.00263321438440542,0.00226602281084369,-0.0025576728115873,-0.00117186902121662,0.000246575519610381
"4471",2019-01-28,-0.0155774206459827,-0.00023876948694445,-0.0102125060474289,-0.0176726751885165,0.0048699172080978,0.000246575519610381
"4472",2019-01-29,0.00233704776322854,0.00358375733301929,-0.00452770020812983,-0.00767007328696504,0.00241575516171614,0.000246202489047498
"4473",2019-01-30,0.0122320549010528,-0.00282891189188243,0.00149532763720777,0.0118237373895868,-0.00734606453021504,0.000246575519610381
"4474",2019-01-31,0.00340586233374568,0.00260757977603888,-0.00257537151153921,-0.00102104801579605,0.00303911662965711,0.000246202489047498
"4475",2019-02-01,0.00488242809415518,-0.00330824254159769,-0.0031045757124087,-0.0011207957620973,-0.00059568858480836,0.000246202489047498
"4476",2019-02-04,0.00728125444997925,0.000354925594220368,-0.00102375082645677,0.00207662134990528,0.000139541035208095,0.000246202489047498
"4477",2019-02-05,-0.0030904773646475,-0.00167033659374079,-0.000789837773702024,-0.00507011027404883,-0.00193148408909842,0.000246202489047498
"4478",2019-02-06,-0.0346892788637766,0.012979166742363,0.000578661920932737,0.00571088386269456,0.016767334042395,0.000246202489047498
"4479",2019-02-07,-0.00108044099841492,-0.0118791269252544,-0.00798842475561513,5.31894091055484e-05,-0.013272080442546,0.000246202489047498
"4480",2019-02-08,0.00757547405221175,-0.00027272073996557,0.0117054146306631,0.00706624258518504,7.37670297915691e-05,0.000246202489047498
"4481",2019-02-11,-0.00742391481262419,-0.000370335526945115,-0.00479370907820961,-0.000601713974389428,-0.000318647419986232,0.000246202489047498
"4482",2019-02-12,0.0162565222447113,-0.00129736307860831,0.00619212792115054,0.0122936083760741,-0.00429658346861898,0.000246202489047498
"4483",2019-02-13,-0.00422098394233434,0.00574775009939369,0.00299037731987126,0.00503899549966405,0.00940102632776121,0.000246575519610381
"4484",2019-02-14,0.0203494038727527,-0.0110762114800037,-0.000774209390411399,0.00812002759118745,-0.00728632121487316,0.000246202489047498
"4485",2019-02-15,-0.00468068459396226,0.00958572762841271,0.00352851831778754,0.00314442068821124,0.00849440166827957,0.000246202489047498
"4486",2019-02-18,-0.00874714464515092,-0.00107366181194606,0.00182431313524408,0.00455068135542766,-0.000212042546015903,0.000246202489047498
"4487",2019-02-19,0.0107205191966141,0.000753668742075674,-0.00524468447882924,-0.00445180005614666,0.00138689599807036,0.000246202489047498
"4488",2019-02-20,-0.0118739464171727,0.000379237700889681,0.00395918184639525,-0.0034057907820399,0.0014981322871299,0.000246202489047498
"4489",2019-02-21,0.00494177476789555,-0.0170785938335227,-0.0010283201187244,0.00062608516379931,-0.0128317703947268,0.000246202489047498
"4490",2019-02-22,0.00926140566410939,-0.00320871931479244,0.00343149433041671,-0.00165375447565583,-0.00275662750061867,0.000246575519610381
"4491",2019-02-25,-0.00516853310434449,0.00733491685775716,0.00145224400948089,-0.00200327020313011,0.00233504735100502,0.000246575519610381
"4492",2019-02-26,0.00322665386597188,-0.00938312062828668,-0.00709007286670145,-0.00204146944237909,-0.00900353085916206,0.000246575519610381
"4493",2019-02-27,-0.00280573043348812,0.0156506845874104,0.00632977926976753,-0.0140286871942581,0.012949794479343,0.000246202489047498
"4494",2019-02-28,-0.0168463233036504,0.00983231157152129,-0.00609345103785539,4.22820778366688e-05,0.00908726899308701,0.000246202489047498
"4495",2019-03-01,-0.00852694029182032,0.00878326909372444,0.00619856500558488,0.00936449779559994,0.010306244002684,0.000246575519610381
"4496",2019-03-06,-0.00571171106969209,-0.00601214903254462,-0.00083844253653631,0.00381873160009159,-0.004520162329538,0.000246202489047498
"4497",2019-03-07,0.00136545546604139,0.0127197313834204,0.00177061725716443,0.00202478815322696,0.00528279577349193,0.000246575519610381
"4498",2019-03-08,0.0100835932508471,-0.00958953864578402,-0.000516332725673693,-0.00125566930992655,-0.00294680194097112,0.000246575519610381
"4499",2019-03-11,0.0243283849303935,-0.00326745660330329,0.00384785710618627,0.00448716614938635,-0.00460987778689533,0.000246575519610381
"4500",2019-03-12,-0.00221281694985827,-0.00232036079459293,0.000191834239621586,0.000966020288908987,-0.00306606999451304,0.000246575519610381
"4501",2019-03-13,0.00896413646319277,-0.00217942965415579,0.00853240003713116,-0.00470895857787496,-0.00462682930280719,0.000246575519610381
"4502",2019-03-14,-0.00376890768033453,0.00147120027833548,0.0019185839392286,0.00552803794715279,0.00315284425848941,0.000246202489047498
"4503",2019-03-15,0.00439580594165703,0.00183507736361981,0.00907837028422358,0.00407276012513892,0.00347643198247673,0.000246202489047498
"4504",2019-03-18,0.00852466384252153,0.00456787687817277,0.00336767689791927,-0.00127346495688374,-0.00348966193694119,0.000246202489047498
"4505",2019-03-19,-0.00288104206031856,0.00382829218067339,0.00247869465194126,-0.00176655738828346,0.00534502507100053,0.000246575519610381
"4506",2019-03-20,-0.0157028602636437,0.0171628683155228,-0.000190213057236617,-0.00350990458086812,0.0116311316565087,0.000246202489047498
"4507",2019-03-21,-0.0123911391309506,-0.00183007045580602,-0.00231387489332384,-0.0014248908985198,-3.875395953413e-05,0.000246202489047498
"4508",2019-03-22,-0.0295880155163782,0.00192297525552846,-0.00825617552010788,-0.0078226153113932,0.00306692926234105,0.000246575519610381
"4509",2019-03-25,-2.22980089658161e-05,0.00327741995244927,0.00734433357285216,0.00351330352230013,0.00231326294133427,0.000246575519610381
"4510",2019-03-26,0.017806271148107,-0.00208551748509562,0.00158057120603343,0.00292404249766367,-0.00247552995633242,0.000246575519610381
"4511",2019-03-27,-0.0346290048288839,-7.77109488511313e-05,-0.0130093545412924,-0.00161879379276604,0.00321813752296488,0.000246948515258083
"4512",2019-03-28,0.024894834635149,-0.0128266977607737,0.00184237146732343,0.00408281714002057,-0.0155401464966168,0.000246575519610381
"4513",2019-03-29,0.00968799797602644,-0.00591594323599227,0.00252143744983099,0.00718727951856598,0.00249877973818318,0.000246948515258083
"4514",2019-04-01,0.00572945668960666,-0.000453703288740117,0.0119973012658921,-0.00290165826523091,0.0014529016984416,0.000246948515258083
"4515",2019-04-02,-0.00668033822722881,0.010766783004058,-0.00371472516127174,-0.00326160354100714,0.00502155304981246,0.000246575519610381
"4516",2019-04-03,-0.00714715459277039,0.00221428384453109,-0.00189847491518075,-0.00293380553836882,0.00577091673916601,0.000246575519610381
"4517",2019-04-04,0.0166912618071365,-0.00882799962655272,-0.00459135395811028,-0.00435200757139353,-0.0120130463520557,0.000246575519610381
"4518",2019-04-05,0.00721451074380213,-0.00288606651126703,-0.00173218124589091,0.000734996696448864,-0.00160234883801316,0.000246575519610381
"4519",2019-04-08,0.000692828029820819,-0.000902948968590451,0.00770123333939197,0.0024908163918771,-0.00311066290862688,0.000246575519610381
"4520",2019-04-09,-0.00979945823717259,0.00604986112084831,-0.00344038807584265,-0.00668552170763757,0.00475571348697837,0.000246575519610381
"4521",2019-04-10,-0.00411273197022895,0.00567124882602162,0.00797994998926458,0.00113964985546429,0.00301635155642545,0.000246575519610381
"4522",2019-04-11,-0.0123953515032975,0.00123350633862641,-0.00836890470629213,-0.00207174042586325,0.00235733978316623,0.000246575519610381
"4523",2019-04-12,-0.0185895074957412,-0.00657953574068706,-0.0112566010256649,-0.00241472591417895,-0.00789146486914771,0.000246575519610381
"4524",2019-04-15,0.0027326434324489,-0.00511879121609397,0.00362951948317909,0.00479254277994719,-0.00205164686833766,0.000246575519610381
"4525",2019-04-16,0.0109528530292435,-0.00521948111982919,0.0104418971138721,-0.00640552092826718,-0.00456516699620007,0.000246575519610381
"4526",2019-04-17,-0.0119892367462682,0.00480474275743957,0.00444649444685868,0.00016040012729545,0.00312364002086674,0.000246202489047498
"4527",2019-04-18,0.0123136952798373,-0.00529097057186273,-0.00153876506775529,0.00331502057199673,0.00150181738402755,0.000246575519610381
"4528",2019-04-22,0.00145635258367415,-0.000118589240530573,0.000229381673812676,0.00397535596563413,-0.000124257850010149,0.000246202489047498
"4529",2019-04-23,0.0132989237310471,0.00453408272409856,0.00064501244285212,0.00623543697363233,0.00109083303279782,0.000246202489047498
"4530",2019-04-24,-0.00788915777021243,0.00508191991360782,-0.00341824450378145,0.00344362039208771,0.00375118130221018,0.000246202489047498
"4531",2019-04-25,0.0153524348011473,0.00147537048981451,-0.00132507571289658,-0.00025912460001476,-0.00235795020579002,0.000246202489047498
"4532",2019-04-26,-0.00371239951287638,-0.00592947490353962,0.00528082358938266,0.00577112941306038,-0.0017334145767665,0.000246575519610381
"4533",2019-04-29,-0.000193955041244561,0.00104974219483961,-0.0010178795361133,-0.00401630235748165,-0.00256042731200925,0.000246202489047498
"4534",2019-04-30,0.00260323824209982,-0.00466635837464164,0.000894080020572287,0.00681054928119796,0.00253168600612647,0.000246575519610381
"4535",2019-05-02,-0.00760398119274088,-0.000264772526606961,-0.00519328509401404,0.00181190360079625,0.00231268192052703,0.000246575519610381
"4536",2019-05-03,0.00352162541568769,-0.0104742519956934,0.00152665875877029,0.00100365996954525,-0.0102084113815436,0.000246202489047498
"4537",2019-05-06,-0.0079604643841747,0.00282720589989601,0.000809009043064187,0.00409309453767386,0.00595721538395328,0.000246202489047498
"4538",2019-05-07,-0.0076667766185946,-0.00241261905801245,0.00530319126093414,0.00153923314208654,-0.00126985486941368,0.000246202489047498
"4539",2019-05-08,0.012045849748126,0.00277803237757925,-0.00193286359922588,0.00381243705951897,0.00193644752656807,0.000246575519610381
"4540",2019-05-09,-0.00885794765233741,0.00603217792935421,-0.0021493330540764,-0.00307220579313823,0.00389242237115172,0.000246575519610381
"4541",2019-05-10,-0.00615479274652932,0.00471325189264121,0.00353365385792834,-0.00314265388149191,0.00226924020372929,0.000246575519610381
"4542",2019-05-13,-0.0256157850228132,0.0067534409272585,-0.00198687821208021,-0.00623917210953839,0.00803781841315947,0.000246575519610381
"4543",2019-05-14,0.0028783914073946,-0.00480701382591672,0.00458844711387282,0.00305222159538544,-0.00769298268314418,0.000246202489047498
"4544",2019-05-15,-0.00587967424200776,-0.0144944010861276,-0.00960033601104675,0.00508835868749799,-0.0113227296327913,0.000246575519610381
"4545",2019-05-16,-0.0161800380170691,0.00538494211171862,-0.00754146169014549,0.0104316102440155,0.00150720094205487,0.000246575519610381
"4546",2019-05-17,-0.0026864213672019,-0.00804950330404931,-0.00476972259770612,0.00724408613071633,-0.00758628054711064,0.000246575519610381
"4547",2019-05-20,0.0212360952374522,-0.00792868185927901,0.00231253554785479,0.00534605918918875,-0.00712527488844077,0.000246575519610381
"4548",2019-05-21,0.0274920796608,-0.0025636889218951,0.00120619107138271,0.00497074519005732,-0.00314480828743582,0.000246575519610381
"4549",2019-05-22,-0.000550767041228503,0.00259453391987079,0.00088499883766244,0.00323301543885836,-0.00334371672928839,0.000246575519610381
"4550",2019-05-23,-0.00415929272749752,0.00103715053347635,-0.00415505196564546,-0.0046278179118315,0.00146278868080068,0.000246575519610381
"4551",2019-05-24,-0.00348743318583451,-0.00130577785000221,-0.00108901292050846,-0.00534169295679512,0.000991949135089026,0.000246575519610381
"4552",2019-05-27,0.0111039279512812,0.00342789282241716,0.00502975771896313,0.00464400093007978,-0.0003223281347724,0.000246202489047498
"4553",2019-05-28,0.0160461413331189,-0.00568471980346739,-0.000346880413022209,0.0101106469212444,0.00157151465837711,0.000246202489047498
"4554",2019-05-29,0.00154492734777408,0.00228740871825512,-0.00138697538781209,0.00297373915053743,0.00410899457779063,0.000246575519610381
"4555",2019-05-30,0.00818926517085195,-0.00198365052932687,0.00146669790360072,0.010592623521874,-0.000350451577052093,0.000246575519610381
"4556",2019-05-31,-0.00250712546963249,-0.0060799401659223,0.00194828882975105,0.00747236176240433,-0.00181615555050057,0.000246202489047498
"4557",2019-06-03,-0.000356245350933969,0.00980531823607512,0.00703935337489777,-0.000697766942621535,0.0104139277580747,0.000246202489047498
"4558",2019-06-04,0.00339478155661152,-0.00155335269429783,0.0198177668353481,0.00336698937294412,0.00353088384906345,0.000246202489047498
"4559",2019-06-05,-0.012278234014647,0.00451089199937238,0.00406793975809657,-0.000819140228051225,0.00648776452787871,0.000246202489047498
"4560",2019-06-06,0.0106696664948691,0.00629760421186162,0.0108885665785829,0.00459216240144945,0.00783125571370009,0.000246202489047498
"4561",2019-06-07,0.00522366541713812,0.00379856463273926,-0.00478250895583491,0.00282826224795936,-0.00113421134705058,0.000246202489047498
"4562",2019-06-10,-0.00330506753083874,-0.00688884987865123,-0.00765924984589966,-0.00409029499758649,-0.00841098426121747,0.000245829423562771
"4563",2019-06-11,0.0127708958178002,0.0109221621110731,-0.000874245825114021,-0.00484910437077343,-0.00227712064530304,0.000245829423562771
"4564",2019-06-12,-0.00661738671171383,0.00168801043867121,-0.000648355103708993,-0.00932305489401077,0.00171492270044958,0.00024545632314954
"4565",2019-06-13,0.00472567381872912,-0.00272702574557242,-0.00567499160512654,-0.00104668467920553,-0.000984221220111721,0.000244710017512251
"4566",2019-06-14,-0.0075120796869581,0.00448247104585791,-0.00246596747671514,-0.000485404227567644,0.00672660491682528,0.000244710017512251
"4567",2019-06-17,-0.00315399361516004,0.0054721226838217,-0.00240698258786328,0.00275529622554811,0.00701841689473336,0.000245083187801587
"4568",2019-06-18,0.0166606393325733,-0.00430181608081198,0.00204435102072062,0.00435666433491853,-0.00406451904124066,0.000245083187801587
"4569",2019-06-19,0.00797344765829666,0.00126149416664297,0.00372304954770869,-0.000624996469708424,-4.27145703320829e-06,0.000245083187801587
"4570",2019-06-21,0.0138556036823165,-0.000613415501402006,0.0064179501007863,-0.00170393277092866,-0.00114068279693308,0.000246202489047498
"4571",2019-06-24,0.000149423118250292,0.0159257233161947,0.00952393814863304,-0.00647808804160185,0.0126049512037503,0.000246202489047498
"4572",2019-06-25,-0.0173582590182418,0.0116435990770301,0.000945804136666738,-2.96081872555518e-05,0.0106126491424435,0.000246202489047498
"4573",2019-06-26,0.00616987975656379,0.0027717478800252,0.0051778493249357,-0.000467428996505145,0.003029178763925,0.000246202489047498
"4574",2019-06-27,0.000135944764995234,-0.00765190619201767,-0.000803839828989463,0.00210086829888549,-0.00691694601852762,0.000246202489047498
"4575",2019-06-28,0.00320455772022775,0.0078046387137165,0.011134501013633,0.00595212796066692,0.00580812058199351,0.000246202489047498
"4576",2019-07-01,0.00116553418839557,0.00420209000715017,0.00627088098439276,0.00612571024212682,0.00412955509476161,0.000246202489047498
"4577",2019-07-02,-0.00633131317748526,0.00746549587591004,-6.87260108273931e-05,0.00357853763469273,0.00869887511754948,0.000246202489047498
"4578",2019-07-03,0.015028788457848,-0.00025264289920277,0.00333538183853642,0.00763003196149161,-5.84191425851005e-05,0.000246202489047498
"4579",2019-07-04,0.0147551231913421,-0.00384896642764679,-0.000486133865272447,-0.00120662411356875,-0.00390836754565816,0.00024545632314954
"4580",2019-07-05,0.00454081961709791,0.00575305400980927,-0.00658403501391171,0.00506791561233101,0.00286227395074053,0.00024545632314954
"4581",2019-07-08,0.00415999587539089,0.0363892293957779,0.0207881506731619,0.000132336769441879,0.0243129708295999,0.00024433681227487
"4582",2019-07-10,0.0124002582843202,-0.00302186046713197,-0.00125001844556473,0.00555753820943377,0.00025237272876685,0.000242843641714119
"4583",2019-07-11,-0.00551239311699817,-0.00138298718125239,0.000209398033771057,0.00376229218811934,0.00623244408396806,0.000242096846575279
"4584",2019-07-12,-0.0114066321114987,0.00157237122973384,-0.00315858154277885,0.000327497257928674,0.00262034305195884,0.000241723396518179
"4585",2019-07-15,-0.00232383128851786,0.00835410249594877,0.00852397968291865,-0.00179755986235134,0.00205455968500565,0.000240229246218693
"4586",2019-07-16,-0.000735402821904806,0.0101986852775038,0.00707806877206039,0.00897316234789733,0.00692631474359084,0.000240229246218693
"4587",2019-07-17,0.000904899797552086,0.00134264000378168,-0.00493927392601715,0.004047937066534,0.00026802283828547,0.000239481960934373
"4588",2019-07-18,0.00803592159663784,-0.00264815139784649,0.00465400163797831,0.00968288113893375,-0.000415738199603031,0.000238734535489948
"4589",2019-07-19,-0.0117338232750881,-0.00465261967631841,-0.00630370179775688,0.000720738068767371,-0.00274198488491798,0.000237986969833015
"4590",2019-07-22,0.00311272113045541,-0.0089843578890866,-0.00582032000347902,0.0015956831613242,-0.00758974140763573,0.000236491417670015
"4591",2019-07-23,-0.00186218880997835,0.00947536848842833,0.0100607212942787,0.00826519600776422,0.00585441673202166,0.000235369385097162
"4592",2019-07-24,0.00237777123193869,-0.0109988348374118,-0.0100828798114703,-0.00910744094082012,-0.00856273477980201,0.000234247036511537
"4593",2019-07-25,-0.00984208339644694,0.000363541250300464,-0.0112309546195766,-0.00977659843509006,0.000950380032927733,0.000233872850060379
"4594",2019-07-26,0.00210256350876058,-0.00213280331008349,-0.00164703800640761,-0.000532704309920363,-0.00311983123233025,0.000233498628470219
"4595",2019-07-29,0.00723218734651057,-0.00541322194369946,-0.0014364124819678,0.00515336186673342,-0.00365818922454123,0.000232750079846689
"4596",2019-07-30,-0.0038419416931255,0.00729226976738999,0.00398212917415766,0.00746084233245938,0.0101770217542047,0.000231626993203449
"4597",2019-07-31,-0.00896676009707509,-0.000257339385151956,-0.00131657538574169,0.00246954319747733,0.000724870674530406,0.000231252560640716
"4598",2019-08-01,0.00371057357531434,-0.0055354392573858,-0.00120175486713169,0.0148490587836354,-0.0073463216288035,0.00022750629872581
"4599",2019-08-02,0.00534776724794024,-0.00502748451892475,0.00397902269653479,0.00566237805455817,-0.00224782695351059,0.00022750629872581
"4600",2019-08-05,-0.022795860416854,0.00936130077240399,-0.000167178371397011,0.00264714833777853,0.0124252000959073,0.000227131478759857
"4601",2019-08-06,0.0192857488635052,-0.00291762731407396,0.0002813739615515,0.0137456784705093,-0.00437406197570072,0.00022675662353544
"4602",2019-08-07,0.00611467042425847,0.00341974909253249,0.00444597568873697,0.00258182489024643,0.00669651906204946,0.00022675662353544
"4603",2019-08-08,0.0114220493231262,0.0106143759568925,0.00889467123679823,0.0061049778980209,0.0106381830318512,0.000226381733046122
"4604",2019-08-09,-0.000221860400807398,-0.00688784055978064,-0.0262436499623368,-0.0114646801821148,0.00241374481398704,0.000226006807285239
"4605",2019-08-12,-0.0199379799366033,0.00973752056187777,0.00406019842626793,0.00440709507505237,0.011275764473372,0.000226006807285239
"4606",2019-08-13,0.011963886722762,0.0100385008510345,0.000927287969236194,-0.00508618458614599,0.00437973761687418,0.000225631846246133
"4607",2019-08-14,-0.0264667288156152,0.00854331955316939,-0.0104435676351767,0.00478024427060056,0.0109856777463661,0.00022525684992214
"4608",2019-08-15,-0.0138132164682864,-0.00840069820798474,-0.0112219199015032,0.00773907417732343,-0.00950153048334095,0.00022525684992214
"4609",2019-08-16,0.00682681207123583,-0.00408456038800347,-0.00360590037292379,-0.000577930399894571,-0.0020706828686198,0.000224881818306599
"4610",2019-08-19,-0.00409396649088267,-0.00395456991069753,-0.000478180242032632,0.00309414590813667,-0.000420137153977472,0.00022450675139285
"4611",2019-08-20,-0.00282839141520548,-0.00728319609042243,-0.0078639357972193,0.000765321797809747,-0.00546302339389325,0.000224131649174009
"4612",2019-08-21,0.018827202273812,0.00693957705042611,0.0156935896021469,0.00939337477890494,0.00446688710913029,0.000223756511643858
"4613",2019-08-22,-0.0117354076292223,0.0119982221365125,0.00661732208454593,-0.00225103088194475,0.0101756759539016,0.000223381338795514
"4614",2019-08-23,-0.0222149651784979,-0.0055432140018392,-0.0100494939711161,-0.000138539062204217,-0.000497993514172731,0.000223006130622316
"4615",2019-08-26,-0.0125504840266924,-0.0099756511249854,-0.0111585816652842,0.00184444011431922,-0.0094846250472398,0.000223006130622316
"4616",2019-08-27,0.00782261267618855,0.00373087931942014,0.000811454900455093,0.00870460870276852,0.00335665863691937,0.000223006130622316
"4617",2019-08-28,0.00937635805727521,0.00797073270438476,0.000592935582784769,-0.00702576036994399,0.00837747730675575,0.000223006130622316
"4618",2019-08-29,0.0230025758713789,0.00129226932896442,0.00260430197638745,-0.00752023175450039,-0.00258311425378875,0.000222630887117603
"4619",2019-08-30,0.00798237277131297,0.00846768428000325,0.0138795058742688,0.00643612449809615,0.0147407924555025,0.000221880294086763
"4620",2019-09-02,-0.004470837133025,0.0069678473446762,0.00725906242410115,0.00520392436336846,0.00419679584886393,0.000221129559649924
"4621",2019-09-03,-0.00868059974896791,0.00237668743722084,-0.0055561628649213,-0.0177309407029577,0.00471786047349856,0.000220003192741292
"4622",2019-09-04,0.0131901016788022,-0.0208299477680843,-0.0111886035666841,-0.0133836094931631,-0.0166882787692082,0.000219252104555201
"4623",2019-09-05,0.00838791356966024,-0.00948536429556663,0.0036080956618468,0.00620062099366446,-0.00907573321836492,0.000218125206772557
"4624",2019-09-06,0.00462412630490078,0.000355046048746156,0.0017510108251517,-0.00357630218948507,-0.00202197636682009,0.000217373764503481
"4625",2019-09-09,0.000157933530461602,-0.00577140433630242,0.00070825765302376,-0.0279700914147413,-0.0116743867626695,0.000216246335345005
"4626",2019-09-10,-0.00243774985670211,0.00396704204116551,0.00216923014648718,-0.0129006019273859,0.00133417194509362,0.0002151185871202
"4627",2019-09-11,0.00678601306508538,0.00739406601144042,-0.00181747881705508,0.0229803320471044,0.00722673467333499,0.000214366577621528
"4628",2019-09-12,0.00762356112940333,-0.00680546328547245,0.000904381225339494,-0.00892061365442186,-0.012805140444372,0.000213238297216867
"4629",2019-09-13,-0.00873119936255295,0.00152514700168514,-0.00291958763627032,0.000653807575109539,0.00373429195075051,0.000212862132746405
"4630",2019-09-16,0.00128321945631937,-0.00660302294129619,-0.00808639449452888,-0.00645050867953726,-0.00872445670690178,0.000211357119675792
"4631",2019-09-17,0.00952732249576873,-0.0023468216942702,0.0047461637273546,0.00565732913471748,-0.00328949047791593,0.000210227986735534
"4632",2019-09-18,-0.0010890149066008,0.0076815886714608,-0.00407100338515317,-0.000281070461960066,0.00696469746845121,0.00020909853376172
"4633",2019-09-19,-0.000890458089243116,0.000470598319371285,-0.00389306540508563,0.0121726856192757,0.00148619647712448,0.000208345387226361
"4634",2019-09-20,0.00241568044697899,-0.00759164368002885,-0.0109608667081905,-0.00607486293841026,-0.00790403003723373,0.000208345387226361
"4635",2019-09-23,-0.0013284969975984,-0.00187370479361746,-0.00092443270692069,-0.00493387335879945,-0.00404333864037663,0.000208345387226361
"4636",2019-09-24,-0.00662477585504751,-0.00346486054665598,-0.00802132874727296,0.00188627901014264,0.000300385865885941,0.000208345387226361
"4637",2019-09-25,0.00416322412145647,-0.00231352955939106,-0.00460934218725012,-0.00439272428893083,-0.00632511936481828,0.000208345387226361
"4638",2019-09-26,0.0074188939377119,0.00215689631631938,0.00170688487017737,0.00477346230088298,0.00402781460997736,0.000207968760572497
"4639",2019-09-27,-0.00256645680677674,-0.00455981004776194,-0.00520917772662975,0.000494383269245256,-7.4485570916061e-06,0.000207968760572497
"4640",2019-09-30,-0.00262760620638995,0.00366195445713579,0.0027465586377248,0.00417574158247765,0.00715103682920479,0.000207968760572497
"4641",2019-10-01,-0.00695444550231542,-0.00114685822128253,-0.00281865199185475,-0.00143038463621244,-0.0011115778002182,0.000207968760572497
"4642",2019-10-02,-0.0272864185499263,0.0045647345633617,-0.00914662130957116,0.00532797514402706,0.00649704120764177,0.000207968760572497
"4643",2019-10-03,0.00403048977854944,0.00165603967380348,0.00395006559155509,0.00277262074920796,0.00219787533964758,0.000207968760572497
"4644",2019-10-04,0.0107832069988191,-0.00031782137907475,-0.0008865298636307,0.000692577260323429,-0.00263192332740978,0.000207215400458871
"4645",2019-10-07,-0.0191457466014677,0.00858557467843765,-0.0077060001918166,-0.00393220942321749,0.00699892613406944,0.000205708252819292
"4646",2019-10-08,-0.00699692507505221,0.000998638855705793,0.000869933135513239,0.0026365669592416,0.00268554907732582,0.000204577517891158
"4647",2019-10-09,0.011357788352881,0.0059510705291024,0.00203528026100193,0.00327392336591426,0.00365454508896391,0.000203823516314428
"4648",2019-10-10,0.00358700581585621,0.0025611938081349,0.00616829958874426,-0.00948634910881829,0.00169578075611276,0.000202692246377367
"4649",2019-10-11,0.0186617760950945,-0.00429112950663302,-0.00362701729443587,0.00205013352788613,-0.00636608012922276,0.000202692246377367
"4650",2019-10-14,0.00435254935332313,0.00746306560376735,0.00260230690068121,0.0116504097305606,0.00809910282921039,0.000201183386709269
"4651",2019-10-15,0.00123637691826912,-0.0109661514789512,-0.00452925346792496,-0.00265247196273257,-0.00813163811032991,0.000200806082505833
"4652",2019-10-16,0.00854575612608759,-0.004230677412401,-0.000571748860702421,0.00335546993218263,0.000486799304889395,0.00019929650834194
"4653",2019-10-17,-0.00338657326158647,0.00328424259687916,0.00752094634541664,-0.000233609550887821,0.0067943502328482,0.000198163952311869
"4654",2019-10-18,-0.00184616629420794,0.0023623454136907,0.00277098938077209,0.0109965463565417,0.00211145014389038,0.000197786362093
"4655",2019-10-21,0.0101868380937483,0.00475697629791009,0.00116499129734624,-0.00614591097870843,0.00145919849163486,0.000196275643324029
"4656",2019-10-22,0.00992657579933002,0.00770530588300518,0.0059546926024417,0.00236572485102767,0.00483839396999992,0.000195897874124773
"4657",2019-10-23,0.000927980778909111,-0.000613589695383062,-0.00276220707341787,-0.00364405018986384,-0.00089950280933704,0.000195142228269773
"4658",2019-10-24,-0.00370268309692987,0.000745953051373613,-0.00542399103538117,0.000642128839956048,0.00341334088990291,0.000194008490744579
"4659",2019-10-25,-0.00130235556325654,-0.00377055225594182,-0.00230581832307494,-0.00765653325797742,-0.0030804885746519,0.000192874430564371
"4660",2019-10-28,0.00724055221420884,-0.00147159450007645,0.00603423517658743,0.00569525530067105,0.000952830171374447,0.000190605341503503
"4661",2019-10-29,-0.00507925641228967,-0.00331677098027977,-0.000397187210553934,0.00129697567134414,0.00297266925958508,0.000190605341503503
"4662",2019-10-30,0.00800350768748159,-0.0014145398319634,0.00606669478575136,0.0135226268302845,-0.00515658579950465,0.000189470312254247
"4663",2019-10-31,-0.00973047125582647,0.00344723581873331,0.00346393702570674,0.00352670793357877,0.00428556561203928,0.000189848691260597
"4664",2019-11-01,0.00899308810041804,0.0105545922477895,0.00786290642374663,-0.00020116150564875,0.00910939521177857,0.000189848691260597
"4665",2019-11-04,0.00402890076203269,0.00853020057430558,0.0142723009754203,-0.00700710551711217,0.00338546374127562,0.000189091897315308
"4666",2019-11-05,-0.00251505621235991,-0.00463854634006165,-0.00577540488056007,-0.00989352805464708,-0.00866538504499159,0.00018833495961279
"4667",2019-11-06,-0.00027796535388984,0.0054665730210242,0.00177278014730596,0.00456599055185533,0.00758178765424101,0.000187956436835446
"4668",2019-11-07,0.010356902914098,-0.00396332903306911,-0.00215477411762366,-0.00644402234465009,-0.0108425410416234,0.000187577878098422
"4669",2019-11-08,-0.0169768671298845,0.0010234429639307,0.00196421145226473,-0.0034784450527763,0.00500593406385817,0.000187577878098422
"4670",2019-11-11,0.00661860486091829,0.000571363468564242,-0.00736964792688851,0.00651029597537473,-0.00222761810266748,0.000186441986059771
"4671",2019-11-12,-0.0143637468138663,0.0042169468763323,0.00664333775634951,-0.0106182454811879,0.00389230749874853,0.000186063283414972
"4672",2019-11-13,-0.0062942886592805,0.00376715690453608,-0.00255683092030471,-9.43587985544952e-05,0.00488321199801884,0.000185684544776077
"4673",2019-11-14,0.00421847206716994,0.0159865433902505,0.00808501979248557,0.0191070666257914,0.0167738682695593,0.000185684544776077
"4674",2019-11-18,-0.00144153711801165,-0.00283645456918621,-0.0036154731241634,-0.000885267942492817,-0.00150881138170209,0.000184548112826421
"4675",2019-11-19,-0.0032059606999691,0.0050207495555754,-0.00196724475015336,-0.00339724297119103,0.00555779575046431,0.000183790311430787
"4676",2019-11-21,0.0151040950182694,-0.00600082630495702,0.00457260705937504,-0.00447119514673308,-0.00902194588476243,0.00018265333905565
"4677",2019-11-22,0.00984298865154265,0.0049846161039918,0.00397114329804596,0.00302918642984297,0.00722935504561728,0.00018265333905565
"4678",2019-11-25,-0.001852310445745,0.00180611029765206,-0.000970624012648543,-0.00155416579047872,-0.000432013849805591,0.00018189517720435
"4679",2019-11-26,-0.0125114432396608,0.00864422727718518,0.000569478530040088,0.000919683078656646,0.00358349979270307,0.000182274276161243
"4680",2019-11-27,0.0058487290141886,-0.0126563587871811,-0.00565194737779531,-0.00712941035681189,-0.0117110239656962,0.00018189517720435
"4681",2019-11-28,0.00541602031869836,0.00196621622503877,0.00364864853762955,0.00943965295027841,-0.000806038729608277,0.000181136871074905
"4682",2019-11-29,-4.68102440508695e-05,-0.00235639140789668,-0.000179584468141729,0.00334663815866304,0.000334327632285981,0.000180757663888587
"4683",2019-12-02,0.00435836730724796,0.00116533915204647,0.00619269950775207,-0.00378805668859198,-0.00457504808546973,0.000179999141238119
"4684",2019-12-03,0.000574737198467658,0.00547752300992625,0.0012054886728993,0.00662999463530137,0.00637239048169315,0.000178861086465476
"4685",2019-12-04,0.0133440644724115,0.00477827498902317,0.00344880424803602,-0.00256797893319774,0.00956897626317942,0.000177722706570904
"4686",2019-12-05,0.0037824112429549,0.00306878156129212,-0.00394457817718969,0.00174720156387135,0.00494355607949039,0.000177343174324385
"4687",2019-12-06,0.00532877637476862,0.0137564850313849,0.00631444169479243,0.00273644956160743,0.0106275910207355,0.000175444970670346
"4688",2019-12-09,-0.000490417247967327,0.00827861154327863,-5.87569412338609e-05,-0.00550983759634295,0.00865942038691262,0.000173545862346414
"4689",2019-12-10,-0.00293995218962747,0.0101265601944156,0.00874546929391035,0.00193320928416217,0.00596118021307885,0.000173545862346414
"4690",2019-12-11,0.00407970861194625,0.006393402980509,0.00207116550718296,0.00371617438903668,0.00992888046987225,0.000172405962751032
"4691",2019-12-12,0.0115059888340064,0.00521821098423864,-0.00042921547384853,-0.00909310359776378,0.00611538131447485,0.00017088558920153
"4692",2019-12-13,0.00525305594953233,0.011133543172026,0.00309943149867543,-0.00052015406670982,0.0126075672607172,0.00017088558920153
"4693",2019-12-16,-0.00502293209088354,0.00973677093004719,0.00113204635612909,0.000499515992137972,0.0109393517211358,0.000171265736976345
"4694",2019-12-17,0.00475689734988758,-0.00623601914919598,-0.00398694393974434,-0.0101845585512765,-0.00122573811086039,0.000171265736976345
"4695",2019-12-18,0.0141364899391537,0.000678253119134971,-0.00284855496243956,0.00155077965889511,0.00357777614070028,0.000171265736976345
"4696",2019-12-19,0.00684449841073647,-0.0032120233162328,-0.000652178961419326,0.00264872665654043,-0.00117447427691635,0.000171265736976345
"4697",2019-12-20,0.00162915305878829,-0.00611863385067673,0.00139074444659796,-0.0111446559047464,-0.000572911029149832,0.000171265736976345
"4698",2019-12-23,0.00799780317282299,0.0129175603888659,0.0107778289631067,-0.00464907475893819,0.0100252281073232,0.000171265736976345
"4699",2019-12-26,0.0122121586739148,0.00958798708794004,0.00626649939655064,-0.00806727184569705,0.00635130741634668,0.000171265736976345
"4700",2019-12-27,-0.00335527448695473,0.0074986208749413,0.0030218128249722,-0.00200376948345169,0.00967442075636069,0.000171265736976345
"4701",2019-12-30,-0.00716545485346995,0.00827347049021389,0.0051863531517338,0.00500233090175851,0.0107562234257512,0.000171265736976345
"4702",2020-01-02,0.0226785442153035,-0.00680513893540243,0.00650008859201745,0.00234660129512974,-0.00167390951948442,0.000171265736976345
"4703",2020-01-03,-0.00368141906874245,-0.00685850372936627,0.00854659152258351,0.00714157615802835,0.0114757088218351,0.00017088558920153
"4704",2020-01-06,-0.00635516267656034,0.00771793415450054,0.00264780777541223,-0.00256587523478749,0.00551731645593675,0.00017088558920153
"4705",2020-01-07,-0.00191529016501568,0.00442301920202125,0.00511513043173158,0.00787212595827962,0.00494481175900458,0.00017050540515684
"4706",2020-01-08,-0.00361848385212431,-0.00439081922695348,-0.010880498051221,-0.00302390682646089,-0.0037514889837411,0.00017012518483539
"4707",2020-01-09,-0.00295781982918675,-0.00465276251283988,-0.00615949883676705,0.00902071229979869,0.000743434459209483,0.00017012518483539
"4708",2020-01-10,-0.00167559031527455,0.00689480814671191,0.00651496922480563,0.000398817747260072,0.0106301132535641,0.00017012518483539
"4709",2020-01-13,0.0155450332483254,-0.00841912624042982,0.00858875891417342,0.00527517033067537,0.00053384775325813,0.00017012518483539
"4710",2020-01-14,0.00244307467920043,0.00387661503288907,-0.00206716778891571,0.00112204964712983,0.00851176448947816,0.000169364635334235
"4711",2020-01-15,-0.00895351004834882,0.0239362346621988,-0.0062372156528481,0.00109948355766136,0.00864184762253572,0.000168984306140763
"4712",2020-01-16,0.00331933042326041,0.00510544465458123,-0.00609967180604051,-0.00592559378196192,0.00241211195041725,0.000168603940642775
"4713",2020-01-17,0.0112733206267244,-0.00970113026348752,-0.000914837223169227,-0.000472698542135403,-0.00788382667877097,0.000168603940642775
"4714",2020-01-20,0.00421954782771313,0.00940301794881468,0.00844416142170563,0.00234276542832969,0.0106763809969937,0.000168223538833168
"4715",2020-01-21,-0.0120285256709296,0.00294311277620776,0.00369807535822404,0.00859102378702245,0.013993962968671,0.000167843100705278
"4716",2020-01-22,0.00939040577938526,-0.00166632967206832,0.00690743523403295,-0.00892617675594454,-0.00719651740630173,0.000167082115466233
"4717",2020-01-23,0.00899663862810319,-0.00249509273222923,0.00208712002127255,0.00566691956705441,-0.00138063687811727,0.000167462626252002
"4718",2020-01-24,-0.00845783953597424,0.00561454209918089,-0.0108167333722357,0.00221281686937202,0.00789951123033898,0.000167462626252002
"4719",2020-01-27,-0.0310278324522659,-0.00971854445213118,-0.0146669985756838,0.0054281825509741,-0.00274578416713005,0.000166320984869905
"4720",2020-01-28,0.0167070231134043,-0.0118241481127129,-0.0045782087407389,0.0105534388464303,-0.00387305749247795,0.000165940365045358
"4721",2020-01-29,-0.00816398492247679,-0.00113322155300178,0.00355769946970991,0.005391589947439,0.00104577330985809,0.000165559708860785
"4722",2020-01-30,-0.00229856043897108,-0.0158845191721778,-0.00418556599997473,0.00346555912279007,-0.0116528427218926,0.000165559708860785
"4723",2020-01-31,-0.0166187870339871,-0.00757235196489552,-0.0040373935748606,0.00192394090849566,-0.0084381072035012,0.000165559708860785
"4724",2020-02-03,0.00800145165929429,0.0248113400171356,0.00471770666346731,0.00554818358204852,0.0136697070545173,0.000164417522076077
"4725",2020-02-04,0.00698315281680977,-0.00433337651914776,0.0104537841497125,0.00245867827860423,0.00201202208632513,0.000163275007798891
"4726",2020-02-05,0.00295826039070169,-0.00259797701920496,0.00328249184159271,-0.00513208908473199,-0.0011305367431267,0.00016289409689807
"4727",2020-02-06,-0.00810685344773503,-0.00199962861773896,-0.00770748299429573,-0.000231146472098289,-0.00510950577742424,0.000161370089065249
"4728",2020-02-07,-0.0129085727019984,-0.00018156038251994,-0.00764329128123517,-0.00155782748622481,-0.00523796026205749,0.000161370089065249
"4729",2020-02-10,-0.0115003902987544,-0.0138328391769897,-0.00575880035019934,-0.0131188685104288,-0.0164588901460729,0.000161370089065249
"4730",2020-02-11,0.0250359932778921,-0.0033525947676455,0.00489272722593679,0.0086333554847346,0.00406167260067489,0.000161370089065249
"4731",2020-02-12,0.0107555827884452,-0.00385926549215638,-0.00239349455515337,0.00873323017671022,-0.00438967354501241,0.000161370089065249
"4732",2020-02-13,-0.00768280530664305,0.000274602084523584,0.00362689260087908,0.00388974892604107,0.0034794154870151,0.000161370089065249
"4733",2020-02-14,-0.0100557825359346,7.60270916740063e-05,-0.00877209389392204,0.00337179253597913,0.00501896295874645,0.000161370089065249
"4734",2020-02-17,0.00773235349939531,-0.0112159807079938,-0.00873928322605882,0.00978867787497148,0.0027303567972933,0.000161370089065249
"4735",2020-02-18,-0.00261959858226788,0.0120633598230826,0.00675796566141493,0.000216399536131212,0.00586753894239113,0.000161370089065249
"4736",2020-02-19,0.0131755677708782,-0.00447574232154286,0.0046974468299697,0.00651685406132717,0.00360875487237095,0.000161370089065249
"4737",2020-02-20,-0.0145907171064384,0.00791251076250218,-9.95917370375209e-05,-0.00029771303312091,0.0122127113276515,0.000161370089065249
"4738",2020-02-21,-0.00583681232617113,-0.00378198840883704,0.000511983341151289,-0.000301335251679416,0.00314971471217324,0.000161370089065249
"4739",2020-02-26,-0.066164238238604,-0.0116744336758386,-0.0215854772953922,-0.00526377656828828,-0.00823244919687624,0.000160988996015021
"4740",2020-02-27,-0.0283166439853319,0.00483608832412649,0.00515918357644495,-0.0043083316106337,-0.00897579542175565,0.000161370089065249
"4741",2020-02-28,0.0089098460499506,-0.0233412116615398,-0.0103566918068252,-0.00519784492191427,-0.0158547143472767,0.000160988996015021
"4742",2020-03-02,0.0264173773597031,0.0268094411525626,0.00352571538036166,0.0105280887507906,0.0140941646004458,0.000159845498131084
"4743",2020-03-03,-0.00838166975752961,-0.0101010343954462,0.00259696042412164,0.0038993787347512,-0.00139009801498643,0.000157938938795343
"4744",2020-03-04,0.020004905409679,-0.0147894015630381,0.0171985499347476,-0.00665685604341603,-0.0012324956355213,0.000155268222243876
"4745",2020-03-05,-0.0459753289974326,-0.0217376585464632,0.00349737353923295,-0.0100104895878992,-0.0198258051045099,0.000155649862791263
"4746",2020-03-06,-0.039275098665928,0.00763700586624937,-0.0243820569679261,-0.0149266190839546,0.00675061129723037,0.000154504831474611
"4747",2020-03-09,-0.114833866398258,-0.0076287043706853,-0.0277642782371091,-0.0297995534923968,-0.0176580065536581,0.000156413034246627
"4748",2020-03-10,0.0648683763103089,-0.0207179216475581,0.00533301165851983,0.0203989722124946,-0.00592756159540034,0.000155268222243876
"4749",2020-03-11,-0.0703702428963093,0.0207565299742395,0.00174742612148703,0.00109643748756436,0.0163654573980496,0.000159082983861136
"4750",2020-03-12,-0.147191098391689,0.00139535066455981,-0.0096850397683885,-0.0318664050359475,-0.0118345359713981,0.000163655882291058
"4751",2020-03-13,0.133452296576212,-0.0632316477128459,-0.0094238824463387,0.0312254210797991,-0.0434449331410892,0.000156031466789885
"4752",2020-03-16,-0.13233913499723,0.0261902575921652,0.0221037968106404,-0.0329597103555648,0.0062224702509697,0.000144184716027285
"4753",2020-03-17,0.0464673285644611,-0.0632188471696423,-0.0258486664453468,-0.0201699952863612,-0.0559175529752048,0.000141504761679956
"4754",2020-03-18,-0.101505755197814,-0.0480660453720013,-0.0331980243166969,-0.0380202439317279,-0.053213700014311,0.000144567419551045
"4755",2020-03-19,0.0229017269790273,0.0174190703141311,-0.023706471710232,0.0633037915164704,0.048315927327449,0.000142270646864562
"4756",2020-03-20,-0.0142210474806765,-0.0450076582742693,-0.0327355584051046,0.00607598252803927,-0.008457395605204,0.000141887722673539
"4757",2020-03-23,-0.052980771634423,-0.0153914285528338,-0.031164942475749,0.0248017706435093,-0.00955245942445473,0.00014073872925624
"4758",2020-03-24,0.0803760700252235,-0.0213295434599601,-0.00557046415423938,0.0342583965743218,-0.0242446422720772,0.000141504761679956
"4759",2020-03-25,0.0703253019768083,0.00418575889251616,0.0217687583986675,0.00768267691811479,0.0176409115950348,0.000141121763876484
"4760",2020-03-26,0.0417721001336106,0.00835562084924289,0.00980963460967325,0.00297569138754025,0.0203989745458687,0.000141887722673539
"4761",2020-03-27,-0.0494948170484265,0.0495075709355735,0.0238833023539777,-0.02291996212566,0.0346389425242414,0.000142270646864562
"4762",2020-03-30,0.0137159023547939,-0.0125516157362979,0.00208174014762657,-0.0172271598491845,-0.0206221719990339,0.000142270646864562
"4763",2020-03-31,-0.0232928108327224,-0.0279994422026465,0.00749988889104146,-0.0274906839668976,-0.0248056001112521,0.000141887722673539
"4764",2020-04-01,-0.0283064015794458,-0.0092733455252945,-0.0111114361089362,-0.0180095260717,-0.0169809365853731,0.000141887722673539
"4765",2020-04-02,0.015737393928694,-0.0234965041446313,-0.0279949314944992,-0.00821795052060446,-0.0234871998582939,0.000140355657811897
"4766",2020-04-03,-0.0365735012603632,-0.0100038545528859,-0.0104102899517665,0.00399559707998605,0.000452565666916198,0.000140355657811897
"4767",2020-04-06,0.0580325740814123,-0.0247391744163383,-0.0295830674492849,0.0336351250656204,-0.0397447313939318,0.000139972549536571
"4768",2020-04-07,0.0319093180046152,0.0120436467729866,-0.00505664168194989,0.0215128739768694,0.0198935552378346,0.00013920622246455
"4769",2020-04-08,0.0294837064519848,-0.000307762423341698,0.0127598373344162,0.0174549217264922,-0.0064962480276205,0.000138056455445845
"4770",2020-04-09,-0.0117066713414538,0.0479336603809372,0.0103174874453996,-0.00705175084747962,0.0206989030495046,0.000138056455445845
"4771",2020-04-13,0.0131747691527015,0.0256117886130132,0.0216823823608315,-0.00837143183222954,-0.0136557179764288,0.000137289759743586
"4772",2020-04-14,0.0140111940508684,0.00831141111445355,-0.00507467552523667,0.00515660607941704,0.00958530479649785,0.000136139439513405
"4773",2020-04-15,-0.0117488693227915,0.0134005066546533,0.00539442904341672,-0.00904130407109162,0.0142064023425858,0.000135755925627645
"4774",2020-04-16,-0.013128459251549,-0.00149594151986575,-0.000816238011051675,0.0102336870467921,0.000658397500663766,0.000135755925627645
"4775",2020-04-17,0.0113915057258904,0.000458243803667482,0.00557269157664781,0.00200239736708325,-0.000550559860913929,0.000134988787100054
"4776",2020-04-20,0.000943670260069806,-0.00448693009197149,-0.0133151183238165,0.0338395311720847,0.00434451815919657,0.000131534834838076
"4777",2020-04-22,0.023460306887559,0.0229977779516324,0.00716641210177173,0.0319005247084861,0.0334162187936728,0.000126924902907222
"4778",2020-04-23,-0.0124078576246408,0.00739866371438315,0.00656755108258462,-0.0073629948058023,0.00553807448321242,0.000126924902907222
"4779",2020-04-24,-0.0536105123962923,-0.0106458259894753,-0.0284120847897929,-0.0111406915346993,-0.0141223157497865,0.000129998783388041
"4780",2020-04-27,0.0378730378626018,0.00920606941805033,-0.0162961130451596,0.0074544901329307,-0.00961468786049178,0.000129998783388041
"4781",2020-04-28,0.0358404635317173,-0.00321689371822555,0.0212467141495613,0.0111007934638183,0.00240822898245571,0.000127309267674347
"4782",2020-04-29,0.0199920295347499,0.0119905972110352,0.024333263185645,-0.0194573638757009,0.00071931783650005,0.000125771586092727
"4783",2020-04-30,-0.0310225217869424,0.00589977107678293,-0.0057348921192801,0.00104749296859671,-0.00890253362637949,0.000123463950510772
"4784",2020-05-04,-0.0154173705541637,-0.0089214442345137,-0.00732592179437966,0.0016521680336167,-0.00239956148823695,0.000123079214613853
"4785",2020-05-05,0.00806937343375682,-0.0077562785775655,-0.00190397481456482,0.00363439294456297,-0.00840517013244302,0.000119229811072374
"4786",2020-05-06,-0.0038641298429864,0.0035027672925186,-0.0103545086946935,0.00614366709686298,-0.00245974341872722,0.000119229811072374
"4787",2020-05-07,-0.0142994397442513,-0.0193853999306334,-0.000626824365686781,-0.0137126555792026,-0.0226531671912095,0.000111905683032099
"4788",2020-05-08,0.0240861046119224,-0.013124645799977,0.0133585141878685,-0.0257843473244475,-0.01483896727177,0.000111519829425033
"4789",2020-05-11,-0.013137300097711,-0.0215617384941596,-0.0074741461892352,0.00248889230680904,-0.00949651823296968,0.000110748010096362
"4790",2020-05-12,-0.0156366925325055,-0.014505268802838,-0.00799942242648668,-0.00887849066985419,-0.0112850535515658,0.000111133938448749
"4791",2020-05-13,-0.00399118087395943,-0.00443588571086365,-0.0041544460823871,-0.002858045102297,-0.0131439751947175,0.000111133938448749
"4792",2020-05-14,0.016574068657809,0.00158935860881383,0.00186584492476901,-0.00450461163165866,-0.00178616023657706,0.000110362044360102
"4793",2020-05-15,-0.0186436626926889,0.0169451218862471,-0.0111939079634319,-0.000443677587736275,0.0206992420680873,0.000109976041233084
"4794",2020-05-18,0.0437545172159193,0.00323768129342258,0.0224094440866131,0.0199270087700427,0.0132638866756398,0.000108817807434436
"4795",2020-05-19,-0.00429689784236865,-0.0101371830339442,-0.0105790916520808,0.0156349184372278,-0.00235230888389229,0.000108817807434436
"4796",2020-05-20,0.00587183063392165,0.00821644028937911,0.0135646008971811,-0.00472336213321506,0.00761074984594972,0.000108045464481288
"4797",2020-05-21,0.0185377988800559,0.00102183872724211,-0.000110775511152839,0.0235452871116383,0.00929469564780989,0.000107272971790362
"4798",2020-05-22,-0.00992822182580978,-0.00666537431576444,0.00034515185915341,-0.0120444002460722,-0.00844933781135787,0.00010688666927483
"4799",2020-05-25,0.0404795296750073,0.00149615653834323,0.0116763677254328,0.0172763384070319,-0.00143403465013425,0.000106113951868103
"4800",2020-05-26,0.00178997214261028,0.00885474527894502,-0.00895460318074135,0.012865118675763,0.0120519183594998,0.000105727536962252
"4801",2020-05-27,0.0310594519554575,0.0150981597491114,0.0226077772254225,0.00457455193435587,0.0123709487891142,0.000104954594708717
"4802",2020-05-28,-0.0121340349106527,0.0159314064544092,0.00543313375010252,-0.0165147234025233,0.0032150775547697,0.000104181502484257
"4803",2020-05-29,0.00256516078943173,-0.00293683257840061,0.0109214896216742,-0.00389350878457021,-0.00899738819075899,0.000103408260230919
"4804",2020-06-01,0.0132761811904272,0.0276735587910732,0.00770133889311418,-0.00981234447584793,0.0239755941446061,0.000102634867890306
"4805",2020-06-02,0.0261016352873911,0.00151843702240034,0.0194600235550023,-0.013543872017405,0.0170054187974711,0.000100700730022663
"4806",2020-06-03,0.0202148012344775,0.00809464051448177,0.00354634280287322,0.00779923283158392,0.0179670119943386,9.91527434588413e-05
"4807",2020-06-04,0.00732349105647841,0.0295339461950921,0.0181859025958113,-0.00286994321976281,0.0148671622757021,9.76041552589457e-05
"4808",2020-06-05,0.010744024036086,-0.00114364367399042,-0.00391552390595236,-0.00406814587674809,0.0123204090768781,9.72169141484347e-05
"4809",2020-06-08,0.0309127872020664,0.0282210297370072,0.0234536114419363,-0.0310982850167955,0.0132867878062166,9.52801438660611e-05
"4810",2020-06-09,-0.00981332177486457,0.016532009399083,0.00138245487431363,0.00139542058548978,-0.00889562707236154,9.41176296485047e-05
"4811",2020-06-10,-0.020461382276,-0.0196242454799309,-0.0194598699670484,0.0230770438498089,-0.0169141589851908,9.17915831801785e-05
"4812",2020-06-12,-0.0188906795403376,-0.0283176717459424,-0.0024822887668158,0.0230160549827207,-0.0103202387468218,9.10159325022697e-05
"4813",2020-06-15,-0.0038270147878312,-0.00178594356235863,-0.00461110711686735,0.011173185237946,-0.000523695432888719,8.94641780098127e-05
"4814",2020-06-16,0.01061238732288,-0.0107144134172535,0.0149094578045429,-0.00947889071479355,-0.00629636281717723,8.82999654141514e-05
"4815",2020-06-17,0.0226058181738986,0.00742674476896371,0.0151793321223744,0.00353261960794547,0.00831987197563166,8.6747152605815e-05
"4816",2020-06-18,0.00626237242675829,-0.00921758344429905,0.0035234684066166,-0.0109747634274252,-0.00581012481634297,8.44167981177701e-05
"4817",2020-06-19,0.00617015377024121,0.0262230310972894,0.00584074177999592,0.0148819671575359,0.0132271087845015,8.44167981177701e-05
"4818",2020-06-22,-0.011183039713539,0.0385614231890454,0.0118252730295456,-0.00863928051355088,0.0244342214418867,8.44167981177701e-05
"4819",2020-06-23,0.00389675579208194,-0.0079650916776258,0.00829646312015739,0.00476246078710683,0.00199093143212327,8.44167981177701e-05
"4820",2020-06-24,-0.0171906541609036,-0.00762980221252029,-0.00619536454728088,0.0224645368821683,-0.0109299119739943,8.44167981177701e-05
"4821",2020-06-25,0.0166291920186704,-0.0141950545347414,-0.00927002551186613,0.00373987845248995,-0.00770187032606505,8.44167981177701e-05
"4822",2020-06-26,-0.0219520734745828,0.00266721060871584,-0.00214208264986261,-8.33264388717704e-05,0.00184787244492275,8.44167981177701e-05
"4823",2020-06-29,0.0191653348287035,0.011816261004477,0.00976152624365048,-0.00231240563629419,0.00352803977347059,8.44167981177701e-05
"4824",2020-06-30,-0.00600499213757675,0.00101003443704063,0.00183548497533537,0.00679643837003133,0.00762448611522583,8.44167981177701e-05
"4825",2020-07-01,0.014577159365024,0.0153349389267136,0.0038112267197012,-0.000881800769335573,0.0132596624871716,8.44167981177701e-05
"4826",2020-07-02,-0.000342908503107593,0.0121450912393527,0.0158836716130147,0.00236365437315403,0.00740991979069646,8.44167981177701e-05
"4827",2020-07-03,0.00673581465657855,0.00298706862232166,0.00991869278822024,0.00403536039265846,0.00975288187763279,8.44167981177701e-05
"4828",2020-07-06,0.0205816445050698,0.00414027056249895,-0.00356493796561248,-0.014102430793258,-0.00470196403048632,8.40282731593422e-05
"4829",2020-07-07,-0.011131181674565,0.00415459167302177,-0.000863119126210596,0.0141267694771757,0.00424621577732386,8.40282731593422e-05
"4830",2020-07-08,0.0181756181049228,0.00126298421731562,0.00188344610317503,-0.00118507416210748,0.00016103655320459,8.40282731593422e-05
"4831",2020-07-09,-0.00406010267627102,-0.00820189222128853,0.0010021054218167,0.00687546574526202,-0.00824986465223877,8.36397103116671e-05
"4832",2020-07-10,0.00736660637986212,0.0125758648405078,0.00366916492749659,-0.0123066387199657,0.0138244906416578,8.36397103116671e-05
"4833",2020-07-13,-0.0142018946000965,0.00313661679593864,0.00818841479024812,-0.0053671538129045,0.00466837458981859,8.3251109566973e-05
"4834",2020-07-14,0.0133644109002961,-0.00882446273895021,-0.00138434279720948,0.0074681699598979,-0.0117545356014313,8.28624709181547e-05
"4835",2020-07-15,0.0131472851366461,-0.0153930964369332,0.00534346845277042,-0.00320811951946627,-0.0070166476239575,8.24737943578846e-05
"4836",2020-07-16,-0.01180093312924,0.00141639140687907,-0.00441249045615043,0.00578092543626246,-0.000443718807104669,8.24737943578846e-05
"4837",2020-07-17,0.0220052028673721,-0.0146730389302134,-0.00360511932012989,0.01097205502805,-0.0189654950626825,8.24737943578846e-05
"4838",2020-07-20,0.01468846373886,-0.0179205039265331,-0.00855106954798171,0.0138541879010511,-0.00671250067208965,8.20850798783912e-05
"4839",2020-07-21,0.000885001217168127,0.0142322726772583,-0.00824739337332011,-0.00801848091747387,0.00637469475291397,8.24737943578846e-05
"4840",2020-07-22,0.00150980409125666,-0.0115837392828277,0.00113214973820851,0.00952346872500533,-0.0110997051922209,8.16963274727911e-05
"4841",2020-07-23,-0.0195338355934201,-0.0120017636101284,0.00449813555733408,0.00455554398077683,-0.00813051436244295,8.16963274727911e-05
"4842",2020-07-24,0.0017323374709604,-0.00665063310456388,-0.0066628758658294,-0.00288259701683645,-0.00835376988638793,8.01409384370011e-05
"4843",2020-07-27,0.0203833861863424,-0.00964060825111497,0.0105437774410559,-0.00941960082305325,-0.00636100197997687,7.89739980691095e-05
"4844",2020-07-28,-0.00407685224561485,-0.00521682067381678,0.0130388343164651,-0.0122858662521466,-0.00413294614402994,7.85849419846496e-05
"4845",2020-07-29,0.0126742911681277,0.00322219967732657,0.00312929833079686,0.00138862005698703,0.00588681319523474,7.81958479070255e-05
"4846",2020-07-30,-0.00391845919939508,0.00120276316323913,-0.0116730125429386,0.0184708185754918,0.00764338005154521,7.78067158289097e-05
"4847",2020-07-31,-0.0177906505867255,-0.0123878199826719,-0.00862842722314003,0.0166201584191344,0.00246387876879429,7.78067158289097e-05
"4848",2020-08-03,-0.00249694949953879,0.00232524625394461,-0.0118480364026596,0.00568963541834253,-0.00391406716998641,7.70283376405612e-05
"4849",2020-08-04,-0.0157452694847396,-0.0113170729609292,-0.00412962923211991,0.00987012491901903,-0.00485158240298382,7.70283376405612e-05
"4850",2020-08-05,0.0138933527591237,0.0113590724827754,0.00750955367148251,-0.00131676923149889,0.0029433154562965,7.78067158289097e-05
"4851",2020-08-06,0.0139749071037958,-0.017728934640124,-0.0126908711227868,-0.0034919640422171,-0.0104774996894637,7.46922902850056e-05
"4852",2020-08-07,-0.0112944132814858,0.00326243872847153,-0.010133142038221,-0.00588764092950513,0.00858847644389226,7.46922902850056e-05
"4853",2020-08-10,0.00473696614808185,-0.011838576281843,0.0125922029342273,-0.00230788217225274,-0.00636979055374441,7.43028158656234e-05
"4854",2020-08-11,-0.0103624991787215,0.0116839886005327,-0.010225916027921,-0.0270372405213924,0.0187529381510461,7.43028158656234e-05
"4855",2020-08-12,-0.00227492795557377,-0.0182959803349179,-0.00386967376996437,0.0136206155178433,-0.019501596074907,7.43028158656234e-05
"4856",2020-08-13,-0.0136769000920672,0.00890299476020544,-0.00764543293925485,0.022073983507133,0.0110070794367494,7.46922902850056e-05
"4857",2020-08-14,0.00787917617093425,0.00212486314287658,0.00444315868919951,-0.00876232758460061,0.00040617843302119,7.46922902850056e-05
"4858",2020-08-17,-0.0194872764305772,-0.0103311942382554,-0.00271399324295059,0.0126972121996163,-0.0149348059510311,7.46922902850056e-05
"4859",2020-08-18,0.0238590538477084,0.0122877030480865,0.00798239486943563,0.00446176342947984,0.0109483316133236,7.43028158656234e-05
"4860",2020-08-19,-0.0113666242361443,-0.00440677427403065,-0.00351350904903201,0.00675635228848439,-0.00227397865044393,7.46922902850056e-05
"4861",2020-08-20,0.004960280096098,0.018511322302891,0.0123885329460188,-0.00752326020491001,0.0124506838105316,7.50817266366166e-05
"4862",2020-08-21,0.00233740927372823,0.0142416247628562,0.0020037896113423,-0.0120425276556499,0.0112641256127546,7.50817266366166e-05
"4863",2020-08-24,0.00648348064678038,-0.00124196304754933,0.00526559250453089,-0.00494384362828939,-0.00411985365543373,7.50817266366166e-05
"4864",2020-08-25,-0.000543224405390947,0.00335587548143035,-0.00318428759907328,0.00026531043019936,0.00904677862156106,7.50817266366166e-05
"4865",2020-08-26,-0.0144327040563362,0.00100514923718605,-0.00907914408656191,0.00756123446426074,-0.00386407368875502,7.5471124928006e-05
"4866",2020-08-27,0.000345031935170959,-0.00905328903164891,-0.0166186426456296,0.00259613284182824,-0.00349148737392663,7.5471124928006e-05
"4867",2020-08-28,0.0155359877968018,-0.0070650223990894,-0.0056058580004262,0.00318032874474462,-0.00434647439576599,7.50817266366166e-05
"4868",2020-08-31,-0.0262710594116489,0.0101418102295282,-0.00368958776296647,0.00379274195732137,0.00931867103115941,7.50817266366166e-05
"4869",2020-09-01,0.026999390350478,-0.00551128708727923,0.006208312722462,-0.00271852847488147,-0.0104472530946411,7.5471124928006e-05
"4870",2020-09-02,-0.00109914485019344,0.0171867886498491,-0.00894728968605664,-0.0114061486242212,0.0171336465049743,7.50817266366166e-05
"4871",2020-09-03,-0.0118141664235569,-0.0107007551014775,-0.00226451287922065,-0.0133566093646991,-0.00406654705053786,7.50817266366166e-05
"4872",2020-09-04,0.0038657692654381,0.00911293300895013,0.00937940182564332,-0.00607069355701645,0.00401455415935667,7.50817266366166e-05
"4873",2020-09-08,-0.0100261658150649,0.00161003845886454,0.000415879679494567,-0.00769628916306315,0.00650898367021793,7.50817266366166e-05
"4874",2020-09-09,0.0116304207476111,-0.0211873702719487,-0.00421302224705757,0.0170418240078967,-0.019170854913803,7.50817266366166e-05
"4875",2020-09-10,-0.0238661432855494,0.00660714461583706,-0.00421482478639732,-0.00435827909662859,0.00478667927064286,7.50817266366166e-05
"4876",2020-09-11,-0.00826263344835155,-0.0105503194620352,0.00572417868566601,0.0091485501020519,-0.00582992555600311,7.5471124928006e-05
"4877",2020-09-14,0.0199378175603103,0.0127307800218521,0.000872663723274922,-0.00565030395803762,0.0145935988332384,7.50817266366166e-05
"4878",2020-09-15,0.001159429432092,-0.0157789884198602,-0.000545264857380211,0.0116318435025014,-0.00815168197362872,7.50817266366166e-05
"4879",2020-09-16,-0.00716951566704884,0.00387240831896776,0.00177842231978953,-0.0110664213819158,0.00716447914928753,7.50817266366166e-05
"4880",2020-09-17,0.00461051108412675,-0.0135266097214189,0.000555808720520277,0.00181864700370397,-0.0105220321435937,7.5471124928006e-05
"4881",2020-09-18,-0.0176110867187765,-0.00740803431494464,-0.00550612689782867,0.007254158192275,-0.00132918767369426,7.5471124928006e-05
"4882",2020-09-21,-0.0116030229186272,-0.0120171751712077,-0.00709584064759818,0.010380157106141,-0.0147272596600545,7.5471124928006e-05
"4883",2020-09-22,0.00329385215196294,0.00319928580041026,-8.83083455848104e-05,-0.00279407484894958,0.0054335389866767,7.5471124928006e-05
"4884",2020-09-23,-0.0172697054300037,-0.0128762462977532,-0.00554909598478359,-0.000139126297508538,-0.0102030737779251,7.5471124928006e-05
"4885",2020-09-24,0.0128388745521352,-0.00443794253156472,-0.00252053662028031,-0.00080636401306018,-0.00617110811225959,7.5471124928006e-05
"4886",2020-09-25,-0.000278302963708562,0.0182577284295556,0.00381642309189504,0.008756179233574,0.00160828196778977,7.5471124928006e-05
"4887",2020-09-28,-0.023162599029944,0.000623722398741072,0.0116403021014072,-0.00811640580858769,0.00595875224560926,7.58604851667233e-05
"4888",2020-09-29,-0.00979362866803212,-0.00712046855217781,-0.00843732982974024,0.0114058439729123,-0.0108717375264788,7.5471124928006e-05
"4889",2020-09-30,0.0107167786947302,0.00531313894332771,0.00723888186868061,0.00134113515136944,0.0084272135613374,7.50817266366166e-05
"4890",2020-10-01,0.0103245424013991,0.0249246665828724,0.011120092637623,-0.00750026277536517,0.0193756378877877,7.50817266366166e-05
"4891",2020-10-02,-0.0137631636858844,0.0045059272478147,0.00536991392218019,-0.00732328868295127,0.00387704323734558,7.5471124928006e-05
"4892",2020-10-05,0.0199520143796267,-0.0209226035361319,-0.000568690698085839,0.00945528191434315,-0.0132492029215042,7.5471124928006e-05
"4893",2020-10-06,-0.00137010112211128,0.00532805095483497,0.000660173045621142,-0.00703389123256815,0.00983602325484164,7.50817266366166e-05
"4894",2020-10-07,0.000480396998083705,0.0128081160658206,0.0113778257111332,0.00806794612521147,0.00896828091266318,7.50817266366166e-05
"4895",2020-10-08,0.0228386143462025,-0.00194669531498412,-0.000536112420968727,-0.00890960043955125,-0.0110064783741262,7.5471124928006e-05
"4896",2020-10-09,-0.00148330502865319,0.00907003479437668,0.0118367537629964,0.00964885333294727,0.0163851947184173,7.50817266366166e-05
"4897",2020-10-13,0.0108786197525803,0.0173239311643392,-0.0183214844804181,0.00344846500657474,-0.00873436357524744,7.5471124928006e-05
"4898",2020-10-14,0.00719068092694333,-0.0104308527752452,-0.00749696487551436,0.00346445361380434,-0.00199373771524627,7.5471124928006e-05
"4899",2020-10-15,-0.00220453918872223,-0.000174589156208435,0.00759821359694241,-0.00108390232587606,0.00538253105291581,7.5471124928006e-05
"4900",2020-10-16,-0.00593583356717857,0.0111123768402443,-0.000686774546335698,0.0047641919081218,0.00221293692951234,7.5471124928006e-05
"4901",2020-10-19,0.00140090459387061,-0.0100797568147522,-0.00270034582978224,-0.0131551855042535,-0.00151923555714297,7.50817266366166e-05
"4902",2020-10-20,0.0181619568055224,-0.00067282651468268,0.0016351798605386,-0.00053355248607133,-0.00148154976546712,7.5471124928006e-05
"4903",2020-10-21,-0.00100089868457153,-0.00468559354726454,0.00845693827671761,-0.00333482895116829,0.0016197880974911,7.5471124928006e-05
"4904",2020-10-22,0.01424398037252,-0.0152580311519642,-0.009275870389456,-0.00171120509579744,-0.0117853442625358,7.50817266366166e-05
"4905",2020-10-23,-0.00433800885424011,0.00926244911877077,0.00546478053972796,-0.00716481453661279,0.0132662083567231,7.58604851667233e-05
"4906",2020-10-26,-0.00108443097613932,-0.00377177194351843,-0.00216033062152093,0.00374452626675275,-0.00925631531668259,7.5471124928006e-05
"4907",2020-10-27,-0.0124502469287753,0.00200680232364885,-0.00237099251427018,0.00460134371214744,0.00395856704630411,7.5471124928006e-05
"4908",2020-10-28,-0.0411264647896734,-0.0244374725979046,-0.0157686796590892,0.0141729781302793,-0.0175073024372946,7.5471124928006e-05
"4909",2020-10-29,0.00809323958984046,0.00989248451136377,0.0112922700952331,0.00538474022341409,0.00357985110198574,7.46922902850056e-05
"4910",2020-10-30,-0.0288425555700233,-0.00780481331884735,-0.00426876369401124,-0.00238658887552117,-0.00688300174133953,7.50817266366166e-05
"4911",2020-11-03,0.0223355735919314,-0.00274355626344238,0.0134944949772779,0.0137171547962204,-0.00569685875187828,7.58604851667233e-05
"4912",2020-11-04,0.0204996330348306,0.00855169290509016,-0.0108939244223631,-0.000913548972233669,0.0101771471143922,7.5471124928006e-05
"4913",2020-11-05,0.0289561090533801,-0.00646158147865194,-0.0143161809512424,-0.00271509471131816,-0.00811258343237797,7.50817266366166e-05
"4914",2020-11-06,0.0014881782217136,0.0292328363434303,0.0100461120313949,-0.0101304686599333,0.0170799180434011,7.50817266366166e-05
"4915",2020-11-09,0.0229397358413154,-0.0273352842724811,0.00897080533782665,-0.0534381528011686,-0.0145243890825557,7.5471124928006e-05
"4916",2020-11-10,0.0125874676717434,-0.00395388284710116,-0.00758350726240152,-0.0280805890111564,-0.00691125662347362,7.5471124928006e-05
"4917",2020-11-11,-0.00439986602041882,0.00213133682842787,-0.000318811491223873,0.0115527902192527,-0.0011114973148039,7.5471124928006e-05
"4918",2020-11-12,-0.0200708474657253,-0.00517372006172944,-0.00511937991602608,0.0197431389907313,-0.00532859525983397,7.5471124928006e-05
"4919",2020-11-13,0.0221441117423761,0.00515626631420877,0.00655041199098016,-0.000464832147636481,0.0130926014740638,7.5471124928006e-05
"4920",2020-11-16,0.0140563785739867,-0.00839484733742398,0.00967190807218041,-0.0167599124493459,-0.000134442473050181,7.5471124928006e-05
"4921",2020-11-17,0.00715279258693498,0.00237587955225171,0.00444897810409401,-0.0124220032943961,-0.00267648106676087,7.5471124928006e-05
"4922",2020-11-18,-0.0111607055159547,0.00249971626670569,7.33789079731852e-05,0.00290119371066288,0.00703432153085542,7.5471124928006e-05
"4923",2020-11-19,0.00354770697444941,0.00608868257837457,-0.00301107188664064,0.00827891801355942,0.00337554409672487,7.5471124928006e-05
"4924",2020-11-20,-0.00619281798775045,0.00911932453322243,0.00168537390673145,0.0014247603883059,0.00896276185460114,7.58604851667233e-05
"4925",2020-11-23,0.0113509397650354,-0.00026794701139171,0.00657019303209746,-0.00223989914614843,-0.00413453043937609,7.5471124928006e-05
"4926",2020-11-24,0.0186565543811966,-0.00663055700681717,0.0144194841727852,-0.014739218097086,0.00329888233916887,7.58604851667233e-05
"4927",2020-11-25,0.00316055498407197,0.0341820839012279,0.00981356559611486,0.00962815862400938,0.0198040191828137,7.5471124928006e-05
"4928",2020-11-26,0.00101394620280201,-0.00547603741112113,0.00998416119497396,0.0121223334548918,-0.00107319369957766,7.62498073600959e-05
"4929",2020-11-27,0.00289634106427066,-0.00504472669024703,-0.00120015721939432,0.00574314809260336,-0.000862091977276846,7.5471124928006e-05
"4930",2020-11-30,-0.0167147030595608,-0.00559689905244138,-0.00714199980543882,-0.00301620906121047,-0.000364022409864148,7.5471124928006e-05
"4931",2020-12-01,0.0209618378594837,0.000851188219137541,0.0100014900829724,-0.0154635382558389,-0.00225178457908456,7.50817266366166e-05
"4932",2020-12-02,0.00415411325493537,0.0086135520499848,0.00802677495372107,-0.0125577380970497,0.00835682378017941,7.50817266366166e-05
"4933",2020-12-03,0.00308024210869625,0.00697181160215191,-0.00922323177156316,-0.0174301575918306,0.00579603487648685,7.5471124928006e-05
"4934",2020-12-04,0.0115994492344515,-0.00566875071171698,0.00582747860076881,0.0109601078424091,-0.00564273285752836,7.50817266366166e-05
"4935",2020-12-07,-0.000548543748881684,-0.00410308388663037,0.00198366884638662,0.00181989914997114,-0.000440497476308923,7.5471124928006e-05
"4936",2020-12-08,0.00227346677959379,0.00811080060368503,-0.00527453286232608,-0.00116551628460369,-0.00275458227293908,7.5471124928006e-05
"4937",2020-12-09,-0.00597420417228901,0.00296357175124113,0.00823095998045156,-0.00164067670491132,0.00171154403835898,7.5471124928006e-05
"4938",2020-12-10,0.0168955546698474,-0.00936003402241649,-0.00056314199970034,-0.00569927737301396,-0.010093050145557,7.5471124928006e-05
"4939",2020-12-11,-0.000150094828836428,-0.000606375620205561,0.00784269551147365,0.00106101182589253,0.00845561295597133,7.5471124928006e-05
"4940",2020-12-14,-0.00419800838357548,-0.00177891817278962,-0.00505838930758179,0.00223842967901734,0.00280961197688501,7.5471124928006e-05
"4941",2020-12-15,0.013806290096628,-0.00432704550107528,-0.00309525877398439,0.00369092674261712,-0.00167528514212739,7.5471124928006e-05
"4942",2020-12-16,0.0133059491788097,-0.00524822192910846,-0.0115185774447824,0.00450152565379965,-0.00486093172066906,7.5471124928006e-05
"4943",2020-12-17,0.00415113310054967,-0.000826795378855674,-0.00951073203022425,0.0142377306382438,-0.0109615557912386,7.5471124928006e-05
"4944",2020-12-18,-0.00266256962133429,-0.00516277295115195,0.00826471169864857,0.00436874191741885,-0.00121797987023185,7.50817266366166e-05
"4945",2020-12-21,-0.0177800836314777,-0.000660206626980291,-0.00033955111393193,0.0103907522935942,0.00121690499182779,7.5471124928006e-05
"4946",2020-12-22,0.0054507112369181,-0.027017336876043,-0.0162135935633636,0.0139334601472366,-0.0186850469928347,7.5471124928006e-05
"4947",2020-12-23,0.00946450800015296,-0.00813506283799601,0.00810871925365762,-0.00436565825628784,-0.000446422134175274,7.5471124928006e-05
"4948",2020-12-28,0.0114881183215934,-0.00623608214896829,-0.00484252117178639,-0.00120268948847445,-0.00714080583746945,7.5471124928006e-05
"4949",2020-12-29,0.00285572734317234,0.00321067260527541,0.0010964737628647,-0.000323602836401843,0.00701545287731423,7.50817266366166e-05
"4950",2020-12-30,-0.00361211745381416,0.00833311702091338,0.00455377983646319,0.00849090185458095,0.00545575308019529,7.5471124928006e-05
"4951",2021-01-04,-0.00175131411395489,-0.00152844174778777,0.0117079415255119,0.0162104178197705,0.00178816312926921,7.5471124928006e-05
"4952",2021-01-05,0.0034141259894539,-0.00880613315528203,0.00326042051761255,0.00635598998834225,-0.00710404283639338,7.5471124928006e-05
"4953",2021-01-06,-0.00078186538446684,-0.00268490478831906,0.0279220965841156,0.00430402450917875,-0.00153906347229951,7.50817266366166e-05
"4954",2021-01-07,0.0235291804243309,-0.0246320122046239,-0.00455059568586754,0.0132152488235738,-0.018683931670597,7.5471124928006e-05
"4955",2021-01-08,0.0229402301490881,-0.00193609356279645,-0.0178550041881053,0.012451294755827,0.00237047708362126,7.5471124928006e-05
"4956",2021-01-11,-0.0141662069208794,0.00502370850380821,-0.00130595130780749,0.0160076004026219,0.00970438855663103,7.5471124928006e-05
"4957",2021-01-12,0.00871756300749838,0.00861912493607431,-0.00602835669872728,-0.00850123771726339,0.00623417430903967,7.5471124928006e-05
"4958",2021-01-13,-0.0150751483798951,0.00321269081805927,-0.00417041419700034,0.0034534508678436,0.00483257313704796,7.5471124928006e-05
"4959",2021-01-14,0.014110248221362,-0.000886333820553909,0.00610169237226003,-0.0108164333351725,0.00196216915547264,7.5471124928006e-05
"4960",2021-01-15,-0.0239210659408765,0.00160029567765764,-0.0149552205184807,0.00457047890787573,0.00375088963813001,7.50817266366166e-05
"4961",2021-01-18,0.00805985549163944,-0.00257105148688515,-0.00537575398208081,0.0170740579268908,-0.00277181318889121,7.50817266366166e-05
"4962",2021-01-19,-0.00616735251156583,-0.00675553549806584,-0.0144443672750298,0.00283819695708655,0.00179543460922259,7.5471124928006e-05
"4963",2021-01-20,-0.00759775679906561,0.00319084752934894,-0.00982374564219245,0.00406709876182437,0.00143696753733914,7.5471124928006e-05
"4964",2021-01-21,-0.0118038915720581,-0.00432774131108498,0.00042198565230645,0.0128041011522998,-0.00388074202804807,7.50817266366166e-05
"4965",2021-01-22,-0.00963275726369065,0.000158444891586952,0.00326122625033501,0.00633306258681887,-0.00264676319291849,7.50817266366166e-05
"4966",2021-01-26,-0.00884185379455732,-0.00136985096635429,-0.0179664158342922,-0.0021306531548688,0.004468022804958,7.5471124928006e-05
"4967",2021-01-27,-0.00575408201926994,-0.00120159056419265,0.00128060600178395,-0.0204968402282373,0.000823682347249437,7.5471124928006e-05
"4968",2021-01-28,0.0233594345934683,0.00717365871896142,0.00335834625478505,-0.0153754512612061,-0.00329386543279866,7.46922902850056e-05
"4969",2021-01-29,-0.0301886689789973,0.011255981820461,0.0018873110875717,0.00169795780970119,0.0120824074529376,7.46922902850056e-05
"4970",2021-02-01,0.0214626714806772,0.00332463432834578,0.0140701871524867,0.0121382492400266,0.00957889116211204,7.5471124928006e-05
"4971",2021-02-02,0.00649353871371496,0.0136450441739252,-0.0145963692008961,-0.00889867541878247,0.00885547530580653,7.58604851667233e-05
"4972",2021-02-03,0.0125515147384555,-0.00199658470363415,0.0033159550731635,-0.0008454632320839,0.00455654118160497,7.58604851667233e-05
"4973",2021-02-04,-0.00355545205607957,-0.00703027459962045,-0.00429634744602016,0.00546172624910373,-0.000389315119911146,7.58604851667233e-05
"4974",2021-02-05,0.00619569802216634,0.00039190189493181,0.00155862074736035,0.0107632599415408,0.00201677192294194,7.62498073600959e-05
"4975",2021-02-08,-0.00414684316135017,-0.00213608085196739,-0.0038582878548217,0.00897035545335334,0.00165829352865291,7.66390915154513e-05
"4976",2021-02-09,-0.00113900200389265,-0.00598459827818886,0.00489024562226457,0.00607789073913491,-0.0068483669982323,7.66390915154513e-05
"4977",2021-02-10,-0.00892957092386639,-0.0139895048717856,-0.00222836181456713,0.0135798878289785,-0.0112331860941797,7.70283376405612e-05
"4978",2021-02-11,0.00753052236105486,-0.0054266179791676,-0.000972450331824738,0.00383683575836898,-0.00416434622827419,7.70283376405612e-05
"4979",2021-02-12,0.000606097824969766,0.00866791207197953,0.000638280003295838,-0.00133497674896731,0.00351231295429896,7.70283376405612e-05
"4980",2021-02-17,0.00619960613410969,-0.00389606528514155,0.0127282584479875,0.0100744296518217,-0.00350154381289182,7.81958479070255e-05
"4981",2021-02-18,-0.00922770398914374,-0.00145776718393561,0.00032424580876053,0.00804262043281135,0.00359577245556077,7.81958479070255e-05
"4982",2021-02-19,-0.00304721303484311,-0.00614419257014356,-0.00614214182393632,0.0138657262524946,-0.00160338837773238,7.85849419846496e-05
"4983",2021-02-22,-0.0437221863331631,-0.000236983275966586,-0.00461210123160324,0.00970364764709642,0.00811352469528331,8.05298426225232e-05
"4984",2021-02-23,0.0224213077532482,-0.00641802079398846,0.0138487231997023,-0.00353865938510155,-0.00523738325760943,8.01409384370011e-05
"4985",2021-02-24,0.00311014506075869,0.00500345992895671,0.0205510034962582,0.00465479339206822,0.00683883513065557,8.13075371330907e-05
"4986",2021-02-25,-0.0295480392775654,-0.00470265626928364,-0.00267359426588869,0.00152406712065533,0.000264178016130177,8.16963274727911e-05
"4987",2021-02-26,-0.0212682116552775,-0.0123906417025602,-0.00101505971369332,0.0154866093592538,-0.00660001762410578,8.3251109566973e-05
"4988",2021-03-01,-0.00204220635468721,-0.0142654094454968,-0.005070233393498,0.0305003788081894,-0.00333818406890309,8.44167981177701e-05
"4989",2021-03-02,0.0108287429944916,0.0111156231985117,0.0165575218535277,0.00177843483630361,0.00390128095710509,8.48052851942782e-05
"4990",2021-03-03,-0.0026028170923893,-0.0107271444555506,-0.00398778606355897,0.00535185779825625,-0.00605594726268052,8.63588548283278e-05
"4991",2021-03-04,0.0128563596600789,0.00311832325462909,0.00099957010299814,-0.0208723873706059,-0.00395852733854689,8.55821457308448e-05
"4992",2021-03-05,0.0213913364883008,0.0163038365734281,0.0190892541568487,-0.0136864774273414,0.00486818486046265,8.59705192057802e-05
"4993",2021-03-08,-0.0398165512295187,-0.00958415468518758,0.00612504283465122,0.00395386079386559,-0.0109816735561476,8.86880740775808e-05
"4994",2021-03-09,0.00543001769971873,-0.0126501699396613,-0.00316971308149839,0.0202825911096184,-0.0105062117451289,9.02401307985023e-05
"4995",2021-03-10,0.0116842843496827,0.0101134023859458,0.00852182359507447,-0.0217192025138368,0.00465510566776349,9.0628050532171e-05
"4996",2021-03-11,0.0175269935686047,0.0236955835237152,-0.00314195584805596,-0.035508475487085,0.0154171179779503,9.17915831801785e-05
"4997",2021-03-12,-0.00633772323566414,0.0107178631511407,0.00395431067216997,-0.0134655384014494,0.0101712535576057,9.29547761527871e-05
"4998",2021-03-15,0.00805123168459356,0.0037167319987474,0.00728719951493839,0.00860417259240583,0.00341351235904147,9.60549649542397e-05
"4999",2021-03-16,-0.00623131413994509,-0.00978538211278959,0.000325046307163143,0.0190028119121711,-0.00268977926605631,9.64423190032981e-05
"5000",2021-03-17,0.0218118649170585,0.00442870399961429,-0.00204653389615683,-0.00500337651924855,0.00416757709039672,9.68296353989206e-05
"5001",2021-03-18,-0.015342318740952,-0.00274418222202526,-0.00184681745590822,-0.00254930355253624,-0.0041559356156012,0.000104181502484257
"5002",2021-03-19,0.00942378872892487,0.00886696798828822,0.0025805591123334,-0.0213599976882947,0.0055866695988715,0.000104181502484257
"5003",2021-03-22,-0.00788822496962815,0.00227026374372423,-0.010424463499288,0.00295752105400552,0.00935636452611831,0.000104181502484257
"5004",2021-03-23,-0.0143523055838657,7.96031505114567e-05,-0.00802403585608405,-0.00456929823605112,0.00224701739972898,0.000104181502484257
"5005",2021-03-24,-0.0103672358595255,-0.00836696319988478,0.00236127196623956,-0.00311058917745437,-0.00513577274249747,0.000104181502484257
"5006",2021-03-25,0.013199907431086,0.00368154670426895,0.00310084893414373,-0.0030615898386356,-0.000131535281875369,0.000104181502484257
"5007",2021-03-26,0.00873699698436625,-0.0101350965299501,0.00645984111754583,0.0149818793710436,-0.0085796571833068,0.000104181502484257
"5008",2021-03-29,0.00317144717202484,-0.00124463529189305,0.00511527032437889,0.000703630028890188,-0.00586540617682796,0.000104181502484257
"5009",2021-03-30,0.0126035902436679,0.0209284874453196,0.00346606612514405,-0.0202002714650202,0.010738413531514,0.000104181502484257
"5010",2021-03-31,-0.00275781194244752,-0.00373145607328761,-0.00183455554997862,0.00541413548415478,-0.00221505539995756,0.000104181502484257
"5011",2021-04-01,-0.0101793118411214,0.00224321217427893,-0.00715340827468336,0.00726217655785901,0.00530116302643024,0.000104181502484257
"5012",2021-04-05,0.0167386919410718,0.00886855297179518,0.000469590547056881,-0.00392345466723395,0.00145242468233117,0.00010688666927483
"5013",2021-04-06,0.0024141484524275,0.00604716512899129,-0.00113926037604254,0.0156157449025094,0.0149313606073812,0.000108045464481288
"5014",2021-04-07,0.000604295178392103,-0.0114585514903997,-0.0030367038722071,0.00727520185576183,-0.00554122292350223,0.000109590000707982
"5015",2021-04-08,0.00612311598294597,-0.00291503021637361,0.00134127363490018,0.0105662752137841,-0.00267612857582692,0.000110362044360102
"5016",2021-04-09,-0.00446006393407876,0.0169884863830173,0.00585735635002033,0.00609242949592041,0.0125685759791157,0.000111133938448749
"5017",2021-04-12,0.0096993952435002,0.00328503609054441,-0.00280787629028728,0.00499063964325206,0.00224693143279736,0.000113063019711479
"5018",2021-04-13,0.0033577566557674,-0.00634817063607615,-0.00372871459536122,-0.00291600657627114,-0.0114574184653944,0.000114991167471601
"5019",2021-04-14,0.00786829608816803,0.00919365823011114,0.000288343926093443,0.0110096220199832,0.00386402065404255,0.00011576216539777
"5020",2021-04-15,0.00407051913059457,0.0307783056540725,-4.41539674989368e-05,-0.00124879098659739,0.0105517660118191,0.000116918382634168
"5021",2021-04-16,0.0040428358092494,0.00394981039880238,0.00298129533766497,-0.0020167459557109,0.00614551316740675,0.000117303713834449
"5022",2021-04-19,-0.00134909264603528,0.0146258670564806,0.00709178718012806,0.00701315163799558,0.0110267760935947,0.00011884466610268
"5023",2021-04-20,-0.00578905192864541,-0.00606395174950475,0.00326214905375921,-0.000764041124605245,-0.00729895208116453,0.000119999989345754
"5024",2021-04-22,-0.00528509990832176,0.00542574038390211,0.00244272130635464,0.00500867183310993,0.00321694445921852,0.000121154977698712
"5025",2021-04-23,0.0108691564282665,-0.00301934676105269,-0.00704047398347353,0.00674305991254598,-0.00464649192427914,0.000122309631355622
"5026",2021-04-26,-0.000650053159532588,0.0254609559863718,0.0221830646047577,0.00602000373077432,0.00979572850214579,0.000123848649262293
"5027",2021-04-27,-0.00894720253634585,-0.00091706518189469,-0.000186630309134111,0.00589867038371052,0.0066004309460956,0.000124617935358451
"5028",2021-04-28,0.0122169820861426,-0.0109125847887523,-0.000330745684696534,0.000192151043461293,-0.0134319694886013,0.000125771586092727
"5029",2021-04-29,-0.00565238690264404,0.0181749743714412,-0.00175914952734103,0.00207202516540651,0.0124612714372708,0.000126540501059313
"5030",2021-04-30,-0.00964142636984906,-0.00424746470981913,-0.00272056951672268,0.00454988838964818,0.00381096568056642,0.000127693595368239
"5031",2021-05-03,0.000915177940070188,0.00235098483690632,-0.00210571328987842,-0.0196220844516908,0.00219130520789542,0.000131150877485497
"5032",2021-05-04,-0.011552702544894,0.00686083219207151,-0.00967569145992389,0.00319979134312625,0.00450025865711393,0.000131150877485497
"5033",2021-05-05,0.015009215486505,-0.00847454384908185,-0.0035666806008927,0.00119592558560985,-0.00401871521050255,0.000133070294370929
"5034",2021-05-06,0.00458508021291079,-0.00507081812567523,0.0088407885889834,0.0067534567347023,-0.0050155040732919,0.000134988787100054
"5035",2021-05-07,0.0146291465133955,0.00856024697694367,-0.00597298370422368,-0.0141753971729599,0.000438811607138621,0.000134988787100054
"5036",2021-05-10,-0.00195339687848547,-0.00350195035960627,0.00457401010946381,-0.00821225183892032,-0.000845933830260137,0.000136139439513405
"5037",2021-05-11,0.00924552624331516,-0.00271341270074918,0.000631598887522133,0.00332875513005448,-0.00388222002488219,0.000136522916489801
"5038",2021-05-12,-0.0268688430140958,0.00408297810417963,0.00468448052627159,0.00501425486733987,0.00506522990738218,0.000137289759743586
"5039",2021-05-13,0.00808154870569843,-0.0135573404924949,-0.00658467142510878,-0.00659840176780423,-0.000916186440882186,0.000137673126035187
"5040",2021-05-14,0.00876319860798953,0.0157125097345739,0.00162475950952461,-0.0146329540548132,0.0126290075773985,0.000138439747982888
"5041",2021-05-17,0.0088912894421452,0.0245098246575084,0.00554057381536285,0.0039692656978259,0.0182506154475954,0.000139589404423157
"5042",2021-05-18,0.00185238175545545,0.00027781752911093,0.0139191480604606,0.0143478765538613,0.00589217486607963,0.000140355657811897
"5043",2021-05-19,-0.0024973171686669,1.30319227207692e-05,-0.000980767040768364,-0.00733467551808197,-0.000225052455837591,0.000141121763876484
"5044",2021-05-20,0.00119532862776758,0.00296335349916655,-0.00403376445660228,-0.00891486120750764,0.00632918067153264,0.000141887722673539
"5045",2021-05-21,-0.00243728530955795,-0.0141743193042596,-0.00263772002214023,0.00480477661438885,-0.0100904632779308,0.000141504761679956
"5046",2021-05-24,0.0115945038647427,-0.0217340230999612,-0.0138339640218478,0.0138050597139444,-0.013268497421133,0.000143036384866901
"5047",2021-05-25,-0.00736835049293255,-0.00641718662674711,0.00146801520672066,-0.0119994422564102,-0.00283936584309056,0.000143801975743596
"5048",2021-05-26,0.00655861264391416,0.00853151701070843,0.00812674867773191,0.00866134256991462,0.00864663064013266,0.000144184716027285
"5049",2021-05-27,0.00306307417837681,0.0178711185953537,0.00196332878742172,-0.0152651804376448,0.0137296036232721,0.000144567419551045
"5050",2021-05-28,0.00988681840524399,0.00500832686112989,-0.00716227464506482,0.00057061673092867,0.00109229173611464,0.000145332716346092
"5051",2021-05-31,0.0052666583288583,0.00423402030441291,-0.00515238070521687,0.00515059572755303,0.00648934823168972,0.000146097866185357
"5052",2021-06-01,0.0166638372270334,0.00177659935091948,0.00231028288092972,-0.00591215781556273,-0.00859537212987186,0.000146480386014058
"5053",2021-06-02,0.0112419867543444,0.0054660094559773,0.000534444639130697,-0.00809390542089656,0.0042782945755054,0.000148010098222295
"5054",2021-06-04,0.00464056711105093,0.0179383600165527,0.0128232667907768,-0.00070020152714198,0.0135788548935258,0.000149156997113487
"5055",2021-06-07,0.0043296483602274,-0.00487843876813778,-0.0119689362414513,-0.0136885167138413,-0.0098756152039497,0.000151067761991808
"5056",2021-06-08,-0.00761980412751554,0.00976918787794636,-0.00575587527907412,-0.0101534085386545,0.00858467624264043,0.000152595714455472
"5057",2021-06-09,0.00125984892374146,-0.00336884533051869,0.00236443018486341,0.0138013857271289,3.48898381677398e-06,0.000154123081238744
"5058",2021-06-10,0.00229031025787004,-0.00713751525507982,0.00274513514902569,-0.00157957955310086,-0.00158770677868039,0.000156413034246627
"5059",2021-06-11,-0.00566582394363932,-0.00325691254960897,0.00253638316916152,0.00884012827417155,-0.00895428487386334,0.000157557517435736
"5060",2021-06-14,0.00692741040129967,0.00936104954103293,0.00366504143815437,-0.0102514412196125,0.00628230992276698,0.00015946425923552
"5061",2021-06-15,-0.0023098024022015,-0.00237599937330848,-0.00479010530745567,0.005231741802713,-0.00226685141968299,0.000160607866513951
"5062",2021-06-16,-0.0057456683785003,0.00674680541602168,-0.00792192348657607,-0.00029582872229791,0.00911366000853118,0.00016175114567174
"5063",2021-06-17,-0.0101755118669625,-0.0114683512956067,-0.0136395675323211,-0.0110947576188056,-0.00476096667907994,0.000161370089065249
"5064",2021-06-18,0.00292638950133262,0.0165967780415289,0.00765793779344253,0.00279105414369505,0.0139145286159941,0.000161370089065249
"5065",2021-06-21,0.00581556446494642,0.00625878729872557,0.00169324231385666,0.00304378965848572,0.00385587372185505,0.000161370089065249
"5066",2021-06-22,-0.00479836056760845,-0.000135609617625161,-0.00709944485184509,0.00244012351596088,0.00152537704013412,0.000161370089065249
"5067",2021-06-23,-0.0029824350218107,0.0218314709424354,0.00774940746835175,0.00385382099886948,0.0153838475067191,0.000161370089065249
"5068",2021-06-24,0.00717876582659519,0.000629264999153924,-0.000216622235660201,-0.00229081676007909,-0.00263225930988497,0.000161370089065249
"5069",2021-06-25,-0.018760816428552,-0.00134701445433601,0.00434372047580547,0.00428867691164132,0.00405478586998451,0.000161370089065249
"5070",2021-06-28,0.0021711694737702,0.0048147869269142,-0.014294720729784,0.00206507288894579,0.00513392889564515,0.000161370089065249
"5071",2021-06-29,-0.00111231081668484,-0.00340963120939011,-0.000870648722961369,0.0117800047168069,-0.000842035991099471,0.000161370089065249
"5072",2021-06-30,-0.00492365486712301,0.0112145596037329,-0.000797688500630754,0.00557960046340849,0.0112473784740401,0.000161370089065249
"5073",2021-07-01,-0.00814403824648613,-0.00465962432160676,0.000583227808097218,0.00657039602943325,-0.00524445606599408,0.000161370089065249
"5074",2021-07-02,0.0155325965579724,0.00320893427877211,-0.00207904469666854,0.011144617886176,0.00046764611603433,0.00016175114567174
"5075",2021-07-05,-0.00429297792727797,0.0104516645317537,0.000301973513254281,0.0056413377737799,0.00435196632687459,0.000164417522076077
"5076",2021-07-06,-0.0140406393007397,-0.00973012721084729,-0.00429386016839182,0.00459320565812961,-0.00801200244203009,0.000165559708860785
"5077",2021-07-07,0.0136420548574537,-0.00301468799756441,-0.0142623433988071,-0.000473985988460494,-0.00441601320024068,0.000167082115466233
"5078",2021-07-08,-0.0125979687369102,-0.00211971917275471,-1.20938546840921e-06,0.00301614748410143,0.00045480412232742,0.000167082115466233
"5079",2021-07-12,0.0170721808735063,-0.00340821693060423,0.00677410134055519,-0.00452412125473973,-0.00274374749082857,0.000171265736976345
"5080",2021-07-13,0.00322599797409169,0.00125008457557255,-0.00460316258202502,-0.0025432562085844,-0.000394521889569242,0.000172785965515621
"5081",2021-07-14,0.00269458218200042,-0.00128636124807906,-0.00548526606277118,0.00207349177230408,-0.000543405887054026,0.000173545862346414
"5082",2021-07-15,-0.00630381156381927,0.00266229870617673,-0.00639738773335671,0.00848606715133611,0.000102699643244561,0.000174685435949451
"5083",2021-07-16,-0.0105269954077872,-0.000763260589759619,-0.0068292654081382,-0.00374072342574349,-0.000938340277801201,0.000175065221406756
"5084",2021-07-19,-0.0134638157629929,-0.00319080253474074,0.00013336585772592,0.000692721797110751,0.00229365737079414,0.000176963605925673
"5085",2021-07-20,0.00755282886101258,0.00691617977111449,0.0083706901158401,0.00594664698187926,0.00154930081487754,0.000178102202671893
"5086",2021-07-21,0.00296168204442341,-0.0022120198979015,0.00234470196205403,0.00709127036942865,-0.00332119786787839,0.000178861086465476
"5087",2021-07-22,0.00135661430192589,0.00299026446972744,-0.00620264957837443,0.0027753669527497,0.00331690957152595,0.000181136871074905
"5088",2021-07-23,-0.00875454336526363,-0.00629099120921829,-0.00203441420133442,0.00152299439231945,-0.00232187859015304,0.00018416923014275
"5089",2021-07-26,0.00624888016315228,-0.0116025611564107,0.0022642294069491,0.0114968786474117,-0.012855955829242,0.000186441986059771
"5090",2021-07-27,-0.0108867413728603,-0.00516954311468137,0.00552126389737836,0.00079258067806182,-0.000846512238437571,0.000188713446437117
"5091",2021-07-28,0.0149528777547892,0.000136159402148594,0.00548986075344936,-0.00320565762410275,-0.00271522298520066,0.000190227034341461
"5092",2021-07-29,-0.00509294076515352,-0.00333113273442845,0.00219444575271949,0.0110379971095283,0.000290689197903555,0.00019136184809887
"5093",2021-07-30,-0.0295232299022645,0.00189054350181458,0.00241611223175935,-0.0013477555667863,0.00447562223801472,0.000194008490744579
"5094",2021-08-02,0.00736278254747049,0.00286342477288424,-0.00501580395038756,0.00902456351654914,0.00522381659342288,0.000194764351600485
"5095",2021-08-03,0.00803994056413578,-0.008106789815527,-0.00131861196281558,0.00733054228805545,-0.0076788306505194,0.000197786362093
"5096",2021-08-04,-0.0131472966814921,-0.00506099363548428,0.00415483496527973,0.00012428869682834,0.000474525444639899,0.000199673955498803
"5097",2021-08-05,-0.00436655869436194,-0.00349781177103674,-0.00499475971893662,0.00716222469504303,-0.00300726220004965,0.000200806082505833
"5098",2021-08-06,0.0105469490516686,-0.00421738958092664,0.0039021177117032,-0.00507335763132962,-0.00656767544621786,0.000200806082505833
"5099",2021-08-09,0.00092766828345872,0.00358480118396496,-0.00417244741083792,0.00589467525201692,0.00530134475169721,0.000201560655191502
"5100",2021-08-10,-0.00733107131518401,-0.00086711823043871,0.00316877778556424,0.0133357812475447,1.42657642992596e-05,0.000202315085018778
"5101",2021-08-11,-0.000261899052697257,0.000560777111463221,0.00735763270364971,0.00289726611171371,-0.00148988692048784,0.000202315085018778
"5102",2021-08-12,-0.00960174076871245,0.00209966818657159,0.00203738418070378,0.00284409386567508,0.00135380957702822,0.000202692246377367
"5103",2021-08-13,0.00181770080121656,-0.00990527115053409,0.00482690665667118,0.00508983505932662,-0.00647416868280982,0.00020344646201842
"5104",2021-08-16,-0.0165985415979461,-0.0251478043503273,-0.00141115727831478,-0.00642878931547327,-0.0174790052664894,0.000204577517891158
"5105",2021-08-17,-0.011247610785041,-0.00643802398342693,-0.00583815803974516,0.000390572441229871,-0.00413861987943292,0.000205331376825768
"5106",2021-08-18,-0.00878875057600299,0.0229119391562003,0.0119382014554085,-0.00616975059886936,0.0200093952325347,0.000205708252819292
"5107",2021-08-19,0.0051978709486345,-0.00232881284615148,-0.014307866329787,-0.00476267032294623,0.00450915064844448,0.000206461897892529
"5108",2021-08-20,0.0079401702318597,0.00311985831101981,0.00502045126015019,-0.00670206322105032,0.00600822796658579,0.000206461897892529
"5109",2021-08-23,-0.00427074013704895,0.00572458489326636,0.0125898840565605,0.011525937326618,0.00534791563975603,0.000207215400458871
"5110",2021-08-24,0.0221647553498967,0.0121948300365763,0.00746486861174826,-0.0062048784621977,0.00746226886885764,0.000207968760572497
"5111",2021-08-25,0.00372823342477092,0.00393559028792051,-0.000814831286240733,0.00178509331700773,0.000853736539139589,0.000208345387226361
"5112",2021-08-26,-0.0166342889547803,-0.00623098727221478,-0.00306600099328873,-0.00383475576867948,-0.00216018278449994,0.00020909853376172
"5113",2021-08-27,0.0149478334852196,0.0081192693779646,0.00118399519060172,0.00972037002421512,0.00421314978236746,0.00020909853376172
"5114",2021-08-30,-0.0061487934213667,-0.00216024530997027,-0.00284343612851852,0.00744418599923189,0.00022170247258485,0.000209475053656982
"5115",2021-08-31,-0.00930039290949109,-0.00909353843138814,0.00537895589348546,-0.00489165171543218,-0.00654204392552282,0.000210227986735534
"5116",2021-09-01,0.00472847758434359,-0.0199333530659144,-0.00739321103316586,-0.000958776135168981,-0.0144950947036848,0.00021060439993259
"5117",2021-09-02,-0.0233539544746106,-0.010228325933293,-0.00224541085158988,0.0025792981838398,-0.00167923800213387,0.000212109697262486
"5118",2021-09-03,0.000479891017221368,-0.00566628646609172,-0.00674855136523986,-0.00296586785365693,-0.00977481312166956,0.000213238297216867
"5119",2021-09-06,0.00817729988397881,0.00525974482448107,0.00034790982508668,-0.0130282462743391,0.00208938873017079,0.000217373764503481
"5120",2021-09-08,-0.0385742938355754,-0.0235186464027876,-0.0118353078341503,0.00445813415068409,-0.012536169164928,0.000221129559649924
"5121",2021-09-09,0.0176320929334213,0.000541576573086427,0.001445181343617,-0.00187248573021968,-0.00433645346141109,0.00022750629872581
"5122",2021-09-10,-0.00918091180249398,0.0139608200300532,0.00677645668149464,-0.000213192719573566,0.0122533758569796,0.00022750629872581
"5123",2021-09-13,0.0172986428415054,0.0100760827579431,0.00235133330688706,-0.00936693493316739,0.0075890505186384,0.00023087809289235
"5124",2021-09-14,-0.00167908646256165,-0.00563863011449848,-0.00624781783935467,0.00698619494581202,-0.000961483380736181,0.000227131478759857
"5125",2021-09-15,-0.00980445402130272,0.00710984432452602,0.00883079148029014,0.0215710084232715,0.00148959666612127,0.000229005226139778
"5126",2021-09-16,-0.00965651856236249,0.00525260549632105,-0.00845619739982594,-0.00354466670639529,0.00673634050791756,0.000230129051813632
"5127",2021-09-17,-0.0187245933746339,0.0102093935813043,-0.0025750179491738,-0.021729224018266,0.0100923062469051,0.000232001390587655
"5128",2021-09-20,-0.022801046077684,-0.00486530907674303,0.000882884585959528,-0.00946349554499849,-0.00483172328670427,0.000234621187830353
"5129",2021-09-21,0.0121762960310177,0.00873453048158114,-0.00565822558122678,-0.0056462645742924,0.00654659878956635,0.000236491417670015
"5130",2021-09-22,0.0160751068729703,0.00966448674588296,0.0160711354500514,0.0147160586660265,0.00394272741696541,0.000238360770191459
"5131",2021-09-23,0.0150817327007361,-0.00178863030612235,0.00991328392946334,0.0243793687391891,-0.00777879551741601,0.000239855621093188
"5132",2021-09-24,-0.00621183410302059,0.00191568419417455,0.000995811733634868,0.00221701926716807,0.00565480564791677,0.000240229246218693
"5133",2021-09-27,0.00224117567455298,0.000448859901651789,0.00835358877458748,0.00578512748192002,-0.00304553814515199,0.000239855621093188
"5134",2021-09-28,-0.0290662663799628,-0.0153565717442236,0.00250144897548007,-0.0108267670183199,-0.00782307700219464,0.000240229246218693
"5135",2021-09-29,0.00741802858320476,-0.0102581362257375,0.00438319836546744,0.00663918957713697,-0.00793540883469013,0.000240229246218693
"5136",2021-09-30,-0.00144076540272333,6.82741658446428e-05,0.00470112197988394,0.0116584854427647,-0.00510603283558765,0.000240602836317327
"5137",2021-10-01,0.0159266048730645,0.0275301767127747,0.00797607457913402,0.00153171868283086,0.0179052466155162,0.000240602836317327
"5138",2021-10-04,-0.0219343626511288,-0.00713840702812405,0.0117876203267808,-0.00163916413253554,-0.00616269825665506,0.000242843641714119
"5139",2021-10-05,0.00154581823812269,-0.0127725748219782,-0.000444967277027319,-0.00811340358267202,-0.0155804865547843,0.000245083187801587
"5140",2021-10-06,-0.000331539767194313,-0.00739597690886325,-0.00895584708373872,-0.00739399438092699,-0.0142929400677725,0.000246202489047498
"5141",2021-10-07,-0.00153738997377996,0.0060222990222733,0.000689494565472147,0.00676662673812268,0.00477086842824074,0.000246948515258083
"5142",2021-10-08,0.0201567960737808,0.00709860367693124,0.00348866183628666,0.000191577998163245,0.00784158542128676,0.0002480672927756
"5143",2021-10-11,-0.00411420934183459,0.00455822932799035,0.0131486197834997,-0.00455616806353253,-0.000503930777113223,0.000251794284370499
"5144",2021-10-13,0.0115077160946886,0.00609610834104764,-0.00720511792453776,-0.00121720214397147,0.00769435903461808,0.000255517793592785
"5145",2021-10-14,-0.00274582447349319,-0.00674280485829305,0.00153836470996809,0.00760456070391935,-0.0073137991816398,0.000255145599191486
"5146",2021-10-15,0.0136237262454203,-0.000858462093355071,-0.00238539535147074,-0.00531139628706775,0.00449080940124923,0.000257006223677303
"5147",2021-10-18,-0.000590691340163015,0.00604969595246176,0.011177097107623,-0.0091438967016655,0.00465251061428362,0.000260353160145277
"5148",2021-10-19,-0.032518250645156,-0.0016825593314389,0.00593175546255112,0.0051424307026053,-0.00451166914739247,0.000266296337609884
"5149",2021-10-20,0.00102235706826651,0.000761879587492794,0.00477732575338004,-0.00290666698971651,0.00518547646821967,0.000268151764363234
"5150",2021-10-21,-0.0273960050276054,-0.0103269038773252,-0.00226617148915704,0.002446300157861,-0.00917065112154461,0.000274453761449855
"5151",2021-10-22,-0.0138158205537712,-0.0134814791885631,-0.00908294020083235,0.000153729354778892,-0.0125166406002501,0.000280006083081208
"5152",2021-10-25,0.0228235908758762,0.0217937404231467,0.00187488851296109,0.00949462090092939,0.0176675664347813,0.000289611820105673
"5153",2021-10-26,-0.0187982976500415,-0.0172960122699966,0.0074132397019987,-0.000453372871728669,-0.0148744297289551,0.000294406020115989
"5154",2021-10-27,-0.00106249675547675,-0.00755667449500839,-0.0102548685846413,-0.0137475579797441,-0.00351068510568513,0.000294406020115989
"5155",2021-10-28,-0.00381244621507793,-0.0203709960103727,-0.0109313890877458,0.00815177147931304,-0.0161379825498658,0.000293668826171434
"5156",2021-10-29,-0.0203326249795878,-0.00840972740293123,-0.00678495521745455,-0.0130866270413378,-0.0141414743357995,0.000293300178055178
"5157",2021-11-01,0.0203031638916449,0.0143225403712265,0.0104572181351127,-0.020320443930417,0.0153234414460539,0.000293300178055178
"5158",2021-11-03,0.00479181660056699,0.00375141111902986,-0.0177117378381565,-0.0177816206828589,0.0117833279026137,0.000298089945721891
"5159",2021-11-04,-0.0202046498389572,-0.00680080254162175,-0.0122816257524528,0.0127910368526823,-0.00307549137092721,0.000296985125561866
"5160",2021-11-05,0.0113217577606137,0.00525066716037765,-0.00714168998476904,-0.00732665526522994,0.00145332344144121,0.00029882632237288
"5161",2021-11-08,-0.00202476172571823,-0.00969827381448836,0.0131680552552262,0.00622894523776745,-0.00798829854616373,0.000304712442399824
"5162",2021-11-09,0.00720461884772946,-0.00114511191373486,-0.0086862596986398,-0.00951236234869607,-0.000287368383215341,0.000306917498017922
"5163",2021-11-10,0.00385122349448559,0.0198801887103496,0.00443660077987347,-0.0101590315466925,0.0247410853189799,0.000309121334255202
"5164",2021-11-11,0.0127834273279461,0.015379047994986,0.00662859507357826,0.00337518584975765,0.00917212635584767,0.000309488521838874
"5165",2021-11-12,-0.0119046113457277,-0.0259501656657597,0.00619383239954659,0.00720278281787208,-0.0164660777849449,0.000310589881646894
"5166",2021-11-16,-0.0182472083697796,-0.0183161511357723,0.00256845310521724,0.0119760188495349,-0.0147605998906263,0.000316458665731378
"5167",2021-11-17,-0.0132456875424105,-0.0080550581936635,-0.00526625528502269,0.00521472606747571,-0.00890130633812897,0.000317924512374779
"5168",2021-11-18,-0.00400781389748298,0.00497672928227485,-0.00895734082575236,0.00295464794107743,0.00988507234070739,0.000319756062818977
"5169",2021-11-19,0.0060096870652156,0.0131274128107468,0.000771337305835762,-0.00772782806276863,0.0145084677924818,0.00032085458919151
"5170",2021-11-22,-0.00955877755457408,0.00827342428650155,0.01872580323669,0.0161287256620291,0.00295139246120647,0.000324879930588384
"5171",2021-11-23,0.0113290518300102,-0.0177884796164008,0.00807333294125153,0.00207539072303106,-0.0203783225639651,0.00032707385890185
"5172",2021-11-24,0.00797797967180791,0.00738979416318189,0.00884405488561031,0.000717362532045451,0.00302369315210749,0.000328535807093022
"5173",2021-11-25,0.0126188491478757,0.0101254858010755,-0.00112370943915793,-0.00349036651455354,0.0102128083184828,0.000329266580131105
"5174",2021-11-26,-0.0322227477029278,-0.00481041511733716,0.00391754033665481,0.000644836583558156,0.00489014440245236,0.000329631916407447
"5175",2021-11-29,0.00327128386921296,-0.00843076099087545,0.00871863199494676,0.0133658240010939,-0.0101293325753573,0.000331092926703747
"5176",2021-11-30,-0.00958331477370809,-0.00304595736078244,0.00755680290609336,-0.00385901927198064,0.00304729497147907,0.000332918436715568
"5177",2021-12-01,-0.0109927028692656,-0.00538518928002078,0.00545344061540024,0.00340141256369182,0.00088932374018845,0.000334743110934621
"5178",2021-12-02,0.0329099565604521,-0.0096375604369468,0.00906966834360002,0.00432906732642877,-0.0119026483769843,0.000336566950127182
"5179",2021-12-03,0.00577136448659498,0.0203075755009439,-0.00539365117098287,-0.015412459345241,0.0205576055258001,0.000338389955058638
"5180",2021-12-06,0.0151643362324,0.0196146955080556,0.00834585986074267,-0.0035831234156926,0.0150564789142844,0.000341669264036559
"5181",2021-12-07,0.00459224236311242,-0.00544008048238178,-0.00578082364734902,0.0219074461238723,-0.00444126228114541,0.000344217973501815
"5182",2021-12-08,0.00477983009467732,0.0269020908679445,0.002295131750887,-0.00656026871600876,0.0214737917080274,0.000346401285085562
"5183",2021-12-09,-0.0174441227274215,0.0053952958232506,0.0101860949682381,0.0121200762695448,0.00148356763287323,0.00034785616194366
"5184",2021-12-10,0.0113235592115677,0.0104949532925727,-0.000773425281667149,-0.0106702632063321,0.0120978548743191,0.00034785616194366
"5185",2021-12-13,-0.00472569590539132,-0.00518356220546239,0.00673007395937264,0.00948175105224943,-0.00470690622491058,0.00034785616194366
"5186",2021-12-14,-0.00587936701143476,-0.0166642408350646,0.00101181545492256,0.00825167951390197,-0.0178785083814145,0.000347492492516643
"5187",2021-12-15,0.00615186623864526,-0.00787110885994076,-0.0140705639422396,8.65800461776096e-06,-0.00532705924393121,0.000347492492516643
"5188",2021-12-16,0.00620646727597901,-0.00409630540097103,-0.00327882241801856,-0.00305742021479034,-0.012255033252611,0.000347492492516643
"5189",2021-12-17,-0.0095372595361764,0.00377915916862281,0.00776487265484431,-0.0122162405368531,0.00560746417370329,0.00034785616194366
"5190",2021-12-20,-0.0195877420220983,-0.00240991015757076,-0.00715950325168101,0.003431484675088,0.00465663747949656,0.00034785616194366
"5191",2021-12-21,0.00334062114407169,-0.00363367264323508,0.00886283736883155,0.0165215284391221,-0.0112320379532673,0.000347492492516643
"5192",2021-12-22,-0.00288549060138764,-0.00270055699493964,-0.00168622060836515,0.0112824812763985,-0.00284405472931164,0.00034785616194366
"5193",2021-12-23,-0.00221757858779772,0.0073893330787495,0.00147253239858145,0.00480057661172181,0.00271990722171331,0.00034785616194366
"5194",2021-12-27,0.00583025734820452,0.00680411841253075,-0.00219528958750868,-0.00549095488447785,0.00443724168806468,0.00034785616194366
"5195",2021-12-28,-0.00430347562745584,0.00999383329876016,0.00587896147955725,-0.0076103103764298,0.0141528024272928,0.000347492492516643
"5196",2021-12-29,-0.00719960495358236,-0.00023669833323639,0.0006725848433834,0.00382823360850615,-0.00577012901819189,0.00034785616194366
"5197",2021-12-30,0.00554109981719761,0.00162855896274372,0.00413686877401882,-0.00268622811617487,0.00514987776070393,0.000347492492516643
"5198",2022-01-03,-0.0110520298286946,-0.0195465029926599,0.00746754559913351,0.0167116591550843,-0.0129642084194282,0.000350037481905874
"5199",2022-01-04,-0.00539229888617642,-0.0250374851323617,0.0120449186542969,0.0112533382835148,-0.0224920700589047,0.000352217608641681
"5200",2022-01-05,-0.0280889694217845,-0.0252511744313135,0.00811550763454919,0.00159745816418531,-0.0179563201863975,0.000354396543458257
"5201",2022-01-06,0.00179961910343924,-0.0135136185642204,-0.0111031801727911,-0.00362551871155855,-0.00677928626653641,0.000353670364207526
"5202",2022-01-07,0.00704058304448128,0.00906680991411784,-0.00202436580637327,0.00462347408651446,0.00945616509482863,0.000355848505136702
"5203",2022-01-10,-0.00879690715005998,-0.00978937286810197,0.00487894698044206,0.0137774705347497,-0.00983679847441009,0.000361288655172043
"5204",2022-01-11,0.0158551385595066,0.0101466653426955,-0.00980733752696454,-0.00383039837096908,0.00826181913680912,0.000363824852839478
"5205",2022-01-12,0.0186307629638505,0.00951823073132981,-0.00985279785407847,-0.00633552257575182,0.0103345459719073,0.000365635434996348
"5206",2022-01-13,-0.000882259787949125,-0.0129462266371429,0.0137280287386557,-0.00824699077629627,-0.00976874354394627,0.000364911300834159
"5207",2022-01-14,0.0119109155795314,-0.0040599605780504,0.00547406263499108,0.000955059511989495,-0.00130613791621921,0.000367083308733696
"5208",2022-01-17,-0.00609046814681534,0.0114038263327715,0.00366055777138738,-0.00374006446957404,0.00043936875348365,0.000371785269076108
"5209",2022-01-18,-0.000202660277821844,-0.0167067684518952,0.0162454119661318,0.0056832281123307,-0.0135283839806427,0.000373953535097504
"5210",2022-01-19,0.0118716702577347,-0.00180930896232642,-0.00946935955744312,-0.00888465962137941,-0.00670264062541427,0.000376120622155529
"5211",2022-01-20,0.00958140180122155,0.035093574779479,-0.00893309559369987,-0.0261109411730568,0.0250282503560983,0.000377564692515486
"5212",2022-01-21,-0.000403871231901767,0.00289864854481123,-0.00743457326848525,-0.0195631410815023,0.0041554622845495,0.000379008239842271
"5213",2022-01-24,-0.00922654333821828,-0.00697180978902453,0.00854923351443321,0.00468076017613382,-0.00577490565513386,0.000382254310952845
"5214",2022-01-25,0.0224207271410787,0.0191019908060337,0.00390797756270583,-0.017891333186723,0.0173105955413715,0.000384777206402287
"5215",2022-01-26,0.0077510500726847,0.00845989629474227,-0.0115520627298406,-0.0083739925828317,0.00412182922675048,0.000386938417861193
"5216",2022-01-27,0.0120424372246014,0.00438499476942488,-0.00045851717920666,-0.00704400243355728,0.00431486141052179,0.000389098458029258
"5217",2022-01-28,-0.0061966541151627,0.00236776912205709,0.000367022719475633,0.00831413229023898,0.00534585216100739,0.000391257328177463
"5218",2022-01-31,0.00654281199280528,0.029819557713404,-0.00696528056190196,-0.0112149280456872,0.0220133467212367,0.000394134003871782
"5219",2022-02-01,0.0062456299297904,0.00287413353695306,0.000781822781621619,0.00548367966132966,0.00253566086686602,0.000396649393037629
"5220",2022-02-02,-0.0121044181900729,0.00548242477053661,0.00624774509617238,0.00335354024941602,0.0119284430703518,0.000400957798838641
"5221",2022-02-03,-0.00322167957859202,0.00194122284660135,0.0119582353399082,-0.00532690525822574,-0.000675340635567875,0.000403468886472247
"5222",2022-02-04,0.00132429094919401,-0.0239427575240587,-0.00736162991530685,0.0201413003461303,-0.0201301541287268,0.000404186049595578
"5223",2022-02-07,-0.0027567558476231,-0.00370527202195218,0.00100371723163143,0.0126778704633832,-0.00134103114686682,0.00040669510480229
"5224",2022-02-08,0.000914123508084638,-7.9022690541497e-05,-0.00219893760561142,-0.00249961271284312,0.00103999089759844,0.000407411687703085
"5225",2022-02-09,0.00233099999064898,-0.0139937070334013,-0.00656741922275576,0.00678614981495479,-0.012800118427659,0.000408486320548684
"5226",2022-02-10,0.00668516914509776,-0.00301280320562487,0.00115442472977832,0.00207544702707996,-0.00757656292015364,0.000409202581510115
"5227",2022-02-11,0.000388977182155897,-0.00841906817886027,0.00469275186344679,0.00284620142887727,-0.00869756365761916,0.000409918713776491
"5228",2022-02-14,0.00309401316969384,-0.00983623746248054,-0.00841569573119227,0.00391426801873889,-0.00386488375357185,0.000412066338871364
"5229",2022-02-15,0.00959341150566529,0.0188396131831639,-0.00715512286046188,-0.0173819450483086,0.0109025570369851,0.000412424163907632
"5230",2022-02-16,9.15850239384394e-05,0.00200281610403449,0.000784501578758253,-0.00431463723152829,0.000259192714509479,0.000413139717621247
"5231",2022-02-17,-0.0130803008204085,-0.0058050591196625,-0.00314146276809467,0.014911126528458,-0.00167330052835926,0.000413855142894493
"5232",2022-02-18,-0.00626101222149521,0.0106698615490209,0.0142405498416977,-0.00194632278015044,0.00814054479949802,0.000414570439773998
"5233",2022-02-21,-0.01286588863139,-0.0249048894338827,0.00163224042869951,0.0118380978719537,-0.0180575200325798,0.00041635812055163
"5234",2022-02-22,0.0091113662580836,0.00251807184549621,-0.0102680910534934,-0.00846311596832128,0.000534005620365,0.000417430344274772
"5235",2022-02-23,-0.00571086909176374,0.000878760395882271,0.0177272422573221,0.000905460885229762,0.00388770169853671,0.000417430344274772
"5236",2022-02-24,-0.00624462056998522,-0.00390582254482843,-0.0132702638100551,-0.00174724829460012,-0.00352504008262491,0.000418859527360427
"5237",2022-02-25,0.011811308291266,-0.00686930915179555,0.00417877696342957,0.0149319536565385,0.0014090902332296,0.000419216743072992
"5238",2022-03-02,0.0125334185099062,-0.0163782921151887,-0.00382510027841134,0.0154801827247325,-0.0184995296678424,0.000420288198160979
"5239",2022-03-03,7.55871607196172e-05,-0.000731064279187092,0.0118625151086999,0.00353107700453318,0.0025169310305166,0.000422787140481384
"5240",2022-03-04,-0.00766178422757902,-0.00890411334343422,0.00271661791212701,0.0163627514068412,-0.00529182012790623,0.000425641157396406
"5241",2022-03-07,-0.0272869135656236,-0.021700141464257,-0.00171538578765303,0.0240455393086573,-0.016656794138495,0.000428849485544447
"5242",2022-03-08,-0.000120820361681113,0.0123325741814088,0.00471830122937125,-0.00686811910610018,0.0089450891835642,0.00042991835462125
"5243",2022-03-09,0.0266644791133921,0.00823402712822002,-0.00954922339635191,-0.0199425462247949,0.0101170604310441,0.0004302745806255
"5244",2022-03-10,-0.00326891542485505,0.0104478623061932,0.00384400847757766,0.0166546300168391,0.0113397060961268,0.00043205523324108
"5245",2022-03-11,-0.0183559575860511,-0.0249076083101752,0.0113061753010242,0.0219712292186825,-0.016623206045122,0.000433835090704049
"5246",2022-03-14,-0.0125727364703289,-0.0138819335817829,0.00821336425465139,0.0178331193512535,-0.00448206664165683,0.00043668121050211
"5247",2022-03-15,-0.00746331094505659,0.0185541929402155,-0.000809041470533962,-0.00776525667181595,0.00847353289101494,0.000435969871059427
"5248",2022-03-16,0.0165400214262075,-0.0020234426129103,-0.0171578097539213,-0.00991756156923441,-0.0078649461658184,0.000438103508646037
"5249",2022-03-17,0.0165459961373838,-0.0127943307929936,-0.0078948948335065,0.0116152139319809,-0.0108052159224134,0.000437392423015881
"5250",2022-03-18,0.0206140100724236,0.0214797835245949,-0.00513617416896143,-0.0197119016354588,0.0167581602762086,0.000437392423015881
"5251",2022-03-21,0.00627706425675383,-0.000785974104576082,0.0186041424697098,0.00788060730873166,-0.00240531310350354,0.000437392423015881
"5252",2022-03-22,0.00995130232543581,-0.000534500227472531,-0.0119083436234631,-0.0104470962731307,-0.00284357516049247,0.000437392423015881
"5253",2022-03-23,0.000928425058487157,0.00987183600206146,-0.0051808605681758,-0.0131404645627118,0.00456969041507183,0.000437392423015881
"5254",2022-03-24,0.0127022868345386,0.017289890493623,-0.00163919886908375,-0.0214495421847422,0.0117338262099991,0.000437392423015881
"5255",2022-03-25,0.00107087444751567,0.0180978985299272,-0.0035220379614884,-0.0237309377140195,0.0108768486648776,0.000437392423015881
"5256",2022-03-28,-0.0025591890873706,-0.00263891244214291,-0.00540902048147548,0.0056017096891155,0.000224583211419705,0.000437392423015881
"5257",2022-03-29,0.0118976328252802,0.0150162429654211,-0.000197499844523209,-0.00805085753923744,0.00958738139504766,0.000437392423015881
"5258",2022-03-30,0.00030257528387612,-0.00454032272724851,-0.00352976626562422,0.00358258145256338,-0.00432936122431613,0.000437392423015881
"5259",2022-03-31,-0.00239544275054241,-0.0137598343530257,-0.00116858234231485,0.00408268221789784,-0.0104614875500307,0.000437392423015881
"5260",2022-04-01,0.0108212684826094,0.00471879676367571,0.000761848738784082,-0.0215727879740312,-0.00232462475166612,0.000437392423015881
"5261",2022-04-04,-0.0028669332764419,0.0167950938735386,-0.00104212168181946,-0.00222776783573441,0.0149062395869646,0.000440591309799343
"5262",2022-04-05,-0.0182219523772808,-0.00981956565069212,0.00286076032070243,0.0150898717203624,-0.00636632263191608,0.000442012213595966
"5263",2022-04-06,-0.0069128912586037,-0.013848303549105,0.0122332138238224,0.0167301632957306,-0.00745316624184135,0.000443432611036298
"5264",2022-04-07,0.00416621683719673,0.00363872317761358,0.00938636265237495,-0.00316650980650151,0.00507536284942255,0.000443077559127314
"5265",2022-04-08,-0.00415677164413879,-0.00715633569248377,0.0111359048758694,0.00619895719389439,-0.00186151072242845,0.000444497577037684
"5266",2022-04-11,-0.0101883400885823,-0.0124514107886226,0.00328604701685525,0.0117044497490763,-0.0111143618581646,0.000448400019735562
"5267",2022-04-12,-0.00643533143377823,-5.38321727411896e-05,0.00435147241113969,0.00329213266356892,0.00122853702266559,0.00044981814303946
"5268",2022-04-13,0.00419509527828508,0.0123336881604277,0.00304693967054412,-0.000287535701694619,0.00750041028360325,0.000450881404503001
"5269",2022-04-14,-0.00607945416292787,-0.0094183195903607,0.00461558283321047,0.0133372028225811,-0.00601741024146427,0.00045123576197037
"5270",2022-04-18,-0.00250442180854082,0.00594843903173347,0.00289856357253958,0.00870514122008792,0.00350705083571809,0.000455131616288851
"5271",2022-04-19,-0.00520564079723711,0.0120288236125391,-0.00650027787485016,-0.00795558738197552,0.013420572274542,0.000456193461474852
"5272",2022-04-20,-0.00564442728716042,0.000899092055038731,0.00412874066766749,0.0189083763210352,0.00362002317699007,0.000457608815168209
"5273",2022-04-22,-0.0245319959654159,-0.00762261384166779,-0.000776660080230071,0.00771006503753319,-0.0026705441721438,0.000458670000717865
"5274",2022-04-25,-0.0019045629274599,0.0117929602479498,0.00307669434017952,-0.00534576837064556,0.00797033937110309,0.000460791524617754
"5275",2022-04-26,-0.0208704583839676,-0.00278668112320067,0.00993143375051581,0.0186776416829464,0.00547149601546018,0.00046185186326908
"5276",2022-04-27,0.00814486271538359,-0.00802728077300011,-0.00138925613843808,0.0178621891769431,-0.0076907765665069,0.000463971694726117
"5277",2022-04-28,0.00401867360519208,0.00316337583996073,0.00241317977770364,-0.001035059062601,0.000607025394292421,0.000465384289627613
"5278",2022-04-29,-0.0180129897675808,-0.00271287491588232,-0.00541939590010092,0.0153103737148528,0.00271946191570909,0.000466443407369788
"5279",2022-05-02,-0.0123835380846154,3.06185341201401e-05,0.00635536139943408,0.00309220192071479,-0.00163541256552642,0.000467855126732086
"5280",2022-05-03,-0.00221558239801941,-0.00637572952194843,0.00235132573670564,0.0138663183076674,-0.00673188595436732,0.000470324433138103
"5281",2022-05-04,0.0178103922855622,0.00825513400119691,-0.00235325803689308,-0.0105334386819322,0.00992445093997169,0.000472087287317624
"5282",2022-05-05,-0.0289645813914252,-0.00270915641686555,0.0117570403802662,0.0163492704323276,0.00191870064586273,0.000473497009526147
"5283",2022-05-06,-0.00323228578437371,-0.0157335105952532,0.00961952660616633,0.0145446732244651,-0.0121634577676503,0.00047384936218875
"5284",2022-05-09,-0.0172759323104665,-0.0222496885406972,0.0179844925842511,0.021374854588879,-0.0158096693871535,0.000475258461447137
"5285",2022-05-10,-0.00120020424919854,0.0120000932526052,-0.00377488255485039,-0.00632636843510585,0.012261359562355,0.000475258461447137
"5286",2022-05-11,0.00813832741142149,-0.00619341754234747,0.00727939201267975,0.0132535668325965,-0.00710539491579037,0.00047561065844115
"5287",2022-05-12,0.0128650153150818,0.00738947822907811,-0.00239080637974052,-0.00591581919403938,0.00434052048466862,0.000475962824318055
"5288",2022-05-13,0.011102719123217,0.00311946296172742,-0.0193962236142204,-0.00747730092208971,-0.00120448353971361,0.00047666706274252
"5289",2022-05-16,0.00942552443543025,0.0050244035540566,-0.00329151006740064,-0.0205092972768121,0.00365439895698771,0.00047701913530096
"5290",2022-05-17,0.00599010583104556,0.00667629250133166,0.00594329729005879,0.000249951937383119,0.00521712329218584,0.000477723187137791
"5291",2022-05-18,-0.0220482010822091,-0.00307690882503639,-0.000549743551568029,0.0099105217837038,0.0011743262405689,0.000477723187137791
"5292",2022-05-19,0.00570403652656451,0.00674650351274727,0.0050552373205269,-0.00858476807984668,0.00284060929234827,0.000477723187137791
"5293",2022-05-20,0.0103931990644058,-0.00652588608358743,-0.00319243086598281,0.00145871720764616,-0.00863569959228258,0.000478075166427283
"5294",2022-05-23,0.0167325716874493,0.00559024491957593,0.0137214953592444,0.00279327445421791,0.00479691706912128,0.000478779031775955
"5295",2022-05-24,0.000898009518764811,-0.0115094606865966,0.000650598485063104,0.0173807444589341,-0.0157239142234433,0.000479482772854034
"5296",2022-05-25,-0.000804757847692083,0.0127369482952587,-0.00839066640704356,0.00410759247215381,0.00834136004516488,0.00047983459680534
"5297",2022-05-26,0.00997013108083813,0.0121865753261558,-0.0136950620665422,-0.0235429047352749,0.00592554507402968,0.000480186389705484
"5298",2022-05-27,-0.00107261740583744,-0.00439166424762766,-0.00839998841817891,0.00185490158620439,-0.00205080491035093,0.000480538151559795
"5299",2022-05-30,-0.0080992507002337,-0.000640734877242055,-0.00173824360851991,0.0101711747886272,0.000826733178454254,0.000480889882374269
"5300",2022-05-31,0.000320598317268956,-0.0149827203562718,-0.000157546837224115,0.0115897077033831,-0.0169545994349298,0.000481241582153791
"5301",2022-06-01,-0.00036109909333923,-0.00913932270110172,0.00057918816486688,0.0196820580579239,-0.00728614974388209,0.000481944888630848
"5302",2022-06-02,0.00699299138722194,-0.00159643339660288,-0.00215744553734093,-0.00357066381160176,-0.00901874568426047,0.00048264807103493
"5303",2022-06-03,-0.0113979211616047,0.00912064453813504,0.00917617755083122,0.00495978601793461,0.00611038287120053,0.000483351129410003
"5304",2022-06-06,-0.0107995595184535,-0.0161517694725172,0.00281462377739728,0.0125903477513013,-0.015254211949392,0.000484756874248093
"5305",2022-06-07,-0.0049672126706925,-0.00486647251819067,0.0125898701396258,-0.0021999923467831,-0.00574788741071769,0.000486162123495504
"5306",2022-06-08,-0.0146074652985211,0.000164008330347149,0.00295405670149701,0.00328523097215228,0.000269472059733631,0.000486513358412211
"5307",2022-06-09,-0.0109118813375457,0.00471304312638402,0.00310969459057294,0.00160934685880037,0.00810074368619748,0.000486513358412211
"5308",2022-06-10,-0.0154488421441531,-0.00811114611196158,0.00522468455956388,0.0167622893903743,-0.00340582760152701,0.000487917988663433
"5309",2022-06-13,-0.0275099097426676,-0.0108549102742847,0.0137359896622819,0.0244516181043734,0.00185310481246517,0.000489322124111125
"5310",2022-06-14,-0.00576593221439969,-0.015952232563181,0.00645011196419305,0.017369051556831,-0.0133382405805325,0.000491076598134965
"5311",2022-06-15,0.00654060491644898,0.0119047750677289,-0.0034659789331198,-0.0223415997710062,0.0088173119551736,0.000491427400289401
"5312",2022-06-17,-0.0246334980866516,0.00884345899593772,0.00418956708479929,-0.00444477042474679,0.0114734211166646,0.00049037490119197
"5313",2022-06-20,0.00164815732289439,-0.00599628139966178,0.00599957124678162,0.00104654515607849,-0.00456876897370932,0.00049037490119197
"5314",2022-06-21,-0.00197847974790598,-0.00919155492213702,-0.00608034632688848,0.00482180283484094,-0.00829293523403916,0.000490725765104338
"5315",2022-06-22,-0.00368887619797335,0.0032213504073935,0.00494959448196504,-0.00333733070436879,9.77326248085946e-05,0.00049037490119197
"5316",2022-06-23,-0.0115114592860103,0.016196108774368,-0.000567327514799146,-0.0120539499300816,0.0114160105625378,0.00049037490119197
"5317",2022-06-24,0.00405889867267461,-0.00909502463853549,0.00315461966776726,0.00545965570955267,-0.00742984007694197,0.00049037490119197
"5318",2022-06-27,0.0167113982255392,-0.0124556249276949,-0.00206334772811183,0.014352327536391,-0.0105626046334514,0.00049037490119197
"5319",2022-06-28,-0.0027265145458547,-0.0186106987231069,0.00632378078245552,0.0182074912132124,-0.0147418243712402,0.00049037490119197
"5320",2022-06-29,-0.00946373401466883,-0.00070231559617989,-5.95355778152899e-05,0.0123280780527657,0.00058746673608554,0.00049037490119197
"5321",2022-06-30,-0.0107568826782659,0.0029330760548184,-0.00337910517180642,0.00469844064757413,0.00781540711017094,0.00049037490119197
"5322",2022-07-01,0.00485516351143751,0.00462624163941941,0.00607887976511674,0.00670290976681112,0.000335616802194569,0.00049037490119197
"5323",2022-07-04,-0.00532250060455727,-0.00811313581296966,0.0007018474845306,0.00455409151653807,-0.00958023465413489,0.000491778171573198
"5324",2022-07-05,-0.00248694003655263,0.00804063987380007,-0.0069596270875766,-0.0338892145342995,0.000991641265072968,0.000492479621550412
"5325",2022-07-06,0.00365177627089404,0.0246061382029389,-0.00961601215768271,-0.0406825549795515,0.0258478661306629,0.000493180948110128
"5326",2022-07-07,0.0180413852846203,0.00437989104804818,-0.00190772776612969,-0.0126336360631906,0.0016853963968092,0.000492479621550412
"5327",2022-07-08,-0.00375343467237956,0.00335612801796799,0.00448717983388816,0.00561603208492465,0.00419618945036586,0.000493531565121996
"5328",2022-07-11,-0.0201691398231752,0.00103255963738434,0.0105517056783941,0.00884250317278747,0.00734596398081739,0.000495284187718825
"5329",2022-07-12,-0.00124654468641486,0.00664178757602116,0.00333649211287084,-0.0214949528885694,0.00288725575380368,0.000495634619783747
"5330",2022-07-13,-0.00222126310566472,0.00331564274910031,0.00198607033624914,-0.00162155726488105,0.00106627776409599,0.000496335391502623
"5331",2022-07-14,-0.0125650441014555,-0.0163240731957509,-0.00683158013237473,0.0132053640546179,-0.0119712521837491,0.000496335391502623
"5332",2022-07-15,0.00401312219644673,-0.000785190532517296,0.00545086728953797,0.0101393732598442,0.00153443606805732,0.00049703604004292
"5333",2022-07-18,0.00115857910412239,-0.013254010889853,0.00208748536151188,0.0172616224504969,-0.0127365678884256,0.000498436967761418
"5334",2022-07-19,0.01383026415724,-0.00531820597911092,0.000192520476118421,0.00721052280297949,-0.00816800413826395,0.000499137247026438
"5335",2022-07-20,0.00161861194940635,0.021275505723388,-0.0158923096015338,-0.0358616657779004,0.0177045659651623,0.000499837403286074
"5336",2022-07-21,0.00585211873964303,0.0122650488126578,-0.00641470436492555,-0.00530326401063982,0.00833978466641393,0.000500187435302557
"5337",2022-07-22,-0.00251063405159303,-0.00287309046193696,0.00448297575092429,0.00880917110773145,0.0011992630936679,0.000500887407135941
"5338",2022-07-25,0.0116181084245551,-0.0157168893020595,0.00238889759900238,0.0255461500640591,-0.0164118980822062,0.000501587256072078
"5339",2022-07-26,-0.00518917046053982,-0.00281590500435516,0.0044131007527995,0.0190983123029065,-0.00126884894956094,0.000502286982154709
"5340",2022-07-27,0.0176286042726926,0.00764467213812003,-0.00611118229675159,-0.0156249163045202,0.00714480106871563,0.000503336341022287
"5341",2022-07-28,0.0117191893372454,0.0186060729748109,-0.00758081673864468,-0.0185528638591863,0.0144086258799119,0.000503686065931541
"5342",2022-07-29,0.00478796042817123,0.00139271049121551,0.00451841327803322,0.0165222999466667,0.00347313065402628,0.000504385423712117
"5343",2022-08-01,-0.00836332825106989,0.0132002980558597,0.00362745812197095,-0.0143129537894769,0.0112994498123486,0.000505084658811716
"5344",2022-08-02,0.00907134328353392,-0.00459883418875226,-0.000818122146993753,-0.00198005782930683,-0.00336362893037968,0.000506133281528376
"5345",2022-08-03,0.00532501361113631,0.0212901214510079,-0.00515324644292518,-0.039017555438227,0.0152275362938546,0.00050683221011405
"5346",2022-08-04,0.0201140700649871,0.0181771604928274,-0.00323538480317286,-0.0411659331681508,0.00959583654524452,0.00050822969973785
"5347",2022-08-05,0.00462525118447632,0.0253011662870917,0.0117695927652438,-0.000982319891535941,0.0246106370023633,0.00050822969973785
"5348",2022-08-08,0.0173919567085283,-0.00019352793833461,-0.00188936368084885,-0.00706124316787666,-0.00105700542110189,0.00050822969973785
"5349",2022-08-09,0.000545167590671757,-0.00961012769483067,0.0122592330782203,0.0250266537831844,-0.00480580677797405,0.00050822969973785
"5350",2022-08-10,0.0159481625698974,0.0229198777983794,-0.00543817110029733,-0.0268970133405013,0.0173571973855414,0.00050822969973785
"5351",2022-08-11,-0.00741039880075708,-0.00218050394419832,0.00213392081717339,0.0209982606176259,0.00346453264292463,0.00050822969973785
"5352",2022-08-12,0.0271343148232488,-0.0109522917687275,-0.0122013856988026,-0.0006948358498211,-0.0157894371067102,0.00050822969973785
"5353",2022-08-15,0.00404409004823571,0.0316914937906973,-0.00250084579278567,-0.0434944960333898,0.020583864793268,0.000508578995602749
"5354",2022-08-16,0.00261839885211385,-0.0132476433554754,0.0076862863869324,0.0159503352356026,-0.0115886442189871,0.00050822969973785
"5355",2022-08-17,0.00294413981239817,-0.0147987367311646,0.0073023108525814,0.0193353871724709,-0.00919342083679796,0.00050822969973785
"5356",2022-08-18,0.000514724973269842,-0.0175506232096479,0.000347244380439204,0.0141348592913659,-0.0175542529628826,0.00050822969973785
"5357",2022-08-19,-0.0216487712298674,-0.00934308830721914,0.00505928569746619,0.0193486671039013,-0.00526743951517653,0.00050822969973785
"5358",2022-08-22,-0.00834235108149376,-0.000819192587730421,0.00145322252029519,0.00462297699663457,-6.38472577434868e-05,0.000508578995602749
"5359",2022-08-23,0.0167646466799698,0.00529745711878984,-0.00879828612890281,-0.0165484843379816,-0.000248321704138618,0.000508578995602749
"5360",2022-08-24,0.0022860017262306,0.0163847272978499,-0.0064715756009238,-0.0155979453607311,0.0125019414381835,0.000508578995602749
"5361",2022-08-25,0.00428692286028837,0.000434725811373426,-0.0123261197990444,-0.0115206129595355,-0.000911816329568703,0.000508578995602749
"5362",2022-08-26,-0.0102538603421937,0.00276726357305598,0.00061815812228321,0.00999898972394359,0.00762006532725937,0.000508578995602749
"5363",2022-08-29,0.00102122361343007,0.00859098145758358,-0.000474946681065687,0.00197237037497371,0.0119201416121621,0.000508578995602749
"5364",2022-08-30,-0.0164908396685547,-0.00336269423864607,-0.00064411085554982,0.0123667437818731,-0.00179144942861332,0.000508578995602749
"5365",2022-08-31,-0.00763813253112176,0.011200428952857,0.0124298804890903,0.0100092375727947,0.00982726930687392,0.000508928260861907
"5366",2022-09-01,0.00814677873286635,0.0108501041644404,-0.00338505329668402,-0.00286259802996166,0.0115525520075246,0.000508928260861907
"5367",2022-09-02,0.00361980183843724,-0.0027319123874796,0.00138003752903138,0.00409597782761919,-0.00187098686378106,0.000508578995602749
"5368",2022-09-05,0.00941699419573568,-0.00261258813544105,-0.00506248541539864,0.00159424728021656,-0.00208909266976635,0.000508578995602749
"5369",2022-09-06,-0.0202930950970446,-0.0125363301426495,0.00379497176508021,0.0176133266409059,-0.00413968308663146,0.000509626699584986
"5370",2022-09-08,-0.000924322500343799,0.00916105400307404,-0.00175898906176683,-0.0145096425604719,0.00680260515187921,0.000509626699584986
"5371",2022-09-09,0.0170573463549472,0.00277605266954797,-0.00434318467783988,-0.00773245835418297,-0.0020075832572158,0.000509626699584986
"5372",2022-09-12,0.00750992577662563,0.00375083514201128,-0.00254479991215015,-0.0151625239099231,-0.000402945056964209,0.000509626699584986
"5373",2022-09-13,-0.0230349902275453,0.00405055437180388,0.00750047071071102,0.00770288030959112,0.00601254629550976,0.00051032501594972
"5374",2022-09-14,-0.00150634844893519,-0.00131152469861242,-0.00179050416162276,0.00381288644625782,0.00315500069581058,0.00051032501594972
"5375",2022-09-15,-0.00592571634491771,0.00927251783507541,0.0114434702371477,0.00911004523996042,0.00867432173716228,0.000510674128261224
"5376",2022-09-16,-0.00539203126932825,-0.000779814768402019,-0.0117267587607545,0.012071099809878,-0.00103314873367786,0.000511023209999406
"5377",2022-09-19,0.0196361844888442,-0.0041443423085258,0.000430569667530002,-0.0109533176566632,-0.00383750596081817,0.000510674128261224
"5378",2022-09-20,0.00552770092247597,-0.00700861970467859,0.00222615621744993,0.0118020906023043,-0.00622571687919988,0.000510674128261224
"5379",2022-09-21,-0.00447837143601348,0.0127128828207197,-0.00829348462799139,-0.00747418404732392,0.00959413546087859,0.00051032501594972
"5380",2022-09-22,0.0175799442440791,0.00285735755866902,0.0136138794137728,0.00115812386329737,0.00334292758572645,0.00050822969973785
"5381",2022-09-23,-0.019977393831026,0.0110728751236257,0.00159258079330468,-0.00615258146279404,0.0107684995365817,0.00050822969973785
"5382",2022-09-26,-0.0237328931306959,-0.0101429994186287,-0.000349887314495728,0.0151918167663638,-0.00645790729026744,0.00050822969973785
"5383",2022-09-27,-0.00782246336247556,-0.00900008472287376,-0.000829325181260051,0.0091856355214657,-0.00756150577822884,0.000507880373261882
"5384",2022-09-28,1.63248848742735e-05,0.0144925030260317,0.00253682517044353,-0.0101466601529246,0.0127096741324397,0.00050822969973785
"5385",2022-09-29,-0.00754070360294365,0.00206713288624506,0.00709772439736765,0.0145685707693089,0.00400792873960513,0.00050822969973785
"5386",2022-09-30,0.0176008574682255,0.0103080165066465,-0.00229549853761622,-0.0197221060290161,0.00355973257455006,0.00050822969973785
"5387",2022-10-03,0.0543147385077757,-0.00694216281498027,0.00321324705430802,-0.00740582773675007,-0.0102590429451303,0.00050822969973785
"5388",2022-10-04,-0.00350559655493614,0.00027427298147796,-0.0110844546235037,-0.0222172758427192,0.000211600745053059,0.00050822969973785
"5389",2022-10-05,0.00514874846450273,0.00845718331430689,-0.000634431651302276,-0.000459282867833193,0.00954787624253723,0.00050822969973785
"5390",2022-10-06,0.00350424842460142,0.0142588863073328,0.0022339741773351,-0.0193646435213924,0.0113000655985788,0.00050822969973785
"5391",2022-10-07,-0.0114868244991628,0.001267166466167,0.00827586920619422,0.0118637101767965,0.000151735242476419,0.00050822969973785
"5392",2022-10-10,-0.0031644858762932,-0.0133634974153483,-0.000401066000484807,0.014510532584849,-0.0099065528220194,0.00050822969973785
"5393",2022-10-11,-0.00945335661364944,-0.00488096680734271,-0.00475817471342776,0.0114422515860345,-0.00440486905024075,0.00050822969973785
"5394",2022-10-13,-0.00218410243668418,0.0114310115226176,0.00420696363555682,0.00457912732941167,0.00933473955829499,0.00050822969973785
"5395",2022-10-14,-0.0182739703808211,0.00310250001485541,0.017119554670999,0.012627132541231,0.00592312407631682,0.00050822969973785
"5396",2022-10-17,0.0112433809939578,-0.00739624050098188,0.000155060747250439,-0.00018159287601382,-0.00732233215370654,0.00050822969973785
"5397",2022-10-18,0.0167221599051753,-0.0143888040623632,0.00719857115593588,0.00789583023532967,-0.0159013575588728,0.00050822969973785
"5398",2022-10-19,0.00434761152743167,-0.00688988556888494,0.00185274655794833,0.0190668079691502,-0.00710883384437114,0.00050822969973785
"5399",2022-10-20,0.00617018545468275,-0.0213026593041783,0.00440550443041253,0.0218903416403143,-0.0200353617202203,0.00050822969973785
"5400",2022-10-21,0.0213225217198897,-0.00329970413927525,-0.00425044796798502,-0.00363938911743962,-0.00333098251041087,0.000508578995602749
"5401",2022-10-24,-0.0301714576615013,0.00615042013198713,0.00150326059800614,0.01103391224191,0.00819488229635085,0.000508578995602749
"5402",2022-10-25,-0.0127892948330566,0.0109484728869517,0.00177202737682601,-0.01396550429739,0.0101381203517286,0.00050822969973785
"5403",2022-10-26,-0.0173727831034846,-0.0136484072852271,0.00068407384000738,0.0219457421103784,-0.0119093822343991,0.00050822969973785
"5404",2022-10-27,0.0196348281045292,-0.00415324900668311,-0.0084088051703036,-0.0125536654850594,-0.0036460142246269,0.000507880373261882
"5405",2022-10-28,0.00185848877791897,0.00664377282730201,-0.00185395275486304,-0.00899292855228077,0.00509601590408588,0.000507880373261882
"5406",2022-10-31,0.0117939682176008,0.00544888985961502,-0.0159309129180361,-0.0181610082192221,0.00658642806069246,0.000507880373261882
"5407",2022-11-01,0.00488626057076177,0.00826856944239078,0.00503060599077268,-0.0118645952222198,0.00897296427399214,0.00050822969973785
"5408",2022-11-03,0.00399688292931124,0.00909310221591931,-0.00707161510021072,-0.0120415764051885,0.0136891030601235,0.00050822969973785
"5409",2022-11-04,0.00588016528404351,-0.00376463186592563,-0.00730422756107315,0.00746497479529963,-0.0101189731045014,0.00050822969973785
"5410",2022-11-07,-0.0244991364985083,-0.0102522643985216,0.00351998367634352,0.0139646850283102,-0.0092019804765864,0.00050822969973785
"5411",2022-11-08,0.00646093411216713,-0.00772749785247106,0.00515273574612446,0.00310701440934505,-0.00563285372091364,0.00050822969973785
"5412",2022-11-09,-0.0223153758979892,-0.00326480341846183,0.00162515101398409,0.0114560294691042,-0.00336238825129846,0.00050822969973785
"5413",2022-11-10,-0.0377235711140321,-0.0213353067926958,0.0115479534473623,0.016933826437069,-0.0182451713996684,0.000509277495520877
"5414",2022-11-11,0.0164478981664562,-0.0363491213187058,0.00428890266407279,0.00557243379895527,-0.0399696377993315,0.000509626699584986
"5415",2022-11-14,0.00675648683403656,0.00660057126946713,-0.00344436150738032,-0.00669294568854378,0.00544580077497767,0.000509277495520877
"5416",2022-11-16,-0.0284959890221592,-0.00935459909473256,0.00988346437354708,0.00769935484949954,-0.00377034048173471,0.000509626699584986
"5417",2022-11-17,-0.00610969897685732,-0.00227819374139571,0.00060385146971963,0.00851056744945533,-0.00614748504242899,0.000509626699584986
"5418",2022-11-18,-0.00564237626751064,-0.00923254398295553,0.00213718435540163,0.00451726740351603,-0.00631701592182218,0.000509277495520877
"5419",2022-11-21,0.00953120252576873,0.00027927392385806,0.010200060958114,-0.00131676727133297,-0.00431523470270395,0.000509277495520877
"5420",2022-11-22,-0.00817290065292349,-0.00897952784183732,0.0060559874615969,0.000542568393452259,-0.00569741555583982,0.000509277495520877
"5421",2022-11-23,-0.00245588994587942,-0.00667897872539114,0.00640381875808523,0.00636595024439176,-0.00584924930858171,0.000509626699584986
"5422",2022-11-24,0.0270873038794676,0.0149982788974105,-0.0093150571044266,-0.0143748754097482,0.0121320667454052,0.000509626699584986
"5423",2022-11-25,-0.0247009185943366,-0.00683395787949448,0.0125522509341312,0.00645099130657866,-0.00644930139221726,0.000509626699584986
"5424",2022-11-28,-0.0043302228688692,-0.0140523218666629,0.00546504869040333,0.025183568703815,-0.0115113067966371,0.000509626699584986
"5425",2022-11-29,0.0158209300752185,0.0146232844630784,0.00358453368103363,-0.00478859787775981,0.0107863359623748,0.000509277495520877
"5426",2022-11-30,0.0128360329650062,-0.00834629118362217,-0.0108077172945666,-0.0100804363701333,-0.00719748417733836,0.000508928260861907
"5427",2022-12-01,-0.0135643768225331,0.0108411344056488,0.0124627676250371,0.00805866718371009,0.013528605878202,0.000508578995602749
"5428",2022-12-02,0.00961834053330146,0.0171323683029974,-0.00998142973795352,-0.0106069471258503,0.0117910831910013,0.000508578995602749
"5429",2022-12-05,-0.024463849716684,-0.00849207125717888,0.00438348979314321,0.0130679826288444,-0.00622329053395705,0.000508578995602749
"5430",2022-12-06,0.00554612571416019,0.00119213704753133,-0.00150290696000118,-0.00246281237920451,0.00103718959259093,0.000508578995602749
"5431",2022-12-07,-0.00733936161643724,0.00477826116783882,0.0116225369158588,-0.00045005871069628,0.00597337681888125,0.000508578995602749
"5432",2022-12-08,-0.0202934668419251,-0.00468844576239656,0.00614830696157398,0.0121848894002027,-0.0115211447433867,0.00050822969973785
"5433",2022-12-09,-0.00121641637197244,-0.00772319895328061,0.0103256180862251,0.0101981352166582,-0.00876787767925818,0.00050822969973785
"5434",2022-12-12,-0.0198891430819375,-0.0161662538384613,-0.00763525746820367,-0.0091732437781739,-0.009720356185422,0.00050822969973785
"5435",2022-12-13,-0.019781303589663,0.0050346006716267,0.00568810403509319,0.000305113496139972,-0.00119844572920228,0.00050822969973785
"5436",2022-12-14,0.000413254546525888,-0.00244174630281077,0.000490406281764478,0.00642379638075796,-0.000801247518415611,0.00050822969973785
"5437",2022-12-15,0.000501065599244617,0.0045641947915889,-0.00127327011585387,0.0115647823091583,0.00354246998691646,0.000508578995602749
"5438",2022-12-16,-0.0077374070256524,-0.0112799325554311,0.0123644232077942,0.00743728149172262,-0.00963655828119563,0.00050822969973785
"5439",2022-12-19,0.0181553660968069,0.0114300734258211,-0.0285256866706129,-0.0119493576538031,0.0180512870798394,0.00050822969973785
"5440",2022-12-20,0.0217895030238773,0.0108781046722873,0.000343533290680015,-0.0151420421207861,0.0109137489273232,0.00050822969973785
"5441",2022-12-21,0.00385853747904485,0.00178620149018475,0.000143364397723278,-0.00339116132963281,0.00110160555395221,0.00050822969973785
"5442",2022-12-22,0.00344949483670959,-0.00699084600434474,-0.000206403125627136,0.00299097238308194,-0.00857298270555624,0.00050822969973785
"5443",2022-12-23,0.0183421426879778,0.015672298661976,-0.0109264995331555,-0.00592987903981783,0.015517184152406,0.00050822969973785
"5444",2022-12-26,-0.00946298451675129,0.00795372676364392,0.0034657758892347,-0.0059923676452231,0.00791234548101839,0.000508578995602749
"5445",2022-12-27,-0.00426906058541592,-0.0215629211098669,0.000468817438497072,0.0105806248978585,-0.0219027461988836,0.00050822969973785
"5446",2022-12-28,0.0140098400543505,0.00647023429551927,0.0025836134736419,-0.0137056591171553,0.00401065670418293,0.00050822969973785
"5447",2022-12-29,-0.00356022912636188,0.00771276657024971,0.0119759924824595,0.00404332179438211,0.00785431332658735,0.000507880373261882
"5448",2023-01-02,-0.0299589797592426,0.00212836361496931,0.00895405080826694,0.00239158725884573,0.000940980527402803,0.00050822969973785
"5449",2023-01-03,-0.0218680373867243,0.0072787058978863,0.0142115085590833,-0.0106029081143704,0.0047952212205153,0.00050822969973785
"5450",2023-01-04,0.0104257316385045,-0.00499381474974842,0.00466533834161018,-0.00795954940590668,-0.00925094159172297,0.00050822969973785
"5451",2023-01-05,0.0190224651465882,0.0164451924720488,0.0250362305472802,-0.0259967901519438,0.0125913121978043,0.00050822969973785
"5452",2023-01-06,0.0113004815668933,0.00812169811831445,-0.00468449951272418,-0.0046296325586323,0.00862623863078594,0.00050822969973785
"5453",2023-01-09,0.00177395171621759,0.0042094000861231,0.000284939730229456,-0.00311027587333975,0.00104053367495913,0.00050822969973785
"5454",2023-01-10,0.0156648750737298,0.0176296221366847,0.00905579558161507,-0.0231427481843362,0.0142926079463015,0.00050822969973785
"5455",2023-01-11,0.012922181603938,-0.0198090404631639,-0.00753164827350652,0.0183055750796217,-0.014742580092325,0.00050822969973785
"5456",2023-01-12,-0.00658552585205686,-0.0132403834555063,-0.0237411414080516,0.0108851454977918,-0.00349082872037533,0.00050822969973785
"5457",2023-01-13,-0.00809016452090999,-0.0097664816798703,-0.00846336236736213,0.0119719263181506,-0.00081397203019278,0.00050822969973785
"5458",2023-01-16,-0.0157366202974991,-0.00708926136033234,0.000692515479142709,0.0070068185226557,-0.00862889590569286,0.00050822969973785
"5459",2023-01-17,0.0195894436412357,-0.00760890517441801,-0.00136987554226659,0.00792641239046054,-0.00878030055547563,0.00050822969973785
"5460",2023-01-18,0.00644731742528085,-0.00617802410335334,-0.001005856002543,0.001490210988462,-0.00173913317976254,0.00050822969973785
"5461",2023-01-19,0.00458915053764663,-0.00170009401055118,-0.00993850806989076,-0.00433140410305906,0.00011254359165708,0.00050822969973785
"5462",2023-01-20,-0.00695487077686842,0.0186238551981884,0.00295582971551755,-0.0050552332246221,0.00785228325523161,0.00050822969973785
"5463",2023-01-23,-0.00344196426407198,0.00337085158817343,0.00475202213290404,0.00177952228705212,0.00158589206252983,0.00050822969973785
"5464",2023-01-24,0.0110574053723112,-0.000578931675366129,-0.012937576172215,-0.00955701988526491,-0.00329310615286336,0.00050822969973785
"5465",2023-01-25,0.0111252927785986,0.0113014704308938,-0.00198010328423039,0.00179196725714693,0.0120937953879236,0.00050822969973785
"5466",2023-01-26,-0.00143985224690384,0.00724759761503018,0.0029231793128993,-0.00253120596012891,0.00602261779257769,0.00050822969973785
"5467",2023-01-27,-0.0135790791702954,0.00441099696421265,-0.00259804841661851,-0.0130904135329743,0.00750553423658321,0.00050822969973785
"5468",2023-01-30,-0.00138872990662819,-0.0116864761728237,-0.00676844909717583,0.0101479285561274,-0.00795644831192711,0.000507880373261882
"5469",2023-01-31,0.0110520236884818,0.0127343722144387,-0.000901319950566158,-0.0146860574101383,0.00523778322129489,0.000507880373261882
"5470",2023-02-01,-0.0129716874864685,0.00652116592184462,-0.00897448990846363,-0.00224588660678736,0.00127804478562678,0.000507880373261882
"5471",2023-02-02,-0.0156570551748522,0.00501017768035886,0.0112312759917513,0.00130623090508848,0.00795730407375288,0.00050822969973785
"5472",2023-02-03,-0.0138621763049809,-0.0148622090854482,-0.00613060367507042,0.0295192304532042,-0.00509278575163746,0.00050822969973785
"5473",2023-02-06,0.000670949458071625,-0.0227063210278739,-0.00242983852334988,0.0234742813561787,-0.0125039495822019,0.00050822969973785
"5474",2023-02-07,-0.00833397689635546,-0.0103677145689945,-0.0147346704284719,0.0177799554613256,-0.00454313146206262,0.00050822969973785
"5475",2023-02-08,0.0181990121090312,-0.00804442738935211,-0.00530147946283489,0.00837215316530953,-0.0102147192473747,0.000507880373261882
"5476",2023-02-09,-0.0178528292023993,-0.0102846190578845,-0.000567019802695218,0.015000082173448,-0.00682606155696398,0.000507880373261882
"5477",2023-02-10,0.00230977951230671,-0.00601638483133108,-0.0056326619077933,0.0227070756632911,0.00508208017715671,0.000507880373261882
"5478",2023-02-13,0.00646368755100419,0.000850388482618127,-0.00310938728486323,-0.00132754631962633,-0.00311253211101132,0.000507880373261882
"5479",2023-02-14,-0.00764352785369704,-0.0019468081188948,0.00446743294385741,0.0139807648502952,0.00326801910463073,0.00050822969973785
"5480",2023-02-15,0.0156544372831817,0.01436065323988,-0.00393403205505181,-0.0190088072710873,0.012948291525331,0.000507880373261882
"5481",2023-02-16,0.00349624933675812,-0.0031946296914414,0.00375590385126375,-0.00608738657173588,-0.00134834419526269,0.000507880373261882
"5482",2023-02-17,-0.00463261421878262,0.00634193546474746,-0.00119992925293277,0.00524626680246153,0.00339154001407012,0.000507880373261882
"5483",2023-02-22,-0.0172484483158722,0.00503838685374555,-0.00521118169248417,0.00372954248336098,0.0109728691447512,0.000507880373261882
"5484",2023-02-23,0.00266752722127106,-0.00779174726671344,-0.00802583724898034,0.00200424053512901,-0.00704737740165795,0.00050822969973785
"5485",2023-02-24,-0.016735955510455,0.00241928235171434,0.00117562106289816,0.00757521370130617,0.00175351871291511,0.000507880373261882
"5486",2023-02-27,-0.00167269725671367,-0.00422217103019115,0.00473998268168081,0.00163567039622161,-0.0023811697853137,0.000507880373261882
"5487",2023-02-28,-0.00639725683626515,0.00143333263061782,-0.0014267901422967,0.00580168192087434,0.00886787776891771,0.000507880373261882
"5488",2023-03-01,-0.00657130622963941,-0.00903536688723726,-0.00419905579156666,0.0233750220087028,-0.00327061353182849,0.000507880373261882
"5489",2023-03-02,-0.0112381990967552,-0.00640029679550344,0.00506429190236516,0.0019054715005579,-0.0103912991157167,0.000507880373261882
"5490",2023-03-03,0.0033467812068126,0.00406508558311305,0.0016182552319976,0.00431407043005201,-0.00263547968605053,0.000507880373261882
"5491",2023-03-06,0.00938992264084517,0.0147675717964434,-0.00517050926897075,-0.0269013827175925,0.0036416711385443,0.000507880373261882
"5492",2023-03-07,-0.00385635964825567,0.00841490459598282,-0.00846778130933646,-0.00791287047230712,0.00295133042316476,0.000507880373261882
"5493",2023-03-08,0.0197288848302017,0.0213280332653405,0.0153822101331414,-0.0312746204797112,0.0170954505930768,0.000507880373261882
"5494",2023-03-09,-0.0111970879229882,0.0227740260579156,0.0017785706495541,0.00194718254821062,0.0225782483607636,0.000507880373261882
"5495",2023-03-10,-0.0149038183136328,-0.00710689591387835,0.00985396862422976,0.00576719898323734,0.00241726710201554,0.000507880373261882
"5496",2023-03-13,-0.00478426439615623,-0.00491024262393287,0.00826011574241045,-0.00858880619352093,-0.0119463461800079,0.00050683221011405
"5497",2023-03-14,-0.00223511160623919,-0.0171323385214534,-0.00031841038573145,0.0177945964029172,-0.0141706360527689,0.000507181628455422
"5498",2023-03-15,-0.00256185975412618,0.00321648367135187,0.0109262235451322,-0.010086903183488,-0.00134064762171151,0.000507181628455422
"5499",2023-03-16,0.00584698743038801,0.00648183932798544,0.00780640014629896,-0.00966176183793063,0.00176251230317259,0.000507531016169516
"5500",2023-03-17,-0.0155225409193414,-0.00352313736043267,-0.00276023451180941,0.0129103243399545,-0.00583216334957239,0.000507531016169516
"5501",2023-03-20,-0.0119314115186614,-0.0128786183103566,-0.000931063836568598,0.0208438338371911,-0.0108461171410485,0.000507531016169516
"5502",2023-03-21,-0.000703629108982405,-0.00685359651241459,-0.00164632226928685,0.00423686854648948,-0.00644750884408771,0.000507880373261882
"5503",2023-03-22,-0.00560482150055402,0.012982390842066,0.0104070475660755,0.0106908299475388,0.0158415518369566,0.000507880373261882
"5504",2023-03-23,-0.0213401516910257,-0.0187024621292665,-0.00337757745980995,0.0348148646463011,-0.0123860128651376,0.000507880373261882
"5505",2023-03-24,0.0107027926494415,0.012646841153202,-0.00061736563567661,-0.0133361957028402,0.00949002037692931,0.000507880373261882
"5506",2023-03-27,0.00802672825169609,0.00500481647276526,0.00662450002940731,-0.00141874441623779,0.0065755679772792,0.00050822969973785
"5507",2023-03-28,0.0143218513371261,-0.00929692558910255,-0.0134422482459509,-0.00227920650386854,-0.00828937074170786,0.000507880373261882
"5508",2023-03-29,0.00502094321135858,-0.0249348132033358,-0.0151503605722959,0.0205396717763627,-0.0223322646861354,0.000507880373261882
"5509",2023-03-30,0.0163437630637704,0.00530601857095281,0.00414936734288833,-0.0236592209395581,-0.000879053102700162,0.000507880373261882
"5510",2023-03-31,-0.0167490869410256,0.0106528313724341,0.0156260843239677,0.00169686062400467,0.0132822676392312,0.00050822969973785
"5511",2023-04-03,-0.00662635915330837,-0.01715221577696,-0.0109598313180002,0.0236337675885942,-0.0096413296991106,0.000507880373261882
"5512",2023-04-04,0.00487050896909737,-0.00882428866055537,-0.00763254104329687,0.0199444349693657,-0.00166241510233173,0.000507880373261882
"5513",2023-04-05,-0.00779287461827499,0.000624013315372049,0.0334868771964284,0.0325339579840024,-0.00060965357568671,0.000507880373261882
"5514",2023-04-06,-0.00154896024627727,-0.00698133847537182,-0.00774654980189978,0.00204330891029547,-0.0101020871312051,0.000507880373261882
"5515",2023-04-10,0.00745943754443603,-0.00698246734813165,0.00411458561254817,0.00096501253843339,-0.00757412234337536,0.000507880373261882
"5516",2023-04-11,0.0386304294274921,0.0151355965010979,0.0105561981553775,-0.0422668869618568,0.00716545983019472,0.000507880373261882
"5517",2023-04-12,0.00703988605344442,0.0131756891226963,0.00911711331446226,-0.0198545634426212,0.0174751192418813,0.000507880373261882
"5518",2023-04-13,-0.00364673596335619,0.0205185463749878,0.0225806718660762,-0.0160421433179357,0.0214777795181188,0.000507531016169516
"5519",2023-04-14,-0.00256393852888767,0.00332414978340178,0.00029769690465783,0.0120733926531453,0.00384838896570461,0.000507880373261882
"5520",2023-04-17,-0.000524121877830327,-0.00219867752966074,-0.00157849973248892,-0.000449229499228054,-0.000919372031430757,0.000507531016169516
"5521",2023-04-18,-0.00151618605732962,-0.00676610334792592,0.00325533171210171,0.00526052199343101,-0.00571697503419972,0.000507880373261882
"5522",2023-04-19,-0.01960635093762,-0.0148336253024221,0.00254922959703626,0.0178040269575415,-0.00833517748987406,0.000507880373261882
"5523",2023-04-20,0.00541596735340101,-0.00360012398645222,-0.00919163509569416,-0.00400877713616776,-0.00722610119627813,0.000507880373261882
"5524",2023-04-24,-0.00381167288470109,0.0018330532490714,0.00318686956489042,-0.00912969561981672,0.00312061697142183,0.000507531016169516
"5525",2023-04-25,-0.00631365312601512,-0.00653475395937996,-0.00239509586385133,0.00844295000005059,-0.00380823160140014,0.000507880373261882
"5526",2023-04-26,-0.00742221688098165,0.0137436704186259,0.00554643612189362,0.00361667161109142,0.0111428503817608,0.000507880373261882
"5527",2023-04-27,0.004946755501857,0.00587332512734415,0.0132586135178632,-0.0108540667375592,0.00305678866849351,0.000507531016169516
"5528",2023-04-28,0.0140996405803013,0.00918348121780774,0.00786044108368538,-0.0225079308326911,0.00431154381485717,0.000507880373261882
"5529",2023-05-02,-0.019828875835897,0.000487875705232781,0.0103541836497999,0.00702137006982004,0.00415403288173357,0.000507880373261882
"5530",2023-05-03,-0.000388630432403053,0.007139811620686,0.00342109974052886,-0.00506268624110376,0.00952560767413489,0.000507531016169516
"5531",2023-05-04,0.00327102648895622,0.00083312424396187,0.00656161157945406,-0.00830966382395189,-0.00484242032221457,0.000507880373261882
"5532",2023-05-05,0.0259574121709242,0.00552564603380626,-0.00764626141152757,-0.0264514278935541,-0.00124813093227502,0.000507880373261882
"5533",2023-05-08,0.00874565438237724,0.0027597340875435,-0.00105688863311141,-0.00784907058700689,0.0049500377442573,0.000507880373261882
"5534",2023-05-09,0.00688744956774469,0.00150434424357989,-0.00767479428021406,-0.00413632723665287,-0.00382641291499277,0.000507880373261882
"5535",2023-05-10,0.00366947277244709,0.0174895067132009,0.0189196393770044,-0.0226485167160147,0.0153790346894073,0.000507880373261882
"5536",2023-05-11,0.00955774910869647,0.00319768548571825,-0.000390467368920419,0.00520097877120223,-0.00184944937788357,0.000507880373261882
"5537",2023-05-12,0.00061295192955521,-0.0128024597188047,-0.00758176865428686,0.0120457914577019,-0.0078300589340375,0.000507880373261882
"5538",2023-05-15,0.00336762356341143,-0.00321208842053581,-0.000162338858452443,0.00178979567794519,-0.00461069808801799,0.000507880373261882
"5539",2023-05-16,-0.00785977159761281,-0.0207621313624295,-0.00431373392383067,0.0298369324771821,-0.0146563120261726,0.000507880373261882
"5540",2023-05-17,0.0077018267797957,0.0130310928750704,0.000174348778629218,-0.0163565601542754,0.0130835669687853,0.000507531016169516
"5541",2023-05-18,0.0070031686328301,0.0188149942326674,0.00481189344588477,-0.021742620926825,0.0137314913861252,0.000507880373261882
"5542",2023-05-19,0.00624127834373082,-0.0038024551432501,-0.00130127269019078,0.00190600950911159,-0.00225842807887457,0.000507880373261882
"5543",2023-05-22,-0.0039068202729257,0.00830615232391379,0.0066664809119785,-0.016529634317193,0.00405428226959095,0.000507880373261882
"5544",2023-05-23,-0.00179633984703969,-0.000969510758721228,0.00313069915663786,0.0120415363140923,0.00297497026710066,0.000507880373261882
"5545",2023-05-24,-0.00851722942948404,0.00679266066524049,0.00764338279924683,-0.00129998456494016,0.010956064238653,0.000507880373261882
"5546",2023-05-25,0.0103741754810949,0.0142567508344621,0.00864910825445449,-0.0154248552088045,0.0131569738224902,0.000507531016169516
"5547",2023-05-26,0.00614993491337793,0.0164144145197471,0.0036107892034505,-0.00741437246880713,0.0136873143950702,0.000507531016169516
"5548",2023-05-29,-0.00391270287002427,0.00583650526905161,0.00720868344663493,-0.00705221715618596,0.00816851876072184,0.000507531016169516
"5549",2023-05-30,-0.0125213135504064,0.00192192989187708,0.00715649600874991,0.00019111226723945,0.000739089081293855,0.000507531016169516
"5550",2023-05-31,-0.00625836346775053,0.00820621740992073,0.00699369000721014,-0.00967626757055571,0.00251193174871425,0.000507531016169516
"5551",2023-06-01,0.0165058615837626,0.0103394474063262,0.00331050958770945,-0.0219411145295498,0.00805370459670499,0.000507531016169516
"5552",2023-06-02,0.0142422618831123,-0.00688239901275781,0.000237609970851237,-0.000234228423427577,-0.00702334000500921,0.000507531016169516
"5553",2023-06-05,0.00184865217177704,0.0162525631704664,0.00948281518352613,-0.0128433978337454,0.017086973532017,0.000507531016169516
"5554",2023-06-06,0.0173742982192313,0.00512413609063094,0.00730630025138146,-0.0220345938270265,-0.00130514024555807,0.000507531016169516
"5555",2023-06-07,0.0063639127975222,0.0035578475962893,0.00533984820728189,-0.00492807549049173,0.00709807918053192,0.000507531016169516
"5556",2023-06-09,0.0139698832778979,-0.00405302393581812,0.00403758598021393,-0.00294684582968749,-0.00300466233912696,0.000507181628455422
"5557",2023-06-12,0.00207518936698744,-0.00117283305694221,0.00214144103512127,0.000243502083736317,-0.00158968548090432,0.000507181628455422
"5558",2023-06-13,-0.00645955538895869,-0.0222651249156438,-0.00174841917110777,0.0211890366636716,-0.017376636377022,0.000507531016169516
"5559",2023-06-14,0.0180956946303038,0.0109757777323565,0.00255739274574789,-0.0142391696621272,0.0119958382040775,0.000507531016169516
"5560",2023-06-15,0.00123644229877716,0.00740070984352968,0.000736889235042702,-0.0100703172520252,0.00609136476701123,0.000507531016169516
"5561",2023-06-16,-0.00454662788528155,0.0106251723328316,0.00277846231970635,-0.00507030245444041,0.00781957734554696,0.000507531016169516
"5562",2023-06-19,0.00878732821040352,0.0109108484129103,0.0100047596483953,-0.0118186307827758,0.00952205567238905,0.000507531016169516
"5563",2023-06-20,-0.000490989338101165,0.0183682814505919,0.0167586482323775,-0.0180876383931248,0.0187565245573389,0.000507531016169516
"5564",2023-06-21,0.00668043927196723,0.00375107436327341,0.00908431625352601,-0.00103205403621014,0.00426566294910255,0.000507531016169516
"5565",2023-06-22,-0.011527058836324,-0.00782994706449534,-0.0068155705848279,0.0143769950025343,-0.00624125289439306,0.000507880373261882
"5566",2023-06-23,1.13084058206587e-05,-0.00645585388473307,0.00117657498215528,0.00480041872994299,-0.00301474858547666,0.000507880373261882
"5567",2023-06-26,-0.00605272360767834,-0.00716394417840978,0.00449702211686804,0.0154082294565346,-0.00121381773982837,0.000507880373261882
"5568",2023-06-27,-0.00718754605214234,-0.0143769731861985,-0.0040815724204528,0.0132883097391344,-0.013641722255419,0.000507880373261882
"5569",2023-06-28,-0.00697612754544635,-0.00063457299201136,-0.00259570615234058,0.00284204571095863,-0.00323447099631236,0.000507880373261882
"5570",2023-06-29,0.0124916150056159,0.0107587457275096,0.00586051283375777,-0.0181907380680618,0.00670861209657316,0.000507880373261882
"5571",2023-06-30,-0.000532553393458598,0.00958873104507558,-0.00079717272514329,0.0085439053335046,0.0104105759412183,0.000507880373261882
"5572",2023-07-03,0.0107690670414972,0.00906450509560924,0.0032403815897435,-0.00634036749079108,0.0145055781784307,0.000507531016169516
"5573",2023-07-04,-0.00590817068982496,0.00647221650891856,0.00321111761237623,-0.00635288807042007,0.00519964463242153,0.00050683221011405
"5574",2023-07-05,0.00310529365810385,0.0114374690104894,0.0115481981597886,-0.00457444780148513,0.00380861498027209,0.000506482761140292
"5575",2023-07-06,-0.0175673852548406,-0.00643095433990748,-0.00249060380615904,0.0146537501622613,-0.00470629378936321,0.000506133281528376
"5576",2023-07-07,0.0107792178253318,0.00840525799731113,0.006433960401779,-0.0108283611271505,0.00363216421259173,0.000506133281528376
"5577",2023-07-10,-0.00710298547540972,-0.0038225946825262,0.00603354337686516,0.00468817103569422,-0.00024830543191646,0.000504735056594319
"5578",2023-07-11,-0.00645016955664443,-0.00241544553458675,0.00300700774222765,0.00466944213676801,-0.00106976370098923,0.000504735056594319
"5579",2023-07-12,-0.000720839982663685,-0.0120654435189778,-0.00688012241397511,0.010872117604786,-0.0170501168614807,0.00050403576015956
"5580",2023-07-13,0.00976051919705923,-0.0110819511134965,-8.0467381900348e-05,0.0121127141529312,-0.0107532589389011,0.000503686065931541
"5581",2023-07-14,-0.0134984608414338,-0.00643786383941249,-0.00545753264226709,0.006117983178796,-0.00700263961435907,0.000503686065931541
"5582",2023-07-17,0.00484908687218057,0.00548975688132513,0.00297207754406537,0.00113278185615551,0.00686879528943597,0.000501937134467445
"5583",2023-07-18,-0.00293174430042519,0.0143364074543969,0.0125471240893895,0.00659206392694112,0.0138364461415875,0.000501587256072078
"5584",2023-07-19,-0.00238189321529555,-0.00269647880564381,-0.00195572279376454,0.000582427072597049,-0.00375102555422221,0.000501237346963501
"5585",2023-07-20,0.00431391659434513,-0.0019805182635718,-0.00317569747283307,0.00611225308538987,-0.00299810519878765,0.000500887407135941
"5586",2023-07-21,0.0169885630253851,-0.0016861536740934,-0.00455573398735968,-0.0119698392104637,-0.00190673351493847,0.000499137247026438
"5587",2023-07-24,0.00733990341522832,-0.00659252902754748,-0.0052587844901509,-0.00219121367938404,-0.00410531200534981,0.000498787122772182
"5588",2023-07-25,0.00419444579045747,0.00573570215930886,0.00881886484643955,-0.00577822977477913,0.00543541257966624,0.000497736565448159
"5589",2023-07-26,0.00360733137183283,-0.00528101937344171,-0.000641598671300253,-0.00919501064570502,-0.00682011493278176,0.000496685731167457
"5590",2023-07-27,-0.0196494532278488,0.00161578990285835,-0.0067722158127364,0.00381031587879819,0.00129058348129476,0.000496335391502623
"5591",2023-07-28,0.00366978244450544,0.00634597468671848,0.00473730491724999,-0.00141619254850083,0.00112646066763561,0.000496685731167457
"5592",2023-07-31,0.0115959380103423,-0.00022719031323932,0.00611013330078443,-0.00933851591806562,0.00205163936598249,0.000495284187718825
"5593",2023-08-01,-0.0041907275565629,0.00653167044986217,-0.00235661189613608,-0.0056903365268029,0.00613136564020971,0.000495634619783747
"5594",2023-08-02,-0.00202862934273479,0.00655187526111896,0.00345261846261665,0.00942698325289155,0.00339981973839987,0.00049598502104331
"5595",2023-08-03,-0.00291021647062618,0.0098730440336678,-0.00362060811672152,0.00288190177972212,0.0078133120722403,0.00049037490119197
"5596",2023-08-04,-0.00742091180681884,0.010553047836267,-0.00785003140995461,-0.000475374916454755,0.00779081590666104,0.00049037490119197
"5597",2023-08-07,-0.00283096234495558,-0.010483972055227,-0.00218574186945913,0.0086578020469409,-0.00887276495393605,0.000489673080700914
"5598",2023-08-08,-0.00336949918191154,0.00345035890033315,0.00442333374030258,0.00740953124768415,0.00560583452741558,0.000489322124111125
"5599",2023-08-09,-0.00620367550531964,-0.00514896157703985,-0.00429494984062194,0.0125083097168669,-0.00523741664650396,0.000488971136618055
"5600",2023-08-10,-0.000261147413596821,0.0024301523108129,0.00578346441744426,-0.00361805321135206,0.0077787304467687,0.000488971136618055
"5601",2023-08-11,-0.00260334462335048,-0.00365211603081189,0.0113534962750443,0.01753877293807,-0.00241357771862324,0.000488620118215932
"5602",2023-08-14,-0.00986076168224765,-0.00804490277477103,-0.0111712370245824,0.00415343248268241,-0.00306401026111932,0.000488269068899649
"5603",2023-08-15,-0.00409616895424074,0.00078184935537109,0.00306255074296895,-0.00133220224615802,0.00339245071333503,0.000487917988663433
"5604",2023-08-16,-0.00563394645039945,-0.00262602956267405,0.00660937817899023,0.00199961971703957,-0.00236850696732168,0.000487566877502177
"5605",2023-08-17,-0.00705185109963948,-0.014955686475167,-0.0054961069928073,-0.00992959736408324,-0.0153890083693254,0.000487566877502177
"5606",2023-08-18,0.00316656509109583,0.0015265851900927,0.00422230600436728,-0.00346702732574086,0.00284054851781912,0.000487215735410107
"5607",2023-08-21,-0.00806721804898231,-0.00026390014590388,-0.00485570783478718,-3.53083453610362e-05,0.00118105326149369,0.000486864562382117
"5608",2023-08-22,0.0136568940663132,0.0160174283509776,0.00665906538295144,0.00169490131848849,0.0151339768895341,0.000486513358412211
"5609",2023-08-23,0.0136090476705703,0.00899565133860118,-1.81606347031925e-06,0.00418017192772751,0.011053397849968,0.000486162123495504
"5610",2023-08-24,-0.00927923431987312,0.000682349706420779,0.0010899482539243,-0.00306236978086703,0.00371835885473471,0.000485810857626001
"5611",2023-08-25,-0.0102189310337039,-0.0135636642425138,-0.00405354423084877,0.00834790937263704,-0.00939487462802976,0.000485459560798596
"5612",2023-08-28,0.00934087438580348,-0.0119487106707501,-0.00206219668163348,0.00728218333166211,-0.0126304095502295,0.000485108233007736
"5613",2023-08-29,0.0100726229720105,0.00575668440005109,0.00789884520184019,0.00089407141602443,0.0157738593860376,0.000484756874248093
"5614",2023-08-30,-0.00757224190760338,0.00565414886198975,-0.00152359333009872,-0.00332041087546503,0.00878584853023746,0.000484405484513895
"5615",2023-08-31,-0.0175353523470048,-0.00914370043995926,-0.00464779839838097,0.0108735128685667,-0.00796421466500175,0.000484405484513895
"5616",2023-09-01,0.0158463442059486,0.00131217152906387,0.00412861871112584,-0.000982903524539142,-0.00051795618151561,0.000484054063799588
"5617",2023-09-04,-0.00142459552294993,-0.00309502231816221,-0.00770621576624667,-0.00317993286369274,-0.000348732183194022,0.00048264807103493
"5618",2023-09-05,-0.00378592852883557,-0.00375702484988385,0.00136485497960885,0.00950267160526911,0.00128624562218266,0.000481944888630848
"5619",2023-09-06,-0.010473279829761,-0.00456747310306517,0.00399130370144319,0.0068257880927538,-0.0018553314460696,0.000480889882374269
"5620",2023-09-08,-0.00504572746125483,0.000932251253592567,-0.000688898126148837,0.0170257790014511,0.000881685593562248,0.000480538151559795
"5621",2023-09-11,0.0127153387512341,-0.00653894075920878,0.00031706020070992,0.00523109637007227,-0.0060662771556369,0.000479130917846016
"5622",2023-09-12,0.00868615340599543,0.0117946159274352,0.00394314986805907,-0.0022047784149929,0.0140871314906661,0.000478075166427283
"5623",2023-09-13,0.0010458118067248,0.00223769936571131,-0.00142294667849241,-0.00394108951228121,0.00405888107738523,0.000477723187137791
"5624",2023-09-14,0.00592131179634311,-0.0143020214698437,-0.00489643773839076,0.0116597541443664,-0.00549928725107069,0.00047701913530096
"5625",2023-09-15,-0.00465535327742282,-0.00960591662171082,0.00161427978256349,0.0187298354007627,-0.0104167019813659,0.000476314959083401
"5626",2023-09-18,-0.00360854448054165,0.00312980940702886,0.00252018808061593,0.0113102648394649,0.0049895286258852,0.000475258461447137
"5627",2023-09-19,-0.00337945914124771,-0.00236935015272803,-0.000878736700922739,-0.00388046371242606,-0.00216234567842765,0.000474553974085357
"5628",2023-09-20,0.00588686899680257,0.00328433799386627,0.00213816156122788,0.00108015805205115,0.00386993758816317,0.000473497009526147
"5629",2023-09-21,-0.0201821241347668,-0.00832382831135477,-0.00532581588886118,0.0109704018993487,-0.00432035924864604,0.000472792210744588
"5630",2023-09-22,-0.00281502020200561,-0.00623576283495139,-0.00038096913507429,0.0100243935798859,-0.0028759521275738,0.000472792210744588
"5631",2023-09-25,-6.88098663350697e-05,-0.00656305575536206,-0.00802897768877197,0.000311981906674163,-0.00793121115524611,0.000472792210744588
"5632",2023-09-26,-0.0152354504190183,0.00093382150563737,-0.000221407113271923,-0.00459130500346845,-0.00106779598817936,0.000472792210744588
"5633",2023-09-27,-0.000758148918336121,-0.00434452967106414,-0.00532330753840029,0.0052181076412595,-0.00408380879735939,0.000472792210744588
"5634",2023-09-28,0.0111482681357162,0.0131185243689474,0.0039075695432521,-0.00651465083449402,0.00881112880042372,0.000472792210744588
"5635",2023-09-29,0.00571392113021937,0.0105781564483196,0.00794481913923128,-0.00194675064801206,0.00626764240348352,0.000472792210744588
"5636",2023-10-02,-0.0118299302978159,-0.0115603984947224,-0.010271244882944,-0.0054983805726074,-0.0159088694716021,0.000473144625713129
"5637",2023-10-03,-0.013793437720052,-0.00692239348280849,-0.00528196448982324,-0.00144286134403699,-0.00474961342285717,0.00047243976461453
"5638",2023-10-04,0.00142634760040025,0.00904435882415804,-0.000986272194322362,-0.011557720231818,0.0021369206807222,0.000472087287317624
"5639",2023-10-05,-0.00331205665677128,-0.00329679977584582,-0.010380762458522,-0.00513021540118086,0.00137675351345989,0.000472087287317624
"5640",2023-10-06,0.00617868061780433,-0.00788773084029529,0.00185164081671988,-0.00224015067384152,-0.00724626906334199,0.000471382239201512
"5641",2023-10-09,0.00803701664867196,-0.00726226912886971,-0.00566366872202076,0.00500430281520028,-0.00821642810468982,0.000469619073105054
"5642",2023-10-10,0.0129457859283568,0.0141724266389181,0.00339968367490322,-0.0155031418993416,0.0107811183960927,0.000468913588227871
"5643",2023-10-11,0.000671672590108299,-0.00825587766995432,0.0063218233167714,0.00496382031192087,-0.00475338236477971,0.000468207978462143
"5644",2023-10-13,-0.0115050072533745,-0.00750577919578375,-0.00139739958629516,0.00889835800793458,-0.00696123156219801,0.000467149329550498
"5645",2023-10-16,0.00562703221152081,-0.00362896533823788,0.00237118901330874,0.000293276502831065,-0.00724040230755969,0.000466090399390717
"5646",2023-10-17,-0.00734953695382827,0.00364324047383674,-0.00409052737279131,0.0109819409819044,-0.00119233196085376,0.000465737360145102
"5647",2023-10-18,-0.0144306648303186,-0.00423778377684548,-0.00499696455998432,-0.00132100990578573,-0.00359493833906079,0.000464678054754142
"5648",2023-10-19,0.000760107324399307,-0.00217888316074976,0.00495565290155337,0.00982912128304792,0.00281445512993461,0.000463971694726117
"5649",2023-10-20,-0.00681560526543841,0.0051024063733188,4.14131463683898e-06,-0.000863331651465027,0.00463167258242583,0.000463265209498909
"5650",2023-10-23,-0.00361758286160568,0.00870704365781997,-0.000977221562820589,-0.00495139209323127,0.00696870701391286,0.000462205246812397
"5651",2023-10-24,0.00785100438892391,0.00845105272526943,0.0043680788833347,-0.00102998677781737,0.00968379148145508,0.000461498448392383
"5652",2023-10-25,-0.0116762137590701,-0.00889456235033543,-0.00021449619298234,0.00187797564022561,-0.00667068902528658,0.000460791524617754
"5653",2023-10-26,0.016199217214746,0.00554007897465427,0.00842960621942545,-0.00196727742383175,0.00416546791441149,0.000459730903817457
"5654",2023-10-27,-0.0165488383046963,-0.000222289670939711,0.00363331259101098,0.00347109308301439,-0.00272388051073583,0.000459023666460334
"5655",2023-10-30,-0.00767443615088149,-0.00578557969353791,0.00316965314249633,0.0136629396573445,-0.0035617649878588,0.000457962575077575
"5656",2023-10-31,0.00500626389412688,0.000721793641667159,-0.00260088500397229,-0.00470533695450973,0.0019374875492236,0.000457255023859071
"5657",2023-11-01,0.0154731646943837,-0.00731178430852282,0.00357678034674411,-0.00873921662037879,-0.00780291595882782,0.000456193461474852
"5658",2023-11-03,0.0271664751575599,0.019775272284251,0.00505734112506638,-0.0188170826384593,0.0181500027918252,0.000455131616288851
"5659",2023-11-06,0.000937100735247767,-0.0178397246259982,0.00196043173009833,0.0129617127409771,-0.0147261920124947,0.000454069488149633
"5660",2023-11-07,0.00942262429956285,0.00171219665535995,0.00165296329266041,-0.0194669239720782,-0.00308326480684846,0.000453361245452921
"5661",2023-11-08,-0.000983398682631599,0.0035871897878737,0.00212787379429078,0.00706963832924724,0.00962865615018383,0.000453007076906653
"5662",2023-11-09,-0.00218586161067693,-0.000398997123752182,0.0110924335398069,0.0164683918958143,-0.00157577427657569,0.000452652876887338
"5663",2023-11-10,0.0109944051625635,0.00359895465843861,0.00465791799279781,0.00200851865698483,-0.00110948937891238,0.00045229864538987
"5664",2023-11-13,-0.000298319126671321,0.00594790820344293,0.00841656127236298,0.00818638178031701,0.0106880425590066,0.000451590087936937
"5665",2023-11-14,0.021084495294835,-0.0102590779512978,-0.00731709709665949,-0.00942967380796717,-0.0123831727266226,0.00045123576197037
"5666",2023-11-16,0.0116924469234301,-0.00242940687513232,0.00523768624709848,-0.0202563444098979,-0.00287623029549055,0.000450527015529056
"5667",2023-11-17,-0.00207137372052836,0.00219630710768882,0.00320850779079876,-0.0042427296748289,0.00432060475885472,0.00044981814303946
"5668",2023-11-20,0.0075110585917437,-0.00440314423693889,-0.00507970859806867,-1.18009574956454e-05,-0.00577793397909951,0.000449463659512483
"5669",2023-11-21,-0.00487901721557428,-0.00791746644615185,-0.000858378513080599,0.00050082968508019,-0.00613474115466684,0.000449109144456505
"5670",2023-11-22,0.00388168019796986,-0.00899738879501055,-0.00204125003987429,-0.00570096045842579,-0.00772435819531854,0.000448400019735562
"5671",2023-11-23,0.00323800389560704,-0.0003108565590467,0.0028784789656254,-0.00526789617647448,-0.0017651855310565,0.000448400019735562
"5672",2023-11-24,-0.00830730406175518,0.0012049310142397,-0.00153086637987021,0.0113550002369156,0.00124635250519986,0.000447690768831333
"5673",2023-11-27,0.00189137910785477,0.000109283149527844,0.00602880293840704,0.00707667859416337,7.65306436541148e-05,0.000446981391698742
"5674",2023-11-28,0.00723974067595102,0.00917518002869278,-0.00210364825946463,-0.00087632118918207,0.00598227447272183,0.000446626655782767
"5675",2023-11-29,-0.00444328747685707,-0.000477233375623811,6.4114266813394e-05,0.000164903834355157,0.00423285257429483,0.000446271888292937
"5676",2023-11-30,0.00986825731187993,-0.00280570232755042,0.00011338478855437,0.00534315050586781,-0.00245521849844606,0.000445917089223702
"5677",2023-12-01,0.00665621585575774,0.00268095357304373,0.0091207442463534,-0.00672005887710288,-0.00170876891083231,0.000445562258569066
"5678",2023-12-04,-0.00954273032865992,-0.00319719353489387,-0.00243971580832966,0.00803987335306821,-0.000944460768244389,0.000444497577037684
"5679",2023-12-05,0.00275784067585782,0.0100579308774809,0.0032233766718767,-0.0105561133576218,0.00505166574372586,0.00044378763132058
"5680",2023-12-06,-0.00977431501755396,0.00197533058866786,0.00311692936870908,0.000188247495962741,0.00475066222650614,0.000442722475588075
"5681",2023-12-07,0.0032709680022113,0.0085006150846718,0.00742923066388578,0.000961785450877939,0.00256468009175288,0.000442012213595966
"5682",2023-12-08,0.00786146015129385,-0.00197504495367444,-0.00188352157299364,0.00405243016183518,-0.00373770604538747,0.000441301825014895
"5683",2023-12-11,-0.00287344445563892,-0.00413521988884719,0.00166746406908814,0.006333990161274,-0.00544080793274718,0.000439880667904236
"5684",2023-12-12,-0.00325452389732459,0.0105434108584807,0.00259803053615176,-0.00253542676832473,0.010567700119929,0.000439169899284275
"5685",2023-12-13,0.0247284691792272,0.000138271266238749,-0.00392969397811802,-0.0131657259034541,0.00216203906787246,0.000438103508646037
"5686",2023-12-14,0.00774110563761843,-0.00387340925906223,-0.00488714046117223,0.00800292647940865,-0.00831184314218763,0.000437392423015881
"5687",2023-12-15,-0.00389395207724588,-0.00498543629276075,0.00316408259435449,0.0115528425765352,-0.00156555466885357,0.000437392423015881
"5688",2023-12-18,0.00592202468048542,-0.00388909989293386,-0.00111622002220667,0.00207939184308409,-0.00765459813895568,0.000437392423015881
"5689",2023-12-19,0.0061971874781313,-0.00440057637460515,-0.00656157872050771,0.000181405727160433,-0.00415872713445699,0.000437392423015881
"5690",2023-12-20,-0.00687830462171591,0.00575884827776425,0.0093806192678725,-0.00213992978115275,0.00950246960706726,0.000437392423015881
"5691",2023-12-21,0.00822730906883128,-0.00819427742195534,-0.0013920603667922,0.00107309911405944,-0.0077322258647805,0.000437392423015881
"5692",2023-12-22,0.00517775034436692,0.00122519672373805,0.000673305757744849,-0.00296753205869485,-0.000301625301839558,0.000437392423015881
"5693",2023-12-26,0.00544969378441827,0.00270888494742531,0.00193438217653264,-0.0142131145556089,0.00642013445518715,0.000437392423015881
"5694",2023-12-27,0.00451340969472672,0.0049900582283236,0.00883391407803892,-0.00454919301163992,0.00485885378272671,0.000437392423015881
"5695",2023-12-28,0.000333808937787695,0.000414489383559754,0.0120296387170172,0.0137826699676906,0.00361006054215104,0.000437392423015881
"5696",2024-01-02,-0.0121514608169908,-0.00495288109787816,0.0167243526682338,-0.00533169720955095,-0.00239634800157395,0.000437392423015881
"5697",2024-01-03,0.00125213373890361,-0.00180144992662035,-0.00549617967533024,0.000197127332729763,0.00120427114478745,0.00043668121050211
"5698",2024-01-04,-0.0116926362593791,-0.0205630706042736,-0.0110167260666317,0.00828754451888787,-0.0188944769583092,0.000437036832622084
"5699",2024-01-05,0.00532672690810886,-0.00316162635609035,-0.00283289252193746,0.000424777692665582,-0.00360672366064967,0.000436325556649741
"5700",2024-01-08,0.00345272611022748,0.0118534079282891,-0.00586098628491301,-0.0117301625985171,0.00916916924138926,0.000434190966840831
"5701",2024-01-09,-0.00781515098424039,0.00780987043653886,0.00357654053973863,0.00215031234790634,0.00910350500980481,0.000433479182789576
"5702",2024-01-10,-0.00540628477451509,-0.00601931160042052,-0.00115179046363496,0.00963096368544319,-0.00671641790681395,0.000432411268323163
"5703",2024-01-11,-0.00318884953163139,-0.00328112515915109,0.000377544465030523,0.00145179920438245,-0.000109409558176518,0.000433835090704049
"5704",2024-01-12,0.00242102778210625,0.00523459855152758,0.00151029116376718,-0.00785357645357111,0.00466243866129662,0.000432767271604684
"5705",2024-01-15,0.00271500583289624,0.00643456465592845,0.00957278132057857,0.00113333029316838,-0.000517866857536945,0.000430986937135502
"5706",2024-01-16,-0.0165064165809985,-0.00657676515068075,-0.00868633371826351,0.0118911225564627,-0.00452861687659084,0.0004302745806255
"5707",2024-01-17,-0.00411082143895664,-0.00102244197797483,0.0025606886142117,0.0127305830622394,-0.00201079587898903,0.000429205807086497
"5708",2024-01-18,-0.00896504299189834,-0.00714705644401106,-0.00554245803860935,0.00118575869313264,-0.00930916274080955,0.000428849485544447
"5709",2024-01-19,0.00276381095263308,-0.000189009472984935,0.00172655328925036,0.0043171007884983,-0.00182516044647884,0.000428136746882135
"5710",2024-01-22,-0.00866049236482292,-0.00753056984674544,0.00352946343482981,0.00660680526987758,-0.0140611986223706,0.000426710887086124
"5711",2024-01-23,0.0112846401064169,0.00096252716862371,-0.000345269776630082,0.00085465687304891,0.00472738702505038,0.000425997765860719
"5712",2024-01-24,-0.00417832069796869,-6.18088028516589e-05,0.00366848698848101,0.00582409681128006,0.00354220367018751,0.000424927844735246
"5713",2024-01-25,0.00276104101610127,0.00038712748749989,0.00402605212955934,-0.002166735474658,-0.00575458699333346,0.000424214404392886
"5714",2024-01-26,0.00494213351505109,-0.0121950307105935,-0.00132249534674265,0.00409862027472317,-0.0135749988604824,0.000423500836323587
"5715",2024-01-29,-0.00370925333191467,-0.0074856405428917,-0.00604321577561593,0.00282365525019301,-0.00774018069828277,0.000422073316820537
"5716",2024-01-30,-0.00883235793705018,-0.011038158495082,-0.000840866435602999,0.00883830055058107,-0.00609671128805929,0.000421359365295304
"5717",2024-01-31,0.00322465172407604,0.0120206895228088,0.0056786350973619,-0.00308371339920694,0.0062436949075588,0.000420288198160979
"5718",2024-02-01,0.0054855992080157,-0.00905987702892255,-0.00169386695410637,0.00993793319919439,-0.0114366140800451,0.000419573926773387
"5719",2024-02-02,-0.00855523070391075,-0.000854115683077684,-0.00290898673811474,0.000559027278581883,0.00334976989665128,0.000419573926773387
"5720",2024-02-05,0.00348296607205601,-0.0205368887386034,-0.00623639171176583,0.00879227449992233,-0.0176600549069048,0.000418859527360427
"5721",2024-02-06,0.0198225291700742,-0.00239895182638866,0.00649526449304493,-0.00511139511982554,-0.0051555942701955,0.00041850227963014
"5722",2024-02-07,-0.00329353580159601,0.0136907686695703,-0.00909662403997459,0.0017493419094657,0.00632031192117715,0.00041850227963014
"5723",2024-02-08,-0.0141401009883468,-0.00378682337265484,-0.0069399507025444,0.00027513799771731,-0.00734100360496961,0.00041850227963014
"5724",2024-02-09,-0.00229577186406603,0.00305057625974686,0.0093187156440766,0.00449607608619778,0.00349089620036109,0.000418144999876136
"5725",2024-02-14,-0.00745727667660872,-0.0023714682405904,0.00151003310759354,0.00235061514500279,-0.00303602699689198,0.000417430344274772
"5726",2024-02-15,0.00646658842994828,-0.00271246204373806,-0.000939060854579649,-0.002043279945793,-0.000907362513367818,0.000417430344274772
"5727",2024-02-16,0.00502846463285572,0.007445625968476,0.00719742565748707,-0.0119619522805246,0.00464797235233222,0.000417072968415644
"5728",2024-02-19,0.00186486229417201,0.00916888554178634,0.00162369494353882,0.000786538303991024,0.0052091316285537,0.000416715560509706
"5729",2024-02-20,0.00771912487350916,0.0131156254243599,0.00443766010323151,0.00241281771464125,0.00663547272668132,0.00041635812055163
"5730",2024-02-21,0.000704691701460165,-0.000995587197128922,0.00165734456314131,-0.00186994214107914,-0.00174618323834191,0.00041600064853542
"5731",2024-02-22,0.00239928226464068,0.00513736489575303,0.00457010225965189,-0.00295506489076439,0.00472758551456249,0.00041600064853542
"5732",2024-02-23,-0.0070056049033032,-0.0094132469983009,-0.000672428098250929,-0.00175838572963877,-0.00389200747805349,0.000415643144455302
"5733",2024-02-26,0.00260510388786397,-0.0093280704558203,-0.00120611195934328,0.00725419425619065,-0.00650297312915413,0.000415643144455302
"5734",2024-02-27,0.0153968895959783,0.0256554953407077,0.0265506175063815,-0.00596202157494139,0.0176422795434682,0.000415285608305505
"5735",2024-02-28,-0.010620166502703,0.00688837315831179,0.0104229905550934,-0.00223259652679222,0.00425745896545492,0.000414928040080254
"5736",2024-02-29,-0.0114987727575307,0.00291566308711084,0.00291962984462735,0.000573234627863102,0.00760181154361829,0.000414928040080254
"5737",2024-03-01,0.000944071313437116,0.00527513381931746,0.0052270491238062,-0.00330265647032591,0.00287267811640775,0.000414570439773998
"5738",2024-03-04,-0.00716802799171321,-0.00691928004320098,-0.00227529141155533,0.00869236185135419,-0.00658829672127041,0.000413139717621247
"5739",2024-03-05,-0.000333509426606055,0.00402545956890449,-0.0021002509034697,0.00395801415789853,0.0041023924020026,0.000412066338871364
"5740",2024-03-06,0.00509965738406468,-0.00347812438919018,-0.00509937711384618,0.00630396112393034,-2.81670903033521e-05,0.000411350592411042
"5741",2024-03-07,-0.00267114589450094,-0.00157277096492695,-0.00497417016878341,0.0115166714552963,0.00254795332773669,0.000410992670975219
"5742",2024-03-08,-0.0105905067530194,0.00658573020289876,0.00974299445665319,0.000872536505193533,0.000920925833433847,0.000410276731663828
"5743",2024-03-11,-0.00608304332501795,-0.00135678648387226,0.000920434337501539,-0.00420584154224383,0.00233159592511901,0.000408844467119085
"5744",2024-03-12,0.010717423844602,0.00204915580695246,-0.000643235014289169,0.00333122150043598,-0.000580260094830641,0.000407769930846458
"5745",2024-03-13,0.00121314714139433,0.00481717552502719,-0.00352711943845155,0.00368987235086735,0.00254491665264121,0.000407053412356806
"5746",2024-03-14,-0.00176088731232699,-0.00167630573939692,0.00328822251745512,0.00398675819171014,-0.00274914556280279,0.00040669510480229
"5747",2024-03-15,-0.00590407920070437,-0.0141735712243789,-0.0187293400751968,1.20351480747301e-05,-0.00841590890008714,0.000405619988829597
"5748",2024-03-18,0.000724942048610823,-0.00897446675618319,0.00169184015950947,-0.00444261768612679,-0.00434492338282799,0.000404903083699226
"5749",2024-03-19,0.00280407970704328,-0.00636281889828784,-0.0019707835477622,0.00418831128944183,-0.00683051037259659,0.000403827484164232
"5750",2024-03-20,0.0119734597317395,0.0152704324272677,-0.00216990253797589,-0.00894746693440357,0.00864303183942853,0.000402751594282824
"5751",2024-03-21,-0.006708125407068,-0.00111601573557234,-0.00271624169519402,-0.00230240054493496,0.00273630555972685,0.000401675413897573
"5752",2024-03-22,-0.0085961743856001,-0.00061785760762925,-0.00212166566494168,0.00238000316513435,0.00063460193301528,0.000402034172980459
"5753",2024-03-25,-0.00299952976423507,-0.00882552073014694,-0.00110328895617488,0.00392055464009779,-0.0145309227570172,0.000402034172980459
"5754",2024-03-26,-0.000114317883326878,0.00101597607684756,0.00301011393001924,0.00761677556202454,0.00711219608888695,0.000402034172980459
"5755",2024-03-27,0.00662311066635323,-0.00375637971151754,-0.00251296393273004,0.00391130301679607,-0.00500153820456397,0.000401675413897573
"5756",2024-03-28,0.00271543461217958,0.0180525216566531,0.00973153104092739,0.00502920119436218,0.0102759303228813,0.000402034172980459
"5757",2024-04-01,-0.00917413714207644,-0.00357289620471029,0.00951515527703959,0.0104586523953436,-0.00248847065500167,0.000402034172980459
"5758",2024-04-02,0.0025501950959712,0.00127137072064256,-0.00112511571221768,-0.00332523381366535,0.00136560922798506,0.000402034172980459
"5759",2024-04-03,-0.00178571986609238,-0.0131252664940732,0.00182236677161824,0.000369074693803404,-0.0106847670741746,0.000401316622518966
"5760",2024-04-04,0.00147113345416484,-0.00991129487824053,-0.00549866840000397,0.00702336517501566,-0.00359995942978998,0.000401675413897573
"5761",2024-04-05,-0.00552059189119114,0.00526899911570762,0.000685945458552545,0.00649324312690918,0.00599136720585064,0.000400957798838641
"5762",2024-04-08,0.0127646856563828,0.0009267901886567,0.00150792321703702,0.000958299013257221,0.0024810064159857,0.000399522180986711
"5763",2024-04-09,0.00844273558384939,0.00476127333466435,0.00425725894065727,-0.00534359393368033,0.00438615582611901,0.00039880417810001
"5764",2024-04-10,-0.0146273258524209,-0.00272827515643161,-0.000141950999739269,0.00388895986845228,0.00126888835356861,0.000398445128146241
"5765",2024-04-11,-0.00497390169625685,-0.00124870677152221,-0.0018033422741871,-0.00494498841393516,0.00120880384549068,0.000398445128146241
"5766",2024-04-12,-0.0130524720922971,-0.0200118713316405,-0.00984943657432554,-0.00398739429104614,-0.015082924833615,0.000398086045844126
"5767",2024-04-15,-0.00723947519794387,-0.0264240257704905,0.00543757211432249,0.00394502196355739,-0.0230001275934524,0.000397008604790861
"5768",2024-04-16,-0.00762629631862698,0.00902860693586178,0.00381960179577792,-0.0016601667293279,0.0051026239806799,0.000397367784172209
"5769",2024-04-17,-0.00148810686308128,0.000381820036216455,-0.00535704772292451,-0.00494756063511972,0.00486819429364771,0.000397726931188114
"5770",2024-04-18,-8.65089734540243e-05,0.00629487781645873,0.00571808464613104,-0.00331275105907201,0.00808470066658367,0.000397726931188114
"5771",2024-04-19,0.0065722759857288,0.0151441855785433,0.00617008739462935,-0.00970046518492605,0.00411620298354938,0.000397726931188114
"5772",2024-04-22,0.00238868650335883,0.0047159779844099,0.00350176354515997,-0.00486111585910074,-0.00143591774014623,0.000396649393037629
"5773",2024-04-23,-0.00255491054258552,0.000225342349107462,-0.00517296739675552,-9.68128212802972e-05,0.0029660258536275,0.000396290148907186
"5774",2024-04-24,-0.0036096615398912,-0.00564731049603516,0.0027486071546678,0.00721606423495001,-0.00354928775527776,0.000396290148907186
"5775",2024-04-25,-0.000402124729042971,0.00528248128649813,0.00238674655858652,0.00364868545006494,0.000326515979166866,0.000395930872393535
"5776",2024-04-26,0.0139767283269816,0.00751476120885719,-0.000469315741995692,0.00607398837027459,0.00658570100550655,0.000394852848494498
"5777",2024-04-29,0.00604611218044896,0.0025949674217211,0.00803986153001482,-0.0124317703694713,0.000175700196550632,0.000393774532935875
"5778",2024-04-30,-0.00975770800927578,-0.00767099948550278,-0.00249937167749818,-0.00649124686481554,-0.00552211339788955,0.000394852848494498
"5779",2024-05-02,0.0100472141607245,0.0102951602252617,0.00362695044055875,0.00214890440936529,0.00397729671633025,0.000393774532935875
"5780",2024-05-03,0.0101241733754799,0.00266675924883855,0.00114846333649355,0.0116129449743111,0.00218868617516869,0.000392695925559128
"5781",2024-05-06,-0.00160020799996597,-0.00267730952605997,0.00460571201778307,-0.00261963137173707,-0.00549257558448763,0.000392695925559128
"5782",2024-05-07,0.00423683680225829,-0.00778803360071544,-0.0184577178198154,-0.00788811186520881,-0.00450899281768787,0.000392336324890996
"5783",2024-05-08,0.00124765171574213,-0.00497951703446238,0.00296342427420354,0.010897270228945,-0.00627430912781746,0.000391617026206159
"5784",2024-05-09,-0.0108134706069802,0.000770937372768045,-0.00531928906845287,-0.00822929216102206,-0.0005563822798003,0.000392336324890996
"5785",2024-05-10,-0.00464155348644828,-0.0169527393452748,-0.00266026603089437,0.00490104472275452,-0.0107287878793471,0.000392336324890996
"5786",2024-05-13,0.00381822158177175,-0.00617973456835854,0.00296863409659863,-0.005496487896397,-0.00623623313163344,0.000392336324890996
"5787",2024-05-14,0.00219666378324562,0.00116573810843079,0.0107113596508552,0.000123620282278197,-8.20955107309011e-05,0.000392336324890996
"5788",2024-05-15,-0.00388037625413167,0.00176264454788499,0.0074180066407012,0.0130461437461341,-0.00139082057659803,0.000392336324890996
"5789",2024-05-16,0.000837648782916555,-0.00371818107181481,0.000229730624024478,-0.00246114785367158,-0.00628426685846903,0.000392336324890996
"5790",2024-05-17,-0.00253547487931097,0.00216025913708339,-0.000779046966025497,-0.00949190255916185,-0.00143492472595026,0.000392336324890996
"5791",2024-05-20,-0.00189553873982021,0.0042998011615777,1.33697102718058e-05,-0.00181355924558886,0.00514247565421421,0.000392336324890996
"5792",2024-05-21,-0.00246895641001309,-0.00187024460469711,0.00314022549290479,0.00246001367626431,-0.00359055322056727,0.000392336324890996
"5793",2024-05-22,-0.0121611094344703,-0.00784496703736052,-0.00700675452500123,-0.00296278063773899,-0.00519678127879122,0.000392336324890996
"5794",2024-05-23,-0.00702389679902311,0.00439038041917142,-0.00103161070206891,-0.000272898273072034,0.00668408408228101,0.000392336324890996
"5795",2024-05-24,-0.00468142119776491,0.00260349025664529,0.0114293027879451,0.00634945900829957,0.00817046725839183,0.000392336324890996
"5796",2024-05-27,0.000957578211465677,0.00256006190515392,0.00296480351023371,0.00712596170036928,-0.000857011019137107,0.000392336324890996
"5797",2024-05-28,-0.00573717743252428,-0.00534931827504147,-6.60894069609095e-05,0.00498772720253241,-0.00905094288747582,0.000392336324890996
"5798",2024-05-29,-0.00751821207246693,0.00416769735403948,0.000107012319993178,-0.00134093983962967,0.00430303619778047,0.000392336324890996
"5799",2024-05-31,-0.00505085751288852,-0.00313735263275174,-0.0010625510338481,-0.00462349562529504,0.00303019797155361,0.000392336324890996
"5800",2024-06-03,-0.000183035822667393,0.00147922986340155,-0.00218287240566621,-0.0107378864655347,-0.000457077388521852,0.000392336324890996
"5801",2024-06-04,-0.00236993250720639,-0.0104088606570227,-0.00476417662965204,0.00894575674791482,-0.00623347506517291,0.000391976691775264
"5802",2024-06-05,-0.00308305555771649,-0.00672286685558245,-0.00327067302212467,0.00707885099377245,-0.00670268790345929,0.000392336324890996
"5803",2024-06-06,0.0113535291988111,0.00928377908581229,0.00671225670004864,-0.00733867046285357,0.00683255737541832,0.000391976691775264
"5804",2024-06-07,-0.0176745918499828,-0.00116682554580227,0.0017311204498608,-0.00380812389767682,0.00193171645980071,0.00039305549378521
"5805",2024-06-10,-0.00239165096552161,-0.0100500852252997,0.00110057206192185,0.00155514842808814,-0.00845879364231219,0.000393774532935875
"5806",2024-06-11,0.00739715236084124,0.00883758524481682,0.00661925822524538,-0.00252555691201585,0.00744482020172294,0.000393415029575683
"5807",2024-06-12,-0.0138388070460256,-0.00318568944335255,-0.000996978291458929,0.00602390438047957,-0.00339692940153025,0.000393774532935875
"5808",2024-06-13,-0.00383309842055298,-0.00269713384966733,0.00525513168763908,0.000727639814670864,-0.0075620851881914,0.000393415029575683
"5809",2024-06-14,-0.000285396460547714,0.000437100957711623,-0.00168966215884137,-0.0006311233017597,-0.00618500135552219,0.000393774532935875
"5810",2024-06-17,-0.00467842525196226,-0.00954909234115081,-0.00542302784581775,0.00818823584155516,-0.0114305244328939,0.000393415029575683
"5811",2024-06-18,0.0047799169589216,-0.00901845998819928,-0.00432556548330902,0.0110275644886297,-0.00769345556989208,0.000393415029575683
"5812",2024-06-19,0.00513649550765031,0.00298374007900556,-0.00763599753261359,-0.00635935470110982,0.000185253354693808,0.000393415029575683
"5813",2024-06-20,0.00217156533008759,-0.0101461865218555,0.00288969324639781,0.00641010689342703,-0.0102776710321361,0.00039305549378521
"5814",2024-06-21,0.00717539190484896,-0.000367794812492961,0.00122833638524474,0.00292103375833491,0.00235145922539545,0.00039305549378521
"5815",2024-06-24,0.0104523913994421,0.00851852354451942,0.000768257234677008,-0.00421315059048997,0.00328501990581376,0.00039305549378521
"5816",2024-06-25,-0.00120117672903105,-0.00270646681153684,-0.0057136472052677,0.00837959814689788,-0.00163733365558407,0.00039305549378521
"5817",2024-06-26,0.000649876148491251,-0.0101236723560468,-0.0115162829748426,0.004565347799242,-0.00945611141756843,0.00039305549378521
"5818",2024-06-27,0.0130854711080808,0.0106650199997282,0.00137381887321765,-0.00536271900205196,0.00656291731361737,0.00039305549378521
"5819",2024-06-28,-0.00362956218784693,-0.00390212111138649,0.00159187526534983,0.00507515740758484,-0.00377538295731935,0.000393415029575683
"5820",2024-07-01,0.0039510977480861,-0.00442599305237652,-0.00622509051734822,0.000216782865249419,-0.00757360998713265,0.000393774532935875
"5821",2024-07-02,0.000356267071870321,0.00484539195735784,-0.00315190343957278,0.00101780423409925,0.00357550925843692,0.000393415029575683
"5822",2024-07-03,0.00524871335895635,0.0179107843510482,-0.00452787705425071,-0.0141065986290051,0.0182422751650997,0.000393415029575683
"5823",2024-07-04,0.00513148778173002,0.0222854319266049,0.00545761800521662,-0.014552422031036,0.0211511368272944,0.00039305549378521
"5824",2024-07-05,1.2874363272917e-05,0.0147664956478683,-0.00392186859239229,-0.014996051303498,0.00946353223349839,0.00039305549378521
"5825",2024-07-08,0.00257125441530344,0.000960863055244737,-0.00264096369583486,-0.00580353853779527,0.00241302800188357,0.000393415029575683
"5826",2024-07-09,0.00398694013549666,0.012363595428359,-0.00318866311524116,-0.0122425143156066,0.00295620472200408,0.00039305549378521
"5827",2024-07-10,0.0016740496539314,0.00548286031154629,0.00182124308000444,-0.00228758767007267,0.00114320576959978,0.00039305549378521
"5828",2024-07-11,0.00939462614717091,0.00777773358631648,0.00177510469282755,0.00080718691506668,0.00563525360957714,0.00039305549378521
"5829",2024-07-12,0.00320168945642812,-0.0155582956032669,0.000753893838518549,0.00532997146814584,-0.0097029448456079,0.00039305549378521
"5830",2024-07-15,0.00290285185398423,0.00279487621111589,0.00363285330182043,-0.00391509428507239,9.86814030381686e-06,0.000393415029575683
"5831",2024-07-16,-0.000340207020281736,0.00368521083800063,0.00398937413662745,0.00433516089696231,0.00612839896718309,0.000393415029575683
"5832",2024-07-17,0.00426738344527571,-0.00838212211184111,-0.00361902128319198,0.0139832970647389,-0.00767418254186872,0.000393415029575683
"5833",2024-07-18,-0.0138552438750218,-0.0162273302215295,-0.00837673424905136,0.0142028959917867,-0.0143247491774422,0.000393774532935875
"5834",2024-07-19,-0.000868691266385511,-0.0036824675193424,-0.00758115734256805,0.00652294670083562,-0.00502632431007769,0.000393415029575683
"5835",2024-07-22,0.00211718576982782,0.010006744275084,-0.0045010048405246,-0.0046334683112788,0.00843104769642974,0.000393415029575683
"5836",2024-07-23,-0.0110880544565332,-0.00500509327605054,-0.000185750799170322,0.00601372996454843,-0.0096058466269399,0.000393415029575683
"5837",2024-07-24,-0.00235858882416939,-0.00326603300760202,-0.00423708443438251,0.00722377254766058,-0.00371883398660171,0.000393774532935875
"5838",2024-07-25,-0.00523088783980427,0.000527680372018836,0.000278790282502363,-0.00260968315981789,-0.000553904041061778,0.000394134003871782
"5839",2024-07-26,0.010262678103417,0.0106948012647372,-0.0101756978475273,-0.0117014130507311,0.00518518669159042,0.000394134003871782
"5840",2024-07-29,-0.00511652791651759,-0.0118833729348289,0.00223195266080248,0.0138643353347374,-0.0100098244322248,0.000393774532935875
"5841",2024-07-30,-0.00610020097079094,-0.000790096423383668,0.00430601228862263,0.011282203436456,-0.00328813797838273,0.000393415029575683
"5842",2024-07-31,0.0108058608453034,0.00366103636935456,-0.00430333680374709,-0.00232558846034945,0.00375351633793803,0.000393415029575683
"5843",2024-08-01,0.000440630445020663,-0.00945822924623589,-0.00436026336503938,0.0133999094551142,-0.0136298552068605,0.000393415029575683
"5844",2024-08-02,-0.0111950410974115,0.0146851026424877,-0.0145146436467836,-0.0156396609992179,0.0109693258663089,0.00039305549378521
"5845",2024-08-05,-0.00411210047178273,-0.00528113578816195,0.00228606918476407,-0.00539233456555094,-0.00743678898395701,0.00039305549378521
"5846",2024-08-06,0.00744764117485372,-0.00676938052676324,-0.0017859867534411,0.00172535703563807,-0.00278672996854846,0.000393415029575683
"5847",2024-08-07,0.00916572163706256,0.0223339342309446,-0.00410958138868335,-0.0310520449002639,0.0185669643403769,0.000393415029575683
"5848",2024-08-08,0.00832289855011164,0.00041966425470695,0.00167548880553793,-0.00611093811620319,0.000458482916091789,0.000393415029575683
"5849",2024-08-09,0.0131449782808258,0.00656427713433683,0.00198492300524614,-0.00859440026846042,0.00070937761628834,0.000393415029575683
"5850",2024-08-12,0.00438474527102614,0.011128742648025,0.00576909037065509,-0.00739879832262924,0.00477371682033487,0.000393774532935875
"5851",2024-08-13,0.00807498454117492,-0.0234971908353773,-0.00515383269445912,0.012269212124465,-0.0123374586859423,0.000393774532935875
"5852",2024-08-14,0.00730466921812404,-0.0232925541658231,-4.63227146215196e-05,0.0223405083439606,-0.0134780251607515,0.000393774532935875
"5853",2024-08-15,0.00585302099616279,-0.000475209833212803,-0.00277958652458934,-0.011449827549311,0.00661056289390304,0.000394134003871782
"5854",2024-08-16,-0.00182919454205482,-0.0048385773001717,0.00233202589162611,0.00136876842689059,-0.000808953441506039,0.000394493442389399
"5855",2024-08-19,0.0123982389242517,0.00665157137823235,0.00873938650395082,-0.0286638277663205,0.0105545538046639,0.000395212222193075
"5856",2024-08-20,0.00256922331318767,0.00575512185921731,0.00201111570438972,-0.00365133606140546,0.00453200880838124,0.000394493442389399
"5857",2024-08-21,0.000998937932158996,-0.00275426051736522,-0.00379655199226763,-0.00435377566049306,-0.0031449746168396,0.000394493442389399
"5858",2024-08-22,-0.00916584060742738,-0.0170352476934706,0.00489912584372678,0.0159156516055898,-0.0127350575512387,0.000395212222193075
"5859",2024-08-23,0.00545974580837859,0.0131126913095242,-0.00535463171379523,-0.0146881372474313,0.0145512626127431,0.000395212222193075
"5860",2024-08-26,0.00784880043891749,-0.0117347328755734,-0.000363211875957781,0.0012924556728379,-0.00706493761682295,0.000395212222193075
"5861",2024-08-27,-0.00275696894497842,0.014437740687993,0.00446677325617391,-0.000416998060929624,0.00447562643560095,0.000395930872393535
"5862",2024-08-28,0.00285109213644221,-0.00217146439201572,0.0052949028679568,0.012853599778175,-0.000468541621117844,0.000396649393037629
"5863",2024-08-29,-0.00927129750952947,-0.00843636705558061,0.00217913146218066,0.00790933343999716,-0.00496515357023668,0.000397367784172209
"5864",2024-08-30,0.000579141186455403,0.00655959186974606,-0.000791454441783371,0.00265103449337348,0.00851484590272378,0.000397367784172209
"5865",2024-09-02,-0.00818154941517979,0.00289338672264329,0.00038531254078336,0.00213751739034051,0.00340139692330515,0.000398086045844126
"5866",2024-09-03,-0.00201576867635072,-0.0105838847899807,-0.0043529242674974,0.0158276543797745,-0.00374241256593201,0.000398086045844126
"5867",2024-09-04,0.0129215578846646,0.00243440440528616,0.00529138627516092,-7.59061675329256e-06,0.00062772538423795,0.000398086045844126
"5868",2024-09-05,0.00220474862752799,-0.00727400420170733,0.00459156589553226,-0.00478353460286161,-0.00208469450154008,0.000397726931188114
"5869",2024-09-06,-0.0132513229571224,-0.00625702703512931,-0.00699901743454214,0.00795531278987534,-0.0038106540782664,0.000398086045844126
"5870",2024-09-09,-0.000269463897117511,-0.00494598876866046,0.000498739318054259,0.00820182992839842,-0.00486025243670514,0.000399163195711649
"5871",2024-09-10,-0.00197764808326966,-0.00347194708010442,-0.00791702519401588,0.00152697612447964,-0.00183993926884547,0.000399163195711649
"5872",2024-09-11,0.00103316087462381,0.00617887845410228,-0.000919515963253199,-0.00942974027975265,0.00525771710975299,0.000399881133930968
"5873",2024-09-12,-0.00554563618060702,-0.00225991144449766,0.00619079024339422,0.00461797967814252,-0.00390840078912198,0.000400240054550638
"5874",2024-09-13,0.00570097724958681,0.0196031831968499,0.00255814151483159,-0.0168038685561902,0.0164247478276421,0.000400957798838641
"5875",2024-09-16,0.00209572658129452,0.000727997518397557,0.00300508487848352,-0.000739117314130473,0.0028518558249276,0.000401675413897573
"5876",2024-09-17,-0.00157179634886036,0.00128982441033695,0.00285736821556361,-0.00257454386872154,-0.00275081642379595,0.000402034172980459
"5877",2024-09-18,-0.00896885458100186,0.00610245011595931,0.00414265356229129,5.30498575359289e-05,0.00543612582117738,0.000401675413897573
"5878",2024-09-19,-0.0051236248248038,-0.0173230673178482,-0.00546684541796052,0.0162989540372338,-0.0153538936793979,0.000402034172980459
"5879",2024-09-20,-0.0145016761255661,-0.00927983021098603,-0.00479353890782494,0.0208197038631167,-0.00623977676413834,0.000402034172980459
"5880",2024-09-23,-0.00326982097314606,-0.00186232243081246,-0.0100207385889553,0.00807769746776173,-0.00359840218085272,0.000402034172980459
"5881",2024-09-24,0.0095695669815286,-0.00559552813286435,0.00328255825744873,0.000240901586962029,-0.00827627821257467,0.000402034172980459
"5882",2024-09-25,-0.002801186099702,-0.00214588622715112,0.00297921442292978,0.00976498579105926,-0.00267659560903299,0.000402034172980459
"5883",2024-09-26,0.00768606676146024,-0.00390059206838945,0.00745073710928948,-0.00123398168599889,-0.00137117599698392,0.000402034172980459
"5884",2024-09-27,-0.000632668616636899,0.011532541431291,-0.000575554773249601,-0.013381234480759,0.00630836076172887,0.000402034172980459
"5885",2024-09-30,-0.00684374521668778,-0.0069533568048678,0.000262832887487031,0.00922973630478099,-0.00217301417575794,0.000402034172980459
"5886",2024-10-01,0.00566398975209488,0.00205538090571408,0.0026349080665313,0.00326858815046795,-0.00394945356305629,0.000402034172980459
"5887",2024-10-02,0.00840429788215521,0.00599335149728082,0.0103063188282362,-0.00806492682836027,0.00735565184748485,0.000402034172980459
"5888",2024-10-03,-0.0138408564652732,0.00138046532975772,-0.00528243793261308,0.00277398173152834,0.00267980230313332,0.000402034172980459
"5889",2024-10-04,-0.000811657799191494,0.00170376208881408,0.00305895515931014,-0.0033098320316777,0.00345521202434601,0.000402392899773618
"5890",2024-10-07,-0.000837170343435488,-0.00321043092791398,0.00114688392791811,0.00379801345823795,-2.77942211854036e-05,0.000403827484164232
"5891",2024-10-08,-0.00345963477005431,0.00468100823734695,0.00461846082058941,-0.00602277226629092,0.0026196215735675,0.00040454458277206
"5892",2024-10-09,-0.0124452878848165,-0.00029824624251819,0.00381183860401583,0.00682080550415981,-0.000679173088020159,0.000405261552383074
"5893",2024-10-10,0.00187291367745018,-0.00155325672731405,-0.00133362463577203,0.00359961318394494,-0.000880713636215987,0.000405261552383074
"5894",2024-10-11,-0.00401033197611836,0.0120581235082121,0.00128768361907856,-0.004054723545842,0.0113629794170234,0.000406336765033322
"5895",2024-10-14,0.00772019718504977,0.00168194909421561,0.00410949344308504,0.00084278211752452,-0.0015019140326327,0.000407411687703085
"5896",2024-10-15,0.00143108197611369,-0.00836850947587427,-0.00652387144401483,0.011335977749807,-0.00875124336214587,0.00040812814179314
"5897",2024-10-16,0.00439358030428705,-0.000518393416674348,-0.000448314309318758,0.00483432352037254,0.00411132832396589,0.00040812814179314
"5898",2024-10-17,-0.00606083358832987,0.00134834127138829,-0.000837427568268882,-0.000126732590328671,0.00298267463678511,0.000408844467119085
"5899",2024-10-18,-0.00255804140011635,-0.00761690749941803,0.0011693293874358,0.00563909219939944,-0.00868451509862027,0.000409560663727326
"5900",2024-10-21,-0.00264474733423248,-0.000995883103123178,-0.00164046067912738,-0.00343844678763254,-0.0039726830361197,0.000410276731663828
"5901",2024-10-22,-0.00272692475052103,0.0012914901725434,0.00134770082995054,-0.0011971869184114,0.0030158739451334,0.000410992670975219
"5902",2024-10-23,-0.00372909634286221,0.00549131898525828,0.00863154606369659,0.00102269729382986,0.000616260740366563,0.000411708481707684
"5903",2024-10-24,0.00576086621877203,0.00687758923399869,-0.0038841324862459,-0.0006889884961202,0.00571747676229472,0.000412066338871364
"5904",2024-10-25,-0.00394620575219116,0.00131668435480927,0.00262815822951159,0.0128755072916893,-0.00257381227087537,0.000412781956822261
"5905",2024-10-28,0.00900892264500802,0.00225166820971938,0.00250774299032092,-0.00083632002684182,0.00226199075918456,0.000413855142894493
"5906",2024-10-29,-0.00502971099760175,-0.00355887660500082,-0.00233433543400528,0.00482634352103753,-0.00544082705835149,0.000414212807380521
"5907",2024-10-30,-0.00154983976576728,0.00972236092485329,-0.00114390959238152,-4.49117054402738e-06,0.00294194334287504,0.000414928040080254
"5908",2024-10-31,-0.00724177883519634,-0.00264677849088953,-0.00278663096904995,0.00948139115042632,0.00270524813930974,0.000415643144455302
"5909",2024-11-01,-0.0111592612881825,-0.0130509804057152,0.00216558871936676,0.00380209116998568,-0.0117469367213426,0.000416715560509706
"5910",2024-11-04,0.0171241619573158,0.0116330509810007,0.000696824582987879,-0.0161310122212935,0.00696566838931651,0.000418859527360427
"5911",2024-11-05,0.00206306083906756,0.0162374847791573,-0.00804073899667199,0.00212313434976374,0.0228660555475491,0.000420288198160979
"5912",2024-11-06,-0.00153790623008463,0.0123068344636769,0.00562076522432742,-0.000731508908683792,0.0106800849952452,0.000421716357043911
"5913",2024-11-07,-0.00778534411671028,-0.0113511829754158,0.0084630546214093,0.0077063962531196,-0.014687946305945,0.000422430244631178
"5914",2024-11-08,-0.0121916330995904,0.0071575479399003,-5.75730541949142e-05,0.00975167783553937,0.00913785041100988,0.00042314400437693
"5915",2024-11-11,0.0011258041237384,0.00554308984616617,0.00572337466838239,0.00483407569156496,0.00519565791001313,0.000424927844735246
"5916",2024-11-12,-0.00208532560341962,-0.0169633710545696,-0.0117097056541617,0.00343293916398741,-0.00905893271108426,0.000425641157396406
"5917",2024-11-13,-0.00176133228201896,-0.00318313645036105,-0.00245823241003222,0.00164835980928473,-0.00618914180272146,0.000426354342422108
"5918",2024-11-14,-0.00116156971789748,0.0217005525138009,-0.00455349001875446,-0.0259735674613891,0.0197272705088896,0.000426354342422108
"5919",2024-11-18,-0.000595626905269479,0.0165977807674388,0.00886572394020904,-0.00451701780227532,0.0069702418254845,0.000428136746882135
"5920",2024-11-19,0.00360812445250981,0.00283787555573942,0.000278009124640062,0.00199990605998238,0.00161358169072333,0.000428849485544447
"5921",2024-11-21,-0.0102970616114453,-0.0054749254366935,-0.0040385968354763,0.00631871698511623,-0.00363997221466412,0.000429562096776914
"5922",2024-11-22,0.0170137248567458,0.00175065460750874,0.00577519512468034,-0.00948089848031547,-0.0014035791815104,0.000430630774794993
"5923",2024-11-25,-0.00152724726507963,0.0111624706786319,0.00434789511252711,-0.00769472085638956,0.00528887059871423,0.000431699166352884
"5924",2024-11-26,0.00711294250009963,0.00450918938485597,0.00291315029968159,-0.0030045192185669,0.00439260232135859,0.00043205523324108
"5925",2024-11-27,-0.0173841590917581,-0.00954515120098003,0.0139952322850047,0.0108384946604689,-0.0087375512401684,0.000434190966840831
"5926",2024-11-28,-0.023040284412298,-0.0258882113157322,-0.00836731188090578,0.022759146083927,-0.0207253558760232,0.000435614153725616
"5927",2024-11-29,0.00866583723185045,0.0091189750174612,0.00339642146568164,-0.00253785698509391,0.00655669307658656,0.000437747981688608
"5928",2024-12-02,-0.00268091697733828,-0.00455343230994052,-0.00471894257622358,0.00310000296967174,-0.000278121559267698,0.000437747981688608
"5929",2024-12-03,0.00987553432935512,-0.00900457373004417,-0.00584719926952485,-7.9172655538076e-05,-0.0135349556816673,0.000439169899284275
"5930",2024-12-04,0.00059681232723161,-0.00706259205659481,-0.0051764040746073,0.00972295544360659,-0.00438376176029436,0.000442012213595966
"5931",2024-12-05,0.0129550932959124,-0.00238208945343777,0.00276180567939651,0.00265397302457339,-0.00179207029338345,0.00044236736041281
"5932",2024-12-06,-0.0143293484485894,-0.00628801462668575,0.00013412117735424,0.0181599376469491,-0.00347065860884077,0.000445207396323477
"5933",2024-12-09,0.00689916743331637,-0.0169018838797123,-0.0033272605078832,0.00938185113095205,-0.0164470406132348,0.000449463659512483
"5934",2024-12-10,0.00819755029761569,0.0183384691187299,-0.00689486904490222,-0.0320887041154566,0.0178117752234678,0.000450527015529056
"5935",2024-12-11,0.012844141734744,0.00855317409220598,-0.00581104657559817,-0.000849723774109541,0.00038704849316544,0.000451944382408032
"5936",2024-12-12,-0.0269104313340323,-0.00262426452649397,-0.00270766571887168,0.0157824713814488,0.00153910470757544,0.000456193461474852
"5937",2024-12-13,-0.00866584507503521,0.00843632082595516,0.00124957803309522,0.0147519176547343,0.0028577454808053,0.000456547347017944
"5938",2024-12-16,-0.00894112808854363,-0.00761074847310027,0.00836722877021659,0.0157775182499435,-0.0124732287264915,0.000457255023859071
"5939",2024-12-17,0.00664486071921513,-0.00842746193710253,-0.00721721521356101,-0.000676438078343769,-0.00542592701203266,0.000458316303592055
"5940",2024-12-18,-0.0313711200492989,-0.0167138436500973,-0.0078959075664861,0.0240600004560556,-0.0137952078718031,0.000460438015708275
"5941",2024-12-19,0.00073898979154873,0.0138600784978601,0.00712257051839433,-0.0228504992635598,0.0138414332055467,0.000459377300825015
"5942",2024-12-20,0.00448548469577201,-0.00399317418924156,-0.00272649279246553,-0.0184864507650386,0.00730964684244467,0.000459023666460334
"5943",2024-12-23,-0.0132342783901619,-0.0110911790703359,-0.00978453229162659,0.00812138984255847,-0.00475353721306589,0.000461498448392383
"5944",2024-12-26,0.00125628028270615,-0.00346013832604233,0.0138261583547344,-0.000242048207326494,-0.0039504446125861,0.000462205246812397
"5945",2024-12-27,-0.00756183892898791,0.01391779687383,0.00314571159623983,-0.00569708652505377,0.00931406367609355,0.000460438015708275
"5946",2024-12-30,-0.00082794597455444,0.00362155317570494,0.00703288307822316,-0.00283865023848178,0.00372877595744107,0.000461145002177199
"5947",2025-01-02,-0.00313916130318369,-0.00195136833851934,-0.00301000398190693,-0.00175465911620956,-0.00597698027519803,0.000460084475443434
"5948",2025-01-03,-0.0138173645768408,0.0123365921034529,0.0067833111857324,-0.00191901661251981,0.0117813746170007,0.000460084475443434
"5949",2025-01-06,0.0124466369639291,0.0164750028313208,0.00956005196835646,-0.0224778863282503,0.00581349632153716,0.00046291191992176
"5950",2025-01-07,0.00966267141903549,-0.00364548562681933,0.00468877149025689,0.00453017672344378,-0.00605652010838139,0.000464678054754142
"5951",2025-01-08,-0.0133750670190258,0.000634626586190342,-0.00420187941778768,0.00980749950741405,0.00247206015670996,0.000466090399390717
"5952",2025-01-09,0.00221636501595672,0.00211801654241593,-0.00938853507387735,0.00193547741096335,0.00262728540033712,0.000465384289627613
"5953",2025-01-10,-0.00913289145661274,-0.00242583298641812,-0.00077567469447685,0.00062098199714211,-0.00381267874616228,0.000466796384087864
"5954",2025-01-13,0.0006494714867857,-0.0113417980118725,-0.000498611769837109,0.0122129772683308,-0.00768711259863079,0.000470677066351843
"5955",2025-01-14,0.00127553095251582,0.0043532727116975,-0.00265175066430692,0.00193965459861899,0.000168597847979497,0.000472087287317624
"5956",2025-01-15,0.0262300972385436,0.0194289978522015,0.0167873673356398,-0.0274678861132438,0.0152571399619454,0.000473497009526147
"5957",2025-01-16,-0.0128156168437143,-0.00801013148205659,-0.00255039890874505,0.0103720048184728,-0.00924314621184689,0.00047420168370671
"5958",2025-01-17,0.00756895506077084,-0.00356911842462308,-0.00577466407617875,0.0061387357587534,-0.00551882745266474,0.00047561065844115
"5959",2025-01-20,0.00339654328633227,0.00258273070762067,-0.00640622015047552,-0.000461250862632257,-0.00156682158607133,0.000478427114638302
"5960",2025-01-21,0.00445112944121231,-0.00256476423129421,0.000916986671340835,-0.00367814246092106,0.00451741455865052,0.000480186389705484
"5961",2025-01-22,-0.00160352062768602,0.0150493472261024,0.00814812055991614,-0.0077871938666352,0.00909326222549639,0.000481593250904133
"5962",2025-01-23,-0.00276190747239542,-0.00319993892285248,-0.00482742070373796,0.00940579924566255,-0.00495255010178597,0.00048264807103493
"5963",2025-01-24,-0.000813821311669248,0.00628746269783903,-0.00588103039513793,0.00138692790056098,0.00541533156952068,0.000484405484513895
"5964",2025-01-27,0.0166062360935183,0.00850667475020134,0.00473828977833327,-0.0180411893619141,0.00146357616826695,0.000486162123495504
"5965",2025-01-28,-0.0050041493734641,-0.00759713876810025,-0.00413343522142847,0.0124162134774128,-0.00416151198436548,0.000487917988663433
"5966",2025-01-29,-0.00478861732695283,0.000448710087359542,-0.00114597779733352,0.00443786774913608,0.00313661903238773,0.000489322124111125
"5967",2025-01-30,0.0247138635969624,0.00732826867803368,0.0101329244090899,-0.021798965356745,-0.000200536118879512,0.000490725765104338
"5968",2025-01-31,-0.00585956470027689,-0.000341101372929883,-0.0025648751394594,0.00513510686692044,0.00356720022962736,0.000490725765104338
"5969",2025-02-03,-0.0029428203728987,-0.00738125761583608,0.00117902051304676,0.000532940719566718,-0.00360611741838002,0.000490725765104338
"5970",2025-02-04,-0.00646350117976721,-0.000919426051458802,0.000433147958377273,0.00559708891475269,0.000939997625079987,0.000491427400289401
"5971",2025-02-05,0.00194689013308776,-0.0185837207263632,2.88927860177951e-06,0.0216674945180363,-0.0126308682349882,0.000492128911991685
"5972",2025-02-06,0.00454804090111911,0.0100855754539118,-0.00032485611811359,-0.00537563025868871,0.0045590849445946,0.000492128911991685
"5973",2025-02-07,-0.012683490505974,-0.00414772875212497,-0.00443976210427043,0.0113683758820108,-0.00413991126179212,0.00049283030025471
"5974",2025-02-10,0.00660566400073041,0.000791522496700683,0.00617874360009493,-0.00261224771261122,-0.00202599744153569,0.000494583231150925
"5975",2025-02-11,0.00640899127974357,-0.00107486355053084,0.00770992394658794,-0.0139478310977424,-0.00118653757668014,0.000495284187718825
"5976",2025-02-12,-0.0161833490800206,-0.00923084008494909,-0.00641881152448051,0.0118377269164515,-0.00536642224596818,0.00049598502104331
"5977",2025-02-13,0.00273154028697803,0.000902009434016051,0.00143818532587692,0.00344789585288136,0.00110499905459329,0.000496335391502623
"5978",2025-02-14,0.0255780511570597,0.015200558687213,0.010463057950406,-0.0200120103928098,0.0138644148938051,0.00049703604004292
"5979",2025-02-17,0.00131218713647931,0.0182848226791337,0.00956383870588882,-0.0237458958641636,0.0130228054512865,0.000498086781988594
"5980",2025-02-18,0.000644357606704124,-0.00634438841079277,-0.000478291210257769,-0.00123835073565669,-0.00528394608708277,0.000498787122772182
"5981",2025-02-19,-0.0101457524242741,-0.00862849432687317,-0.0038253819399066,0.0155274483140794,-0.00446124160966138,0.000499487340529292
"5982",2025-02-20,-0.000239309494685223,0.00321893342228964,-0.00265827307946275,-0.00797091373066103,-0.00180648694546687,0.000499837403286074
"5983",2025-02-21,-0.00211604557575246,0.00215686017336759,0.00021707668955687,0.0044678486347338,0.00161079244506007,0.000500187435302557
"5984",2025-02-24,-0.0132294140205805,-0.00712211803969807,-0.00477790176235089,0.00928586888009123,-0.00244741460792775,0.000501587256072078
"5985",2025-02-25,0.0047009310185121,-0.00636696905960172,0.00167190650691681,0.00275241936911447,-0.00595851268598479,0.000502286982154709
"5986",2025-02-26,-0.010906514882128,-0.0129506398223606,-0.00513444910527237,0.00438639551878487,-0.00340939963808023,0.000503336341022287
"5987",2025-02-27,0.000919288782867851,-0.00249457683993972,0.00253798938714205,-0.00393410186961572,-0.000230351062627801,0.00050403576015956
"5988",2025-02-28,-0.0171862536008782,0.00396365042796448,0.0103166637312837,0.00842149103753473,0.00838293651953185,0.000504385423712117
"5989",2025-03-05,0.00260362975571846,-0.01109795358463,-0.00362511112448352,0.0102592459832928,-0.0108631331306295,0.00050822969973785
"5990",2025-03-06,0.00212551810417223,0.0131817673891433,0.00563962623913192,-0.00773842621316759,0.0151578287895766,0.000508578995602749
"5991",2025-03-07,0.0132046498216109,0.00904453710010447,0.00600552882684475,-0.0148086302139269,-0.000967798665357813,0.000509975873059343
"5992",2025-03-10,-0.00403702660722898,0.00366341296502072,0.00269991268941935,0.000295160587753104,-0.00223053109318214,0.000513117058686063
"5993",2025-03-11,-0.0102546855959783,0.00647357483291727,0.00497332744858582,-0.0143123904097998,0.00597334088655483,0.000514512347020712
"5994",2025-03-12,0.00295003453338421,0.00688334844742279,0.00366298669476115,0.0023785509028845,0.00327323650629088,0.000516255770902863
"5995",2025-03-13,0.0110117023439295,-0.0188804411515098,-0.0139996330032448,0.0078317030234379,-0.0117626715646686,0.000516952927003933
"5996",2025-03-14,0.0232521964553475,0.0101643791677767,0.00450750613998985,-0.0223324627378891,0.00259470622039962,0.000518346873523923
"5997",2025-03-17,0.0132792708343211,0.000144441028587239,0.00101809077971658,-0.00653234774768807,0.00281519658858683,0.000520785107593236
"5998",2025-03-18,0.00453820316724171,-0.0041471919655295,0.0011597805071805,0.00997691108288719,-0.00949128236699426,0.000522525790697781
"5999",2025-03-19,0.00626677877829499,0.0122668662686076,0.00016966705438741,-0.0162715955387339,0.00575442343515194,0.000523917790096862
"6000",2025-03-20,-0.00496811001108889,-0.00182898504861508,-0.0089532728571786,-3.33996923341552e-07,-0.00623271763674713,0.000525657106047905
"6001",2025-03-21,0.00281578618183799,0.00115016797404556,0.00289559298869656,-0.00249824767190438,0.000857100403304978,0.000525657106047905
"6002",2025-03-24,-0.00723906377909584,0.00190473609323755,0.00261706195778412,-0.000664490503376546,-0.00109579922800385,0.000525657106047905
"6003",2025-03-25,0.00463821018694761,0.0165029743218162,0.0154714502815996,-0.0275448094935055,0.016078701403116,0.000525657106047905
"6004",2025-03-26,0.00198157199175659,0.00851741524450976,0.00643041463578883,-0.0229767092183279,0.00487236179624628,0.000525657106047905
"6005",2025-03-27,0.00467967619795318,-0.00688469346662566,-0.00382326817765142,-0.00362843158694461,-0.00682394973113351,0.000525657106047905
"6006",2025-03-28,-0.00896245431742674,0.00329221850550989,0.00337933197590863,0.00152683467554806,-0.00127340216110527,0.000525657106047905
"6007",2025-03-31,-0.0119569834708665,-0.000663492973635079,0.000680635088837922,0.0125520785474319,-0.00359833964963794,0.000525657106047905
"6008",2025-04-01,0.00656391290307954,0.00959645288453266,0.0103799520936423,-0.00494201062868417,0.00778283811755074,0.000525657106047905
"6009",2025-04-02,-0.0003798186614715,0.0052947656991997,-0.00532099258320649,-0.00765404807612798,0.00339825313324939,0.000525657106047905
"6010",2025-04-03,0.00112393871777125,0.00647572887359507,0.00193556995644258,-0.0174538487449724,0.00732720640090472,0.000525657106047905
"6011",2025-04-04,-0.0270948189415088,-0.00963807671688027,-0.0114378671091848,0.020940729381221,-0.00546369829517458,0.000526004878184771
"6012",2025-04-07,-0.0143090546248362,-0.00712543585284339,-0.0098827128150303,0.00226295238994272,-0.00482891011369843,0.000527395663398655
"6013",2025-04-08,-0.0107207875160233,-0.0117670325984766,-0.0128550107020077,0.0188639198054566,-0.00483486392753972,0.000528438433956779
"6014",2025-04-09,0.0288978169884342,0.00873637629275295,0.0105068894691419,-0.0144495958597058,0.000493895224509065,0.000529133462812137
"6015",2025-04-10,-0.0128311137989023,-0.00955061686534751,-0.00311117894328953,0.00207480710928138,-0.00875934365911214,0.000528785963532563
"6016",2025-04-11,0.00899931030556172,0.00354233407994158,0.00139426700328751,-0.0152092256275611,0.00383754956159723,0.000529480931800386
"6017",2025-04-14,0.0123359212387381,0.00106118991959552,0.000162308413724091,0.000649462807325741,-0.00870579861953764,0.000530870504949821
"6018",2025-04-15,-0.00100776359860877,0.00294083404873466,-0.00644169761158859,0.00488727490614668,0.00889503319222082,0.000531217822562269
"6019",2025-04-16,-0.00367507835001126,0.000943592449087139,0.00305569007991167,-0.00506231030826316,0.00421427208655186,0.000531912367015108
"6020",2025-04-17,0.00814125935489812,0.0126016900717509,0.0128133986704299,-0.0185130505466777,0.0079839900296422,0.000532259593865714
"6021",2025-04-22,0.00583100961564657,0.00831807693841716,0.00403584463206627,-0.00640295620573658,0.00639233496120476,0.000533648198886238
"6022",2025-04-23,0.0117934695772743,-0.00780892232115415,-0.00042057976767563,0.00529182660393934,-0.00578529218813586,0.000534342320041237
"6023",2025-04-24,0.0175913546648159,0.00356752616128259,0.0107929646149764,-0.0215276897923814,0.00498591109889433,0.000533648198886238
"6024",2025-04-25,0.000940405657552801,-0.0125957141281724,-0.00487685729109876,0.0101581634535513,-0.00866913590758995,0.000534689335298433
"6025",2025-04-28,0.00220922408098885,-0.00511613245052411,-0.00240463960302298,0.00820111309226335,-0.00424625222155875,0.000535036320349125
"6026",2025-04-29,-0.000620002702859444,0.0049542214473689,0.00225797741765929,-0.00514580515125976,0.00890756024362833,0.00053607709431458
"6027",2025-04-30,-0.00194204630632439,-0.0092036500400779,0.00402138089663453,0.00965805831899744,-0.000923105961524544,0.000536423958591881
"6028",2025-05-02,-0.00161549880524809,0.00479873797191876,-0.000318363962330511,0.00306771335863696,0.00259641744754893,0.000537464370363283
"6029",2025-05-05,-0.0141000629723662,0.00115314705548671,-0.00224502941054032,0.00878333342028083,-0.0043541787480147,0.000538851163781162
"6030",2025-05-06,-0.000606152490952634,-0.00610543157002987,0.00227897894363934,0.00068240516918438,-0.000215753459761905,0.000539197786763923
"6031",2025-05-07,-0.00082261273309331,-0.00152863611428997,-0.00249846169460436,0.0199048378172816,-0.000830473869172369,0.000540583977366449
"6032",2025-05-08,0.0169265564866105,0.0161766308845558,0.0196464151598435,-0.0298063584604456,0.00440093853695817,0.000543008651611832
"6033",2025-05-09,0.00116778557444096,0.00927423414825249,0.0105545733997883,0.0137510533326672,0.0144462842470052,0.000543008651611832
"6034",2025-05-12,-0.00155860823509608,-0.00402513115805213,-0.00774353293168528,-0.00861809840782699,-0.00601460802650553,0.000543008651611832
"6035",2025-05-13,0.0169068085769009,0.00800816260276494,0.00569201675109756,-0.00619611489705071,0.00533956548906314,0.000543354913283167
"6036",2025-05-14,-0.00258828945536765,-0.0056013093987383,0.00397210380807336,0.00996937153967344,-0.00296629421641219,0.000543354913283167
"6037",2025-05-15,0.00670562862096339,0.00734767173305123,0.00537110696345305,0.00353459322443162,0.0101436259972564,0.000543701144879227
"6038",2025-05-16,-0.000921665438989848,0.00259787986689372,0.00662056078300066,0.0042574532225903,0.00126122698344336,0.000543354913283167
"6039",2025-05-19,0.00190855542823868,-0.00783447898789898,-0.00862401439714578,-0.00587035395169442,-0.00563666630092392,0.000543354913283167
"6040",2025-05-20,0.00398120378396792,-0.00163894474992981,-0.00191975695887356,0.00702121909961151,0.00314556377501215,0.000543354913283167
"6041",2025-05-21,-0.0155520183495926,0.00301822101997518,0.00226307761945772,0.00521806207905165,0.0023551254762346,0.000543354913283167
"6042",2025-05-22,-0.0036774619200256,0.00378989520242601,-0.00168654047940301,-0.00529218695466162,0.00530688999146195,0.000543354913283167
"6043",2025-05-23,0.00456233566087794,-0.00236799600484246,-0.00425529274507102,0.00695832492158845,0.000322138903493936,0.000543354913283167
"6044",2025-05-26,0.0011124452512555,0.000377414949476498,0.000125186901378041,-0.00130083279984031,-0.0032953966957044,0.000543354913283167
"6045",2025-05-27,0.00884322714275611,0.00542528616425546,-0.00171549413979685,-0.0118280134969975,0.00371147414577925,0.000543354913283167
"6046",2025-05-28,-0.00373724261596535,-0.00241264437556715,-0.00553029235072646,0.00364261097357161,-0.00242656107265452,0.000543354913283167
"6047",2025-05-29,-0.00270576376273803,-0.00672909701143573,0.000525309061507216,0.00393723767260421,-0.000166945276682372,0.000543701144879227
"6048",2025-05-30,-0.00853796427119856,0.00533205240984431,0.00595169168593504,-0.000145585349512081,0.00156977652323208,0.000544047346405341
"6049",2025-06-02,-0.00316590010319226,-0.000646579561839819,0.00171560582589903,0.00708922250299358,-0.00421437151875608,0.000544047346405341
"6050",2025-06-03,0.00520542866872472,0.0105938856628955,0.0046961453583415,-0.0157102379511117,0.00670515447693108,0.000544393517866615
"6051",2025-06-04,-0.00448304089450221,0.000962693165332286,-0.000528007976333375,0.000593980195557863,0.00220798000799645,0.000545085770615961
"6052",2025-06-05,-0.0075454359448343,-0.00631400178884456,-0.00808962684300382,0.0115680747907506,-0.00601508745838811,0.000545777903169009
"6053",2025-06-06,-0.00148533715405754,-0.00548662361656243,-0.00182713241158905,0.00451819628946262,-0.00156241771833859,0.000546815876721896
"6054",2025-06-09,-0.00362092676448502,0.00451282790980613,0.00430901132601893,-0.00717630698589796,0.00114672270846197,0.000546469915567505
"6055",2025-06-10,0.00334733284646117,0.00411545823258214,0.00432864793322121,-0.00923382315309215,0.00314455843389862,0.000546123924384911
"6056",2025-06-11,0.00589581590146925,0.00054784912461268,0.00594552105485268,-0.00395732533606746,0.00676370006312853,0.000546815876721896
"6057",2025-06-12,0.0047709608701043,0.233669632707132,-0.00255327641657958,-0.000223153484213714,-0.00641313041299877,0.000547161807853414
"6058",2025-06-13,0.13474429756589,0.0267146439769026,-0.00445034053768715,0.00621378920748301,-0.00424578736455174,0.000546815876721896
"6059",2025-06-16,-0.10921367921414,-0.00996900566244573,0.00801713259527958,-0.00702689693201571,-0.00212401098228993,0.000547507708967165
"6060",2025-06-17,-0.0171836168174957,-0.00936317721750577,0.001341068914846,0.00413570316736116,-0.00167641396139091,0.000547853580068258
"6061",2025-06-18,0.0177912569635849,0.00361672829950895,-0.0048366935861118,-0.000147650798132606,0.000185560249726069,0.000548199421162243
"6062",2025-06-20,-0.0284339940068879,-0.00486500042952414,-0.00287578267200195,0.0138077179090875,0.00208322170994808,0.000551656182848026
"6063",2025-06-23,-0.00787415420057519,-0.00931666505636083,-0.00676454161145804,0.0060309564996076,-0.00789471606047375,0.000551656182848026
"6064",2025-06-24,0.00138341730685509,0.00136999185212247,0.00071997327338644,-0.00671797109344943,0.00151163466407017,0.000551656182848026
"6065",2025-06-25,-0.0238967190413426,-1.34162359000101e-05,-0.00345491856045464,0.00456273683048397,0.00380410956753973,0.000551656182848026
"6066",2025-06-26,-0.00063705251051948,-0.00959819150742588,-0.00197629395384204,0.00169075511866747,-0.00561131741619143,0.000551656182848026
"6067",2025-06-27,0.0125373584499952,0.014437797200018,0.00117383039657832,0.00852153731379328,0.00134882979221132,0.000551310641540237
"6068",2025-06-30,0.0195034515564388,-0.00084432522508093,-0.00260260567036256,0.00635761094319869,-0.00569036243111999,0.000551656182848026
"6069",2025-07-01,0.0116199254083786,-0.00230516021082291,0.00116031714461518,0.000821121997759376,-0.00316264926736185,0.000551656182848026
"6070",2025-07-02,-0.00734823778671733,-0.0118413800058398,0.00405798823959961,0.00123433576778552,-0.0120269178907403,0.000551656182848026
"6071",2025-07-03,0.0130563709792903,0.00432957688745502,-0.00764766083339859,0.00282570490892801,0.00271530658251542,0.000551656182848026
"6072",2025-07-04,-0.00265336940730646,-0.000542046858582936,0.000322847610068411,-0.00128570332402446,0.00162601413435707,0.000551656182848026
"6073",2025-07-07,-0.0150579471642268,0.0067114809243685,0.00173533674299437,-0.00508961813021009,0.00625848524833889,0.000551656182848026
"6074",2025-07-08,-0.0140545513659941,-0.00434387536958738,-0.00528611218152855,-0.00104278476410088,0.00250958773424436,0.000551656182848026
"6075",2025-07-09,-0.023216697889407,-0.00399920379616352,-0.00386543031351822,0.00513564447783118,0.00378253166520426,0.000551656182848026
"6076",2025-07-10,-0.00926379478959579,-0.00493008414879448,-0.00337568017265656,0.00135605570763509,-0.00198291734462947,0.000551656182848026
"6077",2025-07-11,-0.0077531221948144,-0.0018358065518178,0.00513775664876005,-0.00626922491720378,0.00623405828888393,0.000551656182848026
"6078",2025-07-14,-0.0119157078362914,-0.00639074270548104,-0.000390737405804413,0.00207564824602095,-0.000516776987097215,0.000551656182848026
"6079",2025-07-15,-0.00428259260654865,-0.00101924042865159,0.00228255152833211,0.00619045898008869,0.00375043802328444,0.000551656182848026
"6080",2025-07-16,0.00108402377836253,-0.000994731908001481,0.00439099150436555,-0.000248842987043332,-0.00450440486630172,0.000551656182848026
"6081",2025-07-17,-0.000936919853078746,-0.00458202446468277,-0.000594909141651563,0.00263871813304278,0.000741019079503814,0.000551656182848026
"6082",2025-07-18,-0.0171322041781076,-0.0186864699090549,-0.00472787822483464,0.00140455683438614,-0.0125866586615328,0.000552001694205773
"6083",2025-07-21,0.00389098681286764,-0.00414433011973997,-0.00870561309751676,0.00420611175544311,-0.00752682345458796,0.000552001694205773
"6084",2025-07-22,-0.00298921922693477,0.000904343633118302,0.0102385115508081,-0.00814792923193725,0.00330965758545278,0.000552001694205773
"6085",2025-07-23,0.00886859912363309,0.00535120358848704,0.00183617192332963,-0.00503004208200062,-0.00782088709842254,0.000552001694205773
"6086",2025-07-24,-0.0110855573789878,0.0054520851673723,0.00408197819919165,-0.00272348000595002,0.00491082314169156,0.000552001694205773
"6087",2025-07-25,-0.00175829598239579,0.0030021719906855,-0.00179192288017942,-0.00351277278344347,0.00441088206806373,0.000552001694205773
"6088",2025-07-28,-0.0115827096227157,-0.00694063230366734,-0.00397772093029053,0.00586172305630748,-0.00519315383655717,0.000552001694205773
"6089",2025-07-29,0.0039236208456558,0.00234252178436791,-0.00116318098847089,0.00273651753127175,0.00196325570716855,0.000552001694205773
"6090",2025-07-30,0.00870725137548449,0.0019591336726386,0.0100132845467839,0.00755289951386222,-0.00168237204053528,0.000551656182848026
"6091",2025-07-31,-0.00780278450665419,0.002335140450986,0.0050218014318829,0.00569629512346843,0.0053157337210115,0.000551656182848026
"6092",2025-08-01,-0.00570179944907007,0.00691930674828018,-0.00582141344692689,0.0054386426294093,7.52086114493419e-05,0.000551656182848026
"6093",2025-08-04,0.00409588099926554,-0.00388555403520216,0.000124610825125662,0.00157912690187528,-0.00197533423448897,0.000551656182848026
"6094",2025-08-05,0.00206019072149895,-0.00665031551679931,0.000933146332743178,0.00463084131160018,-0.00210230727106973,0.000551656182848026
"6095",2025-08-06,0.0102300116941089,0.00563645082524772,-0.00223687745248172,0.000298850914990049,0.00219547482646653,0.000551656182848026
"6096",2025-08-07,0.0118850445753818,-0.00308834307958904,0.00426944729535417,0.00369420995426438,0.00080931361422356,0.000551656182848026
"6097",2025-08-08,-0.00636476085544761,-0.00561083862345811,-0.00702106535408385,0.0134445186095072,-0.00178969059173899,0.000551656182848026
"6098",2025-08-11,-0.00239301016570348,-0.0040575753267674,0.00163491263767212,0.00107777525621335,-0.00433129224743873,0.000551656182848026
"6099",2025-08-12,0.0111027513245116,0.00140284059039736,0.00100847332425113,0.00118568674952037,-0.000561555973606348,0.000551656182848026
"6100",2025-08-13,-0.00844793909531463,-0.00661256393427036,-0.00673689166609481,-0.00360538893953487,-0.00554417141878938,0.000551656182848026
"6101",2025-08-14,-0.00315231019056994,-0.00425955715513662,-0.00246580450065785,0.00622278272054096,-0.0058694598999223,0.000551656182848026
"6102",2025-08-15,-0.000244027652380371,-0.00551752784597348,-0.00805539888955842,0.00634353906691094,-0.00393389275802713,0.000551656182848026
"6103",2025-08-18,0.00741345131528891,-0.000923564685720878,-0.00530810060584293,-0.0017259453136688,0.000385737795796658,0.000551656182848026
"6104",2025-08-19,-0.0211040548304044,-0.0061187058605714,-0.00942471984826401,0.003765457117126,-0.00611264886687504,0.000551656182848026
"6105",2025-08-20,0.00162572048863821,-0.000983748578620639,-0.0041748480554197,0.0023586564076692,0.00119268602040425,0.000551656182848026
"6106",2025-08-21,-0.00225279751207685,-0.00374147589804156,-0.00919015119829908,-0.00189264411538908,-0.00657911452919667,0.000551656182848026
"6107",2025-08-22,0.0249347330685142,0.00328838492257401,0.00922992494027471,-0.00206478925316728,0.00211014153147661,0.000551656182848026
"6108",2025-08-25,0.000286536818148361,0.00202865696364596,0.00446757930995237,-0.00194472237118898,-0.0024966036071282,0.000551656182848026
"6109",2025-08-26,-0.00213108167834925,-0.00104599970361797,-0.00305266900313522,0.00278141802358218,-0.00198674628028195,0.000551656182848026
"6110",2025-08-27,0.00922868446141248,0.00440658599656634,-0.00149949047450631,-0.00823741324724096,0.00542386522981434,0.000551656182848026
"6111",2025-08-28,0.0119510387985622,-0.00155073665412983,0.0049018632725698,-0.00692364273354243,-0.00099178406970319,0.000551656182848026
"6112",2025-08-29,0.00230427947299958,-0.000147342242547289,0.00225953276860818,-0.00612087815980477,-0.0043527405964733,0.000551656182848026
"6113",2025-09-01,-0.00121465677108132,0.00492568271319872,0.00976839944350251,-0.00993726262827128,0.00355382461680153,0.000551656182848026
"6114",2025-09-02,-0.00828236354436283,-0.000997748796235291,-0.00190737808911442,0.00882898995645924,0.000256640413162756,0.000551656182848026
"6115",2025-09-03,-0.0040123396174203,-0.00221949061247471,-0.000166455462290258,-0.000284424923953582,0.00110472734439826,0.000551656182848026
"6116",2025-09-04,0.00688419586684136,0.0122555227477157,0.00909598484243722,0.00391544507022503,0.00550196300991344,0.000551310641540237
"6117",2025-09-05,0.0105652791782842,0.00522537695773847,0.00599232815112508,-0.000902661778907811,-0.00163142299897449,0.000551656182848026
"6118",2025-09-08,-0.00654037018478384,0.00465908424273214,-0.00109819040535473,2.19453734943559e-05,0.000591677355073461,0.000551656182848026
"6119",2025-09-09,-0.00133084642785405,0.000797760128688521,0.0048427851852398,-0.00113221980236175,0.00111955636163251,0.000551656182848026
"6120",2025-09-10,0.00377681002290912,0.00398705528110178,0.00297964282340269,0.00659961440949688,-0.00329983541197172,0.000551310641540237
"6121",2025-09-11,0.00507400057331998,0.00905217896397323,0.00604841264074229,-0.00745070960433441,0.00457079922989187,0.000551656182848026
"6122",2025-09-12,-0.00514298888665982,0.00232704832771503,-0.00487197463628495,-0.00338322389748329,0.00384281847909006,0.000551310641540237
"6123",2025-09-15,0.00655597808529893,-0.00072814998249579,0.00720162271885271,0.00331074453535674,-0.00430493074318198,0.000551310641540237
"6124",2025-09-16,0.00271438341820088,0.00271375012938779,-0.000759584720494409,0.00211046207883733,0.00264792237733336,0.000551310641540237
"6125",2025-09-17,0.0100777515282886,0.00218841714697087,0.00178509643305409,-0.00251085130482853,0.00501830605606541,0.000551310641540237
"6126",2025-09-18,-0.00299967237382651,-0.00515924038304233,-0.000174233637167293,-0.00210554987930292,-0.0021465312170348,0.000551310641540237
"6127",2025-09-19,0.000942364120296306,0.00765049019633021,0.00837730599824253,0.0108351713162125,0.0111727282123113,0.000551310641540237
"6128",2025-09-22,-0.00688429023236583,-0.00433745471190003,-0.00428921709575132,0.013569769200104,-0.00161628214372771,0.000551310641540237
"6129",2025-09-23,0.00798076036001878,0.00434829396676235,0.0040308975387305,-0.00767602693376188,0.000234345015495466,0.000551310641540237
"6130",2025-09-24,-0.00189849809345907,0.00123357995842737,-0.00101862885752896,-0.00426631036497697,-0.00259388919683451,0.000551310641540237
"6131",2025-09-25,-0.010685831409395,-0.00777504956226823,-0.00176653993725669,0.00527878163712252,-0.0134854117183028,0.000551310641540237
"6132",2025-09-26,0.00235223764901679,0.00564308260103091,0.00657403429382881,-0.00189655248196887,0.0119065123324561,0.000551310641540237
"6133",2025-09-29,0.00559295309409348,-0.0158555955397471,-0.00757850633427567,0.0175359772028055,-0.00773098423085374,0.000551310641540237
"6134",2025-09-30,-0.00178442712582272,6.88955998887041e-05,-0.00517321017161292,0.00786041492691753,-0.00137314313708071,0.000551310641540237
"6135",2025-10-01,-0.00718752736289988,0.00171327442066752,-0.00216480313059144,-0.0103338470315425,-0.00108025751080471,0.000551656182848026
"6136",2025-10-02,-0.0121222248775738,0.00252546130715702,-0.00297551349646669,-0.0158902572773187,-0.0135052925429439,0.000551656182848026
"6137",2025-10-03,0.000443580102886555,0.00872532955990212,0.000186176266661615,-0.00564222378070738,-0.00816099004054546,0.000551656182848026
"6138",2025-10-06,-0.00650272534464706,-0.00025983265442981,0.000404584650614803,0.000584162201313819,-0.0115578991585723,0.000551656182848026
"6139",2025-10-07,-0.0145810106475,-0.00425489183219289,-0.0120425296160053,0.000475295553992741,-0.0103567070305484,0.000551656182848026
"6140",2025-10-08,0.00251095939538961,-0.00047411506263608,0.000987272921830566,0.000310653932283037,-0.0052573974914013,0.000551310641540237
"6141",2025-10-09,-0.00375602186139296,-0.00770184758795679,-0.000482531426855051,0.000450255682450632,-0.00604323143375657,0.000551310641540237
"6142",2025-10-10,-0.00661662243882746,-0.000802289539315054,-0.00582236327077173,0.00775040566433676,-0.000850275024219331,0.000551310641540237
"6143",2025-10-13,0.00662214146606913,-0.00285419272297726,-0.000321143255630955,0.000664890364596362,-0.00612061767612908,0.000551310641540237
"6144",2025-10-14,0.000115347379832961,-0.000542703062404577,-0.00191544456142662,-0.00370624163919911,-0.00618690624011872,0.000551310641540237
"6145",2025-10-15,0.00422554877857802,0.0109605210524379,0.00642642691403907,-0.00245720340084987,0.00597722423149865,0.000551310641540237
"6146",2025-10-16,-0.00118136696076854,-0.00326086943050009,-0.00379727776804593,0.00379906009765833,-0.00610204921219461,0.000551310641540237
"6147",2025-10-17,0.00867449650655284,-0.00419801480933544,0.00235873483736938,-0.00254910647314274,-0.00571591935882107,0.000551310641540237
"6148",2025-10-20,0.00702821013752074,-0.00206734560671325,0.00470593199628329,0.0117623824988669,0.0135010499437863,0.000551310641540237
"6149",2025-10-21,-0.00466104084263458,-0.000151680431338759,0.000274269423211881,-0.00930152805605872,-0.0119874182554256,0.000551310641540237
"6150",2025-10-22,0.00427306566981578,0.00401368733661261,0.000522674785742577,-0.00349257715319783,0.00575842216588608,0.000551310641540237
"6151",2025-10-23,0.00580315159119682,0.00566282716919661,-0.00183958301336583,-0.010366037865935,0.00565036484106736,0.000551310641540237
"6152",2025-10-24,0.00222365834303465,0.013114955310916,0.00528390064913513,-0.00884285211362344,0.00411683447295051,0.000551310641540237
"6153",2025-10-27,0.00551989943443501,-0.004635241164883,0.00423136231457357,0.00310314785351822,0.00450217380821913,0.000551310641540237
"6154",2025-10-28,0.00205148863909771,-0.00877521194235341,-0.00171428089192914,0.00479380059935931,-0.00513186458603611,0.000551310641540237
"6155",2025-10-29,0.00547463148233763,0.00264368435416172,0.00362928325576425,0.0036904101403723,-0.00370403822649399,0.000551310641540237
"6156",2025-10-30,0.00293632495092401,3.02430353599573e-05,0.000154090585162099,-0.00360018176959414,0.0107541857209076,0.000551310641540237
"6157",2025-10-31,0.00363451843272347,0.00780126980033284,0.00177500583030966,-0.00578984221501156,0.0021324000530722,0.000551656182848026
"6158",2025-11-03,0.00599621660028229,-0.00918530921087801,-0.0041805075253123,0.00696519166872595,-0.00996885026227333,0.000551310641540237
"6159",2025-11-04,0.00263444208238301,-0.00127913452517766,-0.000948229446128687,0.00562868174967426,-0.00574042273689338,0.000551310641540237
"6160",2025-11-05,0.0143948137323569,0.0036029684183151,0.00898924192548856,-0.00495457171271412,0.00102662314829404,0.000551310641540237
"6161",2025-11-06,-0.000101681573722237,-0.011582172815963,-0.00580669618363993,0.00937725179953409,-0.00889222042047102,0.000551310641540237
"6162",2025-11-07,0.00465867807613121,0.00345943550631782,-0.00640685075493981,0.0108738616060361,-0.00224779617081585,0.000551310641540237
"6163",2025-11-10,0.00550250646943294,-0.00931623261677667,-0.00322017633385343,-0.00156868083914096,-0.00219598488722174,0.000551310641540237
"6164",2025-11-11,0.0166967283316959,0.0163010276409811,0.0013833796291649,0.000778456864199528,0.0129831575525075,0.000550965070277298
"6165",2025-11-12,-0.00331156220804744,-0.0058552153502834,-0.0052619658789175,-0.00652315755031184,-0.00214766066432277,0.000551310641540237
"6166",2025-11-13,-0.00456615518679637,-0.00781718995352061,-0.0154534790979162,0.0198804817464166,-0.0115725615443642,0.000551310641540237
"6167",2025-11-14,0.00316166437089707,0.00157156626811247,-0.00318603262637336,0.00320969548031946,-0.00320674711823386,0.000551310641540237
"6168",2025-11-17,-0.00519731914960861,-0.00975130711292283,0.00451532229206463,-0.00258495089394465,-0.000736898490926572,0.000551310641540237
"6169",2025-11-18,-0.00277328153884315,0.00476775508717797,0.00163286864590528,0.00628219040033763,0.00168316429827469,0.000551310641540237
"6170",2025-11-19,-0.00818031984434324,0.00295704258673276,0.00337144563956172,-0.000484748537654371,0.00489063811495628,0.000551310641540237
"6171",2025-11-21,-0.00284854858535885,0.00221200486991026,0.00601392586656543,-0.00383386338593964,0.000350153376035041,0.000551310641540237
"6172",2025-11-24,0.00358182291570727,-0.00746686837862441,0.00248025704617129,0.0143439572398816,-0.00318976814844223,0.000551310641540237
"6173",2025-11-25,0.00281456055234398,0.00917275744444802,0.010805241756629,-0.00240046250793704,0.00578948847900047,0.000550965070277298
"6174",2025-11-26,0.0156087851344095,0.0150617007649507,-0.0111268209321687,-0.00316680454990795,-0.000261265682134729,0.000550965070277298
"6175",2025-11-27,-0.00129034084342183,0.0202860961886941,0.0022342617184205,0.000247369852874072,0.00712785892054118,0.000551310641540237
"6176",2025-11-28,0.00429819378853576,0.0205581617039923,0.0088705403837871,-0.00394632187519998,0.0130410332889357,0.000551310641540237
"6177",2025-12-01,-0.00388573932222321,0.000764372131616462,-0.00184726507508385,-0.00169062616650112,-0.000196543031020851,0.000551310641540237
"6178",2025-12-02,0.0139376628753313,0.00204059410109075,0.00685991185232416,-0.0114235380674989,0.0137723141677298,0.000551310641540237
"6179",2025-12-03,0.0013030290933184,0.00216479962244303,0.00454196676193441,-0.0161133671258634,-0.00024783902513514,0.000551310641540237
"6180",2025-12-04,0.0143146922925465,-0.00421402922903478,-0.000823955744096619,0.00319952954798559,-0.0045573298297086,0.000551310641540237
"6181",2025-12-05,-0.0399665913533614,-0.0161642247176711,-0.0187500320784711,-0.0115267447994003,-0.00477218475726415,0.000551310641540237
"6182",2025-12-08,0.00534428264850738,-0.00225175002466395,-0.00238983507624351,0.00288118713916624,-0.00141356804186543,0.000551656182848026
"6183",2025-12-09,-0.00246285493709289,-0.00370956077412356,0.00302226539505961,0.0016032251772774,-0.000957151730085032,0.000551656182848026
"6184",2025-12-10,0.00595346754527689,0.000102345839626963,0.00148350985342354,-0.00600719646895456,0.00034782612629472,0.000551656182848026
"6185",2025-12-11,-0.000738806940473986,-0.00088543560160714,-0.00505888932096003,0.00681446668981892,0.00216397280591943,0.000551310641540237
"6186",2025-12-12,0.00912705895659119,-0.0036611328182017,-0.00335025812410411,0.00498621248775285,-0.00919322118873056,0.000551310641540237
"6187",2025-12-15,0.0102198287366593,-0.0119714808349426,0.00263325529539566,0.00926074401725313,-0.00962003277141266,0.000551310641540237
"6188",2025-12-16,-0.0219065822215537,-0.00245137074522841,0.0043356064589038,-0.010645924975985,0.00895020773137874,0.000551310641540237
"6189",2025-12-17,-0.00698594336244991,0.00557278021930629,0.00708892423377649,-0.00342249568449253,0.00896076880450676,0.000551310641540237
"6190",2025-12-18,0.00304560709975374,-0.0024986177013132,0.00670547577284614,0.00308674795956215,0.00221210872733071,0.000551310641540237
"6191",2025-12-19,0.0021683273930786,-0.00153553125266995,0.000655306987407027,0.00262547901572878,-0.000678025179015242,0.000551310641540237
"6192",2025-12-22,-0.00396631138354808,-0.00511433995717105,-0.00416804515168744,-0.00887522376736091,0.00170265164059397,0.000551310641540237
"6193",2025-12-23,0.0153541648241836,0.00870760230533722,0.00612446453629298,0.00495159439639542,0.00474420329270878,0.000551310641540237
"6194",2025-12-26,0.00451048156484392,-0.00143834997689567,0.00374380744068101,-0.00397753831033169,0.00557549707227096,0.000550965070277298
"6195",2025-12-29,-0.00311998809016023,0.00211324016093221,-0.00544076597453291,-0.000104198527101395,0.00156230638008105,0.000551310641540237
"6196",2025-12-30,0.00391960822250619,0.00281987528431494,0.00590016570240322,0.00630156526084291,0.00294297393411427,0.000551310641540237
"6197",2026-01-02,-0.00523699402719935,-0.0105486472806049,0.00140887180518657,-0.00825728535458281,0.000461849620440893,0.000551310641540237
"6198",2026-01-05,0.00639327967848922,-0.000425370335874446,-0.00729288336945426,0.00856962056937068,-0.00472224678982758,0.000550965070277298
"6199",2026-01-06,0.007262779785605,0.00501954171611925,0.00146533101278534,-0.000926133928173162,0.00662842208883484,0.000550965070277298
"6200",2026-01-07,-0.0102249437014789,-0.00524995593714774,0.0157669989840871,0.000180913193104041,0.0015026746900551,0.000550619469053881
"6201",2026-01-08,0.00322557179944075,-0.0147658757767253,-0.000207160938014809,0.0119621499297945,-0.00142712174000988,0.000550619469053881
"6202",2026-01-09,0.00387846442880184,0.033958609979123,-0.00190543545546956,-0.00131108662239325,-0.00217631167988841,0.000550965070277298
"6203",2026-01-12,0.00120446437370169,-0.000773362384817099,0.00410322455741899,-0.0148131662128203,0.0058347552927855,0.000550619469053881
"6204",2026-01-13,-0.00831644656983268,-0.00490959270896297,0.00447539096493581,-0.00327713861321232,0.00127792177956373,0.000550619469053881
"6205",2026-01-14,0.0162893767211752,-0.00922578979942757,0.00246215854440084,0.00296747938269534,-0.00306713221558582,0.000550619469053881
"6206",2026-01-15,0.000310508543333635,-0.0109439279906853,-0.00326340495443101,0.007526494441819,-0.0125679400717239,0.000550619469053881
"6207",2026-01-16,-0.00578532034054164,-0.00244689925979729,-7.23359085818692e-05,0.00153717005334738,-0.000228106175648403,0.000550619469053881
"6208",2026-01-19,-5.15051218477479e-05,-0.00139045341504541,-0.00525933739020357,0.00208971675582852,-0.00289792027046226,0.000550965070277298
"6209",2026-01-20,0.0085821617260026,-0.00615354779034344,-0.000245181706701084,0.00559325360897673,-0.0105340496002859,0.000550965070277298
"6210",2026-01-21,0.0292012986848295,-0.000482446995637431,0.00515487188290375,0.00408933969435687,-0.00311653925178997,0.000550965070277298
"6211",2026-01-22,0.0225101805074251,-0.000718341802177107,0.00556954149394358,0.00551906863875908,0.00128252752273409,0.000550273837865101
"6212",2026-01-23,0.0175330664678585,0.00387691477768022,0.00862563806600684,-0.00997190785018733,0.00275178644485837,0.000549928176705183
"6213",2026-01-26,0.00149878079002665,0.00898199347426923,0.00634501455654432,0.0019400110484781,0.00796235788831433,0.000550273837865101
"6214",2026-01-27,0.0145955736886061,-0.00208030763965549,0.0050461829967244,-0.00543414352885858,-0.00319381724588978,0.000549236764452621
"6215",2026-01-28,0.0136788856438976,-0.00376554465336856,0.00706835146373603,0.00122083621650154,-0.00500880824804413,0.000548891013349317
"6216",2026-01-29,-0.00857846328175113,-0.00738828939566936,-0.00103460694869995,0.00285808662890308,-0.006493395608605,0.000551310641540237
"6217",2026-01-30,-0.00825849823623078,0.0164322787043381,-0.00298974798868159,0.011160717446142,0.00981379561842728,0.000551310641540237
"6218",2026-02-02,0.00623759481640527,-0.0114653983687297,-0.0144286768950306,0.0129922846353409,-0.00924569082514536,0.000550965070277298
"6219",2026-02-03,0.0136091324124926,-0.00556487027388126,0.00121597645039189,-0.00832624765538737,-0.00422059307767295,0.000550619469053881
"6220",2026-02-04,-0.0204099169481166,-0.00892779919413607,-0.00627266942355248,-0.00158730683428411,-0.00536320307861939,0.000550273837865101
"6221",2026-02-05,0.00156720929090174,-0.00409356871663833,-0.00756147358993893,0.0189976497546301,-0.0043266716297903,0.000550273837865101
"6222",2026-02-06,0.00152384817535204,-0.000169200965508074,-0.00287940408043611,0.00752808557647973,-0.00165813158053719,0.000550273837865101
"6223",2026-02-09,0.0189768341097478,-0.00686404309906536,0.00291269762539547,-0.00159574576027714,-0.00294021126666353,0.000549582485569466
"6224",2026-02-10,-0.000647238209631695,-0.00482765369588472,-0.0109264269394085,0.00308952516938025,-0.00233138893442271,0.000549236764452621
"6225",2026-02-11,0.0192112959882224,-0.0106519304131684,-0.00261829053358905,-0.00717878858506515,-0.00554621453268301,0.000548545232254227
"6226",2026-02-12,-0.0105979259162471,-0.00914440154634191,-0.0110713321384433,0.015010099996296,-0.0061222744168266,0.000548545232254227
"6227",2026-02-13,-0.00806860912288546,0.0093649573581,0.00443715695951056,-0.00110971337272118,0.0144213216571554,0.000548199421162243
"6228",2026-02-18,-0.00284108258419921,0.00596993778224246,0.00633098254506413,0.00165831512517211,0.00446883035761619,0.000547507708967165
"6229",2026-02-19,0.0101636082713362,-0.00064726035237765,-0.00208963114288492,0.00314301856482786,-0.00218714815253719,0.000547161807853414
"6230",2026-02-20,0.00935389394023687,0.00623861884049097,0.0102200017136524,-0.00629460007126516,0.00837756907084862,0.000546815876721896
"6231",2026-02-23,-0.0080693678537173,-0.00860467810864229,-0.00341565671643296,-0.0102556484827932,-0.00559195696669129,0.000546469915567505
"6232",2026-02-24,0.0141683369755746,-0.00081821985277942,0.00147375072016711,-0.00577191134635182,-0.00708802470528858,0.000546123924384911
"6233",2026-02-25,-0.00449593679233512,-0.00395428036123855,0.0038018896202012,0.00120590107490204,-0.000131199740078893,0.000545777903169009
"6234",2026-02-26,-0.000451616050842595,0.00580092903948015,7.2836251777347e-05,-0.00621039686554602,0.00350187512255906,0.000545431851914469
"6235",2026-02-27,-0.0120073718015032,0.00312407332305671,-0.00411311018255077,-0.00731049166534324,0.00188061041484609,0.000545431851914469
"6236",2026-03-02,-0.00050790830093424,-0.00138410561822694,0.00641945939860044,0.00035072289729369,0.000142652715266308,0.000545777903169009
"6237",2026-03-03,-0.0297612086327285,-0.0117785572501224,-0.00935684295129256,-0.00126990014373183,-0.00789283231318456,0.000546123924384911
"6238",2026-03-04,0.00991976177753375,0.00446934134954058,0.00173383526056979,0.0140369252594599,-0.000200686765424569,0.000544739659268378
"6239",2026-03-05,-0.0249809904520415,0.011828087952147,0.00847764834692859,-0.0202105412917046,0.0108781172902389,0.000545085770615961
"6240",2026-03-06,-0.0060491552178744,-0.0139236076217071,-0.00990445197382553,-0.000436677847633181,-0.0136123645874717,0.000545431851914469
"6241",2026-03-09,0.00703472155674353,0.00348704633266404,0.000678298579726189,-0.000919553627373544,0.00230345684362651,0.000544739659268378
"6242",2026-03-10,0.0116941422195785,0.00678767389743712,0.0115156522807596,-0.0059340406406239,0.0106317052561065,0.000542316038022683
"6243",2026-03-11,0.0011792160477725,-0.00164747764546565,1.27219830163873e-05,0.00175917241224857,-0.00234751954846806,0.000543008651611832
"6244",2026-03-12,-0.0247450694328805,-0.012896546719247,-0.00522240085149227,-0.0111434484509341,-0.00921137053377639,0.000544739659268378
"6245",2026-03-13,-0.00844335114764203,-0.010338197677623,-0.00924587020614967,0.00332766348046074,-0.00559241628102547,0.000546815876721896
"6246",2026-03-16,0.0102389842767197,0.00452979565773609,0.00731198530628976,0.00418956334539134,0.00655485691297254,0.000544393517866615
"6247",2026-03-17,0.00233291062464046,-0.010675390093944,0.000359081275155388,0.000535775799834019,-0.00939272504987059,0.000545085770615961
"6248",2026-03-18,-0.00722034500394249,-0.00887874528793688,-0.00343859969598192,0.0126355152352852,-0.0118087262110066,0.000543701144879227
"6249",2026-03-19,0.00199831010276912,0.00180152572691204,0.00234881603969438,0.00322670883786821,-0.00494172899019028,0.000542662359860113
"6250",2026-03-20,-0.0215911708478172,-0.00017280729734127,0.0032319136692412,-0.0117846832733239,0.00491017359938845,0.000542662359860113
"6251",2026-03-23,0.0303528517171926,0.012589290624176,0.0106341963600892,0.00872702485479198,0.0212747704485883,0.000542316038022683
"6252",2026-03-24,0.00220640217289638,-0.00125950470708439,-0.00756661508865709,-0.0020742591433342,-0.00876103096756535,0.000542316038022683
"6253",2026-03-25,0.0144878885686991,-0.000470680647164139,-0.00447735092257048,-0.00153855471259571,-0.00357667412489941,0.000542316038022683
"6254",2026-03-26,-0.0150386324370777,0.00232462529169848,0.00626167856888916,-0.00696994485852274,-0.00247900873988667,0.000542662359860113
"6255",2026-03-27,-0.00417533165659642,-0.00772212811265531,-0.00952787976691634,-0.0164311991478977,-0.00651774082732442,0.000542316038022683
"6256",2026-03-30,0.00527819413049847,-0.00662943707619914,-0.00221345466720046,-0.000304324052025016,-0.00825701653686686,0.000542316038022683
"6257",2026-03-31,0.0262383766536057,-0.000134625428994381,0.00381978006926448,0.00917613749210458,0.00272161481829614,0.000542316038022683
"6258",2026-04-01,0.00265512361951451,0.00587011386947616,0.00469248593083463,0.0174998432913781,0.00324884185100651,0.000542316038022683
"6259",2026-04-02,-0.00140112103370106,-0.000623771533821457,0.00478531094969523,-0.0045020654465349,0.0050713582387627,0.000542316038022683
"6260",2026-04-06,0.000464122249258636,-0.000369754988414573,0.00267808051852342,0.00282626370031166,-0.00175036048601983,0.000541276891943498
"6261",2026-04-07,-0.00191555370652867,-0.0107025006865328,0.00151707561073804,0.0033692042610706,-0.00587016157781767,0.000541276891943498
"6262",2026-04-08,0.019763441271757,0.00221625063172185,-0.00376975389673866,0.0105939682563844,-0.00434740273755296,0.000540237474904615
"6263",2026-04-09,0.0144870185344363,0.0062917965967705,0.00831483085313756,-4.21907863418225e-05,0.00476921600575185,0.000540583977366449
"6264",2026-04-10,0.0091853855742313,-0.00692810210252293,-0.00742832162766138,-0.00187181147950345,-0.0122594268915789,0.000540237474904615
"6265",2026-04-13,0.000547675068881039,0.00449757499828063,-0.00145945062800902,-0.00236805884124723,0.00161709361439282,0.000539197786763923
"6266",2026-04-14,0.00247809860862417,-0.00467112176083752,0.000805742087565268,-0.00386980211655783,-0.00327242071855786,0.000538504510654958
"6267",2026-04-15,-0.00811207735622267,0.00145444160254517,0.00684297897139527,0.00195149351775719,-0.00117683705590874,0.000537811113951348
"6268",2026-04-16,-0.00549039367441929,0.0038264614922028,0.00603892009632558,0.00182975609238853,0.00568233470538655,0.000538157827379981
"6269",2026-04-17,-0.00473260617679326,0.00134214946522923,-0.00293585541652888,0.000410645290323894,0.00179335788277202,0.000537464370363283
"6270",2026-04-20,0.000621131456686043,0.0054012643786353,0.00760882718705328,-0.00407923056312404,0.00198935490105048,0.000536770792688879
"6271",2026-04-22,-0.0179236831181054,0.00854125395304452,0.00677901847962673,-0.0160482755877864,0.0114138548599562,0.000536423958591881
"6272",2026-04-23,-0.00874216844655467,-0.0102220520104448,-1.04862111635178e-05,0.00347162591129209,-0.00776624630414419,0.000537117596610903
"6273",2026-04-24,-0.00448315253726825,-0.00738774809390563,0.00402502330349423,0.00737126156590747,-0.00515948861896066,0.000536423958591881
"6274",2026-04-27,-0.00746362528122546,-0.0156745379058521,-0.00385781544456021,0.000333761726262722,-0.0113166663981463,0.000535730199852091
"6275",2026-04-28,-0.00589759090456162,0.00575226906414285,0.0034526002721953,0.000850648034407385,0.0042141501867954,0.000535036320349125
"6276",2026-04-29,-0.0191780232408307,-0.005275982410487,-0.00545660954663894,-0.00412552549819293,0.000486604929097922,0.000535036320349125
"6277",2026-04-30,0.0130672736327092,0.00238891718349403,0.00318500453254013,0.00383351344131448,0.00592973698689644,0.000533995274572208
"6278",2026-05-04,-0.00883604246103207,0.00768243659460235,-0.0120738757911984,-0.0123229285169399,-0.00201996926468796,0.000533995274572208
"6279",2026-05-05,0.00955758343340136,-0.000607771105789809,-0.00262791132271683,-0.00218325846234236,-0.00769449619033608,0.000533995274572208
"6280",2026-05-06,0.0040147766136124,-0.000797274688045671,-0.00517879138549679,0.00417907403398247,0.00096838596183307,0.000533648198886238
"6281",2026-05-07,-0.0242599741186472,-0.00138220935126332,-0.00998605818421667,-0.0177490501231744,-0.0053988125438475,0.000533648198886238
"6282",2026-05-08,0.0028625553544378,-0.0168941316726301,-0.0116899097589091,0.0137596325577295,-0.0154835572659899,0.000533648198886238
"6283",2026-05-11,-0.014123775741411,-0.00307745420692278,-0.000899831973115949,-0.00736259070287273,0.0010981645515527,0.000533301092977778
"6284",2026-05-12,-0.00927648510029092,0.00719023571376974,0.00381848454408372,0.00331322921849302,0.000924310854685798,0.000533301092977778
"6285",2026-05-13,-0.0179599623291281,-0.00850037322226303,-0.00450809106794508,-0.00472820176890773,-0.00682147579464094,0.000533301092977778
"6286",2026-05-14,0.00583328697630131,-0.00348824181188641,0.00358316885635526,0.01306360416144,-0.00273704437785522,0.000533301092977778
"6287",2026-05-15,-0.00751194431393361,-0.00710981013063363,-0.00556563360763328,-0.00235447485948176,-0.00799941846610876,0.000533301092977778
"6288",2026-05-18,-0.00216211350216076,0.0027177787394517,0.00606575769615963,0.0095868068332667,-0.00356830988420323,0.00053295395684172
"6289",2026-05-19,-0.0151665032654158,-0.00324417234941085,-0.00191432611166617,0.00773615051604775,-0.00164975306045512,0.000532606790472734
"6290",2026-05-20,0.0170782476959529,-0.00299725968733548,-0.00273483150452973,0.00483193944098648,0.000150679650492452,0.000532259593865714
"6291",2026-05-21,0.00138214913365678,0.000339670312164999,0.0024285863606267,0.00125737458650386,0.00481350216504379,0.000531912367015108
"6292",2026-05-22,-0.0100976552780311,-0.00219277391413121,0.0101094841512513,-0.00852424794264658,0.00112370943380076,0.000531912367015108
"6293",2026-05-25,0.00877087326299576,0.00388902595623455,0.00305891906941245,0.0143781613846716,0.00713648666360883,0.00053156510991581
"6294",2026-05-26,-0.00585545024893078,-0.000600650372793821,-0.00514327059898909,0.00332046843793304,-0.00157587237185833,0.00053156510991581
"6295",2026-05-27,-0.00288180204437301,0.0050038202698977,0.00476120473052902,-0.00320722817160818,0.00939623592729271,0.00053156510991581
"6296",2026-05-28,-0.0057164653765558,-0.000310212111497431,-0.00253749250975569,0.00591828599111186,-0.00104128915495697,0.000531217822562269
"6297",2026-05-29,-0.0062034899657015,0.000397461496554103,-0.00344983296519651,0.00554895294510638,0.00498203525790301,0.000531217822562269
"6298",2026-06-01,-0.00971790616999004,0.000758991692612041,-0.00586639975345902,-0.000522024896134699,-0.00775212501448338,0.00053156510991581
"6299",2026-06-02,0.00803137486000313,-0.00917619065344469,0.00549273710092424,0.00621278485270241,-0.00357351100782618,0.000531217822562269
"6300",2026-06-03,-0.0198244382174736,-0.0217343045717485,-0.00926167869175639,0.00768881296615161,-0.0202658068949801,0.000531912367015108
"6301",2026-06-05,-0.0062303646379511,0.00251239955612488,-0.00591105341006777,-0.00259001560934995,-0.00104482840550452,0.000532606790472734
"6302",2026-06-08,-0.00228701971100885,-0.00493451767943025,-0.00487691996391713,0.00756289717547688,-0.0110700157733906,0.000532259593865714
"6303",2026-06-09,0.00695882752367099,0.00755719057121638,-8.10667506867015e-06,0.00402694134548886,0.00855271071542524,0.000532606790472734
"6304",2026-06-10,-0.00537657295150772,-0.00632807788746831,-0.00892373151835083,0.0100391861423989,-0.00535452332028815,0.000531912367015108
"6305",2026-06-11,0.0164619630112167,0.00737223816583385,-0.00232904441182151,0.00115462664604549,0.00821123336576202,0.000530175778925335
"6306",2026-06-12,-0.0016954695612412,0.00117849696458735,-0.00355456298880545,0.000514181810837662,-0.000310804624146585,0.000529828370503083
"6307",2026-06-15,-0.00716197566633217,0.00644886357052026,0.00492593670636093,-0.00337480172292194,0.00449063140068713,0.000528090874079457
"6308",2026-06-16,-0.00416726529444112,-0.00153484897627031,-0.000348124913534486,0.0040735242764694,-0.00186905959013679,0.000527743283895266
"6309",2026-06-17,-0.00632036587147394,-0.00515369038613808,-0.00817730952702688,0.00348307894717019,0.000624166599077529,0.000527743283895266
"6310",2026-06-18,-0.000463826609705877,0.00241919012442982,-0.00421076257382613,0.00912519700780217,0.00235894998023657,0.000525309303566868
"6311",2026-06-19,-0.0014839603524146,0.01389480879693,0.0149194685471484,-0.0182486453053133,0.0136778312095255,0.000525309303566868
"6312",2026-06-22,0.01142171877965,-0.0140852884376699,-0.00378695430571171,0.0105382428408631,-0.0117586828491574,0.000525309303566868
"6313",2026-06-23,0.00464764337222412,-0.00738968063329839,-0.0119296938607659,0.00111535850873268,-0.00531695905938561,0.000525309303566868
"6314",2026-06-24,-0.00487768767117384,0.00650946211792602,-0.00846895296766076,0.00230152796148563,-0.000184239171531813,0.000525309303566868
"6315",2026-06-25,0.00726733621284702,-0.00165987973916193,0.00304758084839823,-0.00622302202043773,-0.00166977247098278,0.000525657106047905
"6316",2026-06-26,0.00752334243470156,-0.00234810548069758,-0.00923478876402091,0.00425446591370245,-0.0071385768954416,0.000525309303566868
"6317",2026-06-29,-0.00105522442668155,-0.0091771596723277,-0.00354349713217891,0.00625051658264685,-0.0126153567731802,0.000525309303566868
"6318",2026-06-30,-0.00783997252359032,0.000424661915860519,-0.00204303631258564,-0.00312750276196026,0.00274498196201183,0.000525309303566868
"6319",2026-07-01,-0.00250690031515155,0.0010639321167247,0.00284565617145921,0.0128413418342991,-0.000976723357406224,0.000525309303566868
"6320",2026-07-02,0.00601404687632427,-0.00701018200376118,-0.00694790569851435,0.00645973136642381,-0.00706329716147726,0.000525309303566868
"6321",2026-07-03,0.00582706643764102,-6.93468294737671e-05,0.00369077998582374,-0.00339363878084123,0.000744111706015437,0.000525309303566868
