data,ISE_Momentum,ISE_Baixa_Vol,ISE_Valor,ISE_Qualidade,ISE_Multifator,ISE_Uniao_TCC,ISE_Universo_EW,IBRX_Momentum,IBRX_Baixa_Vol,IBRX_Valor,IBRX_Qualidade,IBRX_Multifator,IBRX_Uniao_TCC,IBRX_Universo_EW,ret_ise,ret_ibrx,selic_dia
2016-01-04,-0.002,-0.002,-0.002,-0.002,-0.002,-0.002,-0.002,-0.002,-0.002,-0.002,-0.002,-0.002,-0.002,-0.0020000000000000005,-0.029017804448515316,-0.0286678243721451,0.0005253093035668677
2016-01-05,0.015727398300822815,0.022225289269647064,-0.0005970969426301043,0.016823172195590486,0.02786596964037047,0.009355831342807708,0.008116579206935093,0.015044121277823841,0.022660231925797802,-0.011548635723296563,0.006938014368186529,0.026190818840001073,0.008685308567466299,2.6942738846846837e-05,0.013580997301305464,0.006925850984346171,0.0005253093035668677
2016-01-06,0.0017409381187007966,-0.0043357812911724025,-0.009564274325061795,0.0028535706881989142,-0.003749878640155191,-0.0035072827861830635,-0.002904755925324687,0.006070071246983,-0.004503196898714701,-0.06128185696926702,-0.002665785425822631,-0.0012474748168319616,-0.01881156285526575,-0.01338017223558452,-0.006332514583972881,-0.014224973231971028,0.0005253093035668677
2016-01-07,-0.030563745786777563,-0.016970077204135903,-0.03382510792496707,-0.031150714843324878,-0.027862785829140813,-0.02810424480830298,-0.02915650868202202,-0.025611160032777636,-0.023854238313329557,-0.050064085702668515,-0.005599159960542943,-0.02392133226870974,-0.025418577463883985,-0.023677962065902558,-0.028455834073616404,-0.026050967144872095,0.0005253093035668677
2016-01-08,0.0027796598466021116,-0.0027399251656849977,-0.003886248887076449,-0.0007857009491388789,0.005853781595819507,-0.003180388535200307,-0.00588557559746794,0.0013813459274769624,0.012445007975055322,0.008377899643976505,-0.009020041428307812,0.01839400818054271,0.0031317436375013497,0.0021790245653303675,-0.0012920281860917537,-0.0007687356559447078,0.0005253093035668677
2016-01-11,-0.012752988998977255,-0.01965117959142637,-0.01065911001270703,-0.007340938714572975,-0.022040956519188137,-0.012444401248591364,-0.013657338219915105,-0.0034794005713293386,-0.016673660424040837,-0.005776613567548994,-0.014461262595330315,-0.007825059051717709,-0.010274636522933589,-0.01192039002244194,-0.01865913003672115,-0.016613703190209494,0.0005253093035668677
2016-01-12,0.004300560573235357,0.005134888052714226,0.0019288357744779994,0.00014790862834090923,0.007676609061531892,0.002175933303863342,0.003146780216311429,0.0064492271184928285,0.0033469093375240178,-0.026454620975257304,-0.002796020274916544,0.0035386033575921516,-0.004378609527346589,-0.006357660024990941,0.00037520788544997963,-0.008856581236526662,0.0005253093035668677
2016-01-13,-0.014163880397049078,-0.012136523326042314,-0.01651270654951753,-0.011925787109705599,-0.01565122769261662,-0.01271617757544019,-0.011922927390749738,-0.007349643107174675,-0.010002635359520173,-0.04425927437241084,-0.004203036846573083,-0.00755515584240618,-0.016026844231237014,-0.009348717946499607,-0.012113655485610608,-0.013630004823926734,0.0005253093035668677
2016-01-14,-0.0050288080385116896,0.0030828864215113327,-0.006637750022287725,-0.001896864408770127,0.002135571043780038,-0.0017087849451317139,-0.0013859225315477897,-0.011557498102831465,-0.002763848800184543,-0.01399308935470911,-0.0023746578531497198,-0.0008369653492238394,-0.007081775839947291,0.0023996029854156387,-0.0007849857368604773,0.01243920391051212,0.0005253093035668677
2016-01-15,-0.01091833227401573,-0.015905636934580913,-0.014208308225558408,-0.011986047691285973,-0.014840706026732042,-0.014957561179719359,-0.01616527412143809,-0.01175095967409745,-0.01242048016652153,-0.03079154289745245,-0.012814072524093834,-0.013450004620702005,-0.01697999796933025,-0.018613625033937486,-0.01881851557084535,-0.022591634543855932,0.0005253093035668677
2016-01-18,-0.007648868326865732,-0.014274128392738783,-0.012681480350379637,-0.007099549442657449,-0.01370551985060886,-0.012616568835167263,-0.013787960384371356,-0.009633338135658809,-0.0111689468451176,-0.013135544877483807,-0.0119330549147445,-0.00718369894699078,-0.011022238153532538,-0.00947884736235105,-0.012925846459783341,-0.01607001542568276,0.0005253093035668677
2016-01-19,0.003802344631990806,0.010967799541178103,-0.007843671235111427,-0.006418843712892919,0.003382928421863385,0.0014769873444315795,0.0017191730760359736,0.007415421327855221,0.004658017662063196,-0.01979454718460172,-0.010239250565717728,-0.0012181278208280855,-0.005551350589754422,-0.002481264163645025,0.005715194571095372,0.0039002559150533855,0.0005253093035668677
2016-01-20,-0.011033083326857596,-0.009879727241578817,-0.015094864155843823,-0.012513979445524459,-0.011508527956139436,-0.014726023885189732,-0.015220520720397812,-0.011517090736281044,-0.006011335352251623,-0.010526808017550349,-0.004098331644414532,-0.015521547636804245,-0.008371122930287522,-0.014771753090002893,-0.010717034444221785,-0.011390131388030023,0.0005253093035668677
2016-01-21,-0.0020255359413984264,0.007300508864507282,-0.002821015655544268,-0.0038047055651827533,0.003559332741467136,2.1168993827647142e-05,-0.00027542244522604786,0.0034384178079029937,0.010477875854407959,-0.014292237280317699,-0.009298970737063983,0.0004107569253284371,-0.002539184906782621,-0.003452186274119362,0.004657234966562784,0.0009122448308234166,0.0005253093035668677
2016-01-22,0.007823262600015424,0.010545549776786567,0.022217948837827795,0.009386338958836227,0.011369802749100266,0.012822132226189664,0.012553202857183754,0.011183495635400664,0.012534070571788902,0.00820689122271756,0.010907899288405742,0.021378837744648882,0.01137367835562264,0.010573547685766016,0.010676836092267328,0.009727220669490722,0.0005253093035668677
2016-01-26,-0.023934978900578052,-0.018146842407041452,-0.0165567366290581,-0.01034559875076202,-0.013995387644345159,-0.016104330520030352,-0.015263558473228356,-0.013085814429316334,-0.01501347725991986,-0.01831575854946288,-0.007954033103118374,-0.006381058819607377,-0.013268134965254696,-0.01129483583195956,-0.017522775935177703,-0.01363714893073631,0.0005253093035668677
2016-01-27,0.032299597802651014,0.020140996811877754,0.04194492186896981,0.033297845892350075,0.024538957178448895,0.03159250628215804,0.03397854076749396,0.02036829477005031,0.02419810177528081,0.012564641404188892,0.030580893709797108,0.024029446017924005,0.022484817088123332,0.022565095340886243,0.026680839471617812,0.024906045456102976,0.0005253093035668677
2016-01-28,0.005683468890268051,-0.0038154663314080572,0.025114744818089063,0.013213304132025039,0.0037527951170301943,0.01017227382486352,0.00861207658395724,0.006861131190419867,0.005899155926192057,-0.016144035899961717,0.013687284814567047,0.010279138510775443,0.003633039440099184,0.0062058107030682486,0.0004942562224257152,0.006822876419187995,0.0005253093035668677
2016-01-29,0.04628485033490537,0.045708982953805544,0.05215816855651423,0.050530923700290664,0.04955234529631558,0.047114766362396976,0.044820926223791746,0.036454920166904214,0.03522609327220749,0.04148367275510423,0.04083018381327852,0.034096717969716916,0.037987314471976674,0.03954542341630374,0.046031523169165256,0.045462959717150975,0.0005253093035668677
2016-02-01,-0.005870744394757654,-0.0033828376066603605,0.032625373541614655,0.01560016182222368,-0.005096731616259675,0.010173048297016818,0.01118777817191896,0.004433747149771072,-0.003014980030980774,0.02693662719757728,0.023384098806740417,0.008148555854699424,0.014907553488657577,0.018755949291404228,0.0012825930252791107,0.0039171717302439735,0.0005253093035668677
2016-02-02,-0.04004535968133993,-0.04112264454087233,-0.06097058521695553,-0.06239071795414497,-0.04537371599539575,-0.047827995088846054,-0.04734872503329701,-0.022048001335451595,-0.02582812283475211,-0.012805345006710711,-0.047157574210128006,-0.019055248895711085,-0.028212643128587622,-0.027895869574637744,-0.0454489034967952,-0.04557748987759347,0.0005253093035668677
2016-02-03,0.01661276532874112,0.022259711967543616,0.014210880777671964,0.03196575825936132,0.023748662173632917,0.019725108157034432,0.020131730979434437,0.011885351699315594,0.010766540240516154,0.08139236434266017,0.018111551340695975,0.009852032193240712,0.02868588594262156,0.0188046612777375,0.02325508818832933,0.023121546978285723,0.0005253093035668677
2016-02-04,0.016741588676453922,0.009730148069211353,0.028648298923560134,0.014931027124119867,0.008541265618378535,0.019716949547625928,0.02263458195740431,0.01210536564362652,0.011221165258001431,0.06922065974720826,0.017010346745382154,0.00971675928574589,0.026744209720758194,0.032535910632054854,0.019534387231230577,0.028772484410328758,0.0005253093035668677
2016-02-05,-0.012401795766242452,-0.009608890151511118,0.027457667639778638,-0.001949785856256936,-0.007971337168734549,0.007190082170873691,0.003946919532077375,0.0033093223866336174,-0.003934128286609551,0.01183692001290959,-0.005527237674002317,-0.0012768174782209485,0.0011928910353842248,0.0023397924454848784,-0.0037592298066040364,-0.005054137305716022,0.0005253093035668677
2016-02-10,-0.0048101118368079065,-0.005324095325279443,0.005867544203752129,-0.0002148106829451546,-0.002471999170572836,-0.0009250365078067313,-0.0021884333161664715,0.0010130684621303399,-0.0046780033449792535,-0.02095036183709953,-0.008450403972813492,-0.005011438180551608,-0.007646718072424119,-0.008526388516782224,-0.0025423007822079624,-0.005420419610592919,0.0005253093035668677
2016-02-11,-0.021965399641737493,-0.026915468303607137,-0.03201209762790902,-0.030187690864337924,-0.026426594625117317,-0.02645745144859113,-0.026977938566583592,-0.01876725852690264,-0.02075119395463676,-0.0564422217595103,-0.03576621609639341,-0.014154624059593557,-0.03455514218208633,-0.03036938721667537,-0.029857860328832864,-0.02461854401288277,0.0005253093035668677
2016-02-12,0.006310040803897854,0.016189773111224603,-0.011106567384925436,0.003943984277381629,0.010354616451682785,0.0023655503102115727,0.002142693035703802,-0.008178964903599706,0.009537419750291543,0.0062986019443505015,0.005264775212627804,0.0016829614369511248,0.0036906982660367404,0.004819541062069721,0.011739760033098845,0.01119678986680861,0.0005253093035668677
2016-02-15,0.009575912649314011,0.007623348187896228,0.011017791051060932,0.008244058658849251,0.004206251843530184,0.009684585008972402,0.004954817509188469,0.007111012947829121,0.0022888536757157407,0.021826044938417555,0.014432899548639577,0.002192874479686857,0.011399357078106354,0.013677565362739674,0.005546184123089493,0.006261325008008134,0.0005253093035668677
2016-02-16,0.017217053591628062,0.019410491883600445,0.035759297012207814,0.01778658041545289,0.015019141303372674,0.02497409750378554,0.0253098031126342,0.00979060908590057,0.004312330499476769,0.08553350383117486,0.016299029875971094,0.011320798298901646,0.02858682100416532,0.03783447997995748,0.02447195180845374,0.02043278010886307,0.0005253093035668677
2016-02-17,0.016172259168842684,0.005705579698586094,0.018793205980105032,0.006961489758126049,0.009091090466454066,0.009579209863072036,0.010029935816850521,0.01010375534109964,0.007896993984356282,-0.001987832840757209,0.003432007929017322,0.01054643126042576,0.0043934488865817745,0.004346885837315462,0.0074331733894377194,0.015989696007784993,0.0005253093035668677
2016-02-18,0.012019426820766288,0.004713840352248866,-0.0018219706518186607,0.014637735790486328,0.004415243317862805,0.005724145195432184,0.00700470420968502,0.011682404621150777,0.013327626399437298,-0.02322030302701117,0.01564928324147563,0.008781318646100988,0.003108040845857696,-0.005051630501229587,0.009875533795997704,-0.0017764238028186163,0.0005253093035668677
2016-02-19,-0.0005879101766597117,0.003593899685480295,-0.006249737776056308,-0.0021235033919219104,0.0023426505782915275,-0.0013435531081423813,-0.0030873518192169325,0.0055099858571592275,0.001676319525228509,0.001099813439612074,-0.00466545009742525,-8.027378729258405e-05,0.001352167597877152,0.006032643392091863,0.0011949354247140498,0.0009273813356471816,0.0005253093035668677
2016-02-22,0.02654696251079569,0.02518304461512999,0.03646650449940436,0.030391251317573698,0.0262699286111594,0.03155768264818093,0.032929017703273056,0.01723607963029905,0.013840734711339842,0.03627087684975483,0.03125195498777478,0.01657486658307228,0.025690361589340016,0.03201330717773421,0.028395777412959067,0.038463853884713295,0.0005253093035668677
2016-02-23,-0.020835111084494984,-0.0107649574047054,-0.0249608396513058,-0.018432889405994746,-0.011705689858708346,-0.018324310373690866,-0.018522786815638903,-0.01082269582611306,-0.0028437494614543812,-0.020542304729308514,-0.025949656071716842,-0.0032968704007583227,-0.015372200782848844,-0.013855837310995378,-0.013675594251229217,-0.015741667053141284,0.0005253093035668677
2016-02-24,-0.014985507388419306,-0.0177615910128176,-0.02761058668785621,-0.010774247447687957,-0.021070086494713314,-0.021203608781297012,-0.018029560395465216,-0.007973352930976008,-0.015293599641007072,-0.006956572533396654,-0.008351152480800983,-0.00535652461688374,-0.010493716702612454,-0.004876748508080286,-0.01416777527507096,-0.010487835524352618,0.0005253093035668677
2016-02-25,0.009827131335125694,0.008305902018077349,0.01054741635580303,0.014961366499836037,0.005421240217589496,0.007912456528163414,0.009452819765138454,0.00551995883298062,0.0038704071962478714,-0.016895624548296406,-0.0027852390198180865,0.010413173694504119,-0.002137146180771321,0.006527530664182102,0.0036245122254212614,-0.004308871422619043,0.0005253093035668677
2016-02-26,-0.013365348687408796,-0.01411141876292532,-0.016867228263196643,-0.018262036097591805,-0.01702707515111168,-0.015889222059561114,-0.013615838611506392,-0.005132128133501279,-0.009364130733572118,0.0024285289710170854,-0.011605501877555047,-0.0006143601504174923,-0.006710337746094641,-0.0017505404628642696,-0.018440583846650482,-0.007603473856689136,0.0005253093035668677
2016-02-29,0.024193805028611015,0.027910506855953088,0.014629638781874066,0.02232677267210481,0.023242382350396662,0.021196688553581033,0.02168292287531437,0.019620664401813537,0.013386361875658448,0.004984726704447606,0.03524350063127857,0.01697692812050411,0.01946569776776319,0.02200193759601099,0.024038889493309012,0.02688920008789042,0.0005253093035668677
2016-03-01,0.016340971673648896,0.019922254417157115,0.02459060073103214,0.028331015497978784,0.022558727463855677,0.0223294076003151,0.02353981224371804,0.013797088259740464,0.01750966766650608,0.015499396229939233,0.03440478352208687,0.023284510728434515,0.02150709663315964,0.021057806287066105,0.021977544367982826,0.02953380235973202,0.0005253093035668677
2016-03-02,0.014171236602424031,0.012952126399487396,0.021464778640234217,0.015906817968950104,0.011914650851046593,0.016949150251785117,0.015338072312867768,0.015475334392300866,-0.0029911263903400487,0.015280610149698504,0.02285550081912313,0.0031304946592136673,0.014876245248402364,0.012083560363484569,0.004602459055125463,0.01571998895167326,0.0005253093035668677
2016-03-03,0.01559258837777544,0.014892204030822587,0.07897196606198653,0.056860920112532076,0.014190685619595245,0.04544352350301306,0.04629727609539147,0.011701091030038802,0.0012126228548339224,0.08818534068521489,0.04400628747018387,0.017246838782360108,0.038227646828616235,0.04490523139192293,0.01878174976481639,0.04613624877256006,0.0005253093035668677
2016-03-04,0.010251341334791553,0.015956492233149433,0.030723750454555665,0.021097936075813895,0.014195182266533823,0.022320881433704587,0.026567990821049214,-0.007226195501986998,0.010509812912713024,0.04373223159583217,0.033125585295815885,0.015430874028962815,0.020182941089626816,0.030735253481886327,0.018019972944647522,0.03680637584972257,0.0005253093035668677
2016-03-07,0.00226482086720714,0.006421605887308779,-0.013368469069135469,-0.001121056558055833,0.003915777737495185,-0.0029629466224458945,-0.003619506556344909,-0.004737288002186757,0.00029019163199972553,0.03710043571528088,0.0017597910740763112,-0.006193296266641779,0.008844102974663315,0.005145308929785708,0.0023809955736158184,0.003015942677879302,0.0005253093035668677
2016-03-08,0.0016854877708296634,0.008807970965148515,0.027235381886541177,0.009083440194291637,0.011743080667132588,0.015131570440199305,0.012710834901121348,-0.003036937896637615,0.00418460070694171,0.010978446103454331,0.011101142647505391,0.006964668145691411,0.007662718209042962,0.000672828482833232,0.004415869985204823,-0.0026871819652375395,0.0005253093035668677
2016-03-09,-0.001968348770212569,-0.009712940157729721,0.008133795583276537,-0.016048453676893115,-0.01255484521863015,-0.00431177770995983,-0.0033584045343850732,0.0026464031820832012,-0.007388823545522283,0.026047875854990687,0.0006054716046575148,0.0036350157876328115,0.0073489418921588445,0.0032948029019523872,-0.008801920746676739,-0.007665710422470884,0.0005253093035668677
2016-03-10,0.008466223119489635,0.00924986822943552,0.01338425642232477,0.02278525118954522,0.0107654010298035,0.013342763759308651,0.017441644530131306,0.006665498288831673,0.002937445551602469,0.020211720653222187,0.022159836887015727,0.01626037800622182,0.014610271543377573,0.011661165305185017,0.010843335166308421,0.017090806601915087,0.0005253093035668677
2016-03-11,-0.014535007753470053,-0.002068173096573922,0.023899453153598538,-0.007752398925289006,-0.0075118371913668325,0.004351292528866235,0.0034339990500493744,-0.007943771071594163,-0.011596191092811403,-0.0038581675041666763,0.0027123870498324543,0.0002297893098321957,-0.004806796339202335,0.0035198383427728075,-0.005583804270126724,0.0006493515997418875,0.0005253093035668677
2016-03-14,-0.007399686852381571,-7.076150000617787e-05,-0.0318441537976496,-0.014559868084904282,-0.006383226372237982,-0.016943652341814164,-0.014067154493468736,-0.0023730069482926774,-0.007840609162318213,-0.04081044787527477,-0.01851166386101799,-0.013059880916143518,-0.019557443183040202,-0.016362397622115665,-0.005823127037303366,-0.014825447035398231,0.0005253093035668677
2016-03-15,-0.02277362806512162,-0.013044718011376522,-0.07684476627609393,-0.030041689348748735,-0.019013991990775803,-0.043374162659550186,-0.0425425309084162,-0.014452254092308658,0.004353385209944438,-0.07766995300141988,-0.038588401013897156,-0.01740404503447268,-0.03655622494103872,-0.047183632177918766,-0.018131051073447257,-0.03273138479506699,0.0005253093035668677
2016-03-16,0.015876116861124334,0.009292203776648522,0.015353816048762736,0.0063327326473052725,0.005619263004683184,0.013132978126745964,0.016300691553555513,0.013982811492513125,0.007564602947910171,0.032725730688591304,0.007377361445194408,0.0020812712313291737,0.015711802289309906,0.0154082590012119,0.010096706065434224,0.012658344423007062,0.0005253093035668677
2016-03-17,0.0466669697329527,0.03783334844488673,0.07907292053943804,0.061976434547346804,0.04475619228802907,0.05682863558836293,0.05829444369114434,0.025034717705921583,0.024711087010719224,0.07821041517337446,0.06706462483647768,0.03902535456912837,0.052120664025572916,0.056422360127646565,0.046700475028886856,0.06158052850001661,0.0005253093035668677
2016-03-18,-0.007614741738341313,0.003361271147736433,-0.008924546554227142,0.0005164486442101879,0.0009283854406829661,-0.0009848924409799897,-0.001206103845334927,0.002000391701519222,0.0014170648902034344,0.012557889619533746,0.003774055575002988,-0.001500762167309655,0.004901611079074719,0.0019945792681530516,-1.31419284467027e-05,-0.002492925289341974,0.0005253093035668677
2016-03-21,0.016758072223995724,0.01057534063896437,0.02608187144729346,0.014669027643640309,0.013427652933909462,0.018236708686869774,0.018960946867614847,0.0180013471369882,0.0037583982453281983,0.0006434992614003932,0.012295256296684709,0.010630154896017263,0.008499780730272244,0.01065582202500548,0.014197849952250596,0.00779900644493936,0.0005253093035668677
2016-03-22,0.0020279588624427802,0.0020733457354393803,0.004159349591115191,-0.006740984222376345,-0.004622135051656984,0.0008781069020762367,-0.0003507471291076536,0.003519991911348219,0.0014735182220717569,0.020270090964171317,-0.003749762573550086,-0.004419070861192309,0.005322387354724567,0.00189907189045746,-0.001719111072716717,-0.002732625905786046,0.0005253093035668677
2016-03-23,-0.029224772962887502,-0.02181841578641941,-0.028330292831565518,-0.03198879298682089,-0.025656422022786507,-0.02885505772762398,-0.028598294079873354,-0.011663135113297973,-0.005520840730137921,-0.032854589404949786,-0.027211845378813715,0.0014979337316720631,-0.019219362357226877,-0.024708369724939505,-0.029681935989131047,-0.02398501387621632,0.0005253093035668677
2016-03-24,-0.012781849292004654,-0.007927921659935833,-0.004730507441173759,-0.007645989548170751,-0.009587682065347658,-0.006352400847408068,-0.0036420476783567413,-0.014343683843107358,-0.0068531111630112385,0.008122623471980006,-0.002120412240663172,-0.004508694286769699,-0.0024832592559398403,-0.0010195674807569333,-0.006073389013498076,-0.0008954463077555097,0.0005253093035668677
2016-03-28,0.018674899668986278,0.019879066177210136,0.026563666720308632,0.027362272732189163,0.020686557733685218,0.023088476589904428,0.022041771633357854,0.0131865979633643,0.015398220734741175,0.02115504095435594,0.028392691302234763,0.0183408267581624,0.020765900794248227,0.019775201805173337,0.019978016554880185,0.022435430893177122,0.0005253093035668677
2016-03-29,-0.0022773917685318112,0.005857680316363245,0.007645456231836656,0.00036303709157303743,0.004856559123341153,0.003959296478509122,0.004951386083328346,-0.003730848486273697,0.00830865542225756,0.004477037955603613,0.004017137722694741,0.0007837208029459752,0.003747997175626905,0.005958386998639931,0.00810211657898896,0.006185595480815653,0.0005253093035668677
2016-03-30,-0.010387408110723806,0.004582986132088962,-0.007623760163988247,-0.0016742254330798234,-0.007395842509552497,-0.004748713354416734,-0.0052666033921796584,-0.0063031855237238865,-0.0011061857481472481,0.039223405358468355,0.001173768661175023,0.0023952358352610226,0.009895078180943262,0.005005236389262757,-0.0027531742222609568,0.0008555773183045456,0.0005253093035668677
2016-03-31,-0.03336503062819007,-0.03120356463743812,-0.03483958950542865,-0.03246735702100034,-0.03397805616310956,-0.03199217722963699,-0.03070419493864973,-0.019892044077180704,-0.021442676425435958,-0.019773567207327702,-0.023389893134609707,-0.019377556224429826,-0.021092385681827697,-0.02390903535890243,-0.0299616291635858,-0.023235922819894617,0.0005253093035668677
2016-04-01,0.014741370737858528,0.003317170201892594,0.016031209945578606,0.01418947356003697,0.007717124313573409,0.01295661352959443,0.01105089805798487,0.006795525680082459,0.00406095098348902,0.02892151344339866,0.007308695805812393,0.0038872417958593086,0.01291469388418176,0.0157393446830405,0.010567811249780013,0.009695249961638286,0.0005253093035668677
2016-04-04,-0.031727782586081665,-0.023610060079326867,-0.037544934156971466,-0.03562260549234264,-0.02587654114586857,-0.03318741914707224,-0.035453966236507095,-0.038358185009878865,-0.022411560253037033,-0.05775560801031421,-0.03329906589045972,-0.024928886432808883,-0.03849155446326358,-0.03817209371220798,-0.028979620984226906,-0.03382016083333417,0.0005253093035668677
2016-04-05,0.003819610956014907,0.0027097529023474287,-0.009980383844620522,0.0004902404287765449,-0.00034090432896771716,-0.0009376275141731449,-0.0011772928442502772,0.00036266398402817757,0.0031691126751440812,-0.004990457954751837,-0.002415029246880973,0.0002907488271883807,-0.0015672143128211413,0.0009951317889895783,-0.002224663427728424,0.005537524418944395,0.0005253093035668677
2016-04-06,-0.022657831634385617,-0.016748408067357667,-0.034367479826249214,-0.02861435923875444,-0.019165741625449373,-0.025087215771412485,-0.024207092692553944,-0.010522080922926502,-0.004358644204736972,-0.03431270953884247,-0.013466336954503833,-0.014009735951894253,-0.017005405684716646,-0.018899015060842017,-0.02212578946641064,-0.01831235217747229,0.0005253093035668677
2016-04-07,0.011682196118792287,0.00832443550505979,0.0021633068081179374,0.009349796973916469,0.011233827815961606,0.0066668848957813776,0.006545876045548127,0.01532763799878567,0.002056226937720451,-0.020225621730521226,0.01288139836779223,0.014469334605933248,0.0015118326072842692,-0.0005584215331845277,0.008738705635169763,0.008098458271903253,0.0005253093035668677
2016-04-08,0.01292176347862184,0.022683702183879495,0.041249826593539485,0.041245151772681066,0.019124317342794184,0.03053202599429139,0.029850048960308406,0.00012496921434879127,0.006071367649510773,0.07704999154721626,0.040975084767521874,0.024997891397073646,0.03576512993831993,0.03965929789942835,0.02117415202985118,0.033959078574840484,0.0005253093035668677
2016-04-11,-0.021624426557989684,-0.024781713605167455,0.011851592102866348,-0.001992841851100824,-0.020380861791289173,-0.005847886882484721,-0.005961714634556858,-0.012094485172050473,-0.01790505190788405,0.028391594784188845,-0.005143967743436617,-0.010636388922894868,0.00038832497438390234,-0.000576441658199589,-0.013815780447538062,-0.00343459488707365,0.0005253093035668677
2016-04-12,0.02320231850874732,0.022068329597223713,0.03089457507033133,0.031164991840782807,0.019823689804553846,0.025618226337702277,0.02894231424219762,0.016449755151390244,0.016843941016956743,0.056023812468121825,0.03266415459010341,0.01778531451841414,0.03277347322276025,0.03479678350013926,0.021920590608508483,0.03369780085507523,0.0005253093035668677
2016-04-13,0.024030528802207574,0.009215043792797806,0.023170174221865736,0.025090281707700557,0.021481649611684084,0.01870882174568167,0.024819501183356074,0.005980150184096811,0.0056500174508320455,0.06526579356811357,0.0186117118250122,0.005390394105597496,0.02761914737335691,0.03211847739705065,0.02080601173486274,0.02117202162237075,0.0005253093035668677
2016-04-14,-0.006323295627953973,-0.006320253801395115,-0.0244699545824546,-0.0124925723563174,-0.0063126655876456494,-0.01348593087189931,-0.018316348530570847,0.003146900671912478,0.002328079612268219,-0.0630014849133167,-0.005331433294427312,0.0037492115940245263,-0.020456168023892274,-0.02040929027675631,-0.006792499799958995,-0.01232953766640521,0.0005253093035668677
2016-04-15,0.011880150199117256,0.015751587499471364,0.01433974325060583,0.006836738354420779,0.011275815621980323,0.01387078011427878,0.014194887271537615,0.012341647408777856,0.01097997939992057,0.03725568485807984,0.022471152123268112,0.014418544744552397,0.02278121447743464,0.015909784712573982,0.01235308334750651,0.015493963198066174,0.0005253093035668677
2016-04-18,-0.0025548839727962402,-0.001569274749890326,-0.016545464516924402,-0.012166006879776425,-0.004020825051602839,-0.008773217039247827,-0.007850094276205644,0.005548314641954599,-0.000414036722374278,-0.01962033682294262,-0.002080354222553593,-0.008643571335898326,-0.0065677816007474465,-0.004287321156890234,-0.005212524205742142,-0.0057495247580596764,0.0005253093035668677
2016-04-19,0.0012371906460566517,0.00285090740679661,0.005151017394463553,0.0010693341665592992,-0.0010542886045006306,0.002385891827869635,0.0032429726139442394,0.011714053497390742,0.010658508500821728,0.047341205587796864,0.0059546146412960965,0.01400902367548662,0.019747021943833154,0.017246240062396945,-0.0017332794090850756,0.013739544899124434,0.0005253093035668677
2016-04-20,-0.0019521949472370848,-0.00851165747298721,-0.004026625350641355,-0.01182581010125383,-0.008246296862625346,-0.0051486558255511294,-0.0037156910003959265,0.003258826459790143,-0.00604663928615079,0.014728791063843616,-0.012331099932032408,-0.00930751919322692,-0.00044521235508532264,-0.003269693546060326,-0.005987970634457884,-0.0018021523340231438,0.0005253093035668677
2016-04-22,0.001932841302502597,-0.003512538213198524,-0.005887042978316659,-0.013834671028726042,-0.009612188959114643,-0.007118351592940053,-0.004962563705981249,-0.007936526517544396,0.007985240719201592,-0.011566736480194018,-0.01723863545897475,-0.0002938841208232068,-0.00887526692020646,-0.011933950821078065,-0.004389265111612639,-0.011379872585769224,0.0005253093035668677
2016-04-25,-0.006569410136822107,-0.015827850275800026,-0.006957613059276224,-0.011903439192470944,-0.010862703460854828,-0.011854835177442902,-0.013300018641196454,-0.004401932938086661,-0.006572593943004357,-0.03594783823679826,-0.021919461934015172,-0.007307715419694438,-0.01941549819867372,-0.01868017151158008,-0.012569053317258438,-0.018380437090268043,0.0005253093035668677
2016-04-26,0.012425820391416265,0.01981017875183433,0.01112752660428562,0.022887445254677896,0.02311914272408999,0.016096636919808338,0.017891909573271914,0.004659219602729303,0.012626582432078592,0.03486699893570022,0.013451032477033165,0.009534295337822796,0.017905171189914304,0.019319866380287154,0.02204575895907923,0.022153717955920138,0.0005253093035668677
2016-04-27,0.026578132257385034,0.023148078077264378,0.019994602028337027,0.02396595232394949,0.02975834481710482,0.02131752063785486,0.021466244538010937,0.020108972360275423,0.015015958514912775,0.03284375591345423,0.016824732143178034,0.02274466730310376,0.022313210313241072,0.025808523158381558,0.020745574738005645,0.02477142751150363,0.0005253093035668677
2016-04-28,-0.007122336929680229,0.004029492733279794,-0.003109875402604212,-0.004067479248446415,-0.007498037281360337,-0.0036597729758485187,-0.004098054768357118,-0.00526353988593764,-0.00120653005417648,-0.011313843412682045,-0.012009638088788854,0.005296820691608195,-0.008046296078427329,-0.005768768553384596,-0.008275434405718873,-0.0035963763614341726,0.0005253093035668677
2016-04-29,0.0022879462502101156,0.002418337964915862,-0.005582511749656516,-0.00908099462930434,-0.0023909309645931964,0.0006800930366910318,-0.0010807378247947863,0.0055286497444313465,-0.012778502642025624,-0.0033451521094619574,-0.011417801802297234,-0.014474667581338307,-0.0049190672388425005,-0.006811516788548966,-0.006649170394898984,-0.007244728934914568,0.0005253093035668677
2016-05-02,0.0031055477950574506,-0.0033975221884949836,-0.0010667381818934007,-0.00481981705777168,-0.0033440614147771663,-0.0023746184394799474,-0.0014734472765662865,0.0017940304709707089,0.0009369245410153493,-0.015143651812923209,0.004969701870035426,-0.0010500200350346267,-0.0023281962437134984,-0.0014146673561092893,-0.00402063957869736,-0.005753771125963647,0.0005253093035668677
2016-05-03,-0.004214348567763704,-0.018145997014949566,-0.027873025200326085,-0.021107192045847545,-0.018776076265356045,-0.021081787694114174,-0.018036669531780514,-0.013735499837302045,0.0006898474707344171,-0.05182739536642467,-0.01631742451800622,-0.01268529530667406,-0.023394585355433928,-0.019352520827285447,-0.010944503046568688,-0.02254616476627236,0.0005253093035668677
2016-05-04,0.0039453599985046495,0.0014844778856428764,0.0014555711488477563,-0.0015146081499054498,0.003955464599122216,-0.0002803613890357548,0.0005916105038490382,0.011360340466896268,0.0012966606273876469,0.01824804192913687,4.836687030951303e-05,0.0010192975974556706,0.007572591292085207,0.0029508380658620492,0.0010170101701016954,0.005479825251826886,0.0005253093035668677
2016-05-05,-0.01945256451595867,-0.007582279182401508,-0.015876985086382023,-0.008327558383657951,-0.010269623750857937,-0.012676627734183987,-0.012305451058288286,-0.009895532220467906,-0.004486607742721471,-0.025529901495238927,-0.019984043073364433,-0.007928946213784038,-0.015978857955574854,-0.013983184825971051,-0.007736709133902231,-0.016283762289806436,0.0005253093035668677
2016-05-06,-0.00786863726126208,-0.003820860926461167,0.009064920131256704,-0.009672908369054656,-0.003622715594662207,-0.0013373045469766698,-0.002824306731889603,0.0009794683902011325,-0.005414038206334348,0.0049999320222333665,0.019148601441522528,-0.0040304072448635875,0.0064790712549278595,0.004513956586645884,-0.006872805527239789,0.0003990505511035636,0.0005253093035668677
2016-05-09,-0.01646186099339897,-0.0012361022318313486,-0.015075253520314802,-0.010459133113903452,-0.0020448794974616824,-0.011280448573489865,-0.014088676010549417,-0.006453473799998166,-0.0013244280330643177,-0.04114170708488374,0.003933208391155185,0.003860547479158649,-0.01230635111924494,-0.01383143634576589,-0.010528812817050426,-0.01359143656804962,0.0005253093035668677
2016-05-10,0.021969748718418503,0.036388832027242524,0.036988020917008146,0.0311394743014346,0.03550537777291929,0.03240263107679575,0.03262127648885982,0.015704118350333474,0.02227012086917557,0.04536558217099973,0.038272301215469096,0.025606132797734382,0.03321265307532606,0.03570892642120227,0.0334946980175197,0.03887074410649172,0.0005253093035668677
2016-05-11,-0.0018410061576480397,-0.005968056663380961,0.0036398196273452754,0.0007518101507846264,-0.008922367578033219,-0.00018401101447773627,-0.0005875409193802916,0.006188774199158642,-0.0032895818059152093,0.025893952611454107,-0.009513072353123597,0.0007951018945095978,0.006572549779744641,0.0052173441013543265,-0.006829790556063586,-0.0044762248410076255,0.0005253093035668677
2016-05-12,0.011424423979828457,0.008958615743535514,0.010804054443064315,0.020546000593369085,0.010908421206839769,0.00934080769690393,0.010658530597356775,0.00894692853084278,0.014349866354977259,-0.012738972273805715,0.028653421653863642,0.02266326083434045,0.009553247220493555,0.011855297294543155,0.0110001167835998,0.009900908020757937,0.0005253093035668677
2016-05-13,-0.016172956601135602,-0.01399881851552276,-0.030375661084577454,-0.02701525346487399,-0.015338860420638478,-0.023111187303000436,-0.023160303559606854,-0.014263225147763126,-0.019591328921756634,-0.03773347462533372,-0.01951322076019557,-0.017810176389366217,-0.02370807033436162,-0.02445244623581999,-0.018757525001888098,-0.026033215767502393,0.0005253093035668677
2016-05-16,-0.002471064767949893,0.0016889974602429803,-0.02299817857126152,-0.001377524849680234,-0.001709049047141753,-0.008010034292524115,-0.006650035979710922,0.0006658582234984056,0.00019182577240206555,-0.02201200918288171,-0.011408274564288945,-0.002102241211214051,-0.010108645925702264,-0.009003494654542088,-0.0021325630147468466,-0.0005234748994253913,0.0005253093035668677
2016-05-17,-0.014967742845140464,-0.015506046157735986,-0.029929708494558116,-0.014793691934564035,-0.016821398991267666,-0.01774793239197814,-0.01807726307446378,-0.010295603713948887,-0.011562440373397043,-0.018451452755188003,-0.018799267112790008,-0.018577905793177085,-0.015320802262560829,-0.014950399562363326,-0.015413585008394293,-0.017977991295833773,0.0005253093035668677
2016-05-18,-0.006627846241999857,0.0029838445178276274,-0.016078415034881832,-0.012784449893702643,-0.004544112049295834,-0.007000900478274508,-0.006542505754136729,-0.007121105647282966,-0.0040292570379451,-0.03582896486343157,-0.008507694001978594,-0.007909487406624893,-0.015765795208440236,-0.00957485913703593,-0.004907992423718532,-0.005762238376059159,0.0005253093035668677
2016-05-19,-0.004556699088577587,-0.004567367864806715,-0.009543387353758703,-0.008688155722471391,-0.003156145310546754,-0.006945110336715854,-0.00793666013177785,-0.00400266983689912,-0.0004634159725835918,-0.026537958056735755,-0.009802573736791942,-0.0031582900391107227,-0.012598306400659731,-0.008377269660399977,-0.008989107480271374,-0.008082412296590236,0.0005253093035668677
2016-05-20,0.011552378116400863,0.001973529606332125,0.007302863018586958,0.0016480141758754563,-0.0033616295176686073,0.005387883381859693,0.005135810306585942,0.008289940159753595,0.002429352634059301,-0.00023309169586693823,-0.003988417149285772,0.006066368837409186,0.0008719710713944728,-0.001172140993817905,-0.00038787402973072815,-0.006991210800508796,0.0005253093035668677
2016-05-23,0.0007810348612666829,-0.005481067501388215,-0.00874397190985765,-0.01009161358007471,-0.004662440408578106,-0.008094132403042242,-0.008294714998005603,0.0012287842128275717,-0.00819512066886774,-0.02657995459544149,-0.01891129457291929,-0.005698681473171874,-0.013914718813764049,-0.013659990049778137,-0.007204166355000319,-0.007726305339339268,0.0005253093035668677
2016-05-24,0.0014973999206178146,0.0007781344265269663,-0.0017754521686785818,0.0006680369233920125,-0.0006145039597728053,-0.00029719125117577683,-0.0001386210754688033,-0.0009048590973732562,0.002230864735335736,-0.003734584853718914,0.017672674088501372,0.0010659290710508529,0.003734542942902319,0.0025285488315198723,0.0022838253368053785,0.0007918523158612079,0.0005253093035668677
2016-05-25,-0.0013462713170604435,-0.0032981025896795524,0.006207842171791489,-0.004802693502751976,-0.004020437433769675,0.0005776839611841833,-0.001100485811125873,-0.00471017784508343,0.0016086658245595409,0.014778924869330412,-0.0017293448284616542,-0.0008665184869436349,0.001607530278786573,0.0011125510927210147,-0.0006906336916484568,0.002447747459174421,0.0005253093035668677
2016-05-27,-0.0024771372841987382,-0.006536708799539381,-0.0017813633741982082,-0.003983211411078824,-0.004185926864819667,-0.0037393012279480775,-0.00275622012394805,-0.003141099801292291,0.0016928737305048625,-0.011400807348201925,0.005679936721973755,0.002925836921566116,-0.0020612076556180137,-0.006842721156667064,-0.002346016238757853,-0.0076879074612974385,0.0005253093035668677
2016-05-30,-0.003239558384256269,-0.00514483628655571,-0.0006391299133914341,-0.0015132997302336193,-0.0037134825276571304,-0.0026103385759762565,-0.0015586623656432819,0.0035916885663329623,0.0008080590467640647,-0.006308732240653203,-0.00812748526900997,0.0007472846942413458,-0.0031496645069808427,-0.002062038588832249,-0.004321354181393233,-0.0020010967075105857,0.0005253093035668677
2016-05-31,0.007233696251871979,0.0016784046946014541,0.012421685752036726,0.008221858006009164,0.001306439652912772,0.006907600682907189,0.0029945049659789724,0.0068475601642983275,3.804422576525468e-06,-0.0038326683694343,-0.002706218813001038,0.004085128985519937,7.893176612205899e-05,-0.0003054585731622206,0.0028350332489293084,-0.009237930063295763,0.0005253093035668677
2016-06-01,0.015335862151101276,0.007167097625108143,0.011156808196442158,0.013442062900824725,0.012382595206484215,0.010955237015947139,0.009669374626759542,0.0033096762775348676,0.003608034527052828,0.014335583518212847,0.005014908561779885,0.0055950664129029715,0.006966111551474974,0.006796121884432571,0.00873119253931387,0.010582335145681077,0.0005253093035668677
2016-06-02,0.010526325050602914,0.010302103279549168,0.012277986454419576,0.012678817797082687,0.010499641524107206,0.010245571031020084,0.010633400030026774,0.00875520640491434,0.0037565904918923643,0.02673539571055983,0.0096035201285527,0.004707059913816369,0.013130620686535366,0.014746074555743505,0.014190535899763157,0.01697384414265435,0.0005253093035668677
2016-06-03,0.008815097569409902,0.005835339671965034,0.007705540822048773,0.009187236133710863,0.006578034074546268,0.007316106060776706,0.007389049606021159,0.0071289402610923425,0.007226216780096051,0.022686298937756977,0.010055518402412478,0.012574126062426583,0.012895621674795743,0.012788460583471828,0.006214045495854803,0.014180287934284053,0.0005253093035668677
2016-06-06,-0.0007602595213035412,-0.00337320369576799,0.002363096289693667,-0.0024385653385962103,-0.002880422818880679,-0.0008898595856463576,-0.003422392654298334,-0.0021670480106368295,-0.005434733376054379,0.0016457117073132022,0.0001924625122429191,-0.007766554959189542,-0.0011093221825004829,-0.002018911612588159,-0.004126282586170538,-0.003798619118934643,0.0005253093035668677
2016-06-07,-0.0013848942569391065,0.005855717947381933,-0.0020790625366500226,-0.0021057534238083653,0.004082512853546438,-0.0011996190698099207,0.0008989285349214615,-0.007118795422048962,-0.0019436228132411193,-0.015354492309074153,0.005744887655116937,-0.0013826823967205693,-0.0036901495059608047,-0.0026960312666005626,0.002090104689384642,0.0005922102024416009,0.0005253093035668677
2016-06-08,0.008742571602558424,0.009156806122672778,0.031453642130241155,0.013577769920615435,0.010605658907010262,0.0180098865890308,0.020380635061865382,0.005929101772884193,0.00922838154176997,0.05000428713866256,0.020149789086811642,0.013636867036085132,0.023832279168132464,0.02720081067306701,0.011976955730746086,0.02144759377592087,0.0005253093035668677
2016-06-09,-0.0044414342771325055,-0.006608851901255264,-0.010853923922596098,-0.008953942284659955,-0.0038492604337058145,-0.008591060003134698,-0.007865358321911375,0.0012424413699421155,-0.006486131851833221,-0.023370338294939286,-0.011323289469416187,7.908630468245192e-05,-0.010826298816839608,-0.009625579569147336,-0.008144364998297626,-0.009050985810253653,0.0005253093035668677
2016-06-10,-0.025036787422948126,-0.026672984382864584,-0.027237644360879165,-0.02927558170389466,-0.028304969000243485,-0.02677837987417042,-0.027940093927541154,-0.01683795102171326,-0.018558086385922046,-0.036127821735110865,-0.020812737846580776,-0.02314072834861025,-0.023615485528184488,-0.024782313825694735,-0.025608634160407484,-0.031670922873734075,0.0005253093035668677
2016-06-13,0.006289442720927019,0.0031180698417729857,0.008360637361725543,-0.0027079447763056486,0.0031534313066516884,0.0030541178599374774,0.0035393281820041977,0.004950297143540894,0.01049879536561571,0.00409565457472616,0.00035507644006549377,0.008646616299876175,0.004180313973332295,0.0013847663382220432,0.0021842676361996105,0.005274986397479697,0.0005253093035668677
2016-06-14,-0.02493172118632181,-0.01866105268067164,-0.032751171381172006,-0.013856354226035816,-0.017325149979651733,-0.024107617698152173,-0.02306229988924724,-0.02215861394121199,-0.012603055235115956,-0.0392477862232824,-0.01943371123046278,-0.013490205335616734,-0.0240098528701973,-0.02175382239482393,-0.02082015083125932,-0.020184423034951493,0.0005253093035668677
2016-06-15,-0.003197214166234863,0.0001929700472766971,-0.002499460001832432,0.0008677965124546105,0.0009903745751240756,-0.0012651347525931556,-0.0003953706251254019,0.0019131865608366105,0.0021241622643546343,0.042247492331519254,0.003727563042400517,0.006024245827826125,0.014053138272517973,0.009170588169107985,0.0011727594311397027,0.00527187207891644,0.0005253093035668677
2016-06-16,0.019380190674908926,0.012890901750557626,0.013903002731888048,0.017715375854471693,0.015055056104046782,0.014744371025211311,0.014916502733127723,0.012613796130049204,0.010325928512965099,-0.0005033208848661541,0.01226813732613019,0.008499251243631045,0.007600227821928929,0.008407673148415062,0.012072444227698265,0.0097158879299728,0.0005253093035668677
2016-06-17,-0.001762257082817964,-0.0008062175192712351,0.01041892543255818,0.007583004917066649,-0.003504900632952057,0.0051805671456459645,0.0035453134849214862,-0.0038684406311307873,-0.003824442245214499,-0.004039350242180717,0.009272425902465908,-0.004097725480087577,0.0001034953803478178,0.001781275593731202,-0.0011621370093396477,0.0020793666577352266,0.0005253093035668677
2016-06-20,0.01866577101889666,0.00553516684589761,0.018517451243633465,0.01800129318201993,0.013496930015310715,0.0165453142216907,0.017996503665626218,0.015218283940223731,0.007134590195634338,0.01014733005134505,0.005642320809679857,0.016743986710070935,0.00939662725992485,0.013269437525107675,0.014775366191654316,0.015860826344799905,0.0005253093035668677
2016-06-21,0.020277224524313686,0.009293228156660893,0.020974770745636695,0.012610293665949346,0.010561257081419972,0.013961749112168853,0.013848634081645939,0.0011899929724092928,0.008354049465316926,-0.009799773253347355,0.013330382287516596,0.00757289390956517,0.004428643666363863,0.009235552078327824,0.01398695917634929,0.01059004060766644,0.0005253093035668677
2016-06-22,0.006404856225477262,-0.014764169132575278,0.03342589200793045,-0.006954473257646199,-0.015021435737104016,0.006379614161069691,0.0038167444253107696,-0.005040541494387374,-0.01645589731723629,0.010696728232078678,-0.0036415828269206196,-0.01043357788136845,-0.0029485199845699084,-0.003934407545279073,-0.013669917906948825,-0.011897988131532977,0.0005253093035668677
2016-06-23,0.03976817417202416,0.02341933053761469,0.04491105132480966,0.03442032469520018,0.021654236899166568,0.035867248807842644,0.03314824175062081,0.014084972914991223,0.01620450873101409,0.0498610507203221,0.02083385366479673,0.014892458844685041,0.026305156265344465,0.02595269279547474,0.02585001677664689,0.027865279426213974,0.0005253093035668677
2016-06-24,-0.014000142268376203,-0.023278739384632097,-0.01511211883870378,-0.018619204649818144,-0.02171203384941567,-0.018752017619185657,-0.02101655549293302,-0.024084159383266135,-0.017626296692433097,-0.03913387550398262,-0.017726695840205142,-0.016087082961885657,-0.025039505443202992,-0.025221848358375043,-0.02189151005537615,-0.02656696475662501,0.0005253093035668677
2016-06-27,-0.006321975898919807,-0.008294956380544893,-0.003284283816385569,-0.01611010250710787,-0.016144544963164753,-0.007745839671454369,-0.011012016361664267,-0.0036240813326228194,-0.006287792581035845,-0.02401698445002398,-0.009253894087351444,-0.005409228705849922,-0.011373486081608042,-0.013303270236359799,-0.01333878278962608,-0.016169666391665727,0.0005253093035668677
2016-06-28,0.023281773910474257,0.004495260408949209,0.03676746082420035,0.018803854190778013,0.0046683149264299395,0.020199501749419424,0.019312489125038912,-0.0020185584143717072,-0.0005629609887566334,0.02212835186583706,0.015325789940641599,0.011576683457117376,0.009124347343699712,0.013941929445682621,0.010567689700621274,0.015517066668363722,0.0005253093035668677
2016-06-29,0.005751639083258153,0.022065325159994043,0.01145019172923556,0.021378549328481045,0.016645950649039953,0.015798778245716072,0.018005638559457804,-0.0053090980502403795,0.014525399656793336,0.019390533261362197,0.022746026851215406,0.01419903009646295,0.01373244187938294,0.019118588502445633,0.020448564175419737,0.018856764655834413,0.0005253093035668677
2016-06-30,0.007940453220219856,0.015297805961087985,0.00889555134907738,0.013886054522151525,0.013167904979556777,0.00994811871003698,0.009434687681461496,0.01655093493192683,0.002497899413281157,0.005917151997625547,0.013793855685994671,0.013621858760434424,0.010064886561246711,0.01113008612721611,0.005915782266347147,0.010129168304867653,0.0005253093035668677
2016-07-01,0.00917518693396091,0.005696422172515536,-0.0014151685014068827,0.013035773062427092,0.01176056004224768,0.00451584259762039,0.0036802276686118685,0.00324233100998339,0.009576142236195961,0.025978149134482154,0.0011569287864703348,0.00029447215263922466,0.00925235693739701,0.0099357489105385,0.014017270875024357,0.012437424122063945,0.0005253093035668677
2016-07-04,0.01753037913339761,0.004325283565699056,0.024989163318618557,0.012475602851369061,0.00953693511975584,0.013919921628875453,0.014251341829548458,0.008426307067796124,0.004075945066480013,0.020850734486005607,0.019459150950922544,0.003588434946274699,0.014606992214283965,0.011705449709827231,0.014271010471672785,0.006586440731286114,0.0005253093035668677
2016-07-05,0.0013797979791454473,-0.00743291245270894,0.011641567405288544,-0.00612427004005256,-0.007256069328295589,0.0002449261470720554,-0.00011343482678449757,-0.006172437326270486,0.0012939956082627102,-0.025300994810522726,-0.0036304953371079085,-0.000563706058809621,-0.009441583120706976,-0.007959880700539435,-0.005162167051255384,-0.011996512545506266,0.0005253093035668677
2016-07-06,-0.006333833837022351,-0.004366174336886464,-0.011154888261333595,-0.005431936223622036,-0.0026586662203499367,-0.007581773550661586,-0.006042580078872262,-0.009088620705786865,-0.005362173264322312,0.019031598536255467,-0.006255813593792681,-0.007137523225099751,0.0006500582116768516,0.0001418993850794692,-0.0023549864954164335,0.0007284747571401073,0.0005253093035668677
2016-07-07,0.007189200467872636,0.005524097641220527,0.0028572348914577272,0.0013228273514174216,0.006777865683613493,0.0034781502037086742,0.0032005506234464853,0.006249441703304992,0.002415446346930139,0.001995851278535632,0.00354253476462163,-0.0006546945801416681,0.0041209254068863554,0.002250880235943553,0.006779344559631584,0.0025203798884654294,0.0005253093035668677
2016-07-08,0.01397664003330834,0.020333480066885512,0.022616810641274965,0.025573570679418678,0.015287350555490464,0.020129416264490052,0.020817422432210853,0.005680658651989523,0.0048505082109884246,0.024809751126438018,0.020618589598527803,0.013121195009379916,0.016241358288173302,0.02154559334667372,0.01682761300464075,0.020951135654952102,0.0005253093035668677
2016-07-11,0.030105439279267898,0.013660197350751302,0.047043742572518976,0.02042061913940807,0.010244828995967792,0.02817497283041459,0.02621468582737596,0.009687518197754486,0.010658241270558921,0.027552013100127004,0.02440326956874661,0.012605900670954462,0.02021429551846521,0.02077976547311522,0.019106841986416878,0.015669862435111925,0.0005253093035668677
2016-07-12,0.0053535375086930514,0.0037388827579394324,0.0012852448599800503,-0.0020284744986618364,9.289802042711237e-05,0.0011036966450659325,-0.00032611720013531187,-0.0013017817886669114,0.0009337011009176166,0.02290634983973061,0.0051875465631177065,0.004147484835979931,0.007567973091932467,0.005822096838716595,0.00021731349388964816,0.00552680612760037,0.0005253093035668677
2016-07-13,-0.005033459909609794,0.010370172978456216,-0.004836951446684501,-0.00643264073097638,0.006667814516656545,0.0007944019863659335,0.0050270417260454,0.0027466707578112093,-0.001099160426831336,0.03022226823766805,-0.0060761041128913895,0.0063825929327694375,0.007515706790182541,0.01091551996372031,0.0008264638848063388,0.00594734901831373,0.0005253093035668677
2016-07-14,0.017987799168511565,0.01741358930956216,0.02981118998923349,0.019566196206424635,0.015312653692817646,0.022441403729510867,0.020797606318948114,0.008258072025924657,0.004316194816629038,0.027949019081484394,0.03190758569109975,0.007610130849396768,0.021139293180598706,0.022619056663070625,0.013374253497865363,0.015894915669329546,0.0005253093035668677
2016-07-15,-0.0016375445728441518,-0.0018168165259396796,0.014810865619496072,0.005200577941853135,-0.006415166173300069,0.00787614489517785,0.007598301517653505,-0.011767531355302396,-0.0022710305939737108,0.011613785726984682,-0.0019818461741735183,-0.002519139159134709,0.0003835169177217601,0.004431301539843391,0.0014953522268565944,0.0016331144968610989,0.0005253093035668677
2016-07-18,0.01020444075653093,0.00786456612109232,0.025214917102528878,0.013515645668790821,0.011830461930384395,0.015467042672911546,0.01337313856337019,0.010844850279546403,0.010861619489949126,0.034261696166771216,0.023209935315892327,0.012559603465203795,0.02117187158099676,0.02103829717779826,0.00866932016927624,0.015924817622259946,0.0005253093035668677
2016-07-19,-0.006095010116729416,0.00759121863822787,-0.0052427090984774605,0.006487937700369262,0.006377095628437024,0.0028936009515356798,0.004883511743664748,0.0072402777674371865,0.01250014406419142,-0.009493055258955052,0.0009935805213798776,0.007920863411581935,0.0011472727456323106,0.006085945628701461,0.005825509160311659,0.003987219004546461,0.0005253093035668677
2016-07-20,-0.003977750068879571,-0.0015885892604655671,-0.00251613444857135,0.0034326728680416085,0.0006837548854718989,-0.0021296436734602464,-0.0010007333418896591,-0.006037047425580422,0.0032599497452256987,0.004025661600123076,0.0003406431923220765,-0.005819379095314603,0.0012070139588591378,-0.00386192652645434,0.00045474276028878435,-0.001974191965571026,0.0005253093035668677
2016-07-21,0.005053944915104802,-0.001207055354560782,0.010093975330397909,-0.0006346723206049898,0.0004178394418288267,0.004212470521261391,0.003029534114505905,0.006153874266980663,0.0009970506097538578,0.028093538669427875,0.0038056829239043743,-0.0005646993056882543,0.011087090370087482,0.00734108085641294,0.001276833123282417,0.0012820288490633658,0.0005253093035668677
2016-07-22,0.022547431445549826,0.00969984074765784,0.018518678923340914,0.005073865007160672,0.009438185684440326,0.013251239845208929,0.011344643979354307,0.010452972303903962,0.011217010169528585,0.017261215377130767,0.00885262652952079,0.005931134357092471,0.010890659134826786,0.009134970645481966,0.011196216479444132,0.006478231496932052,0.0005253093035668677
2016-07-25,0.002553319229186224,-0.010492186916893687,0.00199205437697092,-0.011119927442170163,-0.010406061501536557,-0.0037153449905970026,-0.004998527772565264,0.005584743524603697,0.005449234354161003,-0.0008838076952283336,-0.015043540624832485,0.008082035215397632,-0.0030113512327507586,-0.0034492316965151204,-0.0060605565917225546,-0.0021089505895744987,0.0005253093035668677
2016-07-26,-0.006382643474246108,-0.0034866195270867317,-0.002828890779286164,-0.000406435682660522,-0.0035638109391726847,-0.0042192573066848205,-0.0038345683336532543,0.0014102486076672527,0.0013402529142527708,0.01066887488715662,0.006273599962913767,-0.0020160811382091692,0.0056321415630156135,-0.0012258213698574938,-0.004163552898473366,-0.001976757608267654,0.0005253093035668677
2016-07-27,0.0010710778696005896,0.012391969732181707,-0.002117686099430083,0.004986740654729704,0.0049270087208985736,0.004212420826825269,0.0031470800101627283,-0.0035318017898473553,0.010215496926087031,0.026865263831955977,-0.0005873627542731796,0.005539300832949179,0.01017484434202065,0.005588997048593614,0.00420982319567198,0.0014096029894639095,0.0005253093035668677
2016-07-28,0.005689845192525134,0.00687285264791293,-0.00466171116251668,0.008940737805035015,-0.0001903921179530199,0.003010050081493798,0.00133901922546098,0.008460090985470625,0.014920135393823086,-0.006209126134376963,-0.028933337906261403,0.012569814790519773,-0.006332918455165482,-0.0030098111144751805,0.003834957236531489,-0.003084871983120574,0.0005253093035668677
2016-07-29,0.017664422672874602,0.004598598177145474,0.01436103423029067,0.02328917066950642,0.01580087579147338,0.0195517798484639,0.019898497609311283,0.022637377876616682,0.01593208598274476,0.01987567471324936,0.01543898251079101,0.01358281419005869,0.020678602181573025,0.018241275812411084,0.015980661232069426,0.012263520881038215,0.0005253093035668677
2016-08-01,0.0036269059807936266,-0.0007657676816369419,-0.01020025090119292,-0.005813578112095152,-0.0009807078096890631,-0.004833497342362936,-0.0028658968266006557,-0.005820962297012677,-0.010035471927082651,-0.005014416645796049,0.010784067561542487,-0.013393495366063712,-0.0019960694473799556,-0.0020890012337833053,-0.002246467249084061,-0.008298521228931821,0.0005253093035668677
2016-08-02,-0.013673053951137715,-0.011666231918965542,-0.010328832425198997,-0.014742106508268238,-0.01139282931270058,-0.010476484000900732,-0.011619492133895126,-0.010644012930487001,-0.02203231663807248,-0.025638867694044554,-0.00878102048903695,-0.014843136280941915,-0.016667243850506774,-0.014388732413513461,-0.016862229252073924,-0.009952283687606145,0.0005253093035668677
2016-08-03,0.008114660933099982,0.016223041640632152,0.01795606314410958,0.016901335848048094,0.009310345816414323,0.01416044049957188,0.01485021851005186,0.005007286506890862,-0.003647995349767341,0.043423076025741913,0.009013599927901739,0.0031653522809358403,0.016839033375648516,0.014192930843965001,0.008113998185944826,0.014741641988694543,0.0005253093035668677
2016-08-04,0.029976874163447853,0.007768085449594508,0.036433489458816304,0.01604876706968028,0.008322124327738045,0.022961097361646532,0.020655759014293507,0.014614367107856463,-0.0018544562390266917,0.02705722863705473,0.01660985600054876,0.002810780037823646,0.01409134948018509,0.013045466771738123,0.012197207181533276,0.009521545003184473,0.0005253093035668677
2016-08-05,0.008031183623288918,-0.0002705496376759209,0.0018228196512930506,-0.0029394726918258174,0.0004780533410431165,0.002736070664042467,0.002322006095286211,0.0006880819418433326,0.006858551769123089,0.015729012766579675,0.0030529231664240264,0.007087507092245815,0.007305641685113606,0.0073957010077096985,-0.0004987410809811355,0.0019352952078224295,0.0005253093035668677
2016-08-08,-0.00840079960183937,0.0069719343635454845,-0.011466232033458201,-0.011394163235378896,-0.0019576770649193387,-0.006869300535392031,-0.00859213450948737,-0.004626413434562382,0.012471495626868112,-0.03909226256337772,-0.009285608358564179,0.0003802338878209355,-0.014014042950091565,-0.011809165559512724,-0.002957722674264196,-0.0007983435207031819,0.0005253093035668677
2016-08-09,-0.004400813776177848,0.0070158090861773825,-0.00833245037871011,-0.0022647396587719415,0.005084693485703173,-0.0011359289709849119,-0.0007269616643852395,0.0008445600253774721,0.005141452118581968,0.009883458927426148,-0.004522510357471754,0.0012161644608466027,0.00359606870011997,0.005818449005905668,-0.0008072099997175064,0.0005925500000627526,0.0005253093035668677
2016-08-10,-0.006724263364293437,-0.007711230546639247,-0.0054148659367283525,-0.013952648817522562,-0.011611599164140007,-0.009066424671702156,-0.008918991261927411,-0.00939038463469799,-0.009857633926466325,-0.012046675477231927,0.0014853539044152875,-0.012411398604927015,-0.007348876467416665,-0.010422245887518056,-0.01131814821846211,-0.012885550634484155,0.0005253093035668677
2016-08-11,0.023772316056992926,0.013939945654418473,0.02891749609491301,0.02589568433227818,0.018451670768514727,0.024013492836548522,0.024415592771231953,0.010720264793105727,0.009812603356207372,0.03472654240978135,0.01908669788501105,0.010675112677196008,0.02044378284587256,0.018695434340661787,0.019157150736420547,0.023662100066381475,0.0005253093035668677
2016-08-12,0.0012525626172987803,0.0033185215995894524,0.003397491515047202,0.0026386740322990043,0.0018549649638428534,0.004140303896646769,0.004386965428183398,-0.0067367960518417425,-0.006165387247276,-0.01728755351585476,-0.0023415385760520158,-0.005128566282902147,-0.008675354166312155,-0.004879124018654424,0.003655984670520418,0.00010373877007152643,0.0005253093035668677
2016-08-15,0.008782670556251038,0.011292666460567702,0.005952566937194703,0.014307746466901694,0.005528946073870111,0.008988816811028366,0.011422820191186345,0.004394581845758694,0.005933012069875732,0.035524072803718054,0.007161944156204747,-0.0008096017481292739,0.014107329352717413,0.007179707370721156,0.011862633105134135,0.0132685067712488,0.0005253093035668677
2016-08-16,-0.0066823936048170385,-0.0036187028748445593,-0.005773542315724689,-0.007411355953943821,-0.0029131970246343286,-0.005809610324361669,-0.0045555899375645525,-0.008784995713144617,0.001760953411297006,-0.0028199566999188574,-0.018680868079141044,0.00033823778446140373,-0.006799407576449035,-0.003946721542066545,-0.005617046136356496,-0.004416172457489154,0.0005253093035668677
2016-08-17,-0.004682473011617838,0.0023363723444360662,-0.0035986360546150786,-0.00036118641018278996,-0.0005844271170233339,-0.0011517409324943717,0.0009386149346712891,0.004567675350666489,0.0034603516948472635,0.022273758142690392,0.0008157092246035003,0.009702362057966374,0.009099580418259201,0.003925740106795139,5.557474207362745e-05,0.007244367119487505,0.0005253093035668677
2016-08-18,-0.004058596382647273,0.0051572176894632005,0.003181876888706414,-0.008178792715003436,-0.003326878219319429,0.0018089402784335906,0.0021277070252028185,-0.0006219722423441709,-0.0025469941800340123,0.009223169841905188,-0.008634786478191159,-0.0037404690862521406,7.269550620092602e-05,-0.0006542426232136744,-0.0024253057433304415,-0.002458970055145837,0.0005253093035668677
2016-08-19,-0.010677578870040505,-0.009513404824661564,-0.005107367165852472,0.0021583445205681784,-0.008879672702505004,-0.005374146234938149,-0.004650321184630046,0.0017906967973937427,-0.00915476744457322,0.010982507336378733,0.014040429342150107,-0.004832042483948751,0.005868637872459059,0.0021695189583696983,-0.004607744831208516,-0.0014587963421639483,0.0005253093035668677
2016-08-22,-0.01749434713426723,-0.013742772713774332,-0.021603749965709573,-0.02101085401926539,-0.01349895193293904,-0.020632831267481833,-0.020451375527829607,-0.017939649820666204,-0.015829417562921555,-0.03697887175458292,-0.023210052444312956,-0.017516287467168823,-0.02533458429778801,-0.02029732147896446,-0.017784760031659852,-0.02206621211050952,0.0005253093035668677
2016-08-23,-0.004070439950080829,-0.004569376467868036,-0.004932079154937763,-0.0004128931168122518,-0.006006941894262319,-0.001686585742748048,-0.0015264210638656905,-0.0021456926320772007,0.001720721936105285,0.009952341879678084,0.00017544215736342572,-0.001416713966301053,0.002174705135280064,-0.0011517626831905048,0.001306423452132499,0.003345600116237968,0.0005253093035668677
2016-08-24,0.0036516525067267214,0.002795520632401516,0.0054838915565187385,0.0021211181354396924,0.0014559453035427605,0.005228869999377661,0.00381962567651839,-0.002513994059915592,-0.0011644360497253814,-0.03265868263631311,-0.012503160645382927,-0.005755243179819791,-0.015295470907527586,-0.008627942719862891,0.005031906678047315,-0.0048895197409678515,0.0005253093035668677
2016-08-25,0.0051862344318802656,0.0038868969708307777,0.0042453453642847805,-0.0022834047797740675,0.0031720426511376854,0.0016579466969752765,-3.984936688372631e-05,0.004757380496292374,0.0032761377456018703,-0.014612640613262728,-0.0005665019141345429,0.007534523552977124,-0.0027896969829434015,-0.004753340074938883,-0.00076839704288445,0.00012670672494885515,0.0005253093035668677
2016-08-26,0.01828993711235416,-0.0036070916483932347,0.010995345814297952,-0.005754276145902182,-0.0072550029637444835,0.0021804679887604816,0.0020298267369240897,-0.0063117589658239215,-0.011323408186148853,0.015424136163138646,-0.002474910702555899,-0.0037876110072713187,0.0011457935034429045,0.0006160940321289221,-0.0010037316151174647,0.0008061373477412648,0.0005253093035668677
2016-08-29,0.019490981845793787,0.013139830230339378,0.022496193117315766,0.01853251215798246,0.01882518725033333,0.01840233936008584,0.018884843444062493,0.014050134025882066,0.015507470813322932,0.0030458932633874447,0.017443889870105256,0.009127253772468036,0.011441416443409791,0.012918645421222452,0.01548839282096992,0.015167239031074864,0.0005253093035668677
2016-08-30,0.02268318341112674,0.002506746818586425,0.005984539198851335,0.001672816255769094,0.00020091408204825356,0.004586869477262612,0.0025048054310885526,0.006071761940453335,-0.004708128319644844,-0.009874539615575051,0.00868538548390907,-0.0014279512113239967,-0.0014930056035126205,-0.003443649400575177,0.0007699887892822499,-0.00021605969667692904,0.0005253093035668677
2016-08-31,0.0018445321662581282,-0.0021914616930702735,-0.00556199144252123,-0.012638123773195398,-0.007985391331764236,-0.005699515127793542,-0.0049834505048872435,-0.0036905012932850756,-0.0003985351044122343,0.0047074942754354865,-0.007608924897178571,-0.0052834130420742476,-0.0016596682037864907,-0.003185236294205085,-0.004803744129864618,-0.010776093611524762,0.0005253093035668677
2016-09-01,0.0057490097443193555,-0.0052234492947138556,0.014185820039525066,0.011611220179738257,-0.0007344191865290561,0.0074493713412639995,0.007563622450144303,0.008720103506208554,-0.00620689918485251,-0.008465063429853537,0.014253261865786238,-0.004149696635571631,0.0002878398660000059,0.0035682100122806926,0.003873562435657618,0.005631288542681023,0.0005253093035668677
2016-09-02,0.020337005208163506,0.015545721512021382,0.03152002371843854,0.022530453286380148,0.015755773443253185,0.025216507218467576,0.023689545411725632,0.01710696936258249,0.0080118953916124,0.05496287911193587,0.01858280377220911,0.014065906526509409,0.029211616991880573,0.02788841540278897,0.020051235395518008,0.023378862115609023,0.0005253093035668677
2016-09-05,-0.01067808311259033,0.002090048684398882,-0.007804609451645961,-0.0017903787431635676,-0.005070209808966997,-0.0032234903306899154,-0.0018438140694099214,0.001214883829416591,-0.004901010230155767,0.025441819935792198,0.001297273200513871,-0.0014037310719224871,0.008251453464197978,0.004889905781897186,-0.0018072784030230826,-0.0008410112675293346,0.0005253093035668677
2016-09-06,0.008833961410936508,0.014058246701113442,0.010692462558510751,0.0077346313885360285,0.012745109666488785,0.01053815497309829,0.01036629743947004,0.0062616645375073166,0.017522608490436076,-0.013256049521327529,0.015849493955607308,0.01640932615602808,0.005382989759664891,0.006924033675120622,0.010753573094121283,0.010024551491158107,0.0005253093035668677
2016-09-08,0.0054952914214958515,-0.004438366411511074,0.004020628040416918,-0.00914416418777364,-0.00549356267217227,-0.000909848881164188,-0.0001093753936558528,-0.005559457967186265,-0.003764690448744501,0.01110830616445413,-0.004268268502650052,-0.008556532298019781,0.00040866719399001994,-0.0014572663062096813,-0.0009964523195626906,0.0017180141071075905,0.0005253093035668677
2016-09-09,-0.03104013204768441,-0.02648685936417272,-0.04345412110412572,-0.039517561344077246,-0.029782585412477802,-0.03474626780908652,-0.03520097985695925,-0.022279285925335457,-0.02427490981642355,-0.0321899142852643,-0.03048238043654128,-0.029983421139710087,-0.02834326823973632,-0.03025426518601937,-0.03119251100295739,-0.035828434044891666,0.0005253093035668677
2016-09-12,0.0011009276073066232,0.006048072465078436,-0.004462963774949258,0.006751973328413596,0.006099154879689372,0.0010110893079791072,0.0021682280586938774,0.0064505557359770815,0.007096572844761617,0.011559734203817174,0.00566450029182386,0.005639790782349996,0.0077843400121975215,0.005383782222739164,0.002828287684129016,0.009180229941321949,0.0005253093035668677
2016-09-13,-0.02761166716325769,-0.013508827066400664,-0.03171175747296362,-0.025365363195228308,-0.012036380465231145,-0.024622721705795603,-0.024611060032786347,-0.013977845936104516,-0.014581980559814856,-0.05897052326173924,-0.020793263266547957,-0.014437709833694634,-0.030871715997863425,-0.028713309744977766,-0.02038933075537197,-0.029055655237191003,0.0005253093035668677
2016-09-14,0.004383902808785756,0.002381985061435943,0.00342115378454233,0.003092806281478122,0.002367540922041611,0.002159614754467576,0.0021818238331907658,0.0026682450982629113,0.004229931764700767,0.008924708282887384,-0.004570373888519663,0.0029197460210461657,0.0029194134282486406,0.0033734151334638973,0.0023937395758146796,0.0038487591339761984,0.0005253093035668677
2016-09-15,0.011885431160001625,0.0011674829921823893,0.019706741587277588,0.0124941722683789,0.013236091361804148,0.010967857399730052,0.009910785348503204,0.013161163681108423,0.008003440151918895,0.006292380267715059,0.019432838753689285,0.017191910458586923,0.011984979064410872,0.011486627332781163,0.008787274724380678,0.01401977351927397,0.0005253093035668677
2016-09-16,-0.025887408591772743,-0.011507346600085677,-0.02801478076436148,-0.0133623882294992,-0.009767933823777164,-0.020199884944688162,-0.016650180729062103,-0.0044195998504033,-0.007555190552984814,-0.02778179541570258,-0.004330599641121702,-0.006696067654713089,-0.012186194703577846,-0.010296760763266466,-0.011295721256603497,-0.013995626340774336,0.0005253093035668677
2016-09-19,-0.00043077115708367586,0.006448401704768347,0.0065639570293620775,0.009376935810100795,0.005994006134208307,0.006741787456307158,0.005891427814799677,0.012428824511747205,0.004984131471544639,-0.015649334328371012,0.0005202380890971803,0.00758397678617917,-0.0012928594243801772,0.001978567885992266,0.003752513572270466,0.004326069928288323,0.0005253093035668677
2016-09-20,0.0030455923445034117,0.0037956347163761173,0.018913214958368396,-2.8405250597551834e-05,0.006924709900167025,0.008362129630359316,0.007639040650998075,0.008591335362665209,0.007461338049465915,-0.009912388668216754,0.006251128296060449,0.007268293753125432,0.0019340948346384668,0.004722094936060017,0.0045227539629970614,0.006846705941497611,0.0005253093035668677
2016-09-21,-0.008059822941271388,0.003315177836666905,0.002613019136346706,0.006080928708463995,-0.0020230831829234353,0.004173538728695858,0.004992271996909103,0.006830833379221302,-0.003140929768996048,0.03761947184353276,0.010065719326260547,0.003528552059128387,0.01570177097041303,0.013389222624216046,0.001197401315523372,0.010359149727130701,0.0005253093035668677
2016-09-22,0.003256074340909798,0.015491014388538726,0.010425490786617031,0.011862876509525444,0.01101563008057349,0.012089305574180198,0.012269688935530487,-5.330147122584172e-05,0.00518334560932332,-0.0019356403045874826,0.017158516785882316,9.94118610058159e-05,0.005019542214643513,0.008902200476101463,0.01030311356051361,0.01006508720612187,0.0005253093035668677
2016-09-23,-0.002356482500322943,-0.006068325247251538,-0.013692295255617215,-0.0035451109107430545,-0.0012926054653955577,-0.008820310133585418,-0.008100966801902088,0.0034536046403834675,-0.0018236252357792804,-0.0011625877403326212,-0.0067431319289162905,-0.003092789561299769,-0.0025110452679064643,-0.008779805487127201,-0.0021555861274634713,-0.005493939540096693,0.0005253093035668677
2016-09-26,-0.01095586951336791,-0.009184102592954102,-0.01054237577042072,-0.008066057263306003,-0.009699618984635339,-0.009255832020851784,-0.008748288096912082,-0.010143175358191758,-0.008030874760103668,-0.006317515249545602,-0.012269107233466192,-0.009804876766603798,-0.00887453719438891,-0.009075051855722993,-0.009598852145614067,-0.010569760956617325,0.0005253093035668677
2016-09-27,0.0010899523610097273,0.011453168144367032,-0.004585662808260005,0.0062871164032702875,0.008056271518174007,0.0021778438865653893,0.0037395422349442153,0.005958080767809015,0.004833026718261024,-0.006036446057162026,0.0065757120895284515,0.003716576972595753,0.0016794405772107002,0.0026285139084987197,0.006284548831713366,0.005117232349515444,0.0005253093035668677
2016-09-28,0.02906336726103853,0.010915007728846682,0.011760383147262354,0.020339384027069585,0.011400844090776907,0.015614275003524192,0.01357778909982632,0.015465804206752587,0.008866617880574301,0.028856986573046806,0.016176278304358638,0.005783818712110866,0.01733566503594175,0.013652500294944803,0.01448121383215284,0.016020333309225476,0.0005253093035668677
2016-09-29,-0.01871940471689726,-0.019403901111517796,-0.01735783777218647,-0.01824002055536389,-0.018060718781438,-0.017767536123463157,-0.017131237018723766,-0.008328215962668306,-0.009017548594770664,-0.009686171180006031,-0.017840204361714296,-0.011690311688998811,-0.01152548556298183,-0.012241010807409802,-0.015705519526852396,-0.016442140724256427,0.0005253093035668677
2016-09-30,-0.0029698623836287297,-0.0017571444888606624,-0.00695119391785981,-0.003028356795069964,-0.0027370823042265346,-0.0026282589803228174,-0.0012922826516720276,-0.003932897266784807,-0.002089463547117254,-0.011450842632038327,-0.011027902029616454,-0.004281183377356501,-0.007623533676248018,-0.0030295568400563466,-0.00019733715657288542,-0.00014391958369186497,0.0005253093035668677
2016-10-03,0.015757967863336164,0.01835743672288581,0.009055505562206134,0.02225205854530543,0.016220835076112827,0.014993024901327923,0.015372205617634638,0.013042127430833439,0.007934199805008424,0.02289216180831355,0.024599030924888687,0.008352859527115175,0.01812944283713147,0.017855374779193633,0.016954204715274868,0.01819314389190585,0.0005253093035668677
2016-10-04,-0.01597130797410362,-0.005263916497117549,-0.012529617877001353,-0.011197941943839829,-0.007346104460783098,-0.00962714828683453,-0.007180646681459346,-0.002872556841366447,-0.0016997979902061422,-0.010461483570792574,-0.004256884219912549,-0.002049004935702148,-0.004414044746885448,-0.0009375171061469789,-0.004305530249617773,-0.0017752291751805815,0.0005253093035668677
2016-10-05,0.009130264752567285,0.004567848867323976,0.015080420048727339,0.016366973726109624,0.013350560275745327,0.011183836477772546,0.012240329077177758,0.016140414407278092,0.0027058018123822247,0.02113536781120029,0.01377056926978626,0.007500133415555332,0.014654113005075242,0.013533623758690938,0.010983415480211312,0.014351210523488644,0.0005253093035668677
2016-10-06,0.010229121384287998,0.007607835416248765,0.010856260548784302,-0.0013234905749013315,0.007026425627382427,0.006767333204485304,0.004545493238928833,0.002116722476978472,0.0008360877490567464,0.0014267236233025393,-0.0030695899492643175,0.004038597355296991,4.189871662596545e-05,0.004288319747604685,0.0021956401983158624,0.006566370410370892,0.0005253093035668677
2016-10-07,0.002568587739752548,0.0007584528201800556,0.014408077121019769,0.005915216326424444,0.0015957231087697643,0.006661631776051724,0.006935594111551646,-0.001633606796513254,-0.0014420810725842559,0.01806508533105533,0.007142904138734529,0.0038661648132840565,0.008140374548103013,0.008516937420768533,0.0037691697618356113,0.007044875157239172,0.0005253093035668677
2016-10-10,0.0188075600355031,0.0036646364071168946,0.012369611017341686,0.005495980177248283,0.011265725142634686,0.007457713170718305,0.005378212098840374,0.004421965063468036,0.007908764195988738,0.008910902019081846,0.005321938304176932,0.0060060051147585725,0.006362088205820848,0.0074641981541645475,0.0014707147830306244,0.009072303352620326,0.0005253093035668677
2016-10-11,0.003506155391470811,-0.008903211899067731,-0.004500323438221265,-0.0017486430556258314,-0.008567389806725334,-0.003789123998740984,-0.004714736007243481,-0.0013861618553175914,-0.015090331502375376,-0.011922132000387942,-0.005507473113637418,-0.010326619059719766,-0.00913873791011377,-0.0083254895889876,-0.006858464110235385,-0.010296868460760944,0.0005253093035668677
2016-10-13,0.01757686173132722,0.007999189716472177,0.017779116860101363,0.00821781896454099,0.008666660540969762,0.011987463699481893,0.009580744662901042,0.01728482354653016,0.0024370403297400145,-0.01883999391488078,0.005796110207395566,0.007914409737002304,-0.0007576674679602435,-0.0010916287868260044,0.0006174344614948701,0.001902300237668575,0.0005253093035668677
2016-10-14,0.005606903539294494,-0.002382779542500102,0.006435404937561229,0.00856922413262895,0.003895538528158049,0.005317440180225175,0.004706855154552825,0.010174505270535095,-0.00691761438285643,0.00827917644616738,0.014779199034202994,0.003980070157330484,0.0071168544105939535,0.006382379369810565,0.0007703342700493554,0.009939238016804186,0.0005253093035668677
2016-10-17,0.010369631853790251,0.010126675603304047,0.011815895419273303,0.01377758263581308,0.008996939497184941,0.012267797661329016,0.01212648017901019,0.007885721285063596,0.004107271044351046,0.0041447600628872205,0.0118920971132499,0.009278578906505297,0.006938088172601331,0.007359068442920558,0.008875588596832351,0.01442980305406416,0.0005253093035668677
2016-10-18,0.028749763093416814,0.010624474782026994,0.025631294102822055,0.011797602851570943,0.009540440301926356,0.01852780649535557,0.019051024103523106,0.005374745821534299,0.0007494808697603439,0.02756549707373046,0.012359514582082953,-2.7329446694923654e-05,0.014011347032995891,0.017542586455794762,0.016318204997450403,0.016841503766365618,0.0005253093035668677
2016-10-19,-0.014746479202962903,-0.010788978134955718,-0.010817136421512719,-0.008352497326233999,-0.010341521113361063,-0.011241450799205688,-0.009734258239193716,-0.006793441487117358,-0.0045262265589177675,0.010622772348157783,0.0037713110154253826,-0.001910554141488774,0.002299461452022422,0.0016299978165521534,-0.010153859117598474,-0.004560590815028576,0.0005253093035668677
2016-10-20,0.002708944597154428,-0.0027075733203200114,0.001815212244458797,0.00038369332982579607,0.00543402807583071,-0.0005384931653058533,-4.0235413251599184e-05,0.005464745344723854,0.008361372538915779,0.011196856362166052,0.0019864349069937948,0.009318478058272683,0.006572072222547076,0.0011989488840762341,0.0019386144130757454,0.004989626718247653,0.0005166043641946505
2016-10-21,0.008212291536029648,0.0015542183154946265,0.008571301763347083,0.0008576470576229234,0.00040022154104923935,0.006192201100483574,0.005749839688127034,0.0031995635387340737,0.003448369348099778,0.030750776218448017,-0.0029161103713163383,0.0030943891937733614,0.010303485216413666,0.005555783201851572,0.0013246669987989623,0.004412992651970704,0.0005166043641946505
2016-10-24,0.004689200664326876,-0.0008832943775752833,0.002648155332840574,0.0008964220541549661,-0.006391976432266522,0.0009006043394728103,0.0005030729837733894,0.0030718544436039164,-0.005903003819554442,0.012038833202070887,-0.0029351930645850066,-0.0006511721760863454,0.0023670767464938347,0.0031498853733200605,-0.002954380659991762,-0.0004878422973253471,0.0005166043641946505
2016-10-25,0.0028870105645895094,-0.006551677292489955,0.002441599356605595,-0.001999948111268024,-0.0021738241636366507,-0.0020248091448372696,-0.00239890976326107,-0.007432288782787899,-0.004431984824213253,-0.0016376810002981523,-0.00019953367454472737,-0.001859013601716697,-0.002494979236700501,-0.008096745344010503,-0.003013423078410904,-0.003158345229741899,0.0005166043641946505
2016-10-26,-0.004656094491065521,-7.299153092044097e-05,0.0012515253919713754,-0.00555891326066571,-0.002636241813473994,-0.0018271605694144544,-0.0010300915523429044,-0.0047263560097214885,0.0012499421612675032,-0.003724594403621273,-0.001333524402579056,-0.0009179881978915727,-0.0026436229562614155,-0.0054213289929073705,0.00037248138563072963,-0.000768004878822115,0.0005166043641946505
2016-10-27,0.006987898880635113,0.0074433177006807405,0.013398475770390217,0.0021353005875923703,0.007787197248376065,0.007940914654749776,0.006650625445177916,0.0057735756460743914,0.002336659770136862,0.007684254693087089,0.0044504523769830495,0.004243152142899609,0.005519357908519984,0.01372718296639297,0.005115833485243915,0.006324494425692384,0.0005166043641946505
2016-10-28,0.005591874950971798,0.011170730556455677,0.005986963943059642,0.002395194287861724,0.0035821244531919483,0.007388284627021902,0.0050171373889240645,0.008079712865626476,-0.0014140891509116793,0.02164904543976176,-0.0018109421469022502,0.001000266776381098,0.008323102204189192,0.0024210519965426336,0.006853279618438846,0.001027782178068426,0.0005166043641946505
2016-10-31,0.008823437716874327,0.02053972985030117,0.005975123576644981,0.013303861055363964,0.01801101232054747,0.01141234678336045,0.011307049111531908,0.011363382665136035,0.0025568176240990947,-0.0057636647802478125,0.01584823317806583,0.008122864278007791,0.0049668243613811836,0.007376045717594204,0.010535715654486966,0.008886745426355258,0.0005166043641946505
2016-11-01,-0.014409646776738505,-0.018799485548807393,-0.025221494425315183,-0.025885184805169548,-0.016560854237359424,-0.022929611662191096,-0.02354102419885351,-0.015485724720998184,-0.015710733538172206,-0.02152583009867448,-0.023824430954459408,-0.017572620061633737,-0.020326594998705927,-0.02411327815560138,-0.02028664509938527,-0.024534937525465428,0.0005166043641946505
2016-11-03,-0.02584132528938987,-0.017782086842389466,-0.016975177365105787,-0.02765701237304463,-0.02284570686059395,-0.021108212136979776,-0.02059410120731575,-0.027461748566228072,-0.012107160036721298,-0.03278626765350723,-0.01678502635691792,-0.020892961820652478,-0.022483664762175892,-0.02003861863137779,-0.019754415032401273,-0.02424735495060204,0.0005166043641946505
2016-11-04,-0.0038676239205563956,-0.008507509375277111,-0.005654963055901074,-0.002069678884201731,-0.0003092970610990564,-0.005023352617146037,-0.004029109342732262,-0.0015300272179998853,-0.003205236196899164,-0.005460583857779144,0.002973599514090264,0.0028028512456186316,-0.001616060493172311,-0.0028837529388117122,-0.0038662185696966,-0.0029027450912688657,0.0005166043641946505
2016-11-07,0.0229581638181795,0.02190966281428497,0.035055751068607366,0.028092986984293855,0.021879387170274045,0.02832820374431755,0.02834485487643157,0.02204457449343855,0.014270935592765932,0.06295072314731787,0.02790820113391823,0.01905138581821708,0.03558166574792554,0.03252218931730044,0.02678005074532175,0.03784121352545067,0.0005166043641946505
2016-11-08,0.006317774315878211,-6.0685801801518835e-06,-0.000170399093680218,0.0030490732814194565,0.002972740309443722,0.000566886607928252,0.00018729314582155432,0.001331947466887362,-0.0007147804631016941,0.000524290301664232,0.008486244871488635,-0.0028760014276442147,0.00262551827157953,-0.0007653863947602035,0.0018533176316146704,0.0015947602684021067,0.0005166043641946505
2016-11-09,-0.01083839350868998,-0.018641613717439443,-0.011490794518771774,-0.025554543970906174,-0.020366126011508667,-0.01548446013967486,-0.0153387774691085,-0.009458371173997948,-0.015103228039293315,0.0052399874931259305,-0.0158276593207326,-0.01573029772624157,-0.0074450295149350865,-0.011553068690473678,-0.016625879179111624,-0.013966572443218861,0.0005166043641946505
2016-11-10,-0.03570367676296937,-0.026676074658820936,-0.06011902819526238,-0.04661217987622024,-0.03351372082823001,-0.043699904363969866,-0.04629206839994182,-0.024124806098688722,-0.02169634356984429,-0.0007482928189472826,-0.04049812836608491,-0.03296154911172111,-0.02271237653387448,-0.033955302228692696,-0.03700016852105148,-0.033287915417482106,0.0005166043641946505
2016-11-11,-0.015769090687759002,-0.016835030308687715,-0.04133446128033491,-0.035850799099276576,-0.016882126677243425,-0.03312110974854421,-0.03326389364717053,-0.011933624893292305,-0.018466200634111307,-0.057866671903735956,-0.028974996457759028,-0.026397371277406823,-0.034566166135026166,-0.03797381667627875,-0.02697786097997723,-0.032457980439985046,0.0005166043641946505
2016-11-14,0.0026111566889088778,0.006784273669176333,0.0016610141434703074,0.006865306413677663,0.004253144399430475,0.004417065821930688,0.0010963930368221853,0.004076689312101811,0.003930372337438648,0.04303228710661533,0.002020930757945072,-0.0018280476590348815,0.01773865850538292,0.0035967396999265766,0.007415586533997542,0.007000469981713886,0.0005166043641946505
2016-11-16,0.022976346818261772,0.022571990698879052,0.03276753134620791,0.02085503824295354,0.025038973728703118,0.026389303935051123,0.02725534984230049,0.009000316913312156,0.009677955831977947,-0.04160020287664046,0.02568621187360276,0.012502995044677334,-0.002880671684218128,0.008842532254084823,0.021601401620831684,0.01867224821874025,0.0005166043641946505
2016-11-17,-0.018748067969068694,-0.008842343286348364,-0.018241267291596808,-0.01778201277915792,-0.01707368283609889,-0.01343081103144772,-0.014094822176123678,-0.010590477011649058,-0.003485122281936426,0.000805987278709619,-0.011950895113291504,-0.010263923959817123,-0.006136910062607193,-0.010700393141657272,-0.010383350875980968,-0.015390962211234371,0.0005166043641946505
2016-11-18,0.005005667715697992,-0.007048254357834405,0.012808869587730864,-0.002976237352636857,0.0020109580188947263,0.0029628336606022376,0.002912476431011557,0.017797411928600182,0.0013036711967966408,0.008044512477196397,0.00816668747265048,0.0077614590473431555,0.01051781804670937,0.005360215258826351,-0.0019136633923584334,0.00316987481026465,0.0005166043641946505
2016-11-21,0.01656467727957156,-0.0017884288684477667,0.02786745134228541,0.012013547696426707,-0.005083703142917506,0.014463522543326057,0.013151503306853218,0.010334554296955956,0.002139325202376474,0.02461213020713382,0.011778111583496287,0.010780706959295783,0.01378695748500025,0.015844448971867653,0.003279214634266614,0.01724148408018733,0.0005166043641946505
2016-11-22,0.01106011593662437,0.00024605796740884145,0.007071494329858652,0.006914593738459596,0.0047605388643185975,0.004983553372768235,0.004522335544006495,0.009502960102859115,-0.0017289412328151954,0.030598443131948816,-0.00870619035039566,-0.005440949067684664,0.010092870702677947,0.007099463376223136,0.006217115110952687,0.013227665992971094,0.0005166043641946505
2016-11-23,-0.006028001693821339,-0.0028502887845774927,-0.006462153851007901,-0.012759058976598792,0.0005809369754248284,-0.006713157960950733,-0.006721101011646691,-0.006218757034377909,0.0072350217321277555,0.03553681958514243,-0.009145480624901059,-0.005877828534407659,0.010036321642282076,0.0027128743745530315,-0.0014101785546892787,9.708203628577827e-05,0.0005166043641946505
2016-11-24,0.009549948374737216,-0.00393647044619283,0.005336515358591809,-0.0007028330042034847,-0.006099528207685334,0.0013655303742761138,0.0007342854423062484,-0.006282458459734408,-0.004005025942626306,-0.0073497782936265965,-0.005329154940410419,0.00018913394350361656,-0.005842091457635257,-0.002627696230663723,-0.004073253255949649,-0.008151348385745383,0.0005166043641946505
2016-11-25,0.0014050681951873756,-0.0015280488853104401,-0.0024340866812287976,-0.006186406506508368,-0.00479191538479129,-0.003167624997077123,-0.002827716037130723,0.00233495089433422,-6.28250451811807e-05,0.005806521797171005,-0.009644291434552477,0.0013853493185154164,0.00020266270546742682,-0.00109947514195341,-0.0004917730467390857,0.0022890576151481934,0.0005166043641946505
2016-11-28,0.024615691742390755,0.013677862634039695,0.02207909090801552,0.017717342948608827,0.021023236843464854,0.01836813539460702,0.016332006719087966,0.011777231985826253,0.012801495362017468,0.029864758836723793,0.014724037448033966,0.00779210945831843,0.018407323382859664,0.014740800085350836,0.015477972078148383,0.01964006652637673,0.0005166043641946505
2016-11-29,-0.010679375529320079,-0.01840832528550984,-0.01334582969906073,-0.02427162815896089,-0.01574852453208342,-0.016199915780435448,-0.014393298108690944,-0.010450249087127439,-0.014052736473734284,-0.03987763358397789,-0.018842540167201882,-0.014466924771310952,-0.02430354231158105,-0.019552883946616584,-0.016283764686881752,-0.027688786031964008,0.0005166043641946505
2016-11-30,-0.0005269309594003735,0.008610314518249007,0.0064791092136573525,0.007081883045912507,-0.0019243490835519905,0.008064327419707418,0.009447133892216186,0.005756418240233208,-0.0021933194144773127,-0.013221212792771553,-0.000676351480738524,0.005703790321459845,-0.0042898209331155845,0.009101422401940118,0.0037679006062298903,0.014322981049434746,0.0005166043641946505
2016-12-01,-0.036125926832227595,-0.04558125797212309,-0.052747588608033635,-0.051493040790430156,-0.0386688109343889,-0.051092822065671784,-0.05059220395275654,-0.035554411782447226,-0.03150361848944261,-0.04256655641458218,-0.04200508607980091,-0.035049681186973825,-0.03955435863430912,-0.04039148960539618,-0.04412913250598027,-0.03832910001033918,0.000507880373261882
2016-12-02,0.0002501303563788859,0.003825735844616096,-0.0040794840498671325,0.015729256549452453,2.365324152675541e-05,0.0032511809902917577,0.0016444857697677229,0.013584284080824016,0.007232650751479053,0.00882149849460001,0.0048891032928213285,0.006298504576660369,0.0059921660650676944,0.005468919923926174,0.0043035039762493454,0.011938881755401809,0.000507880373261882
2016-12-05,-0.004394076240512579,-0.009860420509311796,-0.006562155806360659,0.00015430373652303153,-0.011328986792940254,-0.005677645150827915,-0.005869550660595357,-0.005137471582992048,-0.009998978509321854,0.009365175987526397,-0.0009534354375944076,-0.011292097051621708,-0.000487780276879235,-0.003424835422241812,-0.0049452866434666065,-0.007689622826727138,0.000507880373261882
2016-12-06,0.007764868386701984,0.011360007240266201,0.0005354860696797914,0.015364360675045097,0.010325094087497266,0.008540828388591049,0.009649253460500606,0.019141863651142232,0.013793330169820095,0.014978707483717768,0.0065621643783850825,0.017313234379627618,0.012769315526724778,0.014317075194087536,0.015787130577719966,0.019956203826852592,0.000507880373261882
2016-12-07,0.00991386257670901,0.013092204017268516,0.004686313196589742,0.01605430212730319,0.015743895993980628,0.010430736116038064,0.011303784687290541,0.005762250555891413,0.011770233870367575,0.020507595566914283,0.006740522907280555,0.005042635561904207,0.01243199110198323,0.00905163028037026,0.013160778099925885,0.004972461472204648,0.000507880373261882
2016-12-08,-0.008170842795600208,0.0031918889209103796,-0.009120073457523636,-0.009864344352707777,-0.0031382452928234716,-0.004667094933930138,-0.005665761455465157,0.001434009271746195,-0.0029641486104405868,-0.009182115293925541,-0.010197158490565017,-0.0015531812040892046,-0.006527244090334672,-0.0032763142621801133,-0.011600580652943338,-0.010896170830988372,0.000507880373261882
2016-12-09,-0.010471484855443691,0.005850217220327636,0.00027357715270470706,-0.0026530760739928994,-0.006076970111002056,0.00128342856284136,0.002754436091840562,-0.012402876714305067,-0.0030269070923819585,-0.016891837574205204,-0.0024461763166120365,-0.0060206417198340745,-0.009496990952754913,-0.003527818996238441,-0.00036190716660355893,-0.002339362565862424,0.000507880373261882
2016-12-12,-0.011335588600731361,-0.02329180473965553,-0.018796562312156095,-0.021525904095093806,-0.02407528066443021,-0.019042924825540708,-0.0189534911039293,-0.013220627163411547,-0.012160314539054973,-0.03616209188293085,-0.022504922350082834,-0.014996307301738954,-0.02426530630680912,-0.02217945411286737,-0.019112248678139654,-0.021051309750156566,0.000507880373261882
2016-12-13,0.0033157208732597088,0.0067126796026844016,0.002196541900278959,0.012014429951910266,0.008318717395022546,0.006408253034111189,0.006819976278143347,-0.0003266614186564487,0.007355861441282308,-0.01840539588955692,0.016615740480583785,0.0046334774474448,-0.0015544938858358393,0.005195437507842016,0.0061887349573397366,0.0022908433691350982,0.000507880373261882
2016-12-14,-0.010049656522210126,-0.009956224025804317,-0.0008654634697301544,-0.017220760963184478,-0.009265281341528486,-0.007744888827414198,-0.00892655280863286,-0.007564287093208111,-0.00859148810990007,-0.03156247108626087,-0.010124938659849425,-0.012455802550622508,-0.017343631415431382,-0.017155111633757048,-0.010309410269315755,-0.01724132273170287,0.000507880373261882
2016-12-15,0.003352156943801754,-0.0022633159345172293,0.01852455473428538,-0.0010121211362648097,-0.0015013330483968357,0.009769610189284572,0.008082314787297262,0.007490391123565754,-0.003466451256126879,0.03930913765787847,0.0003019597599553947,-0.002055867786844412,0.013863760665418612,0.010663588679291403,-0.0018101185627658056,0.0032539844196086687,0.000507880373261882
2016-12-16,0.012359558020863748,0.0013100524743638875,0.0071204096176451515,0.005115373042480664,0.00415584193037799,0.0047002982920376635,0.005933488289441513,0.011594975190753143,0.013803667072974202,-0.01769191058760322,0.003990926434940478,0.00914354121991856,-0.0009306902728549726,0.0032950134775373563,0.003570672987664558,0.00029663492021225757,0.000507880373261882
2016-12-19,-0.004957956530529328,-0.021328636944559,-0.005690323784407703,-0.00815157513775977,-0.0117594541522964,-0.011639918053329978,-0.012760630644084281,-0.0033177539050815996,-0.007539072781303835,-0.03311244706135752,-0.006523587038015921,-0.0018237546038126773,-0.015117107885857517,-0.016755835649214346,-0.014606171161093973,-0.020399768585238065,0.000507880373261882
2016-12-20,-0.013036430189988457,0.002609491122849361,-0.009041007908526355,0.004128112976699683,-0.0021508241966009534,-0.004238741982558136,-0.0024412633255163074,-0.007551911187795635,-0.001563544079285828,0.010832509364615994,0.002475668302915235,-0.0022821936837938983,0.003183629551763101,0.00012998341851377937,0.002606520230002518,0.00660682131692325,0.000507880373261882
2016-12-21,0.011051704836930965,0.005195464808504191,0.010054098778525589,0.009487576751096682,0.001927724670500064,0.009828631897562445,0.009208729024178908,0.013122488047262904,0.009465161679981904,0.013772869959305822,-0.001665096005371125,0.007726974861269165,0.00835262437421247,0.006366157894100555,0.00826082791175664,0.001346772091406656,0.000507880373261882
2016-12-22,-0.00809371647434387,-0.004536650111289675,-0.0056919761300786575,0.002754930280718604,0.0015578963727556072,-0.005195203231245116,-0.004416131776191823,-0.004773303795654771,0.0009387476908189196,-0.021956034072507014,0.004249303693964146,0.0072078927002370285,-0.005998958824151912,-0.002129775472636042,-0.0031312760489774494,-0.006061379576731252,0.000507880373261882
2016-12-23,0.00785357370762374,0.009303378758857006,0.007647296488821453,0.007933658163429724,0.008554154523245261,0.007175092001516115,0.007212986031430724,0.003915787601282084,-0.00026721663789752714,0.0024689400408330897,0.004018823772779401,0.0013162956164318729,0.00291648279827883,0.006116502665713508,0.005407044755426638,0.01128723369540574,0.000507880373261882
2016-12-26,0.012678603038912772,0.006891483049084046,0.01329263381115986,0.003436533657918517,0.008964370944378297,0.010042700081168476,0.009952476273635824,0.009390847872713826,0.0029235079480933734,0.020375191237741674,0.0019069265282198877,0.007167524153428362,0.010045515607904454,0.00887695225666496,0.00870472037163128,0.011380422588862737,0.000507880373261882
2016-12-27,0.0014839602823952802,0.003077919965227105,-0.0005139056769016825,0.010537244810875368,0.00631669013419045,0.0022308193655182773,0.000983471312286266,0.008365007229043764,0.003549286960264242,0.012748768267641486,0.011812579002931534,0.007556239232907824,0.009982171497606052,0.00449023278032934,0.0027939404813779323,0.0013660953125984587,0.000507880373261882
2016-12-28,0.022146177177810866,0.014628291905219859,0.021270868946357213,0.01746145035292912,0.016482628191056614,0.018135056124227944,0.01783164577639118,0.021399362822139834,0.011576673714990493,0.004778454502829321,0.01700018644702106,0.015208264366207258,0.012362664477726826,0.014612624387114526,0.014011724008656579,0.01829113125298698,0.000507880373261882
2016-12-29,0.005070459756531864,0.01454353495540861,0.009909858980009512,0.011630045924741816,0.012655139599949017,0.011177611559841205,0.01189786557303818,0.009329754312549232,0.008034618136341543,-0.007465139455300029,0.010103411907558257,0.007066893201185254,0.003981714455015162,0.0040915465553093,0.012536708945849462,0.0072545155326195765,0.000507880373261882
2017-01-02,-0.0032000000000000006,-0.002241352886013388,-0.0019834061383328253,-0.0021021217944814114,-0.0028,-0.0013920153310450544,-0.0009112863578644576,-0.004,-0.002482323532251313,-0.0024344307053044767,-0.0026177517287500293,-0.003212021904884918,-0.002302492181472155,-0.0007242551083522149,-0.009153337067695833,-0.010055659929409377,0.000507880373261882
2017-01-03,0.026898335729580447,0.025529810865517977,0.028957896172177255,0.041550412493406075,0.023864881022513496,0.03305191564042609,0.033207243149190546,0.022807292819547298,0.01761329880398166,0.03964046945773081,0.03602220132435363,0.033051758021861,0.028239903387890175,0.030834790425671388,0.029154225938969658,0.03591011285406731,0.000507880373261882
2017-01-04,0.004134798397258388,-0.005121505212055566,-0.0006341023569069737,-0.004773434917961006,0.0055975165004957805,-0.0028298308070940914,-0.0008059184951270115,-0.0015365016023715095,-0.0012225468581918975,0.022857892616003905,0.005419858353460594,0.005977326090101931,0.005741480152042566,0.0070313686243630436,-0.005887834115258395,-0.0026671953850438967,0.000507880373261882
2017-01-05,0.0014904352994795644,-0.0030082824638452133,0.0018376784357660991,0.0008045142276211781,0.0038951893179457464,0.000532237349609499,0.0018141191039620086,0.027162401947230297,-0.00368587703341805,0.025438911648822504,0.00510362195599523,0.0019543607468235358,0.013501906780712725,0.009034348177031637,-0.0010355526085282785,0.007684552322168914,0.000507880373261882
2017-01-06,-0.0007544558827879966,-0.012328666464328175,-0.005639965260417434,-0.008299211750061541,-0.001796404911709959,-0.007435037843004366,-0.008001684776899443,-0.004945196410185759,-0.00653855093164557,-0.011551912158367594,-0.0055867781355734,-0.0028550017633598435,-0.006611723581131046,-0.0070996090786344945,-0.008809273091563208,-0.006709599334246197,0.000507880373261882
2017-01-09,-0.0014504863429598558,-0.0007782652941016321,0.0028180734653679984,0.004538750151954041,-0.0019401400184264617,0.0027306561398010576,0.0023938064051598484,0.004615683061599762,0.0012029774461705944,0.001909714481598046,0.0007423956539081011,-0.0014411121552501127,0.0018047955307507468,0.002660475287469488,-0.0014840168491718764,0.0006652067323020816,0.000507880373261882
2017-01-10,-0.002539449460483012,3.948439226664213e-05,-0.003426733156914441,0.0028447216114473317,0.000436436078117719,-0.002145949668887037,-0.002119400358595813,0.013644534499960725,-0.006266727771258029,0.0017933910614018611,0.002766274340231023,-0.0013796577478625283,0.0032705729588438093,0.001601485581197215,-0.0017097767768431416,0.006301479376743746,0.000507880373261882
2017-01-11,-0.0024264880778279707,-0.007220692826650721,-0.003335313523064598,-0.005833558975952502,0.0011505462961478585,-0.004994504644626696,-0.003944259037276798,0.022499427765374946,-0.0013544649343246729,0.00530920924818612,-0.0003735340124276787,0.00697858437800658,0.006615283192465515,0.0020438680847030266,-0.002890449077088242,0.004243035699889708,0.000507880373261882
2017-01-12,0.03545090649426408,0.02027936221521709,0.043719354960441326,0.03462646539375824,0.025869069019102797,0.03411120672215073,0.03426314742169434,0.02861049062547605,0.019417967573091444,0.030878930564457674,0.02289155913062113,0.03505350928368545,0.026381218022644815,0.030680746610727727,0.024513188211710224,0.02421701827840672,0.0004815932509041332
2017-01-13,-0.0033168743172063975,-0.0062874247965396535,-0.004599198258069648,-0.010255416993061761,-0.005633754205422559,-0.007090885679122971,-0.005651966812691089,0.01123717178072603,-0.000852165215746159,0.013244774791286495,-0.007899280194276881,-0.006676057947364922,0.00397509497993731,0.0006689123008167819,-0.007522246037932057,-0.004001931337085707,0.0004815932509041332
2017-01-16,0.004106902999621909,0.00040582926187737733,0.0065459606846867135,-0.0029836684708959282,0.00518520347598006,0.0019651441277950266,0.0008490576771604808,0.02061306063845425,-0.0029915954477421902,0.0201714760230014,-0.0030582991808203452,0.0023265542051258414,0.008300004765452673,0.009157715001131939,-6.953448706048526e-05,0.002734447970422993,0.0004815932509041332
2017-01-17,0.02383820555190108,0.00841456384432493,0.02050046718337617,0.010078133576524984,0.023889978056283567,0.0145604561588637,0.012326323781379322,0.0032515444338507837,0.0062271628123331535,0.004344961230090316,0.011305006335880607,0.018931957879369632,0.006483556887465269,0.01355962480075168,0.008905123820899474,0.008167639476378108,0.0004815932509041332
2017-01-18,-0.016109088767056745,-0.0031931171418854154,-0.008041688084127974,-0.0055233407472568,-0.012308217051343107,-0.008499846113810716,-0.006854092329478645,-0.013171422621630291,-0.0001710014658073966,-0.014758779269866906,-0.004337821847026135,-0.011220628407435873,-0.0086790100764228,-0.008881747780634885,-0.009394144573330543,-0.0036167342450430517,0.0004815932509041332
2017-01-19,-0.006848105887024336,0.0008123103267534404,-0.0028052747939134592,-0.008837306238476117,-0.005657361992075671,-0.005316036649410938,-0.002797084614954537,-0.014745942677849122,0.00286403013987524,-0.02044081234068007,-0.0061169507736134054,-0.004559262696454236,-0.00962379351726983,-0.010935932097644208,0.0004829612894248214,-0.00382745504958959,0.0004815932509041332
2017-01-20,0.006326609315570053,0.003088518936299467,0.007453352108107492,0.01069808612359413,0.005083203535623193,0.007149449529833207,0.0051804567414326375,0.031383704109007704,0.0035749764097514625,0.021308714608684554,0.00788422222643903,0.005276478734203449,0.016566742268391277,0.013053952393153878,0.0029904599826544587,0.009088392920708399,0.0004815932509041332
2017-01-23,0.018840100972374207,0.008256916721574914,0.012947959149682164,0.023644091651083166,0.018591118864204947,0.016452762304685953,0.017223583759888195,0.0305371358970552,0.0053531262024824056,0.019058035619050395,0.014857305463458648,0.01447979217963713,0.01579395573823761,0.012524081144007049,0.01935760171306211,0.018099474102996504,0.0004815932509041332
2017-01-24,-0.0036679863188722184,0.0015117841282445976,0.002973308888163606,-0.015939379599223424,-0.005148746871392773,-0.0018689128622387807,-0.0018583461704723137,0.005386822270761815,0.002633687774642901,0.0020383004310122743,-0.0024776100155231573,0.004700135646013681,0.0035131803740078293,0.004393040174498264,-8.002528799067044e-06,0.0017350431277916023,0.0004815932509041332
2017-01-26,0.013407859741625172,0.016421369275386732,0.008721813756733754,0.022335225576456397,0.014784529706837857,0.01394938490124642,0.01319846874586772,-0.0033695478628819053,0.010222504681500322,0.011281062465576586,0.0184466518327715,0.03402463097326369,0.010452321085497651,0.012084695864940542,0.007870550058218795,0.0059023207533071,0.0004815932509041332
2017-01-27,-0.00724199720829688,3.424887356762163e-05,-0.003938564212677131,-0.006368355511136348,-0.005317219806984741,-0.004190388720025973,-0.004517676217423938,-0.0012150342279738657,-0.0037615609689326535,0.021103561224083744,-0.004083187561243595,0.0009988527759314803,0.002058653827563317,-0.0018696453962803172,-0.00319589020429889,-0.0027666947761580962,0.0004815932509041332
2017-01-30,-0.022904250827998185,-0.019003837709973603,-0.02173070268473587,-0.019299989519281135,-0.01945595280955892,-0.021727398752125593,-0.020834750635228882,-0.034692254486272,-0.013087464953666417,-0.022739541826837906,-0.01800753611324335,-0.016741735782717537,-0.021683783597416184,-0.022698793813080598,-0.022526595003206085,-0.025540214913228665,0.0004815932509041332
2017-01-31,0.016245216117965366,0.009081472857664474,0.026412770192539625,0.0022876844185188983,0.01286559022684819,0.013372028846700967,0.010040138921628916,0.03133582827820436,0.00809501892938469,0.022572070245160614,0.004328712385001321,0.010467005275346386,0.016248936497081035,0.015543786630477952,0.0036019150453296955,0.005728232169003977,0.0004815932509041332
2017-02-01,0.00038608369092063555,-0.005646330604541672,0.003758256532268023,0.0033030960567652645,0.0002044624161037234,0.0006023299944317717,6.022483688727931e-05,0.008333687953007596,-0.00891015858845634,0.017247544322858577,0.0005727336851675258,0.0008404491677411752,0.004652728045189569,0.002674151162789684,-0.002143648831346101,0.002665676257306293,0.0004815932509041332
2017-02-02,-0.0047143656074805085,0.009517066453764711,0.00517482230117472,0.0014039249452573177,-0.005056843546740963,0.004118127355142942,0.003528360394050134,0.00011222763938989466,0.004411841200130828,0.00831905782816289,-0.005628236320086577,-0.0020657578688353384,0.0021501169185569324,0.0037149921541224096,0.002555120208641126,-0.003139342130496714,0.0004815932509041332
2017-02-03,0.010702379992356903,0.015362076855886198,0.019107689933110406,0.00977795848915175,0.010912281716886074,0.014194351973319641,0.014421544064924463,-0.01511308593879035,0.01151681234540236,0.01887458831983202,0.006856922764002071,0.017119553369743024,0.005807444919856186,0.008956526913588059,0.012325036829011982,0.006304480902460163,0.0004815932509041332
2017-02-06,-0.011041362773626107,-0.008630161525439384,-0.02153568731527611,-0.011656928950950829,-0.009945049680915252,-0.014489738939794439,-0.011702828855585046,-0.0023507787582639494,-0.0072939889420000625,-0.0055846773531224025,-0.007204414956180516,-0.00895068068637761,-0.004411397425975627,-0.007346816526106137,-0.011449371807926378,-0.014044771473636586,0.0004815932509041332
2017-02-07,-4.288054229184546e-05,0.0008294216177553437,0.0012022700632130512,0.008646682449863885,0.0042057037529044106,0.004239208032909891,0.004034340457665264,0.00242286509597478,-0.0021287141713138835,-0.007274156849457758,0.008694062213653764,0.0016363514720199035,0.0007388575390869789,-0.0014257536960791128,0.007242791678494731,0.0030173661717280975,0.0004815932509041332
2017-02-08,0.018307560499400966,0.008994096282075148,0.006019563942428974,0.01052421383127311,0.013296326459589336,0.010130700773295143,0.013152255783469124,0.0030805290586557454,0.008095244186148376,-0.0016415682499504314,0.006894805005549065,0.002186265564955825,0.004488918558350985,0.005685959872975932,0.008245563178406856,0.009892701078134225,0.0004815932509041332
2017-02-09,0.000701631746129916,0.006712681116112895,0.0038477975448034663,0.007182724141520991,0.0035205623103966577,0.004590388539827517,0.0010209950872077656,0.013480854228117733,0.004213535684942427,0.008643973370029645,0.01136364585041827,0.015603440830807003,0.010419553383184343,0.005694318811302557,-0.00025157333162939555,0.0019786380512101243,0.0004815932509041332
2017-02-10,0.021149451844825418,0.006114351811453256,0.017528387152558222,0.01952499400929031,0.014963216710715432,0.016387272412786702,0.014163659866091916,0.04086709460513305,0.0022890859064319535,0.017971077629391763,0.006724114234808898,0.017267666286989947,0.016584541457253188,0.013533887827874125,0.01039299251880288,0.01710747926476608,0.0004815932509041332
2017-02-13,0.011084532998528518,0.003865605553974083,0.007861154103819601,0.01145754972517432,0.008954149336738215,0.009549649875129074,0.008439509161349834,0.03266991296100019,0.001020622656462189,0.010344243881712956,0.011349084129298248,0.004105196316015025,0.01505923066410153,0.010602110717915725,0.005783454497298113,0.012720938455917263,0.0004815932509041332
2017-02-14,-0.006518643115039691,-0.0014470743350761817,-0.006324224177148952,-0.004572655300495554,-0.00861141938815635,-0.004084192881562698,-0.0037790506833615956,-0.008416799694092703,-0.0008306916992594227,-0.012185118542246687,-0.0005488671361728592,-0.0012823894852302953,-0.0061456972766638085,-0.0033117925110554003,-0.0016861484282267858,-0.004107199504058245,0.0004815932509041332
2017-02-15,0.017591456608664346,0.01507925371585439,0.013920407969592485,0.01696541278173691,0.017830623167216952,0.015288400484610332,0.015979578547572704,0.014004195724199198,0.016308834037938258,0.014350251422917903,0.021209999212133512,0.02062211407535508,0.015498575506246448,0.016232168404009872,0.017657688870341026,0.018502496131342694,0.0004815932509041332
2017-02-16,0.002697799837120707,-0.0016922537227631596,0.007668352000937961,-0.002670044971760377,-0.001250271157253402,0.0020184724637963836,0.0018359970636274703,0.00300494015705266,-0.002514177745990054,0.007908741157404586,0.0033467344473210314,-0.0020541591003317983,0.003447924026664717,0.0019922426465550647,-0.0009671853359227711,-0.001837820894048381,0.0004815932509041332
2017-02-17,-0.0017812050659467005,-9.719759200788047e-05,0.003543475804440588,-0.0005456421943335066,0.0016678764733548679,-0.0004638726198854526,4.058270374729389e-05,0.005595308386292963,-0.004605987231586561,-0.004016730372870092,-0.005121305869063009,-0.0016297971323551153,-0.0015484352088018793,0.00015506683321064862,-0.002122122742340249,-0.0009084136888694028,0.0004815932509041332
2017-02-20,0.012042623676975728,0.0019780159403872677,0.01313628226274921,0.0042123505265248,0.009641999075639562,0.007653731719515111,0.007203837182488737,0.033085625482265346,0.00224409657758029,0.007739225224838497,0.010130520448906166,0.008102217482141683,0.015053781030580415,0.01001547702140182,0.0034460812467982382,0.011066243168144085,0.0004815932509041332
2017-02-21,0.0156125903431803,0.010135445180401437,0.013080145423983724,0.012642944409348766,0.012636208519493985,0.013405493086517284,0.012874855291450604,0.016351467511614093,0.005609134834868357,0.004121077080424307,0.007146206547949285,0.018811455770466168,0.00869787259567989,0.010111305666166137,0.004551923642157618,0.007775610985224279,0.0004815932509041332
2017-02-22,0.00291124951972499,-0.0026877311883752864,-0.000942907755466349,0.006366478434752798,0.003923739791013903,0.0001150896601351814,-0.0021446904550734835,-0.023052991885486707,-0.0031283592397306492,-0.012361564268889458,0.0020987121185715996,-0.018032961634953493,-0.00966720037472557,-0.012083929912036107,-0.002452367477834283,-0.006953915825467227,0.0004815932509041332
2017-02-23,-0.006827252155136021,-0.004443930777232485,-0.007820002989013863,-0.020841882484406105,-0.009360991086503012,-0.012587272936187555,-0.011954571791600421,-0.008920533308349299,-0.008110756210329528,-0.017292444643539073,-0.003734041708206459,-0.010386216636001588,-0.008317188590322488,-0.014642424262469422,-0.013990089227824298,-0.015256664307285117,0.0004551316162888508
2017-02-24,-0.007608148934305614,-0.005312135869874335,-0.004365676783533501,-0.006974357909649398,-0.004797981386546413,-0.0067426701484814,-0.008078481083989453,0.008044431095020066,-0.009382156184345014,-0.00874822188525548,-0.015440774918668576,-0.01559323189791706,-0.005761175617582048,-0.008798260362936405,-0.00821568220692237,-0.011392457484447727,0.0004551316162888508
2017-03-01,0.0055308150859740834,0.007617512854352304,-0.004452248493931665,0.01070903755528363,0.0004699271587553788,0.005828640018648912,0.007189377382851303,0.019201314213705745,-0.004233497703015843,0.010671444848887157,0.006841815522271588,0.00504214940271952,0.008417707124841689,0.011963249669410647,0.0054225140890649115,0.004993645477762154,0.0004551316162888508
2017-03-02,-0.014572538625089226,-0.01261252097353427,-0.011689772969061596,-0.01279250121280473,-0.012714840843073949,-0.012541487531516848,-0.010771548456484759,-0.024254451305599667,-0.005011266213012511,-0.003438909012002278,-0.0060360056942732054,-0.004627803020059051,-0.009553589931162065,-0.010056636295937671,-0.011528406905268351,-0.016191022972832814,0.0004551316162888508
2017-03-03,0.014755261420738686,0.00629235392745775,0.025737286257718983,0.01367302990753494,0.015181930033063562,0.016785052435947856,0.01496183698976461,0.004821523913454806,0.0049463807306526775,0.024087576282507017,0.01664818715480143,0.013115935870614548,0.01193873230759146,0.011393624401797808,0.016487640226347633,0.01338600691810532,0.0004551316162888508
2017-03-06,0.002643802684680674,0.005638508821523391,0.011169377740716468,-0.0004520046092089114,0.003706895447914027,0.003533522548717638,0.0033023379560286337,-0.00423532779064606,0.010588604308876093,0.02722502784336789,0.0024236926102909617,0.006092282299681395,0.009512449777944632,0.007776461878815644,-0.0005234845318135006,-0.005370345527856757,0.0004551316162888508
2017-03-07,-0.006897510452447575,-0.0060754656775218185,0.0055716283549354095,-0.009749963493011715,-0.0071720725931333495,-0.003704123800304604,-0.0035153052498023696,-0.006690221925792383,-0.002947651839519616,-0.0037375160071406732,-0.00859017136218787,-0.005060240344983868,-0.005901867450703202,-0.006476452510670971,-0.009329940627650468,-0.008611825991478472,0.0004551316162888508
2017-03-08,-0.017384231836526487,-0.009226764761538275,-0.014782415351274891,-0.01701301693456525,-0.016678134698557057,-0.014081179337441019,-0.014105244177177734,-0.045968219237728314,-0.004904514108601821,-0.02778759919980167,-0.012059719767235189,-0.017505276596408437,-0.023198615545113155,-0.02033040580798906,-0.008983807840414082,-0.015626428662020242,0.0004551316162888508
2017-03-09,-0.009973360993673297,0.002925704340990265,-0.005568471308074807,-0.008905139923735095,-0.003932737093133465,-0.005815077706450844,-0.006990573024634905,-0.026211147069402974,-0.006958284848005092,0.011018652002077856,-0.00744591726552124,-0.01215685944410938,-0.008151706471111297,-0.0077173254156922555,0.0006608832744774418,-0.0025775821515358066,0.0004551316162888508
2017-03-10,0.0021867575166711894,-0.004642800741650799,-0.00344884011468527,0.006354693747234963,-0.004805042009635163,0.001943166236510141,-0.001016788746095676,-0.015750635296100546,0.008403936300660941,-0.00039401909690361947,0.006956149115210364,0.001203709597457081,0.0010035276226298961,0.004095551727731017,-0.001949511627444167,0.0016770169076048003,0.0004551316162888508
2017-03-13,0.006580573290874359,0.010044500595477457,0.014454906430010128,0.016142194666427967,0.013495374155452655,0.011019369006781243,0.013972271900428712,0.0263638052340478,0.008228642935816488,0.005597775746631228,0.007947481182455363,0.011464393194390299,0.011685178075442115,0.011098531880747942,0.009296206972155163,0.013296955083508033,0.0004551316162888508
2017-03-14,-0.011276285118051677,-0.007268506045064904,-0.010195205433215948,-0.010021362717962168,-0.009776392137456846,-0.010544128849779177,-0.009168451079151319,-0.002405383829326757,-0.01182487470474769,-0.0030144848378378386,-0.006956734674643639,-0.014872661890993233,-0.00529061676222331,-0.008438844753819175,-0.014432020601373718,-0.012160201376397617,0.0004551316162888508
2017-03-15,0.012608276036651489,0.01575602174467794,0.0093273252543844,0.013932724074904979,0.011997892236373708,0.01229720186551475,0.010740227167733485,0.03276120873865951,0.01124855562929783,0.01678137137570368,0.010425813014604657,0.0049973054109242465,0.017591603393795285,0.015195046424763214,0.013641482288915707,0.02235584872491181,0.0004551316162888508
2017-03-16,-0.010197962394775661,-3.3996277481018744e-05,-0.0008796669690527281,-0.003481670267378556,-0.00889196150685978,-0.00037806152420905015,0.0010554589926397018,0.0014328916432133632,-0.0017351908445119024,-0.006241669720131182,-0.0032385127120379,-0.009301762743795239,-0.0010377345200046628,-0.0003292943232063861,0.006369174932888466,-0.006105159970137275,0.0004551316162888508
2017-03-17,-0.018263867495478814,-0.01076622401501448,-0.011459656766234505,-0.01743777679970593,-0.018230953709339026,-0.013996778076395544,-0.016047444564518787,-0.042389078900242794,-0.00202427402148031,-0.030760750338492793,-0.01801452523138347,-0.013762543285297135,-0.02462254906460326,-0.018253357877467513,-0.020106227509153363,-0.02309008402023327,0.0004551316162888508
2017-03-20,0.0006204719104492273,-0.0005594092628014025,-0.004465783634967746,0.006887197663341116,0.00176860144580826,-0.00013607257996339772,0.0016911224856333007,0.004404545757013434,0.001146808989088699,-0.015038013561546437,0.0015882106483517955,-0.0023213199017171338,-0.003159169552186869,-0.0011547603805773798,0.003900894038407543,0.009172200509411699,0.0004551316162888508
2017-03-21,-0.01483122523296021,-0.017234743101385064,-0.02416265627674008,-0.022133482773580737,-0.01981204484937449,-0.020876673813045588,-0.020533918452409705,-0.050520009776601316,-0.006873547992792384,-0.04131223484659163,-0.020144112290577887,-0.018646730224157082,-0.028885914017265812,-0.02407309491268661,-0.02131763597081504,-0.027826545337630293,0.0004551316162888508
2017-03-22,0.0026926365728294765,-0.0043865309165893596,-0.006377020651013532,-0.0013231745300635867,0.00704572466651987,-0.00382820386642313,-0.002726889632495455,0.013403630453997062,-0.000117944455898078,-0.00509655094694772,0.01217266292678687,0.012529425669799643,0.004349152946824031,0.003361781735564895,-0.0019545834778528226,0.007912662297833162,0.0004551316162888508
2017-03-23,-0.005870426583699961,0.00447021364621758,0.0033832496944681267,0.004477386476374745,-0.0035645699536461795,0.003706376303554082,0.004798638695262758,0.0031691080928308857,-0.00043199637849999917,0.02913007099779885,0.010750342407373603,0.005184189035396525,0.013166030835570774,0.006543368357648127,0.006132812180582592,0.0008069546903524127,0.0004551316162888508
2017-03-24,0.018193646570305866,0.00580909530487328,0.017121624187588003,0.010554639654694942,0.014322545655710117,0.011914186184099451,0.010361138313064622,-0.016309636501497304,0.010120048981386631,-0.03531584126953091,-0.0005376123581867231,0.004270234401582362,-0.011478233433491858,-0.0029741697928702404,0.009736433604512262,0.004659789255379243,0.0004551316162888508
2017-03-27,-0.0007265966607153951,0.004020127524195116,-0.0033486947860631444,0.0021890046767374383,0.002273612497691646,0.002496364024964226,0.000790522962978546,0.011749222039410201,0.0014410476104707026,0.015008407175249205,-0.0030574319781943027,-0.004384777352554936,0.0048846600245087135,0.002790476895734084,0.0033966243027663268,0.006417478369660001,0.0004551316162888508
2017-03-28,-0.012097916481973447,0.005539044574562668,-0.004455339318617857,-0.008284230266892068,-0.009852388130447198,-0.0026739916429217025,-0.001719304193371629,-0.009551634898947614,0.006501509704704533,0.014218383851256622,-0.0005154099210128438,0.001569666108921064,0.0035008354254495444,0.0038458670321621646,0.004800943343253428,0.005114592896880543,0.0004551316162888508
2017-03-29,-0.005183501304928173,0.010290927877728784,-0.0006792402153513732,0.01256618758563377,-3.7777768457591954e-05,0.0052247944098879895,0.006005159680337435,0.011055529912272766,0.007897282970247055,0.02119216328334672,0.011926227022913016,0.003438074926806811,0.0130892505757918,0.009697024900257478,0.007891491000826312,0.013384075205005619,0.0004551316162888508
2017-03-30,0.0004295849451037004,-0.004012210172374742,-0.0029040499477895887,-0.004592489412010514,-0.0029723191672423876,-0.002977687944867413,-0.002849979666165514,-0.012582556928759536,0.0030160364242175497,-0.008392714448854033,-0.00034148133908240563,0.004478908608611443,-0.004422175599632094,-0.0011941137669205792,-0.003089108910891203,-0.004068912391415269,0.0004551316162888508
2017-03-31,-0.0035873560353636424,-0.00302883788111874,-0.008858860118115763,-0.005470423876574482,-0.00881539449672275,-0.0036390328951427797,-0.0019990152058688704,0.007390201750498981,-0.00018530848746523,0.0004328699251319179,-0.0034563012772129698,2.015478701000717e-05,0.0013023300084855638,0.002663481569062709,0.00014698871762286458,-0.003651782385734492,0.0004551316162888508
2017-04-03,-0.0019267050928519769,0.005716662849626353,-0.0011667738615369627,0.0034266295304949956,0.0037486955848486936,0.0014407943539136436,0.002243928273027329,-0.002470121152611693,0.0006106503676797104,-0.005447044781040522,-0.0001559555873396068,0.008564267072384446,-0.000871579742999673,0.0017705366799145583,0.004464622632141202,0.0036976216891326796,0.0004551316162888508
2017-04-04,-0.0017050569259915438,0.007117698814217421,-0.008074023847427725,0.002176861190942958,0.0037122197020682535,-0.0005983047539179775,0.0014555546209022996,0.013673809196405484,0.0036213011898875713,-0.0001518809444917002,0.007714874950507156,-0.00017628724722607014,0.006404491223372943,0.004189469744439345,0.0037369355546681415,0.007990919342261815,0.0004551316162888508
2017-04-05,-0.007951770857984597,-0.005051370720665527,-0.00911306989214522,-0.009455429753583044,-0.014243792207960237,-0.007246815181656818,-0.008023060203842358,-0.012545586241914597,0.0001122662736661173,-0.027843169591573624,-0.0121050670423003,-0.017379815670808485,-0.012229086747936768,-0.009790171586912866,-0.00939226084010314,-0.014079365676347155,0.0004551316162888508
2017-04-06,-0.014699452360148246,-0.00659150203594161,-0.004489139653466756,-0.00804486711530017,-0.016886287990294457,-0.007150844627227926,-0.007265025620087351,-0.013360729583665965,-0.006585151933881428,-0.01642083036437003,-0.005827009206439415,-0.014859492342872982,-0.009750945109873066,-0.009253694571813575,-0.008769417996993378,-0.008591292770403935,0.0004551316162888508
2017-04-07,0.007196635585419386,0.0060957580354947805,0.008104205351504579,0.005499989754365053,0.005918309050787274,0.006711612315865256,0.00489545487934917,0.009422499835461284,0.005565719118110435,4.165955035828617e-05,0.005104777013931638,0.012810874289798102,0.004894341023398363,0.005714130410114704,0.004092490280335648,0.005677321420892056,0.0004551316162888508
2017-04-10,-3.507444485983946e-05,0.0016560013532525009,-0.008301201364372512,0.003024307832914852,-0.0002824843419010348,-0.0026988142815634886,-0.0022369312976919797,-0.00166546156822589,0.0005343773503847515,-0.006133392062449561,-0.004081609238677397,-0.005341351871068989,-0.0031062754336914633,-0.0015555443427602844,-0.0014864719068797827,0.0005037607635258734,0.0004551316162888508
2017-04-11,0.008207749326792468,-0.002530146099939623,0.007922246166494284,-0.0004299812537840175,0.0008396297037083222,0.003779363807603575,0.0022939241383221898,-0.0020105338361479097,-0.002690668811390795,0.003205513891909595,-0.0017182414858996076,-0.002454454597623834,0.0010248465467832535,0.0005729031196537449,0.0016967805190388763,-0.003938452909712509,0.0004551316162888508
2017-04-12,-0.0025294220007858748,-0.0005014030215649834,-0.006993684338617245,-0.005735149255204353,-0.007133888268676114,-0.004295364427958304,-0.003559230729190399,-0.036961695261684246,-0.0018544497621190148,-0.013198313474223622,-0.010411699744674374,-0.013134462816758341,-0.015374402059950998,-0.007864861637149279,0.0016219952139155946,-0.006965559137996125,0.0004551316162888508
2017-04-13,-0.025075388902019102,-0.004918636640567353,-0.0212202640324064,-0.02001973984346317,-0.023659570136722485,-0.01700934924581954,-0.014998334397218649,-0.010546185416876575,-0.004395453953790485,0.005793575284957386,-0.013262392434496117,-0.013299918409986566,-0.005089144059297057,-0.006161116763602648,-0.01458628322996236,-0.015460072471458752,0.0004195739267733867
2017-04-17,0.03586788719679013,0.021987290720005603,0.028167443320793017,0.023532549383483703,0.03453138348406681,0.0241276181526886,0.023152616114624047,0.03518466895874117,0.009460398542873616,0.022969057637871604,0.0271579486691218,0.022424478156766625,0.022579338097942214,0.019267962466805955,0.018347918302584754,0.0234291385690506,0.0004195739267733867
2017-04-18,0.0042280797032203665,-0.0007000348130661305,-0.0038763626905068405,0.0017218775279574938,0.0004784689782419971,-8.749981127642581e-05,0.00219107497492832,-0.004562281219517295,0.0003264264991307275,-0.00749319323378006,0.0032213433584908913,0.0029308500926910064,-0.0015196650297005787,-0.0018372549959331241,0.0036090321195909603,-0.002534279735279421,0.0004195739267733867
2017-04-19,-0.012555444900016144,-0.011866605731535307,-0.010175666947528028,-0.015006133344291905,-0.012704710771211825,-0.010877790080632832,-0.008513763352576142,0.0043400661510444305,-0.010356949358634404,-0.003240213792413682,-0.012128245318748232,-0.009278584893370856,-0.005336677125819755,-0.0043701070428857625,-0.008978253379221202,-0.010945040224587865,0.0004195739267733867
2017-04-20,0.0031025194051341742,0.012320488804359764,0.008267088513479237,0.005764494070711557,0.001502660110860754,0.0068034546523827455,0.006968030150044102,-0.0016969038794694136,0.0016642875646097899,-0.002204643301991105,-0.0004594011835159506,-0.006084751920922282,-0.0018509986495788278,0.0014962977459864746,0.00679769174206335,0.0047666619639363805,0.0004195739267733867
2017-04-24,0.008700998096027313,0.0005979222789616045,-0.001702276108644707,0.016927141367158338,0.007884576170828383,0.006062036541268689,0.007531055337661741,-0.0004315165581840752,0.0029983856831172773,0.011503263676390763,0.006554810987340787,0.0018885698568578135,0.005281632953838766,0.004724807832990008,0.007263836019894221,0.009040295003094778,0.0004195739267733867
2017-04-25,0.01443465304713576,0.010804295600397529,0.01233995400006016,0.0061558616024353086,0.01720961494196782,0.009065087940487215,0.008968957181022308,0.011445170037810204,0.013263366066129212,0.01255728690885105,0.009753535503219668,0.01542432171301611,0.011695056406067827,0.010064649723453778,0.00589526447906108,0.011823252584796773,0.0004195739267733867
2017-04-26,-0.0019279169824172326,-0.005836440507887342,-0.009010257610645556,-0.001888443949208951,-0.0017878742540180514,-0.005249996108034005,-0.004435272804704904,0.0020897184501789123,-0.003899855852206313,0.005601566517368317,0.0031426029806591593,-0.0028340877475070414,0.0008411085634350002,-0.0024644061745446866,-0.004195738446048924,-0.004272678276060815,0.0004195739267733867
2017-04-27,0.0061869310313011905,-0.0006398739814518217,-0.011523825445482916,-5.234628562433841e-05,0.01121689557420047,-0.004375168638805049,-0.005626623102354067,-0.0008772959108679368,-0.0015813141916459772,-0.0164360695562219,0.0016041057393898495,-0.0006739748358920439,-0.0038248527773159235,-0.004903331878810979,-0.001864761515099178,-0.002455900002053202,0.0004195739267733867
2017-04-28,0.029676621144014037,0.019542118568090627,0.01840658472029566,0.01014953913682537,0.02484253763825861,0.01795130390526789,0.01529785455975552,0.03278762297337989,0.010721218052892612,0.01405247021074918,0.010237639723880143,0.011201021636045194,0.0171797629511814,0.017222362905550126,0.013168370685102238,0.011938512339294327,0.0004195739267733867
2017-05-02,0.015166577279451587,0.017361110127250168,0.013958723560271169,0.022493604108603238,0.017978351077214905,0.01803266173509277,0.021409865191996502,0.025315178915989334,0.018347089495453384,0.012229511710041052,0.020390308354391706,0.028389716153084166,0.01862735971568852,0.02041326491521578,0.02127171227947322,0.020115162494790395,0.0004195739267733867
2017-05-03,-0.004020896068939295,-0.0012187750506637007,0.005929911954807077,-0.00439344291952537,-0.01075582238373829,0.0001974983946608777,-0.0006873188386005147,-0.01729934195054017,-0.0005728434913272462,-0.006976335923102539,-0.0002555286090983877,-0.006722446453683362,-0.0053029597008291685,0.001292992525506964,-0.005915672150630713,-0.00793199674904499,0.0004195739267733867
2017-05-04,-0.017772774351299425,-0.012375164105655867,-0.032705662331729,-0.02001319521436684,-0.020028646978312636,-0.020818326255962916,-0.020193990396017436,-0.02897925138834767,-0.004510128506096445,-0.02947278138206999,-0.017760564445367888,-0.024605590629567464,-0.020313918039904677,-0.016723380829921752,-0.015794918956201776,-0.01748789506166748,0.0004195739267733867
2017-05-05,0.015123253539493398,0.009722192081022873,0.002442044943887778,0.009823664413469713,0.01990866084092935,0.008460799194167201,0.010201236511007128,0.04500996102968147,0.0029212581380364533,0.0014725802409891742,0.002320743824403948,0.011306770210559813,0.013540429755841688,0.010974282702282068,0.007704946115990818,0.013068861818914979,0.0004195739267733867
2017-05-08,-0.009443888404457979,0.0008414127787597092,-0.01421508880368505,0.0030835107372870763,-0.010522564198719775,-0.004802018532308994,-0.004725536610977743,0.0002613469430354787,-0.003150559327212088,-0.01861257081560952,0.0036297661570841022,0.0009834159243544693,-0.0041315461927865504,-0.0008622210048561119,-0.00025886016528420264,-0.0021255709489150787,0.0004195739267733867
2017-05-09,0.013241696912749346,0.014033447262643328,0.011723645546577899,0.01458537648705871,0.009099156021987076,0.01575596127584289,0.0142341095241032,0.025196751405814455,0.004894813523175889,0.016661152829701376,0.009668976796920692,0.014279055889050651,0.014466213837368569,0.0141989053665168,0.015075745864894241,0.011226980954931687,0.0004195739267733867
2017-05-10,0.004930100399448634,0.017611229635419834,0.003388623438800531,0.020753812786616033,0.00523686245128796,0.013318592592007183,0.013640536370674194,0.014508450023761554,0.011168196707209477,0.005721670778560561,0.01110422837214653,0.012625657141064117,0.009707420997327354,0.01377152030569695,0.01675543761730891,0.015897691309458617,0.0004195739267733867
2017-05-11,0.01169383030439164,-0.005421736398478427,0.0034292906919426436,-0.0018115554423479008,0.01189385585745284,0.0008710040237265293,1.9022828495973698e-05,-0.007121529388151804,0.005368102827779886,0.006574283698778327,0.0035774351510393654,0.006032823110738272,0.0013278093451598583,0.002271628387034763,-0.001561435172356962,0.0031489052961268804,0.0004195739267733867
2017-05-12,0.016134364408486812,0.005452152900710994,0.01625550004031795,0.013103615276334413,0.010932914318462883,0.013693653817107299,0.007100753493271661,-0.013955145759341092,0.004081590318277151,0.009480877563310397,0.010518881586596862,0.010223502776913529,0.003803432632486059,0.004491232171182968,0.0087832136361079,0.009148248317145002,0.0004195739267733867
2017-05-15,9.219315029174169e-05,-0.0003822203513343947,0.0033882248681709193,-0.001495434671794471,-0.0018282068881826374,0.001095376048928065,5.5821604915351486e-05,0.01649655608505718,0.0029874014671389393,0.01692561221475186,-0.005590705455086886,-0.005229094048013194,0.006102476356041553,0.0022523643938339166,-0.002836568309992682,0.003195465714453505,0.0004195739267733867
2017-05-16,0.00602301467813815,-0.011912163182868474,0.01067955533304965,-0.003695472196894367,0.0031282749779715235,0.0007030217448962262,0.0008265866171703884,0.023591711135285687,0.00771363705100514,0.014309137815500028,0.009024912318336353,0.0051615665138453615,0.013301326389963952,0.01081360235327855,-0.006800286327845351,0.0035897513656395486,0.0004195739267733867
2017-05-17,-0.012692364599110828,-0.010797995234348545,-0.012887472101536512,-0.019916433327329952,-0.01393183695745126,-0.015591715341425783,-0.014770160198037785,-0.011730480201985416,-0.012283934502743232,-0.012842240746988698,-0.014413322320434463,-0.012820320624762127,-0.012502206211108757,-0.013145506564940845,-0.018475975975975945,-0.016143885994214457,0.0004195739267733867
2017-05-18,-0.11561792328894283,-0.04761838270064089,-0.10714986742783583,-0.10187138827530073,-0.09726572377336484,-0.0913005192343127,-0.08701904208441791,-0.11553638839854741,-0.05083955626718073,-0.1374172681383049,-0.09519718304108993,-0.11464859562681451,-0.10068734456480888,-0.09851590277741284,-0.0703347891600824,-0.08798447189996017,0.0004195739267733867
2017-05-19,0.030366463481564354,0.017396435023725232,0.034289067032586606,0.02330864314308556,0.01775156617400242,0.02745067543787627,0.02215772392154225,0.051587755257525014,0.009961450128092908,0.06264537046381169,0.01462658385515514,0.025645678195769683,0.0341736895346485,0.029075363674678778,0.014599711214503541,0.01724424868652452,0.0004195739267733867
2017-05-22,-0.03404582417369839,-0.01610758689633185,-0.029304779504091827,-0.026212254406385527,-0.02754321064311993,-0.024943379700082424,-0.018215444624397836,-0.04247064879311202,-0.01799919402220429,-0.04075586504609241,-0.025557128148969488,-0.03160703126865205,-0.03404549117100808,-0.027666377455287883,-0.005570962876465857,-0.015886776212410858,0.0004195739267733867
2017-05-23,0.02595599717143826,0.021951772382065915,0.01840337039957296,0.02234601389058266,0.02560264431279058,0.02102078010181674,0.021693961537167405,0.03718209930478844,0.022830503295911297,0.016489350093354727,0.017724373247492764,0.015515809199122765,0.023440188544370022,0.022167529263846575,0.0193833533119685,0.016727635725260592,0.0004195739267733867
2017-05-24,0.018402069187962722,0.00628772483464024,0.02571092575994305,0.01623715514594526,0.010666803525094082,0.017622183226603694,0.012982969628902108,0.006648738594783765,0.008268813767556615,0.020482229288245835,0.018863596041808428,0.021966947995461616,0.014697857718684704,0.015520380385876331,0.012551196723409763,0.009678553676211399,0.0004195739267733867
2017-05-25,-0.009429573621617782,0.004215809285278205,-0.0011866098804375058,-0.007416017692792876,-0.006763217400781674,-0.0030171234716276363,-0.0010866269036120535,0.0002993507717645727,0.006500134940442992,-0.004084954945770991,0.006685835331453838,0.009016697152042452,0.0024199546642094116,0.0005544943042412598,0.0046848953601366095,-0.0005410741999437585,0.0004195739267733867
2017-05-26,0.023106964723321077,0.012409224615167691,0.013283631991917844,0.023210109120175293,0.02507682883763951,0.016176364727777504,0.015803245483534623,0.01399141402245685,0.009695370772936585,0.0052510157123693,0.01548787870018331,0.02191174164552767,0.011964741561250714,0.01440256532247397,0.014079578516945856,0.013907797554621792,0.0004195739267733867
2017-05-29,0.0,-0.0028194275532161805,-0.002949809131087555,-0.0014627743685518002,-0.001514325655160853,-0.002922366468149251,-0.002364492613124103,0.004544968084923662,-0.0012868194241186792,-0.004688897587894925,-0.002341243706051044,-0.0009974629372837551,-0.0009187504202911034,-0.0013042864683259214,-0.008320377169753534,-0.004822015221835563,0.0004195739267733867
2017-05-30,-0.0009918489926605822,0.0008158016521677691,0.002375490242585876,0.005337370365799288,-0.0008647484171291353,0.002832990278444303,0.000491744508303471,0.014362063918059054,-0.00222847090119771,-0.004334601217722445,-0.004202705077437252,0.001574963010666286,0.0009421191992653455,-0.0015150639343407546,0.004527416674811713,0.0030011580699338403,0.0004195739267733867
2017-05-31,-0.010219859648349816,-0.01699066642352587,-0.00924738518240309,-0.016339061546995826,-0.009397066017378664,-0.015056603648363698,-0.01504254586069198,-0.01969918347502786,-0.006291772218269265,-0.018503041567703438,-0.015952305597814687,-0.01355587622789256,-0.015527015765973373,-0.015597196695519622,-0.019678281886717497,-0.018570490034611864,0.0004195739267733867
2017-06-01,-0.011330810605368002,0.001699753008492344,-0.012360845539596932,-0.003427573244170201,-0.011605844605224291,-0.005512540200569571,-0.0056631987600632705,-0.015070353362472533,-0.0019934398885294025,-0.004258132581412499,-0.00216917926006277,-0.00997549538283804,-0.005478045107127016,-0.006952432350045279,-0.00528432528575451,-0.006595424465059674,0.00038369616104083626
2017-06-02,0.00034344580253420354,0.007429411436381095,0.0020291553857973987,0.004692894046002483,0.007014014335254837,0.004408950771289888,0.0038719495679968574,-0.0037739507883480794,0.0063366417277646025,0.011095959880826234,0.010775991257498285,0.007513894427927825,0.005859826694263326,0.0038262435995217725,0.005607752668172816,0.0034094404097508857,0.00038369616104083626
2017-06-05,-0.003363710702724898,-0.00647823177589868,-0.004442544719397756,-0.00044755700711818225,-0.003806567187180865,-0.0034479040470455358,-0.0016751074119152332,-0.010574644957737078,0.0017951096103394626,0.0036857728752304197,0.0016727431221550404,-0.008873225807672691,-0.0009817299329573093,-0.002802176296150982,-0.0008731856591163156,-0.0011698419519649006,0.00038369616104083626
2017-06-06,0.011590191120370408,0.003115913755307842,0.005360439844339648,0.0042016310992532,0.014074875899557915,0.004582104369531326,0.0036967744653786383,0.014365256170248974,0.006887839014449337,0.002206737320209484,0.00644512981118428,0.013265024067960374,0.007269717205013793,0.008126724794512263,0.0023000742856462697,0.008094008467578018,0.00038369616104083626
2017-06-07,0.011027231661351333,0.004387701929988275,0.008710394759509965,0.010265200803977859,0.012032193518695111,0.007876128655062375,0.00821031557459917,0.006998251704133374,0.0024166230574402814,-0.007717665397254714,0.007507412091314558,0.005436731900544833,0.0031681719265062025,0.005680110126331295,0.005350560818041306,0.004004376476401061,0.00038369616104083626
2017-06-08,-0.006675703323591575,-0.0033309815129323184,-0.015851350052734636,-0.009123469077925828,-0.011628387641150706,-0.009999854179203571,-0.010868077271092957,0.010884244855231318,-0.008224324509367387,-0.008334607487969659,-0.0045831751193934345,-0.01690222182217116,-0.0028326718549984697,-0.005864701468283329,-0.007679571079397651,-0.0066901301154889126,0.00038369616104083626
2017-06-09,-0.007741880215896835,-0.006586212166925898,-0.013746151964178277,-0.017326604635150233,-0.01404501436547545,-0.01197721551364661,-0.012586504295757028,0.00029125867989132637,-0.012859850520432592,-0.008238475865270378,-0.010927557472354077,-0.015755920816938995,-0.007645937794290569,-0.007360485031398856,-0.010512013729977121,-0.008242209129855183,0.00038369616104083626
2017-06-12,-0.012393264288702466,-0.005478029294197606,-0.005116239120899646,-0.01323378885112847,-0.00786952956416287,-0.009485491987172634,-0.006008444592281781,-0.010614893834782091,-0.003019815329486253,-0.005109206067619776,-0.014274451212202055,-0.010139209323098863,-0.008569987873991991,-0.006387988000416067,-0.006022500060224978,-0.007953827511249623,0.00038369616104083626
2017-06-13,-0.0036291665067073042,0.0007802785037891447,0.00382073375909453,0.00045616846191842697,0.000880363204997181,0.0006256649711742224,0.0019393273524026533,0.0016340507068910437,0.008657283843276131,0.008791656993171859,0.006710884048709342,0.00470259145758023,0.006339574887277211,0.004496315614437529,0.0029527479540809587,0.0023205862188981907,0.00038369616104083626
2017-06-14,0.0068221307293341305,0.003516718638325589,0.003864830922516882,0.005684992736042949,0.005652398487298482,0.00420071807543998,0.0017602138792427446,0.006935478194914246,-0.003506170265456965,0.012594893099457272,0.0053432916889404325,0.002588489230281432,0.006458540636483212,0.0037712198824260135,0.002823231855399122,0.001468298022502923,0.00038369616104083626
2017-06-16,0.0014739738503939392,0.009578063749270616,-0.005932486918495683,0.003805541035026616,0.003912014163063526,0.001192905343285977,0.0015167269889579948,0.0042694905184945675,0.0025294944740257286,0.008442642767780617,0.002308441523031446,-0.0007011092803045349,0.003858412290017821,0.002287330909766183,-0.00037751307239419774,-0.0037239934908740446,0.00038369616104083626
2017-06-19,-0.0024781233389304935,0.005624158977735716,-0.006243615782609346,0.009415172038479414,-0.0017949530111491807,0.002912510543750857,0.002733643303605371,0.0013773918268606966,0.0020709302394030793,-0.005036396117894526,0.0043054281129784044,-0.00201544477733262,0.00040966610236692347,0.000642876553505145,0.007914698036190604,0.005719697412573499,0.00038369616104083626
2017-06-20,-0.015565034384945609,-0.007719204128835089,-0.018162405329172016,-0.022020689235367485,-0.016842048929077258,-0.016023048050906707,-0.016619920044456893,-0.027837671815643894,-0.011944023187142605,-0.022029204822116677,-0.020487519786300923,-0.02117516749207693,-0.021800843640791157,-0.016801187859906697,-0.015573554852236438,-0.019354043679128297,0.00038369616104083626
2017-06-21,-0.006851086156228425,-0.008994636655184629,-0.010008019964900194,-0.004194963163329901,-0.0074035629881107345,-0.006146241705284883,-0.007305600713435889,0.00155151826646871,0.0008093500469392723,0.0001931170632776258,-0.005066329166254269,0.0010086895485386105,-0.0018785030630013022,-0.006893749218201628,-0.003968141492588173,-0.001194972579647069,0.00038369616104083626
2017-06-22,0.02866946924260816,-0.004478457624316312,0.042439792778848684,0.0006980970845118506,0.002335811465466131,0.013278389669580726,0.010921419489582584,0.0023475912317272307,0.006598261424826113,0.010107832489688828,0.004755233207692333,0.006357227145728395,0.005567471875714158,0.007414231725732634,0.0032237475964178586,0.007974828076522167,0.00038369616104083626
2017-06-23,-0.005634138438502356,0.0006216489534620617,-0.0027759324136537034,-0.005744414533176201,-0.007204954192860713,-0.0023780025470007127,-0.0019023432352328618,0.01732072389550887,-0.0004691944713048901,0.017405941172289996,-0.006352684106144757,-0.002529158488813854,0.006243532364583748,0.004492658850700826,-0.002759542912715962,-0.0025567808268913694,0.00038369616104083626
2017-06-26,0.0153895972677347,0.007585031260987085,0.0056775089153533465,0.017092199219150395,0.01790780918247803,0.010614659244246427,0.012010694726147797,0.01744448562835732,0.00756068845854152,0.007611535266931924,0.019008878815616193,0.020145289689874613,0.012174866825857222,0.010872203436204098,0.01041450798255994,0.017138611714605068,0.00038369616104083626
2017-06-27,-0.010466385431564751,-0.010091780563402097,-0.008303667185523445,-0.011924810637751304,-0.011344713606587287,-0.010179049510709914,-0.011462262253463473,-0.0017895283390643169,-0.005665516672166082,-0.00666265050473791,-0.011342228058839776,-0.00865591412961153,-0.006068628591996528,-0.006743640169971088,-0.01264366891603863,-0.007942667327975439,0.00038369616104083626
2017-06-28,0.005036203234837888,-0.0002889550906978178,0.012049610909333541,0.00536396881644885,0.005116088852084477,0.005974678699473213,0.004552695162071352,0.01326561074008703,0.0023208316276999152,0.009815866281607244,0.00030838935925170397,0.0036724975045185904,0.004777385394841849,0.003413273652620452,0.003291001067131649,0.004945317216302314,0.00038369616104083626
2017-06-29,-0.0011444118334282827,-0.0013566581467105987,-0.003753506753152891,-0.003273353441682114,0.002553221318756682,-0.002380759591976922,-0.0019883629741083153,0.002557791782720864,-0.0021505915505479756,7.597969825101636e-05,0.004349270397910221,0.008133721964203255,0.0020753022714019576,0.0011522232237652918,-0.0011448243384782897,0.003036176838673965,0.00038369616104083626
2017-06-30,0.007862421145828913,0.011560206013653707,0.01160194591265995,0.011289891940960084,0.010248498680117457,0.00967893801784303,0.010166816774244802,0.020872817504123287,0.010940943604544895,0.006068222819378022,0.008609202178527564,0.010674305064912959,0.01241581324323926,0.012869999925328779,0.00929508543187385,0.010953868247941978,0.00038369616104083626
2017-07-03,0.0044054350447693125,0.0002982222351699537,0.0030086168023932824,0.005016665830404721,0.0031385890744612954,0.0022496023334239723,0.003568366993000449,0.020771385661856545,0.001862520001321144,0.012458629280944544,0.002752929393049719,0.002473831503672086,0.009327556529959313,0.005502477718312804,0.0034349316033843724,0.0057331207602422385,0.00038369616104083626
2017-07-04,0.0006644203209957844,-0.0037029500117832237,0.004364228033440387,-0.0004494056928090462,-0.003129031876731303,0.0008647851753404989,0.0008726330941599691,-0.0029740479252318153,0.0035582919648857736,-0.0020635519845483286,-0.0018627654248626335,0.0007685829279326928,-0.00044805658264979176,0.0016155975627816233,-0.0016694490818031094,-0.0005327157888969092,0.00038369616104083626
2017-07-05,0.008061305281722664,0.004621719129919599,0.012945695923733513,0.0026305340159040735,0.009532186027148004,0.0071261874349926035,0.006047963677168422,0.0035396032352732476,-0.0002182407473659831,0.0002726349622681479,-0.00039253427582874867,0.00081903292194907,0.0004702875317605937,0.000380057129094169,0.005679990995626438,-0.0008813531187908952,0.00038369616104083626
2017-07-06,0.004150381594162811,-0.007449378604672319,0.0029893530791038625,-0.007258128798080743,0.0018437067489733838,-0.0032121834677241168,-0.005519110567602237,0.005312934397360136,-0.005493648918483807,0.004206906490998863,-0.003601795938983021,-0.006251626557187362,-0.0003247709225607798,-0.005960302384692362,-0.009477138551688635,-0.009980840809532987,0.00038369616104083626
2017-07-07,0.005574669286455558,0.006938173938966008,-0.0030493705183896047,-0.003127898096645154,0.00404371307060547,-0.00037373872173351863,-0.00042427428896352204,0.017532504847639796,0.0022633020701157136,0.0051007662872855075,-0.0030730674225488697,-0.004037611995892476,0.006129462362772786,0.0019662019134174535,-0.0015172914733060372,-0.002147309512400164,0.00038369616104083626
2017-07-10,0.010763259059906272,0.00994920946749267,0.012353221043208684,0.014169220803256888,0.009724169451166498,0.013085531895562719,0.01268558486936433,0.020516824825183244,0.007554360977501062,0.00851497773194132,0.009454501598756382,0.008324925211863121,0.011745028072643438,0.009266055429819398,0.01008753849511379,0.010903911043772974,0.00038369616104083626
2017-07-11,0.015621054704113568,0.004799916952586081,0.007868608953902845,0.009977231836408196,0.015605944232108149,0.008018056497650194,0.008945420882000787,0.011017568862475402,0.0062586840727221205,0.006359806956344416,0.011569748990137185,0.010918710864842307,0.009107137921890551,0.009416392185490396,0.007009962789580992,0.011955777283870539,0.00038369616104083626
2017-07-12,0.023099870314559734,0.0162365751213307,0.01615381298564067,0.016445356768097108,0.020445651860427905,0.01726045316894198,0.015874829132044743,0.021786560251833675,0.009645588885995648,0.04200866388662572,0.014710552107212393,0.019432632212285306,0.02286057370893335,0.019819740303327782,0.013544870113873841,0.015913073084984797,0.00038369616104083626
2017-07-13,0.007253105577649022,0.011464210635424132,0.0014747273183410847,0.009309879024198331,0.007436848233550286,0.007354957681130481,0.006576445647107354,-0.013920959897497198,0.009146700545658693,-0.010479555575291677,0.011323328315439918,0.009722650849309789,-0.0016000728260704422,0.004582693010271477,0.010705983354959647,0.005802113523678765,0.00038369616104083626
2017-07-14,-0.0009983932573562893,0.0005019753610635558,0.007809738892793794,-0.00211990258882655,-0.000730784564061504,0.0017867811717224846,0.0028168870496545484,0.012858991123642083,0.0034084860186327504,0.0085919052097021,0.0029064311051534286,-0.0018352830774278628,0.008154165737536356,0.007501515577496676,0.0005662821636633897,0.0039804486796291005,0.00038369616104083626
2017-07-17,-0.0006925797087791175,0.0035584085155793144,0.005848056253364264,-0.002431075568344876,-0.003133818307813341,0.002366785785839154,0.0012595940534196881,0.01282956158372417,0.0007624927967597728,0.009418976093463316,-0.001030997330516259,0.0013979553707790249,0.006388732254141827,0.004090405478038406,-8.140544563672858e-05,-0.003046181926305791,0.00038369616104083626
2017-07-18,0.008479885809360654,-0.00020211187355223537,0.004489816475611752,0.0034506210841220852,0.008692485356512236,0.0029389416336897956,0.003191224529179637,0.005084280880061076,-0.008596214257200474,-0.0024285170962294877,0.0034231792097105807,0.0017852477198638805,0.00042724010812755786,0.0021274906453552234,0.00032952505747307903,0.0018241508279277507,0.00038369616104083626
2017-07-19,-0.005532758404510729,-0.005545219438206517,-0.008507445455871787,-0.004860693809948913,-0.00864606009139246,-0.0050441925763567985,-0.005798959808331894,0.007605390276698598,-0.002233339931794087,0.0005931369259937203,-0.002599606026166268,-0.009312668426749049,-5.9619635802810045e-05,-0.003627999132915005,-0.00630929497116639,-0.002620110155024391,0.00038369616104083626
2017-07-20,-0.004160358191751312,0.003092950485102275,-0.002086017866766654,0.002418305408765864,-0.0020140978688005795,0.000454710891100385,0.002074725302325664,-0.008765106178993287,0.0001639022843691329,-0.0026307793128155232,0.004475922299912227,0.0022904090275532862,-0.0007578492338329301,0.001312928207441777,0.0026754652813529844,-0.0028871097651460564,0.00038369616104083626
2017-07-21,0.003226527534447854,0.005628053989135351,-0.001033307508073733,-0.0001284559466647739,0.00503108913228667,-0.00010566728107641588,-0.0003033940720637007,-0.00995912781867514,0.00332914494004255,-0.006587484853656123,-0.005651016560002775,-0.001950983860184441,-0.005433476600034903,-0.001650363583957537,-0.00047843167762262606,-0.0033520838868336122,0.00038369616104083626
2017-07-24,-0.0005651831421764619,0.0017017529775498197,0.004023402487249195,-0.0032498356889725244,-0.0030478852436163217,0.0006982459531357232,0.0034752016750925208,0.007721545993656376,0.005246903690675486,0.006235479894254103,-0.0006019186061325676,-0.0015069286056031972,0.003535982816821548,0.004863850334378084,0.0032066374281520815,0.005986027528375404,0.00038369616104083626
2017-07-25,0.0005586976514828645,-0.0008696514947297285,-0.00512056603083777,0.001840510589015798,0.0028909695095411525,-0.0016651122438571253,-0.0019155999031578164,0.019336919146572207,-0.00494778902230919,0.006751952085232826,0.004368503002921242,0.0020923731848723204,0.007237150991400876,0.001463163544352497,0.001683534335954473,0.008172907650756844,0.00038369616104083626
2017-07-26,-0.01648393473895371,-0.0071471982110424825,-0.016882918906480304,-0.010160470338121952,-0.012254319493017363,-0.011301452847180649,-0.008712042909553741,-0.018364280290492974,-0.005318161635377905,-0.009255884184154461,-0.005742960356070692,-0.005597434044449123,-0.00899082856226796,-0.0066318129147294735,-0.006986155484558054,-0.009544947536467063,0.00038369616104083626
2017-07-27,-0.007447502332430744,0.0022364265991132726,0.00044409440330372973,0.0055899136390278326,-0.0009359913440200041,0.0013017770377128368,0.00258633821448373,0.0031705946321023415,0.006636881337381828,0.004683668381669115,0.0029334859045566652,0.001795333301653823,0.004336126600904988,0.004430964230121015,0.002663588395646288,0.004045633683503969,0.0003474924925166434
2017-07-28,-0.0034737297055621452,-0.0015003162366437062,-0.00024267561130952853,7.919883700635566e-06,-0.0005647390969909516,-0.0018167303323958217,-0.0012119637100053149,0.015098127602627631,-0.0040522461225136475,0.0054310788962017575,-0.0036859376213567163,-0.00776891803865587,0.0036023753538778625,0.003290859920198841,0.0005795320181716246,0.00287346695973123,0.0003474924925166434
2017-07-31,0.003863093097111747,0.0035663511451862195,0.00030191145047386847,0.0022289803595945124,0.0035422954642909676,0.0027819871225180925,0.0008135241023838891,0.00735404306945231,-0.006892911151240799,0.0005179755466249159,0.0036763454555017727,0.007968998929110738,0.0010928405249917006,0.0026724519966929705,0.0008046553392961897,0.006237003947680009,0.0003474924925166434
2017-08-01,0.006688666069849969,0.0017896273367890014,-0.0003954556451335467,0.013181012760446587,0.012521393314412821,0.004169830681766351,0.005623225448214919,-0.0014145874567075278,0.0083857282067068,-0.004277222836310823,0.007603134596774197,0.007730890590368578,0.001788938454973854,0.0016986743683848893,0.0111395945001167,0.008594585859588166,0.0003474924925166434
2017-08-02,0.013761972386173493,0.0027119432739124427,0.01202924289559526,0.014830965737303359,0.010754538989266038,0.010197075461231497,0.011560516921699904,0.009913103687727132,0.0015147408294009512,0.023096516569492298,0.014606112136261729,0.01374473351472938,0.01098266331533515,0.010939118771815748,0.0040756276697089255,0.008986458285863863,0.0003474924925166434
2017-08-03,-0.004931112964579265,-0.002769108142453458,-0.007149064406796857,0.0005290476902604091,-0.0014308968675237344,-0.004742845213590696,-0.004681020898472221,0.0029730281626301203,-0.0006352003446151722,-0.001411100807583332,-0.004004689949823281,-0.003216381664584711,-0.0004398927075478509,-0.0031138415314007073,-0.0026971295655133787,-0.004759865007518349,0.0003474924925166434
2017-08-04,0.0009388259047826697,-0.007016151524009362,0.006322157246915205,0.002664175246390288,0.002927832225080529,0.0014173604027782893,0.0006537298574729178,0.023368966609462305,-0.0024336573678235274,0.001883575074610011,0.0008669150555575822,0.0029718037384378615,0.0073079664731510174,0.0028803140534978677,-0.0014193429592918028,0.0016996181531752086,0.0003474924925166434
2017-08-07,0.010766816810162227,0.011253750264358597,0.009996900435691458,0.00803917637919449,0.011067893072723045,0.010795167979110731,0.008504408569377064,0.0255885481584448,0.007541520665099943,0.025126046728839002,0.0072509716808950575,0.010030673264114442,0.01631554476249031,0.011158442703375071,0.00950390682022495,0.014606513316973713,0.0003474924925166434
2017-08-08,-0.0019130700159122327,-0.003599422039837874,-0.006231994703060351,-0.0003399960828543991,0.000999058470517289,-0.004217778541481865,-0.005014740887046676,-0.0033273178234760614,-0.002491767538706502,0.0035012268104459565,-0.002057757853081821,0.0008270035314872359,-0.0014902818089997938,-0.0015301502763053199,-0.003337290896083478,-0.0009266973534020062,0.0003474924925166434
2017-08-09,-0.005149395321685013,-0.0016905913013114393,-0.008983930547469932,-0.0031500019576716776,-0.0075101463904024834,-0.004960148401635944,-0.004573773315682317,-0.006083876198246907,0.0012993050926835004,-0.009500815114375616,0.0030030406543590793,-0.0002490315960219647,-0.002410431066784513,-0.0022861770713806795,-0.0017945027127537205,-0.0032938025009630056,0.0003474924925166434
2017-08-10,-0.00970013539598591,-0.0074665114735448235,-0.012605963110325469,-0.010349777149293193,-0.006404298014611065,-0.010532183487062419,-0.010162277285364563,-0.007943397980116673,-0.009986872635761479,-0.008348774644065915,-0.0017107010109893572,-8.517822605214054e-05,-0.008178561499475157,-0.007913672030405605,-0.00903071821175705,-0.01013435124066353,0.0003474924925166434
2017-08-11,0.004977871204210338,0.007524207306222275,0.0028648770320791606,0.005650425202737619,0.0059401168108672575,0.006297116417272708,0.01112215334791089,0.010146406249330386,0.00369641949354782,0.0013302000897168487,0.003661657377340921,0.00453531996644041,0.005535133526210156,0.009206234264274027,0.011953836652771166,0.005741206721191938,0.0003474924925166434
2017-08-14,0.013911181686807383,0.011027961015281917,0.011477928480797761,0.017504552426850006,0.016011114668974757,0.014443845169644476,0.016225074362272718,0.021933169167715594,0.007314679052777828,0.013830172708945154,0.011904637957310671,0.01423098312262372,0.015741389644791326,0.012067144348467673,0.016225679598134146,0.01333111702127665,0.0003474924925166434
2017-08-15,-0.004570128235996118,-0.003384863028363827,-0.004329312122977158,0.0011863356885308818,-0.00461827912300683,-0.0018620981014098037,9.307253383505909e-05,-0.004986486601686657,0.0044022850537139835,0.004974274557433045,0.00021918425887879067,0.002353374635647665,0.0017895506416469864,0.00219046241041565,-0.0003603184314138197,0.000953881723604999,0.0003474924925166434
2017-08-16,0.0022254869034599167,0.0004958104159193955,0.002108130378569495,3.211523751511791e-05,0.004717849600690993,0.0025872098131429766,0.0030691165223146744,0.03377876413412606,0.0005743851961659274,0.0021585996989534895,-0.002871006071133997,-0.0025006030822103398,0.009722761343594843,0.005442872290043699,0.0018998629545496915,0.0034097673358033376,0.0003474924925166434
2017-08-17,-0.01401245710273713,-0.01071620667018125,-0.009089640139043897,-0.010723622400646504,-0.011570542418758989,-0.01148309221314292,-0.005832699543005693,-0.02956943622163022,-0.004455540968161142,-0.005831237482063045,-0.0030520049057973786,-0.008041401179677776,-0.013592049269086082,-0.007370886935445853,-0.009129031895398265,-0.008724630432522473,0.0003474924925166434
2017-08-18,0.006442836444857214,0.006954709642571277,0.003781163961505296,0.012079851122629215,0.0066592339604678585,0.0070060204673290105,0.0109395293696537,0.008646159777965678,0.002672930559805886,0.007654975189175017,0.01486261986477877,0.014581282687868624,0.008784504897245693,0.009422410327056374,0.005381895198653508,0.010306235543562137,0.0003474924925166434
2017-08-21,-0.006745504784487655,-0.00809541558067084,0.00021893821803864455,-0.0038022643816129076,-0.003721533829270096,-0.004286233910748449,-0.003055707387177531,0.0037298363343707397,0.0018417806922872426,-0.0007114513610043671,0.003287181787957616,-0.004231359997010964,0.0033926008335747326,0.0020361578557841487,-0.00015799690025131152,-0.0007869931495823046,0.0003474924925166434
2017-08-22,0.04453230960861654,0.006811779269484175,0.0541835164702924,0.01643707942320738,0.045032608001743135,0.027524431121390913,0.02446017937634637,0.011015025639943277,0.010652842930490847,0.0149398005624517,0.013310895159995395,0.02900186266605509,0.011561400715639047,0.014956252715516039,0.022006426222600073,0.019230883976252278,0.0003474924925166434
2017-08-23,-0.0002636146311951748,0.005309900960642988,-0.009743637216761303,0.010442388086659093,-0.00040142726994207845,0.0018039523483628361,0.0036992588232005463,0.01471831798102663,-0.0035840870015130255,0.010745415054402851,0.007233749400507472,0.0012816409690035169,0.005751012712461145,0.004256614192255759,0.0024150054300808854,0.006471972577624774,0.0003474924925166434
2017-08-24,0.009779211661735676,0.004720043340178837,0.01720062614405271,0.008721457151077194,0.012259033697880062,0.011054162824159386,0.011278328862438292,0.0230511702969991,0.001117542951415862,0.004355230219912132,0.00507003110694515,0.0055609191525543,0.009721718285663705,0.010498550188463796,0.009445776760891977,0.009544599171998458,0.0003474924925166434
2017-08-25,-0.0010807502405508762,-0.002639727454170848,-0.0025864282414319595,-0.004770294105375217,0.0012019822129918367,-0.003945306326216036,-0.0050862063077095065,-0.0025984138280826796,0.006389491702834649,-0.0009235011184260955,-0.005076195895347024,-0.0020885735288715956,-0.0002774314160913782,-0.0008502385999045181,-0.0029360081204091726,-0.0007191767358186718,0.0003474924925166434
2017-08-28,-0.005176633454661128,0.0006954249047310679,-0.006858516539746562,4.6277424786911325e-05,-0.006017979982325339,-0.00111581858698373,-0.0010452078562622757,0.008275861470276036,-0.0004970484611831472,0.0032232308438866486,-0.00048131792785233163,0.002331026531116054,0.004031679354428164,0.006780233282408732,-0.0001569022389583674,-0.00032152225184967076,0.0003474924925166434
2017-08-29,0.006534531318561854,0.005375174864441279,0.006946785184766657,0.006959148873286081,0.005490157688903041,0.006477148297395985,0.005365952997080203,0.0031573393604034106,0.0014649677832128116,0.0018469611531775065,0.00411573845545421,-0.0009666285343324921,0.0023840778706523125,-0.0004113900982779528,0.005879283099706756,0.003804207325058373,0.0003474924925166434
2017-08-30,-0.0015098740814227796,0.0011541461632078587,0.0026821469763531613,-0.006442664970244705,-0.0008350825908605142,-0.0009911819340092665,-0.0011738886372181234,0.018138287885446802,-0.007059437352230469,0.009731144559467664,-0.004242048337403159,-0.007551452397272174,0.0056034548656458405,0.002218167776293356,-0.004451716831625707,-0.005399597598841899,0.0003474924925166434
2017-08-31,-0.0002412899388309908,0.00874945537709948,-0.005934335370529564,-0.005757756113980883,-0.0004902511517823616,-0.0015209570638690106,-0.0028564175943064374,0.04285515078179758,0.004023862205206896,-0.0050359744962992226,-0.004575319215296192,-0.002717949924527119,0.011579607024843508,0.004360654146985832,-0.002157457989700906,9.175050794008044e-06,0.0003474924925166434
2017-09-01,0.0068436119040447,0.0015748099206132071,0.00442146332308524,0.013196635075635621,0.008384293634140505,0.00629165440851609,0.007220153150670594,0.0181349773871764,0.002607810849260872,0.017675419733680142,0.014495193799985095,0.017454219564648765,0.010703885866862661,0.008385459314379506,0.009689377476671313,0.014223237132109157,0.0003474924925166434
2017-09-04,-0.0026334912195585813,0.003749199110713697,-0.0012838211189293292,0.000766900066571985,-0.003738069187702031,0.0006122846064151588,0.0027519188229729874,0.045922056282008406,0.0034973979542869404,0.01990493238139246,-0.0012712140626102153,0.0015874375556150788,0.01843152532771586,0.011962133209769243,0.004358709098669644,0.0033937023017134305,0.0003474924925166434
2017-09-05,0.0068412956830301574,0.009100458876978523,0.00803955106551224,0.0035313558453036187,0.0028025745614275177,0.006725522031053144,0.006685310907093234,0.016510802437028627,0.0029985242405841106,0.005514697891451981,-0.0005112768291781755,-0.00019267866581462734,0.008927390629430487,0.007322180368940279,0.004375808083900257,0.000707565676887123,0.0003474924925166434
2017-09-06,0.008440083374300134,0.005799991686857853,0.011008473987497824,0.01661969777367922,0.010552447775201923,0.009947734174474032,0.008851603399648633,0.02371856847334386,0.009120282990155326,0.018115543557916114,0.014919923608839314,0.009343957444294393,0.017498428853754522,0.015819966169791977,0.010735877337043398,0.016334578400170496,0.0003474924925166434
2017-09-08,0.0025199716409949335,0.0049517202037348,0.006557603597792339,0.00578854808826379,0.003505000764554733,0.004541831921760275,0.002748172712539132,-0.03527776441764163,0.005208390656284756,0.007497971638845025,0.0008057260217695372,0.0029679035660710174,-0.008215404891192768,-0.0006465939817916766,0.0010146449452235196,-0.0035461400392075015,0.000310956933956108
2017-09-11,0.019492179391215725,0.01306574019200668,0.01563052596669201,0.025613802142868236,0.0160093456221857,0.01903980701782504,0.01772730613774498,0.008364403898647899,0.007359250917226223,0.02772233437799776,0.024512720054977732,0.014931392212157002,0.01492069481578584,0.015224190964232776,0.01888658127715681,0.016260709063388168,0.000310956933956108
2017-09-12,-0.0022049002987141186,0.0013367394088146245,0.008810536600045271,0.004745602574989016,0.0004964107130411843,0.00418666379851218,0.0029878014419137955,-0.037018705788932404,0.01016647395171244,-0.013718360341679059,0.0006767371851308379,-0.004161269393054168,-0.014692357997180494,-0.007793817717411056,0.0038784362423345264,0.0023002867982666597,0.000310956933956108
2017-09-13,-0.0037067135305813848,-0.0020096190771934364,0.0008454656975085406,0.0033709913515143075,-0.005303267525602839,0.0020572862038990003,0.002375137824599749,0.003026942922458975,-0.00039974213510640677,0.0039372010253817535,0.011822738501017005,0.005575456131417411,0.005316368128674087,0.006076333087567276,0.0031462013430259006,0.0038593003445261953,0.000310956933956108
2017-09-14,-0.0020909744623761606,0.0005130427666435455,0.003517866253823332,-0.0022845361318460933,-0.0016847840633120725,0.0019751856296446046,0.005162629564656518,0.03519961790501269,-0.0009777736239748869,-0.00798651974973763,-0.001591493422311796,-0.004351013105178714,0.010417824030689582,0.008410992951048746,0.0015025387724085792,-0.0007369279866368261,0.000310956933956108
2017-09-15,-0.0001174597109743214,0.008428744646263864,0.009149173404594091,0.0161500920619273,0.005897147825104199,0.009738463038134304,0.014060820250319406,0.008803910108288626,0.0047505179726736735,0.023376082664165798,0.011514128768481013,0.01598230527523925,0.012100430746322166,0.013563760614735632,0.016258255876114625,0.014218655931679258,0.000310956933956108
2017-09-18,0.006361443514613763,0.0021493276346356005,0.0027354849851670693,0.004736312891767236,0.008416932197702787,0.003183241872835252,0.0029212531265956354,0.006964190923710589,9.589570298507155e-06,0.014204704075518881,0.0033841791172304347,-0.00016950495048151382,0.00396873270160647,0.005102497679825735,0.0018054768393294118,0.0027829434467609993,0.000310956933956108
2017-09-19,-0.004438969062308784,-0.008603410495090724,-0.0045696619755684065,-0.009811766803905941,-0.0066097516616294705,-0.006400145009556324,-0.004025373964456902,-0.018782043826289674,0.0009207684841199271,-0.0014552731858625823,0.0012283486085713502,-0.001951877340055863,-0.005674131053594711,-0.0015490364908311571,-0.0016870433041658028,-0.00036113055741560096,0.000310956933956108
2017-09-20,-0.0007187250997645611,-0.0043540202904034375,-0.00105460536338986,0.0016343399679565884,-7.084981906679833e-05,-0.001238843246290644,-0.0018771173560302445,-0.013346679799116745,-0.006917142647020813,-0.007890913252052711,0.004981742621442686,-0.006058303859004077,-0.007455711890268724,-0.004100537561805284,-0.002466974105255315,0.0003048040737809732,0.000310956933956108
2017-09-21,0.0009097079564697186,-0.002074778914985753,-0.007101763092829616,-0.005732074006583265,0.0012258026110767428,-0.0041005466238308586,-0.0038171658213376203,-0.0017480289048049658,-0.005301210561890812,0.0019777886478888895,-0.005702336505645111,-0.0038908783639074462,-0.0028433837838782727,-0.004804406321085808,-0.005861222046086967,-0.005351629110985301,0.000310956933956108
2017-09-22,-0.00036151365776215805,-0.005759436330315948,-0.007212269150248862,-0.002628562968841175,0.0001733862862043356,-0.005508241267059288,-0.0038323827475973404,-0.013152907184018514,-0.004094576486917578,-0.004108310555796413,-0.0006829809595871872,-0.00176119570411426,-0.006067725122828271,-0.00360689800332481,-0.005125871278353955,-0.002348794744412408,0.000310956933956108
2017-09-25,-0.016503861486526827,-0.016830762325144355,-0.021341548627425988,-0.013876470814650377,-0.014379095541404263,-0.01763550814573034,-0.017708079764146012,-0.04491930394235999,-0.011303128806530949,-0.042424220408336155,-0.015875756694745724,-0.014116303644758799,-0.027643157490834125,-0.023423639894074477,-0.015969320194672232,-0.013272792341415318,0.000310956933956108
2017-09-26,0.00032780822486322414,0.007881622898995078,-0.0027297420903064085,0.0018802477156765196,0.0006879243371484822,0.0011012199810729317,-0.002698696598798511,0.016152893611986796,0.0018767804849961767,0.012317341611204125,-0.00046284077257685574,0.000500508077614148,0.008453836842114981,0.0009992269225256312,-0.0008912905187661302,-0.001899597865559266,0.000310956933956108
2017-09-27,-0.009426696557671477,-0.005804946669995981,-0.011456243259481802,-0.0093063246036591,-0.00897113350408818,-0.009226603143710266,-0.007590086914172178,-0.03312000036808482,-0.007159114318455173,-0.02179504216335737,-0.013548366487283747,-0.00939674883281194,-0.020047110305343896,-0.015180018400898554,-0.006737870259264533,-0.007637835333448417,0.000310956933956108
2017-09-28,-0.005773857210073174,-0.0010197786192353009,-0.00794012517750775,-0.00035377403031189303,-0.007577651528787088,-0.002794698569564491,-0.00382627857447837,0.0022963735759871096,-0.000726142799908791,-0.01325574554871789,0.0005969305802990821,-0.004907620505954169,-0.0009033135332816578,-0.001889666225870612,-0.0005353601882213121,-0.0032390477389275807,0.000310956933956108
2017-09-29,0.015109120623565842,0.012271253329593224,0.007867479942412992,0.011561615412774895,0.014374373757251258,0.010787623632021903,0.012630714327204862,0.031381034552002696,0.004046590526816107,0.01867205068390776,0.009883228094842655,0.016899523710852904,0.017834822609831713,0.019442146625779033,0.010068048306897559,0.01054577873643514,0.000310956933956108
2017-10-02,0.004039427894138914,-0.00725537466504389,0.007041162037907389,-0.0025917487779578696,0.0003262427379724375,1.012380331766316e-05,0.0038270263726345455,0.02080826407606584,-0.002411357417804849,0.0038054343222539977,-0.002535484351178785,-0.002226927570123216,0.007023824966113867,0.003265099562617335,-0.0009001276925332258,0.0008507367588064252,0.000310956933956108
2017-10-03,0.023805634950359922,0.01887179653623483,0.023505062553934586,0.030429752513059016,0.02724963002360714,0.024080436061278965,0.02702478314206025,0.030792178190808706,0.015991797472706848,0.027975487441404212,0.029329346723655725,0.022108057364984113,0.023417777272892737,0.022027837973638054,0.026497374008269015,0.030763293421718352,0.000310956933956108
2017-10-04,-0.0024104873087464895,0.0059179027113978044,-0.0033586543429569016,0.003054835123925015,-0.003280814937697829,0.002397994403901871,0.0037826711380930522,0.007813724606471117,1.6696481472511238e-05,0.01060183558941774,-0.0034935008716843186,-0.018859770814031784,0.0031763759284637594,0.004039768511963082,0.005232075548721626,-0.001798424207872129,0.000310956933956108
2017-10-05,0.0007695932179576648,0.0013616752773233376,-0.006319240786724412,0.0007479430357917316,0.0024758091711210017,-0.0011938090836712822,-0.0026071821285478247,-0.007780360891869731,0.007444012588373017,0.0014304979151422703,0.006686961515677714,0.0068651522560922995,0.001853090053311135,-0.0012941998444484515,0.00011506155793350459,0.0005922546083332314,0.000310956933956108
2017-10-06,-0.004095234116652358,-0.0035020707882355007,0.00035940895004604734,-0.0023652539363017144,-0.0033784089638825288,-0.00201689233967417,-0.0016179803407230242,0.0016706495018781187,-0.007894327946782576,0.0011086408868719033,-0.0012509926854785691,-0.0078056407572796305,-0.0022222442424290056,-0.002583800424970417,-0.006046804363715186,-0.006548115751105366,0.000310956933956108
2017-10-09,-0.004287182534592149,-0.0014128455423171316,-0.007155607318820367,-0.00050896822438673,-0.003279458467424723,-0.004201657472381992,-0.005698152742886209,-0.012651830888829152,-0.0037407329640321008,-0.0011069816812933064,-0.0042237478318936095,-0.0038720348917394842,-0.005885368280877046,-0.003726763488591023,-0.0023081558243486233,-0.004252763567019646,0.000310956933956108
2017-10-10,0.018291472157071276,0.007320951590270797,0.014262530532013207,0.013874693849077024,0.019970940019310213,0.0122358420635722,0.013363247810508794,0.017841012105042964,0.008617564216498286,0.02575730378786334,0.017226821906480394,0.022097659926042956,0.016583372855024425,0.01597306070924498,0.011700555853178418,0.014879142197151696,0.000310956933956108
2017-10-11,-0.0034961348809402493,0.0021058905875745992,-0.0025418245366295444,-0.00416764342953313,-0.006207674047743361,-7.162347077238618e-05,-0.0026199517181851872,-0.013380506404765957,-0.0011170929930601758,0.012414922563482422,-0.0036317741398540493,-0.011594610280417528,-0.0032201386151237132,-0.0042238572749837555,0.0009140212889386934,-0.0030649253991259506,0.000310956933956108
2017-10-13,0.0044473556873252384,0.010400972183921331,-0.0019507743776028263,-0.0015223823622246835,0.003551988502790371,0.0024328024514397306,-0.005067433637411134,0.005787531226938647,0.007555875647269561,0.0342542259426688,0.0028082346592923635,0.0011250000544744676,0.010126379919903838,0.002473633898455452,-0.0013074406175972442,0.0032959226805242547,0.000310956933956108
2017-10-16,0.0019261282497473609,-0.011613292466586822,-0.008862460978942388,0.006270961070481862,0.0007005063981855297,-0.002903746295351506,-0.0041916966122277355,-0.02083770477008462,-0.004689466369738549,0.00016852162596059372,-0.003470199904916371,0.00101506989281952,-0.008132494470055596,-0.007405824191089927,-0.004831716575284695,-0.0020616545122533747,0.000310956933956108
2017-10-17,-0.0035412774330327856,-0.008763278734638114,-0.008704025885664324,-0.00866407435521388,-0.005242413848278726,-0.008605372597718208,-0.011958634802737511,-0.034780800419853986,-0.005599386909611592,-0.018470600362671896,-0.00487349898131606,-0.01026069054419021,-0.017741776505255658,-0.014420231511647397,-0.011937899865397728,-0.009113345167594544,0.000310956933956108
2017-10-18,0.00915123999500067,0.012947694231717488,0.009041617526120538,0.008647491907276761,0.004868496742825634,0.01017306361962067,0.01447960439065299,0.03218855160837042,0.008168848345406321,-0.005872733314632117,0.005948705194948722,0.008332393609292943,0.013521190423735119,0.014206936384743019,0.010805635813356584,0.006315653226604656,0.000310956933956108
2017-10-19,-0.007774325545285565,-0.013896756608483773,-0.00946399825906341,-0.007431868052878432,-0.007834297374072263,-0.008491912060683782,-0.006566921908422674,0.0028957358191676885,-0.004383718640119105,-0.004729025070165815,-0.0010155627645571652,-0.006507926558320887,-0.0038049112488389714,-0.00542429645682696,-0.006786139844044525,-0.003678978687774115,0.000310956933956108
2017-10-20,0.003113261242074117,0.007205020042902133,0.00503373093022641,0.0017446218654626477,0.0043939678331677,0.004032014009267559,0.007179945447348457,0.01472244447713078,-0.006195426101973989,-0.0033232486580073717,0.00317867326277832,0.0016139649775448461,0.004167292139770851,0.004066022235629907,0.007758773908644878,0.001969683641911857,0.000310956933956108
2017-10-23,-0.008061265378470073,-0.017834047457987445,-0.009040618286071389,-0.018320818277429374,-0.008568991395771941,-0.014258773841902106,-0.015702487735740234,-0.026551379870170644,-0.010043298216599217,-0.026001525989542307,-0.015290289409793267,-0.01012111080054856,-0.02014001004582522,-0.016682720534454076,-0.015072479497493574,-0.012726774922622863,0.000310956933956108
2017-10-24,0.004941225427712803,0.005076425331798529,0.005852312851402752,0.012826787478455559,0.00573685631912868,0.007927420640332361,0.008896230272387395,0.011709753142611357,0.005972831868121364,0.009083993381058919,0.008633160180019805,0.00887954700194804,0.007822879963147011,0.008661750939675805,0.008171543881156262,0.011688145525264426,0.000310956933956108
2017-10-25,0.006689250688268311,0.0010293671668981652,-0.004144053135997416,0.010645109869266589,0.008339545877191323,0.003459113272061165,0.00497010934682196,-0.0031623324752926285,0.0025098362514410777,0.0006587459165880993,-0.0010911981292406336,0.002726377743364816,-0.00015499387488604466,0.0009430852904439568,0.004542799662534902,0.003561953680690788,0.000310956933956108
2017-10-26,-0.010356563627331727,-0.017588137108180635,0.0012972626297118595,-0.012177991046206649,-0.012268265967486869,-0.007712893736526616,-0.00813147210719567,-0.02774245250749985,-0.008994431217854926,-0.010023150533428837,-0.008896742375676947,-0.01227382264579946,-0.015012841712354952,-0.01171012996864762,-0.00788164610116937,-0.009987596628626916,0.0002833337666960922
2017-10-27,-0.01067770855593475,-0.0024032490198534484,-0.009389147218946237,0.0005084433958693069,-0.008828600209766835,-0.005128107177826413,-0.005017186070196855,-0.023022324496073998,0.016010939448812822,-0.009123673847159175,0.0017498558502979655,0.006424507891670483,-0.003608691361163041,-0.001855240582793849,-0.00245730560039481,0.0007930156073236994,0.0002833337666960922
2017-10-30,-0.013978353557718037,-0.020804674676482393,-0.019301289954056777,-0.00724645761559628,-0.016597752923242948,-0.013795536783666518,-0.01652264963787553,-0.02198462051767036,-0.009164552527678893,-0.022376889311340187,0.00041717445894740024,-0.01568632906561296,-0.012472846385345626,-0.016750795598716395,-0.015604708210508966,-0.015518007254222366,0.0002833337666960922
2017-10-31,-0.008450564203051791,0.0026321126097961223,-0.012244188856093685,-0.01295823976757049,-0.013644442054541628,-0.005463448303504537,-0.004211194702636867,-0.00014105179481915808,-0.0042220492476919835,-0.0010025332131916587,-0.01185639117357895,-0.009079650357572189,-0.004178283078047462,-0.0030036819979449847,0.0024605268668593805,-0.006211314533914103,0.0002833337666960922
2017-11-01,-0.009707848742354863,0.004553400533934049,-0.002467895775275064,-0.01389966303501966,-0.010673951297415107,-0.006063589054805751,-0.003761806480669927,0.0059494068240311115,0.0016600976968799142,0.0038710497824938628,-0.01117075143406121,-0.0035502876008077777,0.0030602458476909344,0.004008393815947642,-0.008488000863422607,-0.005791881615642813,0.0002833337666960922
2017-11-03,-0.00899887764302898,0.002612816275178842,-0.009026869271172466,-0.0023365730458685396,-0.003174253826819795,-0.004116849829183589,-0.008183561812803664,-0.022376879691036744,-0.0025541705432976514,-0.0033405928310399347,-0.010184282397037059,-0.0019334898671572454,-0.011429115495145359,-0.01033575709332879,-0.0032128824295710734,-0.0001879655006485903,0.0002833337666960922
2017-11-06,0.0031940766385036845,0.004925898307760246,-0.0032296327942721303,0.00299255582886504,0.00247467191517714,0.00046862012600423775,-0.0027695110081107366,-0.009640644996282477,0.005567018974192317,0.0006609065255545055,0.0005123523132293251,0.0015701306152695604,-0.004824364306370232,-0.0014857535355911056,0.00034169848807219516,0.004391045667201832,0.0002833337666960922
2017-11-07,-0.02022492490789618,-0.016922394475631597,-0.012346225612956174,-0.026260770122749966,-0.016612528732521947,-0.02039123763182471,-0.023687747050280095,-0.05355464299385748,-0.009505559749057757,-0.0404892331860891,-0.022425808073036402,-0.021025165152818492,-0.03171428531753373,-0.026933905491659527,-0.020589985667651467,-0.025145128774218928,0.0002833337666960922
2017-11-08,0.024012647417934074,0.02118475903756223,0.014148312158347887,0.03817756028153574,0.024100725629089936,0.024309328507226002,0.025448652307358488,0.03639628449452359,0.013999386520872958,0.03676633484392866,0.037883655306135244,0.02801365677577916,0.030059094469128134,0.025847886249526386,0.021709584864413767,0.025638773786741398,0.0002833337666960922
2017-11-09,-0.022588186177542546,-0.00891022153771115,-0.013867317267828527,-0.01851578456285341,-0.021802448993882506,-0.014692122181553247,-0.014425589495568936,-0.03496794680862925,-0.011853376674334282,-0.02528019519045177,-0.011705514882460744,-0.008342202557299117,-0.022528584587925615,-0.020107154147379847,-0.013069917371658524,-0.019030670400392302,0.0002833337666960922
2017-11-10,-0.011184318534334103,-0.014141006375062659,-0.013872831811949204,-0.01647720722092727,-0.008276580843281756,-0.014816885826653303,-0.01558236626661802,-0.019164284333598958,-0.009775687915810738,-0.007101498302640286,-0.013663670211097934,-0.01188956049982004,-0.013457660093572521,-0.015279740622582194,-0.017222321269388496,-0.011177523082391616,0.0002833337666960922
2017-11-13,0.0040126460860621105,0.0023414526786684764,0.0002123743382422827,0.001620808017902986,0.003375118790664322,0.0013842474298935148,0.003706104517448461,0.02143830452178519,-0.0005563531837907698,0.0048090227916974815,0.00045881157235094783,0.0016352209556595998,0.006188875831208973,0.00631744158437475,0.00315289166243371,0.004672857985327461,0.0002833337666960922
2017-11-14,-0.013898477251386487,-0.00859902802369783,-0.020933224806419237,-0.017709850670729277,-0.018187368947719662,-0.015739018816443906,-0.01330393780782202,-0.008363488812102915,-0.005327384588793005,-0.02664295810769346,-0.020038818875389275,-0.023481871103365526,-0.012142590462900449,-0.012712861986072022,-0.012416407162671894,-0.02093840985816442,0.0002833337666960922
2017-11-16,0.02129284719614133,0.02221889344237349,0.013118355453919595,0.03631778179175171,0.019467695147959097,0.023112444952404054,0.023400981388281394,0.025851003979896925,0.013858034572088673,0.020382769588924043,0.02330751287416999,0.02024714718809406,0.020513578923817777,0.023800928302903035,0.0200325208015939,0.02343767328048596,0.0002833337666960922
2017-11-17,0.008244036612850225,0.0063712005190752485,0.0018311083083895063,0.01453944543608543,0.008318615421915032,0.009301116991550007,0.008235506297662898,0.027958715964574,0.010247799853582373,0.019639216359877754,0.012345219644125827,0.017554087275204022,0.019317937017195197,0.015891750210955458,0.009927259932645205,0.01260207910799549,0.0002833337666960922
2017-11-21,0.012773233428004405,0.01558221062642473,0.014242984608800136,0.011697200755334647,0.011875888803194234,0.014468600918266183,0.012374574368219315,0.02899079236187907,0.01314672207890788,0.028485579091795277,0.018127924360187064,0.012186559398499996,0.021687448147160504,0.019159079504604604,0.013224738793633728,0.015704970326605006,0.0002833337666960922
2017-11-22,-0.0006318103337515923,-0.005654320531825463,0.004755736677548139,-0.007881940223393946,-0.004314529640117026,-0.002246263193746101,-0.004730936427226773,0.004732202838948485,-0.0023250124897636892,0.016263971622051177,0.0024429963254219977,0.0016984318306605406,0.005584901610365511,0.0022337133059191494,-0.009055790829125887,-0.0011342856059189943,0.0002833337666960922
2017-11-23,-0.0020614452792465654,-0.0027317505555913835,0.0099131582356764,-0.004436955652283858,0.0008265273630105874,-0.00030821708089912025,-0.0012659348445750451,-0.005772507771427904,0.0017260467180992833,0.003365930350744062,-0.0009441186537508806,0.0025249576002459584,-0.0005335777221124882,-0.002658454952546907,-0.003239740820734416,-0.000871720742994242,0.0002833337666960922
2017-11-24,-0.0047931759508716976,-0.008848763627179457,-0.004791525255771756,-0.005659323605052835,-0.004539363050660938,-0.007448738534472921,-0.007631124858473282,0.006868119998137745,-0.001892803372809282,-0.0062839924315154505,0.0029505857527860613,0.006054930715659879,0.0016223463430051765,-0.00018577540441322427,-0.009619380850043435,-0.004182778011652011,0.0002833337666960922
2017-11-27,0.001627907988250854,-0.0058016549447802435,-0.007423172541781264,-0.009878464351339322,6.864854149535304e-05,-0.005613143999757653,-0.0017783913212134905,-0.004272749051407176,-0.0057875099908594185,-0.006966789691346564,-0.005421805261925927,0.002393545643180728,-0.007873744422455586,-0.002615576749986581,-0.002471243548404556,-0.0016426922538710365,0.0002833337666960922
2017-11-28,-0.0029623887373285696,0.003928349404778375,-0.002073649094073704,-0.00017754636395872492,-0.0030212251496496423,-3.1359665673580395e-05,0.0018161135146621543,-0.004062895326196081,-0.008332000465714695,-0.003258202934264376,-0.003830744808433817,-0.008032710334656579,-0.0042291538610818025,-0.0007001185630296503,0.0003739419958435075,0.0006988681864026347,0.0002833337666960922
2017-11-29,-0.023866868741617808,-0.017206747485630558,-0.007289643614245778,-0.021068881986410104,-0.021713737804590072,-0.016649493787276204,-0.017520660000743482,-0.017396703934536517,-0.014794912091674828,-0.005238302208483536,-0.014122913207973098,-0.01808639923808808,-0.01231523841246751,-0.015418809101252817,-0.016756403160066435,-0.0188321021078085,0.0002833337666960922
2017-11-30,-0.03309842061026802,-0.025306747329760237,-0.030370806484507518,-0.013745733850218156,-0.033290095096368266,-0.023595065593219333,-0.02362798810769462,-0.01847433011382582,-0.024526451829949836,-0.012335121579192476,-0.0014084756321678382,-0.009984450318922367,-0.013460587181734707,-0.016679131684087634,-0.014066383974265295,-0.010711707973350748,0.0002833337666960922
2017-12-01,0.009815545017290983,-0.002576723628077815,0.00813261592065273,0.006129361521173715,0.005945917909964127,0.00718923387944681,0.006639350213278661,0.011524098546764616,-0.003781405980909258,0.016724996163291372,-0.007145460180931651,-0.002197463243398756,0.0045549877390094196,0.004369463428944842,0.006462448834312351,0.0039748625347426625,0.0002833337666960922
2017-12-04,0.009067087227487836,0.0004405982110178286,0.007626708721449216,0.01575244497645434,0.010784344639599208,0.007590770738378438,0.004578264090454143,0.00785269423132573,-0.002283133241422819,0.008480991854242781,0.0086153420033388,0.01610899835063062,0.00479433272896812,0.007014832932782822,0.005245805013722293,0.010758690007538263,0.0002833337666960922
2017-12-05,-0.005159472157749256,-0.006341982512588995,-0.0014213914829124263,-0.006470211889419875,-0.009848447913864966,-0.003524780506433123,-0.004320732059635568,-0.01322063147433905,0.0007197707723551883,-0.010276061824317062,-0.0033832935634359185,-0.002277613855283356,-0.00585106851886974,-0.0038740643230688043,-0.005387003030647208,-0.006969161996803308,0.0002833337666960922
2017-12-06,0.009288846287240915,0.0031178121094901368,0.007571977292199383,0.012605231412810891,0.005200429329655476,0.008025481815335134,0.01014751818000681,0.004032825063723378,0.008330117205199272,0.006524337392214141,0.005791345032061024,0.0020402853709042823,0.0053799284062876485,0.008449944641116813,0.010224421445125254,0.009274202835467982,0.0002833337666960922
2017-12-07,-0.010725146991736878,-0.009757756074330715,-0.004889193854511142,-0.011063277218613998,-0.008051540063209295,-0.010626183321202798,-0.011011513580217569,0.024074231987210926,-0.005670578386639313,-0.008021593972522112,-0.00591727218826521,-0.0021649201395572693,0.0037244717494573365,-0.005353422209392611,-0.011138505529133758,-0.009540547575241698,0.0002648113739738278
2017-12-08,0.006820509798825203,0.007589741031467145,-0.0030438073329687176,0.0031321778184265625,0.006395833852618882,0.004081968929146473,0.005351614266883464,0.03700472237658414,0.0037011155611541557,0.0053371706515659145,0.0034574309371679934,0.005473019596603512,0.01522246988590159,0.008951139382792128,0.005429129937668309,0.004191301246771806,0.0002648113739738278
2017-12-11,-0.0055177764290602616,0.001935105215439492,-3.156917393387637e-05,-8.793236027893059e-05,-0.0013233807831413147,-0.0013619388689902756,-0.002415015115361019,0.007833947076200776,-0.0038916109279597544,0.006993667285642102,-0.0013511461709293515,-0.0011556269742425407,0.0016471138545086639,-0.0017584949297859698,-0.0010161334106132403,0.0007105980528883116,0.0002648113739738278
2017-12-12,0.03568881190232154,0.013225741560499493,0.032243693288901865,0.013245446306869857,0.03564749657109778,0.020209175994376105,0.017286590470032337,0.006522063841486014,0.004625400149144809,0.008647640902963882,0.008829186039205794,0.008633992840318516,0.007632213578429248,0.008009255461971065,0.013476544569907212,0.013004313394117117,0.0002648113739738278
2017-12-13,-0.019466879674614135,-0.00471125889583246,-0.012665501428786308,-0.01399130619356781,-0.0168240986613305,-0.01136846195850727,-0.007536336378964781,-0.012777153349652792,-0.0035778192487841975,-0.02021131121536235,-0.01199494962986547,-0.003355343783984832,-0.012114405242877324,-0.006179116170834109,-0.008072610011050863,-0.011239917089784557,0.0002648113739738278
2017-12-14,-0.008735308966780098,-0.006603710019872144,-0.008762382894606735,-0.011142097868124257,-0.0056873198835254435,-0.010224744685038423,-0.009980558481154977,0.0038940616170766162,-0.0048636220551344644,-0.0227522236508777,0.0012766633190219867,-0.00501998571814577,-0.006373273073225327,-0.008040968970773554,-0.01092534892810304,-0.006375539796034446,0.0002648113739738278
2017-12-15,0.0027882912763370626,0.006884499038669389,0.005914666432264015,0.0014332400225263164,0.002845042829026312,0.005240833646315002,0.006064552101984422,0.015900225629002174,0.00875110870560425,0.02712658773030796,0.005009491123031395,0.007885447852580718,0.015231670410237985,0.011501786622547527,0.0027845894761722167,0.003032604758081092,0.0002648113739738278
2017-12-18,0.00628554842953255,0.0017207425738789972,0.0009690346655055748,0.004824372045090453,0.0049750639550312226,0.003090811766725432,0.007199307638568131,-0.008628224638922544,0.0020913551950383358,-0.004816189197049292,0.005765905314780495,-0.0010839957429534808,-0.0011593570599586212,0.004346156565150805,0.0031009464884173,0.006479599547033921,0.0002648113739738278
2017-12-19,-0.007191705636667045,-0.00994130406146665,-0.007630832662004261,-0.008674993311290402,-0.003830063517080373,-0.00884320146925699,-0.010043534100550922,-0.008937466022510443,-0.004682750371829414,-0.0041443670055374415,-0.008535395529764123,-0.002792513209506464,-0.007562854018624665,-0.006717087636167074,-0.009553111186171859,-0.00595171950322515,0.0002648113739738278
2017-12-20,0.021038431319723605,0.005869754562195961,0.027790531479577885,0.007415764299528282,0.02088176178416834,0.013302343424874685,0.012053784707753756,0.031734963043819064,0.00918604615022911,0.020370803105074886,0.004314838059789716,0.005936701441704217,0.01715509859451192,0.011756889313633723,0.005204433406234887,0.009374288843611467,0.0002648113739738278
2017-12-21,0.01863959960388839,0.012441782023949077,0.03299134963342243,0.01704239835732113,0.02378216312480297,0.02230464067268101,0.02297640440422355,0.019879555509312974,0.012907151066238631,0.01757524299816149,0.02090020123330727,0.018681462912479407,0.019435647810540857,0.01793618055579249,0.0251019640526009,0.023074357152180536,0.0002648113739738278
2017-12-22,0.007087615531288893,-0.0009496825061904302,0.005516860173304661,-0.0031296029281459026,0.0012271810279922413,0.002506754946841161,0.0029457662976839494,0.002394508655646277,-0.002248656970677443,0.006494227246083728,0.0024306584774378415,0.004318310647295043,0.003344649507842634,0.0038163013399761248,-0.0007086815285936021,0.0009111270912749436,0.0002648113739738278
2017-12-26,0.0005838978390537708,0.010056967143987627,0.00897048580255344,0.007526172609575665,0.0007459603556960737,0.008321502107550005,0.009228429321391785,0.014504621584906285,0.005113820024077231,0.007613116654755947,0.008024744629636427,0.006061897439282982,0.009348050569016442,0.0073353390698363,0.011512542119056501,0.006869399963176148,0.0002648113739738278
2017-12-27,0.0037396727529732665,0.011216288288141696,0.0033145295638481453,0.010103696030492992,0.0040673038871017475,0.006585226889783247,0.009276423211381557,0.017372843990055342,0.0058405896730886475,0.009917124098699048,0.006736815674364571,0.0031749660785085343,0.011332207221257162,0.00969560468845665,0.005886498067491752,0.005559113009935723,0.0002648113739738278
2017-12-28,0.011994093458032928,0.0048679080581861545,0.013618923402561434,-0.0009592434391646476,0.01266489556533612,0.005189016864968421,0.004567377166037723,0.016992792590762695,0.006695541723943821,0.009217085803578273,0.004846685791898064,0.014982462730456225,0.011629014911115787,0.008762487587352652,0.0011109695863229518,0.00514846096179622,0.0002648113739738278
2018-01-02,-0.0028,-0.001975749728327009,-0.0010269693111801498,-0.0017155449606264883,-0.0016635661001153904,-0.0007321194569093056,-0.0006027773462494073,-0.0028,-0.0018807341906234582,-0.0015808651267160015,-0.001796198822993804,-0.0028568434650092563,-0.0020945471616441373,-0.000718191837960537,0.012832655946280136,0.01839385121457493,0.0002648113739738278
2018-01-03,-0.00020249153796225716,-0.006000716791478178,-0.0077937867294838314,-0.0001120253335439303,-0.007470703588933647,-0.003239266936609919,-0.0037819360833665217,0.0035890056543745885,-0.006659563359642573,0.004523048430616461,0.0023984054254932996,0.002393792105585213,-6.416370960315998e-05,8.242619778586757e-05,-0.0025577410923961486,0.001247610842318947,0.0002648113739738278
2018-01-04,0.007145437480855277,0.0010144896731565378,0.0033673692544344824,0.005387472418786343,0.00411412435167291,0.004994651069062828,0.004181188928809032,0.02048109185783331,-0.0009319608914601929,0.007987010367598746,0.008259173786572482,0.005634316584371968,0.007505052574387383,0.006284932720179048,0.004414933810976462,0.007740314060769249,0.0002648113739738278
2018-01-05,-0.0002020845468844179,0.002751805345717395,0.0029840172961363987,0.0039638623229336645,0.0018221214008955489,0.002753897829495644,0.002476159228119057,-0.014425735317482036,0.0027077443865581863,-0.003015688418194551,-0.0028470769165163112,0.003653189594561068,-0.0023762238636904076,0.0030432098091655035,0.004827418062763433,0.005180495480687108,0.0002648113739738278
2018-01-08,-0.005674857767983044,0.004982161963319021,0.0035998385338307237,-0.0006621441472247636,-0.0006538921195687886,0.00034187817940734,0.0015691905728922872,-0.0012902119788832378,0.004185172692351635,-0.004423363552516157,-0.001977827625443407,-0.0018265828664741912,-0.001009038880234736,-0.0008693825943985045,0.001653402473517751,0.0029615189336940073,0.0002648113739738278
2018-01-09,-0.0019928723563398254,-0.0020108406512128196,-0.0035245051857712983,-0.008398942870533443,-0.005848247367567172,-0.004518832738879097,-0.005061928468420573,-0.006095648145918564,0.002551492304526448,-0.004419717644248533,-0.005144370262905595,-0.0033353842676667744,-0.003562240704745645,-0.004363692904722827,-0.0030694909212971577,-0.006009968780770758,0.0002648113739738278
2018-01-10,-0.009447493799522588,-0.005575631080347865,-0.001455310452704528,-0.009408608895676407,-0.006391336345635712,-0.005510246275021613,-0.0065009167862561945,-0.003920433135494394,-0.0030685119759766843,0.0010147842101115856,-0.0021496232691018413,-0.0019579224969444864,-0.0026124073828918126,-0.005025759588336176,-0.011520865297168226,-0.008245634135770286,0.0002648113739738278
2018-01-11,-0.00022373375375928095,0.014109226558054022,0.013488262014570429,0.0030987307834426936,0.007562518262220985,0.009218063597858261,0.007747332590653189,0.018586561381630284,0.004727205233516774,0.019163941763208348,0.009168485817080185,0.011371879270751117,0.012761505900765746,0.010923815072974685,0.005207766349331289,0.014071620842711408,0.0002648113739738278
2018-01-12,0.0043995206446267865,-0.0008186988232496972,-0.0029673667548330007,0.004330673385837258,0.001055253005499912,0.00032847219288356655,-0.00014304934756637078,-0.009201074389394881,0.001288760123301369,-0.001103046492962223,-0.0048584393363741984,-0.004572174540500851,-0.003801783192674546,-0.0030784244491657287,0.0029903930131003342,-0.00031061686615985185,0.0002648113739738278
2018-01-15,0.01452986330084527,0.00708311023516317,-0.0009628521578618487,0.009657267202844544,0.008259532042270923,0.008201066797715706,0.007690060472463678,0.020849115846280686,0.01090230943156456,0.010045481568205616,0.011940769222678504,0.01329696340854758,0.013033202448679893,0.009490538689524763,0.005792285775985118,0.00531115179952546,0.0002648113739738278
2018-01-16,-0.005184810939197759,0.002508842081604845,0.003619495747410051,0.00617958823020448,0.0017142056730585775,0.0015280168491063062,0.0011618835241562486,-0.0011696797553854,-0.00459427101153298,0.0034921070086548767,0.0055803558826352795,0.001205963310616287,0.0012726548670132232,-0.00039864181068927085,0.004754665493872379,0.0014101213281763059,0.0002648113739738278
2018-01-17,0.008812153378883858,0.007681928700158824,0.0028724338649357417,0.012434337660850225,0.011980688633189907,0.006770572165076594,0.0061134695718312315,0.008985291402444862,0.007812504061045722,0.023486743509049557,0.01420380871189364,0.011702306542351382,0.01378954508738195,0.00971181169138391,0.010177775020507207,0.015924679307719236,0.0002648113739738278
2018-01-18,-0.009725943903551082,0.0020194846311110126,-0.006162536700647037,-0.0020966777916556767,-0.0014680555077085655,-0.004846644857382176,-0.0026415994278435884,-0.008028065311024624,0.0035080679846566376,0.001048764080336717,-0.004173480204604618,0.00013026424769191358,-0.001302627257049993,-0.002784620010487626,0.0025930159163412014,-0.002550176827594397,0.0002648113739738278
2018-01-19,0.00782523987417938,0.0005104475005917042,-0.0009346716052764936,0.010970666765829584,-0.00020833213376392212,0.0055004817528572225,0.0057274038862995535,0.00711085840942105,0.0008762467905345517,0.0027441963588061835,0.0005752624184272026,0.0034255056716936405,0.0016871223702878968,0.004032802066387786,0.0047880757516460815,0.0033829738424484557,0.0002648113739738278
2018-01-22,-0.0027313418627963326,0.007473163835264307,0.0003209998810609349,0.005516329288386856,0.007507527731958286,0.004068405011059761,0.004358869782476793,-0.002248636821210015,0.0006610002322755548,-0.0016119068886109034,0.0033456536656184532,0.0034522636986678013,0.0005251805911081764,0.0007025180098521044,0.008135147767067918,0.005702056787757703,0.0002648113739738278
2018-01-23,-0.01609257242962181,-0.012132666329242925,-0.003304108792144822,-0.015091927336256639,-0.01214726968762081,-0.010217871669245149,-0.01063883230666196,-0.0281279578867627,-0.008465790668189865,-0.015526709095292968,0.0002683371422158576,-0.005518269288977251,-0.010742240676646864,-0.012242120694527348,-0.010397629542033937,-0.011753763347038815,0.0002648113739738278
2018-01-24,0.03163152594842966,0.02584398049999015,0.03452818088791609,0.0251275225531018,0.04025959117523126,0.03219965054691021,0.031428997835079686,0.03891064193778582,0.018957930604045936,0.03073640435796432,0.036238520209022296,0.03827377098240348,0.03082894392109159,0.026596809461482573,0.02519613401274401,0.03596536801737016,0.0002648113739738278
2018-01-26,0.011727628612922203,0.015201359496218148,0.026436173989431655,0.012325513515126785,0.0230960300835672,0.01844433308695881,0.018247250040246854,0.029858792259188638,0.005315359821843169,0.025546976458272752,0.02244002454133187,0.028616949842253048,0.022418940624976846,0.018088981640669743,0.015384564440662052,0.021950759936572695,0.0002648113739738278
2018-01-29,-0.014388128964261448,-0.010032910041495535,-0.001571950982047765,-0.013993415180512891,-0.012527329128629194,-0.009228787294430996,-0.008353325637745379,-0.0027255088805518968,-0.0013194979350996672,-0.003991283959961178,-0.011424819792928531,-0.007407565765209068,-0.0060058255300270424,-0.006795302156608063,-0.009989009806383509,-0.009557343493642678,0.0002648113739738278
2018-01-30,-0.0018602587677372107,-0.0007520718821716343,-0.0017743329496244797,0.005366064960762973,0.004224935722953349,-0.0004118666499782764,-0.0005833205252072649,-0.0063393628103332045,0.0037518475938462803,-0.005648224521096701,-0.0021652549246996555,-0.004671119532193679,-0.002839072984195612,-0.003243121762631862,0.002562801820972904,-0.002653180049941861,0.0002648113739738278
2018-01-31,0.0027742861317736622,0.003246666203087223,-0.004061852594838822,0.0008596090336847606,0.004133530122591544,0.0016745427016136016,0.0010777062227849132,0.024758458965117747,0.006102007073754079,0.0025419100008148288,0.007798554751443421,0.015037127474161416,0.009800680921723925,0.00413197531201237,0.00275010514141516,0.00542672499816943,0.0002648113739738278
2018-02-01,0.009454135807578146,0.0039038939865823075,0.00904905122812627,-0.0034532881862775477,-0.002906324663155657,0.004839314578138021,0.004448214314235699,0.011873758996856942,0.010374952917671765,0.0028424355997689332,0.006296572876570927,0.0027528587478440336,0.008249915746077363,0.007563392610312691,0.00032111249094812777,0.00697285260045355,0.0002648113739738278
2018-02-02,-0.016670997992598413,-0.012460183134457514,-0.010542429545455256,-0.016127495081458387,-0.00937831865505001,-0.014669734320747252,-0.014545033702901944,-0.01888635480096923,-0.007695945828024131,-0.011801553775756313,-0.01774277032449234,-0.009004295734459267,-0.013878635771476633,-0.013912102555266759,-0.015162781251740198,-0.016791809415813597,0.0002648113739738278
2018-02-05,-0.023849535295782265,-0.01863702446708071,-0.02315297548971973,-0.02433412061542406,-0.022551898813422788,-0.02259287156799783,-0.021481535326705825,-0.02640462681072031,-0.013059690603814622,-0.03489610623366113,-0.020099900762462042,-0.01580015269931434,-0.0240595701975459,-0.02155641963276489,-0.022843230514405066,-0.02528801351448029,0.0002648113739738278
2018-02-06,0.02694785111787179,0.02454848969627177,0.0311011881811456,0.013612770024824306,0.02461178064081726,0.024050634144109795,0.02240097742755265,0.015095300063167505,0.013778793786123567,0.01634212301197535,0.014569234253666297,0.016374327089843765,0.015858824416002504,0.012391824516260641,0.01765206439974132,0.023355923906496878,0.0002648113739738278
2018-02-07,0.0030466867044238732,-0.004527774461217993,-0.00121419803660483,-0.011347359602281393,-0.00963665854079665,-0.004167820266999023,-0.0038421693260665135,-0.010865183576755921,0.0026454684355690095,-0.013326771193931553,-0.01660995320178471,-0.003133976726429011,-0.008893781533674816,-0.005801333719986146,-0.006903564165685605,-0.012426256427934934,0.0002648113739738278
2018-02-08,-0.013171241614462481,-0.018459123237056008,-0.016898017096487195,-0.014028282758504651,-0.013462659288602241,-0.015448439329322605,-0.01592872911113763,-0.014884248428841174,-0.018061876477550753,-0.0102227031115254,-0.014323273097662126,-0.013185721969812159,-0.013880573760976622,-0.01375608445940879,-0.01871935118823087,-0.014986271491792214,0.0002555177935927855
2018-02-09,-0.022755810370128526,-0.0066393224390211,-0.008260719257773053,-0.01480567355468998,-0.007041646923941491,-0.014298512336267222,-0.01396751860865697,-0.018210808181845173,-0.007691343236209347,-0.01137177658354993,-0.012649049004024526,-0.00793130474649728,-0.013110766822883924,-0.011401129888333417,-0.014346808349979812,-0.008294047746815303,0.0002555177935927855
2018-02-14,0.033842873440965704,0.025040061031444738,0.036697030976631906,0.01773395335529404,0.028690170906542578,0.027934711758856867,0.027133751400963524,0.03515201861510153,0.023090779290249497,0.029579140509354618,0.022292740004969946,0.03888858716655563,0.026898675074444434,0.02727046491558416,0.022118994059350916,0.03212500813168018,0.0002555177935927855
2018-02-15,0.0027627281290025785,0.0037703286230645894,0.0022290493936891753,0.006333700267123765,0.001076947616243551,0.004450586607120721,0.004348915290035338,0.018154562951192776,0.0021263376145248536,0.01016992977401876,0.009408297013457245,-0.004328623683600541,0.009412130573742905,0.00461417704143563,0.009447203995557318,0.008437415314334284,0.0002555177935927855
2018-02-16,0.0033337863616158536,-0.0016817405918997386,0.004731712157522772,-0.0059002695717838005,-0.00029997484428456733,0.0015505176275796284,0.0015478110397364464,0.00502759105814965,0.007449903180161366,0.00818623955380704,0.0021554598954096615,0.003388909148383412,0.006209503044425357,0.0032471730170671176,-0.00020249815220430012,0.002553336359509828,0.0002555177935927855
2018-02-19,0.008752121797277024,4.499737131502535e-05,0.004172908392739094,0.0031297428041867636,-0.00560215548078602,0.006143820455347226,0.005435267538375754,0.014899996083193479,0.003360094046351181,0.01190106448372208,0.003986883821042619,-0.0022404264544555463,0.007722632227351367,0.007432885879704365,0.00214353950695223,0.0035885500803982673,0.0002555177935927855
2018-02-20,-0.0018971652029667885,0.01499703990909862,-0.0019430575761998359,0.009806173158104725,0.016247529807094985,0.006796969852365553,0.007203465388091024,0.00306728382761845,0.011141337030650122,-0.004174534869797575,0.011862802968231057,0.022998465251222067,0.004984412289876339,0.005307173949634425,0.01256762128040867,0.011285655560784758,0.0002555177935927855
2018-02-21,0.0041660410291999295,0.005046389649109528,0.000907095432342242,0.01052627692409458,0.0048514588311519,0.004960457331673274,0.006206318795845878,-0.006164435104333621,0.0007719579666785048,-0.0006080507123507051,-0.004875292742027804,0.0003133309562428632,-0.0011402582376613957,0.0033666906539577823,0.004660601121072361,0.0029877929339190423,0.0002555177935927855
2018-02-22,0.00015609357602541785,0.0010626320543536405,0.0020834514336320886,-0.0024361568057392757,0.005546251355241116,0.0023296665760130786,0.002572827258033872,0.011236575561520246,-0.002951891925436767,0.005103651498938877,0.005747062463699937,0.005562022388517551,0.004038915789494002,0.0011764507810256841,-1.6555962464193108e-05,0.006989884747477193,0.0002555177935927855
2018-02-23,0.012431326973836754,0.014659695559277042,0.01767110887277723,0.004701439986345424,0.010558906092983822,0.011833168969348717,0.011782689123440715,0.017089637166189275,0.005725246527947814,0.015559587529945906,0.011082897146865278,0.007652561823149329,0.01155240998695306,0.00830817020622554,0.010254932930685579,0.007005266211326688,0.0002555177935927855
2018-02-26,-0.008627936396837788,0.0008872924839375962,0.004294341592058659,-0.015563742368841837,-0.0028582316524152773,-0.004562765869288277,-0.004909701638681874,0.018351340976890507,-0.0052200103081542215,0.01681769766241703,0.010235686699760826,0.0067981300401114275,0.00738323605144986,0.0035703345121922414,-0.00890205769949326,0.0034603154723387153,0.0002555177935927855
2018-02-27,-0.007911950726583572,-0.008079558873904324,-0.010112726458952115,-0.006288663672726735,-0.01275477988420648,-0.007331231054162446,-0.007166238912890255,-0.009119276694486755,-0.004785085424128699,-0.0034675978462235246,-0.00919006403824818,-0.012212518078754342,-0.006701693602956582,-0.006910351812020821,-0.007123439887294913,-0.007495580311849381,0.0002555177935927855
2018-02-28,-0.011142257783711473,-0.017247523790837604,-0.016711891638774068,-0.010833900406081676,-0.015360584718588366,-0.015522228883951494,-0.014247357081676792,-0.014616501723068054,-0.005557756985294038,-0.012687269619789832,-0.0150297138908001,-0.015454890527210163,-0.012084053295109642,-0.011620902415501733,-0.012500499620288652,-0.017482512596994182,0.0002555177935927855
2018-03-01,-0.009092486597100824,0.006224636239267722,0.0002684990443169166,-0.005573659498916084,0.007364846201405095,-0.0010015428717610186,-0.0005331296356807513,-0.006040990085070197,-0.0010929287678012045,-0.015697695652777455,-0.002441150454120522,0.0032021354507543176,-0.0071533769400881075,-0.002428764371207759,0.002863647862382912,0.000393074493873824,0.0002555177935927855
2018-03-02,0.005081989704396328,0.004245345503977704,0.004609452835078853,0.005962503896766114,0.008981872595086093,0.005714618379359271,0.005773742224788103,-0.0036686197122562936,0.005207186575404643,-0.008254250865701529,0.0002649278624096141,0.0004094584835667714,-0.0004901628259479374,0.0002967913628402208,0.004432874574538337,0.004178258329293749,0.0002555177935927855
2018-03-05,0.0025277735129278778,0.00981501974735477,0.005342628093867763,0.0016901774888240517,0.009257652618131162,0.004090319893124583,0.004115257538428674,-0.00972580010512436,0.0029216919476613423,0.005484299664131109,-0.004463455332794242,0.0055616505751758805,0.00039296588866566395,3.089715985615804e-05,0.0028562626824089055,0.0030594988435568293,0.0002555177935927855
2018-03-06,-0.0021168190069397186,-0.007469425964484078,-0.0027781793283692124,-0.008137916105216414,-0.00613706829249594,-0.004693806558272673,-0.005673459464074826,0.004158858320360892,-0.002516392289763858,-0.007973827259060928,0.0015922777971733026,0.0020767918557484943,-0.0017786748599128988,-0.005715313529507715,-0.0073557154543481,-0.004286209864238444,0.0002555177935927855
2018-03-07,-9.01135281062837e-05,0.005421957358739737,-0.004767835464007941,0.002469465446256036,0.004829865394394339,0.0011256185238097682,0.0010948275718838385,-0.005872828705936639,0.010323522680981023,-0.004026309581633747,-0.005050630268674805,0.0006398781461409708,-0.0006870749357883454,-0.0013988612125871436,0.00425171212141584,-0.0020076131684909626,0.0002555177935927855
2018-03-08,-0.014153105647835784,-0.001407823589086754,0.0040391897717386716,-0.0006152024104206788,-0.0014704455594914956,-0.003784043429356787,-0.0026915471222033194,-0.012827928430045765,0.006489769460042316,0.005437817459919225,-0.005224466570720621,0.00601086002682738,-0.0009466032449240158,-0.002689569541667658,0.002830289794879537,-0.005599220563046736,0.0002555177935927855
2018-03-09,0.019551088849413922,0.009082931675598038,0.010923735765525855,0.00945363588262027,0.0119130999970809,0.012422784063498504,0.012160106720868757,0.024696904743023218,0.004104528865063184,0.0037848701904805715,0.01783452350201875,0.01582674447089083,0.011889184318168988,0.012104291840835169,0.007618545028239776,0.016104134566659267,0.0002555177935927855
2018-03-12,0.0067315030882750815,0.001909371056291187,0.006058313639081492,0.002905844788603673,0.0014035219232428897,0.005640265390356669,0.005334543361658284,0.017388960621095295,-0.0010962963418649219,0.010713129330579552,0.004899695066165721,0.013292721227503357,0.007695149453094352,0.007913187366177521,0.004352264967747432,0.006512789012567577,0.0002555177935927855
2018-03-13,0.0012109310548487073,-0.004601107938908111,-0.0048421538266805175,-0.006021639002917967,-0.010566816075413432,-0.004921712465088324,-0.0036086259620624617,0.0007412680491831747,-0.003794897648978779,-0.00940498045704985,-0.00820662811446815,-0.008278738970266653,-0.004549708669221442,-0.0024102940273722506,-0.003326787570751999,-0.0055676556466150995,0.0002555177935927855
2018-03-14,-0.00586033729629587,-0.006934115212226422,-0.006153446256541351,-0.012494716873464151,-0.009514076650856462,-0.007554086907493152,-0.006764993340578007,-0.004849585075928919,0.004504978842659879,0.0012094178004726786,-0.010066038088602736,-0.007960607810613807,-0.0019337122244076355,-0.00609381616006377,-0.004460456907085297,-0.004186903225154137,0.0002555177935927855
2018-03-15,0.003996543407594588,-0.004187675560381798,-0.0026974568960058676,-0.007856227490106393,-0.0021998967041481077,-0.0018935837043795312,-0.0022952760169200337,0.0023520926065085934,-0.012503298372727123,-0.009867177837325825,-0.0063112013291698466,-0.0014531060936410212,-0.007140316802216717,-0.006860376578659455,-0.0068320915380521985,-0.012151524715546147,0.0002555177935927855
2018-03-16,0.0006608794746520985,-0.0007591444516950041,0.0006486815514634703,0.004637970345878095,-0.0021087080389396995,0.003133564426420543,0.004068994284129213,0.01068097200148399,0.023479263780038062,-0.0010501321532632168,0.0007236113808646305,-0.004753913874093629,0.009729949944395244,0.0019370533051665806,-0.0017281453249651246,-0.00041143239574725765,0.0002555177935927855
2018-03-19,-0.003577075352625636,-0.006070272848846869,-0.0041652022622789,-0.0075862919049618505,-0.009526855556610814,-0.004799165799541538,-0.003944043403311892,-0.018806215496077527,0.008263596855107025,-0.007625474946058142,-0.00898291518028882,-0.011314435113276344,-0.005322274221887913,-0.004511916247039061,-0.0033884657966248843,-0.010737921088433855,0.0002555177935927855
2018-03-20,-0.0035542150164113995,0.0020140687232674814,0.0012547563126452665,-0.003226055408149686,-0.0014485989604121619,0.0003909195111231334,0.0005569347187497353,0.007712924884553551,-0.00423871928624564,0.0029610912838082815,-0.0033807499338476266,0.008266546601416458,0.0002789483872553955,0.0009757042659424009,-0.0007742543593886042,0.002838858404718536,0.0002555177935927855
2018-03-21,0.0034553460740154307,-0.002187821801207912,0.005369774825226381,0.0025556952996141913,0.0007619338023501232,0.003691081139651775,0.0031801211895958748,0.011580640704961231,0.008298904922871442,0.009479920327410518,0.022660422367389188,-0.0002948216949599791,0.013133025653102148,0.005029449557355514,-0.001445271704342499,0.008858411676162303,0.0002555177935927855
2018-03-22,0.012560993255233521,-0.006268469356890849,0.0031557614976827075,0.004469840277043335,0.0031363971719882144,0.0008955730760535907,0.002267625790100425,0.006083206988652501,0.002986570618416007,-0.004573284439301384,0.00986544605362183,-0.0020278296071836177,0.0026214561712585294,0.0018338537827282675,0.0025775891444359544,-0.0019740505250768203,0.00024620248904749786
2018-03-23,-0.013713825632057364,-0.003623831133081401,-0.007233375483594484,-0.010041305945271528,-0.003376095139994706,-0.008334255911712996,-0.008106856444096477,-0.01182083880013829,-0.0003842679708815355,-0.007224539282798315,-0.0035895264827960904,0.000383128495653029,-0.005780690208646799,-0.008856459562855745,-0.008439755691282635,-0.004575290116286768,0.00024620248904749786
2018-03-26,-0.0008344106655809869,0.004504722352620227,0.009781263110132832,0.0038906363880586436,0.00823203260481331,0.0044122363939971265,0.004931755159593765,0.011465820525734083,0.01344151715039521,0.004583496785710128,0.004969644375147242,0.0027970871443487866,0.00740022013228292,0.004427722344161333,0.004910794584890077,0.007969443667219522,0.00024620248904749786
2018-03-27,-0.01681642776821024,-0.0038029924757576605,-0.0049999576642841825,-0.00844540398873439,-0.006912243262038542,-0.010053820137260083,-0.009323666019513288,-0.028210533452373565,-0.0065342181035977775,-0.018937199231979673,-0.010289150979152728,-0.008615799061139628,-0.016373671410694457,-0.013539524753185761,-0.01127644341177425,-0.014733577520214758,0.00024620248904749786
2018-03-28,-0.0018982526279606171,0.000932495881468709,-0.014732892884436244,-0.0036962423775386277,-0.0021180051712422765,-0.005674178402404029,-0.00440319803388145,-0.001255546764100779,0.0025015722851668976,-0.013320040003022449,0.004390363996028324,0.005788497610661025,-0.00248068072456753,-0.004794814408422998,-0.0018410670674431362,0.0003653360585531562,0.00024620248904749786
2018-03-29,0.02186534598592549,0.013769034825116266,0.019955907797468697,0.020258264653357116,0.018122057060847352,0.02079250080540551,0.022036794276990568,0.024373306588592047,0.008833138518442585,0.020823132851708337,0.01264827632948462,0.01389714714459922,0.016813619862086737,0.017007923214904297,0.02171949107882254,0.017434016297926735,0.00024620248904749786
2018-04-02,-0.02127652385087786,-0.008385946269129474,-0.015702078983199086,-0.017317306653781728,-0.007582617176217443,-0.016371954495447594,-0.016036643719508636,-0.012610554316809908,-0.00799174398393776,-0.01420937892567875,-0.013188168104412257,-0.013337855365816775,-0.01217110876898031,-0.011742687142732855,-0.01345064691047071,-0.00895230467847441,0.00024620248904749786
2018-04-03,0.007114369866339176,-0.00038398191628064016,0.0017066704479185013,-0.002564092854870581,-0.0004663591017669555,0.0031656801545725255,0.003746192634240364,-0.00579090434094065,0.007297341390211098,-0.002486606161353766,-0.00494053540375039,0.005959190764380562,-7.315984333777781e-05,-0.0012448644083339344,0.002807605998159879,-0.00040520230434804017,0.00024620248904749786
2018-04-04,-0.00890073389229007,-0.0003177363907409525,0.000951388451716495,0.0006572921809917531,0.0007782238130262797,-0.0021968348518458525,-0.0010239310698163528,-0.0012258410461875036,0.006733023151751727,-0.005886135639941337,0.0010928259641174165,-0.0020681264850461734,0.0010521129977889565,-0.0014518418680891099,-0.0013880237250495364,-0.003036376269675123,0.00024620248904749786
2018-04-05,0.009794307996654261,0.0036293289755577884,0.008906680951667578,0.0076281241088898,0.003712398615411061,0.008436156445267518,0.007662113794883796,0.01911471366712325,0.008065890433492484,0.01605346407925956,0.010823522829118248,0.010295773998958202,0.013548473922061932,0.010812999424880454,0.005614054120024248,0.009699149676992258,0.00024620248904749786
2018-04-06,-0.008776932690281347,-0.0034380732832866023,-0.0038116367146731056,-0.002699904351472937,-0.0033237244487165363,-0.006062658484407013,-0.005949316310412178,-0.00405024913678298,0.0003476772860779853,-0.0010576772568376969,-0.006795983050311261,-0.00024759152279762997,-0.0011923787572275524,-0.004253751918842474,-0.00305093888008634,-0.004080817223619193,0.00024620248904749786
2018-04-09,-0.011242562567184256,-0.009104515624055898,-0.013875301091201386,-0.011346987095441574,-0.011450668322414592,-0.013199183032049921,-0.013628759701295179,-0.014540519512556749,-0.01014439096486075,-0.02185058744994295,-0.012772439252313972,-0.013103339759562349,-0.014252752618504672,-0.014528713066021104,-0.01184208301631584,-0.017417758060653155,0.00024620248904749786
2018-04-10,0.004075081180271223,0.011521287721145912,0.007854356188528255,0.0052752389193899685,0.012575031204523635,0.006807848584732712,0.005990518361261854,0.003801815073638748,0.0036795622770955383,0.016109152620926936,0.0003856903920684829,0.010384964290530707,0.006398658980506289,0.006010305144193762,0.0030319310937194643,0.01333500307251434,0.00024620248904749786
2018-04-11,4.772960316445918e-05,-0.0027797640652149624,0.0011650408867360795,0.0074140521551413485,0.0038717213963210817,0.0024412486351583773,0.0025138394877963766,0.0017307015046854612,-0.007624617854928073,0.012912251874058533,0.00373636241415487,0.006303766988765558,0.001803154841135468,0.002863657501334993,0.002012903049718684,0.007901517995044127,0.00024620248904749786
2018-04-12,0.024731566671631677,0.003822914956425505,0.007645519594404293,0.008839479167197517,0.0034233266918139993,0.01257761962339754,0.012513023776256516,0.02020379298718522,0.0015595749132191195,0.013538761580468961,0.0018319493876961523,0.005821100156263581,0.008823996519540911,0.0094495008476021,0.007786883850472881,0.0025315437826192166,0.00024620248904749786
2018-04-13,-0.009219377779578708,-0.006983324549808989,-0.014359944431765137,-0.013321095609351796,-0.006363457943971862,-0.013278399188415002,-0.01380806564662962,-0.002459223003483557,-0.002560609331658803,-0.009632264037252036,-0.0042820546590778275,-0.010619725851098272,-0.00579421747836284,-0.00916384505070944,-0.01320670572256799,-0.012418977145930543,0.00024620248904749786
2018-04-16,-0.008505067708756364,-0.007822186792271202,-0.019542386095112163,-0.012821205421915005,-0.012418924495183226,-0.013300713262068942,-0.01211614862706567,-0.012632684578649078,-0.00653371050187157,-0.021709010412540808,-0.014820626882523835,-0.01169640306865416,-0.012092660646055742,-0.013082365556827957,-0.008877795923677656,-0.017350264935489856,0.00024620248904749786
2018-04-17,0.013136023775008443,0.016169298450208425,0.019139201156184393,0.010485077864444303,0.016104689918483128,0.01616976130612624,0.016518955675609126,0.02060110617926081,0.012541657396754058,0.015212699845488453,0.010759435440618859,0.007771703481258996,0.014913928184474345,0.013054097686558963,0.018308438462920185,0.015128711873040546,0.00024620248904749786
2018-04-18,0.012477668124702301,0.005219680593905318,0.011188752684038183,0.010078154510894999,0.01114869596025847,0.010720688552315671,0.010764235272175515,0.028251451126159788,0.0037283139203092563,0.02498258773547546,0.01480421609914706,0.027182869637043305,0.016806002261970265,0.015691436170472972,0.008545239904472535,0.019742223348879095,0.00024620248904749786
2018-04-19,0.014051507625140403,-0.002271496889020286,0.0074144484232103736,-0.0008888533113824426,-0.00022038286668579765,0.005736703784228192,0.005037774212833135,0.010272900243728955,-0.004360797564858632,0.010821938545958254,-0.006280565814782091,-0.005528675976784414,0.0033606287417691227,0.00196300358542123,0.0013286108784640316,0.000990113306675422,0.00024620248904749786
2018-04-20,0.01846721411046426,-0.004017720845034933,-0.002084748207548115,-0.0021886847989524005,-0.006221089527992829,0.001985041368792073,0.0023539942110870626,0.005968348369340459,-0.005149974607079777,0.0042461052631257434,-0.0037795236572537583,-0.003342950723125737,0.0012105773080890447,0.0029220355510684026,0.0003023198006033567,-0.0023943434096581617,0.00024620248904749786
2018-04-23,0.0008438876448875199,-0.002803243778952247,0.007032442560948704,-0.0009177640972238832,0.0006283773875670473,0.0015599027099131302,0.002193527314213295,-0.0035009242931325346,-0.003121709877156431,0.0024412210892272856,0.002676747990890016,-0.0003494823223276766,-0.000576423007765281,-0.00042772855661221687,0.002132389485137054,0.0008627848813322903,0.00024620248904749786
2018-04-24,-0.0064589610313074974,0.003127912296769342,-0.00017813859888160533,0.00308904767980267,0.002061676011147373,-0.002225439412214425,-0.003286424683393796,-0.009571843524659118,-0.002916391724699152,-0.01918300085076241,-0.0014054474162004116,-0.005069108208244022,-0.009513672472313273,-0.004314057866497523,-0.0028147964466546105,-0.002345613052033624,0.00024620248904749786
2018-04-25,-0.005245395996620106,-0.007546470182510645,-0.007305754250132579,-0.002001295205547815,-0.001388490102356199,-0.006655934469300018,-0.006496991009473874,0.007780592526143382,0.008132646418364864,-0.0072158218793931805,-0.0026522541394439214,0.005128566482138774,0.0016429940955389188,-0.00036592752569331033,-0.007900316886381153,-0.0044293772861736525,0.00024620248904749786
2018-04-26,0.009272466407530544,0.025458079223524166,0.013219983191791851,0.011342583099324344,0.020715361643373287,0.013657102906769136,0.014033856569431125,0.0019682771161242396,0.0121370078567411,0.020502071646109954,0.013771884816988322,0.01257014429118164,0.01115497534960963,0.010131118331651923,0.016614052677216495,0.015016906176779754,0.00024620248904749786
2018-04-27,0.003566394775934345,0.0015780169412502598,0.005299565105876702,0.0016059892060680259,0.003165482227853511,0.003431585737951215,0.004351974990368879,-0.014484980466897723,0.004573606967420485,-0.00025934600475119307,0.002561189805434516,-0.0014996471335666506,-0.002082051052592848,-0.000755217122702545,0.003998174167130442,0.0005785713362440603,0.00024620248904749786
2018-04-30,-0.010695355542886809,-0.0040015649928083485,-0.0039801507027352745,-0.005097247008528316,-0.007845101029253287,-0.006912067065821259,-0.006077044195653358,0.0002662497097312144,0.0016013562705585738,-0.0018672878796578418,-0.004105945160238655,0.00518448839686414,-0.00207110856656878,-0.0015582011559944764,-0.0043074697099925174,-0.003768227868541696,0.00024620248904749786
2018-05-02,-0.010468509366430068,-0.01679698116744055,-0.016288033152005332,-0.010603868578995312,-0.024502939367318954,-0.014095179756283271,-0.014884990836127154,-0.02541120445939482,-0.0025035647108301307,-0.015275670537702624,-0.025273779490255444,-0.0318299303569215,-0.015868276935219416,-0.012535758595503821,-0.01279500331623551,-0.017854731639194377,0.00024620248904749786
2018-05-03,-0.01128825691118962,-0.02283370121620809,-0.016324422469834787,-0.01635981977555745,-0.013568031800981095,-0.0177145200058062,-0.017655252353911965,-0.0243757720110378,-0.023599162143214225,-0.01012412223790804,-0.0228153736864245,-0.012764082024316448,-0.018370677049530104,-0.015234562543341212,-0.01821404456448339,-0.015172202387495837,0.00024620248904749786
2018-05-04,0.00940034414270463,-0.011960276258229152,-0.0015711904668030963,0.013122331508548468,0.006620143648534693,0.0026016329437728025,0.002346685870088683,0.008817585091531965,-0.010747094865098172,0.01145450958975891,-0.0033025397164604398,-0.01063198686274669,0.0009213644563814682,-0.005443177121690623,0.001853475696772744,-0.0026413438066128503,0.00024620248904749786
2018-05-07,0.0031155083425826735,-0.002056773717760141,-0.00036203816433422187,-0.00034677918715331213,-0.0004315938759973381,-0.0029904128830090526,-0.0032449634120546023,-0.02106586774392616,-0.0044340044203387,-0.004275286603178774,-0.013353435267547842,-0.0026075073072215904,-0.010224071329693163,-0.007179870718850623,-0.003277912021527829,-0.004644455451186191,0.00024620248904749786
2018-05-08,0.005786628832847418,0.001841458288112774,0.00759059538768625,0.008451279584515081,0.008388095650922578,0.0021679404582535255,0.002497024855147467,0.012687695087512552,0.0026340981004386865,0.0011851946481076236,0.01510518571529107,0.012669619837794466,0.0046377403566095765,0.006057617927264003,0.0030028685659582166,0.002688586366653478,0.00024620248904749786
2018-05-09,-0.010261186371456121,-0.009198809624992976,0.0034927080277595834,0.0018755756740351792,-0.005161615395688823,-0.0030063212815721885,-0.002029695757473693,0.014249488376970598,0.0009038544694408568,0.01868616272593915,0.003003677160347662,-0.00401182346812512,0.009943646961691588,0.009463706907252512,-0.003429913376662208,0.015229508383915347,0.00024620248904749786
2018-05-10,0.014347787938905343,0.01932227110990281,0.01486294315534753,0.023102410355927194,0.01848511476178616,0.017710548752639,0.017520344192093695,0.006917113449245393,0.0019841745247488607,0.006669337341148829,0.007051844447564681,0.011307175975990624,0.0058121306596738975,0.010072912568221959,0.01576506742184658,0.01872312125658704,0.00024620248904749786
2018-05-11,0.01045793027592068,0.002801481914072035,0.006193205873096463,-0.016526649649959757,-0.002156930195558515,0.0032685854586318452,0.0039231673713453485,-0.004213348505997749,-0.004789119649034279,-0.0024770952071805352,-0.015057134397648775,-0.016743287715424326,-0.005845616988438329,-0.005705957892027436,-0.00060372136563136,-0.007624679922261124,0.00024620248904749786
2018-05-14,-0.0132076829422072,-0.019400913221758187,-0.02073704571821411,-0.002659403926806969,-0.018933888966652934,-0.014671827901050594,-0.014815273130874496,-0.023167873986513432,0.00022807818732473173,-0.00592031344339583,-0.019213922275994832,-0.020605733049314012,-0.010969064290975328,-0.01334971270111951,-0.011066992465892933,-0.0010934520678311799,0.00024620248904749786
2018-05-15,-0.005031449438976265,-0.004981817671905864,-0.0254107467698379,-0.004405616060937145,-0.008227177402728714,-0.01231164596835721,-0.010683674934606757,-0.014128508287372443,-0.0024817214981511793,-0.008350136858558121,-0.0058916874717614975,-0.0030410229218562623,-0.007206325386019619,-0.007727858458774772,-0.002748808334963271,-0.0019822485798550726,0.00024620248904749786
2018-05-16,0.0076144071940100755,0.01671530823233791,0.015446622245405717,0.017383150278994286,0.01561998692181188,0.015509010648268484,0.015764734157037275,0.027753584045823843,0.005922488849213314,0.02858137141351813,0.029082555967662183,0.01843722237992007,0.01999500282790012,0.01574879659107875,0.014986338515750264,0.01611125386949963,0.00024620248904749786
2018-05-17,-0.03464853396930201,-0.027590465601521674,-0.0250150934768244,-0.031582660110002325,-0.028875974755797618,-0.03212340217001086,-0.03177412509468336,-0.03601827534476021,-0.021972867767569904,-0.022474153446435885,-0.02755387769324691,-0.038099641996152345,-0.02793106941168544,-0.027393193139619743,-0.030662512332473302,-0.033643194860179304,0.00024620248904749786
2018-05-18,-0.010693220958147176,-0.008718244861673052,-0.012039711770889694,-0.005892026810800921,-0.00863688962024467,-0.008295291730858967,-0.007976151268619835,-0.016999626772185916,0.005987706647293978,-0.011520452732691755,-0.01076739114618197,-0.001145636299663022,-0.006849488865626752,-0.00667605624843326,-0.005435295845880983,-0.0065234318992759555,0.00024620248904749786
2018-05-21,0.004270873083003002,-0.0020891793239025125,0.002764102536155333,-0.008415071161386067,-0.0027699566877047443,-0.0014890293895408746,-0.001171838109100709,0.006483682967239668,-0.011684719081240358,-0.003110384677236011,0.005178390803235899,-0.00391435829890785,-0.002542962900743073,-0.0033180443075543353,-0.005025408380369578,-0.01404391962549556,0.00024620248904749786
2018-05-22,0.018657998026287315,0.01761331616123929,0.015924326770913266,0.011071953913250221,0.020996891395469675,0.017420290425915308,0.01681504482837415,0.02531863161022252,-0.0017331530718689425,0.009939426205216817,0.028491730267517168,0.02564779806544193,0.014841911610181668,0.01713387392746535,0.013339177028622196,0.012101579964858056,0.00024620248904749786
2018-05-23,-0.01844175066534659,-0.012153054084570347,-0.008363538959889394,-0.019015297107337514,-0.020284922017757223,-0.014061570780622423,-0.013858032011516253,-0.02342368083108959,-0.01079888867363532,-0.02225573379224921,-0.018591438079737288,-0.014634698858353112,-0.01844928598714779,-0.01727076512640291,-0.0127450296477154,-0.02230965727874812,0.00024620248904749786
2018-05-24,0.010246824728176396,0.015382650940857667,-0.0014038453634418468,0.01370031882321654,0.010279237623671333,0.007775545288217112,0.007501331170810088,-0.007142492948149504,0.02013277553320525,-0.019206281358040034,0.01158594096842469,0.0030854216855251693,0.0009868620020123675,0.0024558762317801186,0.01424150138140079,-0.009421541523664367,0.00024620248904749786
2018-05-25,-0.013641399851734293,-0.005682114886451983,-0.008678847446900284,-0.013505451812585223,-0.006457140006182027,-0.013194298105686286,-0.013346823578340272,-0.02832370756708813,-0.009736002024469559,-0.029901471404148783,-0.013791294115389041,-0.007084243852476968,-0.020551144097676777,-0.014400235365843561,-0.012230168212709502,-0.01445521372621561,0.00024620248904749786
2018-05-28,-0.0517676938801217,-0.03442884830263593,-0.05096897180353055,-0.039734898107391614,-0.04015693394392361,-0.04391324565576171,-0.0437303537315612,-0.06672288045955654,-0.018253527630506694,-0.06738363430759575,-0.04323430327030553,-0.04956638895238441,-0.04764142694174278,-0.04592757182324225,-0.03515936325229396,-0.045184928768839505,0.00024620248904749786
2018-05-29,0.0084074413536388,-0.005957651953231058,0.013526525243743759,-0.0021171060125270147,-0.0002717206164865038,0.0022266205920833393,0.0022056318397203345,0.01673003737517531,-0.00501534633902323,0.028436591177054993,-0.0008108808272037082,0.011733234656335467,0.008876068731987319,0.006748954599520518,-0.006067340165791912,0.010072195843199294,0.00024620248904749786
2018-05-30,0.016586153493959088,0.014802431809918914,0.010220875997794865,0.01144981687531721,0.010394483850239222,0.015696737028976226,0.01604754254070251,0.026761754388040737,0.012576036007007962,0.01718085856215379,0.00926354879328084,0.019780823847296958,0.01745629603573584,0.015967439562486696,0.015606613320781282,0.00923154839912832,0.00024620248904749786
2018-06-01,0.01280477661051016,0.02457300587293565,0.011095099914077755,0.009138705198376451,0.018125371756636754,0.016760372934605305,0.01647209612689804,0.036659895112720386,0.02215438482051968,0.00235273226099042,0.02411325227182015,0.016403075204236783,0.019658832248593106,0.018022265144802985,0.01944022014628133,0.006979379221902837,0.00024620248904749786
2018-06-04,0.02154012007015571,-0.0013477055826105477,0.008987642334307377,0.006937327372721347,0.003973675888665484,0.012205729921363595,0.01108751410803177,0.04212869252479923,0.010311981047872676,0.02351399215557226,0.022166273685132243,0.012442072302151885,0.021552805216649817,0.016788308447824418,0.003807507751759198,0.017938351195015523,0.00024620248904749786
2018-06-05,-0.03624723549094333,-0.026469753283075326,-0.03452648865421337,-0.03167611869488951,-0.029919951062010175,-0.033695883775599955,-0.033188845276145185,-0.032773780756512716,-0.011342351745077472,-0.023843382808292235,-0.031455529155726136,-0.024704159701445128,-0.02357564924244071,-0.020844647762475743,-0.028143697743621354,-0.02472527472527475,0.00024620248904749786
2018-06-06,-0.015337479324227021,-0.0075131102751602175,-0.024103186811846422,-0.01075576129794431,-0.012403050053627407,-0.017028611273533834,-0.016927037363244968,-0.033219907859859066,0.009391211545324962,-0.016465128570545273,-0.02182905509661781,-0.0191505805111416,-0.01213121932132033,-0.014451668718507116,-0.005719653252847956,-0.007734451653742647,0.00024620248904749786
2018-06-07,-0.0319411717435194,-0.024417241065492812,-0.02910105691715037,-0.01950492613141508,-0.018064317387072926,-0.030191883183191437,-0.02976717642102167,-0.05541568185939949,-0.024697900058950673,-0.03958505508046528,-0.031206448261838604,-0.02571099276112765,-0.03672449357408136,-0.0350394315261604,-0.019648768198728628,-0.029507859969640116,0.00024620248904749786
2018-06-08,0.015223613952240367,0.001470803627722006,0.008951013428309507,0.007061925411211867,0.00045795639875922944,0.009039402304124478,0.00851622257346274,0.01020644124049408,-0.026168888627517428,-0.0007458509903691679,0.010735881286285665,0.0006935767511018209,-0.004339628405200746,0.0007729389835373635,0.0019571956822170833,-0.011347374606991312,0.00024620248904749786
2018-06-11,-0.008677671726346037,-0.012530528617911374,-0.01338008183622974,-0.007774472108758368,-0.008870670244131351,-0.01037897327645343,-0.0106741575398005,-0.013824270646269898,-0.005629856154620194,-0.003310668432143782,-0.011240921596772813,-0.02136756191395206,-0.006938277711748819,-0.009268543249760453,-0.009774318369903057,-0.008640874140508736,0.00024620248904749786
2018-06-12,0.0027517939477952336,-0.006221940202574272,0.0014721959316501554,0.0013058458257280137,0.0007511506967667891,-0.0008963571925725278,-0.0011001606351610516,0.008749565585394636,0.012394519015176853,0.006159251510797548,0.0031394751266597964,0.0013508444663568042,0.008375103406260909,0.005696353397488529,-0.0015886640163836896,0.005548220897326317,0.00024620248904749786
2018-06-13,-0.0026241074403444697,-0.007047415025779213,-0.001478529382087368,-0.008921305811230185,-0.0065101045766573495,-0.0032932392984871273,-0.003166079158395285,0.00330547690010885,-0.0005437419006757427,-0.0011605265771111872,-0.0014221026776916057,-0.00529583548438628,0.0002572929555826331,-0.0023535764295505857,-0.007152822291768723,-0.008281581093997015,0.00024620248904749786
2018-06-14,-0.005482985825315589,-0.004815958159633427,-0.015861464528567293,-0.015699587819294702,-0.010881849770498997,-0.011411399014433554,-0.010452954679514459,-0.001827606745645305,0.009360103697460875,-0.006575632588828428,-0.000731858332780444,-0.007329421307509576,-0.00019283351238263968,-0.004539934710483751,-0.003938278778487958,-0.009419086816002342,0.00024620248904749786
2018-06-15,-0.022129373109386896,0.0024600657164708384,-0.008468506804283904,0.017929548444248544,-0.005259105986653356,0.0023923014410272003,0.0017243543501825886,-0.0215234334208787,-0.006208256872520246,-0.016025480009788318,-0.0034631494368819737,0.0017723361267065751,-0.011890269683766275,-0.008140125180582047,0.008338544129085301,-0.009525283808239582,0.00024620248904749786
2018-06-18,-0.01683326786577266,-0.012746884460398067,-0.014415266860017817,-0.010437406924779236,-0.01274958239744961,-0.015590874156457213,-0.015756975544580887,-0.013970714431240872,-0.008209652575449478,-0.013575454891572969,-0.014386347213727446,-0.0117854751415305,-0.013043832593976123,-0.010250138554125598,-0.014058677395325736,-0.013298922431520976,0.00024620248904749786
2018-06-19,0.022709707865479434,0.019323802516967525,0.02782859254687331,0.021138490612812477,0.026652471394673416,0.023969219165414613,0.02325789017556046,0.03796276959036793,-0.0013425908003127374,0.01705703898098676,0.028028767353946993,0.02715848038820079,0.01847675971230478,0.015611011614656167,0.01814799900285724,0.022440339604526516,0.00024620248904749786
2018-06-20,0.019904643023093804,0.010400521999232026,0.018967645765180396,0.004282651776791324,0.008984672493245194,0.01421173156466815,0.013071266538949633,0.010637015397777505,-0.0035447824898383606,0.024999180067783122,0.0037390445247931225,0.0042956520389321184,0.00947898960159299,0.008066866835391817,0.009285173480188424,0.010061556368123226,0.00024620248904749786
2018-06-21,-0.027407315555471157,-0.014981642944873919,-0.027847199011105994,-0.011965066643679245,-0.01779541212594815,-0.02348504172426369,-0.02250598135521864,-0.03324539052876674,-0.011789986402606867,-0.03282659979057334,-0.021110611269700374,-0.017446533085429983,-0.024416851769583747,-0.02038278191257492,-0.01855998686282856,-0.027936525448042926,0.00024620248904749786
2018-06-22,0.0104065075156905,0.007208932961665804,0.01674881664837624,0.0012415962923733037,0.01232228363911303,0.008144948023671938,0.007378834477407281,0.004119772819222378,0.003186500370928602,0.008238371948266154,0.008115884126866924,-2.5260474967980784e-05,0.006119163406283157,0.007328279646834135,0.0022169913563956367,0.008337257732508041,0.00024620248904749786
2018-06-25,0.0042139721354608195,0.0055536508406293095,0.0032134986737759608,0.0047629478761404,0.004630180808272932,0.004110379310233059,0.00472697643616371,0.0021711961509465194,0.006605439353783993,0.007289562710711461,0.005992807478784501,0.010958812408747187,0.0054753599141308396,0.004759295628949944,0.007877003399708649,0.004358756323491031,0.00024620248904749786
2018-06-26,0.0005142544535641225,-0.003443147731320484,0.005284503844176447,0.008858032647771186,0.003078183024717074,0.00410571334682297,0.003306765250136623,0.012203327101906858,-0.002847184920248491,0.012511952307954655,0.007025772659828844,0.01806029525451147,0.006360401842499419,0.00619537951493454,0.003203728522595428,0.006279135557988091,0.00024620248904749786
2018-06-27,-0.013956610273187398,-0.0072555997665793015,-0.016671533297885954,-0.01410371037995306,-0.01331683845554732,-0.015440675889159206,-0.015184491434554914,-0.018447806852232906,-0.00492649169230408,-0.008052908698711336,-0.01863525090585183,-0.0012806608557370813,-0.011882841374150188,-0.009579720450184182,-0.01200094566551213,-0.011045377347791985,0.00024620248904749786
2018-06-28,0.01892233970895929,0.011072494519413612,0.01654795165497447,0.016160274417834852,0.01397972039371198,0.017664233659029138,0.017009808520750402,0.01950985712862985,0.0014524076115449702,0.004214362892484447,0.01367141057876986,-0.004388117738091779,0.008576769033892928,0.006259957238526681,0.0161766325712831,0.015193895113199796,0.00024620248904749786
2018-06-29,0.015142022322992776,0.011268511309920015,0.010280681197409214,0.013269657009965297,0.013785916692746536,0.012332846657491014,0.013386178768058477,0.023566316769528584,0.006864382246557721,0.014001694475115345,0.017395487720584635,0.01336178061222415,0.014649228164394179,0.010214465770549852,0.01419600807355903,0.013303965115264438,0.00024620248904749786
2018-07-02,-0.01311808050737906,-0.005891202309247223,-0.0030438467167070993,-0.011571150825010479,-0.010084289963968152,-0.004942446911977982,-0.005416852388563931,-0.01770844893700374,0.000984343388111375,0.0015292181784001269,-0.009590667668961217,0.007341963234847038,-0.004926174781870185,-0.0013582447532833886,-0.009239398830978351,0.00044388419361762743,0.00024620248904749786
2018-07-03,0.022719028555983956,0.011862339520218423,0.015323868320063827,0.016894639594997374,0.020039299564926116,0.01550700156943785,0.014543242479204022,0.017115805511650928,0.0020785931976567973,0.015597105340209305,0.009999466182865957,0.018826470618842572,0.010949047943925816,0.011987406416545054,0.011003195316016345,0.011155231489651474,0.00024620248904749786
2018-07-04,0.010086834708170622,0.010256065908772927,0.013352376151277046,0.003083563891657759,0.0076646656237471245,0.011456682676558083,0.010962051977255083,0.015006272376435481,0.011973120797270864,0.022932345152191003,0.004742015142662037,0.004679065522140702,0.01426880820105736,0.011216867894082272,0.005029636961024986,0.014245907188475515,0.00024620248904749786
2018-07-05,0.005946033544467655,-0.005554903819465662,0.0018780495097228123,0.004892405995453819,-0.0024862971864137995,-0.0008875807579457051,-0.0005968389282740016,-0.012673735362644711,0.0037158836556252517,0.0022593587572237173,-0.009873732467406304,-0.010066681093328755,-0.002052343626569364,-0.0009430646392994957,-0.0012849800114219656,-0.0025193333216230185,0.00024620248904749786
2018-07-06,0.005155826584691159,-0.00017731887799610213,-0.001506477829118058,0.0014130347320620018,0.0009486004317973418,0.0012271274790722764,0.0017560922062964668,0.0070346453921839025,-0.004159085347902325,0.0045303160807228515,-0.0017484085697068164,0.0050157465783515764,0.0023750622845384317,0.007750720641956921,0.0028775132420593152,0.006132762603127118,0.00024620248904749786
2018-07-10,0.0058784281214183665,0.008369898912832463,-0.00011375747204134257,0.016930658164017842,0.0037913102458009273,0.005987021698654393,0.005138959473663718,-0.012606558986215655,-0.015172848625642943,0.0016690919940987037,-0.005613137351998976,0.012072871867863322,-0.007018907725586887,0.0017642907553321319,0.010201396249862826,-0.0015693839827541911,0.00024620248904749786
2018-07-11,-0.010820950204155189,-0.0015042651865346812,-0.0034392361290198625,0.003937812584570599,0.0008877008277352605,-0.0035640034174913016,-0.003659418729333286,-0.025203584972501303,0.0067326896444186435,-0.0060057775792186074,-0.009005780559769971,-0.010751675388854687,-0.006574886275081626,-0.006742297728054014,-0.0035277388821952638,-0.005651456201944849,0.00024620248904749786
2018-07-12,0.01657102394582055,0.010437289447596587,0.012227465952276528,0.005834503751073417,0.009533518198404645,0.012810382042582447,0.012772341244305485,0.03771215213503143,-0.002580306325463577,0.028994910805206775,0.02528645550648201,0.027488134449860313,0.018117120544816512,0.016059367639496003,0.007897431428509183,0.018953090985545096,0.00024620248904749786
2018-07-13,0.009287812733027367,0.012276829812225332,0.006551613778499776,0.009244032072321051,0.00992099565025284,0.01013713109648684,0.010825503274569881,0.024528816037641787,-0.0004986398027835293,0.013886188484337536,0.0203321539628607,0.015138005172987468,0.013228079605372312,0.011341135326763396,0.012054139152175347,0.009950690303708098,0.00024620248904749786
2018-07-16,-0.0012192168033701156,0.0031068578417492443,-0.0018969550551188874,0.00425099582263555,-0.001259374522977863,-0.00030307316515809646,7.078784616254552e-06,0.0019882620724720468,0.0029842058824176565,-0.0047527116083248,0.0064289183610952705,0.0007893490577717266,0.00024316945772273613,0.0018925239169687025,0.0028797516792620215,0.0013581219403788758,0.00024620248904749786
2018-07-17,0.01509488032372075,0.011875787283705863,0.009610051188663649,0.006532980662693033,0.012048670163932629,0.012038708667015952,0.013213060183637326,0.018221625068919334,0.00389125397937784,0.014494174316231678,0.012685404295038172,0.008767853256680835,0.012322563236713657,0.012741754409906436,0.01331388249992882,0.018939763555512634,0.00024620248904749786
2018-07-18,-0.0017588803780224094,-0.007196732380326587,-0.006547748285026134,-0.008756277606811413,-0.0076142250827297975,-0.006181187657192777,-0.005865669022478537,-0.008827612855852984,-0.014118709318255207,-0.010221574108878473,-0.013807891602920619,-0.005053288886663232,-0.010904934787816845,-0.006497068318093713,-0.007930308560459842,-0.009322152471387124,0.00024620248904749786
2018-07-19,0.00740722321886933,0.0031394413329537407,0.010541004528958231,0.0017087112788003456,0.004863586915754725,0.008483095440882105,0.008065907228433034,0.006762617583794039,0.004296796347265763,0.011192654530947754,0.010075571957306462,-0.0007155485485343949,0.008383557440566403,0.004120419346752113,0.007128658336363891,0.0015168406027441517,0.00024620248904749786
2018-07-20,0.014977114491990573,0.006891434473109248,0.026290035699371384,0.016163612886259227,0.013288738335375028,0.016778440804368078,0.015449028160260392,0.0245941904443705,-0.011444424869516578,0.027419913691992592,0.01586523440151244,0.005106483979593346,0.01321704323318107,0.01333847635558505,0.007502401469629438,0.01469260537482664,0.00024620248904749786
2018-07-23,-0.0180212035867805,-0.012496443545654046,-0.007315558685354273,-0.005959254045049045,-0.01610791913223608,-0.011016247761478914,-0.010339186437419046,-0.011413940083795038,-0.005453281747070493,0.005224554992533825,-0.011629302935691421,-0.006082439472506196,-0.005155089147662051,-0.0051797761296186184,-0.008831450821554676,-0.006716294836294323,0.00024620248904749786
2018-07-24,0.006773795762065937,0.008287953214531463,0.018979007190028208,0.006262495006746471,0.00972700042071084,0.010986471916672569,0.010721166506994173,0.01619393296840066,0.014647460397680279,0.003127906836524641,0.014324761521044005,0.008162132200670635,0.010798958814942639,0.011264363527387689,0.008358961396413456,0.014056033224312259,0.00024620248904749786
2018-07-25,0.007006197110880574,0.010852066845949304,0.011038382652529322,0.00614132000722134,0.014207573752650138,0.009444212708835886,0.00925960252252267,0.005104183414208929,0.009732130458374177,0.0027735586779444876,0.007067603345539464,-0.002942575182095508,0.00579940555900027,0.004905288153653098,0.00593611280355133,0.013515643253247278,0.00024620248904749786
2018-07-26,-0.014873253100887052,-0.019735054899784,-0.025072991154388102,-0.014351789326913389,-0.019299309988690783,-0.017877964646112687,-0.018500880511624795,-0.006055694611563189,-0.0026106452291271287,-0.01504113768837434,-0.009853290504461487,-0.011034733117931794,-0.008638737707407307,-0.010948564288671192,-0.017997438826013235,-0.010368823222969392,0.00024620248904749786
2018-07-27,-0.008231195626927201,-0.0013865434844576585,0.00352700358513669,-0.0007561252489431958,-0.0026771153433384764,-0.0021239022299730514,-0.0017763701843220847,-0.006750211310498244,0.006840930346841967,0.002746035585243778,-0.005190826273877236,-0.0015398617871706932,-0.00018482268929254086,-0.0004461703781052373,-0.0018714975504883213,0.0049409821191657155,0.00024620248904749786
2018-07-30,-0.0007356713133408466,0.0012135291676351745,0.0008698244425253687,0.0050662510881158695,0.0032800125363494637,0.002468897902043299,0.0024866985918194917,-0.002491353719682121,0.0011165338855247953,0.0014988463535481333,0.001436472326337368,0.009445340792809898,0.0007781820750312196,0.0021207450485936086,0.002775433529073279,0.004593634738963459,0.00024620248904749786
2018-07-31,-0.006362999596836949,-0.01924875712183427,-0.00404292896739844,-0.01077934683747006,-0.010776941281071983,-0.01013715041654184,-0.009006468026599879,-0.011493997539803513,-0.005709349695961929,-0.022004633472003765,-0.0080518225133277,-0.024069699830364555,-0.01371401117947535,-0.009772529892322912,-0.013430286810923064,-0.012552400078002068,0.00024620248904749786
2018-08-01,0.007192867616233611,0.01103058501491061,0.010029676529331955,0.0030050751353114524,0.00979892047663089,0.007899332726412522,0.007195994760824664,0.004070231367110155,-0.0023541407981177986,0.010032963774974757,0.00869010743877463,0.0004180016259012209,0.005629432656743427,0.006163999395289554,0.004222421306987467,0.001412440639774859,0.00024620248904749786
2018-08-02,0.006909338261746001,-0.0016364308480805168,0.0013352289099708425,-0.0019000554921259072,0.0003231791412108276,0.001977765475655646,0.0012088313442226717,0.009898939565825549,0.004762314583716787,0.006745411633332088,0.0011987821314416447,0.0015171278421677314,0.005305485583551928,0.0036484634218585388,-0.0024488722392430606,0.003981470026592326,0.00024620248904749786
2018-08-03,0.02387543999336028,0.00680471857802023,0.019402564716656467,0.02758720667472181,0.018027427165975052,0.02117219594093478,0.0203183147459014,0.025118758942030084,-0.00029109713930675074,0.007293378005212681,0.015215584142630911,0.018740010995042633,0.012264185044258857,0.013523215884120532,0.01634689042096449,0.02179202898771737,0.00024620248904749786
2018-08-06,0.0035420563363837143,-0.003960117173688604,0.0008410898291062452,-0.006354117658594283,-0.0022491180198809246,-0.0015498057488120276,-0.0016456975122747242,0.005074896508928672,-0.0018173862810364483,-0.0030753486291472676,-0.0016003250423111126,0.005610554603018292,-0.0001560303179098943,-0.0005687351209922031,-0.0032427353962972694,-0.004598101894941031,0.00024620248904749786
2018-08-07,-0.009723810066508687,-0.010895006826343812,-0.008178288953050283,-0.012349370329260645,-0.014723135608124771,-0.009775360820640455,-0.009525212939004324,0.0030849393981036144,-0.009972060494717772,-0.010116825609972846,0.002542332792455859,-0.016057921658383822,-0.005589950210227901,-0.007486225715138017,-0.010677808727948102,-0.008133928533943569,0.00024620248904749786
2018-08-08,-0.01265931556980382,-0.005866465792923714,-0.008940446989446293,-0.007411565522597696,-0.007641166783849851,-0.011542090371926439,-0.011387867131383622,-0.021726593933697913,0.0008127594237512525,-0.007953190920858999,-0.01817593103256465,-0.013313473565958023,-0.011191698656134563,-0.00792157143787453,-0.007771283932710538,-0.014438179317017075,0.00024620248904749786
2018-08-09,-0.010589785896567783,0.0026788604632952406,-0.00597032465811298,0.005506544921526135,-0.0011276953865256845,-0.0038590840030401363,-0.004050834570672679,-0.013044203210231808,0.0016405606005869267,-0.0118377945740622,0.006949449851194611,-0.010879071676156982,-0.007259992871654131,-0.007445025552504703,0.0001863091441960396,-0.004749685179589513,0.00024620248904749786
2018-08-10,-0.041559975909401414,-0.027125333868815993,-0.032797472519541016,-0.02376042653497612,-0.028838243723133594,-0.03447598631070892,-0.03550154965987917,-0.03890616168110361,-0.006777613991501896,-0.028282856516977595,-0.023883043904578627,-0.022509340309304737,-0.023277952673149582,-0.024957064178123378,-0.03010123299350176,-0.028359787837914374,0.00024620248904749786
2018-08-13,0.020391458884829294,0.007536168743867755,0.011120804160870579,0.007472684144092412,0.006769319217885261,0.01203866498187356,0.011723531396814701,0.00941608722756615,0.013443221936892069,0.014273453090747346,0.010238593499144688,0.009494869417253415,0.012655449571015165,0.010071851253452335,0.011190929068715105,0.01217807673371607,0.00024620248904749786
2018-08-14,0.015714180643055853,0.020267667566972403,0.009539219549862699,0.015028908191252022,0.012151576278043086,0.019155752975066775,0.019323588992102625,0.026021623953538464,0.008185102304973269,0.006917865584096239,0.015697527761235452,0.02041939865303677,0.01403407358860842,0.018662207146847187,0.018686195372281222,0.01502212842163142,0.00024620248904749786
2018-08-15,-0.02415050257949425,-0.0066652296013199885,-0.012110584119744083,-0.01975462295831787,-0.015666734390827886,-0.013524803716223,-0.013395382995656901,-0.029376242853884293,-0.013522361384351922,-0.01871603087040674,-0.004759207737611737,0.0060422464959590805,-0.017099449998314142,-0.013705112201895076,-0.011860839509360122,-0.01861346053138624,0.00024620248904749786
2018-08-16,-0.0010529922645265977,-0.0016710757475669746,0.013165606657523643,0.0014809970557312369,-1.87430972127256e-05,0.003682869314965087,0.003163411997161747,-0.005480219201251857,-0.007520046463248775,0.003395113546478923,-0.0059516510609545215,-0.005756970179982779,-0.002775149014258571,-0.001408209715646258,0.0005733091914528199,-0.002929514822508028,0.00024620248904749786
2018-08-17,-0.0153784280934387,-0.0085128230107544,-0.008702700882265102,-0.015740632674711152,-0.014180728234105544,-0.01223189657668955,-0.012063033924415212,-0.010253645736236994,0.0008107293962449358,-0.0026942945316272837,-0.014639117698623805,-0.001023091974504342,-0.0065150489918482934,-0.0053279434224624556,-0.013243832297979097,-0.010147896943892287,0.00024620248904749786
2018-08-20,0.007113438847929476,0.0008261857936102679,-0.006573740573399323,-5.281817193258931e-05,0.008093441199469975,-0.0007597871982539806,-4.897149869786954e-05,0.015221204100904107,0.010025974807334359,0.016442838099691937,0.009849323946792055,0.012059811899000739,0.011787831382968239,0.0062292480482868395,0.0028408777687531916,0.0038079335082845667,0.00024620248904749786
2018-08-21,-0.0203450077925329,-0.006723050167716571,-0.021790639813065837,-0.013085411312333428,-0.011569939308737287,-0.01935456662285595,-0.019571035001449633,-0.041827258640287135,0.0007437932949134751,-0.02343425075379657,-0.02367798311890068,-0.018996122573751495,-0.020281492909334453,-0.01833085796321121,-0.013662083321117513,-0.015309241534201545,0.00024620248904749786
2018-08-22,0.026778007621263367,0.013374675325055652,0.01854660771080896,0.023930774408782884,0.01921029290924192,0.02144246787334425,0.02118775729369693,0.023668121671094333,0.012102394638659142,0.01763647821422465,0.011989283042050491,0.0176228604690154,0.01699070428187044,0.01665286017358003,0.018194721041524087,0.021564459392035884,0.00024620248904749786
2018-08-23,-0.01859648255382751,-0.012904928891603773,-0.021572048162494806,-0.014177335456212803,-0.01687298134619797,-0.018663335457380192,-0.016746352599778636,-0.025304720073035414,0.0034355858421251106,-0.01844794399904015,-0.021757045910631434,-0.01752992314390045,-0.015456611739150139,-0.015738550011795138,-0.009210300648443082,-0.016859806899756746,0.00024620248904749786
2018-08-24,-0.0017060234570664967,0.0002207369067690479,-0.003402925074444285,0.008976836108351538,0.004151605616275145,0.0011820455645872308,0.002509984237548668,0.005120951241305072,0.009555022054148932,0.0042649443639575235,0.005385145587724072,0.009275680550159704,0.005364578667750752,0.0032782323974593908,0.004743717704600581,0.007739707925734418,0.00024620248904749786
2018-08-27,0.022950204892280057,0.012525231025111605,0.018788621731319788,0.018767170860100713,0.015953800582777067,0.019633854950855234,0.019755854734290423,0.023609240500703566,-0.000783984274093763,0.019059132538256973,0.0183016476619855,0.0223657901704033,0.01580014346711267,0.017415489168395748,0.01769029160022728,0.021777639409936933,0.00024620248904749786
2018-08-28,-0.008729110330261913,-0.002993890720805692,-0.005915899257503021,-0.006634159199665701,-0.00928885803111057,-0.0069885491852219594,-0.006265936985031528,-0.006871548762997004,0.0017183802585094554,-0.010848752101765724,-0.007052321291320496,-0.01063219251949643,-0.004953079270921035,-0.0044397037182146715,-0.00318048056593101,-0.005398384227112696,0.00024620248904749786
2018-08-29,0.00812426230322627,0.012702228854003739,0.013740002477415691,0.006934532922420633,0.011785174614274752,0.01034606721264164,0.009178314631214102,0.007837794653434704,-0.003120136910670812,0.008249993496895147,0.010551578196757339,0.005145537501841879,0.004731815167840825,0.005145604591971109,0.00582479367511235,0.011743365509586212,0.00024620248904749786
2018-08-30,-0.017629790939705403,-0.014513283366996643,-0.020874789717107767,-0.01854337223560998,-0.021827635161939085,-0.018717532754814692,-0.018345047988298613,-0.029967060344900265,-0.014383701460106146,-0.017392527043337935,-0.025680285670537484,-0.008754235274342048,-0.02118952113194128,-0.01692828992037454,-0.016449920965656006,-0.024849867835347816,0.00024620248904749786
2018-08-31,0.013127021285457507,0.01093070572611321,0.013186809389265086,0.006185248435309099,0.01080859573530657,0.011245500446821932,0.01029556836362544,0.011878104425300462,-0.003955438254472199,0.004000964586236444,0.011939854343400613,0.002700018619905986,0.005099662458444287,0.002312325449431718,0.0036233339786180263,0.004012744420343273,0.00024620248904749786
2018-09-03,-0.009340748780603092,-0.002197845924394204,-0.007910556513712197,-0.0033984248222387325,-0.00682198791434363,-0.005577055258239816,-0.004585873927813178,-0.014005792399568784,0.013113079068663325,-0.004265539669095264,-0.012322077942903298,-0.012457078086358875,-0.0019963184771314424,-0.0031938968250959654,-0.006398008537956801,-0.00596150613734725,0.00024620248904749786
2018-09-04,-0.011324082268098667,-0.008396080759929037,-0.010887836400284678,-0.005734413526890081,-0.006092948726774683,-0.012601784530269722,-0.01329998523453546,-0.039201823230099686,-0.0006204138667788017,-0.01443859572033368,-0.02579407713730142,-0.0038500921837835156,-0.01691417788316818,-0.014571938394127959,-0.011805212167829593,-0.019131488140502584,0.00024620248904749786
2018-09-05,-0.008207930981114275,0.0019953883505121617,-0.009071461595623886,-0.004967263174095682,-0.006733611656942973,0.0002975297098455343,0.00038011455006525807,0.01310449227067334,0.018277478788118362,-0.001425133060807604,0.01070287199942177,-0.0006607137007580421,0.010165537494436716,0.004840252489402674,0.000770964298422383,0.005474986932624271,0.00024620248904749786
2018-09-06,0.023990354338966347,0.014492951539293086,0.017356403984744917,0.02233130471630096,0.021139720825138042,0.018808205473509032,0.0179462599053537,0.018964683300413565,0.008954894506173261,0.008645734331820254,0.018623281035099692,0.016077819333710996,0.012670910871210195,0.00947367076305361,0.015703703703703775,0.016944489828075282,0.00024620248904749786
2018-09-10,-0.004106215631973664,0.006914389450874303,0.0009994460367712676,-0.006819218953182715,-0.00014710356892089216,-0.0009184395738657258,-0.0011928240535606927,-0.004277796058952621,-0.008412618486933199,5.907347918299166e-05,-0.0035194491482992696,-0.0025578016768303957,-0.003206344517429849,-0.0013962859413629847,-0.003427654609101549,0.0008728280900147656,0.00024620248904749786
2018-09-11,-0.023416702980279203,-0.01886211826897466,-0.02433844484408032,-0.01606560622378883,-0.019357078275396233,-0.022201627155486348,-0.02129950610020004,-0.02430180514768887,-0.012251516186490896,-0.03072095627783955,-0.024714176393568432,-0.01409095027772378,-0.021811083749723514,-0.018286939917762424,-0.017453347969264454,-0.02282601075221402,0.00024620248904749786
2018-09-12,-0.0003434816890939274,0.001683316173903604,-0.0002454974269794352,0.0019006831951764447,-0.0002462118079576969,0.0004363868553989292,-0.0002519620421247426,-0.0042511783628080835,0.0016200591739035097,0.001642032861579601,-0.0017461776250676797,0.003529144840119791,-0.0009155287493894937,-0.002671093753085052,3.3515808289363846e-05,0.005422151609228543,0.00024620248904749786
2018-09-13,-0.012827703213828534,-0.0004879605592894576,-0.014578290297545315,-0.005396597813130288,-0.006373885907520638,-0.007175621675433286,-0.007932100665370645,-0.019228536083825687,-0.0003042178054026845,-0.014494986197996163,-0.010185874726528099,-0.005245228278748737,-0.01005968087314335,-0.009862065645895868,-0.010687460666793158,-0.006185928514069516,0.00024620248904749786
2018-09-14,0.0010490447042956763,0.0033471064122501115,0.00439754649953028,0.0025268512735745485,0.0041350755727842525,0.003289882869059957,0.0032875675225789713,0.004760602772644118,-0.0012561635843497676,-0.0021125800297228103,0.009042067604033699,-0.00890037474233063,0.002575606044211254,0.002811925194489584,0.005661179889260737,0.009088100183535897,0.00024620248904749786
2018-09-17,0.01397157209591482,0.0115610476678909,0.00980390465090264,0.012322825180931307,0.011990934273007348,0.014336470582095195,0.013320131369061405,0.037560378727633736,0.005487576893868695,0.019351868852230503,0.019513436375753423,0.0035860154276050604,0.018456456101989094,0.010971252579226931,0.015585407208063673,0.017535335817038922,0.00024620248904749786
2018-09-18,0.022172275450448753,-0.0016432093958006488,0.02884908184964763,0.010835277221939776,0.011750797377238609,0.015392652775927163,0.01548729271882987,0.0368103308176464,-0.008337384396279623,0.0217096476610954,0.018699122451688144,0.005912956164917604,0.014062442209596737,0.011770453890165955,0.007411447756848544,0.018652946471938714,0.00024620248904749786
2018-09-19,-0.008591002409207849,-0.010601956392439438,-0.006510726435401626,-0.015049979926132107,-0.010868205410747955,-0.00991533624496832,-0.010223765317591837,0.001947331056816104,-0.012481254365222627,-0.002676298816887579,-0.014078271232855544,0.002045152506905401,-0.006400203413211458,-0.003198245895554397,-0.01482725317178113,-0.0015662013621789983,0.00024620248904749786
2018-09-20,-0.0017001795966481437,-0.0029956898818733757,-0.0017822172613369824,-0.008012544358137808,-0.0010248552537227562,-0.0015117841663474518,-0.0026429919982041694,-0.005654900093376103,0.0023624827544159732,0.0020581718307000063,-0.005436143871717092,-0.003254859317614378,-3.544033761626597e-05,-0.004201737546393858,-0.00533986891698679,-0.0008866870013551909,0.00024620248904749786
2018-09-21,0.018291440032970785,0.008471934941862935,0.018874126630299193,0.009119669381139284,0.010675443776078986,0.01494689893103951,0.015563675220627848,0.03668779563031355,-0.0007980154919691174,0.015369016393553814,0.026208133441528503,0.010711469007497643,0.016688368614021343,0.014337717725401378,0.015146141411275238,0.01665305873333489,0.00024620248904749786
2018-09-24,-0.02541132159005277,-0.012517577085726761,-0.02616681446577873,-0.02122359756803327,-0.020038910638220164,-0.02188104483849007,-0.02159622289362917,-0.025731026906535615,-0.008609063027254282,-0.023710981922555496,-0.016706159130131182,-0.018828543741874926,-0.01894197175668033,-0.016709186678145915,-0.017483469038004684,-0.018128601055916627,0.00024620248904749786
2018-09-25,-0.0017458234781576598,0.00046024105177888686,-0.0032229049861117742,0.004824538942044931,-0.001132900460416475,0.0013152492510231095,0.0011861887186719322,0.009038547077323988,0.004067138983391949,0.002220040674498991,0.000608515572793511,0.0032593618736747043,0.004487198290927807,0.003653940428083091,0.002234615960473141,0.007585659587715954,0.00024620248904749786
2018-09-26,0.010398856302828996,0.006867610856550854,0.008409427440771111,-0.0016310097374763188,0.009785230566270453,0.0030836503094313628,0.0035546307753002715,0.0012878002700156266,0.005636930308511312,-0.010322891084391661,0.00018617782867336174,-0.0017560176639630498,-0.0004809635140372581,0.00025288203700735146,0.001374380501723449,0.0008532584348281969,0.00024620248904749786
2018-09-27,0.01792832642268327,0.014884801603786135,0.01847291302349019,0.014702088603702812,0.021202280991708067,0.014841711898556653,0.01476927565225683,0.010650323207219037,0.003581648670742954,0.015503326296369524,0.018941182189607497,0.01842725023023295,0.011618529492775309,0.01138366824947834,0.014381351981352042,0.016602701063219927,0.00024620248904749786
2018-09-28,-0.010690966994135742,-0.010501999737896783,-0.011961198320110666,-0.010255496769479122,-0.0130499340123853,-0.010496867651554664,-0.009926242793395934,-0.007741875425223865,-0.003218652233454744,-0.006833928570410763,-0.009411842594309827,0.0007769135696602536,-0.006884627961964762,-0.004809621108911921,-0.009408745463837631,-0.007690180042046024,0.00024620248904749786
2018-10-01,-0.011728379453141313,-0.007740190012952675,-0.01624111161919961,-0.010562282135591072,-0.008134241323003222,-0.012623355357729626,-0.012980040574554486,-0.009347511460458202,-0.0043509879213240454,-0.0225033654421245,-0.005950248689878146,-0.015115801312939547,-0.010624612692703428,-0.014371387456682205,-0.010841727847020532,-0.009473415010643471,0.00024620248904749786
2018-10-02,0.03666138229596405,0.025197080865677846,0.05210261139694272,0.030184544844956473,0.029960733900958436,0.04031595611203276,0.038843382278463734,0.04883323163262676,0.0047998793935213335,0.041236346277706115,0.04448159956320907,0.021807461123471983,0.03261831442672247,0.030885843374872213,0.034468913812706115,0.03732084878114028,0.00024620248904749786
2018-10-03,0.028317262535665577,0.02086379682071171,0.04788805571693078,0.01757657106245336,0.029888723320840027,0.031143143657191175,0.029501946095272347,0.03277678318213906,0.0042368284137142,0.020418195731113586,0.03063006567101989,0.014738586680692833,0.020596622993072966,0.018749711575935857,0.018129255278631184,0.02014004471188402,0.00024620248904749786
2018-10-04,-0.009941272838192572,0.0012824393468644502,0.012267599710924948,-8.20243577148716e-05,-0.0016787937321049995,0.0023415831974438195,0.0017488875543270055,-0.00385089796099114,-0.01235179155894417,0.02085009103246316,-0.0009787222296182563,0.004949235966735355,0.0010212302527881079,0.002104660234015343,-0.0042574416160463535,-0.0032513503899045393,0.00024620248904749786
2018-10-05,-0.007133190979426551,-0.005907888485721213,0.0012417886379580967,-0.009232760148387253,-0.010523638728194729,-0.0018236003222669162,-0.0027804755057718733,0.007155781593185528,-0.005371431198011534,0.0016237670920966618,7.478453328335632e-05,-0.00723517228149928,0.00031043930842611367,-0.002819166049143229,-0.005241690221474915,-0.00715757825143426,0.00024620248904749786
2018-10-08,0.0585170335613745,0.023004020893236277,0.07925484739191435,0.052509090154626126,0.047543283932028224,0.055750838004694714,0.05327586722649835,0.049669794668070644,0.011089932923966872,0.06488393440477691,0.04340996638796013,0.03424275590605186,0.04072630076846906,0.03515392680351459,0.04401043071666222,0.045090844162965826,0.00024620248904749786
2018-10-09,-0.009831154906080886,-0.012893829908404708,0.0024668460165904182,-0.0006556941616709944,-0.001307283525834757,-0.005199722524106276,-0.00540274781722383,-0.003060233134558943,-0.00729727512790268,0.007648966769757681,0.003659472707679745,-0.0026116681360343064,-0.0003508246592416331,-0.00013593641504616727,-0.01157578868673359,-0.00035923370641777197,0.00024620248904749786
2018-10-10,-0.024348546442638397,-0.014543754988881163,-0.0326779277762177,-0.019845715798177843,-0.02012734458092602,-0.025422165302132038,-0.024992072202892457,-0.043418930908338926,-0.009525708440202285,-0.03412443940371912,-0.025922719605544486,-0.02249161573143421,-0.02738390132348434,-0.025983523503039674,-0.019128549569363718,-0.027658768325027006,0.00024620248904749786
2018-10-11,-0.003693432859640744,-0.0053008786047837875,0.0003419518920582121,-0.008160417957330024,-0.00830998927084503,-0.0029511566130979716,-0.0034108060163785536,0.003931160723166904,-0.007601743116591897,-0.00025783282196101265,-0.0013100199952681413,-0.01007865902472993,-0.0024485756676919657,-0.004931117639348059,-0.0059094640261821985,-0.008459132912685408,0.00024620248904749786
2018-10-15,-0.004725835287230584,0.004748146382357321,0.010308559908405401,-0.005177383418458414,-0.0003488204538556472,0.00307951916380933,0.004038148290992805,-0.0034020994238532776,-0.004526121103885616,0.014453396375745164,-0.00047307031608689876,-0.0013090612936512702,0.0009059198941714364,0.0007548443812814831,0.0003038427167112445,0.004989407780775945,0.00024620248904749786
2018-10-16,0.03413797531398033,0.02074900308453631,0.028854806293493462,0.02969665155326573,0.028934460470199985,0.028211963109018745,0.027747984475335885,0.04283595212039293,0.009899076939759777,0.019844342323378727,0.038119640339694616,0.030212388846402316,0.024999887320283243,0.022592816045434283,0.02542212375149644,0.027823286951940585,0.00024620248904749786
2018-10-17,0.009971115141848896,0.0005469185877091665,-0.004214826584614584,-9.742833671899653e-05,-0.0028231760797651217,0.003342685234735576,0.003390028048199989,0.017933291609614432,0.006383052923503385,0.00031891143442930314,0.0035093940166774917,-0.0013712646949283203,0.007193085663564469,0.006409797417078034,0.0008363855598032544,0.0008660343214401678,0.00024620248904749786
2018-10-18,-0.010117929306203588,-0.00978236439452651,-0.015764136763369296,-0.004750562377396239,-0.012053488088153541,-0.01019970364383016,-0.009407830383695415,-0.00539312733406172,-0.006718377481877091,-0.017480836180406523,-0.012815166633819208,-0.010143744379506603,-0.010717204514208878,-0.007240877685406599,-0.007197350873466624,-0.02045910634346415,0.00024620248904749786
2018-10-19,-0.0009926078977486874,0.0008979567570834845,0.0030887268643762233,0.01094496660419586,0.0007151761886563524,0.004490292618073433,0.0038512487955040253,0.008258678632019567,0.005000911208630887,0.023011617100561654,0.012184786811459958,0.00901163176485742,0.010452271266006896,0.011537860842679493,0.003987766640245249,0.005189436456646046,0.00024620248904749786
2018-10-22,0.020449409915831662,0.0066259461653690455,0.01780680900482512,0.009865231381245954,0.012190344542643894,0.012899611718377502,0.012071906583183578,0.02132297238795533,0.0026996139557950993,0.021940670083920866,0.007183528459495214,0.009042257146225863,0.01301901268952288,0.014644235405183448,0.007224227011203066,0.015765298870336286,0.00024620248904749786
2018-10-23,0.007905928424478015,0.001708430754624679,0.010171796279529133,0.004028952175639144,0.00585608216279998,0.006383067530409736,0.005897367300236045,-0.00439201317188731,0.001362732682049117,0.004863595887929506,0.001551866582106154,-0.0026203078617257347,0.0015394330152873614,0.0017845852114344307,0.004210497109184974,-0.0030510434545906184,0.00024620248904749786
2018-10-24,-0.013005612070600137,-0.014853900812590637,-0.013275405642915294,-0.017183134024262192,-0.015802457642939638,-0.01718793508189631,-0.01614534536305612,-0.02615077286321421,-0.008293278554074357,-0.016065684885035902,-0.018360560595908404,-0.017678985060518126,-0.016803306643128346,-0.014435933488951336,-0.016090985387216206,-0.025233834845919012,0.00024620248904749786
2018-10-25,0.010925630734585967,0.0023299599323001186,0.022791375534612968,0.01035087483984487,0.01395192866943118,0.014723501628080227,0.014736018259256856,0.016711614628342364,0.003813775625413074,0.018776625000542557,0.012968548403919034,0.021404175501181566,0.014181856520029124,0.010925668508082076,0.012124318138738044,0.012027120533204094,0.00024620248904749786
2018-10-26,-0.0073643684099007345,0.003968745808799357,0.02167997696790236,0.006984676261755363,0.007416160790576942,0.010313160355154283,0.009159655702660308,0.005742131409568474,-0.007827294608744095,0.028662852958022844,0.007994021749526015,0.012035055376531822,0.00915587566232312,0.007040903214418748,0.003610371233560894,0.01853006300983373,0.00024620248904749786
2018-10-29,-0.018138680162534504,-0.010378201009007548,-0.014981199600170192,-0.013150510704992513,-0.01680708028475264,-0.01634630604492282,-0.01624719027204269,-0.025236198546227606,-0.012469587330044885,-0.019458858253816658,-0.014497532908057886,-0.017606086213553085,-0.019799070386666284,-0.01828413504493842,-0.015021926414331421,-0.02157118326126506,0.00024620248904749786
2018-10-30,0.057167106694637315,0.03189814997508433,0.030808935902953305,0.036301301472112746,0.04632795664958711,0.03464590402644152,0.03396137414540812,0.03963935048703959,0.029108152252874442,0.03399764954705198,0.03242452802891882,0.036572747279605355,0.03484669936885498,0.026817708061510848,0.038606462477633885,0.03660162632705988,0.00024620248904749786
2018-10-31,-0.0036186877602218948,0.0010406197045598198,-0.007255498587818376,0.008992908441807224,-0.0037725685440984646,-0.002120693455139766,-0.0006274714074678833,0.0027975827343875714,0.011514818425757856,-0.0032983383234109764,-0.004353796558428602,0.0017462150308980018,0.0019425140605946467,0.004880204048110626,0.004523129100035828,0.006038861604043433,0.00024620248904749786
2018-11-01,0.0038580601860929153,0.015472229818051186,0.012354515252352982,0.013629798993680442,0.02113932932671636,0.008937657430443391,0.007821909639766478,-0.0029736774526277765,0.010500361882318954,0.005176156753173178,0.015084218682028139,0.018762377851557543,0.007022682911774547,0.012276184325605177,0.009244282433173101,0.011678087783940194,0.00024620248904749786
2018-11-05,0.006100748404386236,0.016581035211298722,0.0026915104413949287,0.006805809290565401,0.0074660999261977334,0.010425569570577276,0.009996587776903265,0.012127096213877975,0.014314171841652401,0.016864256741025097,0.01180848064562201,0.01320660686696784,0.01447289668790197,0.013730352518649402,0.011698575912462372,0.013080760168038275,0.00024620248904749786
2018-11-06,0.007854009534612905,0.00036634203883001426,0.0019245208065061803,-0.0005740633233052295,0.0037539111311506446,-2.5344903565094334e-05,-0.001234439221312611,-0.015852363727291596,-0.003504390934669477,-0.0066346430527142175,-0.018576662203367844,0.0009351457132817931,-0.007556700425781715,-0.007192458240228405,-0.006665942107741851,-0.010173853456733939,0.00024620248904749786
2018-11-07,-0.016304135981644374,-0.0060555038719906085,-0.010901807064503721,-0.011098835491037073,-0.01114558044083891,-0.010176163379119862,-0.010323255298685496,-0.024838856690736377,-0.008463268053725326,-0.01126233461049475,-0.014595216343976314,-0.01548081811422386,-0.014193579455298866,-0.01140231113868495,-0.009847186257704643,-0.010446501577158429,0.00024620248904749786
2018-11-08,-0.010180930361478269,-0.01767518170690474,-0.004426349038771593,-0.010135199984847798,-0.003336135388104733,-0.014698765952706805,-0.014651557515926061,-0.023879311279455195,-0.01773834585618017,-0.02552725420448232,-0.020065873540690782,-0.01222783657580273,-0.022369302468728813,-0.02058261091266622,-0.021842425135364163,-0.023345423019607292,0.00024620248904749786
2018-11-09,0.016546521659334346,0.003924569911998965,0.012094290020306264,0.0038993538459961563,0.007636523109258997,0.011994779142187273,0.010958335070678338,0.0057788079991876184,-0.0017485075566755492,0.012651609731174185,0.003204469803976151,-0.0038701172433898146,0.004993800071175114,0.002692613579207359,0.0054122334962822816,0.0007123566258371294,0.00024620248904749786
2018-11-12,0.001923036541265466,-0.001172121510633617,0.0021455373678072043,-0.008302611259509263,-0.004376652586936425,0.000691107974724936,0.00033626202135650374,0.023796607099831002,-0.0036837141298327047,-0.007204579837419067,0.008425112778187582,0.003337723503688661,0.004456479959005666,-0.0003819650770562344,-0.0034968011249689734,-0.0008100649580391472,0.00024620248904749786
2018-11-13,-0.006496501700345103,-0.0010126136951429388,-0.004541039247219492,-0.0035545127849239133,0.0018640731633330354,-0.005167522429267435,-0.004282326535652636,-6.22038931962221e-05,0.009164456371248075,-0.015125883430117337,-0.0006417456196079474,-0.012040098141345768,-0.0017499064981389978,-0.003752994305246782,-0.0019954214644478663,-0.0061951374827629024,0.00024620248904749786
2018-11-14,0.017205217450015686,0.005486875977682049,-0.00013315261787205657,0.005912157983867683,0.00807707604301,0.007769958215249062,0.007240370865354118,0.0071788557314618195,0.029889722899522075,-0.0005591050614003334,0.011397479308446368,0.003129990625305945,0.012604066851870765,0.010611274909159585,0.008240723622494617,0.011981240013020367,0.00024620248904749786
2018-11-16,0.018765781393862202,0.01766634800612432,0.02405394116291526,0.03146797152325176,0.022917780004086064,0.0249093018067561,0.023798608026752488,0.033280407761543174,0.015228730115700806,0.028905871865420263,0.029090120113589135,0.02223266523413092,0.025716539088937118,0.024097895309573403,0.02402773580356765,0.028871785107504877,0.00024620248904749786
2018-11-19,-0.005498683024472761,-0.005374631230744775,-0.005219534746791044,-0.007451848611870204,-0.004314613584662452,-0.0031819456325626883,-0.003980598853207229,-0.00644263406184431,-0.011745195057265345,-0.009431563440166046,-0.004066578596968684,-0.007773721846635384,-0.0074032181325963675,-0.008730320160002414,-0.00720564779536359,-0.006728432019101782,0.00024620248904749786
2018-11-21,-0.0023959117143377284,-0.010662700444232565,-0.0003308146018878855,-9.439988184301029e-05,-0.008502650277542823,-0.00331414454702994,-0.0027631153887699433,-0.00747491203743178,-0.007458908035032796,0.004677545968109653,-0.007799894201050428,-0.01392091620161684,-0.003649536008052845,-0.003412998021385727,-0.0015497869043006318,-0.006638409008788981,0.00024620248904749786
2018-11-22,0.00677927289824054,-0.0034087980711433596,0.02004051315594424,0.0034486402324469534,-0.0013351309064261185,0.010978761741439635,0.010839275895559997,0.009725128189513654,0.008041386955153662,0.009335271582912252,0.00909711377073985,0.0016040095887066563,0.007996682857060788,0.0072632568491810545,0.004161481540952527,0.0029504524313763714,0.00024620248904749786
2018-11-23,-4.0944400158449135e-05,-0.006482125735501554,-0.005365732582385707,-0.0011357443528220434,-0.006551029045617662,-0.0007558424116618223,-0.001531842103963621,-0.003452416459607366,-0.005145050878669677,-0.018964483350696115,0.002905039793105857,-0.008991494958964896,-0.0067593896714738255,-0.00928312185946012,-5.996482063863606e-05,-0.01332816203928966,0.00024620248904749786
2018-11-26,-0.007397726141077476,-0.006540820311325413,-0.01306759254011769,-0.015517874208351268,-0.008363360828159472,-0.010715251631056799,-0.010255299289255726,-0.008867248632652203,0.0026418290222811613,-0.010708231468355534,-0.010831947292966437,-0.008318528593789565,-0.006820075692083427,-0.006151206457570835,-0.0102079571425715,-0.007934340590941558,0.00024620248904749786
2018-11-27,0.02092057947215764,0.022317579123758424,0.018279164771041412,0.03228598999549814,0.03620134874227099,0.020622960832029857,0.020712472741832633,0.032200993923803045,0.012678677661965843,0.025650528541667272,0.03972286599135355,0.02298916459348832,0.024850113788198458,0.018561123515514977,0.02258544433748244,0.02652621321412907,0.00024620248904749786
2018-11-28,0.013157073568818456,0.018400053618105705,0.009069164159402066,0.012426383401446861,0.017053418347794613,0.013687333208572294,0.0144491512331002,0.01733204397804733,0.006747699809688701,0.009590274931625453,0.013989720278452467,0.021120423729785953,0.012253527774760853,0.014257768757674816,0.014071572461192172,0.015487549171192772,0.00024620248904749786
2018-11-29,0.0010942502161237488,0.009257864410149974,0.0013738903500724042,0.013254774339376496,0.0022683295488659105,0.00880228439094144,0.008774178819537015,-0.00044571704443452376,0.0191579997704292,0.009902816613987175,-0.0010508665197819234,-0.002179135955802658,0.007866861546047543,0.004965930437847543,0.010435635015694,0.004852429006995118,0.00024620248904749786
2018-11-30,-0.006858799407013283,-0.008003670886912673,0.000495224449285514,-0.009051473241373564,-0.011227914403971972,-0.004432832524554953,-0.0049086171339262075,-0.008865695585282607,0.0008553523351506609,0.01321503946519531,-0.011735963522019999,-0.013006969900585474,-0.000983842178992167,-0.004583360929350078,-0.0049856405841423035,-0.0025844764135162235,0.00024620248904749786
2018-12-03,0.0012115004002017926,0.001002079485170393,-0.005033625558113375,-0.0072369149597731885,-0.0073721664582185875,-0.0003596866477366678,-0.0004515783061281864,0.00390368702244559,0.00793450404191609,0.012446383765521096,-0.006931555503283726,-0.009076965197156284,0.005484761403919514,0.0063317934234758955,0.0009459485636431619,0.0036731956802418253,0.00024620248904749786
2018-12-04,0.001029517070444852,-0.003554415453726145,-0.004986464278820213,-0.0023710137195649406,0.0011210921584186018,-0.0062551676672656376,-0.007044923758859678,-0.012513351241163262,-0.014313717046307017,-0.011725192778239246,-0.0055299979809645405,-0.011674450527154545,-0.011712354520996504,-0.010271362181646815,-0.011634170335607208,-0.01238451255403794,0.00024620248904749786
2018-12-05,0.010479686853728687,0.00011159018421724731,0.006633991255615701,0.0042162273373496095,0.004799910056020984,0.0055224647819676065,0.005570906479515969,0.0072018148269969995,0.0047371079893328005,0.0100621515778061,0.006718862064898579,0.0015889792266965408,0.007459901147597092,0.00670773460803642,0.0049701724385500246,0.004951685251291638,0.00024620248904749786
2018-12-06,-0.0033656679547542367,0.005125789485382448,-0.002588755490733785,0.0020514404425717725,0.006129434892929719,9.154815567269381e-05,1.9160077139979137e-05,-0.0018141841580132656,-0.004798173578935638,-0.0044107859844616515,0.003951503961060476,0.01110601570427816,-0.001470850932222434,0.0030519580712131678,0.0020912417884662027,-0.0016879589545735207,0.00024620248904749786
2018-12-07,-0.010705573772709198,-0.00398190273955723,-0.00698392987655716,-0.007459695799091226,-0.006162715689131959,-0.00850251487981768,-0.009080923079826442,-0.01318215875894524,-0.009742319104923847,-0.0017842478238131454,-0.004924701850574031,-0.005170824728238488,-0.007420630631710945,-0.004695532072328978,-0.009747403554821066,-0.008094467918890902,0.00024620248904749786
2018-12-10,-0.018889210646228727,-0.01811996947800898,-0.0140737957980126,-0.016311119754045866,-0.0181179692294422,-0.01685720627967402,-0.016494592914897188,-0.019832742486867727,-0.011024074351046353,-0.019176377795023014,-0.016544765476384615,-0.014799608007080689,-0.016627496100158234,-0.015565202439095427,-0.01729785625697422,-0.023889781658430698,0.00024620248904749786
2018-12-11,0.012054502972504322,0.006453316024679356,0.006681477870940311,0.005022574878570829,0.007009157755710538,0.007135567444211288,0.007181124220913215,0.017254245601989293,-0.00023686205091366652,0.0025590651090423577,0.013715684585725585,0.018718060513730483,0.0073428206496393145,0.007864678575547401,0.008324980602795184,0.006286620682215194,0.00024620248904749786
2018-12-12,0.0018758790445265738,0.002881214329633508,0.003955766235552494,-0.0011393879070215052,0.0012353296724301188,0.003863447814502985,0.004204899052384858,0.021500970716565204,0.0056471918228566675,0.010263580004898687,0.009461007729006266,0.011444811617288497,0.010645483250949717,0.010494893190011512,0.004481491144348926,0.0067057694632450815,0.00024620248904749786
2018-12-13,0.006101546280864234,0.006618782342022955,0.01498696319616255,0.004962992143551448,0.008953621696964342,0.008884745633969127,0.008959260787878787,0.001307550997869944,0.010391996363067424,0.007915204963194533,0.009211897583008888,0.005082045501862753,0.0063349847214537736,0.0026376370068104116,0.009379993292959687,0.009048326890117808,0.00024620248904749786
2018-12-14,0.003929765480230607,0.0007907930246364714,0.003137199025311954,-0.005291457931998145,-0.0023245933024195198,0.0008309351023638722,0.000646198871818493,-0.00020707426221555636,-0.0003200613639435801,-0.010388305950207122,-0.002092481142780267,-0.007472949523727679,-0.00337210783006181,-0.0029253437651113323,-0.0006351563950478534,-0.00429354289296624,0.00024620248904749786
2018-12-17,-0.007709760634277418,-0.015780695730809202,-0.005587378747676119,-0.004458650792165897,-0.007698317299668966,-0.011946297398451766,-0.01245387472293713,-0.005976613900915861,-0.014256282312209212,-0.0033633155130675663,-0.0126401442872639,-0.018538883153794927,-0.010143919392911815,-0.012285054541593232,-0.015611962870254348,-0.012138459478893138,0.00024620248904749786
2018-12-18,0.007578830476673515,0.009649584766486585,0.009808436427673817,0.001692147966787294,0.009718068939599478,0.007168398752628313,0.007430072709651903,0.010641931202105992,0.011484079582101181,-0.0025974204274136214,0.012986101877454859,0.010027984869656281,0.007569038741877865,0.00625033446607226,0.009555468734479655,0.0032789505346491055,0.00024620248904749786
2018-12-19,0.009477809437957507,-0.006337971081630145,0.0033698892896740773,0.00022391051545089802,-0.0052938618993467745,0.0014712031793555624,0.001399845279766776,-0.0015388486828468162,-0.01248782739219445,0.004053889029951296,-0.011299279700230147,-0.009330536875606366,-0.00474888422998776,-0.005950673876507828,-0.0033025922233299587,-0.010703432049693817,0.00024620248904749786
2018-12-20,0.011204820316794262,0.0011253897438294747,0.013520233458726105,0.0019128535239283373,0.004118238490445902,0.00777233009503453,0.006653787514649512,0.007806766382410846,0.00494357986991889,-0.0003151546746628098,0.007963857675705288,0.004982075071169545,0.005482739182193885,0.002716854672233593,0.0018722956186965067,-0.003427179611912856,0.00024620248904749786
2018-12-21,0.0030408688319700783,-0.005004749769952688,-0.010824997098280775,-0.0026381989129619088,-0.003288832236128192,-0.0043854983779063605,-0.0037081152876646817,0.010176814250575594,0.008279818766385505,-0.008477242410095953,0.010123463558541657,0.000753278685091896,0.004278717156530165,0.0023964292827787226,0.004555397176770448,0.004879071236360888,0.00024620248904749786
2018-12-26,-0.002127623372346954,-0.0020687551757521128,0.0047127741231307585,-0.0019293732457656976,0.0006558967015233286,-0.0031425314504234247,-0.0038434627473230565,-0.01387012576566471,0.000988471242958644,-0.000903085251760416,-0.013313991188960261,0.0025739190392557454,-0.006320481793699928,-0.0033214203427522904,-0.009801838089851245,-0.0060939647878018866,0.00024620248904749786
2018-12-27,0.01794404631497315,0.004221343501951136,0.01804121770856737,0.009846869479093634,0.01054247642556927,0.013634049625577571,0.012638118143698085,0.008277024484624196,-0.009513765452852874,0.004755881123089223,0.005713159016505154,-0.008899750199525935,0.004411315258709747,0.004110295997794333,0.004401329974278667,0.0041814542998495074,0.00024620248904749786
2018-12-28,0.02878379251574681,0.020036764511955907,0.0274544002677084,0.022997737261162055,0.02589075802397023,0.02492703340643776,0.02502986772084914,0.03131768794189682,0.01933766392747316,0.023316128408998438,0.02326301560966293,0.02021867248349829,0.024921637116159134,0.022886839990352348,0.021923365198753375,0.02781295382261595,0.00024620248904749786
2019-01-02,-0.0028000000000000004,-0.0014015386484322813,-0.0012125828687946376,-0.001293463994832568,-0.0016746988790726414,-0.0008405734440527557,-0.0007234415121730907,-0.0032,-0.002175898687731012,-0.002640809084981122,-0.002201282817437734,-0.003250763786071464,-0.0022660247237696577,-0.0009634834076023538,0.029623791678059508,0.034331348483739976,0.00024620248904749786
2019-01-03,0.00979699911286036,0.013377019731441786,0.033113205215421715,0.00836241276297156,0.012037427977125148,0.02155540585681992,0.021049724053554097,-0.013140734504534679,0.016743275967174398,0.02023376525831444,0.0034427170225337367,0.009666978900698231,0.007601043580418576,0.007612623450111045,0.005473734198966573,0.006132592981761498,0.00024620248904749786
2019-01-04,-0.007605308574764158,-0.0023030556851088013,-0.005912135515869554,0.003213988566094006,-0.00609549717128266,-0.000837694325707905,-0.001659074346482936,-0.010218392263911524,0.005554611598224568,0.0011907867912446246,-0.01053160056914848,-0.00201961836349851,-0.002529243129381298,0.0006790706673660551,-0.004117131617706438,0.0022398533799246056,0.00024620248904749786
2019-01-07,-0.009044131014585899,0.002440810954343231,-0.008331101359203785,-0.0035190119767386507,-0.0028968265614425226,-0.007901265292349136,-0.007192207577029985,-0.007018765033233509,-0.0063842868464654146,-0.0007176876040829727,-0.010764202949693824,-0.0006458437528925609,-0.007254580956888135,-0.005270240508874369,-0.007497636512834638,-0.001968957004537031,0.00024620248904749786
2019-01-08,0.0030305523142513113,0.007784037447649883,0.009986919276185446,0.0036789247350355048,0.0010657762449051145,0.006816831604670837,0.007408494595463777,0.00858732476256785,0.000962845200251472,-0.002711069653143716,0.0037215587778980375,0.007886845167462964,0.002273794771558313,0.00048495812357396417,0.008928066193437223,0.0031853991831689576,0.00024620248904749786
2019-01-09,0.018905974551928884,0.015534058753515545,0.012978358809018431,0.014332975400158432,0.0124198424898454,0.01703376507067844,0.018625793927359524,0.012517576969661715,0.01713218432369268,0.013951568902756728,0.00726262381852627,0.010624102385829559,0.012737523409182216,0.01575189171139435,0.019863649676884698,0.01676943917125584,0.00024620248904749786
2019-01-10,0.005329193636213203,-0.006495479809307203,0.0013319969665337439,0.011175312626528155,0.0007485383404965962,0.00729038794514536,0.007327716517145033,0.005832528928530589,0.007437030939244416,0.006464382232743926,0.005661501145757919,-0.0020577858739854182,0.006735258972531355,0.005317041803853506,0.0034706840241602865,0.0024356156852927136,0.00024620248904749786
2019-01-11,-0.0024519990350371224,0.0010308437618813393,0.004377810808636529,-0.0030875280831014207,0.003206881012845164,-0.0020759261674409,-0.0009780867461458564,0.000786075326306257,0.008564040764340808,0.0008745227027249225,0.005530612228816567,0.007453593286944615,0.004324367212185765,0.0010342763093857954,-0.005194109283328641,-0.0008135896243636198,0.00024620248904749786
2019-01-14,0.017056826932096092,0.012646340065586958,0.017895806087799615,0.014100920681196172,0.013058725834944385,0.01492762892220223,0.015538715221563804,0.009787769646438349,0.018806660207214776,0.0030512688479300554,0.010917385914278377,0.013940260881479594,0.010890996197353342,0.010897606511990343,0.009958897359698682,0.009044124733113446,0.00024620248904749786
2019-01-15,-0.010407826840264423,-0.0026513763514003363,-0.006825852804183352,-0.012056539195802629,-0.005536088185459809,-0.007854244084209538,-0.009067634743755604,0.01544008328067803,0.0025266082184722816,-0.0013631460860177302,-0.0008904346292121224,-0.00402456528643258,0.004768030666368661,-0.0010366444595498736,-0.009736452149564867,-0.003982164275895594,0.00024620248904749786
2019-01-16,-0.0013778091628642297,-0.00434501407463328,-0.005442084663942137,-0.006332075076480925,-0.003968581844663865,-0.003554153644476754,-0.0032596646962418374,0.010271920369529619,0.002100436456010657,-0.005808529162029563,0.0012523718904200454,0.0004401004594176694,0.0016050202544353187,-0.0003090894591758486,9.486388562462977e-05,0.0035717151744951714,0.00024620248904749786
2019-01-17,0.01046122912993308,0.005522366238178478,0.014003967619385715,0.009312307655445107,0.008897376595639273,0.009165934371794249,0.00907049259433812,-0.003970391452406852,0.011857262680439185,0.009252606860248092,0.011936308001861962,0.012064723195201577,0.008083530265629246,0.011885398788409107,0.01078591863898537,0.00978489629558088,0.00024620248904749786
2019-01-18,0.00672333275290371,0.0040958385164966415,-0.012076787295137725,0.005081368453137003,0.00559404228539373,-0.0002410790100009219,-0.000585792431495924,0.0036908592020603592,0.005910134881972118,-0.020681696009068218,0.00702705909049306,0.010884757071651485,-0.0029167990215185347,0.00038305096648305614,0.00739843797299744,0.007491526461449904,0.00024620248904749786
2019-01-21,-0.004010457331403594,0.00505430036233756,0.023799149227963223,-0.0005419093011657106,-0.0005170018643103624,0.009666163337304523,0.008083398147092247,-0.0008962357185575698,0.005039431727579258,0.017018074938393468,-0.006995197180045043,-0.004213071984073724,0.005680025125130994,0.0019473080937788545,-3.0049521612118824e-06,-0.0009077873843921225,0.00024620248904749786
2019-01-22,-0.006155986613204489,-0.003942582395770278,-0.007306298311050785,-0.002193199176826366,-0.001087246591473079,-0.006003128543485281,-0.006613278728761385,-0.009949206433291335,-0.005704233060681241,-0.005373315848493765,-0.007427803526477095,0.0020843433185357974,-0.006881797486015473,-0.00625377659334958,-0.006283373850226703,-0.008951401185594343,0.00024620248904749786
2019-01-23,0.01801871708017244,0.01804078710116941,0.01956027185939413,0.014924423572970857,0.023147732599945847,0.016405459316880533,0.016428096366163603,0.011296257761326256,0.009731282254361151,0.030115460492310397,0.018409280783781456,0.016157573688390325,0.01639654894905629,0.01552524200657901,0.013656211822481223,0.014648815198450293,0.00024620248904749786
2019-01-24,0.017637354172532538,0.014206998255951397,0.020567629684050015,0.017907250375382544,0.013171918208112254,0.01936663334851718,0.020893576481145315,0.017204059426039642,0.013813857362892312,0.021342346924708044,0.009531538746043289,0.014203899554134702,0.0169290495570682,0.015917515180529307,0.018370683277248778,0.011857803341930762,0.00024620248904749786
2019-01-28,0.005213802092143727,0.011338836155664778,-0.0006018073830916792,0.013953901729631513,0.008509240147968278,0.007902283643678398,0.008380078220718623,0.0018337749434833572,0.01075676922621005,-0.004711362650157591,0.00826774387669027,0.00920026701345722,0.0015692502369006878,-0.004954917806306192,-0.029496200558930874,-0.020805887879025042,0.00024620248904749786
2019-01-29,0.0011395048489846182,-0.007914027283430602,0.0030756680756029997,0.011346017032298539,-0.005534078979828272,0.006024523032912121,0.008679725935624605,0.006540437256264298,-0.0010302259171278694,-0.005237470545763179,0.005656728036767644,-0.0012618859812354444,0.0011005599256108667,0.001365757988345928,0.009124743055324958,0.0011609617162655628,0.00024620248904749786
2019-01-30,0.001133391950258078,0.0043450864942991,0.005136019055484553,0.0045833632433309734,0.0013714349611790855,0.004846090166622075,0.0030558352032585834,0.0067737885243353,0.010574911140194487,0.01417968599898023,0.008576299553937572,0.007129410968132577,0.010890861654172745,0.009866052501533051,0.014049413735343519,0.013743534488732223,0.00024620248904749786
2019-01-31,0.0008407140222803644,0.002503378785693622,0.0033878187978775287,0.008267126461300789,0.0054468697413416756,0.0024376215209724883,0.0022111440979153407,-0.000867882207098325,-0.0038434897260755108,-0.0026825020757467177,0.0011169619036268674,9.285311803575169e-05,-0.001212726937750097,-0.0002006028747592037,0.0012683729724467518,0.004223609709828269,0.00024620248904749786
2019-02-01,0.0032082067916958668,0.011247142490410589,0.005690486856077648,0.0033979317234797968,0.007949696283508167,0.005234437395299274,0.003776205764252971,-0.006129012819341528,0.00903373930780993,0.010845598102450227,0.008801322707351567,0.0022376559233003857,0.004641369963253261,0.003043430576340267,0.005511906129675559,0.004746180222178209,0.00024620248904749786
2019-02-04,0.0127289504754311,0.012175051373002788,-0.0019985258903625347,0.010799945937759237,0.013948306263916743,0.005085512854918983,0.004914380641866112,0.006936749025042932,0.006619179219995441,-0.005369979433913041,0.0119278393964255,0.008559402938632221,0.0038772685087145042,0.004743886825067545,-0.0005068587065434338,0.00777086300823826,0.00024620248904749786
2019-02-05,-0.011809440142311667,-0.005365298857378131,0.006824609003585502,-0.007848292839400917,-0.00532115339729855,-0.002797213528594744,-0.0026078287329471816,-0.0036396326848828764,0.002784830404711114,0.006493797361973419,0.008046961883331871,-0.000650735214770215,0.00321881111584843,0.0016471579838128747,-0.003936742440897478,-0.0029712941935703396,0.00024620248904749786
2019-02-06,-0.03993287564977177,-0.03843745678368238,-0.03690316821687356,-0.04633557678868494,-0.04253220883524922,-0.039098770860629295,-0.039682807898522965,-0.022722100258807165,-0.023708106874631762,-0.02358627965977378,-0.030607095519687322,-0.02622774653278137,-0.024561936720311706,-0.030047388437465128,-0.041759612951071556,-0.03606973377253053,0.00024620248904749786
2019-02-07,0.0015061908674653957,0.006038374858642559,0.0007898744948193759,0.006293898236040318,0.011803632900911465,0.002384770779480405,0.0027682494598042506,-0.005085998984043716,-0.0004411766855626498,-0.004347261779989564,-0.0019751758583418377,-0.00682305388578186,-0.004123265605451065,-0.007851056632866671,-0.0007125044531527402,-0.0031145564116239477,0.00024620248904749786
2019-02-08,0.013935285839198341,0.0034754240382606216,0.006102964303775771,0.009012380498229167,0.015014337779529319,0.0055943771535862385,0.0060396650550300635,0.018064489245132487,-0.0034670892091185346,0.0024825070520122505,0.005417492227320908,0.01642119400987041,0.004194622403146164,0.008368097673363328,0.00966254840494174,0.010224290395157931,0.00024620248904749786
2019-02-11,-0.009288579045254375,-0.004820920922037786,-0.005004059113656312,-0.00018313276304671167,-0.008445055942267632,-0.003273083840782287,-0.0028424582279140687,-0.014146497686821635,-0.005455799868012479,0.0009722803757274967,-0.00017049051527129322,-0.010258767907598165,-0.00555152375190171,-0.007851797795232263,-0.004995068853417051,-0.009491166009911733,0.00024620248904749786
2019-02-12,0.020216826633882024,0.003211665812109521,0.008352744408872015,0.017950512043004796,0.01806406799125071,0.009852735368335308,0.00809906255949211,0.01680653247786501,0.00032857286528886753,0.000359731415445097,0.015442231350661917,0.01654091481529041,0.00682263965699037,0.006973592142877516,0.008960392556358165,0.01811878105567688,0.00024620248904749786
2019-02-13,-0.010719358338147411,-0.008326598185240286,0.0005525303382365454,-0.015010010571780197,-0.009697047921584545,-0.006220482712141817,-0.0076970100563783506,-0.0052021722885715604,0.002847577225636888,0.004404270037011049,-0.01068190663307178,-0.002731456604242566,0.00019133923178249468,-0.00046783686501872257,-0.008144033570640197,-0.003586415200189319,0.00024620248904749786
2019-02-14,0.020359882385865724,0.01332816316252261,0.01806661652304342,0.025779053955875098,0.02499375368239609,0.017922970626099044,0.018341787938626508,0.020142470034239857,0.007084673515063589,0.011764233640139343,0.02051192176817551,0.018156378715470822,0.012671097130864117,0.015285834335970083,0.018748127632777667,0.021665818362332834,0.00024620248904749786
2019-02-15,-0.0019486587030000946,-0.004231319768086106,-0.0026018114366082035,-0.00966743750857102,-0.002407871318203081,-0.0048120166728776725,-0.005455329708292211,-0.003650767160534807,-0.004328082658124233,-0.006029436266696386,-0.007142951677839626,-0.005395650793728168,-0.004350043890052557,-0.005069350192458133,-0.005722276067563148,-0.004685682148574566,0.00024620248904749786
2019-02-18,-0.01043186679576702,-0.010248090105238306,-0.006152422401221491,-0.012708384184082822,-0.009120267988921293,-0.008846686507256507,-0.007211720406222644,0.007038453443807935,-0.003037251519864337,-0.007308101505084874,-0.003710774639128389,-0.0029651165910622446,-0.0018645001476670364,-0.0030593735628652308,-0.006446316907699368,-0.009273849593034567,0.00024620248904749786
2019-02-19,0.016990264563095048,0.016432553430486108,0.00478899761187912,0.01566249478420212,0.015581236062161219,0.012306962483911166,0.011833669449930806,0.0050310988366417675,0.013123327453541167,0.0010548785487125567,0.012453804372411392,0.009966487256100276,0.00696215322498861,0.006626241498891572,0.012633043351477413,0.010905009233667773,0.00024620248904749786
2019-02-20,-0.02363485017730793,-0.012549834456576203,-0.008397917472354632,-0.016975589764199994,-0.016900403236175254,-0.015360598026027628,-0.016013479790849994,-0.019817552326825583,-0.01273058067918853,-0.007253303597164917,-0.024052655192051575,-0.012730055289079667,-0.015238443753035735,-0.011480814207098011,-0.016998875140607494,-0.011257526468662404,0.00024620248904749786
2019-02-21,0.004619515349021164,0.005533849109778721,0.0013764173127304158,0.001208639995589289,0.000955843756689001,0.001607488948661473,0.0015532950369347986,0.0004796375597666547,-0.001060981699194885,0.002288071824594118,0.005276612337770992,0.003160531363550323,0.0009933388784655328,-0.0004427342228733311,0.0030301365850087247,0.003634817870963314,0.00024620248904749786
2019-02-22,0.015773387368523295,0.002707414166237543,0.010044732336939033,0.01043713491920606,0.0025664174899993064,0.011630334591878011,0.011202148775380838,0.01009403457661917,0.005635451833413185,0.016458144907310235,0.013852572828282117,0.0025073147534917517,0.011051111141198167,0.011179928340539824,0.013814986872568102,0.009337161744571665,0.00024620248904749786
2019-02-25,-0.002352750041221152,-0.004026434087974429,-0.0020268492803326987,-0.006502993708976668,-0.0034228251744052862,-0.002656881075858153,-0.0035081351021007956,0.007243545639364024,0.004807773131160431,0.0143655468053554,-0.002853986330262348,0.002751132043330884,0.007223488821021196,0.001910969373583038,-0.006358742295388908,-0.005419433179625899,0.00024620248904749786
2019-02-26,-0.0009459169605667839,0.005823417281015875,-0.002508123728396705,0.005378514532087264,-0.0009807490666067231,0.001729340528280554,0.0021104967436731403,0.006061830655106126,-0.0003685641241254478,-0.011175250934895353,0.002427569721973555,-0.004958330027701963,-0.0014774553577335814,0.0006594001332513866,0.003666311310298598,0.0034872969831265532,0.00024620248904749786
2019-02-27,-0.0008204956360178262,0.0004205689101552945,0.021563366605937606,-0.0034906840605756217,0.0032708070707880843,0.00864955938942491,0.009830681072393155,-0.010464680088515976,0.001392412936904286,0.011139207494309744,-0.0029389130338480784,-0.004282876088718024,0.0014370234518907843,0.0016962488629876926,0.002647914616789704,-0.0033021103880072067,0.00024620248904749786
2019-02-28,-0.01478555015932248,-0.012496404001982153,-0.029302434993728532,-0.018743624632033384,-0.02531901665526637,-0.020267744043526936,-0.018840306497928894,-0.011199241232644042,-0.012074333240170043,-0.005792173354206787,-0.02048280149569115,-0.007502655960541449,-0.011572100027985033,-0.009583509775403454,-0.0172620244465318,-0.016891231624955316,0.00024620248904749786
2019-03-01,-0.010097257195131992,-0.01168236691324187,-0.008138437738251403,-0.005568655800999078,-0.008816113816674132,-0.007326204004770576,-0.007983357772427424,0.0075345008363985055,-0.0118827583638913,0.0012191436572093206,-0.005363541801576499,-0.007369715518396158,-0.001239368536195662,-0.0025070535227743607,-0.00899638129265723,-0.009597432420379137,0.00024620248904749786
2019-03-06,-0.0139746114741226,-0.009123914489829854,-0.0133120934908465,-0.011785276637261699,-0.012599361040639745,-0.012094109532944541,-0.012729433205637908,-0.019607474801633717,-0.010449100421158208,-0.005087992168578026,-0.016978968173730125,-0.01013048931983962,-0.011729405790796177,-0.008067000290492121,-0.008902406330600021,-0.004267088770863237,0.00024620248904749786
2019-03-07,-0.0014183878882261247,0.0007112274612595115,-0.00805919735000038,-0.00481782285150123,0.0025608326382347,-0.005655872826408337,-0.007835817494236896,0.00045216893680288806,-0.0042636625380035875,-0.0023342753399547833,-0.0012117118541241645,-0.005719123209630861,-0.00218238219063549,-0.003856217528030559,-0.009510928706899291,0.0005539076292599976,0.00024620248904749786
2019-03-08,0.021935560281223232,0.016208582601551225,0.028052829877355245,0.017737936089263773,0.017241819605095854,0.021890164310709892,0.02137377695347764,0.01937853494841013,0.016905568764455037,0.012392942537475582,0.022310104266636932,0.02437971351815449,0.016818269398600094,0.016337674355469733,0.01984800876413728,0.011372057143469894,0.00024620248904749786
2019-03-11,0.019306398678952785,0.015582061040302353,0.01960357643229793,0.024067701213846826,0.022208658416980276,0.01787967432298676,0.017704469740589923,0.012418348872802909,0.005243049628115282,0.024016978301499625,0.015508488267998999,0.014513189042369978,0.014037308782187896,0.01705568236609878,0.020295850338879706,0.026735085324283814,0.00024620248904749786
2019-03-12,0.003723358309664526,0.0019384001233695436,0.0011477599485669732,-0.0010716810051828451,0.002822618870242488,-0.0014667174239930691,-0.0013723318334361023,-0.004977142535663948,0.006372001560069895,0.0009428310626964365,-0.0005954096501061823,0.01196875959338839,-0.00010036419452186252,-0.0010334876969277929,-0.0027512308137850328,-0.0013271519250834807,0.00024620248904749786
2019-03-13,0.0070143782382146025,0.01398552932333108,0.014412183667274814,0.00752540766320231,0.017652849629039347,0.007900744231543744,0.008109723641045896,-0.0024532436381348166,0.006885171076718377,0.006398451992359222,0.007265394424759597,0.008865988790420554,0.0035897234614770124,0.00682002175880303,0.006482624267944326,0.01018638305961339,0.00024620248904749786
2019-03-14,-0.0013671239720456363,-0.0015881453226682662,-0.0018314423163272586,-0.0035316280281058043,-0.0037910912988888823,-0.0022728641129933225,-0.0026783361642156445,0.0012773241014500947,-0.0040051266458596135,0.005175444805165075,0.00403053162533773,-0.004381308795108341,0.0023576172299886178,-0.0003894968112704289,-0.003501453178207492,-0.002658574188162288,0.00024620248904749786
2019-03-15,-0.0008232679505496554,0.009765867846582399,0.016438079398125804,-0.0024658850111440866,0.00845734659152364,0.0044723675181850275,0.0035663961375667075,0.004019183784326419,0.003021856084767238,-0.006766926074629476,-0.0006195565920660284,0.00588306946526429,-0.0005860053717365865,0.0027585172054092055,0.0031488083389130672,0.00500211649625526,0.00024620248904749786
2019-03-18,0.005712645239656977,0.0053029487432469935,0.0021217580295822547,0.0033681416585029655,0.0030202350427166458,0.005159213926431594,0.004259163190167836,0.016183741381835315,0.006068387328163283,0.026388232434470638,0.007525939281863403,0.003510675571878119,0.014400540213989732,0.010351531723053586,0.00452498211053598,0.008511636899080521,0.00024620248904749786
2019-03-19,-0.00139890949559629,-0.00701895346573278,-0.0020548306719332388,-0.008904232195197093,-0.009634464287192834,-0.003017865586883439,-0.003492125146597358,-0.003578753909818211,-0.0016384432705994767,0.009027442821288867,-0.0032266243439816877,-0.0015708455209321182,9.750803498098648e-05,-0.000386024117706274,-0.005082265049999535,-0.003527012376734362,0.00024620248904749786
2019-03-20,-0.01748907145226497,-0.017754917746723775,-0.020993020199533863,-0.016473242040131786,-0.019563925111183877,-0.017179647359366168,-0.01727740338409378,-0.01166726160712106,-0.00978945066339687,-0.005171800972620266,-0.008411019741444092,-0.010483887781420287,-0.00919322692533453,-0.00962823420737946,-0.016455829485116147,-0.015512125926404385,0.00024620248904749786
2019-03-21,-0.02278013546656532,-0.010613883774826749,-0.010330054546523137,-0.02109454004387068,-0.013726603723988262,-0.017896359368556825,-0.01881479894257776,-0.009576716219298231,-0.012622994476454763,-0.013118397343859556,-0.011403386637442336,-0.014998083600888945,-0.01190872100991891,-0.013151743064389487,-0.019578815360851487,-0.013205666594156673,0.00024620248904749786
2019-03-22,-0.04186663919962341,-0.02462732427353498,-0.03212000631804335,-0.02832411478709751,-0.030559315699926648,-0.03161477593828799,-0.03383058771418823,-0.030078747255846472,-0.01444952666188104,-0.027975366229481047,-0.022031975473985943,-0.023806546099980896,-0.02357870823572006,-0.025408378150362565,-0.02975347389044547,-0.02972964961831326,0.00024620248904749786
2019-03-25,0.0007336654928440378,-0.0020583879671383087,0.005780540108195398,-0.0026494253208071417,0.007205941204538213,-0.0014178382608006634,-0.0018695948425425657,0.00517874130162066,0.0019201352866464738,0.0007647403052626345,-0.0017159420251732227,0.006969374098204639,0.0007730731422881387,-0.0005550949144869088,-0.0059743341575642095,-0.0003986831390662138,0.00024620248904749786
2019-03-26,0.0190933781361331,0.010167704547891843,0.01916540553374335,0.013848923569342864,0.011766367777572118,0.017879703394957147,0.0170096727471023,0.009025485829150082,0.010305695522694558,0.008554270968404554,0.012978168343642071,0.010244239500903252,0.009030241422254504,0.014067250039568657,0.013964591979659602,0.01711220305457095,0.00024620248904749786
2019-03-27,-0.04357774261680447,-0.030095275569560043,-0.05020916544116916,-0.033497203613608306,-0.042472274958819445,-0.03877070767977886,-0.038965919311199304,-0.03589753200726409,-0.021697826114639995,-0.04858572125085259,-0.0362832213769152,-0.028724481580166494,-0.03660199956750887,-0.03591139043573044,-0.03673242815578581,-0.035279751903973255,0.00024620248904749786
2019-03-28,0.03005660730766868,0.02617018014711836,0.025813321265371503,0.035338912111795295,0.032798488091256406,0.02928786181008647,0.029618630294636628,0.013206304009980352,0.015074535190688687,0.02002866219222188,0.026092781392361708,0.018254103954651324,0.019184688915535597,0.021621724780372054,0.03134376800842542,0.026069966602803474,0.00024620248904749786
2019-03-29,0.011972514597015982,0.003015391129289169,0.010380981521096455,0.005881205503784459,0.006701298627159513,0.007099455638571728,0.007580400226918194,0.014323745198462356,0.0022447758759933656,-0.010672815516544643,0.011641437121965525,0.0050620513909227505,0.0033269123781836107,0.009015297001194966,0.010096144582955935,0.011236427963783324,0.00024620248904749786
2019-04-01,0.00395922671531701,0.0059108568218284585,0.015534992537996617,0.004548251863206509,0.008241798453234361,0.010058498373982205,0.009839873099710239,0.013375478149418196,0.002875758818415175,0.0048471859449337185,0.0008585816388135825,0.0008641081195139844,0.005943145710850972,0.007351691652625059,0.006622158639326026,0.006680061094735956,0.00024620248904749786
2019-04-02,-0.013571237223283128,-0.005709062663344033,-0.010790851412748825,-0.016812077735676723,-0.012580366886736583,-0.011052733339697696,-0.010488811563781897,-0.007382791387472887,-0.0014404030839411108,-0.004586548642834254,-0.004812486518256276,-0.008278989042794782,-0.0036670083862009317,-0.002921095570345811,-0.01422467020177931,-0.006717421520455624,0.00024620248904749786
2019-04-03,-0.004558919357309121,-0.003290520746994763,-0.015912585482012465,-0.006642367489553047,-0.0041843777093946155,-0.010113532250466073,-0.010382545592729442,-0.005490460239729544,-0.0007039559474600887,-0.013938263041049503,0.0026741248357395886,-0.0004324591196088745,-0.006413864632916044,-0.00582264100074692,-0.0049082270471504374,-0.008500232971216715,0.00024620248904749786
2019-04-04,0.011502952503716024,0.011608575378343033,0.016508417538050768,0.024016876510326357,0.016079976162506116,0.017059843862396118,0.01821944779004503,0.002560738060065626,0.0044915970510830405,0.011897319268321604,0.011090465555645634,0.007799401656118254,0.008232680828910821,0.013672172235284608,0.020711726127425667,0.01803189261723115,0.00024620248904749786
2019-04-05,0.014000266658002802,0.013608466496200844,0.009846618285479503,0.004787732233135555,0.013339061390809981,0.008041111427803838,0.007495492512304969,0.012314744093033125,0.008970016858828478,0.0005885856573992765,0.009684967592113347,0.01473876075646019,0.0073684908424300755,0.005803408846280389,0.006888937955398466,0.008170829391792589,0.00024620248904749786
2019-04-08,-0.0015981967599122404,0.002250934670922522,-0.0005762300638902929,-0.0018120333120262844,0.005489308397113923,-0.0034997021793156113,-0.0035685873077482277,-0.0028523626172062277,0.004021668632917974,-0.0018435200888188286,-0.006763000185620038,-0.0009263792553660943,-0.0016995919875947285,-0.003123220264403481,-0.005134486582668685,0.002210280033258405,0.00024620248904749786
2019-04-09,-0.018022920094913242,-0.017113467860942366,-0.02032611573768406,-0.0065570346446542915,-0.017635232027834902,-0.014419321052244638,-0.014248324719375982,-0.012720390470299492,-0.006502905429022876,-0.008695099133485651,-0.010218318552654093,-0.010444476642765377,-0.010327504894032113,-0.011432411778577123,-0.013864441470518796,-0.010998334320274528,0.00024620248904749786
2019-04-10,0.0033315294345266366,-0.007805539960539121,0.0027682604021794788,0.002769804006659271,-0.0015454844801944256,0.0005948398297552782,-0.0003188978419093047,5.5613500750784084e-05,-0.004182778705485113,0.002386032132407623,0.0005146781751832474,0.002356065496901927,-8.560274677549273e-06,0.0003747053437088699,0.0011559143218424772,-0.003217093136384519,0.00024620248904749786
2019-04-11,-0.009640390234697205,-0.01090454087759729,-0.0145163090883208,-0.011255524259104033,-0.014833983051464994,-0.010408174919490532,-0.008584648879347068,-0.0001648585657109125,-0.009506581356655941,-0.004824287174587716,-0.007767193812433848,-0.013300040836606186,-0.004774353021956834,-0.00824329744911656,-0.006146063903755272,-0.011717572871635884,0.00024620248904749786
2019-04-12,-0.012654439382682403,-0.010525468223081869,-0.024145511635877637,-0.016009183268393068,-0.010741086713210835,-0.016086606102920675,-0.01666695407230645,-0.005938749766644991,-0.006976778963036279,-0.011277405873516333,-0.002539750977835209,-0.0035299530727949113,-0.007320294916819403,-0.010649277468927965,-0.015278860872830258,-0.018774149372125848,0.00024620248904749786
2019-04-15,-0.0032323676739122176,-0.0038237718385877306,0.007070820120357757,-0.006722641232200233,0.0010049213249263556,-0.0008965867851431497,-0.001742522794164092,-0.005374831120089074,0.004943454191270735,-2.0338904180849937e-05,0.0021538108393435174,0.0021587505408104946,0.00045810029892834336,0.0019455423300203112,-0.003754326274417741,0.0019498967610394047,0.00024620248904749786
2019-04-16,0.003517023637122918,0.012081598611338729,0.00736396002550177,0.001598606765690791,0.005697175468764026,0.004188301132415528,0.003241266467472137,-0.002552976601355228,0.010052343165983135,0.00012511101931278468,0.003973444405053428,0.008248294788014476,0.0030311200556227824,0.005139911839079803,0.002904865649963728,0.012646822761130494,0.00024620248904749786
2019-04-17,-0.011696421492279896,-0.009259938123660771,-0.011134714767449871,-0.012503337518923074,-0.01216248449574553,-0.009545653361343054,-0.010336868705967173,-0.005633080419495173,-0.00490706495416926,-0.004467101371764537,-0.006783865606511563,-0.0032077919119262166,-0.004621581114938489,-0.009043497349272123,-0.01084212380374594,-0.011267353491635101,0.00024620248904749786
2019-04-18,0.020484146277999438,0.011075731838488423,0.0215561468472123,0.008767230997318132,0.01809165111773936,0.013876588022665892,0.01467866851161026,0.009430703047139222,0.00619399357445527,0.019501408501879203,0.010303590463270007,0.006832163213228215,0.012085474537269159,0.008545908314879558,0.014278271306940038,0.01280942218838299,0.00024620248904749786
2019-04-22,-0.0005266923196098894,0.005277998721939348,0.007091566162816587,-0.0007992205793798668,0.007209221535277255,0.001974608536078115,0.001826633384321319,0.0007718599907882151,0.006322943566486439,0.009796690613955494,0.011864818773835495,0.009004069878143062,0.006867118639990455,0.003179150114801077,0.001970167886913732,0.0009274703894508463,0.00024620248904749786
2019-04-23,0.014581128082849837,0.011890255740258038,0.013980968575266983,0.017438239997471294,0.015627200347582137,0.01467107899822273,0.013794611333002083,0.02058245199933828,0.005074498768756541,0.01640158450888718,0.009410717650451428,0.0110436592425609,0.011961363473980802,0.01407868242903998,0.011911328578752434,0.01403553586203321,0.00024620248904749786
2019-04-24,-0.009386496340206274,-0.004589929159470096,-0.018373895859897682,-0.01313895573446533,-0.0066408919829682445,-0.014877657481794815,-0.014855056959715118,-0.004054317880777369,-0.0006974161465255202,-0.009177256817321289,-0.004344647731688078,-0.0016791350125565652,-0.005289112221159797,-0.005926577026047819,-0.01350584387475351,-0.00829959118008805,0.00024620248904749786
2019-04-25,0.024822845685033013,0.017634848774576994,0.015322651602012183,0.014214353754628428,0.016338575341493966,0.017923094690458052,0.01753534867393003,0.012001561260678528,0.010597326518916095,0.006167532801847786,0.02301083640556456,0.012136344178617753,0.0130141929993004,0.013205629108621553,0.019034431648643046,0.015224897211640442,0.00024620248904749786
2019-04-26,0.0048839218019121056,0.00044091528249801115,0.005153842239497219,-0.009332939697317078,0.0034410130358704105,-0.0012281747795536146,-0.0005235286975380227,-0.004436600634432186,-0.002097298756877697,-0.007885629633997193,0.0015648691283469685,-0.004300192145373916,-0.0033445851457249987,-0.0011529310903064527,-0.0009441515235607545,-0.003089927121680325,0.00024620248904749786
2019-04-29,0.009036038350160425,-0.001345956946619764,0.003935445115335501,0.0010391077102602786,-0.0009222705976734691,0.003477044943454466,0.0019942520347362436,-0.0035097521310808455,0.0006981702892316921,-0.0033149523734731234,0.0074141298607086625,0.005203468337231509,-0.00035302064687969814,0.003000162134422002,0.0009354656415920815,-0.0004754623196110419,0.00024620248904749786
2019-04-30,0.00787209780192133,0.0028157915331070704,0.007385336695117095,-0.0026718641383404185,0.006218222974269549,0.0006200836247500785,0.0014621750952064083,0.010192775988325131,0.003949260351113537,0.0044816148983644055,0.007876848444702267,0.01232608868336027,0.004622626508175021,0.004092893498085726,0.0014289997639598262,0.001955274777630578,0.00024620248904749786
2019-05-02,-0.004569567096402216,-0.0002637915788522571,-0.001247867055671703,-0.01362089432363156,8.2497232313683e-05,-0.007667266149674945,-0.007062626860249832,0.0015636980696278613,-0.005290178672507362,-0.009997894090369885,-0.008131491499937082,8.08278206219093e-05,-0.004927255537476194,-0.006122060346338332,-0.008943985424616274,-0.007258938758679445,0.00024620248904749786
2019-05-03,0.0027621500341383776,0.00040943939972892807,0.007916623344145002,-0.0004216217127026578,0.0007459609237883136,0.0026574517660766794,0.003187303063833191,0.006471282848114157,-0.004011870921341143,0.010186690361381645,0.0020875250748224605,0.008584747147622362,0.002608867259285441,0.0014432718455850146,-0.0003567457078028635,0.00461133997393115,0.00024620248904749786
2019-05-06,-0.0038267651524701574,-0.008333466370625264,-0.0006347414442650079,-0.007824833687327004,-0.008037045450129399,-0.0031750608784526513,-0.0022736934665424924,0.005359743591405675,0.0002324478717967704,-0.003325322247734963,-0.003530434668932103,-0.0018617457030453144,-0.000611136855874661,-0.0033475118563646156,-0.00462970405259866,-0.00958204896918824,0.00024620248904749786
2019-05-07,-0.00851731140756573,-0.004013691049484902,-0.0018747323054640885,-0.008817242421198301,-0.004370241239442629,-0.005930507222477899,-0.006718266356626312,-0.004100590041648866,-0.0019527227695625982,-0.0031972342173794965,-0.016053533557352728,0.004029951520054587,-0.005613874135957375,-0.004510879528717315,-0.005917408226876919,-0.006065136344901911,0.00024620248904749786
2019-05-08,0.007068545388958958,0.004871416989745692,0.0007343822581904469,0.014911235512476972,0.008454745943963893,0.007480488412325403,0.008188797030237227,0.0056556484983447675,0.007971708542131584,-0.0017648164566965718,0.007983533312285074,0.009211448787542764,0.004684284006018613,0.00818929098803478,0.008711248590636211,0.01250735405163117,0.00024620248904749786
2019-05-09,-0.0034280580424869145,0.0007284658372812558,0.0038564913429086634,-0.013179825606078666,-0.0015458916549335733,-0.004759948091181632,-0.0037616422293217378,0.006164686575596212,-5.6697561162777355e-05,0.011212078487361943,-0.011076386190685739,0.001470637794501073,0.0032242756289235786,-0.0020308383705772703,-0.0077244205074022965,-0.007489955805544346,0.00024620248904749786
2019-05-10,-0.007492668170774763,-0.0023132577312586777,-0.006727389726981614,-0.004497986975601442,-0.004579590034291869,-0.005448273047771401,-0.005461863369833564,-0.015030272986494508,-0.000729230421727789,0.0022072254644538436,0.003345222866729669,0.001981947194760858,-0.0033048992265870547,-0.004173486158529971,-0.005060932458139433,-0.005697808920368752,0.00024620248904749786
2019-05-13,-0.025006595339715387,-0.020653462407327128,-0.027468673870447935,-0.02637077518011588,-0.02217905554092181,-0.02635155335729744,-0.025744302106157302,-0.02960192893712532,-0.01901154667536542,-0.014901894184760733,-0.02655505560394933,-0.020678766339910726,-0.023136635178531484,-0.024644497331433257,-0.02537138606205147,-0.026079814231418474,0.00024620248904749786
2019-05-14,0.0008541757831597163,-0.0020159782768826018,0.013264225466947943,0.0002008806055942003,0.001966505911318084,0.006795516236147492,0.006972407400974712,0.0005651020426120645,-0.006436176497418011,-0.004081987118656039,-0.0014908326112311743,-0.003609841824425697,-0.002443260079786125,0.0017723337738742018,0.004345337131876681,0.003842399693172238,0.00024620248904749786
2019-05-15,-0.000760160057900805,0.004423021030190544,-0.0020051403073405583,-0.0007491043743275139,-0.000678979326773077,-0.0010808517587067579,-0.0015021050549881565,-0.015416895385417018,-0.004804639082823137,-0.009527547603439213,-0.00541321075180734,-0.006306513024452065,-0.007142984241096051,-0.009569538263217936,-0.0016832828348483098,-0.0051167762331729705,0.00024620248904749786
2019-05-16,-0.017974237629086565,-0.011948185873361439,-0.026466304649532923,-0.017567592354026718,-0.01726979425317665,-0.01882185881666454,-0.018709799965812013,-0.019714628252643918,-0.012432019151008111,-0.026033617936925935,-0.014047197337270445,-0.019138548641662534,-0.018193657567924015,-0.017013751197606175,-0.015816149366953303,-0.01728586515523578,0.00024620248904749786
2019-05-17,-0.005909438204069417,-0.0013294515569748366,-0.012506405919325836,-0.013955701407187604,-0.006524457006420681,-0.0070531070175182675,-0.007356327290699127,0.011212633375105696,-0.012249213926221802,-0.001831004020733551,-0.009848077140508615,-0.013889936667647262,-0.002448531706585877,-0.00589695543957014,-0.004152432260056349,-0.0007632051528461137,0.00024620248904749786
2019-05-20,0.034713655804810895,0.020636650129539857,0.028149135130649094,0.03285218961352854,0.030766578741491246,0.029254962593009193,0.03031440619590553,0.023891519019474394,0.019798289668099933,0.023345236929253055,0.03588595997909394,0.02849019981122325,0.02536729533180382,0.022989094601435278,0.03272774346518226,0.02134024427898229,0.00024620248904749786
2019-05-21,0.028221647650976456,0.020894478563524332,0.0333107947968323,0.03529492599449591,0.03182021926186507,0.029815818162026053,0.02994420158688893,0.013841634233099587,0.018701738610314322,0.022327772297307424,0.02454143286984012,0.014478017524749864,0.02010773160248802,0.024017210297861524,0.029394689097806515,0.02757551783978296,0.00024620248904749786
2019-05-22,0.007732873888803393,-0.001441929036021472,-1.1981704464147924e-06,-0.006273717469633122,-0.0007815709330534215,0.0007554216413607762,-0.0003135553855304618,-0.001551252483598775,1.0750633119283037e-05,0.009307255769759548,0.0007353955315165805,0.001499974724109121,0.0010296073311795162,0.0017268854177887594,0.0004646527441749537,-0.0008991032067421356,0.00024620248904749786
2019-05-23,-0.016076666848852783,-0.010554288491241404,-0.002217107672705887,0.0018246593677364586,-0.008107661704619074,-0.008850549476019487,-0.008816091705790785,-0.010335584628502037,-0.012346501794550546,-0.01331067791647833,0.004953490251595749,-0.010904643259670443,-0.00788711893389804,-0.005064133812570759,-0.007424585049614629,-0.004865929070546948,0.00024620248904749786
2019-05-24,-0.002353290312001377,-0.007504370708529051,-0.0026094186383210927,-0.006057075668270295,-0.005311537977234604,-0.00575585462634387,-0.004615813885573639,-0.020104950337731742,-0.006635878333866585,-0.007278145909398015,-0.009509996738656934,-0.006035449928322056,-0.010898018011715638,-0.006810321275026676,-0.006666924824452858,-0.0033455993394586603,0.00024620248904749786
2019-05-27,0.015816077398842054,0.005734835243647707,0.012261324899056847,0.00834513438954465,0.00972301387903074,0.011488044371657846,0.012139669021729693,0.01004385012983633,0.004010446938206291,0.020723575677933814,0.008278809519205454,0.009264378256759631,0.011879063950164026,0.012511351436935936,0.010671751856592637,0.012671623182517466,0.00024620248904749786
2019-05-28,0.018959124908003222,0.01971497431994851,0.014994723741945881,0.016726584527333666,0.020479538492545135,0.016552512711681677,0.016158901833590145,0.026043473136546647,0.009661033896968041,0.014444644186552447,0.021790853863864035,0.018497986235274544,0.016303999970011196,0.012920595567694981,0.01567306425120618,0.016220486503291554,0.00024620248904749786
2019-05-29,0.00970313218413188,0.011088301947098866,0.00037289997160550037,0.004794477592583668,0.010883111180705285,0.0028991078162416972,0.0034850586847825493,-0.0019014059385003002,0.0071531360397900645,-0.0012688608386908218,-0.0018333568852441084,0.006315104219168921,-0.00023219698839704872,0.003432096665463291,0.003734378115278325,0.0022505327621662463,0.00024620248904749786
2019-05-30,0.013999369949301954,0.011391602425892655,0.010387588661612046,0.012944039255774475,0.017836537858201718,0.009089528905562805,0.00913739477633424,0.01573055186822181,0.011133648196413937,0.0037055671482701946,0.014386344861103462,0.013393570118996223,0.01089773422483864,0.010413598392394308,0.006514000687343646,0.009553407684252946,0.00024620248904749786
2019-05-31,0.010704160809896779,0.015319985735096076,0.021212872434776875,0.008124145911520664,0.014619420208006995,0.01238932210568322,0.011561206148700265,5.745463828898956e-05,0.022211410073647464,0.015360316627025972,0.011000173234432253,0.019609962249058643,0.011800903544612273,0.004643187944964211,0.008034984290274494,-0.0031544165891509435,0.00024620248904749786
2019-06-03,-0.004618384598306768,-0.0009456284437820983,-0.004766791940249204,0.000157390669589752,-0.001621759403684253,-0.005895812868192074,-0.006839766859178309,-0.0010563530624111417,0.0013133722452172147,-0.008430159830446815,0.0007104067410161896,0.004927919513988632,-0.002307349614593779,-0.002202925561633595,-0.004695550569619122,-4.886530082404139e-05,0.00024620248904749786
2019-06-04,-8.683868903958114e-06,0.0001228586099322193,0.013990855844718153,-0.016032996638886354,0.00958001198418934,-0.0011455748310792435,-0.000755508743982336,0.002949323050525532,0.0024114440799141157,0.017081201972672932,-0.013373989176423295,0.0031930244632427662,0.003052917614944528,0.004720868166493641,-0.007924241998482628,0.0036996295681108737,0.00024620248904749786
2019-06-05,-0.012197446726502581,-0.007537921063660691,-0.011329444004707923,-0.010942838369109809,-0.013106176865777308,-0.009885800813200896,-0.010356088519353435,-0.00624058044555853,0.002159075765405305,-0.008981966398210695,-0.006980345907884211,-0.005777021343065791,-0.003958450336811192,-0.008847094131755218,-0.010193708791641054,-0.01317859212781125,0.00024620248904749786
2019-06-06,0.009006058292901242,0.0037372394966896927,0.016527284498502492,0.012460679544590736,0.006614627290155051,0.013128708612013984,0.012807611957488696,0.004347422649036092,0.0016794809115205922,0.003957574590681245,-0.0016449581759867549,0.0021148028606010616,0.002794056599774386,0.006040077791262588,0.011150820652070292,0.011899621071013389,0.00024620248904749786
2019-06-07,0.00045811277685903207,0.0040647905526469685,-0.0029299459974030384,0.0036745887223461615,-0.001826982403593247,0.0019257641903445144,0.0037294902556237464,0.008901012596257418,0.0015582747838638333,0.009748944806641235,0.007395718010955843,0.005135441662581286,0.005118931096395496,0.0075243183178830275,0.00763805253244354,0.006460377826830843,0.00024620248904749786
2019-06-10,-0.012541200809119135,-0.00269865242069256,-0.007666291284215143,-0.007233640988290269,-0.011527956007303386,-0.00640534039934515,-0.0051401387827957334,-0.0011615543750000956,-0.008867854398737718,-0.003499986587315762,0.001307055913642774,-0.00956869130616067,-0.0029843607242046044,-0.0019356661341286552,-0.003364103332272328,-0.0036078992097903217,0.00024620248904749786
2019-06-11,0.012423322607258092,0.0016281423091717429,0.00563183004763701,0.011534664566736463,0.004359639274751803,0.009510117724812694,0.010078305134337162,0.0029849674271007487,0.0024961381551049655,0.0033367440025655615,0.004845731191398528,0.0005920198824465039,0.0032708945937005574,0.008279998635565944,0.011425833844766586,0.014028347432728294,0.00024620248904749786
2019-06-12,-0.014864007175290017,-0.0035576436065232198,-0.006541069287312906,-0.007461482284728094,-0.007739332186160075,-0.007715266825288558,-0.008066196776425838,-0.01302045080549552,-0.007032332892583537,-0.009456350357207377,-0.004898688509774041,-0.00786398297591695,-0.007543609728536516,-0.0058311453182949835,-0.0058821161996576166,-0.0062159676437441025,0.00024620248904749786
2019-06-13,0.0001783121457372694,0.006199599522013655,0.001171479266893316,0.004724691326256858,-0.0026354199423610503,0.005011538777019098,0.005470094135486603,0.0029395331034971495,0.016590213313712576,0.008116044253862142,0.005510179781578195,0.006461711782378199,0.00879527564496918,0.011746861983709556,0.007536287848825651,0.005025272566758554,0.00024620248904749786
2019-06-14,-0.010760563846367588,-0.006258300050689614,-0.004182194660901195,-0.0067444308665907116,-0.008283194462121668,-0.004858529420364022,-0.005063223460285093,-0.012140512588177277,-0.005058135585705004,-0.012363930625443387,-0.006351926314731249,-0.010756958738976308,-0.007937669027185068,-0.005650979199861017,-0.006234294492370229,-0.007310254868492572,0.00024620248904749786
2019-06-17,-0.0019758293172907893,-0.006994722975272483,-0.007044560836201863,-0.004124224984181746,-0.007805093117957296,-0.0038626250126857498,-0.004435354960000026,0.009348118120950044,-0.0007036584442454696,-0.005232083179097735,0.00039233029653718,0.001259651654529792,0.0006383769520692528,-0.0009930496110373,-0.004450789385287202,-0.0036418665915709525,0.00024620248904749786
2019-06-18,0.019523048309083357,0.01202732046584698,0.013899387661751916,0.016917931029951427,0.009005350204549512,0.014507823061036484,0.014184383530136069,0.012175921331177841,0.00615750788557623,0.016365865029501325,0.016698243257316614,0.013035367088108707,0.012689957343084535,0.012945430840477945,0.015474014714841333,0.017446116088128294,0.00024620248904749786
2019-06-19,0.016517695913576658,0.013193708491353817,0.012150474295712588,0.01079304835469741,0.009646157395867272,0.013902415949215152,0.013422684793970463,0.0020007026248691773,0.010556135000645117,0.010504312264358662,0.0017036930631013636,0.009837085928049438,0.006086551908104809,0.007318377199527548,0.013841458537155571,0.008878019210772248,0.00024620248904749786
2019-06-21,0.011176647818142982,0.010720813174975863,0.011136121485015193,0.013319246438862065,0.00876826501591954,0.011700361282849903,0.012936848577526083,0.009723860149504882,0.0044283591932530175,0.007775825310132767,0.0010191715067660034,0.0065336027999982615,0.005772200401771288,0.008626107985395315,0.011203597775060192,0.015834984502453242,0.00024620248904749786
2019-06-24,-0.002283280516403363,0.0018849513032330734,0.003569015935972253,0.0015587928696214615,0.0024249940464007302,0.0008954764816992977,3.9894896583403394e-05,0.0072129090075783164,-0.0013463265031905536,0.017156094564262814,0.004684846301888479,0.00411450679501435,0.007332381375388941,0.003143857133401484,0.0010263212385477338,0.0007116082416789293,0.00024620248904749786
2019-06-25,-0.015484117768781447,-0.012958045274550023,-0.020520987209798558,-0.014679261019706291,-0.01507211609878567,-0.018472655381710723,-0.018784819339150993,-0.018185808585894248,-0.013899344068708963,-0.020528179197557894,-0.01830597397710887,-0.01693169776086878,-0.018430048600104443,-0.017783464507639457,-0.018337925059432658,-0.018815665955329575,0.00024620248904749786
2019-06-26,0.009344937270788778,0.008019418988796101,0.009373880214124553,0.011373380795993038,0.012060767908002035,0.007740269370921649,0.007386807408109153,0.0014059417472864766,0.00037333359562241597,0.010246963830287559,0.0059275294469074424,0.006723924787294555,0.0051103456311138995,0.004500206168323917,0.00641616837784853,0.005314510718805732,0.00024620248904749786
2019-06-27,0.0017639830137212709,0.0015959519689083823,0.00606283464295454,-0.00018104288598419505,0.005501602033219255,0.0034970421090834147,0.0028962059925863315,0.008942242714131021,0.009159647647894342,0.010835106050474552,0.0026121152521998425,0.0024504700776470933,0.009035913759148695,0.006132707957634986,0.0018327744989454775,0.001092911791849005,0.00024620248904749786
2019-06-28,0.007208435272143321,0.003969214382536723,0.008810730127226885,0.002690453308078933,0.003539305925831515,0.004894497487734961,0.004532869179973753,0.01307643999494923,0.00962772152594793,0.015100698897588583,0.005267160510469049,0.017752853705474525,0.011326200669260045,0.009670529041136966,0.0021232194185225595,0.003461906656034186,0.00024620248904749786
2019-07-01,-0.0013743528404239758,-0.0003934472942356271,-0.010105542385189237,-0.0032215222811944333,-0.001875825215517657,-0.00401260999492048,-0.004708152333469662,0.00212553111356395,-0.001847459445711186,-0.007225812276032362,-0.006644250757918524,0.0010928351954442306,-0.004386359741061607,-0.00225081097606461,-0.0038626609442059534,0.0028608236668612452,0.00024620248904749786
2019-07-02,-0.0036880150694631464,-0.003282742445204989,-0.001472998425202543,-0.0026540551545015667,-0.0007331975415826308,-0.0030480317274070856,-0.0024770867994297063,-0.005094961003525689,-0.0022214698926932286,-0.0039114695869404414,0.0010675655784548876,-0.005587717336979936,-0.0022996232938459205,-0.002209809823862652,0.00032161950591969024,-0.006670554691243558,0.00024620248904749786
2019-07-03,0.011834033377821074,0.017828523916276318,0.01925874618923018,0.012359916089295986,0.017756459556339754,0.014676378188954065,0.01410244901134794,0.009682158678837816,0.014993447597124954,0.00961490118493269,0.010791861804484215,0.008471090554545757,0.010912143013201092,0.012756699511833114,0.012141782533789502,0.013858842714165487,0.00024620248904749786
2019-07-04,0.017407451559620535,0.012386030418205518,0.014858532422259207,0.018603486299002547,0.011612963483044414,0.01823145024226691,0.017920619654989478,0.016435314999337036,0.00872857865452592,0.015854454811851992,0.013162232681897201,0.0064384601120097695,0.014749397556929944,0.01670636725470742,0.017264475218091047,0.01570432987590209,0.00024620248904749786
2019-07-05,0.0016160996130434313,0.003506485606725951,-0.004918656105737607,0.010572715316965464,-0.0012183165517679617,0.003719036287800792,0.004394646857925677,0.017608128871474005,0.00408123143958794,-0.0010628554712560634,0.012842692556358726,0.005503883688908973,0.007717194872434385,0.008697809287846248,0.006204117224231975,0.0050298116409033256,0.00024620248904749786
2019-07-08,0.0021179657540248975,0.004278426822106773,0.005079954443093504,0.006745660460821146,0.002845469670983203,0.005083977837349263,0.005934140385831732,0.006626954354392867,0.011745186591309853,0.023482783859128276,0.0004534071282236152,0.00907672250020708,0.01176433750953132,0.008020282820469626,0.0029863156477085706,0.00502717438169209,0.00024620248904749786
2019-07-10,0.021204637606,0.020402656250823936,0.021464909649781427,0.009961289231368298,0.014286005678019631,0.020141739281170246,0.0207645680385109,0.017245974480162074,0.010222020515937125,0.004303929034779497,0.01211457444726638,0.02278177450672736,0.008334191814881375,0.015623834147943327,0.019811546567497063,0.012421787537577611,0.00024620248904749786
2019-07-11,-0.008974787862846334,-0.005947328351209258,0.0021363545326906763,-0.00629767091746769,-0.0069332200011312795,-0.0029827330929674822,-0.003524024460667352,-0.011191725996339996,0.0021323227582477067,-0.007039666881547113,-0.012036171287106323,-0.004182087223818076,-0.005812181967634,-0.005387099395089301,-0.003188642250940954,-0.005812537091082759,0.00024620248904749786
2019-07-12,-0.013447448490800706,-0.0065881412669078765,-0.011499438631110914,-0.010076750490417341,-0.010125926926436324,-0.010520303170039047,-0.009125998191785056,-0.009364664570479686,-0.008092187127728967,-0.008471659071894067,-0.010061039658102455,-0.01251194744294204,-0.0088401407949944,-0.012062813399050687,-0.008858553169983852,-0.011737821302883034,0.00024620248904749786
2019-07-15,-0.0032967618241191987,0.0006375550098418614,-0.0045561871720688485,-0.006804072849201703,-0.0021832298104721426,-0.005787457637732252,-0.007059498529240926,-0.004205638853421956,-0.002240421327312059,0.005324752146972145,-0.0066154107468000545,-0.004572674079563632,-0.0008859050115878064,-0.002043277073044636,-0.0053597399512118615,-0.0014187264997547189,0.00024620248904749786
2019-07-16,-0.0004474984174851482,0.0026515384501595296,0.0060019406719946655,-0.0004843267173320065,0.001118854605321129,0.0015125870786469875,0.0014585150577854922,-0.0008461631641442091,-0.0030339012431526147,-0.0007434249322858522,-0.0007948982010174133,-7.684196724422332e-05,-0.0017831532369335656,-0.0016881076254093852,0.002257395518997063,-0.00011885586031956663,0.00024620248904749786
2019-07-17,0.007414275306825147,0.0016796114036357057,0.006740718320385808,0.0026617206739150134,0.0035334641157154234,0.006219234275338659,0.007022305070457202,0.01104868568820283,0.00026201036522133236,-0.0034340139875318476,0.0032310808856201856,-0.00028764934621805516,0.0016474197312923433,0.003611991381674562,0.004943459724317201,0.0011506891349375437,0.00024620248904749786
2019-07-18,0.00883730114730974,0.007144617335663517,0.006233212507643415,0.007245410067323155,0.007987310792113123,0.0065113001654593106,0.006698615276129916,0.007466789449154465,0.008034615573300652,0.007813659421723518,0.002558468518437884,0.010847343628541672,0.006395944512602503,0.007553825183700402,0.004673329631686096,0.008276589830533476,0.00024620248904749786
2019-07-19,-0.015122621756516796,-0.014179365166214097,-0.01930304654428594,-0.012451502252238567,-0.01614642641258135,-0.0152142580983744,-0.015166450336081216,-0.02028009424307753,-0.005644255555492972,-0.014647557460031213,-0.014178626228389168,-0.009995547721673215,-0.01469615826820192,-0.011651613825373608,-0.012915649610832136,-0.011757386906553702,0.00024620248904749786
2019-07-22,-0.0001390078823700902,0.001804349998192123,-0.006465119275631537,0.00653112346540885,0.005873207794848456,-0.0016947326190297485,-0.0014687054453607074,0.0035103460118468544,-0.0021370146482769803,-0.006901258972148772,0.010320522054886982,0.0023152886623627467,-0.001049922918954893,-0.0013335840283917877,-0.00055406347234499,0.004328546468368888,0.00024620248904749786
2019-07-23,-0.003095729008644965,0.003722405134515272,0.0025273614276584144,-0.007760403754543899,0.0029170491104502094,-0.0028402073742243017,-0.0036006025120753904,-0.002442282234474513,-0.00012889852410680191,0.004704040947414612,-0.008571820871754232,0.006640495450713102,-0.0017025104039855021,-0.002684275551234294,-0.00653573794025053,-0.002098151649112756,0.00024620248904749786
2019-07-24,0.0030611022254214415,0.0018673371174433573,-0.001982640856213025,0.01472511885332084,-0.0017425964206838618,0.005079043575748621,0.00535516165182659,-0.0020439924687346567,-0.00628818536319653,-0.008457676386448343,0.003836929523837407,-0.004559134405383802,-0.00463001493690518,0.0005342052708772194,0.010126552537365274,0.0034161754733530447,0.00024620248904749786
2019-07-25,-0.01653399901855912,-0.019173976021395145,-0.018508743376687287,-0.019132876157637813,-0.023990576629576377,-0.015521114235819367,-0.014365878500448792,-0.00368859839135105,0.0030044065040994994,-0.011747385217160344,0.006408365677378347,-0.00875176825940549,-0.0034239041496517686,-0.007477560868290101,-0.014653761277435895,-0.013686840191449945,0.00024620248904749786
2019-07-26,0.00939540318087273,0.004552145003031471,0.008444045119434529,0.00798394985121087,0.0035796074280916024,0.009938357801126507,0.010330268625184269,0.008691956356588149,0.005216261286040469,0.010147686442135484,0.013757461076595812,0.0034674133738399338,0.009679987247625643,0.0067304607594314,0.009763970976603753,0.001279578614460375,0.00024620248904749786
2019-07-29,0.0020917262630231193,0.0006855823634022151,-0.0011171810728829445,0.003395477723377116,-0.0008546381611058695,0.0013034641133875535,0.002344646292438135,0.014990374355659641,0.011224164441455464,-0.002750687755980419,0.011303026167106545,0.004319731934833815,0.006862916636716232,0.006562269556504408,0.005651533570226297,0.0066468867569164924,0.00024620248904749786
2019-07-30,0.0025212201138375967,0.0032195398133214592,0.010748249612314353,-0.003384511778172672,-0.0042149975797106665,0.0060658567882156955,0.005334857581565267,-0.0012455672074822566,0.008342104545487228,0.011248016075470657,-0.0010890084746071338,0.002904255663207067,0.006252121506827191,0.0072626095692924775,0.0026384457578556564,-0.004186410289459097,0.00024620248904749786
2019-07-31,-0.0033724998152656616,-0.003240432359681855,0.005390286195776195,-0.014591399627833734,-0.006786720449749595,-0.001606788174396967,-0.0008992320132976683,-0.0014238302542359804,-0.0017145404643963413,0.006987168403916,-0.005002595642477958,0.00021378575931740862,0.0008936982589393683,-0.0030518118931258664,-0.004848572670627438,-0.010172061936544519,0.00024620248904749786
2019-08-01,0.0071853239797643464,-0.004803737942181141,0.01967516378819134,0.015634884308969532,0.0018910169028656387,0.014174526806812526,0.01566595279413696,0.008218045028142607,0.003432467064496736,0.003081039361666482,0.004390560640286978,0.006237114891394224,0.003818907077027145,0.009131491558857174,0.01705996615964378,0.003281958554756992,0.0002275062987258103
2019-08-02,0.002837541279297362,0.004831694486404414,0.008233319362833447,-0.003969879087639683,0.0014752624264287029,0.0035032802825565312,0.002844570637350774,0.0009485631562857755,-0.0014436856349209215,0.004131897675478946,0.0005338574587518963,-0.0058144464940240725,0.000832660316256284,0.001018932364496683,0.002757455581485324,0.0050059865357834354,0.0002275062987258103
2019-08-05,-0.01831401896836582,-0.01868681607223932,-0.019348095240335428,-0.018509698372422667,-0.01717094538449504,-0.018636532047041854,-0.019536184584421967,-0.015846447733103286,-0.01232675408711903,-0.023093605320338995,-0.017800225015864646,-0.011846741940068295,-0.017843844431838618,-0.021870994797290266,-0.019877326540985396,-0.02428216104005254,0.0002275062987258103
2019-08-06,0.025919398499376634,0.01928731343280976,0.03072773405721052,0.016639505659457487,0.02338645892206248,0.022884894558212077,0.02207080516290638,0.03352738876528538,0.016276356438242656,0.019245457007640798,0.032315114177519755,0.032905694289102616,0.02319487646697138,0.02099484816929409,0.0205397436756527,0.02091906893076545,0.0002275062987258103
2019-08-07,-0.0014485282607035188,0.010596720220008793,-0.0012210982347969912,0.0025420465772370004,0.0071909638078884175,5.0709449225250225e-05,-0.00017213035890739636,0.004950734083217556,-0.002842664208998369,0.0027436411978487563,-0.0012020954237079717,0.002359157659645561,0.001124799646117225,0.004397333893729316,0.0005367027608789154,0.006399832013159079,0.0002275062987258103
2019-08-08,0.017440606899217226,0.007384603577177851,0.020073773299221775,0.003331098675115607,0.01363333783915488,0.012913694644079321,0.012404568897769419,0.017706375290258647,0.0013914644884702732,0.014847801554776163,0.0020747505093792196,0.005574534419712451,0.011308984532639288,0.013570643506537694,0.007900706184464035,0.013555875998033873,0.0002275062987258103
2019-08-09,0.016727766493181973,-0.0016971045880428415,-0.006512891781939367,0.00012590538164580778,0.00010194423635034866,0.0022512855505074647,0.004307834211609407,0.010728853991783582,0.005670683807049048,-0.009185485502610002,0.0569168902579027,0.002309300192508079,0.01726670111971962,0.009255615070860479,0.00108140548742508,-0.0005372884841168268,0.0002275062987258103
2019-08-12,-0.0196982515476829,-0.01686615127147284,-0.01134206343489541,-0.020609790784513193,-0.017285286263847954,-0.01550761260992084,-0.01649102796435764,-0.015754663655877077,-0.012274849773760033,-0.013113282804811055,-0.024151379784773108,-0.011725752400028489,-0.01576182364389711,-0.01609557274068596,-0.01797661936622308,-0.01946949883788096,0.0002275062987258103
2019-08-13,0.019370055304783307,0.01261299308633923,0.0022167726024848733,0.018962841197765812,0.011168034933650706,0.011687388954697786,0.012170079991769667,0.011975808639707042,0.007836262016974516,0.002839651236391294,0.003692770011519686,0.00798762541576381,0.0052552978659428096,0.008353885735225441,0.014959584644756552,0.01255656979878772,0.0002275062987258103
2019-08-14,-0.02470215848722601,-0.02717503153863654,-0.031998613531911135,-0.026922826758770446,-0.025119914391716902,-0.029808856444513254,-0.030031375284088946,-0.022039639990110715,-0.024729163141849586,-0.037642322897732505,-0.022892098876545086,-0.021088584961475698,-0.02831282356768039,-0.027362047001057266,-0.029645580825275686,-0.02832680509016272,0.0002275062987258103
2019-08-15,-0.009774031527581939,-0.011358674971111427,-0.015399327515304151,-0.009899968789819802,-0.007931376180539185,-0.014430051466229443,-0.013821939416290063,-0.016328783486322607,-0.02359211960599661,-0.04456457574254302,-0.0137118831559504,-0.018603416796813654,-0.025888840578689454,-0.02067098971197112,-0.01120418695086478,-0.012244516465430122,0.0002275062987258103
2019-08-16,0.010668382878792348,0.013441787055805898,0.01558409801213978,0.008651643715257062,0.013267755395741432,0.01105903508598094,0.011764160504040388,0.019234144724875613,0.0016954968294955464,-0.0028622426210995755,0.014630494128421434,0.010711042883355226,0.008476576482351561,0.010967953286884269,0.013486780825765932,0.007973203465469814,0.0002275062987258103
2019-08-19,-0.0012448313771349362,-0.0047392841290916365,-0.0033611643778381772,-0.011136678881366269,-0.003667891339234175,-0.006174899666584466,-0.00629998582019986,-0.0026823262082065202,0.0008146519274949693,-0.012466307345191163,-0.0031425681166619146,-0.0018803150689105097,-0.005380309786863546,-0.005409802502315597,-0.007299908969960134,-0.0031686760680967874,0.0002275062987258103
2019-08-20,-0.00832294289061064,-0.005776199114526315,-0.006930130558719605,0.001331451318800081,-0.007860241146322555,-0.002872838003448286,-0.0005824365877157289,-0.00883574130485898,-0.008163398384743892,-0.020696349016764537,-0.005875813462338009,-0.009629874694627616,-0.009802687025195156,-0.002212239591794951,0.002715714109369216,-0.0021378093477530946,0.0002275062987258103
2019-08-21,0.01604100677846443,0.010769061718952866,0.03870793176095866,0.020625834681875954,0.016402090649781043,0.025423955169061374,0.024258077771150743,0.011510777818787732,0.009757930509251445,0.017047713748549187,0.02138127652476096,0.017036995588208148,0.016584228670015078,0.017095097837930062,0.021813428067275265,0.019192397775402714,0.0002275062987258103
2019-08-22,-0.01383868862340476,-0.006162925385523987,0.004523439689906095,-0.01171828224568161,-0.00886239991235982,-0.004172714243524056,-0.005445618481795256,-0.013328939186678879,-0.0036732722251469063,0.000697800262896564,-0.013681115941435507,-0.004808868415513978,-0.005496697590030242,-0.005872412321660581,-0.012056521938681786,-0.01051352064042832,0.0002275062987258103
2019-08-23,-0.01687261431232201,-0.01649707762466912,-0.02296158030636397,-0.023082334345570943,-0.019971132308398643,-0.02108737693756868,-0.021536101601634106,-0.012648640794486576,-0.0161200198272774,-0.028835486484609762,-0.013605063492676428,-0.018645132350044724,-0.01832919034548608,-0.025708693936385862,-0.021024665727849556,-0.02349929979041221,0.0002275062987258103
2019-08-26,-0.011879552569215246,-0.01215227597198798,-0.020137359618325634,-0.010799022768451239,-0.008493960725371785,-0.01591097267582131,-0.014817830201850013,-0.012112312746071385,-0.011291002890251756,-0.02605869666952998,-0.023242564403862298,-0.012959603833457511,-0.019145603891817298,-0.019791458284987296,-0.01377964432738965,-0.013551169089946802,0.0002275062987258103
2019-08-27,0.0071217992401413355,0.0013124761037464072,0.00017745976779792727,0.0029107272683852603,0.0022117145303670593,0.0032652048223491548,0.004089027139629442,0.012468363487601275,0.001088625073435212,0.004654772038023003,0.011981030038680007,0.009702244883778244,0.007900779143243941,0.008444550777814142,0.007082323362945786,0.00929104035980588,0.0002275062987258103
2019-08-28,0.016259107561419572,0.01155769350032454,0.006786969292703837,0.011628892356102094,0.005431178964316441,0.01381658454878032,0.013310989707169707,0.010213935536273144,0.008530592134315507,0.01002836518450878,0.012745995948409528,0.006927570667300431,0.011062408162017867,0.009769279262632713,0.013028819880969822,0.009041825466627573,0.0002275062987258103
2019-08-29,0.021248926695514037,0.015794863685648863,0.02723730227907506,0.02334624541256103,0.016043007502195783,0.024397909317191768,0.02537794466017984,0.023903432823773274,0.0134515440130063,0.0467157287608595,0.02505346960323762,0.01974908995643987,0.026364715557913865,0.025015504771813246,0.024248605690433633,0.02345788712922592,0.0002275062987258103
2019-08-30,0.01548283654373872,0.0191015753433339,0.023071480082078155,0.006399249089804604,0.023750458648939654,0.013120725337405714,0.012914946998485943,0.011874095585466371,0.01806753302237407,0.036959898381583756,0.0009582706485504744,0.02600995578118437,0.016062318616669513,0.011470799144003507,0.010055775883405893,0.007849596981000628,0.0002275062987258103
2019-09-02,-0.0003608386862643531,0.0028990039007408264,0.00510966747673125,-0.007626824983697267,-0.001780288485654924,0.0010586466216349066,0.0009093652050373713,-9.479288733627023e-05,-0.0001358590909728008,-9.313055384352342e-05,-0.003060847275506373,0.0007013030246834084,0.001832016337269149,0.001882258387175595,0.0002564424030362389,-0.004177897352683813,0.0002275062987258103
2019-09-03,-0.016334378661440496,-0.014083239145492588,-0.021793915262481423,-0.009347243731485322,-0.015136696411760187,-0.016706905948869033,-0.01545198574847173,-0.017304345824061818,-0.0037796777087893974,-0.007728652280408199,-0.01298691683294284,-0.011052893235919403,-0.011121132134326972,-0.011667148280324335,-0.013815853193028804,-0.009756797796005023,0.0002275062987258103
2019-09-04,0.011313096362118635,0.008623471660847315,0.002076271605965907,0.016243588249458263,0.009733498802354301,0.008886088056950125,0.010094858316704425,0.005499039793221749,0.011529492335985214,-0.0023175494894281945,0.015478465842509559,0.0012709826896846188,0.006595836234755792,0.005863639024292322,0.013683000381286892,0.013910216051329805,0.0002275062987258103
2019-09-05,0.012853759885014027,0.010274855533785487,0.006925244932667329,0.008686708490593942,0.016852882604435404,0.005497700785829007,0.006558789944386412,0.00017225146842991812,-0.0001886451603367867,-0.00026579796096370956,-0.002532562879272726,0.0031941731422968633,-0.0004513693171215305,0.0031924742101552273,0.0070241328116762425,0.009624317089026002,0.0002275062987258103
2019-09-06,0.007087525383882687,0.0029898364890774687,-0.007925164789680306,0.013477082904593152,0.008048204090945088,0.0003885634052531728,-0.0019536488608007385,-0.0022714166998482055,-0.005414399333742881,-0.004378102342554868,-0.005897916679170057,-0.0002344590212552955,-0.004433828668059414,-0.0037884632269387097,-0.00370686874289039,0.005607231500949439,0.0002275062987258103
2019-09-09,-0.008472304310261802,-0.009010257442343184,-0.020121837752354654,0.00136823745936554,-0.005787275455395369,-0.01166816877164123,-0.011786318669346763,-0.012411994417173,-0.012611619481561864,-0.004792015267588545,-0.0099635160203414,-0.009299974974770864,-0.011046547809576146,-0.012272461450123617,-0.009219286087569056,-0.00012047267836889919,0.0002275062987258103
2019-09-10,-0.011526892091715979,-0.0023513769481856572,-0.002739293124008446,-0.005398632261190528,-0.006979381216619007,-0.0038788096496618074,-0.003358358266904893,-0.013172397460046725,-0.0030865600041826147,0.009830569256943589,-0.0035714892734455272,-0.00705520885721711,-5.687445600033314e-06,0.003443301645900787,-0.0023965004213942764,-0.0011919212989676131,0.0002275062987258103
2019-09-11,0.008388633797194123,0.0055680643567093124,0.017556416639096684,0.005940404162124935,0.0011548781176240475,0.015610354226456513,0.015463038465331369,0.03060307419563557,0.020949096344608398,0.010732555125242627,0.024606416783596208,0.021447782965983597,0.021471686910949028,0.017441070845317652,0.01567789061108149,0.005783340746388532,0.0002275062987258103
2019-09-12,0.00667614213283918,0.004570452442348438,-0.002610102329147157,0.004610159481837295,0.00315844130679932,0.0023137978503040557,0.0032575548485613837,0.003386328647110526,0.007426992407119748,0.004924789153937015,-7.296918249022344e-05,-0.0019784924576246032,0.004440895545003709,0.004847963482358608,0.0030639785889288174,0.008360161926916465,0.0002275062987258103
2019-09-13,-0.00690762243156573,-0.003596429406575341,-0.019275850093822378,-0.010874664022609615,-0.009279370207280202,-0.011059189415284165,-0.012342766696502472,-0.012589876045727255,-0.006071105043047087,-0.025568779082346227,-0.01872259700652079,-0.009961802523001162,-0.015560165082536326,-0.011928246890825278,-0.012948990960244822,-0.008278521025393393,0.0002275062987258103
2019-09-16,-0.0015843674742571645,-0.0046238104836133775,-0.006572343005454839,4.3690479460956055e-06,-0.0068578492869634244,-0.00161588988173611,-0.0006894996684573274,0.00209139743147424,-0.000936409461797405,0.004336224570606451,0.00616574536130865,-0.005543936493813684,0.0026923072043048,-0.00016022927585457314,0.0018659595261092399,0.0012511541810993343,0.0002275062987258103
2019-09-17,0.010003827942694388,0.009218214622646714,0.01912527894156435,0.010446149936549132,0.010665901090066043,0.014501313639396107,0.015240567510054648,0.021411941404057444,0.0072932640211889055,0.017794028913734383,0.01183198088305537,0.022385267870485226,0.01387501835145577,0.013335872286987183,0.01656270411030003,0.009438261250225288,0.0002275062987258103
2019-09-18,0.0004412143878491648,0.0011931381055856338,-0.009377864842373795,0.013570219112752469,8.910672603335001e-06,0.0018469990349929688,0.002102984709402067,0.004108204595676179,0.0027955918111488565,2.2289255877439018e-05,0.012082113772172276,0.0014962617882154916,0.004621428219335755,0.00431703473662326,0.005625480480564882,-0.0003887962008666257,0.0002275062987258103
2019-09-19,0.010865723850998599,0.003495556388607657,0.004764531730184762,-0.0032935802745148735,0.003128849004569334,0.003500921982103389,0.0043131281107609,0.009680831844778748,0.010938192414319037,0.007079863273707021,0.010360882279246919,0.014719613680583166,0.007692877412459387,0.006845910144454681,0.0013699050552564707,-0.0007879204368971271,0.00020872197828714079
2019-09-20,-0.008830158926849907,-0.0050556542879215405,-0.016908615406662553,0.009575595210242538,-0.007382331195565861,-0.005006463538165473,-0.004945792041372132,-0.004675719588170368,-0.00999743162772515,-0.014035379187624875,0.005551468189395559,-0.01560430634551735,-0.006473829753945393,0.0009857639504644577,0.001019754255941585,0.003841005538947062,0.00020872197828714079
2019-09-23,-0.006611253826031005,-0.004371302261360843,-0.003395616109991173,0.00154120871162311,-0.005217147998619498,-0.000747743132152312,-0.0011093051380631769,-0.0019967123426257727,-0.006303889481594327,-0.005892328835721439,-0.003970817760694301,-0.007475776634488951,-0.00363766526683007,-0.005231615847465898,-0.002633073180507428,-0.0020087893335853924,0.00020872197828714079
2019-09-24,-0.0010334515849165227,-0.009103580429968838,-0.015312192165725325,-0.009197124260986289,-0.010507350099328572,-0.007732508459049381,-0.008065494368549753,-0.0032267789472897324,0.0006089797084134485,-0.01216130997610243,-0.003733767109440733,-0.007696015646972643,-0.005060672945143452,-0.0032315995286369414,-0.00741216197359984,-0.0071943461321085644,0.00020872197828714079
2019-09-25,-0.009867519775398237,0.0009874620064427297,-0.005805475359314194,-0.00043529019688637316,-0.0020968970827686118,-0.003768801244614206,-0.002158123208160445,-0.00383352049928809,-0.005851814841062786,-0.012858978752345651,0.006622923013740456,-0.00908243472429171,-0.002993571942700002,-0.001730793320220636,0.0012230300781053138,0.0047171930970097975,0.00020872197828714079
2019-09-26,0.005817750029469382,0.008146906568400558,0.008370012664833837,0.008669167374213638,0.011205495629262652,0.00642545606393452,0.0052108097876586434,0.005206519155261047,-0.002637345502331523,-0.0006616605140948861,0.001846000276263915,0.00384799764672894,0.0013127639611545394,0.0047730558452270255,0.004403146227699883,0.007957959773898349,0.00020872197828714079
2019-09-27,-0.0025429609526873564,-0.005683534329352868,-0.0032445799212533766,0.0009386508831568108,-0.00362527627059539,-0.0004939316849350561,-0.00013309392938998243,0.0049620858839589665,-0.0025730486046435797,-0.006817996805767668,0.0046709531817019645,-0.005704794614233899,-0.00018312975772505347,-0.0004314806130616411,-0.0007576668334838832,-0.002136896774913577,0.00020872197828714079
2019-09-30,-0.0018229138736199912,0.0027605155811853965,0.0078016938605269814,0.00089709699552043,0.003308518849323594,0.002757642257588566,0.003582675775360311,0.0016107780191643162,0.010039832652182001,0.0023368804027164014,0.004910787009805739,0.007733967132340425,0.004438798471119387,0.00385363568164121,0.001978142504602598,-0.0023933041027616175,0.00020872197828714079
2019-10-01,-0.006381801415033972,-0.007600505014432879,-0.006250224011534855,-0.011728752108580265,-0.008618320203401364,-0.007073888619473667,-0.00756558597907353,-0.0028317438575652387,-0.0003177784042787124,-0.0013321214923658342,-0.004226050054678021,-0.007199715833567932,-0.003151698625263877,-0.005339328284036271,-0.009505379586890128,-0.006763221302816702,0.00020872197828714079
2019-10-02,-0.02221172800322202,-0.020451832052276853,-0.023147261906911965,-0.032107479644439496,-0.023014478240168112,-0.02478697192945667,-0.023848640954354683,-0.017063100901290484,-0.018227739351254435,-0.02029553154002739,-0.020938088923170062,-0.014812455677918557,-0.019064315845491953,-0.01995866188993123,-0.025412380289194902,-0.028129612270476945,0.00020872197828714079
2019-10-03,0.004276768015654353,-0.00029289181635161476,0.007297341242693323,0.009927937984852697,0.003750430106987279,0.006485901983019016,0.0060589074797836595,-0.003911939197128178,0.0017858007174569313,0.0076061003084808565,-0.0021194016975574215,-0.0028219423600669424,0.0012738663336642198,0.006576741086063986,0.0046341428137519625,0.00493029685914137,0.00020872197828714079
2019-10-04,0.012112750854742949,0.00532037767268001,0.01112081753667682,0.001455517750585722,0.007516569247671523,0.0070966773446157205,0.00749059659067175,0.012086599801774733,0.007328970599056683,0.00992978699242486,0.01027268447186569,0.005374613048223731,0.00898364119165973,0.010463656854728054,0.007178294082586412,0.009831206149620408,0.00020872197828714079
2019-10-07,-0.023659117359780102,-0.018520380535042458,-0.028774976875965308,-0.023862412649789833,-0.021789041473965765,-0.024794458104115624,-0.02438662914073242,-0.013774048985556675,-0.019319715530968007,-0.024220288218966046,-0.023235071371774496,-0.02336757252735233,-0.02016465669270895,-0.019416547517998706,-0.022816547071099813,-0.01900110367332386,0.00020872197828714079
2019-10-08,-0.007015351435484152,-0.0036742097009625496,-0.0013491643199182723,-0.006545553461278275,-0.0005228454627685952,-0.0057859997208454805,-0.005378257431168043,-0.009510944220776807,-0.006657763884063472,-0.005444667623868749,-0.0016517558255368936,-0.0021552594707683337,-0.005936017875337818,-0.005545028173981614,-0.0046049109297883195,-0.006043182629257737,0.00020872197828714079
2019-10-09,0.01263199996591835,0.009344375315119668,0.009250682578728187,0.013069601402479814,0.011682256301255745,0.010079787607428337,0.010355344483998552,0.02026395762149269,0.006901666739914658,0.006731928850467694,0.01817047421188067,0.01260185539333647,0.01290468859245153,0.011726523229825148,0.009522829808808586,0.012779603681097207,0.00020872197828714079
2019-10-10,-0.00010440492413466007,0.002413826270643682,-0.0024207565643575846,-0.0016529372743304682,0.001199547026508485,-0.001329776457290377,-0.001285277647606553,0.0009200034237140109,-0.0010355220556439448,0.004380787441331968,-0.008492240549173746,-0.003236968701777254,-5.6302998502233415e-05,0.001249001103809988,-0.000771526311958648,0.004723857454886016,0.00020872197828714079
2019-10-11,0.019744676159519914,0.017523517793938126,0.006352008417646937,0.025808268548363156,0.014307432780260365,0.018262523468611347,0.02038327936444606,0.027004541431920215,0.016431318964432284,0.015472715074929644,0.0316006410324885,0.01709730005266219,0.023702357886719705,0.019588100801363195,0.022642114157512827,0.019526788791575544,0.00020872197828714079
2019-10-14,0.006216568478652595,0.0032754978067028873,-0.005442672038862173,0.009066255044445137,0.004405054351965809,0.002690172269212532,0.0025680197859214715,0.012296941549557294,0.002071986290814065,-0.0042789712052974105,0.013078532320004,0.0007929436834319681,0.004317657991403712,0.004346276367538815,0.0030571455434909023,0.00451773183928017,0.00020872197828714079
2019-10-15,-0.0013120614969133193,-0.002488031271531299,-0.004745840422910708,-0.0040482906947143515,-0.004778345641183845,-0.002674541820459342,-0.0010084787426452024,-0.008204227748588977,-0.011690684803232987,-0.008959504608731739,-0.0014502780086719236,-0.012883751635285656,-0.007630275690191257,-0.002404034313285064,0.0029768160566276958,0.0007525771311596152,0.00020872197828714079
2019-10-16,0.009706769975619478,0.009938110889118335,0.008814933658721547,0.01364122745215779,0.010124698031863222,0.011574249559805905,0.0109832942253687,0.007262905363050631,0.004997636144179474,0.0025428653943597723,0.01795596777743369,0.007183869283114985,0.008338597547513427,0.008918231495092854,0.013200151797497561,0.00869173340176177,0.00020872197828714079
2019-10-17,0.0007687875289321688,0.001761786377104002,0.0043335571670981565,-0.0023755216166556625,-0.0006800735568622818,0.00030172412311890717,-0.0007801184107293357,0.005437916428686851,0.0011710998309770737,0.012263586094093393,-6.641065728796303e-05,0.006416757651390048,0.0045363350147527015,0.0019053986930495093,-0.002535197882397089,-0.0032073233165682558,0.00020872197828714079
2019-10-18,-0.0014575026053654794,0.0009552203974130258,0.01354378283921176,-0.0021409092575770394,0.0022257296225987044,0.0024919934352185535,0.0032256487297834813,0.004353050403560932,0.0010025562015307798,-0.0027373512715778148,-0.0038460420476992274,0.003242941449346448,-3.640855853948022e-05,-0.0002277225032379926,-2.522025691042984e-05,-0.002137981065607475,0.00020872197828714079
2019-10-21,0.004935408841394429,0.005408962356687974,0.0012760617869547186,0.009215679634093865,0.005842921621781461,0.0046595925305101815,0.0038827385390478586,0.014206716174996359,0.010586566955459453,0.00022299646036305631,0.01857619126674326,0.010158076993570742,0.011391111548319843,0.009900811549442112,0.004508935201921416,0.011663946368601241,0.00020872197828714079
2019-10-22,0.012447344965581753,0.008526837865530323,0.0009395571680492765,0.008119767690989654,0.008973890900453307,0.005894989931795935,0.005299284682697802,0.004713924540760361,-0.002187576945816949,0.009774649001707214,-0.0010233520077187475,0.005966056399290931,0.0017358470043624674,0.00393494235575953,0.005869618586381575,0.01169815827668863,0.00020872197828714079
2019-10-23,0.0020881579974230124,0.009089185005918043,-0.002042770926925397,-2.7643323309511914e-05,0.0036349361144090153,0.0007698926712151888,0.00041047909561897633,-0.006674083924147034,-0.002278410187506519,-0.005509434057396012,-0.0019782483637147408,0.0013774077310440003,-0.0044358122030090374,-0.002743021983452998,0.0009707122254272171,0.0010071122578900749,0.00020872197828714079
2019-10-24,0.00018143973717177353,0.0033725806459199426,-0.003679800683453971,-0.008504135622330655,0.0001902698850793083,-0.004871264074560289,-0.004328439498984982,-0.0039521999819058795,0.0015097312460325973,-0.016545253530175996,0.0002715288171435404,0.0017283202245297336,-0.005550560306347263,-0.004266899618721842,-0.006320135213765177,-0.004712008047015215,0.00020872197828714079
2019-10-25,-0.0014627000357581021,-0.007545412862630219,-0.009797231945319118,0.007926876957671691,-0.004485201402914529,-0.002159994306206059,-0.00365428352959718,-0.00866928100161668,-0.012171229017582497,-0.002145681891244533,-0.008853866969635749,-0.004332345511785185,-0.005457675536580386,-0.0019623418271920157,-0.0022809086827891845,0.002727542736821187,0.00020872197828714079
2019-10-28,0.002732400001189461,0.006507196664402803,0.011984834090096319,0.010572867658814156,0.013642266045148066,0.0058446457847731725,0.005159765744452205,-0.00042145629317069666,0.0006087141068678026,0.006413877596425754,0.0009591404679680782,0.00596831422116173,0.0006987954387280837,0.002267683212461291,0.0027332865674893903,0.007366120208850635,0.00020872197828714079
2019-10-29,-0.007347305443040408,-0.003067326025537498,0.003162464779977059,-0.0034732897504964333,-0.0011680227907515661,-0.00337478249035128,-0.004293522539183026,-0.007394069258207181,0.0005517446430809425,0.005825162344162527,-0.008384070789572262,0.0005722950356035206,-0.0013653407499729653,-0.002746511965788234,-0.005956146927581396,-0.005089861235007098,0.00020872197828714079
2019-10-30,0.013712722402901445,0.012911368466552275,0.018247507601252044,0.003667020531383347,0.010827135001125754,0.010951798465801854,0.011066070964341534,0.011853185020331836,0.011024987665673391,0.014215943107261264,0.015600639780435355,0.00873452762767446,0.012759439407337148,0.011239087620861898,0.008319033679889731,0.008154354532790009,0.00020872197828714079
2019-10-31,-0.006895959860357959,-0.00468466405516077,0.001560920162489987,-0.012129869402760174,-0.006229777472186004,-0.005127389409565697,-0.0064551621535561265,-0.010376426260984672,0.00013383859892512895,-0.00309577418437601,-0.004923660810245645,-0.0021830300400061953,-0.004962148083550777,-0.0039170161620176724,-0.008381092211479313,-0.010206967334973505,0.00018984869126059678
2019-11-01,0.008490892262881244,0.009364667773057889,0.008759916310317362,0.004430951362930591,0.0035710834824387305,0.008151589569367124,0.009050330940980844,0.025405958218216007,0.005624559470337687,0.018426259435817327,0.012127118219005473,0.015931907620742036,0.014414281705954712,0.015415516716790645,0.008824890284768738,0.009319341600231512,0.00018984869126059678
2019-11-04,-0.004688048968290781,0.007770865231562896,0.009765545323061398,0.003729732994221635,0.0007625853301966856,0.006115744473423446,0.006021619053324434,6.635757344586324e-05,0.005469758786932566,0.009407633985950348,-0.006528010706675191,0.0007213427278724982,0.00418280480928801,0.003509735608986375,0.00674075474215563,0.004517547688777546,0.00018984869126059678
2019-11-05,-0.0020581641476549173,0.00494618367751265,-0.011956862561473991,-3.613661454271444e-05,-0.0017281003784270776,-0.0021806538498786443,-0.0029131406167560714,-0.0035616123735733307,0.0032003254025709804,-0.009332063729962425,-0.005414103827033001,-0.0050116103744042295,-0.0037315062645757457,-0.005560315063134924,-0.0018609685319608271,-0.0017145268842949646,0.00018984869126059678
2019-11-06,0.007435215342742607,0.008322363048648196,0.009589133913966874,0.0006971475782515668,-0.00013822678108510456,0.008780574642204053,0.009093600471369312,0.0073984041148200674,0.0014927473477646114,0.005158347390415541,0.007842748684654621,0.0021128079723307103,0.005823776833973282,0.00557779465145436,0.009526891893013145,-0.0023312939274894307,0.00018984869126059678
2019-11-07,0.01260559144172757,0.014046513683275474,0.0018281712751522239,0.016107275106209462,0.005053333019222173,0.013833890530466242,0.014912811514750102,-0.007497429211593576,0.009279726976639813,0.018214020472782533,-0.0009361378758128147,-0.0020307203242491134,0.007898005692876575,0.007817280853998687,0.017964252343491083,0.01045517759918968,0.00018984869126059678
2019-11-08,-0.014793759785941996,-0.00796374759340246,-0.013464538344878485,-0.015711791425418786,-0.01355650760470073,-0.013721038385873796,-0.015115563119052933,-0.006011161413810195,-0.014729762260769275,-0.01546484213825794,-0.01443570598030397,-0.015610253981150346,-0.012254513370053344,-0.012779597354335315,-0.013130445783748779,-0.01697675311227742,0.00018984869126059678
2019-11-11,0.004297940292522062,0.008820962722750236,0.0026584796538633437,0.011153940971780907,0.0026022223416262147,0.008544719020895819,0.009760455088697828,0.01730128919333418,0.008137255852048497,0.007937577685553032,0.012419425467649292,0.005990759745453822,0.011417030000079542,0.008406982549686637,0.011731333106034914,0.006867821338587321,0.00018984869126059678
2019-11-12,-0.010867634909438317,-0.007066269998024732,-0.01239065948315421,-0.01590445586880962,-0.003014509258725817,-0.014870564097538619,-0.015833347055294267,-0.014597807475197122,-0.004033956945740824,-0.0031370065304334727,-0.014052229099679181,-0.0004653772201240747,-0.008651041398092696,-0.014963826787940282,-0.017636941061020317,-0.014604825382835696,0.00018984869126059678
2019-11-13,0.0005129094517608568,0.008090629221911394,0.0063897121188163375,-0.0038401688452652794,0.0004086566676275716,0.0011663294868002883,0.0012500905110841565,-0.01600384304216551,-0.0017752469998786324,0.0076833770830400105,-0.0038647489146808045,-0.0015849271706049883,-0.002464084421904711,-0.002696856386916968,0.0004390972161236739,-0.006475760562548838,0.00018984869126059678
2019-11-14,0.011513039021180393,0.007474306115573759,0.0018072247182319146,0.010174720075924792,0.0076001178273066294,0.006681734425786345,0.0074998729591317925,0.018685929620829267,0.00514929820560539,0.007315318797225245,0.018573417566009498,0.009253915751811004,0.012178860445107187,0.015119100581816092,0.0096339536516854,0.005077358828156298,0.00018984869126059678
2019-11-18,-0.005183268723682022,0.0013269999498879415,0.00039862509772592425,-0.005121873338572502,-0.0030477474669474702,-0.0025062935335916636,-0.003472391390731411,-0.0021572842712888063,0.0024329445840891584,-0.006593971422405365,-0.0003094050952470173,-0.005695498660165721,-0.0017505978402279077,-0.0025533377413596847,-0.004743843328189223,-0.002615424060333993,0.00018984869126059678
2019-11-19,0.001147909210292175,-0.0024489459973285888,0.002177465637750453,-0.009131406082177218,-0.005570211194534047,-0.0023216866232805833,-0.002335144454831073,0.0028550862164078428,-0.004428339373887535,0.008017334472345983,-0.0011672543479162023,0.0032613258272689016,0.0015495041388942088,-1.15542541099245e-05,-0.003330512407523578,-0.003549735246012986,0.00018984869126059678
2019-11-21,0.015368821046276793,0.009930690614673221,0.017331670529558307,0.01047917078022187,0.011516656826736416,0.01287233366145113,0.013088293734841994,0.008515119742126709,0.009657210434644181,0.02836276605805854,0.00909752089873006,0.011203255417754798,0.013717784160640845,0.016861585210081076,0.007455695855816291,0.015242465399101235,0.00018984869126059678
2019-11-22,0.009286412397786936,0.005980294845888023,0.007664992544909266,0.006922705187804468,0.008574759637967277,0.0065853506811095475,0.005654737105406982,0.006258268434268244,0.010535968142908247,0.011840750273212075,0.012432423634471945,0.010372901725091532,0.009121008898236749,0.008053227845935984,0.005475623416310693,0.010406626756695347,0.00018984869126059678
2019-11-25,-0.005108153010338179,0.0008817897303838862,0.001352649852987442,0.0034496149660656616,-0.0035056355237050862,0.0018661503405443813,0.0025341482575049756,-0.003603447275293159,0.002969670604450636,0.0015283083372008566,0.003410146111539447,0.0014200058145010797,0.002426846147910444,0.0017172492913419823,0.001538561377512515,-0.002234416248047544,0.00018984869126059678
2019-11-26,-0.012865581324705389,-0.016297164035148803,-0.008660953905386903,-0.013325874084341827,-0.0134536103487507,-0.011698450526759663,-0.010957100922072804,-0.012827657060714759,-0.012578833058819572,-0.00441860690756446,-0.017142771552782987,-0.017558059176225105,-0.010750985167516047,-0.00848765858696754,-0.011347345401530706,-0.012451201863916017,0.00018984869126059678
2019-11-27,0.01789501908507596,0.017508762306158276,0.008808661049320987,0.0035669478750788297,0.015110249393022857,0.007982371278088207,0.00846747684541116,0.011781052368551759,0.009853598235933791,0.0011758928857379392,0.010184658555712822,0.004018474238557834,0.006427811682609752,0.0052244882951566485,0.00781830296674979,0.005932950702297823,0.00018984869126059678
2019-11-28,0.010141024149794564,0.007118392269783724,0.013752289081675917,0.0074805857778568186,0.007505378133083385,0.00898848318700729,0.01014065943604403,0.0028220418326567742,0.009415015533466908,0.011469287085128954,0.007471709756591505,0.012654301567402326,0.007233669081823546,0.009358857499551121,0.010987522185040177,0.005667278562862421,0.00018984869126059678
2019-11-29,0.004701527028897257,0.006328390594292133,0.0028470697701190595,0.003255084074363479,0.007671538528445598,0.005001280745853043,0.004262429337555496,-0.0015865867312886417,0.002919124970026221,-0.0015706829932807809,0.0016607260967771431,0.0006628314912489053,0.0011016670737964418,0.0009420557856745226,0.004754630001876148,-0.0001822259015059613,0.00018984869126059678
2019-12-02,0.0012651180844100995,0.0004081735528675967,-0.005556470886280751,0.0009964441482805952,-0.00385187630237116,0.0016821572736207546,0.0019397929819133797,0.0034192092608960056,0.002135028281650575,0.0008689472913336882,-0.006805936353430853,-0.0058703792719764225,-0.00015022600465153246,0.0017331841507892687,0.004083929962334976,0.005703145523433983,0.00018984869126059678
2019-12-03,0.006291455013186509,0.007353167490106838,0.014205559242063792,0.005382430091117385,0.0041950221540538735,0.010814462654296086,0.009662143101740739,0.006935079690763013,0.005392014907395604,0.00398099060258561,-0.00400063286100083,0.005017919555271089,0.0035803427235083785,0.0026850431964986488,0.005523159278987277,0.0008193498933026788,0.00018984869126059678
2019-12-04,0.014949921441284264,0.021601095449292007,0.011569409882349113,0.010183347006130772,0.017919549219788777,0.010488758407295906,0.009813621669339634,-0.010051237621375497,0.012464595522511113,0.009393691373783097,0.0019801447242560055,0.010339883521071958,0.00294120334313952,0.004978965509992106,0.010964506702880294,0.011886064566390298,0.00018984869126059678
2019-12-05,0.0049261953736925435,0.007590836116776245,-9.647721266192733e-05,0.003875048740060061,0.0031880798794916565,0.004944774316202327,0.004754720871156692,0.008186979128891325,0.007310740416345274,-0.005339831851655097,0.005236048517412106,0.007742030966511271,0.003541480040179401,0.004762760431845647,0.006724265897283033,0.00318626528163124,0.00018984869126059678
2019-12-06,0.004088054046525125,0.004546359994263893,0.010663429776539779,0.0025508797635356295,-0.0012696273229796384,0.007108087366306526,0.009207354653608002,0.013064246245090949,0.004537295077528203,0.020848621573760218,0.009074387337949075,0.007322745349305881,0.012828057552654926,0.011670192422584602,0.009251928134012655,0.004863330847779457,0.00018984869126059678
2019-12-09,-0.002157546776564323,-0.00046585538277021943,0.004109410446703654,0.0036365594076386287,0.004658886633053694,2.2834485354783496e-05,0.0016093773933585354,-0.0039438128069732015,0.0013115698822279143,-0.002950487433557303,0.007068249038835406,0.0024464090523845794,0.00017552670245279955,-0.0005086113846581863,-0.00125777751484768,-0.0013900963150426104,0.00018984869126059678
2019-12-10,-0.0011558701284982709,-0.003445634055529334,-0.003337897559367531,-0.007052109744144941,-0.005149412407932985,-0.001588411975020354,-0.002083436394745175,0.00016536689954338435,0.0015028439695590201,0.008754193317495718,-0.003463955616990977,-0.004623858542984749,0.0017438853261939613,-0.0004261242453486025,-0.0030981838410268914,-0.0028476886389519063,0.00018984869126059678
2019-12-11,0.0009773658411653674,0.008187294049339267,0.006538184801531788,0.006821841247993454,0.0005824671607201903,0.008760537903296672,0.00822639239169809,0.012923998232417633,0.015362725587056536,0.006781501951787616,0.007194221445966598,0.0029949126509576374,0.011123538150028534,0.009513451927388505,0.0069880570101450434,0.003294067229926645,0.00018984869126059678
2019-12-12,0.010655119917641231,0.003929970873906896,0.011631977751201505,0.005967285805968947,0.0013768471177431074,0.010772978537034072,0.012027942403093794,0.013861517467893547,0.003161412661785823,0.021824580086810874,0.004912147137900114,0.011708183923183846,0.010145320339912223,0.010377708712247857,0.012501475138149809,0.010653971110562432,0.0001708855892015304
2019-12-13,0.012372450418158154,0.012970221306683793,0.012900931636082857,0.009426951951020168,0.00638560971022839,0.014797544082522762,0.015038989352271548,0.010790061949562224,0.01605028284061283,0.02122499987643489,0.005945449432217753,0.008759285796446248,0.01470657596852698,0.010383296172270295,0.013537995322639107,0.003715921530043742,0.0001708855892015304
2019-12-16,0.005198288664570727,-0.0065276352981710195,0.002397781564505319,-0.007259104222922308,-0.0026263026879280726,0.0006652631018329025,0.0008257071209236688,0.01311945910510981,0.0019931433339730464,-0.0007552739225535898,-0.002838960867336149,0.006574633804433905,0.0025134947433211874,0.000995784760724705,-0.0026024349391264856,-0.004821985168466547,0.0001708855892015304
2019-12-17,-0.002922168611478093,0.00719986762258662,-0.002963293035990855,0.00852265947145825,0.00548665893571032,-0.000874682980701591,-0.0017347878599677236,-0.005199288813694358,0.0005375637816058543,-0.00010031216392214493,-0.0014275035066655395,0.0010776180782141598,-0.0006885995839547299,-0.001143003400405962,0.0016893543107359132,0.0058205488274407635,0.0001708855892015304
2019-12-18,0.011203165177770202,0.012722942210847688,0.0023671705970613743,0.02376792524363558,0.016778412334742088,0.010088119757055702,0.010155549588398483,0.009717396253924537,0.012207574665369814,0.0016205722003288514,0.02475440719751454,0.007955192467176353,0.011407026410051646,0.011431141715097182,0.009180693769188952,0.015195072911381002,0.0001708855892015304
2019-12-19,0.01369626666945667,0.0031845507557037855,0.015268069378074456,0.004974279520052027,0.009493733434968288,0.010173109906649103,0.011449966874056416,0.006893498469370485,0.0027200015795636467,0.003958869267932208,0.006984273403978891,0.00903223610068471,0.006650700705671975,0.00733479179774954,0.009213710477248505,0.007427125254602096,0.0001708855892015304
2019-12-20,-0.00171566394097733,0.002176068151715116,0.002344851588872654,-0.005714411511070883,0.001099394960161204,-0.0015581380082849705,-0.001410017522291862,0.00374734987209413,-0.00403926711061986,-0.0043363414729507,0.00012720937262278298,-0.0004788712795057437,-0.001626590398250083,0.0013291973458797735,0.0009483377064967158,0.0002569663856104576,0.0001708855892015304
2019-12-23,0.012853412563771593,0.008444666090009045,0.01895644206773084,0.015474495031314595,0.009175404921175634,0.014461475497642429,0.014574757360898305,0.007985934229058467,0.012227564395065338,0.015206819700163354,0.005628184581378148,0.009701567356739549,0.009760293094657646,0.010017842964870294,0.012196439003077986,0.006905283398134232,0.0001708855892015304
2019-12-26,0.010834715120160654,0.015284524147060274,0.012507556385210616,0.015831779294343873,0.012770196176311144,0.013663665801958436,0.013530417680212459,0.015946649035592175,0.015952271877889945,0.010684082382820259,0.020326482664614787,0.012064923733376531,0.01646456234961069,0.014653971865960624,0.013162521248450965,0.011847098456165162,0.0001708855892015304
2019-12-27,-0.002030226688880976,-0.0002981932830513623,0.0022730408868449903,-0.004163769016155561,-0.001727779203263724,-0.0006541542360952723,-0.002125205024866572,0.004470353001933214,0.0012624444815976243,0.0014352823852903374,-0.0059059464888922,0.006340029786428003,0.0012704917110459846,-0.0006304531534737645,-0.004224398113022332,-0.005198742735423423,0.0001708855892015304
2019-12-30,0.004544313323405991,0.002825532000888309,0.0023796559634488013,-0.004260626802439327,0.006593448707063132,0.0002881181923630738,-0.000386791188548008,-0.0028592388105748157,0.002101028650058012,0.006244520901483197,-0.011598989628575085,0.0031863197628860807,-0.00015644573065010103,-0.0018130579652347878,-0.004855232354114669,-0.006625500739080636,0.0001708855892015304
2020-01-02,-0.0032,-0.0011594705977060577,-0.0011062607251695398,-0.0013191569325039956,-0.0017814791839296945,-0.0007472556653643216,-0.0006157909070886414,-0.004,-0.0024681866921295523,-0.001969014474118521,-0.0022620109356667204,-0.0024433225166809974,-0.002269849527609365,-0.0008195232071618295,0.015322709201837537,0.025014062539162385,0.0001708855892015304
2020-01-03,0.0072295577803729305,0.0003876093556707261,0.004046316388221394,-0.008185890439054155,-0.0018473912914576118,0.0031024483647892342,0.0034034696368852035,0.020334788879175614,-0.0055429013381552705,0.0016903691906482443,-0.007132956772790355,0.010674583868183207,0.0018283090482853481,0.0026967108578197507,0.001586697433213713,-0.005684566108385081,0.0001708855892015304
2020-01-06,-0.0015138808202761478,-0.0036464222064948038,-0.007917137114501704,-0.004859204010553175,-0.0012032259631917785,-0.004044074655601082,-0.004924530263143767,0.008639763514356469,0.0017149439533097333,0.0020706634902334375,-0.007465770753472101,-0.009336052282857943,0.0012789089255300645,-0.005177314536310318,-0.008870954334179504,-0.00624962582673394,0.0001708855892015304
2020-01-07,0.008072263711174754,-0.0029714859979973474,0.005969095492019738,-0.0017622341726375446,-0.0023679868128129167,0.003657315120572102,-0.00011709132294579483,0.007188437023686323,-0.008919028171340715,0.003509715687840531,-0.0008177904185069362,0.00308569124784408,0.0006898562217225734,-0.0002544546575246054,-0.0005271961313391138,-0.0017953590850018353,0.0001708855892015304
2020-01-08,-0.0074223502926660245,-0.007895652162941413,-0.0017497086556550467,-0.009577825724078726,-0.011407045441928498,-0.003941645503452107,-0.0007780320032054755,-0.004490912714596673,-0.006972518880357104,-0.00930264569173056,-0.0015611134141081395,-0.0072915788009633165,-0.005970701351372787,-0.003463200889106788,-0.0008919109431716477,-0.0036745983911669056,0.0001708855892015304
2020-01-09,0.004500411460198084,-0.008521769841315585,-0.002734865149423893,-0.009197301037314864,0.001050861228996336,-0.0032774545010659795,-0.0017566869440427402,0.005161787180823829,0.0035649571562816895,0.001568037177727799,-0.0024226569207898008,0.006848197879376405,0.000999482301808463,0.0022847359579014626,-0.003026085287130331,-0.00209932737086016,0.0001708855892015304
2020-01-10,0.006417564989365632,0.013212021646143546,0.004785313303799388,-0.0019788844642040226,0.007191757803543197,0.00613805450705307,0.0038854747119789756,0.006306196136130593,0.008216278782631425,0.0020536907348545075,-0.003711171841021099,0.009431564961842165,0.0022919378606525154,0.001097469027389053,0.002869184905969213,-0.0030300206061839585,0.0001708855892015304
2020-01-13,0.012132738428914713,0.014165681952172937,0.013506817291010664,0.010781559113901995,0.010804619000517546,0.013303612945030352,0.012935516093479427,0.030723355088495108,0.0038996718519808127,0.0168349530516676,0.016000008100272023,0.01147922937258139,0.018453022371525796,0.015864459830494893,0.014871316073070018,0.01518856241060429,0.0001708855892015304
2020-01-14,0.014505902660196579,0.010226246998795707,0.0011773032487860657,0.0008689136858883728,0.004460058505362241,0.00860185202513275,0.007634998450776864,0.013875406142327407,0.006404011892877204,0.0030116067867833607,-0.0038999653622716624,0.006363496869838725,0.005104708163075511,0.007473517763734838,0.005787099993614708,0.0027342659051379226,0.0001708855892015304
2020-01-15,-0.0020702467528874724,-0.00793419448637489,-0.006685220601651776,-0.009981248128422715,-0.007300387869137115,-0.005738642135821315,-0.007369704188016968,0.005713607459722825,-0.004628362139262432,-0.006657408776579499,-0.011123279879309611,-0.0074387311851717985,-0.004357028340424063,-0.006245122546788884,-0.007641952201352553,-0.00967977301017875,0.0001708855892015304
2020-01-16,0.0070152947243691255,0.005199130367498306,0.00719321888195279,0.006400601437836828,0.002334642979184176,0.006964040150529094,0.005228962431327089,0.000430428791067472,0.004736075400499251,0.0031448483496470114,-0.0036779827509885177,-0.0006950193611202637,0.0028166155269129245,0.002878682642285746,0.006435500457309118,0.0028949999227241285,0.0001708855892015304
2020-01-17,0.010268247829784416,0.0066126638434294005,0.007589233498591863,0.013635883415827443,0.009719941897991191,0.009485087998859942,0.008871480663213305,0.0034554930498180703,0.006356626109081942,0.007231067808776359,0.015407113236737713,0.010908909596686112,0.00732366876506485,0.009516458168781883,0.011216009417304384,0.014406044187781797,0.0001708855892015304
2020-01-20,0.019758075069238767,0.003545552412226316,0.003420420297026494,0.00017311816106713174,0.010069465019549417,0.006363817636097391,0.007875781335766163,0.01088645472398797,0.005829081288253768,0.01485827567489384,0.0017516825809968939,0.009417205889883373,0.008620823417304191,0.009215578399229596,0.008225575883440417,0.0035288760567737665,0.0001708855892015304
2020-01-21,-0.0069596476454452105,-0.0022916841181204184,-0.013418666466595619,-0.017844046751535725,-0.011732315474860311,-0.007355938275312668,-0.006541601312128553,0.00880799277798694,-0.003924954318382579,-0.002479504289554235,-0.007348072190343169,-0.00841818695660368,-0.0010020003348141238,-0.006581539789772939,-0.009158359254307191,-0.01464789517924947,0.0001708855892015304
2020-01-22,0.015508852070381662,0.008544290013940081,0.002119672693157826,0.01621095541371953,0.01455834168701986,0.008720604381821762,0.00940490425334084,-7.533178311125432e-05,0.0074980927755037285,0.008478789418115973,0.0017902960265807621,0.002541024041502027,0.0053316550829827225,0.009790488994723123,0.013675739545680132,0.011105671052360266,0.0001708855892015304
2020-01-23,0.015396545163980369,0.012569493402069476,0.01353325035245101,0.014729655082899917,0.00930180299426997,0.015561420405096893,0.014315746130058926,0.010548630016112392,0.005551511986187085,0.02135062113262509,0.014728875340624059,0.01550769709520039,0.013274765274812639,0.009924096311723307,0.011553078636805658,0.009472627744522955,0.0001708855892015304
2020-01-24,-0.0011704934299339165,-0.0011443583538517377,-0.00438710612145865,-0.001974193910412425,-0.0013043265566631268,-0.003576665054241146,-0.006149841141457002,-0.019309269758651104,-0.0029610579311653007,-0.017663373140560212,-0.005774536696756094,-0.003975613077571105,-0.013167369844411358,-0.010864853123326967,-0.005429866310281861,-0.009487518715984411,0.0001708855892015304
2020-01-27,-0.025948454514925445,-0.01759402223673523,-0.022041028748844615,-0.01940471919793818,-0.02011312082055461,-0.020464604195897462,-0.023607984860898545,-0.03430936287006736,-0.013577862813992536,-0.027196947492051482,-0.02378625127212952,-0.013476541395949337,-0.0260656210243414,-0.028042161450730796,-0.023743958316669977,-0.03223470264269612,0.0001708855892015304
2020-01-28,0.01797265440069662,0.009855446010107238,0.010624538478732015,0.01163802312785811,0.014216827396478893,0.012370625826789716,0.012300277427545803,0.02681464387826149,0.013976196388944429,0.011706153859757373,0.011474871800210451,0.013661233747278567,0.016764179622834385,0.016070499609782907,0.012462692681328047,0.017317618318188233,0.0001708855892015304
2020-01-29,-0.005588338130812831,-0.007107713498785695,-0.0028118417578048005,-0.011109104521869306,-0.012148377267396593,-0.006791033506306388,-0.009343566553472016,-0.00998266316131835,0.002830925744619739,-0.003761961197996988,-0.0052338274838485965,-0.005710723281517338,-0.005075746215231103,-0.0059401539393164615,-0.007992712458874562,-0.009175727985767157,0.0001708855892015304
2020-01-30,-0.007280776523137522,-0.01243051494620917,-0.010455487678214914,-0.0040284722068058,-0.007688408534180513,-0.008019941217786264,-0.008423302243797837,-0.011612327371539166,-0.006550834015971452,-0.009320590274854879,-0.006637133488248792,-0.006780325106788165,-0.008992376668077173,-0.008410056532556442,-0.007975537334930727,0.0002951618060622607,0.0001708855892015304
2020-01-31,-0.022750545538450906,-0.011035845544668188,-0.0114351061053376,-0.020039158279607228,-0.015104378576389577,-0.016461156207414063,-0.016024611972970115,-0.00553593116683937,-0.013117317107146698,-0.01531135487368196,-0.01858414973928746,-0.01414825707617462,-0.013045856325169636,-0.013033577594668833,-0.017439620336434425,-0.01508303074514561,0.0001708855892015304
2020-02-03,0.013104662101341313,0.010541456829376017,0.006682549006502336,0.008768304863712606,0.012846905287464017,0.009559387739167313,0.010826293930644493,0.019380544627007,0.013067363864346149,0.013130476105477129,0.00636758489646172,0.02546963715824413,0.0122007087349294,0.014512971143286757,0.01209419990100824,0.008237364592585061,0.0001708855892015304
2020-02-04,0.0036534346968586373,-0.00029088249586073367,0.0005138376792939159,0.0008521478387593096,0.0023589634208598387,0.0011634675403970896,0.0035417793118308616,0.0012282398369480862,0.0060340125171871595,0.017130551058954557,0.0009253665973405489,0.004846747040531341,0.006064403838571986,0.007858288190057072,0.003572145768117707,0.008195858695620784,0.0001708855892015304
2020-02-05,0.009651461043896914,0.003313947666380601,0.011923474649663257,0.0117971489995361,0.005281108638330201,0.009820051165893684,0.00830293503124735,0.0061815518316425955,0.006492953363495868,0.010362726348607465,0.010799827936725404,0.004463928477081991,0.00849328487827905,0.006096736788740564,0.0073636905084195625,0.0042979444204294115,0.0001708855892015304
2020-02-06,-0.01870349315666575,-0.00027884868274330454,-0.016864995157867324,-0.015645627560485154,-0.010517845758495126,-0.015147762923010788,-0.01629089508173931,-0.012830478166337422,-0.00967517539358198,-0.018652742388551413,-0.01596814412074965,-0.017394965952471142,-0.015365454460471328,-0.014438963012239459,-0.013944358108502919,-0.007723531091298863,0.0001613700890652492
2020-02-07,-0.029300625729042684,-0.01741085433566858,-0.01744638803428511,-0.010429347820619883,-0.018076142196462364,-0.01967988259553255,-0.018859378008782346,-0.01897545901481923,-0.006236061374026769,-0.02670010080029739,-0.0038664264401881976,-0.016385163439272432,-0.014953821321782801,-0.019238663701115377,-0.015757865898167522,-0.012695615561956641,0.0001613700890652492
2020-02-10,-0.013500272718378836,0.0010181624573408765,-0.01176712189242246,0.0004942341563425323,-0.0037104535540525285,-0.008389667833043846,-0.010352968193858447,-0.044450802627774344,-0.00844590030801895,-0.01892025510829054,-0.010696804062985676,-0.011202464912253407,-0.021920135625349446,-0.021827511225322338,-0.009552153990257661,-0.011705991394831528,0.0001613700890652492
2020-02-11,0.030730648849231157,0.020198608015367547,0.021174320365231925,0.021982421263309737,0.018381214960746295,0.026033377613229547,0.02737827046472807,0.04542302350641103,0.020714629740343105,0.025140397640955214,0.025813558447808527,0.022664588254438067,0.030137724852884906,0.03001542833476778,0.02725292464481255,0.025295742499377605,0.0001613700890652492
2020-02-12,0.02399162838282498,0.01855848010022565,0.00684462880277481,0.007153647142369213,0.01595667144689772,0.015336354896795745,0.015229606938988782,0.019906266036205267,0.014465908584182285,0.02048030358791908,0.010042543289023653,0.015031702382066081,0.01515652307270865,0.014609590901819347,0.01470859701520788,0.011461471582411509,0.0001613700890652492
2020-02-13,-0.0021013989115009624,-0.0018192605526858863,-0.005122412863601267,-0.010214399771018678,-0.0051032985106268525,-0.005433632430423274,-0.00312034096482694,0.006251335998820773,-0.006743536159939834,0.004912058112042317,0.0007163106612519954,-0.0023565100262428196,9.867374271887996e-05,-0.002585694068747979,-0.0011521677780187423,-0.008325410749761897,0.0001613700890652492
2020-02-14,0.0036722964707405215,-0.012215279465244255,-0.009192348442097709,-0.00649331841217915,-0.001920611167899211,-0.005966117207438004,-0.006152900952438811,-0.012212962341152767,-0.00911755916780399,-0.012470688405326058,-0.015883258193647776,-0.007551048529278792,-0.010964987337433563,-0.00871729352192474,-0.008989802994888607,-0.01048563743367048,0.0001613700890652492
2020-02-17,0.003249150781879706,7.78943461443582e-05,0.0006883023358492668,0.00014837733649053497,0.0015791784882213111,0.0015797328742337413,0.0029723864376549614,0.012078421429036368,0.008900686205624453,0.006220851050693366,0.004610707638684319,0.0021227434324782024,0.008350473811961745,0.009712536957249052,0.0028038726429209238,0.008347751983361684,0.0001613700890652492
2020-02-18,0.003303687549898404,-0.005273837069772136,0.008140372851827227,0.003990355924809785,0.003834911307357469,0.002359660438889355,0.0027305761147848884,-0.00030225309488762786,-0.0033852169565831147,-0.005500642791632093,-0.008912055092205162,-0.0037690208646984358,-0.0029602348837376447,-0.0017986660610354033,-0.00027490407727392974,-0.0025148960410489307,0.0001613700890652492
2020-02-19,0.02677348719129502,0.018186780825401705,0.014546322366497444,0.022731938966809917,0.02538358896015569,0.016932026602560324,0.016553033580280374,0.012198037986303811,0.00619065866273405,0.019211694681306346,0.0032448388518171445,0.01603421457232801,0.010160847851292898,0.01219406715268967,0.016324861452550632,0.013151354609472587,0.0001613700890652492
2020-02-20,-0.015634518168499367,-0.013527148392872279,-0.014764484456136984,-0.015992026050472008,-0.017572841404974393,-0.014247408532336636,-0.014320692991674266,-0.010496422185700127,-0.013695665099535459,-0.017934345828400144,-0.007706732117992443,-0.01569024498483962,-0.012309727946504867,-0.014903642238586201,-0.01581751581751578,-0.016175717181919458,0.0001613700890652492
2020-02-21,-0.00017755042000056065,0.014854254679881551,0.005702428378478119,0.0035912162996545316,0.005667167303607723,0.005272844700184409,0.004319983347056633,0.005813953672453076,0.0011135690445625013,0.006836100165386938,-0.007693940008898115,0.003321292114963015,0.001735320182755018,0.0011043482003636473,0.005124626402751797,-0.007136031056218406,0.0001613700890652492
2020-02-26,-0.06442241133309701,-0.05007618017638449,-0.060167876900784845,-0.05813080127434833,-0.05365705292541634,-0.05912334497627403,-0.06025238926658971,-0.0844155473548518,-0.043828917097073816,-0.07003035641901134,-0.057651264039371375,-0.049144954497194915,-0.06627044236867252,-0.065889525709521,-0.060034177005093725,-0.06923603451442994,0.0001613700890652492
2020-02-27,-0.03644033160615434,-0.025545215838526647,-0.019643508540570398,-0.019668132949478334,-0.023368555506700806,-0.02633952446207477,-0.030130046113730824,-0.02917107437840294,-0.017502360561531094,-0.025490987891993777,-0.019358435737537927,-0.023032317379549805,-0.02428292303464341,-0.029890626559859745,-0.03045820359519713,-0.02597420283869245,0.0001613700890652492
2020-02-28,0.015844799509894036,0.006251228489059679,0.01752263815372035,0.019541811031833722,0.015221052249609235,0.013668117684077608,0.012498890244518224,-0.0015414681392477148,0.006805447648923657,0.008798828799057912,0.009256805783854238,0.0019769630598553967,0.005651609873605468,0.005505289824916382,0.011076196950069894,0.011130843452143102,0.0001613700890652492
2020-03-02,0.049754442601337656,0.05667937833715375,0.024971297786521962,0.02416734771920126,0.05153887941770918,0.03635084221351392,0.033243319130495275,0.038792380027325546,0.027011660810096094,0.030909909635318922,0.005980044959766673,0.02714113309592281,0.02682028598461894,0.028089004972511766,0.026940631160205397,0.024520367031373613,0.0001613700890652492
2020-03-03,-0.009627082338488857,-0.0015465805133481059,-0.011955616665924707,-0.007567779602584923,-0.006394774625520183,-0.007843784066906001,-0.005347515537257319,-0.00349269910766159,-0.0010973209799525208,-0.00864367959671708,-0.014228873791314434,-0.009727214762920378,-0.005508172550527823,-0.006747817139097223,-0.004147911715441932,-0.010151866452575153,0.0001613700890652492
2020-03-04,0.02132775113065044,0.031802379514149104,0.028319209815024227,0.015316851799437314,0.02569309084075866,0.026133495670073836,0.02582705812440067,0.021294615757686763,0.0299172292217047,0.028863985616410792,0.00980134229857721,0.0361732268814845,0.020962386924588294,0.020547063590943937,0.022532702559891593,0.01717064761658249,0.0001613700890652492
2020-03-05,-0.055459568166715156,-0.03142283347622943,-0.040422197617822175,-0.03659885231978588,-0.03552035541650578,-0.04352426213552707,-0.04863967114160794,-0.06378229190154805,-0.03695389299482632,-0.05036545173713858,-0.04572406874683477,-0.04189595509016042,-0.05049814084513249,-0.05286776287411998,-0.04502336323892597,-0.047011787943163186,0.0001613700890652492
2020-03-06,-0.046452864570501906,-0.030957127502568627,-0.03970018143600862,-0.03253878010356237,-0.03900492950137524,-0.03721925320120745,-0.043397518321570905,-0.060985675614301016,-0.019062143349059646,-0.05943495184457581,-0.01966810258421059,-0.03895568447314357,-0.0404511301465551,-0.0403062303404248,-0.04277134756673817,-0.0417615765455186,0.0001613700890652492
2020-03-09,-0.10758162513773617,-0.0735735432249357,-0.09485183750018245,-0.09151343269400392,-0.08225469719210188,-0.0932291313008492,-0.09709145881654213,-0.1635958866104753,-0.0727944695886018,-0.1194690292599353,-0.09208540218652883,-0.0832445948117525,-0.11461240285399332,-0.11157348488545793,-0.09495159132890296,-0.12102391355197539,0.0001613700890652492
2020-03-10,0.08633768231685557,0.04157835237653629,0.06000665923577264,0.050853353640171406,0.04498125039272849,0.06144277544906007,0.06751903843981877,0.08898362440009944,0.027520816896988043,0.07120587133314538,0.05573276556461071,0.044835894583146185,0.0642574599956629,0.06841060685587386,0.06331393047226652,0.07029349576201005,0.0001613700890652492
2020-03-11,-0.0568637471487744,-0.04653717067343799,-0.0689753555363738,-0.06658521445598442,-0.05994826601350167,-0.05774344163001399,-0.06260047127368851,-0.0666961223450091,-0.04670819524665515,-0.052499482491041416,-0.07089965734073578,-0.06770788048215848,-0.057182464686974854,-0.06310603796105296,-0.062428641555848485,-0.07514705927494081,0.0001613700890652492
2020-03-12,-0.16234670762527392,-0.11266837502558524,-0.1526550724750504,-0.11918666720628868,-0.12336828290218071,-0.14117059721968706,-0.1523412440305284,-0.20610885384497768,-0.10020337814989277,-0.15877696320380563,-0.1450444116336831,-0.12926867518310337,-0.1528565230034421,-0.15651645692546023,-0.14674279125449674,-0.14887478616580951,0.0001613700890652492
2020-03-13,0.13058223177727846,0.08339051037570933,0.12411406499850974,0.10560727355375232,0.10218380811413708,0.11282152710638482,0.1238233411136862,0.15742912500614636,0.08135509250068007,0.09992997751850474,0.12234830085224901,0.08657589042401992,0.11433405307128908,0.114181403208937,0.11560908849597196,0.13753768352694085,0.0001613700890652492
2020-03-16,-0.15730558185230192,-0.11375392476051271,-0.10745682497809728,-0.14765772027185886,-0.12223558681696056,-0.1346687891329914,-0.13662350437851567,-0.14959016091395372,-0.089621317057626,-0.10460567878822857,-0.1579121856071406,-0.10654898537526392,-0.12845412338100481,-0.1370964096094316,-0.14633038437412127,-0.1371055793520608,0.0001613700890652492
2020-03-17,0.022836078770093637,0.050165433625027456,0.04755821525331827,0.05394843575929187,0.03636721123477926,0.043150347414835366,0.044638649244495454,0.002277037454347708,0.04851671939526492,0.03436065776746777,0.036968547158773735,0.03360953470852679,0.028618692737366613,0.03516547036729234,0.051979642513266366,0.046881817826677885,0.0001613700890652492
2020-03-18,-0.14120053506049235,-0.06877210074200846,-0.11827123017879326,-0.10830776241548723,-0.10295857687933596,-0.11035826144249805,-0.11251560833537866,-0.16432763854004162,-0.055304004168975185,-0.15862285809422938,-0.1237665195840768,-0.11874802566273512,-0.1272444532837348,-0.12449154455811229,-0.10332321709987535,-0.10561466378933038,0.0001613700890652492
2020-03-19,0.018750278521436847,0.0228163866482054,0.0011477111101989568,0.004763363335715143,-0.004991488338392136,0.01870940493813622,0.012827408115235972,0.09185631527839622,0.0005272597722802974,-0.011461208553617985,0.009917342733847923,0.019507863033848327,0.02287277145638411,0.03150619935677268,0.03180042518246773,0.022234550392456587,0.0001422706468645618
2020-03-20,-0.0042847453259400314,-0.03219236304645057,-0.05441815604844247,-0.015914682112692646,-0.014227506458170947,-0.03697473311119448,-0.03135739017967143,-0.004949000351995636,-0.01905703766123734,-0.013663352132398776,-0.01839953313587006,-0.0018651375905958112,-0.012893383701777172,-0.0036621661206844847,-0.02403665562088808,-0.017524156072353136,0.0001422706468645618
2020-03-23,-0.053628361159815285,-0.0413505061547359,-0.08089448031964863,-0.05055251768348301,-0.03838876369726474,-0.06589055329741977,-0.06553000518779062,-0.04384007818078184,-0.06517414971733704,-0.08839474814311843,-0.06971824833312612,-0.06553639299060943,-0.06563157685767684,-0.05686689705982362,-0.058745970169729156,-0.053108489521484614,0.0001422706468645618
2020-03-24,0.09333900314454957,0.03006222342925957,0.07525478236699112,0.07849179850688537,0.052714003149608724,0.06783151323051895,0.0741956107719628,0.09769120060948877,0.030320759897280558,0.03579051280856138,0.11638050887741236,0.047606221598180065,0.06592364167212006,0.06574016581784647,0.06928283981506222,0.09321641297154204,0.0001422706468645618
2020-03-25,0.08547260187236483,0.03865642862351404,0.0741261778495419,0.06559293420270285,0.051413007228951146,0.07075255987925932,0.08381504253046645,0.06810773600140152,0.022077722098999386,0.09708366244767741,0.09077679473702127,0.06475720682209296,0.06857892175888991,0.07977516136087148,0.07564129261874553,0.0740919357356562,0.0001422706468645618
2020-03-26,0.052875336330138634,0.04821223067868874,0.07863389013737243,0.04091080526504687,0.060673528970074386,0.056142382762978116,0.0520327489783734,0.05702342054702347,0.050548619750493184,0.06310539754317035,0.04220541922126109,0.0838063223322314,0.0518268371979731,0.055083555270184714,0.0440278359551276,0.0394563897477791,0.0001422706468645618
2020-03-27,-0.047439693621413426,-0.03952804483893879,-0.052465706202545426,-0.060879421843552106,-0.05211233013961114,-0.04742499707612757,-0.05414262603949116,-0.05193206427797825,-0.045076276041182695,-0.05081104426599359,-0.05664348595776825,-0.05381405171802056,-0.0491824275416507,-0.05003404807861844,-0.05523582186169307,-0.054004655846889515,0.0001422706468645618
2020-03-30,-0.006786468257811928,0.0247161215724907,0.025168695040033384,0.025524749433201377,0.031016726256101634,0.01168017759269202,0.008565271165216659,-0.006431004480485503,0.013803377282437967,0.005408501211627836,0.010718167636308618,0.014092870901142751,0.00358358238874934,0.001655512946459936,0.004307360697742624,0.015060844252238859,0.0001422706468645618
2020-03-31,-0.030918155447757778,-0.012808867564266135,-0.0102506573327521,-0.024455923079214736,-0.013252442518387086,-0.024140667523151804,-0.027563816727369628,-0.026215763448293017,0.001083202755817858,-0.01638690040086177,-0.04457704793475337,-0.021067008775308982,-0.022582234536444257,-0.03359769309442828,-0.026660744425690774,-0.02163096032314793,0.0001422706468645618
2020-04-01,-0.043016758219176054,-0.0267700990296037,-0.054205904592767196,-0.045817227514605485,-0.04121606947622025,-0.0397874457171431,-0.03944874778859109,-0.04773367804487649,-0.02436588384235172,-0.04818719511076219,-0.04593997711080511,-0.047971175610285965,-0.03862950262483533,-0.03673091679560481,-0.029826008863837128,-0.02872484440128331,0.0001422706468645618
2020-04-02,0.017816731438952793,0.018241979620871707,0.010039337900483059,0.015270412374452258,0.01570288565545419,0.01290383447105592,0.015106946700205626,0.025932167017272967,0.0068861985146904114,0.011844016522843503,0.001305283584956296,0.009647335148312397,0.010920248121125908,0.016483068561134795,0.017072308016496507,0.017440358194684924,0.0001422706468645618
2020-04-03,-0.03392523791392876,-0.027884329202316316,-0.03498630069443187,-0.03882404843420495,-0.038076833203373295,-0.03129189290421197,-0.038120043707564166,-0.018802647184051335,-0.01047173546257052,-0.03591889296206352,-0.03787025043245518,-0.031892787447395654,-0.026911748659501855,-0.03670388817084702,-0.037086229924266134,-0.03665443014882008,0.0001422706468645618
2020-04-06,0.05518874081023606,0.04373190779344416,0.06327068388972323,0.058106338541259905,0.044459056278564724,0.06025946309920083,0.07109966327178929,0.07110715471827889,0.038263037675183575,0.042811023817935556,0.07918530825387204,0.052493096753670976,0.05927881463524609,0.06203409940685645,0.07282961596833992,0.06437440650464099,0.0001422706468645618
2020-04-07,0.04587714853945224,0.02091605581675693,0.02169225639581529,0.05045506806288236,0.03797826563971496,0.029007655168478363,0.03394283181441149,0.045949576904594114,0.011629035079000483,0.027181288366113554,0.05161004511983025,0.0166319507128021,0.03482567851055607,0.03677236344868784,0.04093188167036743,0.03062656980050238,0.0001422706468645618
2020-04-08,0.038736824878697895,0.027243985040501517,0.014465767198135637,0.03632228673440374,0.02647490756581461,0.028400244177600786,0.03520715296658228,0.008419767353311292,0.023143128671284208,0.014562149042178785,0.030427327728144826,0.01981236133036579,0.021349339167562098,0.03157820587271498,0.036786639554927,0.029683234147036774,0.0001422706468645618
2020-04-09,0.01022449730561159,-0.011492916378971985,0.013704600615754847,-0.008835436689380471,0.0006981071584488685,0.0015293513135992143,-0.0027576964686145677,-0.005326234999232793,0.004196638369088124,0.009464818526630392,-0.01017445136504358,-0.0012589336864401446,-0.003872164264934974,-0.005087323335080551,-0.008780750047288621,-0.010550889724356138,0.0001422706468645618
2020-04-13,0.001978245561532921,0.015940931158131555,0.018027069670538465,0.01852226124810863,0.014507893401176863,0.010011038714004217,0.0062924760001430435,-6.537424457320196e-05,0.009624779537313444,0.011667500100603245,-0.0019893580432335245,0.008594724254525454,0.0065356131195339895,0.0070623671526470755,0.005791861263161557,0.014042528032942814,0.0001422706468645618
2020-04-14,0.03280890286378901,0.01492396472893831,0.022096734990196154,0.013363813095971011,0.029027148166619776,0.022793269778159653,0.029140661491318776,0.04086008163939381,0.006038290988544137,0.037608589840899764,0.00805728812169404,0.02411642638611844,0.023147160318766957,0.02589030633461431,0.02270117333777133,0.014836526821574436,0.0001422706468645618
2020-04-15,0.0016310405342163659,-0.012935775011638118,-0.012803297014665538,-0.02343444418121654,-0.013065569037133296,-0.00866728899360869,-0.0034954909947453316,-0.004024640025693138,-0.0021736327760637497,0.01952132368385051,-0.004265290727798576,-0.008131400642435671,0.002483713784363628,-0.002148901425745864,-0.006424840111311725,-0.012969817544198348,0.0001422706468645618
2020-04-16,-0.017429457925774994,-0.018447025166095976,-0.020013634362660793,-0.014113389431946621,-0.01803970240950059,-0.01600037415431388,-0.011223679179887647,0.0023764356282962584,-0.00885308698937326,-0.0012730264582411221,-0.007232052300851999,-0.008923121990787264,-0.003141445907427487,-0.0014990725241151859,-0.009024768156818075,-0.01235655798572255,0.0001422706468645618
2020-04-17,0.015382610304200073,-0.001788807030665529,0.0022616090902871644,0.019066709089858636,0.007413058192602184,0.009591150289215866,0.0030968850258568104,-0.004094412166133599,0.0024532083434771756,0.014544682917576823,0.018833640375460092,0.0011566028569343079,0.0068187156443224595,0.007142736824900853,0.004518769255180022,0.01427615368327717,0.0001422706468645618
2020-04-20,0.018970229934428318,-0.0004985154211989418,-0.002388388897580307,0.001080823417106025,0.0035949122979725967,0.007239493060039237,0.00971948256016053,0.010794694067041588,0.011806657703476553,-0.0009792093757606812,0.016325773871009863,0.017264508852449234,0.01015975124196844,0.01139236416675149,0.010566566737856498,0.0006876769547654593,0.0001422706468645618
2020-04-22,0.02644562321325883,0.01202208342595723,0.02089225368296077,0.01201776693975054,0.006831281440215831,0.020957089139123086,0.032904842508220344,0.03911240130053861,0.01556104929704194,0.009818832740117411,0.027761925279767175,0.031066407113546024,0.022258068830532496,0.032304686771779334,0.0334750923170104,0.02234132567591285,0.0001422706468645618
2020-04-23,-0.016312005417707165,-0.008358799335095424,-0.02478478607688228,-0.022550040075915767,-0.01861267398439337,-0.014863581874129728,-0.018764261514415348,-0.020075282833277863,-0.01476474339467504,-0.017119430317280138,-0.029292107409369383,-0.018459984223173742,-0.01925155611851581,-0.019693290012902542,-0.02047426695318444,-0.012851767286341187,0.0001422706468645618
2020-04-24,-0.07016706477817336,-0.04760496251492741,-0.0867315356770445,-0.06368754598370374,-0.05951865525069189,-0.06705016002476227,-0.06778317980319615,-0.06701732205137356,-0.05420628692339302,-0.07250904897439958,-0.0577883941624886,-0.06262919962710645,-0.06151579757567638,-0.06024670738655136,-0.06186067756919167,-0.05532058512037574,0.0001422706468645618
2020-04-27,0.04622410020477363,0.044037284145044264,0.03247186524249579,0.035644254585077695,0.040369375986065714,0.04020989291568777,0.048271415216083025,0.05355137718395775,0.04126296597930579,0.030328560420402217,0.03513065973689078,0.0401468683727888,0.03982756622067196,0.04081333737923565,0.04701263522433097,0.038647368777956714,0.0001422706468645618
2020-04-28,0.028493171488397806,0.024783110439038136,0.05627017978959925,0.054096358914335285,0.03750983948758391,0.035290497155825884,0.03571317767834059,0.07097231868516851,0.02492035871353404,0.038559182883547205,0.06323616023764811,0.04065378868462588,0.05059895712744922,0.03749802965312843,0.032729011383434425,0.03935538453586651,0.0001422706468645618
2020-04-29,0.014057632434114398,0.00283068937822617,0.0252834621725333,0.010374887128037802,0.005163698608498635,0.013720330678409276,0.014477501637044865,0.005607152687292727,-0.000752663965634337,0.02975828121980517,0.006871290171177602,0.002982142885239236,0.011330019349071074,0.018355425777714762,0.015306801966069372,0.022250664079562776,0.0001422706468645618
2020-04-30,-0.0338434394832946,-0.02005738079244823,-0.02816801855440787,-0.03661653920681107,-0.026575987462108985,-0.02942535243473654,-0.033951956121786586,-0.027993960600253165,-0.020473071614030336,-0.03397315914485277,-0.03709465445123583,-0.026839835497700415,-0.031103757611536942,-0.03337684152311482,-0.03658289008891957,-0.03255180143978642,0.0001422706468645618
2020-05-04,-0.02240033378744144,0.0011611447129620256,-0.018585065629080355,-0.030327493313469733,-0.021710291983159435,-0.015871106130092683,-0.013193530005797927,-0.012485368064536928,-0.016301608529600387,-0.010241507493482183,-0.017660681957729407,-0.014566102382540747,-0.013383659732683961,-0.014425959456368154,-0.01318144094610707,-0.02042649092152693,0.0001422706468645618
2020-05-05,0.00352121026352914,0.01368349403378355,0.003259746843240263,-0.0030098048144857614,0.002975239457417178,0.008668177616993233,0.007939361778932508,0.011038550276276426,0.011977369143532313,0.00593213925190228,-0.004229875768153035,0.004941919778123083,0.006586510923049849,0.0048692153655447434,0.006774026110552667,0.007462135471170139,0.0001422706468645618
2020-05-06,-0.0038784766390899117,-0.01055468500886525,-0.018825638484844642,-0.012910261734861539,-0.010129950661701193,-0.011663360069617656,0.0018723391738342254,-0.009722759643863044,-0.01521314705074317,-0.01186174362745629,0.00479755918425262,-0.017786348710270516,-0.006608073817879534,-0.004001868944355724,0.0016641649807478398,-0.006045155115676937,0.0001422706468645618
2020-05-07,-0.02863175844193766,-0.024887933805322615,-0.057664321825198095,-0.03432412828398401,-0.02893691601415249,-0.034796183750410936,-0.02898027427669081,-0.013784434285171288,-0.03908618224853455,-0.027074449603488593,-0.028677018546761968,-0.041929465433798385,-0.025335289119645776,-0.020300529570761117,-0.024784180864579564,-0.013301204992643312,0.00011344872391472194
2020-05-08,0.0007145555986776131,0.03134042393662284,0.042891752710007,0.017915186693928886,0.015511220730174413,0.023228930559174188,0.01790739553174725,-0.0090317379869288,0.020614960633353663,0.03237211535564022,0.009852336842057108,0.02433232705061461,0.012061197715291128,0.014027605213519534,0.01328491926162978,0.026580337106985485,0.00011344872391472194
2020-05-11,-0.01761255586478705,-0.006626454956644046,-0.018477581110123098,-0.008563210784127473,-0.011499977824054763,-0.015560959675523955,-0.011305448200399137,-0.01151788996531955,-0.007422660314744478,-0.01918403496890886,-0.004966680952061542,-0.012936010814445176,-0.011901756091914684,-0.012155387615028102,-0.009161367315116076,-0.014473623851514072,0.00011344872391472194
2020-05-12,-0.02775086678589478,-0.023415454018853032,-0.023844909783971913,-0.02664075247829878,-0.025981344961842012,-0.023145267848613482,-0.021545551749958647,-0.0003859242162642662,-0.013387979801865901,-0.02570163804149206,-0.023893108780209005,-0.024946702467340542,-0.014854826606509608,-0.01507675070372605,-0.022394862922544556,-0.015462162162162119,0.00011344872391472194
2020-05-13,-0.009275485060986521,0.010925867159412572,-0.00951527695409038,-0.007889342748497508,-0.005645066512216301,-0.0019352485840729017,0.0051926852076498164,-0.012611169270896783,-0.005407985693406836,-0.020192319966262917,-0.011296376933429664,-0.007958238440150311,-0.013955870751540367,-0.0069342170569323125,0.009794812629114302,-0.001964001340852617,0.00011344872391472194
2020-05-14,0.037411538842457404,0.010645221786499404,0.04809842835962619,0.0402383089788001,0.03630868261193965,0.03266813902464816,0.02710651221382765,0.013764514546336759,0.027598203240870145,0.02832105844855426,0.024023890555345373,0.031217867592475246,0.022471077823354557,0.0173056693019753,0.024953910760447062,0.016224581855166953,0.00011344872391472194
2020-05-15,-0.01585350006926134,-0.025670516511265284,-0.018496679333261157,-0.02381645516220776,-0.017815037161847846,-0.022317777003128536,-0.020345150708249937,-0.013306497841939824,-0.009102396966065962,-0.008514593970219142,-0.01215956037078647,0.0008880428168358545,-0.011057606172087842,-0.011248903235842156,-0.022370121435923096,-0.017471941199821872,0.00011344872391472194
2020-05-18,0.04620045872498557,0.014472371806304896,0.06511983218627782,0.04577094207011667,0.030779012198359545,0.04207215461373259,0.039484961211837755,0.03745141754686654,0.03922280877490292,0.054064251877182334,0.04562633205346622,0.045792532810313036,0.04343719147463876,0.0447036891698922,0.03472829523591692,0.047507195300488636,0.00011344872391472194
2020-05-19,-0.008081278485625787,-0.018146580619434305,-0.028169076267915982,-0.020137817616281528,-0.021743465304168486,-0.016127551383154137,-0.004834135680594653,0.020544531900085206,-0.013273035118916754,-0.019515130012294768,0.004332530731986806,-0.005406745507514521,-0.0009835558113766574,0.00043838027101328336,-0.005152243094856512,-0.005311091578927729,0.00011344872391472194
2020-05-20,0.019562273536290586,0.004850672100200182,0.004002710522209352,0.013290926966209815,0.005106094442622222,0.012940475133388585,0.00684527984397354,-0.0015099976509969082,-0.00793155637977383,0.01134273585414669,0.005315738212431365,0.003702135227994008,0.0010720338732093104,0.004244404859323314,0.010955797783354315,0.006698694748914269,0.00011344872391472194
2020-05-21,0.034050762965958326,0.015262492943510342,0.03533647687563368,0.039041909834002686,0.029804987875893474,0.03320084052684669,0.027267977602385418,0.043456255664896304,0.025943259142998887,0.026638782132587524,0.042345526375228815,0.03283722202939687,0.03400581847652284,0.02718411481779559,0.026609480900190885,0.02208614843915746,0.00011344872391472194
2020-05-22,-0.006096989885078785,-0.004241403931579124,0.002735911076341635,-0.004204939460382695,0.002430151283191906,-0.007078074794918954,-0.012032324144472195,-0.0035423547010209333,0.0013057774892342167,-0.010626480674396643,-0.0242001281099411,-0.012207946460696895,-0.008505700211348666,-0.013602993140710673,-0.014686714898279218,-0.009776490855613496,0.00011344872391472194
2020-05-25,0.046700007514036246,0.029926361541085855,0.0686915624331279,0.05153186360380846,0.0401690530120693,0.04963462965380572,0.0457939385064603,0.053104782010097606,0.04226656887009539,0.06479107080620605,0.05598426767706188,0.04371319451207323,0.0526505488045077,0.04494522097877107,0.04509392304030113,0.0427881556120604,0.00011344872391472194
2020-05-26,0.013055840109685857,-0.0015598516926470518,-0.0022024303758972907,-0.006667397822172072,0.0020366532785895952,-0.00035159503675374904,0.008580990211587203,0.0009374781833284551,-0.0027686211466407817,-0.007852495797013748,-0.002801785871002327,-0.003796128324781045,-0.0039336906570139885,0.005721460203811812,0.008172262613045156,-0.0019528598489195748,0.00011344872391472194
2020-05-27,0.031035918347283475,0.016907464967133468,0.02132742975363522,0.019773390924819667,0.018861579604568357,0.026064875865363213,0.027027223648977028,0.038108640804434435,0.021081561936969972,0.05163237406319765,0.03619670534339603,0.02993055614889273,0.03816873278167754,0.03549563532035749,0.02768418977725884,0.029211144244205345,0.00011344872391472194
2020-05-28,-0.011686688575928361,-0.005780013213575685,-0.014717628057206222,-0.009625140508899288,-0.004631842245202966,-0.011301704752456732,-0.008087791708278558,-0.012426317344416127,-0.0021302046148432563,0.014214808942226487,-0.01930610525503973,-0.009206912497593644,-0.005526625930832307,-0.009270064147422374,-0.008483728945597901,-0.01127444633790431,0.00011344872391472194
2020-05-29,-0.003990301596318968,0.00481905807135341,-0.0032754161144968874,0.0013422090099350914,0.004270612991744915,-0.001708675977509344,-0.00584775518477354,0.0019305308753958528,-0.0013742286800053627,-0.0021701043304569456,-0.0155620557782995,0.004262882542120261,-0.0037610726228400893,-0.0005312333961157156,-0.0028927796576878606,0.004650933603321805,0.00011344872391472194
2020-06-01,0.0181669753954512,0.008328457162093184,0.02471859917570085,0.028069459036089706,0.01493405328842523,0.017708083496206006,0.01794583835221042,0.022793464343490832,0.001837683799855938,0.020949359159889713,0.025696507397974244,0.015583463458570757,0.018798029252242276,0.01582837737920073,0.016475792225933317,0.014219885782417618,0.00011344872391472194
2020-06-02,0.016854909848203148,0.022375949379043414,0.03103906186192673,0.0351011971597015,0.029724150789963488,0.023840298385017666,0.022139990857350078,0.03495362346220854,0.011871565324306221,0.03831282623014931,0.04290520730820435,0.01809074070724903,0.031157672796986002,0.02661405583692833,0.020901053274488435,0.02691460219231545,0.00011344872391472194
2020-06-03,0.030550852052145583,0.008170120602179587,0.015431776025055965,0.024483367483383756,0.016128475398725417,0.02137777071151814,0.01575510641851241,0.041433412168036865,0.016548372969103387,0.023809789449910967,0.039403464031885216,0.02488834400838824,0.029899551832295757,0.0265076774778763,0.0127647947077012,0.02217410681879728,0.00011344872391472194
2020-06-04,-0.01001003619754004,0.013335344380922098,0.0007580962174813521,0.009350815709533,0.004441617702417133,0.0008729389287944755,0.00025712632527308266,0.022933282557796808,-0.0029648558816587345,0.0028066484078754783,0.001711757342403697,-0.003295687738017583,0.007178803210381002,0.001435074725877783,0.0038254764805616404,0.008523036761688862,0.00011344872391472194
2020-06-05,0.015759858822237627,0.004426262875995235,0.01041049635122282,0.015625722734094794,0.006378835149984274,0.012989404008739713,0.009399944214654843,0.01518111803249389,0.005471252423849604,0.009708218797001678,0.015648952217723666,0.0032857711410125834,0.01287289056130314,0.00827346060854639,0.009350421546992616,0.008526975462672892,0.00011344872391472194
2020-06-08,0.03686042861749961,0.026590233429057086,0.04761655389978192,0.03373625697725058,0.035182294809942505,0.03555204764651676,0.03577403003235102,0.03450411858709601,0.024398893364726115,0.042706136537340234,0.04073671513127897,0.02857414898367816,0.034666303911485175,0.03163330104763973,0.031595027539136344,0.032041511147925306,0.00011344872391472194
2020-06-09,-0.013433446930429804,-0.0016605279299709563,-0.006754951965386113,-0.009635250840737464,-0.003918254063580595,-0.008474260138153333,-0.006804507975529006,-0.019885847738808193,-0.0016564434955534946,0.00124886708526728,-0.012109808842710179,-0.0018559807750652135,-0.008761166040106017,-0.006746336500525363,-0.005542920956316921,-0.009236012738859767,0.00011344872391472194
2020-06-10,-0.023026236303735348,-0.014704708839634373,-0.028680272261850326,-0.03109045192258253,-0.023810743949684632,-0.023504335504816454,-0.01971900176288366,-0.018731024796411422,-0.012937310964166171,-0.031016784251333807,-0.029368626567486955,-0.02410807121110059,-0.02289229397531445,-0.021414594350339544,-0.019858086268466635,-0.02173307580254824,0.00011344872391472194
2020-06-12,-0.01709414393198161,-0.012183264699254792,-0.01761183836793012,-0.017766549235536333,-0.015296412903931356,-0.01730105136319915,-0.018362404171429092,-0.01434515936031966,-0.014640125857994901,-0.008522261035179057,-0.017634015449368823,-0.011481499710317644,-0.013954627452860024,-0.01890797509585862,-0.016324300516545875,-0.019750159049510718,0.00011344872391472194
2020-06-15,-0.0024285876230591974,-0.009909926581042061,-0.017452641783323175,-0.014210532800708164,-0.01279354457380788,-0.009329099712198419,-0.002886221487542362,0.016046830094307962,-0.007085392252732969,-0.015314356563286502,-0.006756563867676979,-0.005766858209944492,-0.0011467251935091127,-0.000854361709938023,-0.0048402683118289325,-0.004024257842428214,0.00011344872391472194
2020-06-16,0.0021796719284108423,0.013776512153518494,0.01382479517083035,0.013358319555733411,0.013140887129895917,0.008067145000191012,0.007308116686385535,0.007269565079979445,-0.003263506525196247,0.0069911285427317615,0.004830250288407667,0.002478573140037854,0.0035764399162312444,0.0035988719293826854,0.008337960787663912,0.011698232145282539,0.00011344872391472194
2020-06-17,0.03012414363426652,0.01952088021988052,0.03437483414330278,0.0362211031050943,0.03394426770754255,0.027552009245879194,0.031441260891336587,0.0071362273745716465,0.01849520181037434,0.028388197762859946,0.023884652194866574,0.029670902937597,0.01807323446548237,0.024836550634251386,0.029896100741895637,0.021900032471134256,0.00011344872391472194
2020-06-18,-0.002757960391370773,0.006511487413142447,-0.009267752320019973,-0.0013132389457995997,-0.0021334071421991174,-0.00022072095481717735,0.001833646304754133,0.014610996756201367,0.007213634164762617,0.017968241807752472,0.01982501247828017,0.0025258759065511782,0.01367715758400534,0.008327672751789361,0.003016351366544212,0.006133962691587058,8.441679811777014e-05
2020-06-19,0.013714770770281381,0.009400001530351254,0.009513360294667983,-0.0003959453783947131,0.005125986777056113,0.009881327799402984,0.006418278885866435,0.016599518405495672,0.01771909133444427,0.003002551149242194,0.015808820638260723,0.00655225708449203,0.012366486918617525,0.00840477926170502,0.004133643538858145,0.004977171132013236,8.441679811777014e-05
2020-06-22,-0.01075164577204768,-0.008633843280016484,-0.007345006228114737,-0.014228120186555615,-0.007183985547582927,-0.010781180899193332,-0.011962624502688035,-0.004662697274859018,-0.007326901162333255,0.013735225196314316,0.003347751120615472,-0.003474562935999681,-0.0004386409999492802,-0.0036543110718451066,-0.015083407978959351,-0.01139050549351417,8.441679811777014e-05
2020-06-23,0.004537189216896609,-0.011147047284892464,-0.006822144940544006,-0.004696495339522544,-0.009144504402960552,-0.004043117913364314,-0.00314694758465639,0.016968657699172995,-0.0085896263041918,0.01324901492914643,0.0027237199520584454,-0.011922133818717762,0.0068927761108537045,0.00577553646468254,-0.0019820263109154856,0.006404054479590249,8.441679811777014e-05
2020-06-24,-0.017422776707094134,-0.009481270731756752,-0.0256929107869035,-0.024785331587143467,-0.017643753090351155,-0.018584304685845043,-0.019263739530924417,-0.015928719488018328,-0.013835999268134058,-0.021585551682942294,-0.028103825358551826,-0.012388018885051033,-0.02011850414487426,-0.016570443048337435,-0.018264207803143195,-0.01664663659939236,8.441679811777014e-05
2020-06-25,0.03218207971045928,0.0194988082219969,0.014892103580299798,0.02608243981970748,0.023594449018403907,0.020618331902265474,0.01688952384564746,0.009107248350022745,0.01409936906583975,0.015140359856358199,0.014551065107342609,0.00993209226083569,0.013006845992014071,0.01257115797572017,0.020663581988488833,0.016845257885151677,8.441679811777014e-05
2020-06-26,-0.021728012673278285,-0.011586614852902022,-0.02413634456742486,-0.016371458876305423,-0.014106584276979528,-0.020936075664171994,-0.02281185106833794,-0.03262292204063577,-0.018361020009099005,-0.025760632573923692,-0.027146293837032598,-0.023716178692941403,-0.02619387328544409,-0.02623868643251559,-0.022075165024712184,-0.022448815665434663,8.441679811777014e-05
2020-06-29,0.009723836197024882,0.009040002736334651,0.017198162905453174,0.02094157917346262,0.017871613937173958,0.011305440410310563,0.011421385566598552,0.030566381747406224,0.012948643724630893,0.017109902553150258,0.025487558281015232,0.01804659751473947,0.022178692176284986,0.017399629718123144,0.009398549372770404,0.020113896663252362,8.441679811777014e-05
2020-06-30,0.004021171618658226,-0.002084919686212827,-0.0031805827894552108,-0.012514200409760035,-0.00801166630349448,-0.00013719340223072862,0.0014487490156891436,0.005683175724642275,-0.006559524975527142,0.002415093767301091,-0.0064793975716301855,-0.0011485323849530493,-0.0012593138347706256,0.002700215170372333,-0.00035283937687446976,-0.0064129853873871046,8.441679811777014e-05
2020-07-01,0.03183344242704278,0.018720505662062292,0.019596242396636043,0.024463431180555384,0.023508419565865912,0.02224029222615309,0.02421122062675396,0.012176490343119628,0.01210131612387677,0.010068793732358916,0.010328421545602984,0.023738513741665912,0.01158045494001847,0.016714983584970478,0.01962591427458915,0.012823209995170837,8.441679811777014e-05
2020-07-02,-0.0005193334709046038,0.009265571053177712,-0.004867276457892311,0.0066124646509788665,0.0028984315861539933,0.002673847241869254,-0.0018429838356418538,-0.0016468886393948834,-0.0025875618114813426,0.0007757037529791955,-0.0013095139923083865,-0.010739227562309939,-0.001019593108186445,-0.00422033216128348,-0.00045331787473590346,0.0003211496174195805,8.441679811777014e-05
2020-07-03,0.011515759192092023,0.013840307556280518,0.01513461386142989,0.006864162517394634,0.010782909066050506,0.011919966967344209,0.009086544306516675,0.009971914404517612,0.0087975283022248,0.014019591158604294,0.008144976164581541,0.014533418993698533,0.009656056683029046,0.010515065081559083,0.007569718925396707,0.005900825099357521,8.441679811777014e-05
2020-07-06,0.009569005712663392,0.0025829792233533766,0.013869509891214493,0.019261884664027784,0.006604886417272526,0.013258686771647543,0.02069321039236849,0.016684876130221626,0.010460953478263368,0.017085403540905375,0.01847988832680625,0.012151256066245786,0.01668058894788138,0.016647707612765794,0.0193931887869232,0.02182754109897056,8.441679811777014e-05
2020-07-07,0.000529614568067327,-0.014679229695607199,-0.010494105993685166,-0.010846553444048612,-0.008667408300083501,-0.009680574448661772,-0.010266272451816216,-0.0022613769136480277,-0.009918921349490462,-0.016683318268059022,-0.0011262578588945305,-0.01689606424275958,-0.0074687754110130955,-0.008519745692142755,-0.01195672244508017,-0.01169098527558643,8.441679811777014e-05
2020-07-08,0.020902916935497506,0.013148890370886068,0.020232360346344125,0.016142162734027687,0.012497668962178965,0.019070331422208486,0.02016172890047052,0.018077997314799754,0.0064153110802500635,0.017216616018824293,0.025048065790912455,0.013613367670741061,0.01604641106593352,0.01734688319796196,0.020741414847256223,0.020159165421714365,8.441679811777014e-05
2020-07-09,-0.0008053685176369063,-0.003609725154543053,0.008710702910347479,0.004987812859430951,0.0056092950833466215,-0.0030747161585310545,0.0016291557299514814,0.0006660776507407817,-0.004995262566007241,-0.018223300246210994,0.0022106816284828135,-0.009527652667495001,-0.003365329462376665,-0.0035705061767317137,0.0035980481384876306,-0.005949581089805922,8.441679811777014e-05
2020-07-10,0.0036552816120165588,-0.00023701721198798875,0.0030899482802244638,0.0007886078215979531,-0.0021951770845792806,0.001966286877843837,0.000645910203381117,2.0266499580978703e-05,0.0005757875610576946,0.01663079723385974,0.009409317027404107,0.005083409127788485,0.005839664461410932,0.007491867687325238,-0.0002141571067110215,0.008447648406276098,8.441679811777014e-05
2020-07-13,-0.018157535230895028,-0.006462979028560301,-0.01231563964308624,-0.009474684418945833,-0.005878144002351315,-0.013486532574792265,-0.015915099746955597,0.0026276984597375375,-0.01061647631432372,-0.008462384586508276,-0.01358386627980046,-0.016444669952352498,-0.0060473873288329205,-0.01148820807640838,-0.01781058109830591,-0.012968516574557554,8.441679811777014e-05
2020-07-14,0.0026957212802922736,0.003011286492721643,-0.0032427362509910296,-0.0013645144281002608,0.0008018494451436098,0.0015667771907363903,0.002097991344350403,0.008988175455094671,-5.1000853204641317e-05,0.0016461422172830975,-0.003148155093577021,0.0013689442555635534,0.003370695433873472,0.0067719403298971415,0.00023962672080246605,0.0168211735372914,8.441679811777014e-05
2020-07-15,0.008741867442580986,0.011711612605890265,0.014109101861883744,0.011945983608696586,0.013066632752830376,0.011015016538050926,0.009883323871089145,0.014919577621546054,0.009300046355531943,0.020273261905805473,0.01253220093510965,0.022588377074736155,0.01431962468757253,0.011846582952855567,0.010847913862718661,0.013439931221903567,8.441679811777014e-05
2020-07-16,-0.005410305780964464,0.0006827372876605509,-0.002054880323128838,-0.008593972993849786,-0.006092662609338273,-0.004242818613659383,-0.006878187312982398,0.0053410451175051055,-0.003453391198496858,-0.0056083251222204256,-0.003230999495900111,-0.006202039050198893,-0.0021048203442275426,-0.006520915457354559,-0.006106036801320824,-0.01151533523579229,8.441679811777014e-05
2020-07-17,0.03896103258496231,0.02167182722829275,0.033731338645045295,0.038057216989801024,0.03762239892386998,0.02712623664439362,0.02948585711842,0.017131296745454883,0.014883163771798325,0.018944795541962378,0.014736626055819046,0.030135717034294185,0.014743745279672593,0.022107452933957994,0.03356312477058809,0.02257611655075853,8.441679811777014e-05
2020-07-20,0.018186374994004773,0.026445269462629817,0.012877409937903206,0.008301876407009079,0.00929425009877094,0.019158991691532457,0.018242284874030013,0.026001399752118015,0.011722678419576305,0.015953988413151432,0.026853250247180327,0.0060223180092564554,0.022072475287442384,0.018813718884725494,0.01894163270808069,0.014875724241012023,8.441679811777014e-05
2020-07-21,-0.009639989667535542,-0.0020265025555976646,-0.0072917314144805845,-0.001037019978623377,-0.003674143950616382,-0.005312871243829176,-0.004344289588489536,-0.013558081755521534,-0.0034714931621785405,-0.0009841129942554927,-0.0040452965079627035,-0.00493820501461939,-0.004725416512442848,-0.003891725562599868,-0.0038898824894230133,-0.0009277242360654636,8.441679811777014e-05
2020-07-22,0.020292482793906386,0.015610129426875119,0.0053569836553457595,0.02230440313236004,0.02306205903320202,0.00993322744234515,0.011940751556294371,0.0031288802393225623,0.00608599128404097,0.008341886121497888,-0.0064029207505563734,-0.0019612063173849448,0.002025669908436667,0.004550253374759894,0.01786270693820846,0.00019831889042953854,8.441679811777014e-05
2020-07-23,-0.012598878810256009,-0.020394594919605158,-0.019234615947278377,-0.020159167358625885,-0.012791270214027706,-0.01887373594538977,-0.02074627236703852,-0.019091916120976382,-0.009942358684101094,0.014483670359967338,-0.03035116281580541,-0.016526051510128204,-0.011825804652194405,-0.0176831673282678,-0.021865025995142284,-0.018795316795231165,8.441679811777014e-05
2020-07-24,-0.013951534125410725,-0.009684267381405154,-0.00434399212663672,3.2469725969042074e-05,-0.00892521050527173,-0.006856840597807112,-0.004635582120448789,-0.012324952437843595,0.003646185937781654,0.008636858786217783,-0.0011669913673866272,0.0005756258118376767,-0.0010438632699779626,-0.00016958242776832222,-0.0031963306329554353,0.00047759616703668684,8.441679811777014e-05
2020-07-27,0.025471150858426883,0.030690362326224463,0.025457624707198034,0.028323564579645355,0.03520784684507694,0.022004847248892068,0.014716918652798006,0.006168401165639326,0.017589860246251865,0.03316248333243044,0.008711201295382498,0.009056814991891704,0.015924022068046106,0.012066623182989344,0.01550018529193764,0.01966719958929719,8.441679811777014e-05
2020-07-28,-0.017274659277001114,-0.01878202088923986,-0.0020987527689019236,-0.010890427529561153,-0.019753590617759942,-0.009936347701516524,-0.00703151823689363,0.007651691787639914,0.00011124876061652245,0.03863649075090714,-0.002488698613269502,-0.001611836513304099,0.014572084181990297,0.0035294109563603904,-0.003079075213064275,-0.0037541150833340087,8.441679811777014e-05
2020-07-29,0.012005444868858017,0.004421076697013859,0.007161676650381477,0.018194184597828844,0.008548378951944935,0.010830518989048299,0.00978153703158724,0.005413956687090327,0.004221425478553531,-0.010518095473662448,0.019329473452379453,0.008830852473133755,0.0031562147250245864,0.006928245373948538,0.014421023732536176,0.014137968410956159,8.441679811777014e-05
2020-07-30,0.01993696768851083,0.0051560078703438705,-0.0025139826961254608,-0.002427923054146963,0.008278751245475169,0.006640030309753797,0.0035887933163081254,0.00850038822468191,0.0074636185708150116,0.006964691525424671,-0.0028257940200594467,0.02008716761611362,0.004876426874474982,0.0059024182656333135,0.0019696434343965397,-0.004578840758964975,8.441679811777014e-05
2020-07-31,-0.00867113932729735,-0.00037065868688013204,-0.01183131376356561,-0.016038922010306322,-0.010790786370658112,-0.005115570985678941,-0.005410132181805194,-0.011510209336442867,-0.004010307655672896,-0.027139911691609897,-0.02051726257259323,-0.0024193939935044373,-0.01689591006889346,-0.011507312615276266,-0.010409085566084664,-0.018639117520937054,8.441679811777014e-05
2020-08-03,-0.013200536006659935,-0.01030406990207322,-0.013089440376128247,0.003220391922161836,-0.005859176096950303,-0.009646207530357165,-0.0020307924508558006,0.0018473997541248455,-0.007816035070088989,-0.034054058063976544,0.012248934815365375,-0.015714755227006605,-0.008449806409069338,-0.00561230216504327,-0.003952679052064645,-0.001364549378727431,8.441679811777014e-05
2020-08-04,-0.009827440344203686,-0.014392643816685258,-0.022617562809665315,-0.020070507470554944,-0.01792892485408104,-0.017494356703525504,-0.018912196565153083,-0.018739400271900686,-0.007707044223243753,-0.02672789857504132,-0.021743379935954987,-0.02015298850801972,-0.018280992488494352,-0.015610291263929765,-0.016561071965939034,-0.01563922630056236,8.441679811777014e-05
2020-08-05,0.01087083893966212,0.01138217798355412,-0.0029025473482907627,0.005974233252531436,0.002301392646933964,0.009252118994570901,0.007941629558063212,0.026980205955800418,0.005184036275010628,0.019960428001676966,0.007735684719841762,0.010955225503451516,0.016760033690554454,0.01590841090494366,0.01082329265460924,0.015678627454503324,8.441679811777014e-05
2020-08-06,0.024319162301227104,0.025516272211652646,0.02617214894823605,0.02207398047128395,0.025870916014498535,0.024232651870994326,0.023821854092510586,0.010120924800396836,0.017422113300094022,-0.003919805157545642,0.027739299622917324,0.02370788157705883,0.011371956952118678,0.015684920017907222,0.023737509092997433,0.013420445888611354,7.469229028500557e-05
2020-08-07,-0.012384888323423882,-0.010414511301299556,-0.015354452655530926,-0.009169738164337082,-0.01259278119753593,-0.010565753269946354,-0.011730974814285755,-0.011978769095299824,-0.009554151209020478,-0.009259752061691273,-0.005343782244092599,-0.007364470766647813,-0.008652137391837567,-0.008515422718489485,-0.011476370345437914,-0.012503250210314287,7.469229028500557e-05
2020-08-10,-0.007501239501676138,0.011134640435019216,0.003613425919576141,0.005051314208287749,0.00349308908726198,0.0010206559983712005,0.0012796589794481505,-0.0007629093043434176,0.004021500329753014,0.009890339603829679,-0.0067304107582233375,-0.002529922012933228,0.0020861011640853633,-0.0008705723320152625,0.0010290504991399274,0.005552216685666744,7.469229028500557e-05
2020-08-11,-0.010380586578683348,-0.011427081180244603,-0.016457797804114827,-0.013349515765257558,-0.015362717554748606,-0.00989358875395352,-0.008486475170490726,-0.011785362555715051,-0.01139511790611536,-0.011859162192573214,-0.000317648448203145,-0.008637861795459667,-0.00889798405495923,-0.0031279629460406744,-0.009546725793040833,-0.011114576132506437,7.469229028500557e-05
2020-08-12,-0.007855486920797627,-0.003931801362088705,-0.014138949811157708,-0.009718684547939338,-0.008499437582630054,-0.00882734505134597,-0.006608406672558131,-0.014884285676393327,-0.013035821231523692,0.0015319655633920792,-0.01073457647748266,-0.008072244993743705,-0.009816134790488373,-0.008975575413787684,-0.003892129503613617,-0.0013426912324985274,7.469229028500557e-05
2020-08-13,-0.006260707626182249,-0.0035276084864452883,-0.02166445800152572,-0.019362063659762896,-0.015165942608658223,-0.010254974475792822,-0.009814966679980386,-0.0005603204482649282,-0.013409981639560531,0.00741077777023591,-0.01388238518842555,-0.0163900003699039,-0.003313410328365185,-0.006752296997616147,-0.011484507279650447,-0.01555510297210938,7.469229028500557e-05
2020-08-14,0.0132156565192314,0.005818892626558991,0.011016634209292109,0.007958016762276587,0.007338414172628482,0.010118943425516669,0.001425839448023547,-0.0005227209273869216,0.003908258880334525,-0.011522062626389773,0.002653422001479333,0.010081421947613967,-0.001568660930615584,0.0032360774720723295,0.007114918594377517,0.008558187810482343,7.469229028500557e-05
2020-08-17,-0.029420394611442635,-0.015333374026480273,-0.03189266424363402,-0.02664432331296762,-0.024192650879788724,-0.024389968274988072,-0.025918583100702608,-0.03103219909775501,-0.021699997328077036,-0.024781130750877067,-0.02649065127637984,-0.025606572547431816,-0.02584943305127796,-0.024880426640584763,-0.0225868844721262,-0.018402119703651243,7.469229028500557e-05
2020-08-18,0.027603526252169885,0.010720261171275558,0.02641685493359769,0.011896934602067866,0.013771043441710651,0.021570247223380745,0.02384507477891784,0.04418744752736781,0.019418613751168934,0.02920585145685206,0.04674092464821178,0.020471597796839935,0.035352638123417934,0.03118651818453344,0.017833569102127633,0.025167318800427996,7.469229028500557e-05
2020-08-19,-0.01248663074678158,-0.008789267455622363,-0.008832879688514206,-0.0157984927622703,-0.01017398554002813,-0.010031848006072486,-0.010283991050006991,0.005310605828986903,-0.01011570474755541,-0.004540866736049032,-0.015415130672775779,-0.01154280305175781,-0.00466745651074485,-0.009932542533680033,-0.013699725128797469,-0.011528671749027608,7.469229028500557e-05
2020-08-20,0.0038024934821403455,0.005730714376030344,0.001665248128512653,0.006027809050542343,0.0020551373780046678,0.003965104242687589,0.005998803228538074,0.0027969365642923627,0.0037527877437533164,0.009670526710708671,-0.006071961869840714,0.004391229598366353,0.0034999416094585456,0.007967093325485397,0.005317577548005881,0.006130827820925111,7.469229028500557e-05
2020-08-21,0.011860782249603963,0.002183084324329787,0.02121474609125462,0.012694509007478816,0.015250053741165948,0.008483228991365888,0.010415663430919375,0.011518150677785055,0.00385874107271178,0.015233040121422015,0.003260949575686345,0.00262362721063214,0.00868890528064803,0.006135385102392865,0.009088805036680414,0.0009989828707241966,7.469229028500557e-05
2020-08-24,0.011692244614335934,0.004733703403845491,0.020259932033872996,0.014147549726234221,0.012372009225873226,0.0109737636242766,0.006239649462780772,0.006337577954317997,0.002095653621593918,0.004145805265783231,0.005815705388555248,0.009596583479920984,0.003937743985271025,0.0003852222878950595,0.00591443017879878,0.006988690267847764,7.469229028500557e-05
2020-08-25,0.005420918273536746,0.0026298082791933464,0.008226704475987834,0.013416795577333218,0.011500113709178139,0.004716487920721768,0.0015668691613204278,-0.001036701375605964,0.0009729141167535982,-0.0017515285156569638,0.0026250476758917785,0.0073002004839715084,0.0005068158138950007,0.0017391944201972098,0.004196459909461048,-0.001102536595813941,7.469229028500557e-05
2020-08-26,-0.022317222317759677,-0.014857112672571837,-0.025945450519553992,-0.02316293930479396,-0.02214912636862265,-0.019285539980361976,-0.019597516480691968,-0.013212714316434337,-0.01185017502491359,-0.013740493519979746,-0.004490602781538788,-0.015270287249111614,-0.01080453271459425,-0.013419694742042854,-0.019904736878359697,-0.014311133723771352,7.469229028500557e-05
2020-08-27,-0.00620930651325402,-6.12261031461836e-05,-0.004900013035927242,0.0028510081799539844,-5.858763402433187e-05,-0.0034724247781398043,-0.0035670462156043303,-0.0009507903963594799,-0.001991069212841645,-0.01627052193663092,0.01337089620036691,-0.005148822282668664,-0.002556842837173612,-0.0030141395698485285,-0.0026368877956086667,3.5161570934638675e-05,7.469229028500557e-05
2020-08-28,0.021571231519945222,0.010824705883073937,0.015202309041187245,0.018371426335288543,0.01596213470674357,0.016679990757662022,0.01737593958175676,0.017117500663292873,0.01667704485022603,0.024666655494383072,0.020742152700404137,0.01721312769594019,0.02037780353542229,0.017983180444811175,0.018493965841232862,0.014755386035862017,7.469229028500557e-05
2020-08-31,-0.02446170563953909,-0.017445011380505582,-0.02088325051490081,-0.027385520931190954,-0.018950286603389155,-0.020936542723465124,-0.022585620259451433,-0.016275423501783792,-0.031823740452827654,-0.019359765705327825,-0.023737291457367693,-0.01600563607539518,-0.021448315576353516,-0.022119529272926375,-0.02596364270009588,-0.026932263369922715,7.469229028500557e-05
2020-09-01,0.02611363451462423,0.024089852866570727,0.02282991691523062,0.028586583086465778,0.023093136472783327,0.026743425868924087,0.02663331336934127,0.01581339879351984,0.017946273280820435,0.033407884901827556,0.03101553820518088,0.013317839332633197,0.024130324707033468,0.025386053463891223,0.028947188415862968,0.027708783825005856,7.469229028500557e-05
2020-09-02,0.01327071633155863,-0.007707095357042948,0.0018019170225369585,0.008411002667406908,0.008639888222041314,0.0029274857759589157,0.0006051843135292945,0.002183264798819584,0.00023455847687836595,0.011369881247599078,-0.0028769266832581186,-0.001956995860533217,0.002557304615738998,0.000673888036641479,0.000882107034100521,-0.001923658388021332,7.469229028500557e-05
2020-09-03,-0.01833948899121518,-0.0069219363095345265,0.002445159918552875,-0.004597508184082777,-0.010428565979071602,-0.006754316199794275,-0.013700148013911062,-0.018292932036383158,-0.006289326919776683,-0.013481806868821278,-0.013648801267234223,-0.005735493810589798,-0.013525555856502836,-0.014762326986125673,-0.013884134534325798,-0.011775724769916063,7.469229028500557e-05
2020-09-04,0.005576813868194419,0.002148946798483653,-0.0020128083632654503,0.0062812929949296326,0.005199638004504292,0.002919440313112087,0.004304677198829099,0.004703477125363564,0.004996695023999909,0.014330652281444367,0.00538708433883528,0.008766566438362489,0.008599344191897451,0.0057786860083586244,0.0033651193335042517,0.004940467784735558,7.469229028500557e-05
2020-09-08,-0.0013802961664967084,-0.007053196024935815,-0.004070773377318093,-0.010305421486351052,-0.006240731280110379,-0.003466533518904358,-0.0027729493401937866,-0.01515883296585463,-0.004592305037297462,0.0007193513380514549,-0.011870222260222718,0.007144678234215718,-0.007971295521575605,-0.003036674959905783,-0.005434810672367285,-0.010909695961699661,7.469229028500557e-05
2020-09-09,0.01739692845755858,0.01651049129986526,0.014940878429717142,0.00954708075563837,0.013481769358725693,0.01563297111349793,0.014665257265549902,0.013609553250443218,0.016169431012994506,0.010172898819494236,0.014635635304365957,0.014785200821584077,0.012338790332294902,0.0123222497922999,0.015381100845506257,0.01228606123663556,7.469229028500557e-05
2020-09-10,-0.024729724909913542,-0.026095219314147933,-0.0282764473322048,-0.028317137654518598,-0.023635880103672235,-0.025917232036816507,-0.023876806060603384,-0.02319618304560289,-0.023828093905881587,-0.037718951548286084,-0.02871031761498899,-0.026990101647770826,-0.028880365183335255,-0.02555173642705888,-0.024505417525272355,-0.02451408924726073,7.469229028500557e-05
2020-09-11,-0.012730731647915161,-0.014997755736658624,-0.020899477897461716,-0.017665176155136075,-0.018931533211884455,-0.015823076201895048,-0.016683074121243147,-0.012968662393637254,-0.01709396366778526,-0.017527465406871112,-0.01597363611887148,-0.020546961460743973,-0.014884386957432771,-0.013476370661391845,-0.012708588321936998,-0.0052236334518690475,7.469229028500557e-05
2020-09-14,0.029044200640828022,0.01183691705699852,0.010776227873739996,0.01833122054812586,0.01516886709427534,0.020767415445725135,0.023713262590604023,0.02052803636504663,0.013896466061276147,0.04461434516159257,0.03072035494251013,0.014630428014846819,0.028329137729665943,0.02681943791722219,0.022752612130479077,0.01980307733931097,7.469229028500557e-05
2020-09-15,-0.005079887659985349,0.0050260659965242205,-0.00889899115867887,-0.005433612073723948,-0.0010513653776349496,-0.0031761401842133052,-0.002693063387912975,0.00292932335508711,-0.004555067474019681,-0.0003725919712611603,-0.004025436220236545,-0.0026042608664492706,-0.0007453006824283959,0.0022304170892393227,-0.0015858802154306018,-4.374602375689651e-05,7.469229028500557e-05
2020-09-16,-0.004654060042613373,-0.011423332309803969,0.0035053097229353902,-0.002560602173476423,-0.002910310450883302,-0.003946332527686391,-0.004046034510080787,-0.012434507810146433,0.004834965094387966,0.0004823364325705626,-0.002507620861042059,0.005898572372935451,-0.004490235391291231,-0.0042621057922356265,-0.006577168645883091,-0.005945250632169552,7.469229028500557e-05
2020-09-17,-0.0022371879148148643,0.0020575785286396364,-0.001124763056211453,-0.002126018122402651,-0.000191574618526813,-2.787708182527826e-05,-0.00199057353979859,0.003663419828920045,-0.0023274372826922463,0.011538719818534826,-0.004615297807841756,0.0011033537050790798,0.0023887988618807032,0.0006668055019571906,-0.001083389596319706,0.004120101685803901,7.469229028500557e-05
2020-09-18,-0.0184460991324229,-0.014554651913483152,-0.02762794998493301,-0.022063667461935,-0.01973405608598766,-0.020135791513097745,-0.021859121347525323,-0.024307107583567023,-0.019489302657452745,-0.020005309073515165,-0.02426518846279402,-0.02163580244676233,-0.021042258191136032,-0.016862074127781734,-0.022843969401655673,-0.01742273665012095,7.469229028500557e-05
2020-09-21,-0.006025070287218326,-5.8515940791203924e-05,-0.00375946543853789,0.001264034830168681,0.006952051837180395,-0.007722324598170016,-0.00572245718057085,-0.005879844847253235,-0.003771675654838158,-0.01470995258721186,-0.01209340663256886,-0.000526258515389233,-0.009234301520209875,-0.011185267560512413,-0.004410187667560295,-0.012666952369966289,7.469229028500557e-05
2020-09-22,0.006520616582646355,0.0011145576913575983,0.006789486838362668,0.004697591581720673,0.0021621660109911733,0.004228941904717676,0.002280104117655446,-0.0018393661532155603,0.002062864078491655,0.010702855813358392,0.00866090986649981,-0.0015594662121846126,0.005108762530831035,0.004837016831412688,0.002641677101425932,0.0033776956469357966,7.469229028500557e-05
2020-09-23,-0.012421969643254815,-0.020112657037876125,-0.019012904673269215,-0.028004897335423218,-0.02343768326148632,-0.016388156970930545,-0.018522141210036258,-0.021498674456210454,-0.014458306557870504,-0.016951318527282933,-0.024180379266501295,0.0018397915007861698,-0.020120022038873198,-0.01466030799331508,-0.022979244553306688,-0.014974167944430739,7.469229028500557e-05
2020-09-24,0.010280273245204086,0.01460952952107819,0.012687999423158347,0.01629374957405072,0.01493685268493783,0.011548393548275193,0.012832185236928195,0.013599288630650852,0.012059815949297947,0.007116348808847706,0.017662944459756913,0.007327799216377162,0.012214199003792281,0.012114660621726614,0.0136346143273407,0.013310454977652153,7.469229028500557e-05
2020-09-25,-0.0073147188602388225,-0.0014831586869028524,-0.009681788104094147,-0.005407297979478365,-0.006757219873139708,-0.005925498178318334,-0.006061221921074833,0.0050674432298760674,0.0005882077498222671,-0.007023874156171894,0.0017984838782283408,-0.003945587254945426,0.0005364210917460088,-0.001202139006919678,-0.005114714975321344,-0.00038222572757495854,7.469229028500557e-05
2020-09-28,-0.032495278481154855,-0.017030246479679656,-0.02114722272599545,-0.017601145753128544,-0.019064861481799533,-0.024633321205288383,-0.024722347040718406,-0.026894368675035696,-0.025449380411714517,-0.020811677093329983,-0.021962399012713907,-0.024747463424132587,-0.022785822878421236,-0.026395288821336238,-0.02603215448107421,-0.02399407808829579,7.469229028500557e-05
2020-09-29,0.0010620885473078268,0.0017700117954242423,-0.010250716579501606,-0.001768688859975498,4.589046889824644e-05,-0.0036400493417393376,-0.003621871198027371,-0.012767362757878487,-0.007783042281547914,-0.019467979239825794,-0.008876081558791382,-0.010647663052614553,-0.012473855136554524,-0.009027405315863435,-0.0005933322884713599,-0.011361390611937638,7.469229028500557e-05
2020-09-30,0.008209099260033437,0.0027853900265411013,0.006829110849459141,0.007723170203056018,0.005503136604385617,0.0056037521129497225,0.005219017931236136,0.020992734020534032,-0.0011728326428936953,0.020963251571516794,0.014853664887863882,0.0029902659833134226,0.015991841163130793,0.012717037695994637,0.006732158659393139,0.010690606060834495,7.469229028500557e-05
2020-10-01,0.003809372640744435,0.010542143060153775,0.008775214293065492,0.009766292379474129,0.007611344037294909,0.007565699452923846,0.008783900278451329,0.011263049103043654,0.007814015089362858,0.007106655333579681,0.01876959813480883,0.013030823904650157,0.011188487344504061,0.014482505185257954,0.007699668424683503,0.009225387853396771,7.469229028500557e-05
2020-10-02,-0.00751951421778374,-0.005070675822519299,-0.005870703487895312,-0.004471657272501983,-0.005081541518516142,-0.007105303358658999,-0.010973669385397677,-0.020528806628182683,-0.007501337172568179,-0.014456531374528958,-0.0181836804702592,-0.008903590332373645,-0.015429377440358882,-0.015017041121955566,-0.009487556036481659,-0.014995654040953044,7.469229028500557e-05
2020-10-05,0.020484976073205097,0.014568208815412431,0.014077313888918974,0.025536703191690213,0.02185232343510468,0.015645813745704285,0.01511939208563251,0.017927846508779988,0.006064401145445597,0.023902642741174818,0.01701260573175345,0.006790668376067899,0.016459421736882085,0.01748426015946336,0.01558968528009319,0.021500521796582017,7.469229028500557e-05
2020-10-06,0.0023353046931093857,0.0038064603808514175,0.00383702685716214,0.006530785322734545,0.006626238140523766,0.001498712226711385,0.0046168045200056795,-0.0017889839036070443,-0.0034819471566858162,-0.001380909980413958,-9.024185480877023e-06,-0.0007236027818409152,-0.0016515462758731614,-0.0003915859133339916,0.000963171716229283,-0.004930272076344222,7.469229028500557e-05
2020-10-07,-0.0021167514213401573,0.003882294448153134,-0.004385011312291631,0.0003446887688416389,0.0012191705834618816,-0.0029328854685396477,-0.003416977642411556,-0.006086273632926575,-0.006482082723688554,0.0006757248352053935,-0.0029751279456106117,-0.0028173747641784264,-0.0025116753682097315,-0.00043373160531778865,-0.003259570361760167,-0.0008821650985646468,7.469229028500557e-05
2020-10-08,0.0159150427656245,0.02894146194299707,0.032819948307589275,0.030188532924043,0.025185244579214228,0.026396626987580163,0.02107590067937748,0.01753333067723939,0.011205946273875833,0.01176429891727171,0.029782658956348573,0.020136774620834075,0.017626013450243505,0.01666527984129318,0.02042174689135634,0.024714792823584908,7.469229028500557e-05
2020-10-09,0.01149929234218372,-0.0015752856489832379,0.01577564503427653,0.0027800065658103446,0.0022745201358489453,0.005222147004180888,0.002967382614780467,0.0034212876735235653,-0.00740617155008283,-0.0015520452914247196,0.009436246417386052,-0.008165405502393863,0.002820876211394374,0.0001407555356995882,-0.00023180093151631276,-0.0035747712771637685,7.469229028500557e-05
2020-10-13,0.010612072194144506,0.010064364481538801,-0.003126352014326761,0.012078663784170107,0.009891629974078775,0.006109538149477789,0.010354780338769576,0.001993895806738699,-0.0023690098887112487,-0.011322431740518946,0.016781582745285295,-0.002690639592357047,0.0022533420488679567,0.006391214725231409,0.014102695445403768,0.009683492689533946,7.469229028500557e-05
2020-10-14,0.018980121982950182,0.0036119811743042796,0.009017407495789387,0.006123714490976706,0.010712873279983715,0.009558129600847787,0.0075607895247153944,0.018625161729640682,0.009103057961607597,0.005620009124887471,0.0017424196759963095,0.014222800647166522,0.007867696442619199,0.009001322425033154,0.007342756803747408,0.008795128366565708,7.469229028500557e-05
2020-10-15,0.00850435565655916,0.001859821801067696,0.009293824695774111,2.1581611122645228e-05,0.002780836782975138,0.005925798106336311,0.003765208943705245,-2.3697463810146147e-06,0.0049859501304827525,0.012730104710087842,-0.005397968277202181,0.006969029452946307,0.002643107087009211,0.0025667613356654684,0.0025097977118877512,-0.0023659113521331543,7.469229028500557e-05
2020-10-16,0.0023277327485096144,0.002400021156972354,-0.009944552968549236,-0.003171538037990196,-0.003349505759036475,1.9299600231281744e-06,0.00025392232739607223,-0.009824025935523673,-0.0055131194099468095,-0.002078019944710352,-0.0061745452302152115,-0.0092991384468889,-0.004631074165665217,-0.0019804752483281174,-0.0009319075674053545,-0.007105778676298802,7.469229028500557e-05
2020-10-19,-0.007145979129276836,-0.00290202093508507,-0.007163173345918317,0.007416501947559162,-0.0010777007165754249,-0.004548119976600207,-0.003910408214436334,0.0005764971184927248,0.009965196854674785,-0.009537977993141045,0.012487239558689023,0.003584762977275613,0.0023313627236742906,0.000974756624062989,-0.0010487151921414473,0.003537411451089767,7.469229028500557e-05
2020-10-20,0.018691689592721605,0.017518378039650395,0.01790020197661102,0.020699464072855722,0.017553134749041854,0.017808137935761525,0.015840892291985487,0.0279445095166464,0.012404171393461505,0.023614999509274037,0.020763495310695435,0.012058428773004115,0.02201654253288643,0.01788971588830801,0.01434660814425226,0.01898958964504116,7.469229028500557e-05
2020-10-21,-0.015910637285705964,-0.015325246863951869,0.004259442235376776,-0.01378938605678448,-0.012182732801371277,-0.007786050364374852,-0.007643983243466157,0.01050951732212968,0.004636545360853672,0.006681107960489374,0.005086173527780513,-0.0004193480595612309,0.0065648488399101534,-0.0007188813678886685,-0.011431454181868306,-8.117126153706078e-05,7.469229028500557e-05
2020-10-22,0.01167582974104664,0.024008696629682635,0.014684542466959938,0.03057664721536235,0.02433666231614584,0.015073279828607289,0.01161204908049207,0.00737984979664108,0.008166632918352956,0.004637598096413509,0.007182628820373127,0.004700194002664082,0.0076316450663374,0.004923259664943336,0.017103459886310235,0.012851132220471628,7.469229028500557e-05
2020-10-23,-0.004661468335951824,-0.0004316199343366023,0.00533836611465599,-0.002980866058714615,-0.0028183682820958067,-0.0008788888228455916,-0.0009779310079245374,-0.00750204280523481,-0.0061156067683804105,-0.0038910124454583084,0.014703869958708093,-0.002980403128450715,-0.0007668732780767851,-0.004226381121370526,-0.002819021411631484,-0.006151059545471682,7.469229028500557e-05
2020-10-26,-0.0013339303841173322,0.0031353320116664918,0.003855487832672866,0.008361287343454427,0.007039002829538177,0.0007024977294689538,0.0003628369752872729,-0.00874807058720306,0.007651543244864278,-0.004861143933727274,0.0009455065330961077,-0.002000269413711675,-0.0021339580097090582,-0.0038415473137016765,0.001939989988821722,-0.0020277177983888395,7.469229028500557e-05
2020-10-27,-0.005828106571077241,-0.010443879662562106,-0.01615420363345066,-0.011558538958664766,-0.00767453242713656,-0.011389540394980413,-0.011744348352703993,-0.01212284559610366,-0.008673553933835954,-0.006572370441602526,-0.013565755382438538,0.0024178368023344277,-0.010113910114856961,-0.006027270484365688,-0.012580342050699245,-0.013230116749748722,7.469229028500557e-05
2020-10-28,-0.03817931614815118,-0.03484542169064386,-0.03198468195924842,-0.043634822003817186,-0.039153959512309267,-0.03584819821295204,-0.038504548074423606,-0.048005118378753986,-0.03159639462223862,-0.055145898719235364,-0.040461390675459175,-0.031857863599527914,-0.04489622889143352,-0.04294250089735541,-0.03907386677921765,-0.04183672265318028,7.469229028500557e-05
2020-10-29,0.006235769038920536,0.00265103948531209,0.004727975452899935,0.008410968560909948,0.00820705646752451,0.004276237691807072,0.0027309480993729096,0.010704122762977608,-0.0012118029536442032,0.028403217695567973,0.012497808466283455,0.0011932389536455368,0.013004647924825807,0.010355007411478878,0.0022943538706650113,0.012228655086853557,7.469229028500557e-05
2020-10-30,-0.03291619592753392,-0.02303627561671695,-0.02366219638939271,-0.031814504423097634,-0.027184667123285156,-0.026378989399550856,-0.02945146756874084,-0.03611270810417844,-0.014361592915479893,-0.022101362271901404,-0.03584583267240704,-0.02473288023472542,-0.02776976722918567,-0.028194623397794882,-0.03119819920357758,-0.027285183381864697,7.469229028500557e-05
2020-11-03,0.00966504440484739,0.009806350485975113,0.01986154198315715,0.013947150902901884,0.014257690308294713,0.011680488048308124,0.010550904479549983,0.008703921062558795,0.008263752084560094,0.02457174034729137,0.012895791976729853,0.017085379585855653,0.013747846823164434,0.016774596598275515,0.01305309175092928,0.021833269169337477,7.469229028500557e-05
2020-11-04,0.03437879000570643,0.02621709638581593,0.01837836469892329,0.03298121921988484,0.030951562784342412,0.026869949177066976,0.02878794103954241,0.035322385568070436,0.027285462868237076,0.013332987706269783,0.038180647623109465,0.025906662639148204,0.02749229315439461,0.026710322606272374,0.03146623328720355,0.02086882526134981,7.469229028500557e-05
2020-11-05,0.04844721065407387,0.028362578200946675,0.028221435043762177,0.03729303004650664,0.03724447032900047,0.03769907120864158,0.036411944413732744,0.029824340721530174,0.034271974773490754,0.02332301935277492,0.031868678922592375,0.037025665000327335,0.029155101881178647,0.03081925176687461,0.03637580897121184,0.029361201603320675,7.469229028500557e-05
2020-11-06,0.004194232213170279,-0.005916232987387637,0.005078468853643159,-0.010664418845440227,-0.0028184950000587072,0.0011346767178721517,0.0023521138844302403,0.012853841086762019,0.009543488458364058,0.01719433891406541,-0.003507233651183883,0.012968637935198535,0.008401250090742218,0.008352781380926544,-0.0013698203667382725,0.002269055993499469,7.469229028500557e-05
2020-11-09,-0.009248025393116643,0.020553227424596088,0.03730928041596271,0.03439669715613736,0.013345020317012457,0.019034622371074894,0.01402428009563339,-0.012220352152608638,0.009248493286418968,0.018611310693979588,0.034711943117431865,0.011736295489254589,0.0127976922082782,0.005845842131532608,0.020840477600773122,0.023012248871178365,7.469229028500557e-05
2020-11-10,-0.002783964447067633,-0.000957831074565707,0.023569798588973567,0.009776996819955919,0.0014968956611129958,0.006644143026804938,0.004024155176088895,-0.007980550820335774,0.011167137029435725,-0.013798186750393793,0.008569848784579559,0.011013908476037226,-0.0010641144034517769,-0.0039373129990871725,0.007102757121843606,0.013757819033967111,7.469229028500557e-05
2020-11-11,-0.005006548426349067,0.00018779169349936176,-0.014457467555112902,-0.0041399241707266166,-0.00373269937439924,-0.007922529469270745,-0.009418454717063929,0.004258368144814506,-0.017161290150427,-0.016225692600546404,0.00157967745704779,-0.011561520789027169,-0.006168569165832305,-0.006613863639062911,-0.007280087532881674,-0.002888052012727571,7.469229028500557e-05
2020-11-12,-0.021321307937624323,-0.005740415625888673,-0.027555216577427877,-0.019578985394858694,-0.01294018240854744,-0.01878047794499571,-0.017073684621342733,-0.019906680151513423,-0.012730770310576456,-0.019374843562645516,-0.020103218408694667,-0.014774262014550343,-0.018902701729796134,-0.018092078918217736,-0.016797503410919012,-0.0216898613041967,7.469229028500557e-05
2020-11-13,0.030939522654092944,0.021573348007956517,0.031700524319940415,0.016994032769413137,0.023840151329030723,0.02646802877897425,0.024278604488170208,0.03137960247470173,0.022427875165479394,0.036234779814329654,0.016499109514664267,0.032382546973001025,0.025780850015970636,0.026199788058961948,0.021379547814020183,0.021614962430338114,7.469229028500557e-05
2020-11-16,0.006645292397021052,0.00840392041088922,0.024045449252262818,0.01490552307780324,0.0071793458626046025,0.014252161398154106,0.009761513524419785,0.006636054034603989,0.015163464867165466,0.014418400462199887,0.020795633365852995,0.013625662174109765,0.014417689428798397,0.008826714359325027,0.010493897570434507,0.015406409408153632,7.469229028500557e-05
2020-11-17,-0.0014776752465220921,0.008631691418686582,0.003363764692241311,0.010835307221591428,0.00549895464411021,0.005388733976858795,0.005158976591591147,0.0016488836043502264,0.013083317374809722,0.007828209606394854,0.009845584650591821,-2.732994675835876e-05,0.0076262720870856615,0.004973422613313128,0.0053279151145726455,0.007150781467502698,7.469229028500557e-05
2020-11-18,-0.012670078795052442,-0.005384191629626112,-0.008917790131293235,-0.01598171987381014,-0.010859255411593272,-0.010215625443668497,-0.007896371187447793,-0.0035687720105790355,-0.008107071350616946,-0.011037754927456955,-0.01001153720855108,-0.007964139904275802,-0.007745694702556927,-0.00817728070430579,-0.010217601221620853,-0.0100828686454012,7.469229028500557e-05
2020-11-19,-0.0015748559413858443,-0.00412973371923786,-0.0034371331214133605,-0.0007407572266349138,-0.002220528266414057,-0.0024974361003293755,-0.003739401145387289,0.030425451199914688,-0.00091830690410033,0.00224515339486131,0.0006397216423941199,0.000895985459397064,0.010681602670662205,0.004705064951493032,-0.004378800254106641,0.005224074729416106,7.469229028500557e-05
2020-11-20,-0.0039908968203938855,-0.002586672856282113,-0.002198329451520431,0.0,-0.0031257055545960144,-0.0025975526966636187,-0.0018187218568068708,-0.009877246992479605,-0.006871364515363632,-0.003450445538706326,0.0020837676813834083,-0.005841622386751455,-0.005167727211060291,-0.003003793672169297,-0.011206566957085329,-0.006014166241066543,7.469229028500557e-05
2020-11-23,-0.006372781583390608,-0.01530608439291814,-0.007252150014013359,-0.015176640062499303,-0.012141849512888214,-0.008665312567085803,-0.007879196807968336,0.013684914476319143,-0.007208390479043314,0.01807485524733221,-0.010733740658315227,0.0011546827080111122,0.005635670493012723,0.005469491010121841,-0.0018180840466965886,0.012418601311005473,7.469229028500557e-05
2020-11-24,0.004963955230841588,0.0038059141257971163,0.02145463919697499,0.011665652940160198,0.008035568574039642,0.01015025140668846,0.00995743889436751,0.01092652403908545,0.003084301730747585,0.015238658393096571,0.014457466093292126,0.014319969876190441,0.011902509091494817,0.011544288593977381,0.00967135355338855,0.021740042274012383,7.469229028500557e-05
2020-11-25,0.005857961236196196,-0.002784461168260255,-0.0021404029578425687,-0.0016123394247955503,0.0006223573353238976,0.0011089127775374408,0.0015940892232122472,0.01584685826073562,0.005978244639066155,0.03064437012589294,0.0020351250296295476,0.009306082686906914,0.013830442012862543,0.009428978007602895,0.0029091851486733322,0.0034288200134935387,7.469229028500557e-05
2020-11-26,0.0012504573373068872,0.0069235108811305235,0.0003877920768899923,-0.0038738420885019442,0.002290881189957128,0.0013756715617410098,0.0009268933122408285,0.008671438104318696,0.003352126533352262,0.025634580178333533,-0.0040667631812759675,0.005290385294002942,0.009609413030671421,0.007834725948628884,-0.0011881659682919654,0.001042288287601334,7.469229028500557e-05
2020-11-27,0.0034865746608083725,0.009007409637044494,2.963175491288439e-05,8.907515238365526e-05,0.00045963668467985386,0.00700047712238816,0.0053941026625197175,0.00016382126057390423,0.003512408880319562,-0.009197654139522227,0.003245656051809709,0.0015565082522575047,-0.0016916017517026871,0.0029564845628622383,0.005123561534734922,0.002826183710500141,7.469229028500557e-05
2020-11-30,-0.015339402725816353,-0.019728634988682492,-0.010814554508075114,-0.029145195859822226,-0.022339501208934354,-0.014409355931572332,-0.0191901529675792,-0.025921730086003736,-0.007300530931495519,-1.4423564416055079e-05,-0.02790771337403597,-0.02104039998276286,-0.015046973374347683,-0.01582786705713879,-0.02057903940930217,-0.015178438833042263,7.469229028500557e-05
2020-12-01,0.0111735566665776,0.020182346207314072,0.03211721966615655,0.022852711886786725,0.016434174728216844,0.020062258612367767,0.016910445571725052,0.01044395255292696,0.0029813954064032977,0.014954440343896813,0.018087452039076357,0.012332439959315433,0.011441807714838381,0.013442673786088433,0.01350348601728335,0.022202737204453094,7.469229028500557e-05
2020-12-02,0.005060492688185203,-0.006077432647548342,0.001624158443790602,0.006488782588305764,0.004173028163269699,0.0016863328254173027,-0.001187720283039706,-0.007955475864864336,0.006181566553589812,0.008586867795067343,0.00567547034446414,0.005664501478001904,0.0030762347866206685,0.0027344134871207793,0.001756647168137171,0.004637145190461434,7.469229028500557e-05
2020-12-03,0.017077121716674748,0.0033272983788725785,0.00465390168238522,0.007109979729212457,0.007281547676129874,0.008911588274150173,0.01047834664113445,0.009491444474681865,0.00997450674128153,-0.007173951907403553,0.012957187966007977,0.015856867295446442,0.003370085887638874,0.005245193675524007,0.0058443766590365875,0.0032505131473097304,7.469229028500557e-05
2020-12-04,-0.00463197190291198,-0.004035382303484325,-0.0033681889386217856,-0.0015633947348343558,-0.0002782942154413437,-0.0035566057214413416,0.002605582885439217,0.013505730717029207,-0.0063728194953807105,0.016246088787601032,0.0010282347966734662,-0.009298964567196477,0.009424726264032346,0.008520665029464913,0.0016878722969444482,0.01240874868619568,7.469229028500557e-05
2020-12-07,-0.011145881208140973,0.002899101160057649,0.005661794001413867,0.002648754714474011,0.0023177167829842027,-0.002202553985847455,0.0011179735490998155,-0.004512468173387796,0.003466578806269105,0.008502893313672377,0.007232421621438334,-0.0008537126013272722,0.0033386764477048025,0.0004025317547933227,-0.0026018447154595448,-0.0015819600060734684,7.469229028500557e-05
2020-12-08,0.008634216258993632,0.002544423532310214,0.002377731173527131,0.0054063758253581895,0.005512937023447018,0.0015024739289630773,0.0023006041607687155,0.0009683146084449312,-0.004019982090783691,-0.005260088836293919,0.009537001075521578,-0.0034454647845348907,0.0012985171015151842,0.002407363716280253,0.0069117383388090925,0.0015932044359239228,7.469229028500557e-05
2020-12-09,-0.010837382232972259,-0.0033597081364590275,0.0018230766209021976,-0.005475700338627765,-0.0046554292800014,-0.00431861118304,-0.007999330303089636,-0.0077283906745181374,-0.004227265602105179,0.0017153565630423362,-0.012626589754494488,-0.009840120483966985,-0.005126852843079455,-0.008974900197588176,-0.008025480901863391,-0.007063090698318342,7.469229028500557e-05
2020-12-10,0.008273999653591213,0.00728881007751192,0.01635870593763933,0.01598016663646784,0.01080302959281676,0.011186005237819652,0.010342523323267017,0.010332965884393586,0.01297655540567444,0.011419238525929964,0.009110106180587385,0.010050831155569817,0.01036051037553487,0.012768417530199416,0.009491062624832569,0.0183849655221755,7.469229028500557e-05
2020-12-11,0.009311527776015627,0.012228240946297264,0.023623603621306,0.01237626713976181,0.016126090633489243,0.012640432479570363,0.008570946788091893,-0.00015641845634051244,0.018168724744790588,0.0027351338538090797,0.002677783993677574,0.015594666809115143,0.0027627693463543324,0.0018699793038479129,0.006449043788381292,0.0005439376525844253,7.469229028500557e-05
2020-12-14,0.0012710389029226832,-0.0074786063627448884,-0.0035067074370053186,-0.005021584972389026,-0.006752027108312575,-0.001798553440568118,9.101525191734794e-05,0.0029808206851191787,-0.007480584917223476,-0.025321172516418966,0.012858611009290755,-0.007854295135067302,-0.005702624696313996,-0.004132493321704511,-0.001388546729076623,-0.004384037046488598,7.469229028500557e-05
2020-12-15,0.008104178941401363,0.010958365397208958,0.006837178148815237,0.013010512161518939,0.010214959723025885,0.007741058659486599,0.009348314783416356,0.008239858250477239,0.01601700406154083,0.027096393983503386,0.015722419281969158,0.011305979402112643,0.017232554949581536,0.015279932177959088,0.012666302849980493,0.013256420921006429,7.469229028500557e-05
2020-12-16,0.006803749307953799,0.007076451790057003,-6.720041160401813e-05,0.007712450097593804,0.00599529324237813,0.006854615083612625,0.009548394598528853,0.0167945242954326,0.006503720194002582,0.0013046953858568688,0.011487420533155435,0.003157730663533531,0.008600989681801119,0.009922655230625965,0.012121540218118954,0.014539501720262082,7.469229028500557e-05
2020-12-17,-0.00043202986017765177,0.006706256673442601,-0.0038706700810752226,0.0015097260197884932,0.0007331011501818807,0.00011640613755514728,0.0014098942974396511,-0.001137113933637246,0.00417282871022584,-0.010941579616631336,-0.0039061179764489085,0.009180301358747922,-0.004317405643024408,0.002258962066240766,0.004096666747708477,0.0041639001610758175,7.469229028500557e-05
2020-12-18,-0.015120690796267211,-0.00766071659548917,-0.0021863084933236854,-0.01202649081549989,-0.011231493082877297,-0.006675958976166574,-0.005225987887010675,-0.007913666301724409,-0.00863230495911127,0.0031409352832194593,-0.00881751478793591,-0.005855102460649242,-0.004666133329134237,-0.003752361020506245,-0.0071671569873725804,-0.0030293720240638367,7.469229028500557e-05
2020-12-21,-0.014507535771544733,-0.011494579989940856,-0.01961907909563798,-0.016779553868707775,-0.010918725029630205,-0.016403540210983447,-0.016770882577558988,-0.010654236580916798,-0.018189917544810363,-0.02183733629944884,-0.008374530360566568,-0.014839992537707514,-0.015131068972470074,-0.014959763453688435,-0.018408184667162653,-0.018346272749003578,7.469229028500557e-05
2020-12-22,0.0009972877852397755,0.008210969007325764,0.006544192042787111,0.003696410358904112,0.0032247223383941037,0.004653207593157127,0.0011781490972428976,0.012809740827024463,0.0035587486117303335,-0.00479353365547297,0.00583863735012935,0.004082338396223406,0.003350037604093581,0.001979155249218545,0.0042908218153629996,0.006467711450300673,7.469229028500557e-05
2020-12-23,0.011977366018303126,0.0039888723529066805,0.018080751418188656,0.011753319278556384,0.009354817831588313,0.013076976775127536,0.011116282933087973,0.02559828025952493,0.005775324096109591,0.02479723115164978,0.0062569984521687605,0.013233632571156617,0.017624771327503952,0.010713358823558616,0.011830367082782844,0.010477297768562543,7.469229028500557e-05
2020-12-28,0.018643625014329812,0.019997785483207853,0.015668663278946227,0.019761062026035114,0.023822251289251417,0.0158326025573452,0.015206168311318047,0.012328386187892892,0.015532050197177627,0.013990530632854048,0.014344985897137619,0.018700123755706954,0.012953322416331847,0.01253366106793341,0.014941466420209437,0.011351480449001583,7.469229028500557e-05
2020-12-29,0.0015345796873862394,0.0016963947092984988,-0.002898177887634912,-0.0012508205486402302,-0.0026341159854066376,0.0015369419754760472,0.0014304349614409073,0.003893708275555685,0.0012545858217178907,0.005275995421736734,0.0025118720717094423,-0.0036835532314799524,0.004328602186758124,0.005010160294855348,0.00045771331247146385,0.0024095237906243128,7.469229028500557e-05
2020-12-30,0.0022926628920407754,0.001060523957999271,-0.0009599676139808722,-0.007311514241015726,-0.004001162734727282,-1.9546445917950628e-05,0.0004837733604243777,0.0007213539613277753,0.00018143808487036672,0.002095591955086684,-0.012135478427141022,-0.00242540661426216,-0.002643118555093693,-0.0016404694647708107,8.186912017182912e-05,-0.0026490147510191964,7.469229028500557e-05
2021-01-04,-0.0028000000000000004,-0.0016288047258163243,-0.001304666438931512,-0.0025934332966911547,-0.0018145812604977644,-0.0014596156446196873,-0.0010518629103569155,-0.0036000000000000008,-0.001685565880763868,-0.0030783299150022587,-0.004000000000000001,-0.0021051685815060522,-0.002463911597531689,-0.0008335736324054844,-0.010480797243644369,0.0021177344429688105,7.469229028500557e-05
2021-01-05,-0.0005224997122998953,-0.008870617822379634,-0.013095109418998052,-0.0034400122775506414,-0.002427237296330209,-0.008939509302592907,-0.006958141393388795,0.012072476758835826,-0.00719778507334401,-0.004646410610812612,-0.0057729168904059325,-0.010365217329128096,-0.002534003190677092,-0.005480611818790115,0.0026230114507348468,0.0051333042823753505,7.469229028500557e-05
2021-01-06,-0.014016870430455408,-0.0010171843732599273,-0.0032687817305141476,-0.009949109874871298,0.0009413095364303459,-0.010941990559582115,-0.009445286377606221,0.01108246125280088,-0.012598858188450301,-0.015343307171269749,-0.013787772247329744,-0.004081022214460939,-0.008084127361924875,-0.015442486958607393,-0.008171219445900713,-0.0004299917469963166,7.469229028500557e-05
2021-01-07,0.01879062337041071,0.0014195676904686927,-0.0038791869513471466,0.004841205034007867,-0.0056419928199832325,0.007732230491656722,0.009448248900805423,0.043773211264342526,-0.008283384468055655,-0.0011639977108318655,-0.0018759568690117634,-0.005807670635862405,0.00971937926871247,0.00844990594272943,0.020653846812613175,0.03020167835950871,7.469229028500557e-05
2021-01-08,0.043006646312542474,0.033235166880247746,0.03750747023935852,0.030753753516223226,0.03844506472451137,0.0359177555163408,0.030250485865137344,0.03389443965570105,0.03824665926366033,0.026881073950151713,0.03524015321866858,0.030857681325834108,0.03351019116990672,0.035492056324686105,0.027658044254788683,0.02003472568412734,7.469229028500557e-05
2021-01-11,-0.015937561584586257,-0.012712419625351412,-0.022857616029704597,-0.02143388770049537,-0.02063780362391232,-0.01911856433719261,-0.016758333847647133,0.0028845147216891576,-0.017049913219234214,-0.027741797369361443,-0.015497301448108902,-0.01433582078157769,-0.014477548570841492,-0.01536591256225206,-0.020960325847336092,-0.013030796670830957,7.469229028500557e-05
2021-01-12,0.01760110028011863,0.008641071153172364,0.00771580046946041,0.012947739605748243,0.0074584152780503565,0.013088851829686998,0.01164709525115426,0.004423500529359803,0.01504479806551573,0.007051501771059954,0.01786643545264366,0.00039219294870784793,0.009528522168520626,0.011472043574128676,0.011086965845569008,0.003401788562189312,7.469229028500557e-05
2021-01-13,-0.002610834322910316,0.00037909542286795883,-0.000835410536840997,-0.002168427896803493,0.002984336444682878,-0.002850176203603394,-0.0035196328599853555,-0.01742874638144032,0.009498133716395074,-0.008446040222752194,0.00790667574307169,0.005230095673182555,-0.005719572950713903,-0.006088526870225874,-0.011691234519895954,-0.01712878538446705,7.469229028500557e-05
2021-01-14,0.004315483082990124,0.01360474512804477,0.011898542574979354,0.021180309818810805,0.017047816286570372,0.012951889984692322,0.01325632921358455,0.00946794359964831,0.019446548052572954,0.016691039159852927,0.009485195231589305,0.01470324095385167,0.01511007184500035,0.0159891539671988,0.010875733831854362,0.01303948679330813,7.469229028500557e-05
2021-01-15,-0.0045565389283307445,-0.004651207832286008,-0.013978867638385517,-0.014810873539207847,-0.011813022119725458,-0.010322792613650211,-0.013564355062114841,-0.03256537701503859,-0.0021429601736955295,-0.013437898620012767,-0.013550343106591534,-0.007674266681695463,-0.015101874849617225,-0.015355010637027489,-0.017875381839197235,-0.026256242278904884,7.469229028500557e-05
2021-01-18,0.017306835522638453,-0.00549827474655018,-0.01350054142426993,0.004523779593316846,-0.00010015156934550795,0.001338030160203063,0.001284289936182903,0.017640690304705275,-0.0034812824278315224,-0.002442691681330711,-4.7028500015144914e-05,-0.009259037832145656,0.0033016207422911226,0.002637274783582999,0.01067353256940562,0.0071961254367765015,7.469229028500557e-05
2021-01-19,0.0024642894930433368,-0.007000247865432407,-0.0071453177676875645,-0.005816212585083358,-0.007579864957054094,-0.002957546712750947,-0.0031235115912634503,-0.014700304845785217,-0.0007831321904134825,-0.02151947826999856,-0.0065286615740851595,-0.006229915893133708,-0.012395581740794914,-0.006752810319914149,-0.001884501225044688,-0.004891049410618131,7.469229028500557e-05
2021-01-20,0.002223378976307311,-0.010147181011900486,-0.01746278261874834,-0.01614915727308819,-0.014875428179022765,-0.00894835017290807,-0.008798296446100085,-0.004753722100222513,-0.014221270536688091,-0.010263863472839252,-0.015172513230180651,-0.018542160955171583,-0.009274608806118856,-0.005444610071370759,-0.007399859050303825,-0.008946468571072064,7.469229028500557e-05
2021-01-21,-0.010420174349508371,-0.011800567976720133,-0.012710449445858085,-0.010516222483395898,-0.008772537097428867,-0.012640505963577686,-0.016187381022543024,-0.0016918784320162361,-0.010655402438607298,-0.009800598069922617,-0.010893007482029482,-0.008109656326794723,-0.00902918883745496,-0.013838462574226384,-0.014617414248020988,-0.009148600632738257,7.469229028500557e-05
2021-01-22,-0.009212213573309702,-0.01162108546866325,-0.010878900259967739,-0.009449491950509925,-0.003700616343965346,-0.011835067967818191,-0.0114338071250365,0.0011330290355984207,-0.010005543409872142,-0.008653125134811424,-0.01162890605248934,-0.00594740686900852,-0.007378603743368406,-0.010154296191804746,-0.008916617576179675,-0.007673446148000362,7.469229028500557e-05
2021-01-26,7.696921282973612e-05,-0.006274376659316516,-0.013882776807512265,-0.01180070778406861,-0.009083675450336282,-0.007777366958535148,-0.007534666356844744,-0.010554090153931273,-0.0028785588498506653,-0.016730835987738724,-0.007581203363082101,-0.01213304806960147,-0.009906039759689178,-0.006836717572682227,-0.005324910412312089,-0.008371179997675116,7.469229028500557e-05
2021-01-27,-0.0071697941997083126,0.0024467766227207477,0.021095460931858545,0.011527422470642978,0.007625255094062977,0.007285439917828818,0.007613701286562025,-0.02762456744459385,-0.00143723778486482,0.003027190064658569,0.0037419383579562204,0.004712054389158338,-0.00729019432625444,-0.002493464483325547,-0.00012840298783878268,-0.007127645151450146,7.469229028500557e-05
2021-01-28,0.011246603832064217,0.020846177977046798,0.02564561295319856,0.019981646586279433,0.01907529341170311,0.01968706683643351,0.02143677384867959,0.016261622274369003,0.018891691366726082,0.04432931399432127,0.01732661360541643,0.022665051689427784,0.02544353038462388,0.029760303523766574,0.01963583199768837,0.025555916572229886,7.469229028500557e-05
2021-01-29,-0.021804638180835112,-0.01990230235573487,-0.015449614579207016,-0.02755761873827678,-0.024134323781648925,-0.021630420594050626,-0.023448322085356077,-0.03248049401415776,-0.02041329723759966,-0.02374636248941664,-0.02298057201167447,-0.020395848314196163,-0.025410787114980904,-0.028040361229458077,-0.028783599839176,-0.03202441820031687,7.469229028500557e-05
2021-02-01,0.01795409742989018,0.016349417856914128,0.025142495152637778,0.006135080575821794,0.012350728430349678,0.018278302846025607,0.018269831284833282,0.02181329471144422,0.012583066939723553,0.011400389776275555,0.013907908813972858,0.0123172580226103,0.014393668264891968,0.01687633662503618,0.017319633906082377,0.022537236261484628,7.469229028500557e-05
2021-02-02,0.008877412000714457,0.014819352847855516,0.016247966858493834,0.010865929855629508,0.012488766559170639,0.012910890588335944,0.015697953128418707,0.003887682918150892,0.011702787064173048,0.014067023758157937,0.02156694326631281,0.00866134345609737,0.01181909444211926,0.015226710030546764,0.013372228418743193,0.0026972113069083647,7.469229028500557e-05
2021-02-03,0.021871492177435226,0.011364499041363496,0.008528443472800351,0.01694528571756604,0.016061161639909782,0.014355191606420625,0.015174957056457217,0.024578425699698148,0.010951295207559886,0.01633350056783689,0.014557469719658656,0.012927693713877586,0.01734272641408463,0.014398212108820196,0.014267398824354904,0.013963654251424096,7.469229028500557e-05
2021-02-04,-0.004633614439002676,-0.0028526547425895554,-0.002789944793425647,-0.005699096711303309,-0.005560314292162416,-0.0044690696356408655,-0.0032644764169578178,-0.009748394654352288,-0.0024343862060354216,-0.011320061649709001,-0.01301668385901511,-0.006512397207355858,-0.008832047927927689,-0.004707220060103934,-0.005113430386750939,-0.004438714473942285,7.469229028500557e-05
2021-02-05,0.00780161912891586,-0.0012876591161287143,-0.0006374423685112651,0.0011539653039651654,-0.0012304348851179814,0.002928069765866459,0.00026281796601179686,0.014176958236522763,0.008586138911309105,0.002493812710712806,0.0041514991693949455,0.009537957652743234,0.007837911433035138,0.0033375874830681163,0.00161574899794803,0.010677153170514098,7.469229028500557e-05
2021-02-08,0.0013709361699345557,-0.007528208494805622,-0.0035319568700092896,0.0030701237077368493,-0.0028513876341174083,-0.0012760899765698053,-0.0007423016763282719,0.01738920481094608,-0.005346102888062365,-0.006773157584547329,0.00846142763993818,-0.004368333977631256,0.003181366379021,0.0010810655677031544,-0.006304180289025352,-0.0029627864163844775,7.469229028500557e-05
2021-02-09,-0.0067719120585811865,-0.001014293433191371,-0.0025134524200602915,-0.0016989296405385268,-0.004004884484400839,-0.0030771971755985117,-0.003066828603011329,-0.004977846760027993,0.0010262596680157277,-0.004625581944354584,-0.009478497304284184,0.0009291827763462379,-0.0035995124448764404,-0.004048231116115075,-0.003986184438706686,-0.001838771043860321,7.469229028500557e-05
2021-02-10,-0.01348175021631226,-5.079203881774852e-05,-0.010434031762277862,-0.010311799903335861,-0.003781607284471855,-0.011135224293748136,-0.010978678694920752,-0.01664806765953364,-0.005122314435233033,-0.020503810618344387,-0.004337317132660723,-0.00870835374722656,-0.014364836013886495,-0.016512905293723512,-0.0034991499991536834,-0.008183044750153523,7.469229028500557e-05
2021-02-11,0.018717944060595793,0.011026063858661672,0.004950565054560707,0.009982792028767395,0.013512961284737335,0.013039539805182132,0.01294643127673134,-0.002300394709354614,0.005707729637568271,0.007551093146938692,0.00961735836561961,0.006100865790101828,0.004525375014357236,0.008221776520662694,0.015526036080197647,0.00517379740632129,7.469229028500557e-05
2021-02-12,-0.005564549070505298,-0.003440592711798085,-0.010038805527242345,-1.8151589113335476e-05,-0.006662807564304485,-0.0044067881475445825,-0.0014400625084982632,0.01000596194631953,-0.005287446761047199,-0.00244987054060275,0.002141163726546491,-0.007483678426756346,0.0005657297047771959,0.00016560135661514153,4.5402408717087894e-05,0.0014803676739452154,7.469229028500557e-05
2021-02-17,0.0013168347172478612,-0.008208968621202906,-0.00953251244381148,-0.0026678998105623686,-0.01874091836972691,-0.0024523087773943297,-0.0004253916175195327,0.018337040574044616,-0.013700559094545817,-0.006370004202204571,8.6683476831384e-05,-0.008162591057489621,-2.7906959732648673e-05,-0.0008909863592531098,0.0023727655263214853,0.008928156462515435,7.469229028500557e-05
2021-02-18,-0.009739389613822036,-0.01263183725309025,-0.017274196346171444,-0.016078611850215307,-0.01421961611652578,-0.014765720826695472,-0.014518975224556807,-0.0009552590698717056,-0.0036422385882294295,-0.016762293717171306,0.00209693624525209,-0.015146616262246337,-0.005938101295954956,-0.010984030280011492,-0.011387583076673757,-0.007751594509997961,7.469229028500557e-05
2021-02-19,0.006514195617226326,-0.0019401526559269522,-0.0040892570462118805,-0.008055001803666806,-0.0025337267929921303,4.264758479766151e-05,7.900512277192462e-05,0.014845178093323419,0.0019296077612962481,-0.006876190545363925,-0.0053001669457657385,-0.002414065992070169,0.0019329964403442812,0.002761406741511152,-0.006315180304546364,-0.005002271077100384,7.469229028500557e-05
2021-02-22,-0.0022119471039269145,-0.029670679385794263,-0.025018479556188966,-0.03819767877284863,-0.03359436785642367,-0.0226795816441141,-0.02797441030502934,-0.002933726018986005,-0.03699220281212079,-0.04048165515169888,-0.02252131206734942,-0.02939882090284418,-0.026804068460296482,-0.028211252491773364,-0.03740390588600706,-0.04576298194842221,7.469229028500557e-05
2021-02-23,-0.00259897866806047,0.01435617310149917,0.02317170633942567,0.019353935602399952,0.012295603221629259,0.01292839942531887,0.015412533561311781,0.01112778466348363,0.005633863687125373,0.012104910587310114,-0.0018812643865731005,0.0051847838117342615,0.008806710985334032,0.008586765953819686,0.01990259200064526,0.02140952515129735,7.469229028500557e-05
2021-02-24,0.00866288732250342,-0.005685449325777747,0.0021672217244301795,0.006412491833587275,9.659645445081466e-06,0.00302884720573271,0.004863488309599262,0.016705312479958767,-0.008878789096381512,0.0036302697858239252,-0.005454459741782158,0.0021840744803955925,0.0029164433393984446,0.0034518764837885296,0.0038212750601245293,0.0044118318229993125,7.469229028500557e-05
2021-02-25,-0.030105575938783713,-0.017521793160476196,-0.02781595967099415,-0.026214625783620993,-0.021072059916303898,-0.025607518558277698,-0.026415889671533854,-0.04244477133498059,-0.022064239907064298,-0.02565044658751181,-0.027260491010773324,-0.022952693108923894,-0.029233036849850014,-0.028381139610085815,-0.03164558520448235,-0.02892294021719921,7.469229028500557e-05
2021-02-26,-0.017186674041984484,-0.014666287661092792,-0.01828697339870189,-0.01760411564677078,-0.019474264735312996,-0.01608790934365978,-0.02001984449316041,-0.008895091557343249,-0.01857103434082763,-0.03683968069472643,-0.017924209263962876,-0.016170111259508957,-0.020044409335371216,-0.019548731447660783,-0.023345225048376328,-0.01907596988473237,7.469229028500557e-05
2021-03-01,0.006558697522859314,-0.018259210729546504,0.11156105762683755,-0.005595858338780735,-0.014093778288742032,0.03551797900810727,0.02263090749856267,0.03520970729673567,-0.017948057897574476,-0.021323130714146377,0.00193787220337871,-0.012186440677407817,0.0008507125003998084,0.010999297884165982,-0.0030487646124606194,0.005781757369297091,7.469229028500557e-05
2021-03-02,-0.0020358859349176583,0.007527136764151177,0.003635068191863322,0.006876211677766975,0.009146344951976193,0.0014677421678892522,-0.000195877229472452,-0.0027364674345213835,0.006557027377986913,0.012865068298838933,0.00023628699146249765,0.01151136079314452,0.005738283002235889,0.001741481360744368,0.0017497173031371105,0.012286670139121103,7.469229028500557e-05
2021-03-03,-0.002471583928233656,0.00613876008901304,-0.009486569143125512,0.0032455632263002077,0.004503439656770913,-0.002717718507704525,-0.004574258393668984,0.007569883424646262,0.0034478541518718764,0.004219410921440403,0.004682133416856971,0.0037180874104298933,0.004099412774351441,-0.004048345940371623,-0.0036810231784539793,-0.004172175322153526,7.469229028500557e-05
2021-03-04,-0.006980539829392396,0.016542316990598493,0.030522751955692318,0.01773857923766875,0.01434212832650128,0.014858987816220415,0.021937783181688486,-0.013337345589434446,0.02148979544006724,0.030129380882527368,0.022514662049000878,0.03101879253520301,0.012080238995429093,0.01577497615363388,0.015778029551752226,0.0107992986572234,7.469229028500557e-05
2021-03-05,0.008875785775554146,0.009762104650506087,0.009247528016953499,0.0010166257864336892,0.0004299957223592443,0.009455364502077401,0.011180129174411801,0.031891896108262596,0.0048882083178196645,0.027695264814221687,0.014586220919299286,0.0028334324171597203,0.020693322406335923,0.01783725782601686,0.01422179404286883,0.0249026665839176,7.469229028500557e-05
2021-03-08,-0.03705966962971641,-0.032145315025360666,-0.02551721125616946,-0.028486734473899378,-0.03234103935562227,-0.03225511372302092,-0.03337156154509968,-0.04947483095598948,-0.03192633269193701,-0.04644813793371971,-0.0448677014340918,-0.025328382059388588,-0.0444212775823003,-0.04668029837729104,-0.03807196846553973,-0.03717939065579079,7.469229028500557e-05
2021-03-09,0.011347288922208598,0.0037461666252505132,0.00288312902640242,0.009594416281274443,0.005214417409211691,0.006029376922398466,0.005615511121858319,0.0057596804495592124,0.003273085698497269,-0.006855524124318335,0.005975190739111014,0.00038175783146199294,-0.0009396696245993486,1.9405102287484155e-05,0.007955367562800797,0.004553592392580352,7.469229028500557e-05
2021-03-10,-0.0018727663419177976,0.00838421602162942,0.030277708989947305,0.011410684776322233,0.020514258205099,0.013320423072833432,0.017318180671545447,-0.011990561599678595,0.024469007520217856,0.024090841473542346,0.010431667930952182,0.017744981618001754,0.012460775990341011,0.01698473565174874,0.010823809236910842,0.010618763174848,7.469229028500557e-05
2021-03-11,0.007792763166259764,0.0052152895885355655,0.01038893840974997,0.01668030731123582,0.005685224888016593,0.01184535816233967,0.01628733974888319,0.02334392285672382,0.00709527550141642,0.038313224545811764,0.013555791139898243,0.012335846578769294,0.023950127728699533,0.026552640965026075,0.016460948007556597,0.020571030445100336,7.469229028500557e-05
2021-03-12,-0.0021801723189893707,0.004526082934663611,0.0071584804774296185,0.0024591529265987067,0.00629790309823397,0.0019679191376329452,0.0009540268880403602,-0.0074118410844595806,-4.822841431040281e-05,0.011358058758175194,0.0020720158670175515,0.002683192560811065,0.0013303213561963734,-0.00048404223898479426,-0.002233355004015336,-0.008731759262837535,7.469229028500557e-05
2021-03-15,0.00860151683869792,0.004983827110021766,0.01006807429760137,0.016750336526316856,0.016403393290420842,0.008972135750837218,0.010342295902935339,0.0015318281254721455,0.012697980652069063,0.01748173392778507,0.009433132254033971,0.014526662524596334,0.010617189784410508,0.010095061720377219,0.011690033958590362,0.005262751809089972,7.469229028500557e-05
2021-03-16,0.003662827633226895,0.000998506202059657,-0.004594100058892603,-0.0037026033288591886,0.0003663470564283511,-0.0028572419792074477,-0.006100111818503784,0.013862156807100012,0.003985237701647826,-0.015452496168531393,-0.011302863053617718,0.0006698549906183349,-0.002089223463963563,-0.008814012315552455,-0.003993089757383772,-0.0065836455373688985,7.469229028500557e-05
2021-03-17,0.01593813100878516,0.019619400483916527,0.016300206092207947,0.019067382583583425,0.01755715249211587,0.019070003356167264,0.023699702206487094,0.012873497475208051,0.02225782130699816,0.0237758897142073,0.036476680525798555,0.01598290187123963,0.02200298459312866,0.025288003694835748,0.021493433548115393,0.021331803919749204,7.469229028500557e-05
2021-03-18,-0.020155775072923765,-0.009134898082071907,-0.003652462597641959,-0.010568906187761185,-0.0061055693513724085,-0.011610880977833582,-0.011651934290637711,-0.03849795206774165,-0.012180231414631981,-0.020945212043797512,-0.02641668010103715,-0.007720711601636232,-0.024397260151844846,-0.02015008341652702,-0.015177656027743791,-0.015208311277873254,0.00010379490011502845
2021-03-19,0.010711132645425225,0.007890645794891071,0.03813961703498636,0.015652385599803198,0.010867867948264998,0.022191441267290113,0.020853775291865162,0.007859547354353236,0.02480804131125347,0.02927810452280788,0.023294121810590873,0.017301824955388012,0.01986455732883652,0.023174967529262736,0.013268971427851106,0.01003885687902506,0.00010379490011502845
2021-03-22,-0.0006564101432399161,-0.0045423839187965775,0.011748356527034653,0.002603400826291624,-0.005563922962272816,0.004197357968836579,-0.00012628259808844522,-0.014708070922120786,-0.007611542295921536,-0.0043115244273062014,-0.00931083634643104,-0.007558397258196958,-0.00811223539717254,-0.003638155321209924,-0.008560148664482403,-0.010703020896814852,0.00010379490011502845
2021-03-23,-9.988753102418979e-05,-0.007901775552100254,-0.008466522487843409,-0.003369054176223907,-0.006283687583665154,-0.006674192752322505,-0.010001831889799195,-0.005131481339984756,-0.007102869723977445,-0.007429570340991787,-0.00844857480664174,-0.0038798313986306843,-0.006932422209839029,-0.007359787172621757,-0.009856023766868005,-0.015333687744072622,0.00010379490011502845
2021-03-24,-0.013817052605082147,-0.018150480823494464,-0.024115578989925224,-0.013033502308801626,-0.020829502919557652,-0.019032150611635434,-0.01594463512894695,-0.008020373642337542,-0.0064857590527576114,-0.016251594300347727,-0.0029257493766413623,-0.014928904863506398,-0.01167486727170819,-0.0188377128662387,-0.013316945845264883,-0.00799680276597925,0.00010379490011502845
2021-03-25,0.010585509855293163,0.013460767552528452,0.027960386992488484,0.010974055634195956,0.015463493868648648,0.017615027730641053,0.017186580844044563,-0.005401266281916395,0.018294051904703457,0.01784194655545135,0.021139819238361612,0.017412463659101762,0.0109148708554907,0.017957451023692617,0.016131807733302583,0.013019244146378783,0.00010379490011502845
2021-03-26,-0.00619681459123278,0.004139690777392069,0.017160836322064554,0.0001850001361494158,0.00562732861920634,0.004888401066170722,0.003890084487184975,0.017235284783338356,0.004108052184735644,-0.0038185073987616613,0.0008201607459839,0.0069526887364061984,0.0029044897178458484,0.002198576796076823,0.002219211598539994,0.010981198635781952,0.00010379490011502845
2021-03-29,0.005293973529565177,-0.004627358267784376,0.019009380379715113,0.005544833613716493,-0.0031991236449717686,0.00895421052704104,0.00738797441016259,0.014339990692671556,0.006114898999087348,-0.004210962196169343,0.004288736426605766,0.009705002296264142,0.004090073717337717,0.00196342498245472,0.0024614515502605627,0.006810631668247913,0.00010379490011502845
2021-03-30,0.011282722374128529,0.011090651161779208,0.013557967103045021,0.018618604738817046,0.018269628910394964,0.013986866111211027,0.017200550736209852,0.005378876727011539,0.01562061915940971,0.03641825041920832,0.021662196582205473,0.012265358197220522,0.02003768979740772,0.02305453498091725,0.01319530051070461,0.010817926075856077,0.00010379490011502845
2021-03-31,-0.008800398801512288,-0.008930245978404527,-0.0016542253885378777,-0.0014950811613759774,-0.003893844433909166,-0.005808549945248598,-0.005823539612409001,0.005531725247583941,0.006391565771997065,0.00459820034248537,0.0038179843107477573,0.009772278071809248,0.0035725315098773525,-0.0041916621554418665,-0.00680099817497859,-0.000915500849679951,0.00010379490011502845
2021-04-01,0.0002021119742927624,-0.008781474052046656,-0.01744920551837592,-0.006876210633050994,-0.012254615465855934,-0.009013296543618488,-0.009260013972412273,-0.003135241913572062,-0.009786255060847071,-0.018127590865732457,-0.012706508025125074,-0.006617576653860313,-0.010908880873771398,-0.011107216663785224,-0.0071775717757177615,-0.01083432305225307,0.00010379490011502845
2021-04-05,0.003120456346676903,0.008183615037447245,0.009844807901124186,0.004272019347814959,0.0028267934998402744,0.008235831923206982,0.0097320121259592,0.017292695405568104,0.015295451249155212,0.01552334649187781,0.012653635967236454,0.0024886078745074425,0.015037857490755258,0.01663669659330358,0.009931381806735917,0.022946362138189125,0.00010379490011502845
2021-04-06,0.00937976587208178,0.004394381286373594,-0.0032803377357971675,0.0016036020290646213,-0.0007691408003797084,0.0032073910944023787,0.00141695755354454,0.018391857159195224,0.003588732090539226,-0.0008203147181504722,0.008435816697112353,-0.0006614100786493937,0.00826870632514698,0.007969334653666227,0.0028050036278046697,-0.0009538104401044523,0.00010379490011502845
2021-04-07,-0.005775539908768779,-0.0019380177914757324,0.0016789193713111494,-0.003663511471346359,-0.005078649889723286,-0.0011620708474353592,-0.0005798422212082155,0.014428161163681175,-0.007861600278556535,-0.0069419281635676455,-0.0055676694521327175,0.0020415704217215946,-0.0006961450616540521,-0.0003790077491939714,-0.005783278716241513,0.003010526061788532,0.00010379490011502845
2021-04-08,0.018031567054960895,-2.610596175656177e-05,0.0184029920665294,-0.0002091116800526649,-0.0008521019147837983,0.012557715394653224,0.008673794802907198,0.0168461582491215,-0.00013646432700897826,-0.0018078364692373228,0.00202841956235722,-0.0015739818537120476,0.004817197451161936,0.00756892729379155,0.004098852621365223,0.005504867931285018,0.00010379490011502845
2021-04-09,-0.0008116983232993036,-0.004598506172243888,-0.012908130364652548,-0.005706900362260958,-0.008701127407627962,-0.006953517258821873,-0.007059348027938062,0.0064716222787537525,-0.008803205737797581,0.008557307519580615,-0.005398865443104417,-0.0063464657000857905,0.002582828882192967,-0.001277217206723913,-0.004104536160017158,-0.006345282192967261,0.00010379490011502845
2021-04-12,0.0055954023391180385,0.011038291915925091,0.027607574311820704,0.008461612691783138,0.005316915969439728,0.016838494630429857,0.018199728321615094,0.01823327746023584,0.007181882079113633,-0.001482443706641745,0.004202662201715279,0.0028622492403835853,0.007693387705097532,0.013015874445323483,0.007415113827624165,0.00893499113527163,0.00010379490011502845
2021-04-13,0.005756711249105484,-0.0005457396874345433,0.017120707310551042,-0.006513150443829607,-0.002968052295131862,0.007407217081451201,0.0058248094685648955,0.006734285957081365,-0.0022763298223394957,0.012138235586421908,0.005078454984602576,0.0008557662422454815,0.0054011705678651545,0.005908162460044997,0.006315413182928609,0.003918246941498227,0.00010379490011502845
2021-04-14,0.00602668482492863,-0.002680413772318646,-0.011956613557880136,0.014014413610520915,0.0019241062247841167,-0.0012594926950603158,-0.00010766263348649385,0.01598949112551007,-0.007113217114660508,-0.007276641787308358,-0.0014389543626647239,3.6925647275865003e-05,0.0009363654914003039,-0.0012444009565478753,0.0016306171182727258,0.010047720094076285,0.00010379490011502845
2021-04-15,0.010183630060864202,0.003281132661371533,-0.016435080937710178,0.007637311985704942,0.0034905411595897995,-0.0019704145291563613,0.00041558167895905385,0.0018646663211496772,0.0068444039528337,0.007732325230600079,7.212908492482129e-05,0.008208082096496039,0.004530643521230893,0.006046389107062344,0.0038273128274088908,0.004076144359828948,0.00010379490011502845
2021-04-16,-0.0017174435847813196,0.008525450984564031,0.013156183797817356,0.014684105773117517,0.009179586046592414,0.008452499417254566,0.007473433661785656,0.005391768240741168,0.012204970349308564,0.016130900905319656,0.009224821183226428,0.014657828535683537,0.010870255301573373,0.012529316229576315,0.0023700694091755015,0.0038814887455655978,0.00010379490011502845
2021-04-19,0.0021816963951264423,-0.006479609472303527,-0.00499666094075768,-0.002342869922214552,-0.00536348606471404,-0.004395923470216112,0.00015515016688105732,-0.009881358544439056,-0.00223601067321777,0.0036746252338326624,-0.010314252134375423,-0.0024759725184918535,-0.003893705200680664,-0.0037850605205457244,0.0017623345057753426,-0.0019962081614481875,0.00010379490011502845
2021-04-20,0.004885323420119159,-0.000507239299994966,0.03157730310632778,0.0006045032901849101,0.0003402701305363909,0.01176251153689778,0.006657543465347082,-0.013277047828577415,0.005895505977306259,-0.00532881148804909,0.001803418541820312,0.01219900605230495,-0.003517265748217202,-0.00010052206471322656,-0.0066557691884799874,-0.007640844449183448,0.00010379490011502845
2021-04-22,-0.01639537900893573,-0.009017233345584907,-0.0054542797485395145,-0.013141196205226802,-0.00983662126057927,-0.01144513010809245,-0.011446120841733576,0.009036260251217065,-0.008147920633908678,-0.012595449664902003,-0.012654869834386462,-0.006913004874910311,-0.00427314070481577,-0.009099353150948342,-0.016249123713242053,-0.005364438405583649,0.00010379490011502845
2021-04-23,0.004842629912405583,0.008522825408610046,0.00017712792227064789,0.004049675305817901,0.014461071590788022,0.0028553694318806944,0.005853396420405499,0.019110293604786,0.007888878739157557,0.004962322128464702,0.009210277577472725,0.006327275642299401,0.010698572136207618,0.01035180185470641,0.009443940200880574,0.010498799854047336,0.00010379490011502845
2021-04-26,-0.004311010746035571,-0.008096803735067604,0.0012475714025699247,-0.003534441089064644,-0.008300839261305426,-0.0019510094182677573,-0.0013553141164828197,0.010237716276409126,-0.010755246539990715,0.010257102660740536,-0.005847127498432525,-0.005921083549079942,0.0033493632114776073,0.00566569737722622,-0.0031977925076043245,0.0008675404881068882,0.00010379490011502845
2021-04-27,-0.004847116143669283,-0.011445317537006616,-0.017682790918611246,-0.019257756705471696,-0.013222886350047869,-0.013950702021335526,-0.012729607484023076,0.009911052970974277,-0.01243686000794586,-0.014577876561315262,-0.012062059123508884,-0.007691453531258774,-0.0059409242752423985,-0.009549842533446151,-0.013545381126918166,-0.007960929968790276,0.00010379490011502845
2021-04-28,-0.006465561267913644,0.007909330414437532,0.004799872228826274,-0.005379470309245904,0.010080448980429813,0.0009990284361054425,0.004912982463678439,0.004675273217945142,0.011359057332739342,0.00857827326406424,0.005739585010634984,0.014302816725214162,0.007270199514790354,0.008099408187707047,0.0069374820517214,0.01416019653050693,0.00010379490011502845
2021-04-29,0.00693241658715249,-0.0024949381418022387,0.008555821784366424,-0.0018359364576264747,-0.004536162268158006,0.0056212012052681,0.0014581790545029616,-0.002380948049327536,0.006905019084050945,-0.006795134756244825,0.0018629378747054837,0.007074877322182038,-0.0007524472016913197,0.000674019507225676,-0.007737761677941046,-0.006978664739393348,0.00010379490011502845
2021-04-30,0.0020603531768244032,-0.011522625483894933,0.0029371253947203524,-0.024707375695617984,-0.027792029365056203,-0.00025661641321739204,-0.007146486450750444,-0.012903870150892227,-0.006191279554807028,-0.027426241993735112,-0.01056020211454689,-0.01789468719687104,-0.014275158997199444,-0.009369367207688328,-0.0011269807253520003,-0.011016512269743428,0.00010379490011502845
2021-05-03,-0.0004039534031644587,0.003529677963769018,-0.0012595836957034479,0.010189372567066535,0.014214896711522762,0.0010826044663021506,0.00010433117901320621,-0.00622201672810907,-0.00154336091154883,0.01909059004614977,-0.0037023372394312526,0.007759876243373709,0.002330890333979374,0.0009547563825096361,0.001996526901369977,0.0016174550601610882,0.00010379490011502845
2021-05-04,-0.013132915265417822,-0.013378242853835487,-0.023286725115034712,-0.010381287142275597,-0.019573189145536296,-0.016454906987815487,-0.016570438808013233,-0.01372572581941478,-0.007364835259107472,-0.015426216019532424,-0.002923526483163519,-0.011431367277878968,-0.011463810020945764,-0.01023145410502091,-0.016338395733779376,-0.009303158018970414,0.00010379490011502845
2021-05-05,0.012801694568792099,0.00919616456772232,0.01120069563295889,0.014793269507532347,0.008175288970551309,0.012512745415070636,0.014920589378138116,0.021700395381933246,0.006505685435987729,0.011394366905697062,0.011280135680784342,0.00015215596261830555,0.013670741380711338,0.0162949183082588,0.014917040766415868,0.014611284690314363,0.00010379490011502845
2021-05-06,-0.009982666604842483,-0.0016453951763374386,-0.011415877922263507,-0.010344167586865405,-0.0038515665440433944,-0.009980396903188304,-0.01044719618343215,0.00022584548258142156,-0.004119415771860813,0.008759942493676842,-0.01058074935627118,0.0003557124006630108,0.001289257391881904,-0.004343538815357095,-0.006764769705135731,0.006578117730984712,0.00013268648495490254
2021-05-07,0.004222665567519712,0.010748503209413007,0.014687077540798343,0.01408141529464424,0.006505898284888456,0.011913946805926168,0.015578292239208702,0.0022859730584714466,0.014106609954384064,0.0188207602860353,0.012052621505000749,0.009329015883198233,0.011859042922012009,0.01568247098906994,0.017325607094861528,0.015646283822932316,0.00013268648495490254
2021-05-10,-0.006362760447322202,0.0029291834183957643,0.00393001382056446,0.0016482551420096136,-0.007266142071476356,0.0017815238479930162,9.308577840871912e-05,-0.01568777876873284,-0.009957818213101155,0.000860515880067414,-0.022252087231656614,-0.01112677070427781,-0.010331345422897154,-0.005519934120171488,-0.0016855742314405564,-0.0024483149771101775,0.00013268648495490254
2021-05-11,0.0032380274303887013,0.0038393752687755356,0.005761225219139687,0.007775674311235159,0.004417305149594375,0.003802605215489585,0.003723772091881017,0.011631389229022071,0.00704805421512722,0.0032925918579600477,0.000479047993737991,0.005179558853455779,0.006969110202546425,0.002782650320760416,0.005525511403714933,0.011656949859152332,0.00013268648495490254
2021-05-12,-0.030791758720979834,-0.021514498443916064,-0.02498009245932553,-0.03530190181181825,-0.026383700092960538,-0.02705258701332336,-0.023151444793205966,-0.04158028306517514,-0.028452268271110914,-0.030610442619137923,-0.027948441372187216,-0.028107070892140595,-0.033192272331086126,-0.029293036181599064,-0.02168705269520954,-0.028221171475296902,0.00013268648495490254
2021-05-13,0.0051188851001231495,0.014900958792394725,0.023507354401929303,0.007379179844338113,0.014929855536485404,0.015789719561276838,0.01325954215772751,-0.024205213647977786,0.01895415145065371,0.010541407154746718,0.014503078709891204,0.016123807618302344,0.0012726137473322297,0.00940824332206791,0.01353766976120907,0.005471453999510434,0.00013268648495490254
2021-05-14,0.0023577628125663885,0.007595549490511333,-0.0011564607607595923,0.007196770038031541,0.012803246794077294,0.0013660671386261924,0.006057525040985334,-0.006998100663296092,0.01337926444218529,0.01535414349020714,0.029856703167808973,0.01923813853721268,0.00883463654121619,0.011062297679134137,0.00871055226205919,0.0064759556320890255,0.00013268648495490254
2021-05-17,0.011340446715117247,-0.00014151706402010245,0.0036340235021432576,0.0034722513158567114,0.002369073015042744,0.00553321682688912,0.008139586141746813,0.008662912424258762,0.0011351445029661456,0.018503487485088677,0.009157530546494819,0.0055266767950228335,0.010008277759194772,0.010162367024995067,0.008334390365832611,0.010678195407435753,0.00013268648495490254
2021-05-18,0.0004137732701143815,-0.0037008201947217323,0.0036334216141864495,-0.004311981415697996,0.0019933199149333447,-0.0010685846237155072,-0.0027893185504853646,0.005554601343708665,-0.005260430216342704,-0.00014280013551803972,-0.0028121408144787807,-0.0003533236559718489,-0.00027755019810404846,-0.0010250974717428418,-0.0005105816190615897,0.0015090435266684743,0.00013268648495490254
2021-05-19,0.004364766338507131,0.013673994516342214,0.008475969316121379,0.004463578084709985,0.009753149176727094,0.004883555223497593,0.003931446804031902,-0.01724473368437185,0.007093689434159334,0.003002739242798924,-0.004726800353622829,0.007023911776288472,-0.0036946957575688666,-0.0041373228944975304,0.0033513238716427196,-0.005095337550834467,0.00013268648495490254
2021-05-20,-0.003276563156300094,0.0016143317903660748,0.0019519510788765793,0.006134882129742225,0.00031914483874273536,0.002635635548380977,0.0037145479284110827,-0.002076200277661533,0.005428781668953109,0.006939687756171153,0.002157659931629974,-0.0008057707244402135,0.0036087526975996376,0.007785616483790392,-0.002484190953117582,-3.4020664151368507e-06,0.00013268648495490254
2021-05-21,-0.00038667135895509297,-0.002239757189753,0.0003669780672128642,-0.005768529646543286,0.001711289983716613,-0.00039860508074818224,0.0034235106757647404,-0.014221285132550165,0.0018968247461581544,-0.013318807799300503,-0.0029426844442053124,-0.0014631975890331272,-0.010239506547162436,-0.0028356600641317176,0.006092794918643563,-0.002569891912202027,0.00013268648495490254
2021-05-24,0.013117026137350551,0.009175518590393228,0.01573605558934177,0.010094870549111956,0.015285769787160675,0.011614031595931662,0.010304238272206723,0.05397794776817877,0.013916501324560127,0.005614123682965877,0.019508075522172375,0.014222312359819966,0.024298807162980385,0.015897234715609665,0.01014381225001948,0.012303480936322053,0.00013268648495490254
2021-05-25,-0.003232656413189705,-0.0005233304010706652,0.02553416834908906,0.0027932969888491144,0.0008737578812405555,0.009254549708133997,0.004141536030454196,-0.025849332742995057,-0.00586617755395058,0.006545602879451273,-0.0025528131334665582,-0.006581467330509239,-0.007675094670998139,-0.0014371335022721476,5.337590466103492e-05,-0.01051118112783167,0.00013268648495490254
2021-05-26,-0.0030644749524444403,0.00010849734608631145,-0.00136339387240636,0.006916968555843228,0.0005352415699793056,-0.00015826036190857984,0.0015473266091601268,0.0015136228138898922,-0.002002653368105567,0.002100408819307953,0.006182221490018902,0.00156705618191455,0.0024732595400349666,0.004922043857100711,0.00045852307050320285,0.010176382687834051,0.00013268648495490254
2021-05-27,0.004652558494496528,-0.0013164628024990854,0.013155086873333,0.0028515859800397614,0.0007304041565963093,0.006913175615466116,0.0059688424505155435,0.005514120560317748,0.0014978520762047864,0.009595583433945176,0.004706985901975269,-0.0015195254691218185,0.005652168526091739,0.009165781809639562,0.003989019889325984,0.003415260636241868,0.00013268648495490254
2021-05-28,-0.0032137469675020958,0.001119918716061985,0.0031576152995371753,0.001521450978813288,0.0012986580812854864,0.0005910165530118583,0.0019677217977318584,0.005012665179183529,-0.004620497843660365,0.010615104403938203,0.0050887512749244745,-0.003045313954159412,0.003023900106184696,0.004374720397444687,0.009721588205600096,0.008922764125221416,0.00013268648495490254
2021-05-31,-0.0013755330131344223,0.00039643512745324294,0.0023220075580761,-0.004853887624676756,-0.005183456274998832,7.601808466617399e-05,0.000994060030446331,0.010359768055269836,0.0004966626746576441,0.0019503856597351543,-0.0014761295843812583,-0.00010315737951493986,0.004265000142001041,0.0033439694752104288,-0.0010812052089215207,0.007759482136376228,0.00013268648495490254
2021-06-01,0.011642582775085453,0.014287336042367649,0.01610930575278191,0.017759106204050745,0.01724955442941689,0.017183716304530305,0.025079634114314686,0.002045756815919786,0.012388639381300193,0.012412185865316339,0.011215684629988454,0.00438311274692138,0.009561326590026953,0.017944285496058976,0.020814176245210758,0.012427840786336075,0.00013268648495490254
2021-06-02,0.0026449964890256084,0.005911632496475638,0.003947548878825202,0.006893930465284637,0.001940290093279673,0.004608759823389708,0.009312159614413451,0.0004482453929952612,-0.0012323512206339204,0.012164090380184511,0.007917030846680717,0.005835041853266443,0.004460290240134279,0.006747704303384117,0.009875859739333581,0.01057445906612453,0.00013268648495490254
2021-06-04,0.005470942315117577,0.007356868124545279,0.012769655606968078,0.0056904678755491656,0.007417066528712324,0.00986434454141194,0.010975907242269711,-0.004797500253661546,0.004581827621777945,0.013829868440039084,0.005398825483805991,-0.0027032323331069863,0.0036565874962337652,0.008122914155053174,0.007307747699197398,0.0019523211666994111,0.00013268648495490254
2021-06-07,0.004552487280359729,0.014086239968924774,-0.007409620407736628,0.0010031191620047952,0.007680711229412385,0.0008978199878213466,0.0032092516315156416,-0.016295763005305886,0.009600188055684411,0.0017259161582607874,-0.0035266805377118793,0.003867837388616069,-0.002295555662578219,0.00039203399902021374,0.009251743349445007,0.0028493614765898734,0.00013268648495490254
2021-06-08,-0.005272327133084231,-0.010351359673350102,-0.014859008026047671,-0.005892762721222522,-0.007958762886041582,-0.009506652125553905,-0.010571105000762748,-0.014556531742722978,-0.007583915616863113,-0.005688518973523737,-0.006733331925248387,-0.00829389533794933,-0.008792491787146695,-0.005586476773770888,-0.0054974180870996925,-0.008265613793199456,0.00013268648495490254
2021-06-09,0.0033921842029678295,0.0021433472060528036,-0.005027830097038,0.001333773728315002,0.001078630568165817,-0.00036967939536847183,-0.0014438877998503852,0.012236929122826812,-0.005490850692579041,-0.005379529633524838,-0.004624013904940383,0.002166818657073577,0.00012898831061258775,-0.0015043236761740353,0.001566901165755974,0.0031072774999190145,0.00013268648495490254
2021-06-10,-0.0031662624226042047,0.0110086460295995,0.012161315243948145,0.005485418670279518,0.01050878341862882,0.006078665784117199,0.008214704141117135,0.006899279663402869,0.016652690035044992,0.0019529456626685704,0.009358235825507322,0.009264079303196837,0.006676373311193862,0.004953933172342051,0.0024040226088233307,0.000969194163512821,0.00013268648495490254
2021-06-11,-0.005913169133065055,-0.014373325896031353,-0.01978690557834617,-0.009931222669668838,-0.01256981793623213,-0.014150209403095637,-0.013492694414592554,0.0019393369906430813,-0.0190004926244719,-0.010309159561732617,-0.013101669033526275,-0.005026327827134858,-0.009372216798229749,-0.012420711917015104,-0.007638723614594611,-0.0022538841847796753,0.00013268648495490254
2021-06-14,0.01494895557068654,0.0028760124658206987,0.012948478021044041,0.014054225978708423,0.013478673606379221,0.01123306220261,0.008630535048419263,-0.005045980870208022,0.011971774147641279,0.02307293238087893,0.010028122748440005,0.01527726333982371,0.010000086449236889,0.011469747830224364,0.010049671852155884,0.004898580619282722,0.00013268648495490254
2021-06-15,0.007255901524076069,-0.002222663477676301,-0.01092572563704819,0.008729093147115119,0.001468337950396359,-0.000963675886708093,0.0012325655779841238,-0.004017772896504068,0.0019100873306234778,-0.009228667704492821,0.006400120330522174,-0.002536470309764005,-0.0036651147314006316,-0.00047744211760969435,0.002990840266299033,-0.00297171160180032,0.00013268648495490254
2021-06-16,-0.009196196454176464,-0.005254783713458333,-0.0004579193213744004,-0.012586466213547864,-0.009499219232844802,-0.005479257039068597,-0.005716302217412927,-0.011422106778731456,-0.011609057157684899,-0.009971400885743664,-0.013900665896250941,-0.015897423467101546,-0.010869210775612204,-0.0045863897430203915,-0.006906221973349336,-0.008479473947599181,0.00013268648495490254
2021-06-17,-0.010597616728054038,-6.075383791381839e-05,-0.01280814333212732,-0.010333316847305984,-0.0012849832601127265,-0.00991832250276281,-0.0110762804117287,-0.005671280492021369,-0.0003544014703024123,-0.0159835678376562,-0.009637665240084248,-0.004360537116125829,-0.0069179195480529865,-0.006702040596715753,-0.011394058861281753,-0.009987090789234654,0.0001613700890652492
2021-06-18,0.006973023718152671,-0.000599055351160227,-0.0028901688091829136,-0.003690556458061822,-0.004306428398268558,0.0004751157628553049,-0.0009363299448463813,0.00811214125337334,-0.0006528243039057857,6.502463265678493e-05,0.003854784269563316,-0.0004127999392216086,0.002712124140308303,-1.12835561435487e-05,0.00404118624930172,0.005482556920997306,0.0001613700890652492
2021-06-21,0.006129659609645621,-0.00419114595139336,0.02314946440773258,0.0057969681299694376,-0.0033039014707736403,0.012219745751444577,0.011871916084445822,0.01263185966591407,-0.0021342147560206026,0.012603148430520239,0.003177944391562937,0.00015157729555870247,0.007421261972776261,0.009590632499686613,0.007333992222642749,0.006958668695513426,0.0001613700890652492
2021-06-22,-0.011093653415305216,-0.008754342086510158,-9.517975940875889e-05,-0.010190955858518702,-0.01378851890853805,-0.006036066203666368,-0.00526197951261731,0.003206112480656609,-0.006532502033776533,-0.014802682932112066,-0.010924244652278259,-0.009735899613888654,-0.005763531857491455,-0.0025804878329888092,-0.008440540267933172,-0.0019976812531626864,0.0001613700890652492
2021-06-23,-0.003968032007530042,-0.009272197911260771,-0.017505881532775547,-0.00963516336031811,-0.008470920125526415,-0.011470109073505985,-0.00812982805028184,0.009140594470634866,-0.013655891505702566,-0.0031413842542431514,-0.007482429872315399,-0.004817086023786943,-0.002630414641250689,-0.0054617786616409925,-0.007807262117786373,-0.00047795104934944543,0.0001613700890652492
2021-06-24,0.016363637669205566,0.006307164880408722,-6.69301239196729e-05,0.008436647281587106,0.003999311991305765,0.0070058023574923745,0.009241266804783654,0.00596111861557036,0.006083388780317112,0.006194460660863488,0.01530661022954427,0.0034206762835602422,0.007750213705976616,0.006529403251477772,0.012067507205786088,0.007248138844683227,0.0001613700890652492
2021-06-25,-0.01335355682784456,-0.018377037903219984,-0.021948466706031455,-0.016852980169174914,-0.019554791094070656,-0.018973858111111852,-0.018636224424183334,-0.004421414910608545,-0.017824614479331924,-0.02119793344919596,-0.01453863216452922,-0.0090559745150115,-0.014259979845801185,-0.01804210723863442,-0.020057649626566643,-0.013999849836742295,0.0001613700890652492
2021-06-28,0.013773160086355318,0.0019738193875344923,-0.0024400386554820352,-0.0006586110253645749,-0.0020135702889026996,0.0037337149801524028,0.0027102121596698225,0.0008183767296701117,0.0033680906248469977,-0.013187478004061837,-0.0018304719837313188,-0.005054847266350415,-0.002825408767971993,0.013115286791698377,0.004010469039273046,-0.0002779937016027523,0.0001613700890652492
2021-06-29,-0.002038658507870772,-0.009622586696952484,-0.007109721064182173,-0.007418006297107538,-0.007866208371455907,-0.0063056832172271315,-0.004735410366964787,0.020355099513084562,-0.010308076793896337,-0.01407225940379997,-0.006346369370444527,-0.009394127978748612,-0.0011473574845619616,-0.004117918459508041,-0.004860264471396647,0.001422426116661768,0.0001613700890652492
2021-06-30,-0.004903947925300023,-0.011281578868986841,-0.007999503864000279,-0.007441720656380935,-0.011682102309046316,-0.007147916967479406,-0.004720172632206254,0.006851174208262423,-0.008404001393231386,-0.009825555006069964,-0.0008506131322646437,-0.005513494873681024,-0.0020476068481257714,-0.0037564836264382118,-0.00545776055457059,-0.002433031583555789,0.0001613700890652492
2021-07-01,-0.004056589598578353,-0.004503705188143914,-0.007102583214048219,-0.0011555645526520886,-0.003376573099911462,-0.006318852531144725,-0.00577189074492368,0.0022175639924835178,-0.0036213478000189925,-0.019523854579396538,-0.001768565350917628,-0.012937814915451207,-0.007546223901881199,-0.011697506970981153,-0.004279516249157567,-0.010103165821574445,0.0001613700890652492
2021-07-02,0.015269481235378635,0.009429431688339207,0.014932165536774233,0.004467362975615785,0.010792411686370906,0.01248881962330195,0.014118324478942457,0.025397021635536143,0.00856641373252276,0.013030787360327256,0.01735608894442109,0.012542920647798939,0.015956578576027614,0.016371619732124643,0.011756325168888582,0.016179539748075067,0.0001613700890652492
2021-07-05,-0.003981907218440828,-0.0027045675282071358,-0.006102577373613749,0.00046070682775267713,-0.0018841344460484022,-0.004335165306296629,-0.0026722674130090773,-0.0009806341507483385,-0.0023940607331629504,-0.0025085263993870344,-0.003303843413081209,-0.0014710703541963577,-0.0024311518873931792,-0.0031122944013943776,-0.004353581201916867,-0.0053268942516472295,0.0001613700890652492
2021-07-06,-0.011900009668038058,-0.009066268014470857,-0.016587722184427944,-0.009862888091218935,-0.007862329608964158,-0.014027271004700803,-0.016802963947861627,-0.011915214640067284,-0.009289411115473434,-0.018673702218673593,-0.020141127414306736,-0.00934904693859151,-0.013926492636740062,-0.015796725993066474,-0.015194552024722419,-0.012096005273748878,0.0001613700890652492
2021-07-07,0.015093443905819015,0.011637548383547136,0.005045960513503367,0.015191590806630018,0.014898987952611575,0.01151963888274854,0.010043994515241517,0.01167818442544255,0.013631934694686265,0.011216280156845393,0.010431788217415194,0.011914512837353453,0.012297606079069823,0.012871346113505044,0.01612073195543151,0.013702515551034855,0.0001613700890652492
2021-07-08,-0.014770898525797826,-0.012320273943767779,-0.012026282102108987,-0.013722354350166777,-0.018634738094447933,-0.012792083464697401,-0.011670228446118314,-0.017032267679444546,-0.010704414450090849,-0.013803885855758424,-0.016525939117186028,-0.01574691255436156,-0.014922236191782012,-0.013700876828553143,-0.012623669085084388,-0.011601648224117578,0.0001613700890652492
2021-07-12,0.009849865708375427,0.01269544721248761,0.012253556597400683,0.010300319287354975,0.01880144297027786,0.010832218284901218,0.01490134083311001,0.02247717124394022,0.008895246538651813,0.03383748097335815,0.013799582915085207,0.018649112799804746,0.022574687727859866,0.01907989153115852,0.014056651262879916,0.01678271576060575,0.0001613700890652492
2021-07-13,-0.0015944616797279876,-0.00013217053929870382,-0.0064707741876144365,0.0021340944850050114,-0.005477158258087922,-0.0003692172566673868,9.420561794870608e-05,0.003180008890139696,-5.643371362440419e-07,0.00367354000213882,0.002510757479379233,-0.002651466585857132,0.003026508896106561,0.005015736543323879,0.0002564386088323989,0.004393744420871926,0.0001613700890652492
2021-07-14,0.0012473705368276633,0.0032036118712677197,0.0067403500711755715,0.003410461358314798,0.005877074878734012,0.0038240229357060507,0.0073968572632885365,0.001808972598776215,0.007366737099109288,0.004616376489079199,0.007448156583846233,0.007689751585499893,0.005490446408325189,0.007757991221259752,-0.0010960527986978441,0.0017791341559132423,0.0001613700890652492
2021-07-15,-0.004798968556031236,-0.004213055020174106,-0.013752743865438788,-0.0029785999014610987,-0.002230382886827309,-0.008335120285989928,-0.008860674686928638,0.003834068733654661,-0.004823476557473505,-0.00912243021853043,-0.008096627614604168,-0.007655330010419958,-0.003303414849956776,-0.005105275684937682,-0.010963135984327743,-0.005715703304788655,0.0001613700890652492
2021-07-16,-0.0003397404582790031,-0.006795307539110618,0.0024476534738531175,-0.0005667793197208226,-0.0015382644415217195,-0.0010039990298930102,-0.004131906213116654,-0.012026606136479545,-0.002059523436356625,-0.011441004799858212,-0.002786627546518594,-0.0014604445270750555,-0.008105451970673139,-0.008190392458111817,-0.006447005047138354,-0.012324939506944577,0.0001613700890652492
2021-07-19,-0.015623603781387607,-0.00466297595033216,-0.0046851490420165565,-0.007053999471278272,-0.003487104483112291,-0.009482027109625868,-0.011423974544922388,-0.014582717274777557,-0.007510792180463577,-0.00918139338864532,-0.01353371800565617,-0.006173488277908312,-0.011045698840765006,-0.012930040444093849,-0.01336585739890539,-0.012055998319302486,0.0001613700890652492
2021-07-20,0.008231312888776099,0.005296575933247949,0.0020331262918655835,0.008793060311189205,0.001989557627796623,0.004590925996735384,0.006269660556814216,0.005044567112385989,0.002168247914103638,0.014416612372912807,0.0075985833878826625,0.004796812211466328,0.006402344914123503,0.004938720010257969,0.0071328997411075346,0.00804343719579892,0.0001613700890652492
2021-07-21,-0.00474000731694757,-0.002139615782540849,0.002898215435798157,-0.004254381689976827,-0.00035084643921434733,-0.0020722771703498566,0.0009352755459604012,0.009841324704582988,0.00032953709551342136,0.004401410160263852,-0.0024427424012295473,0.001479786191569632,0.003489014927508638,0.00048556555044476646,-0.0007668360297186094,0.004979327049011495,0.0001613700890652492
2021-07-22,0.0075971894864019784,0.0022780672599411744,-0.002809440201277158,0.010387355905735252,0.007026642079535295,0.0018515068776761012,0.0015033551197838335,-0.0008250932963087543,0.004005075363292532,0.001418261115807784,0.008062213366458959,0.008715872074299913,0.0020683416183597814,0.0030924012423740876,0.0036030339814612233,0.0016631526156829501,0.0001613700890652492
2021-07-23,-0.007242734379883764,-0.006420069940594408,-0.016994378757319795,-0.007147126021394001,-0.008527278866045873,-0.010636140429189145,-0.013158302637417685,-0.009730592369343927,-0.009765889438483888,-0.010825397461851738,-0.013579983888067804,-0.00869390051993213,-0.01046349836227578,-0.011842104761263239,-0.009623292118134064,-0.008318413280495873,0.0001613700890652492
2021-07-26,0.0021326230592340067,-0.002105501404215504,0.0035122054597327423,-0.0016698442907887578,-0.004909113202585025,0.0010491465371866848,0.0025589645398504945,0.004758098461489224,-0.003958304375706656,-0.0029135850978203592,-0.005897641358103667,-0.0024348817075759976,-0.0013770174926964751,3.0222882177133314e-05,0.002231319076199778,0.00881783319174767,0.0001613700890652492
2021-07-27,-0.013136304494286821,-0.0017889392168199958,-0.004075706361299503,-0.0061781568080326865,0.000459899589230206,-0.007679549707123368,-0.00945080391841735,-0.022819780575175308,-0.0021351928432814526,-0.009899489038972975,-0.00948902150353892,-0.0035341938057816824,-0.012255992897078238,-0.014678450859658798,-0.008016318501488762,-0.012514529089343363,0.0001613700890652492
2021-07-28,0.0020798224316318503,0.009885193234590695,0.0031140066861952143,0.014843812661718747,0.019157336752683607,0.004624358328299882,0.007190573505390541,0.008922232370663252,0.006769040383479918,0.009064495514607085,0.016626133727535297,0.013778202364340242,0.009175816319854313,0.008423278703955761,0.011028783268290487,0.014615577547614889,0.0001613700890652492
2021-07-29,-0.007424769028241851,-0.010822143958453267,-0.027955503525015968,-0.007215590572801744,-0.012266576736919221,-0.015712685418675543,-0.009310123246338398,0.0030141991882868258,-0.009133458064359723,0.001883558749004477,-0.004709682154802053,-0.007756854267956803,-0.0010934530637154438,-0.004473560523396425,-0.007507427715645276,-0.00593496387337944,0.0001613700890652492
2021-07-30,-0.02188445530327987,-0.015235786050123323,-0.01745488477987367,-0.02266414463417943,-0.014700003908820758,-0.020605329735394973,-0.02201495443539503,-0.0383226118892247,-0.015603173275747118,-0.022587146979106798,-0.017796598670770325,-0.021892183990785408,-0.025839096188032484,-0.026224909087092407,-0.023291358589570654,-0.0340594576906863,0.0001613700890652492
2021-08-02,0.008591153184445588,0.007259883119204336,0.004129768309173221,0.009509781848975996,0.01110939992597304,0.006839221854567645,0.006669883674587096,0.0008225511973947164,0.010979249002460945,0.004131380416961816,0.009180010314969511,0.009315955656089558,0.005383178839598379,0.008362055604749896,0.005863268479387562,0.005815176304890146,0.0001613700890652492
2021-08-03,-0.0025597985206118334,0.0028253520339576177,-0.0016105023260153395,-0.004206566059425709,0.00044089079090259276,-0.001606623687519182,-0.0027608328384091108,0.008212156724987763,0.00457975348126527,-0.000515042097133378,-9.556777628783042e-05,0.0037238069001146457,0.0033333930614134477,3.923663360638763e-05,0.0025342796625915653,0.011229330943666627,0.0001613700890652492
2021-08-04,-0.001556434912523108,-0.00882963482939958,-0.013314037864882833,-0.010005631152733119,-0.005974640959638622,-0.008994275944827157,-0.011649803308422135,-0.00296684425410243,-0.003763183373409973,-0.00615863192950139,-0.011387511136352058,-0.0011586384650575932,-0.0052966690621104595,-0.009563915180051508,-0.012775273791167607,-0.01262704425695238,0.0001613700890652492
2021-08-05,-0.012101427604251591,-0.008548512902690986,-0.00908579005107324,-0.01227261018994208,-0.009974313382265287,-0.010630227506022938,-0.01029190385056522,-0.015203570820678025,-0.008591190998894604,-0.01958428422237435,-0.010948915910067969,-0.014663342734629659,-0.01424046721460448,-0.011565786214110307,0.0034266290880511363,-0.004850017613381219,0.00019929650834193957
2021-08-06,0.0011248274964157368,0.007469804663351676,0.015374923712868638,0.0051719048678124935,0.01065211933212784,0.008281566521028738,0.009110131441450342,0.00885004759285768,0.007227506471013001,0.011382524533281924,0.012301483309440586,0.00874988664956411,0.009380583485654848,0.009548753812415267,0.006066547431071712,0.009177740879577234,0.00019929650834193957
2021-08-09,0.016948622591075768,0.009994930845285799,0.0003487562587667359,0.01151134071182014,0.005506167079150526,0.00867055590168997,0.007617878736132955,0.004514375534582005,0.010633203407211855,-0.0001880730391257135,0.0018282835570953004,0.005824731187704435,0.004092285908533944,0.005431137588383983,0.00504067499919425,0.0011161567886632806,0.00019929650834193957
2021-08-10,-0.005382694626293816,-0.011932361835462757,-0.014754856298260899,-0.012125003574738669,-0.014776192975779479,-0.010716680756083785,-0.01069695681344951,0.012413498477821472,-0.012437478403247604,-0.013433954621543842,0.0006718469343103273,-0.011429678028178847,-0.003619566394153062,-0.008601859063816497,-0.008587597939568536,-0.00470822319849451,0.00019929650834193957
2021-08-11,-0.003259434285091234,0.0022574059151254655,0.004439242620380757,0.015038280090668321,0.004605853817054362,0.004871856794606222,0.001459764790037621,-0.009662467661684104,0.001976840137356106,-0.005813010846188793,-0.01831517407779082,0.003577814628109577,-0.008979270282494456,-0.003591334432538451,0.001853828716180006,-0.0021329862677429423,0.00019929650834193957
2021-08-12,-0.010924312690843041,-0.0027841031042354913,-0.007829368525154368,-0.021599973509599968,-0.00615042115837483,-0.011700268729511243,-0.012687934886342345,-0.022966442212106197,0.0003300276455653339,-0.010623641997746569,-0.0133566311047153,-0.005094444340639992,-0.012735384503815173,-0.013309718365536516,-0.008593796570429357,-0.010369047763402084,0.00019929650834193957
2021-08-13,0.008332843614000218,0.018554276665062375,0.006672391126432586,0.009010364954356476,0.016050528005062015,0.008600096142239,0.004349478673215668,-0.012570818507617543,0.010555281195146815,0.004993717306082557,-0.0018261354400502805,0.007780337022656569,-0.00045977997599699894,0.0012627070783799432,0.007110002104440349,0.0024582217178146237,0.00019929650834193957
2021-08-16,-0.019921830743435565,-0.0011035271962678284,-0.009147564950323539,-0.014395677254977035,-0.005029278844574603,-0.013540565593429865,-0.016217064991484453,-0.023735448549206617,-1.8615695218771044e-05,-0.022371655821907477,-0.01176909789615821,-0.00292516682170596,-0.01465603883062272,-0.020715645014468875,-0.016629601436837338,-0.014476727841641668,0.00019929650834193957
2021-08-17,-0.0019881193046424883,-0.00478765146979232,-0.014095565180396008,-0.0032055384082554372,0.003575515740104729,-0.009398752764830043,-0.01087894191758898,-0.019469726176362778,-0.012641694316467889,-0.023750831627022184,-0.013129601244656341,-0.007059112186294181,-0.01940704587335873,-0.015978512005574874,-0.004826603998391077,-0.011820183453525979,0.00019929650834193957
2021-08-18,-0.01143650080062375,-0.00618700503666747,-0.006696412821671993,-0.004209030953508219,-0.0023230769659254857,-0.00862348603153329,-0.005423113242048028,-0.018496990642172806,-0.000833858613060956,0.0072911111660758365,0.0013720849689828896,-0.006806708516922333,-0.003632942588545851,-0.0049943020556894036,-0.010432103629629874,-0.01300543404721799,0.00019929650834193957
2021-08-19,0.018766583064055542,0.014740326869693954,0.01697878651320006,0.026777161301445362,0.02406709546292385,0.018385979909185002,0.018972832902875325,-0.010518921892470612,0.028211518656455548,0.015899466714973443,0.030058566790175822,0.017602143031281603,0.01091841583096853,0.016330246544025817,0.01268183417801838,-0.0016679876121867832,0.00019929650834193957
2021-08-20,0.01346890244482446,0.0166868683777055,0.012893626682870307,0.014320722163866817,0.019517443345768548,0.01171820590417827,0.010865766850024938,0.011451231564675979,0.017127587922466603,0.01801260558673201,0.01805033146607382,0.022072173445911947,0.015900078733896317,0.014844461549829102,0.008061202230147613,0.0071848276564814295,0.00019929650834193957
2021-08-23,0.0014124067652707684,-0.0022547051093713133,-0.0004343202063057383,-0.002159370080640821,-0.007861375008154425,-0.0005192355181187214,-0.0010935657817392475,0.0025324498690442176,-0.012471612602799942,-0.01047684638771973,-0.009677054774200111,-0.013977194032703144,-0.0076670390672626265,-0.006214042838930012,-0.0018142381206405211,-0.005743059728492983,0.00019929650834193957
2021-08-24,0.02238707197379708,0.015978519863652396,0.011722446223254579,0.01621739415400958,0.018402318706624232,0.016633093757950412,0.01863981569505757,0.02732119710715053,0.010255414884065006,0.02002972778673029,0.021464474330265437,0.01804691188723373,0.02148041741226625,0.020878939446703493,0.021961677981098715,0.024220867376983257,0.00019929650834193957
2021-08-25,0.014774535706983949,0.005839944440086509,0.006306231359548997,0.004247566673249548,0.0042303961237479815,0.008236813574184154,0.008671757211560216,-0.006098047061274703,0.0015790168029086171,0.0017704071682418387,0.004077146462412529,0.0023430772190531357,1.0325614258066551e-05,0.005259596631074226,0.009698990880679048,0.003713575409758585,0.00019929650834193957
2021-08-26,-0.010147235999057203,-0.011731151116659233,-0.014456384224134311,-0.01157574932537353,-0.007741628682482515,-0.01428860248638486,-0.014833764116852777,-0.010742805003906009,-0.016166091141924577,-0.018921773167579148,-0.022820030538963976,-0.011650122384815442,-0.01586174741378954,-0.02030551257366564,-0.012212490991486136,-0.01633259625314787,0.00019929650834193957
2021-08-27,0.009929909718733976,0.0064693818602270525,0.0019430267909728016,0.007627073922077843,0.007407139186201617,0.006248820047293657,0.010292914475881876,0.03905933713895671,0.005560992556010058,0.008294252692692128,0.017326866160790155,0.0032489790670815477,0.01860378654885886,0.01557849797345856,0.011099679474496416,0.017723040010974467,0.00019929650834193957
2021-08-30,-0.0016101161292866317,-0.004335222502694247,-0.006666937894911129,-0.002424308531162489,-0.0029452970357018993,-0.004101806165086708,-0.004722669111386524,-0.010075451709667504,-0.0032907112320453846,-0.014103775802505547,-0.007556955273347987,-0.003446465406258148,-0.009802930687573763,-0.006976105889721418,-0.006464884644737046,-0.007721754216636678,0.00019929650834193957
2021-08-31,-0.012264108748210933,0.0026969064334876336,-0.007537684890203122,-0.005579514922370188,0.005985050197402808,-0.00791700499892034,-0.004098160839155152,-0.02217658812015555,-0.008494159354733744,4.850295182223796e-05,-0.011690729946216005,0.002321789952567377,-0.010883611719058828,-0.00813629124498505,-0.011027103680378958,-0.009023676959098448,0.00019929650834193957
2021-09-01,0.01642497743071636,0.004747968635518296,0.007124931693564873,0.014633915783070384,0.011362911791187758,0.008037051974774778,0.00882977857710765,-0.010459470820230576,0.014543236091298706,-0.0030006162912104006,0.006651550204918921,0.015733874095687383,0.00015530372796357383,0.0010156539423384903,0.008120447495904903,0.004601724586233535,0.00019929650834193957
2021-09-02,-0.0191259477392679,-0.020386233231972417,-0.028895255771906547,-0.021123141876510543,-0.017292280014377992,-0.02438729329825229,-0.024530232601095325,-0.01459003914865542,-0.01190769193989627,-0.029056874771549723,-0.009776702706415286,-0.01298603323159453,-0.01842110683261966,-0.021604093437955774,-0.02413053999861714,-0.020254383008603716,0.00019929650834193957
2021-09-03,0.0009021358561285275,-0.0007416472175790778,-0.003820701889007405,0.006196769138768321,0.0011377266689647225,7.59693434304598e-05,-0.0007839691817340677,-0.0036702346961824395,0.000879489694827873,-0.008373832745658172,-0.005016823589779951,-0.003411431634173012,-0.003518768668693606,-0.0032509424976918666,0.0038361100427133366,0.0011235425970494983,0.00019929650834193957
2021-09-06,0.0036581260120973624,0.008015608710800981,0.02308551441393858,0.01475776473031587,0.006110360374282697,0.015712978920428444,0.014109504600976708,0.0012971016465201934,0.006070021702050399,0.012638131140837006,0.009347514399377976,0.0021083944128303944,0.006729344376952495,0.010517604454596485,0.009717474817750205,0.0069467461305599,0.00019929650834193957
2021-09-08,-0.016908371849155945,-0.029524394300542323,-0.055294044043848634,-0.025152561522852834,-0.028278708087781212,-0.036974930205887935,-0.03769994346173444,-0.029498172071074746,-0.031956607824368266,-0.043062181453115134,-0.02769334342844998,-0.029750205220653747,-0.03448975297094059,-0.03827119413479263,-0.03525537805538714,-0.03644351338555507,0.00019929650834193957
2021-09-09,0.02115906147259161,0.022342969384735456,0.03202874251742727,0.025830176107249025,0.02311077153099128,0.026561360017881563,0.02473725345617006,0.03115546920745782,0.016820071976963114,0.022455193981119503,0.03339668146781638,0.011332145594752374,0.023710536115694403,0.02298827509472301,0.021811867788355865,0.015685713041484917,0.00019929650834193957
2021-09-10,-0.00858841372138508,-0.009886310145163835,-0.00794183468596088,0.006715995690644183,-0.00288381562223472,-0.006437339326066827,-0.005340850010158937,-0.021710376645304397,-0.0024819894735009784,0.00022037670535768328,-0.009361020815995214,0.0007814038092195386,-0.008444566085290761,-0.009021560862836786,-0.006121001848709562,-0.008741545487768398,0.00019929650834193957
2021-09-13,0.009505978412021943,0.013437213051575858,0.018966094601326366,0.01107522266069827,0.013646548451121454,0.01451860513110681,0.015601450131767614,0.022294448875863182,0.012872448351397114,0.03011665768296745,0.023908690671696986,0.01825812117849246,0.02340353821542318,0.02464340042764812,0.016175185308814122,0.017625026370414965,0.00019929650834193957
2021-09-14,-0.0015161977959935458,0.0006853212583339818,0.003408316938869005,0.005158855076261126,0.000680239221667156,0.0016940404112364416,0.0024177350579339674,0.003139181681337977,9.80651507485053e-05,-0.010795185198165025,0.001695791252184442,-0.0007664102218576385,-0.002417658510000864,0.00031170104553202016,-0.0010757244841412827,-0.0022631619468005404,0.00019929650834193957
2021-09-15,-0.015060857610202483,-0.011602845212503543,-0.013999341318402081,-0.00786545476724243,-0.011369099288438655,-0.012737132129239992,-0.009835038436573518,0.00158011468080832,-0.009520081102675992,-0.011496868160962515,0.002836636912974644,-0.010365864844230632,-0.007068316420088427,-0.006777179832118008,-0.010437480545821498,-0.010529850350372016,0.00019929650834193957
2021-09-16,-0.014834126293484684,-0.004982549565443084,-0.005334566042475508,0.0019176119929811275,-0.001205437543546739,-0.005545814335137789,-0.0050164004880935975,-0.027952034475667076,0.001816023847159176,-0.010879097676814387,-0.002235947566736396,-0.00253996024892833,-0.01153123197833883,-0.007407387440384272,-0.008472555515532165,-0.012660785703072608,0.00019929650834193957
2021-09-17,-0.014532892593796976,-0.006053911495231712,0.0023442746895532274,-0.004654955226616853,0.0026865741229666895,-0.007460777554465281,-0.012391499284577168,-0.03776554427374834,0.0001666208672332914,-2.62724070611009e-05,-0.013520045099676747,0.0010893716714084345,-0.013524186935358395,-0.015912152812378233,-0.017826716537810094,-0.020421331634058237,0.00019929650834193957
2021-09-20,-0.020054232846867026,-0.011761566549914004,-0.015058992557755224,-0.009446285607203397,-0.0041265401770719246,-0.01765118025484269,-0.025219655763760396,-0.03375561177565123,-0.010059694956717324,-0.00988321179527707,-0.015225248793661939,-0.005340071611880548,-0.017703575916651948,-0.022880066722258174,-0.016074247341797188,-0.023838615790067186,0.00019929650834193957
2021-09-21,0.01644222535905393,0.00541114916998664,0.015892517326738353,0.013969657357465026,0.011802315115162942,0.01382262717026883,0.013718217972151558,0.012681738863705938,0.007250029643964817,0.016761457942360503,0.013985157453604069,0.012753431607480437,0.012455903708186167,0.015390083764889484,0.016037698386434984,0.012987887379083629,0.00019929650834193957
2021-09-22,0.020275237018205994,0.008212732380636023,0.009919609920438388,0.014162009022587796,0.017988882971476494,0.012580559607574315,0.010450071059976862,0.03547712682439119,-0.0003505719615728431,0.01789014095867625,0.01446698532302948,0.012420747319919823,0.016663346583357663,0.013060355799666024,0.013905933667367698,0.018925310596233258,0.00019929650834193957
2021-09-23,0.008723177112642144,0.00950897209784518,0.008201697891566662,0.010908437608390331,0.0015356731309941196,0.009480995810195347,0.009363817040814348,0.02698053967621261,0.00040111950379650985,0.0035037771150547847,0.003088695542576403,0.0012276130912345362,0.008544635137576861,0.009206659229332281,0.018065941973119504,0.01479501489359003,0.000236865358333338
2021-09-24,-0.006303977068171096,-0.008617551017860214,0.006802763725652028,0.0017792966323657566,-0.006356929541619261,-0.0004659725237465828,-0.00013966824819477974,-0.00298021512104929,-0.001841877822647775,-0.0030769401866131973,0.002593237633811807,-0.0006936387005752609,-0.002168854971661305,-0.0020018089094929747,-0.005891558966074184,-0.00718389358776772,0.000236865358333338
2021-09-27,0.0108060029198358,0.00046065801526307126,-0.0019615201176177433,0.009142718047650211,0.0043140195658410985,0.0012460970492440548,0.003418939309063118,-0.0014555616294272822,-0.0061626095257143465,-0.00010861301131304124,0.0013747770188774489,0.0046712378111708475,-0.0028267644222322863,-0.003890027589604772,0.003283175818762585,0.0028584820734141037,0.000236865358333338
2021-09-28,-0.020965868000949017,-0.017047495680915237,-0.023487231560143873,-0.007869237022485764,-0.013576370789146308,-0.020467200362032645,-0.022468635903586498,-0.059668806049370304,-0.007991943061151141,-0.029456266768164263,-0.021345379937245612,-0.016734078892329807,-0.033431469219656895,-0.03257877103896323,-0.01972064112330718,-0.031190731906234226,0.000236865358333338
2021-09-29,0.0017772178051425058,0.007102382187685219,-0.0027889759397088376,0.003992075158064212,-0.005333646454562246,0.0019558639575867343,0.009298707091839997,0.010409110866008042,-0.000776860462462392,0.0004884142108385614,0.0036883361509860713,0.0019196317189069667,0.003169972108805208,0.0048701481993371765,0.004869270667936965,0.008932114735753949,0.000236865358333338
2021-09-30,-0.002903897378847109,-0.0011980274169240968,-0.002324399771029384,-0.009023270704937136,-0.0071524700581293565,-0.004721891508182363,-0.006514492307645892,0.014609967844007477,-0.010595362953821352,-0.006528650481165688,0.008093309127851223,-0.01011584137756838,-0.0014885994538462732,-0.004604818770393759,-0.0020862612502665634,-0.0006123734895876476,0.000236865358333338
2021-10-01,0.012517053372801845,0.003719380689090057,-0.0015571073071956043,0.010853259831093531,0.0061898023020368065,0.007477798146647174,0.010585560278926431,0.029775818301688517,0.0037613801760301158,0.01999190307984766,0.01665819986401451,-0.0019752986883502244,0.017574797722751168,0.01885696711992102,0.013573600479916292,0.01610439616590753,0.000236865358333338
2021-10-04,-0.020291642799412313,-0.030761927523130228,-0.027195152055618177,-0.01654150127952403,-0.013865259776049688,-0.02921584084514628,-0.025202774561773333,-0.044128894540405916,-0.01731034257932429,-0.019871319719793612,-0.019438938107512627,-0.01151480486107137,-0.028118728763335654,-0.03361062194151809,-0.01848996502173117,-0.021378519699595255,0.000236865358333338
2021-10-05,-0.0077031069535337116,-0.0017337921822210278,0.015752802368748542,-0.002930750787539238,-0.008234314773150175,0.00401229291228522,0.003516859502112446,-0.00879842850031809,-0.0067319889966311885,-0.006991196602929128,-0.008494179032954907,-0.00845669204067001,-0.008273392885087327,-0.004760512741700085,-0.0008436984011139792,-8.514836305972828e-05,0.000236865358333338
2021-10-06,-0.0024617088916770724,-0.008079285446875861,-0.006874798180859454,-0.004459353489383311,-0.009425989965187176,-0.002908221669854827,-0.006015597781846349,-0.0024233774950381815,-0.001641776689585428,-0.00800080829858929,-0.003384836831358262,-0.0001422741013243911,-0.00485349323135309,-0.003999753660392624,-0.003887916118404,0.002420882789774259,0.000236865358333338
2021-10-07,-0.0058437871374549255,-0.0010927318184934531,-0.002548100825076949,-0.0046311884590227725,-0.0009151860030669479,-0.0042196715325798495,-0.0036947033759651138,0.020154156716173155,-0.0011854300046347799,0.0035597952803501087,0.00034125497363768353,0.003425163440887946,0.006583416345407711,0.0002156283613599097,-0.0042177305905083395,0.0015153293368013188,0.000236865358333338
2021-10-08,0.022163885073653633,0.020911552141668066,0.02337286213996581,0.022693919342779978,0.024608784010459406,0.023106017083813546,0.022022733653041637,0.029232185655614362,0.016974190856288818,0.03261849733396094,0.02348387533258056,0.020210634386290893,0.02753934920881096,0.02665541919242087,0.019713013618143593,0.019402319876621776,0.000236865358333338
2021-10-11,0.00038773765228516943,0.0022186654620242052,0.015989002436389788,-0.004202944299938394,0.0036798544575422643,0.0030057891461789943,-0.0009877752509391824,-0.007066578767233933,-0.004296731390158959,-0.008237716010142226,0.004780210843195798,0.006499839065120749,-0.005910999869962574,-0.007684213662657702,-0.0030269351129594835,-0.004399389538533138,0.000236865358333338
2021-10-13,0.024113146243690764,0.015510762310781967,0.02751460472970524,0.01980492504472875,0.020236171614982368,0.022963573176021823,0.021807547837834784,0.005447962280242136,0.019506288919375114,0.0260151236862618,0.014908006737355706,0.017077767451100234,0.017312090294238303,0.02210005917198643,0.020004520795660063,0.009163413123894903,0.000236865358333338
2021-10-14,0.0010774536527029532,-0.006149828715113492,0.0001719112428388847,0.0005298308074914715,-0.0017976842573865781,-0.0018198008147620737,-0.003795191687983257,0.011765231496113637,-0.003777050115218783,-0.010235075230285773,0.006232109634458638,0.001277618101044764,-0.00041074926055761907,-0.003110619908125112,-0.004749433392092661,-0.0023145059860761874,0.000236865358333338
2021-10-15,0.005856304055868344,0.008095212774414495,0.038403849160282055,-0.0007965964688027016,0.0030152271134318287,0.01978517328325502,0.017912915610043934,0.005652954697332069,0.006077107417252092,0.010165433330996843,0.0003877528565581212,0.0036843216658777322,0.006966998363310939,0.014565037194718577,0.01020459801525253,0.01293599093992115,0.000236865358333338
2021-10-18,-0.009351631757980705,0.005078351755727573,-0.009701542066373081,-0.002747219703219561,0.006229459926160752,-0.007192601286284739,-0.0015858910156960615,-0.015037341731188536,0.004679021060849831,0.007108996754181751,0.0017268021648846332,0.004483807656888272,-0.000650865696712355,-0.0013392278099564336,0.002477163259836823,-0.002123083242478785,0.000236865358333338
2021-10-19,-0.02912564304928389,-0.024177116228666584,-0.026262005698144963,-0.025621883091429654,-0.02008821645378056,-0.02855923011163075,-0.031990038444323576,-0.029066089753478574,-0.01299157927356398,-0.03898342842343716,-0.027933261233612616,-0.016031392906296404,-0.028660696559192567,-0.03402630741546053,-0.03356269800817513,-0.031389323620111265,0.000236865358333338
2021-10-20,0.0029546915533400497,0.012121677789104002,0.003551059617729946,0.0011184384343323472,0.01028373095753099,0.0036247728544185343,0.005200393412384763,0.0012021480815260777,0.0015761516075170068,-0.0012804510746854403,0.0004574016034992745,0.0006893317357636874,0.000163109595710198,-0.0002633685399102692,0.00664420906766483,-0.0008784925364078155,0.000236865358333338
2021-10-21,-0.033024962292094284,-0.019395775849442964,-0.03871608639849933,-0.026683663819405012,-0.025923357977570394,-0.033093043883289264,-0.0358541050657899,-0.03951553615995551,-0.010128435606720165,-0.0396259849774655,-0.022456048812930396,-0.0233984318855045,-0.030035092298925203,-0.0363415096175318,-0.029958420332175106,-0.027147173507016564,0.000236865358333338
2021-10-22,0.0017303303357052435,-0.010507602220207968,-0.02886446669389242,-0.020842843122340415,-0.018855940862172127,-0.017044935502303682,-0.02032588424229087,-0.0007222871424575894,-0.009136768954236651,-0.022703589760340148,-0.01191996864316236,-0.013350083220601605,-0.010516639781922965,-0.017414586305890323,-0.013468075868130924,-0.011952137504722904,0.000236865358333338
2021-10-25,0.007643274618680307,0.017063915831862175,0.021106846398978973,0.011252615562436175,0.01244489630736001,0.016162869097105625,0.019804193460229103,0.024718669277815408,0.020736386842739707,0.02888189829732357,0.021020416872159275,0.011975423903159088,0.02339987840982949,0.023421470375909914,0.020637591547443712,0.022424072706682452,0.000236865358333338
2021-10-26,-0.018159895256284475,-0.006166407092046633,-0.016912781628021678,-0.014382645614287926,-0.0058809967759965165,-0.018471469802941343,-0.020163375974188602,-0.024095908368844232,-0.0038322359275200224,-0.01792343347671632,-0.013635766927881932,-0.00538649138626579,-0.01694832083358233,-0.025452228536753108,-0.017696043501239767,-0.020932727813386287,0.000236865358333338
2021-10-27,0.0006001125123926698,0.00171554962023035,0.0034736198346718705,0.014136178434524194,0.004665257792366262,0.003582973342790341,0.0053887056410502066,-0.02259568337754092,0.01709901303197836,0.007615656467580223,-0.0009645442643259061,0.005417627619793475,0.002472270127308329,0.00589944767640338,-0.0008753121812939968,-0.0016199877368292537,0.000236865358333338
2021-10-28,-0.01750921242481307,-0.008972376688329842,-0.013333437473240117,-0.013125900433489157,-0.015773316483853494,-0.014000637685877781,-0.011519476540814533,-0.024186527950153414,-0.012627864876623818,-0.01906393794396455,-0.03416939968275756,-0.014563020611584987,-0.01999153472583104,-0.015088042613525143,-0.009521666211212754,-0.006702819775036506,0.0002925627795029584
2021-10-29,-0.0003320951972114461,-0.002524045076785275,-0.014018950331898372,0.010266717780941459,-0.006438023544311999,-0.003336829991704815,-0.008640566669947503,-0.039361370366385984,-0.003967087437376393,-0.013020687969176215,-0.015206036381824606,-0.012172225405170933,-0.019287041897257273,-0.016462223209952498,-0.017525020286718984,-0.021239239112259223,0.0002925627795029584
2021-11-01,0.003002948382170967,0.012678155334790553,0.02037959781733467,-0.0004570853869544367,0.01195589236957284,0.013021128296247797,0.01320152498363325,0.03233951471980889,0.011565017554534318,0.03144522340026956,0.011453926226385969,0.016841615284608036,0.024420331658555172,0.022088748969665284,0.016995162724622315,0.0190760693100962,0.0002925627795029584
2021-11-03,0.02112169224414462,0.032150541448179526,0.008842839539148661,0.026977861472615938,0.03254364402383958,0.020252270725355626,0.02015112038812661,-0.00722383575715857,0.01515385979538042,0.022432498686481228,0.021794733624812324,0.014623060656223874,0.012618473445887401,0.019472295419736163,0.016597454208785223,-0.0026443150561424877,0.0002925627795029584
2021-11-04,-0.005691137245802502,-0.014429844174210227,-0.03555267744781376,-0.0005447909095313008,-0.013535032471622022,-0.018308559855284012,-0.02013068479412483,-0.015593734528207448,-0.008515793728598231,-0.03906703214615648,-0.014656687154313452,-0.027099320587247844,-0.02004543315213314,-0.02100392157658948,-0.021609746355102932,-0.02147611956269746,0.0002925627795029584
2021-11-05,0.010971925022442486,0.010433854876768844,0.013728991396429135,0.001070487856091873,0.008545847146506746,0.011971487137922399,0.015431574527955183,0.041603161127191646,0.0038377131285622923,0.009194677082981162,0.03714946988850709,0.0050484865571871484,0.018978023512007836,0.018594968202943596,0.012631664897525985,0.011350668493818494,0.0002925627795029584
2021-11-08,-0.006140967810170483,-0.001505229151140819,0.0019922002207855005,-0.0023409497636739385,-0.0034044016335275096,-0.0031945023797839145,-0.0033500109103981046,0.0010031573784630154,-0.0005370375649708103,-0.0033861277224974673,-0.007263210967332512,0.002687219866129853,-0.0028935879764667716,-0.006280917615017589,-0.00666037720635082,0.0025527311768176464,0.0002925627795029584
2021-11-09,0.003501499802774255,-0.001038534386166634,0.013540012757412567,0.006046008465906638,0.0027276896253189964,0.00783220873751378,0.010087505790023599,-0.00952272660286313,0.014092613140388677,0.013410023874943722,0.0040159599810880575,0.008224564622515862,0.007419692660095567,0.012350842831189812,0.011837986000059475,0.005534435576774799,0.0002925627795029584
2021-11-10,8.669931248617146e-05,0.014526597487790394,0.016544813179324658,0.0010915018030304147,0.014649553764952916,0.009072921158594038,0.0022801263405785033,-0.007656962707049519,0.00490082488487209,0.015005923739807248,0.004502247181476626,0.017241494412698843,0.005857295888491931,0.006908356647890246,0.0052520671323286194,0.003670731353055512,0.0002925627795029584
2021-11-11,0.01625228335501716,0.010934655444167385,0.006881359734612458,0.005119207374967738,0.0062568407467753495,0.009910104716838841,0.008070335497738501,0.03321431824218335,0.0004985009501019544,0.02371382179575754,0.00660822794093896,0.010593672953135291,0.018524200224552034,0.016556587169304304,0.009994360382217238,0.01623557265331388,0.0002925627795029584
2021-11-12,-0.014722286239914895,-0.008134528775752603,-0.007502877457330137,-0.012996267714378895,-0.007083036031219625,-0.014494819116883773,-0.010426175586119135,-0.02670706289887481,-0.008069867403148412,0.002176945575197431,-0.021554025513486286,-0.005779979142377378,-0.013090802222135656,-0.013214824148916171,-0.013619758263118675,-0.011015712633202557,0.0002925627795029584
2021-11-16,-0.024240912733608067,-0.01217541926798582,-0.006337592286074556,-0.024797556086928907,-0.014978680361205088,-0.017401671255364737,-0.016707981147512485,-0.035805512248683224,-0.012578222383333837,-0.020647740460823294,-0.02619884366419578,-0.01756088036214387,-0.024598310989936922,-0.023468265999597726,-0.01429113106078006,-0.018928939552731228,0.0002925627795029584
2021-11-17,-0.014628849037638392,-0.012866502273562785,-0.027113497471607517,-0.01086557062356841,-0.009515984942463085,-0.01994434520034516,-0.017887922785348342,-0.021186249820660863,-0.014327485408848872,-0.014357602745008968,-0.017420937404944103,-0.014437426571172085,-0.017964713556724576,-0.017227002602814734,-0.014300574840307112,-0.01420762066045722,0.0002925627795029584
2021-11-18,0.006366097718169206,0.0008431215719428842,-0.002794465497669152,0.008608944398666107,0.0007629813075717973,0.0024557466035088904,0.002256421992740565,-0.031708634977215766,-0.0024941631938019126,-0.00445357817037384,-0.006052720561622871,-0.004097232126900829,-0.01091035189845968,0.0004003211823309094,0.0025174033369335103,-0.006765268810406622,0.0002925627795029584
2021-11-19,0.007146226884884088,0.020970634948285216,0.016930257017650385,0.006739283588053313,0.02048898003396382,0.01277193760335793,0.00993693381393812,0.019793029371064197,0.0010786334356007732,0.01080823495945249,0.0028314325134521923,0.013503362303438404,0.010777536767291762,0.009393142945837818,0.007535987148523882,0.007055336679356428,0.0002925627795029584
2021-11-22,-0.025691782867963364,-0.011041762829838708,-0.013770331628857657,-0.02230069334594198,-0.012079761321559856,-0.01804763382897001,-0.018422873379472127,-0.015096623864319314,-0.014589425914171783,-0.015897246674078325,-0.022041658237622053,-0.004654121946276346,-0.017674692188595298,-0.019192246848066197,-0.01956836411523355,-0.005932373778477329,0.0002925627795029584
2021-11-23,0.00992114185367643,0.0032867756783385715,0.01347820555590662,0.0075975660289566704,0.0030741063342230035,0.009812192871912151,0.014124065610152448,0.0186688711122196,0.005312764799854097,0.007792964114526901,0.014605418984250162,0.011085703168010497,0.01019751923502854,0.009041049638129905,0.011641782760726027,0.015423245442273359,0.0002925627795029584
2021-11-24,0.0003116440302286527,0.008582196223056116,0.004843809094966733,-0.006539018852895984,-0.0004249489170148335,0.003264071507898647,0.005133542792982171,0.009841189498920988,0.001416234002622252,0.0060221677575253985,-0.008351139053795698,0.0001417446545908252,0.005341707264523654,0.0053048864485247815,0.004068196469474872,0.008635795652020217,0.0002925627795029584
2021-11-25,0.007333524089127241,0.013099957906957727,0.02327622728965606,0.0037712157820033454,0.012946814866544587,0.014699069448307567,0.015334248479615065,0.009299519422441005,0.012980068841582648,0.025676457026083677,0.013094740879854072,0.011312285163852298,0.01664412159106332,0.01771479174740409,0.014939155997792497,0.01145389629055149,0.0002925627795029584
2021-11-26,-0.024296564870355697,-0.01722029595389407,-0.021547438392974905,-0.02352636673686237,-0.016942436306954356,-0.02320658180282409,-0.02587689716200048,-0.04599620597955645,-0.018513558386293982,-0.03699492673484195,-0.03277634853025668,-0.01618606805242151,-0.0328161441223388,-0.03305798692923778,-0.02788799577911416,-0.03327342568983849,0.0002925627795029584
2021-11-29,0.010240820529782368,0.005142835321464423,0.0026360703851460165,-0.0007227095368207426,0.0022675286464841626,0.003565163720016473,0.004867127225151702,0.023738207988866167,0.002345437968810593,0.004352032830438057,0.0009701751436566042,0.006079380016026148,0.007815545402075186,0.0037551101324122538,0.005200400968083052,0.006190057539241511,0.0002925627795029584
2021-11-30,-0.012838497868104981,-0.0057094390027160324,-0.008585119186688472,-0.007002308664764367,-0.005830163404734079,-0.00965048980416694,-0.01091444858150048,-0.01384231897170296,-0.010055504606786836,-0.003989901102574245,-0.016257067486500798,-0.0075439749200451045,-0.010800653477720301,-0.013931777778294907,-0.006079822811869917,-0.008098159116493031,0.0002925627795029584
2021-12-01,-0.015315018569545535,-0.003497645413519823,-0.015013175379918087,-0.014948935718304246,-0.0009480313117055106,-0.013158973161132681,-0.010609619540471793,-0.01546578571302315,-0.013331918869697534,-0.013417066966735058,-0.006317081361320809,-0.006026690268128521,-0.014330585232916415,-0.013339530095648144,-0.00740859818679207,-0.010925418913745544,0.0002925627795029584
2021-12-02,0.00906971138373902,0.02250947565920569,0.027510950840544002,0.016143209389616997,0.014643683462822965,0.01981273787703608,0.02799375586435171,0.03194775880409262,0.024145912889120602,0.036087226464712074,0.033291839396583756,0.028335702116226935,0.03304057664726345,0.03027007455183428,0.026381923579542388,0.03698578871402147,0.0002925627795029584
2021-12-03,-0.005578315355809327,0.005337006484258167,0.015525165078071002,0.0008600059667642768,0.009262043463061254,0.00705154757308879,0.012301571549097279,-0.0046936299766843215,0.0052992249481440545,0.007678843023760651,0.01193595157246774,0.002995506535496739,0.004731311013885797,0.015280553224834348,0.008485412381791901,0.00439585824851485,0.0002925627795029584
2021-12-06,0.012221253266412324,0.00047492772879631495,-0.0027806551814971714,0.005583676530872106,-0.0014276973786921943,0.004381689890468055,0.012492057187503347,0.02674343541775359,0.00169269127209426,0.01388922413930449,0.015160607940075899,0.0038120635269716097,0.015007657793274065,0.01364256364974259,0.012743767720284627,0.018246801770156917,0.0002925627795029584
2021-12-07,0.00863489656083205,-0.006677441486007685,-0.00048491937571659705,0.0011870668904567783,-0.001990518409760722,0.00037474573282403334,0.00022243754248463254,0.028873355981750892,-0.005941060321397074,-0.007536560989661267,-0.002156083655214025,-0.0033517934452431675,0.003248452760823195,0.000608335390728465,0.0060972523740394635,0.00689332106115792,0.0002925627795029584
2021-12-08,0.0254847238089142,0.0012726431926597392,0.011230253968481874,0.02371190219999786,0.009748696537508872,0.014112272357515554,0.010864280234026857,-0.0012327389423480994,0.005616435979460821,0.02192379069355721,0.0075180007983155495,0.008961178932386904,0.010338915264633375,0.01399870946779136,0.00861256433609392,0.004352342234413165,0.0002925627795029584
2021-12-09,-0.016881703744679788,-0.012136854225315408,-0.016599960718347795,-0.01660172738636223,-0.009832503147496507,-0.01840073538518472,-0.02401068620336555,-0.016676734683997885,-0.007864584105838346,-0.013329714360762801,-0.00941977488183876,-0.010267883534465061,-0.013818378836305212,-0.01950791669408014,-0.017813034016962548,-0.016155879314334376,0.0003474924925166434
2021-12-10,0.017365131094126962,0.006750423985639298,0.013975120456807932,0.0035005184168064307,0.005253776034254365,0.01321694303967047,0.013220719312028839,0.01064968105386832,0.006944575100234163,0.027245410976907358,0.011778027783204026,0.001497901844001559,0.01579226238348741,0.018918929079022373,0.009343321636364088,0.013402965475952211,0.0003474924925166434
2021-12-13,-0.004072309944880836,-0.0005971730770197858,0.00032274515149532945,-0.00018709941195849122,0.0010408788899858301,-0.002799055714020726,-0.005171525839761659,0.0012195126297440684,0.0007588653549968072,-0.010598581629591264,-0.0056239375445251705,0.00448884797115201,-0.003554256703657721,-0.007085316125789665,-0.009246240735886424,-0.0019510258303354622,0.0003474924925166434
2021-12-14,0.003911834271181691,-0.0027319874706889236,-0.0032556371508160042,0.002881310374329926,-0.0028385059127469248,-0.0031507088209128398,-0.004535485635373981,-0.02144801470611557,-0.006582953771783195,-0.015192048489261478,-0.01292438086885328,-0.004241706111656862,-0.014486877246435492,-0.015348869016979516,-0.006387385581612892,-0.006040068429217671,0.0003474924925166434
2021-12-15,0.005423663480097485,0.0047475279456330455,0.0005921797938062134,0.010048015026993706,0.0008471668734260085,0.008265391381145015,0.012179049076504134,0.009193484278312125,0.005906314022192438,0.0020167911372011016,0.008290596731179045,0.0016331064392938188,0.0060575881559366,0.012638863271430045,0.009435560875237003,0.005405236792690893,0.0003474924925166434
2021-12-16,-0.00028813380714276526,-0.004426974968138153,-0.010593194718723997,-0.005898055572207794,-0.004137332812565675,-0.005171946132466521,-0.003223420891058648,0.00890113244987134,-0.003989229414509965,-0.006230968394578151,0.0023869287597699795,-0.0034927318114318373,-5.5549554452527516e-05,-0.0025278223830487168,0.005038729739163861,0.009756474856768671,0.0003474924925166434
2021-12-17,0.01316549362721764,0.0007452450660299093,0.0022303949842550352,0.002674888226058325,0.0002234929617546122,0.003559289403886723,-0.0007127471863243029,-0.008532617775125262,0.0013825407759935349,0.0008636311300453947,0.0008165336424208469,0.004072695253025005,-0.0016312005588752232,-0.004710891750498547,-0.0018187409858319015,-0.010540489779102713,0.0003474924925166434
2021-12-20,-0.0203849107989702,-0.01207500914155235,-0.019653454478361865,-0.014863258707107807,-0.010908388091636634,-0.018740377282361997,-0.017473895930062544,-0.037886670322151095,-0.011577231076537742,-0.033018943733873596,-0.021335905753999573,-0.012466905915691995,-0.025689379199281825,-0.021517592019549725,-0.020148845412193417,-0.019602873426100786,0.0003474924925166434
2021-12-21,-0.0009552654664360949,-0.0015180183549792226,-0.00254121132132179,-0.0008772557480654086,-0.0037565647469308683,-0.0008590156859403786,0.0007694075723170268,0.019048109461764717,-0.00374892126363513,-0.00434339842982312,-0.002342504655856059,-0.0012302293494588223,0.002145657104140053,-0.00010187577321707497,-0.0007427245521967052,0.005861268806214737,0.0003474924925166434
2021-12-22,-0.0061350999916842675,0.0010185670916740275,-0.000623728575937621,-7.29937971861716e-05,0.003035989337904166,-0.0020037625617245203,-0.0019721608025965454,-0.002559664563386743,-0.0007415901415191994,-0.0036057062423797692,0.00014648245383908076,0.0005279145527981033,-0.002334865925085805,-0.001590920630650916,-0.0025228001454001836,-0.0032680361801343816,0.0003474924925166434
2021-12-23,0.0018009798489471152,-0.001784225634799741,-0.0019874093483405186,0.003668636182041274,-0.004083797602003725,-0.00031779661777642243,0.0006496961985646976,-0.004232930937948853,-0.000825530718671752,-0.00870053915610991,-0.004367456014865323,-0.005659679599241629,-0.004328399984366071,-0.00505989639268789,-0.00015229475562128503,-0.0036623142061348313,0.0003474924925166434
2021-12-27,-0.0005172682584991817,0.0036850320581083285,0.003943833561314003,-0.003403863607699509,0.00257546714892376,0.001708376842158632,0.003622049702192154,0.01673195635934266,0.003413194094025629,0.007907330040887395,0.0148601137704365,0.005444432172491354,0.010399543927323673,0.008221088161448176,0.004455300120766337,0.006390236517130221,0.0003474924925166434
2021-12-28,-0.0011703764038437647,-0.0033463219358487173,0.006076499524259704,0.006253595310103055,-0.0006528153309764972,0.0020046831971616275,0.0012312555509732537,-0.00833177147089792,-0.0034169074227408114,0.006743783257480596,-0.0029675086404269413,-0.0041075195920022844,-0.0010504052556427057,-0.00015546859931581114,-0.0023125456957946433,-0.007369440552225548,0.0003474924925166434
2021-12-29,-0.006017400136373308,-0.004753191186572803,-0.013766647385394348,-0.0017471260211113782,-0.004149721619815083,-0.008137635007184008,-0.008009807384820156,-0.008264490783247092,-0.008206581603653507,-0.0019282672399182355,-0.011084500855229495,-0.005093400012697535,-0.007250950325338734,-0.009971276878777857,-0.008739645420100195,-0.006693427860342771,0.0003474924925166434
2021-12-30,-0.0004493352342508361,-0.0001184931244945231,0.003930763920716673,-0.0017615253552070165,0.00815813763861839,0.002820757096900328,0.0035105128605557034,0.018201997702588457,0.011771717764266887,0.004192689863778076,0.014706158975972494,0.012492507042884293,0.012401522428043377,0.01235941628204884,0.005021685796898323,0.007034231399163371,0.0003474924925166434
2022-01-03,-0.0032,-0.0008381682123474137,-0.0013352403861148,-0.0024349024978297168,-0.0008830305891828787,-0.0015052873074017298,-0.0010568173773566052,-0.0036000000000000003,-0.0017683620027272055,-0.002537896499238484,-0.004000000000000001,-0.002087417891984798,-0.002143280726781676,-0.0010121004686859602,-0.019267129818825723,-0.0079026475344115,0.0003474924925166434
2022-01-04,-0.017282710023654113,0.000717717958516717,-0.013044026073929182,-0.005209823104379563,0.0003755777131664306,-0.01024669078776308,-0.012375392732187462,-0.02129175787798998,-0.0009247441859676631,-0.011895652356541553,-0.004250728047165198,0.0030652084588289608,-0.01107360590513029,-0.01633057005152727,-0.009192228413958725,-0.004480141418400696,0.0003474924925166434
2022-01-05,-0.03452289671121633,-0.0163390159781992,-0.022610077427890896,-0.03501716557361212,-0.014709225061167563,-0.02847813675359867,-0.028763534308994032,-0.07020985524565804,-0.010774547508616283,-0.02596888139792375,-0.04910144579020059,-0.015682803963286474,-0.03473286311838464,-0.03603435998456339,-0.02799794767697783,-0.023649332013787272,0.0003474924925166434
2022-01-06,-0.013894332404741472,-0.007822688663442046,-0.011128101134066593,-0.009353033886502993,-0.008966554546702254,-0.010069695733856743,-0.004594547175091668,-0.01879367785054864,-0.009906881426900549,-0.011936845635535653,-0.009541343237044142,-0.005760340752541615,-0.009978243965997335,-0.0017425291880878158,-0.0031469671140493816,0.005958037893677215,0.0003474924925166434
2022-01-07,-0.006852243201997732,-0.004231178249459178,-0.01119575802208872,-0.003324127028083934,-0.002163882948019613,-0.0069591792543747255,-0.005172193371285605,0.007818465694130694,0.000353595192214895,-0.003930147698672615,0.031598478995951806,0.006774470047177905,0.006555889045690488,0.001970213166677226,-0.003738512465566335,0.013122427226312405,0.0003474924925166434
2022-01-10,-0.008458209229915914,-0.0020388489231883966,-0.0077420181431623325,-0.0071256750221024845,0.0008018485347400794,-0.009260484147738945,-0.010779429173791377,0.0016441504674269414,0.00356162660822279,-0.011458956734690107,0.009693111560282297,-0.0015210961416761704,0.0003355618544500505,-0.010594807107855542,-0.009285506825442824,-0.0078943084032842,0.0003474924925166434
2022-01-11,0.016403222829940223,0.0007965106590788196,0.010661045562742277,0.00954758721465021,0.0054855121124628425,0.010880812262478612,0.014019039847256387,0.028542514327829727,0.010464999882015658,0.0210732675806371,0.02573839491707708,0.013549720260982223,0.0211577945800141,0.019343447058147056,0.014083722511968544,0.01849931723389653,0.0003474924925166434
2022-01-12,0.019982522214692322,0.016279781660802906,0.025548667608877418,0.023414348614319458,0.015166345933955716,0.021950507267539887,0.02300607983554892,0.02498862134092361,0.009708895357089187,0.02285207319483229,0.021202906559775858,0.017494175915863996,0.019250296894752994,0.021255799813686194,0.021205121607831057,0.018338606914861444,0.0003474924925166434
2022-01-13,-0.0038870024306465467,0.00394366512188804,-0.0014781250966401371,-0.0060951264924007376,0.009181277151036893,-0.002418169960707206,-0.0028908699802816518,-0.01961931029266306,0.0034455595485702872,-0.0013472989123975987,-0.022788183492360337,-0.0029552174948130894,-0.005865693638579583,-0.007267638133262255,-0.003431075579914067,-0.0015499377616238208,0.0003474924925166434
2022-01-14,0.008935674261719928,0.004318351385288244,0.01194220977533611,0.009383641011236454,0.008237931892413508,0.008783400841931188,0.007845192380214971,0.0046302179268016275,0.004805413232632949,0.016848151809678136,0.001724865994506386,0.0077093911436643126,0.007429909406868385,0.009888643957889354,0.006888617447376566,0.012850104540860219,0.0003474924925166434
2022-01-17,-0.016313879715023516,0.003588987469134608,0.0023056696741576843,-0.012745323198595893,0.006729415937690497,-0.0059314292860246365,-0.005121090375067694,-0.012129269525136488,0.005320554959289625,0.0012577769483737011,-0.009367061645032315,0.0008471147154631709,-0.0029467157761771112,-0.0036786454751395192,-0.005935873383081103,-0.0055111124707465375,0.0003474924925166434
2022-01-18,-0.006372082975801718,0.002921206215764194,-0.002942828897754435,-0.004421766710514086,-0.001198015682034037,-0.004186451812435821,-0.007573583326792477,-0.003923446765701888,0.005343585865967615,0.004778796927934925,0.008356207232497859,0.008992190881980777,0.004975794769548347,-0.005963493122519425,-0.006005375321767259,0.0034663621588211235,0.0003474924925166434
2022-01-19,0.014710496292166475,0.016588003423226416,0.01918660128608196,0.016801887882609723,0.014764595973131733,0.016491841634526994,0.01941601688677075,0.010769662522162493,0.016546457887749666,0.025246813521761613,0.014228357350402066,0.017110356709267638,0.0179704232657536,0.023246014511799418,0.02076605707596335,0.012878412155171493,0.0003474924925166434
2022-01-20,0.014868358025345918,-0.0009984391658237612,0.01311338958792696,0.011878852237616977,-0.0017060861248771042,0.011662778819238495,0.019732754518409168,0.014687480061706948,0.004620035743280404,0.018549708812398258,-0.004683896090774797,0.0011031293870022996,0.008856622599864972,0.023019758428942882,0.0187016794029784,0.009204325343294961,0.0003474924925166434
2022-01-21,-0.0003086312410603975,-0.004314089586812786,-0.00847322704203124,0.0020313744255806565,-0.0015422832375219242,-0.0026071536013899665,0.000741966270044081,-0.012473113625130372,-0.002786842908004128,-0.008502590839366664,-0.026665706995029903,-0.012271670845725224,-0.010403459859508746,-0.0011092518830618792,0.0009967215275374919,-0.0021594413599533846,0.0003474924925166434
2022-01-24,0.005820782310554273,-0.005236104426298516,0.0004986647048399462,-0.0004294134537661254,0.0022180231886941293,-0.003989689098595872,-0.009253438547546233,-0.0046873900248627365,-0.0006435154258921383,0.0008652688582873047,-0.0028011375904426483,-0.0016235434408166105,-0.003013698682216126,-0.01427392518602133,-0.009148089324851894,-0.00940867139976842,0.0003474924925166434
2022-01-25,0.018615103093881258,0.013759764072023284,0.03189163050027255,0.018066695202989314,0.013354788178267185,0.02281509404861448,0.02488718513367183,0.024271896614788346,0.010892307443706839,0.024197822899411303,0.00023320463078935205,0.007669248866438272,0.01626378270224471,0.02406897784015527,0.023337448992586385,0.020675368648075176,0.0003474924925166434
2022-01-26,0.006633090392248908,-0.005104189046349794,0.003724541284956029,0.006400153420470067,-0.006365823697872308,0.005157000529790734,0.006549223439054952,0.0015163156180169057,-0.004272043255101665,0.0025582378435509145,0.004118234991409064,0.002970899605238664,0.0013238177989196576,0.011925392765251619,0.004071396881391243,0.010045791432520046,0.0003474924925166434
2022-01-27,0.0003181129651610437,0.011373254782224507,0.007235068044177506,0.011606793759029177,0.0058532232792671834,0.010550263070743027,0.012747733191941002,0.009655108841884141,0.016702424379751113,0.005045327073908812,0.0006551187549133086,0.006605705258072803,0.009155633965985288,0.016924053542208606,0.01554328761144208,0.01132527542243289,0.0003474924925166434
2022-01-28,0.007715729762216128,0.009394537302022998,0.013238448017871995,0.0073281946805257014,0.008117809731263526,0.009407193503039757,-0.000674655442419847,0.008396922376047833,0.008071237890899141,0.010246731118232821,0.0010607831440236914,-0.0013379336996592883,0.006987913018557057,-0.0022005634460765533,-0.0024354913165980374,-0.006623331461936499,0.0003474924925166434
2022-01-31,0.014489819799982762,0.012068936147578091,0.014787338234119929,0.008606128982828531,0.012663332358707313,0.011624666341843115,0.014462832039724427,0.012544713435071575,0.016036876689919488,0.01403464765947482,-0.004723847697133632,0.006622972128261573,0.009240343108654958,0.014653634955746675,0.013853428650454358,0.0006417448429199002,0.0003474924925166434
2022-02-01,0.0015195763843349752,-0.0015956233357506955,-0.004141120403569842,-0.002085996823094738,-0.0007733175166613204,-0.0035646318182159797,-0.005797414920312605,0.012313721128403676,-0.0053332349732592155,0.003865277272089296,0.03641889246025243,0.009179380866658038,0.008793703562593125,-0.0014331809655376837,-0.004771560554749699,0.011727804526135754,0.0003474924925166434
2022-02-02,-0.003884744074188262,-0.007531749015144751,-0.010385240944508323,-0.010472634807233372,-0.00893055764989159,-0.008456274477330994,-0.014856995261415373,-0.015352311257916473,-0.008028469891041778,-0.008301379214173954,-0.007634341746095785,-0.0015671142057265275,-0.008344240363865052,-0.014197809610998369,-0.01658680330418183,-0.010972012954936772,0.0003474924925166434
2022-02-03,-0.010154696494462101,0.009608665441270592,-0.005297808275663285,-0.005083878958199839,0.0037369518083789632,-0.004610124451498776,-0.0025321884665547856,-0.015500321240075943,0.01148036563895971,-0.004148104757432103,-0.015438901148964956,0.0027634520597379364,-0.004112834851812908,-0.003378895172793883,0.0020235590517414526,-0.0017225943863861115,0.0004016754138975731
2022-02-04,-0.008434284261190972,-0.007026403999383257,-0.01359807152330017,-0.0055825084805387615,-0.009286562964424538,-0.008090071127523357,-0.01136381292052846,0.008118074997834013,-0.0054823987575490785,-0.0035093217329843496,0.01650003913135123,-0.0026068845254025863,0.0022447023924665466,-0.006275420375614349,-0.009051516610495858,0.0056759698227812905,0.0004016754138975731
2022-02-07,0.0017746550578323639,-0.0023853300888224682,-0.009287185612066429,-0.0033655570765420695,-0.008039024962669616,-0.0026974243139114007,-0.005473316879350043,0.0069422028017742665,-0.0006194558135422801,0.003430332525946822,0.02299535202748948,-0.0011019886990182304,0.0061580323807917114,-0.005004298195112944,-0.008497176605232193,-0.0012645461840367078,0.0004016754138975731
2022-02-08,0.0017521406634648518,0.002183741903071912,-0.0008169254975649576,0.00016137763783330428,0.006601394544158534,-0.00024774293266549563,0.003295574568498605,-0.007441939394365327,0.00041282455280322594,-0.0015978273992091063,-0.0011299946694478535,-0.004054046147443424,-0.0022122304075835597,0.001457432109057466,0.005183378343061262,0.002330544683015079,0.0004016754138975731
2022-02-09,0.01683718447724103,0.0073430402435457065,0.002659665015126045,0.014520682052951761,0.009924454415647599,0.011432009115070585,0.010426356985927754,0.0001763058578989618,0.007993545482599007,0.0035246224629343903,-0.001961650664621062,0.006532527469329974,0.004619551080037532,0.00835574848763243,0.008395805347315433,0.002323254460927293,0.0004016754138975731
2022-02-10,0.007339117213162938,-0.007704032695454388,0.0015374182631673339,0.0028207715088324203,-0.0007306936665087971,-0.0001753763708041145,0.0025318910909331027,0.014019997905712733,-0.0015192798419174647,0.007232223376581803,0.013334840005845283,0.0027226407411546916,0.006128714111314881,0.002631842508409976,0.0023473674032852276,0.008877110183336478,0.0004016754138975731
2022-02-11,-0.013572240325006146,0.0018541480800426946,-0.006371689202021358,-0.005260881945913898,0.0033069732579931177,-0.005892775634305236,-0.009656272479155126,-0.02012589013298982,0.0011553852125458786,-0.006058540947341817,-0.029310210735768116,-0.0015290116410852095,-0.011481127875071495,-0.00865925749015195,-0.0073015975091504925,0.0013353440947727613,0.0004016754138975731
2022-02-14,-0.0014599396765082595,0.0021161703406360477,0.006473475569829468,0.0060564719244387,-0.003161370413393483,0.005597838015843237,0.005974032115371841,0.0015528623596134938,2.6387481816714242e-05,0.003743617090522511,-0.0061512941439402224,-0.008772366474203208,0.0018108494972106648,0.0060402615845613905,0.005743884301759206,0.0022192514467129776,0.0004016754138975731
2022-02-15,0.006971106324433984,0.004690761475546257,0.023098466465631073,0.02011773042807974,0.008402006216491564,0.015068246056739953,0.019904088138937404,0.015225062971641723,0.0025205350531820603,0.006757375072266925,-0.0042593173879442725,-0.00229771990388139,0.0036203480341747696,0.019685885329723707,0.01873008971871326,0.006423770512125282,0.0004016754138975731
2022-02-16,-0.0013312668941912742,0.0022870952970874825,0.008473416004541878,-0.0026578622982587063,-0.00013463308722416745,0.0030027349793373403,0.0044447466975168215,-0.002607602906585016,-0.0007532032769773656,0.0064068927531963915,-0.004393086393624124,0.0011717188480144802,0.000892521655437184,0.0026438098641659025,0.005129245392372805,0.0035404406270753697,0.0004016754138975731
2022-02-17,-0.006566463350447638,0.003188152833999869,-0.007887832110418547,-0.006521224382739832,0.005642480934244354,-0.006475647872355328,-0.008365577894657972,-0.01107593784941796,0.004887071484749761,-0.016786253288652575,-0.030844068080696396,-0.012671158656875181,-0.012185055239885334,-0.010520345874641568,-0.007923257368262382,-0.015303675560049412,0.0004016754138975731
2022-02-18,-0.012094040965279884,-0.0005175677105792031,0.013289952180774334,-0.0082505086128708,-0.0025453777968634794,-0.0009292720053727388,-0.005849435842287032,-0.01835761369944,0.0005600914890391273,0.010545849582199951,-0.010951064338922012,0.002338108102275971,-0.0029013086275762046,-0.0076354440783826805,-0.008102781417762217,-0.005574838378309077,0.0004016754138975731
2022-02-21,-0.030238963853599032,-0.006935432788714002,-0.02519950548627692,-0.01647593047064111,-0.01254472104092419,-0.020918460162917096,-0.02459605477404736,-0.011490941819664813,-0.006735703061429343,-0.0176040812044036,-0.007960093733703988,-0.0026590110245596765,-0.011555377604774208,-0.01980103219139806,-0.022818255669938226,-0.00937428652288086,0.0004016754138975731
2022-02-22,0.01847851149653401,0.0017616185124880168,0.004814784396707461,0.013670829266606788,0.004285329508574076,0.009268816519798717,0.012619837632859232,0.008746529972751604,0.005047903195569248,0.011157301957170462,0.00973109717202636,0.002760366855412144,0.007940637331650624,0.015106844329436209,0.00887215913736994,0.010510790935083225,0.0004016754138975731
2022-02-23,0.0026240617080484085,0.002154127828954522,0.0085892105501848,-0.004700605936150404,0.004389359307527263,4.20671681304885e-05,4.7526584312507225e-06,-0.021311711998297955,0.00535341276798218,-0.001046589607490489,-0.03614335050657935,0.0011853801436059186,-0.009774763679765264,-0.010160510900989461,-0.0022748579564643157,-0.006916164913393197,0.0004016754138975731
2022-02-24,0.01003785535590107,-0.008533724908700968,-0.01442801274842187,0.0032965138962670615,-0.004049195650239423,-0.0032247962107980754,-0.0007126349803437959,0.004766574275434143,-0.003007701041943922,-0.0025247375336013844,-0.003725579999780293,-0.009487975874062915,-0.0010795098765103983,-0.0009935992669122262,-0.001047954052495137,-0.003925759648142568,0.0004016754138975731
2022-02-25,0.0007392244212180987,0.0008506379601902481,0.001831312892705883,-0.003094765710634495,-0.002668033986099494,0.0011254663212103555,-0.00398226307406413,0.008341114464288424,-0.001815928242635989,0.0005298834483589143,0.04030108367848251,0.011074829195308,0.007687852690009933,0.0005662564818076365,-0.002022206319259201,0.01517846121013422,0.0004016754138975731
2022-03-02,0.007728520337777267,-0.0021848785955879135,-0.00272347554304464,0.007570585628269733,0.005119759550191727,0.0012028985308663032,0.0002756072736680437,0.04182518541402369,-0.0012313347002581576,0.010466346149980987,0.06327581385040282,0.02531397823274717,0.022666138316310702,0.01227036393788894,-0.00016840595613831777,0.02065038958041132,0.0004016754138975731
2022-03-03,-0.0021330455376887825,-0.005008003236908087,0.014557957202115057,-0.0002920879651673314,-0.00499526166119324,0.002731426371642476,-0.0017627908927360103,0.005990060476769088,0.0006864019732646387,0.017300392601592662,0.019723817760149087,0.012001658557075467,0.010100558851132924,0.0026299116681054446,-0.0017223767712770677,-0.00011833098387770136,0.0004016754138975731
2022-03-04,-0.016938515033818047,-0.008486364231825139,-0.022658626741780763,-0.01790634982552719,-0.013631704489540653,-0.017635427617986754,-0.019412235318989723,-0.002276902135395553,-0.005431044185778777,-0.0076960412418113355,0.021210749824913,0.015026064944373196,-0.0020899526909794464,-0.013572478017112477,-0.015255999259787378,-0.004808320500845564,0.0004016754138975731
2022-03-07,-0.03259853092111864,-0.018369802336071106,-0.04199343656581156,-0.030902169294180548,-0.017746058192694703,-0.03382754739591887,-0.03883964460518341,-0.03333606337221284,-0.016128586244966714,-0.030048066265215723,-0.011683778446274773,-0.019398641096645797,-0.022430335344092445,-0.03317884717061048,-0.03834121860629636,-0.023186742362133805,0.0004016754138975731
2022-03-08,0.007542484747764311,0.008689895066728903,0.010964299398062094,0.0063358931235733,0.00685749262137203,0.009896894178331062,0.015120307305760194,0.001119272500704982,-0.0017803775502945873,0.005216339846225271,-0.017277515018439105,-0.00579770417682679,-0.002493344379805418,0.006482939171871704,0.012790891482892697,-0.005035570376661247,0.0004016754138975731
2022-03-09,0.03437907507401339,0.028098682430120148,0.0399192372486854,0.032302816084337715,0.030111366460113365,0.03565398538696418,0.03978238011158752,0.01050481822561089,0.025868703672373927,0.022078285795131602,0.01151028113592445,0.02090353169797421,0.017392492429403106,0.033496859579127625,0.04134970334787047,0.02150536287324467,0.0004016754138975731
2022-03-10,-0.010536655131504147,-0.005352378006077352,-0.010136031003114887,-0.005586150621956221,-0.007798891532138974,-0.009245739925531904,-0.012723970067799795,-0.005844253134672406,-0.0009072187841688839,0.001118830832480766,0.014834999275784355,0.011446741820645867,0.001710816767298562,-0.008778569893364452,-0.013427573391170622,-0.00019602179991340396,0.0004016754138975731
2022-03-11,-0.022533132759067875,-0.0012595673408994923,-0.019554717719523662,-0.019349205519557544,-0.008707313672758676,-0.01688280664486519,-0.019022745636401495,-0.033239960699613436,-0.005698342323095962,-0.016344068443616466,-0.02716587808971005,-0.00799770845099712,-0.018648541757537163,-0.022247412483439533,-0.01660415711531782,-0.016582525002279525,0.0004016754138975731
2022-03-14,-0.0002008146677731082,6.973876700855364e-05,-0.008162502826555729,-0.001002023303724564,0.0015667881352814383,-0.0038987010085668183,-0.007082381906981738,-0.023819475150018032,0.0003564737434751386,-0.013892745921988636,-0.04199668099034948,-0.015898402128302513,-0.01799814153264201,-0.012384511529397901,-0.006782450444580368,-0.017662725147149616,0.0004016754138975731
2022-03-15,0.016738424173343924,-0.0009510244641901533,0.011141035534801613,0.0010700918092776401,-7.123354938975979e-05,0.007829438238185382,0.004376865873003899,0.011571135308992675,0.0013532059744501002,0.0027212232937707803,-0.02038176412661019,-0.007945849687663653,-0.000759578921092241,0.0007508891330942902,0.0006644969192790562,-0.009525571071857919,0.0004016754138975731
2022-03-16,0.0068899422721624415,0.01175199937775484,0.0030052214640228225,0.012558116391424567,0.009257773754737242,0.009876928910757865,0.020670918803131766,0.00732873540123169,0.009694832781514728,0.0013152857588878408,0.023167120150404674,0.008836491889342657,0.007810917511965609,0.016893800869501874,0.02327303142819992,0.019478149764864172,0.0004016754138975731
2022-03-17,0.01962261283094846,0.020378780999023682,0.008441318264013065,0.02608550488416239,0.02476215233632595,0.017187801106218537,0.017924531246332975,0.021500555382443,0.02059699352643496,0.015737191262186867,0.04024493211689384,0.02424373270241076,0.024063920027878716,0.017614911077513007,0.02032464197149042,0.017541690305616697,0.000437392423015881
2022-03-18,0.01144258649279517,0.01505987087539018,0.029115933436837382,0.020000089099380336,0.01582351230495571,0.02099087997853233,0.02314228579517197,0.018866218012213887,0.008347525942056233,0.013009551708091482,0.020338841228998428,0.01951546040289509,0.014722915034771855,0.026818668455754535,0.021681705739386326,0.01939288159415642,0.000437392423015881
2022-03-21,-0.00015251186823295182,0.006642983942667602,0.007492167071722511,-0.009659121340166221,0.012564472876703148,-0.0008275517346904016,-0.0030793346482237416,-0.0024191749443536192,0.010079146818252616,0.008527645283626928,0.0052830625490067895,0.01293507285998774,0.006692889472417862,-0.0019098742302796623,-0.0026675991342884897,0.008419798649785148,0.000437392423015881
2022-03-22,0.022858291429099786,0.014974632157636059,0.020888848341861666,0.015627020277316772,0.009018792440865342,0.019628613725030997,0.019962446324117034,0.03586841032574051,0.009608999399290719,0.011939469062347774,0.0037433753190172503,-0.00020137889573734746,0.013700122179213015,0.02047081928051231,0.020529315831133044,0.008179991059834357,0.000437392423015881
2022-03-23,0.00036568865247277316,-0.0029570593620340535,-0.00351030560053478,0.0023089606053829925,-0.00466898702623364,-8.08551710296257e-06,0.0010784821506615305,0.0037984793087253443,0.0025758331016256797,0.0019028652713195537,-0.003729335023747171,-0.001804906844057319,0.0022054669852156206,0.0048173393902524175,0.00047889853337323984,0.001616921231729851,0.000437392423015881
2022-03-24,0.026708198909727532,0.018289119831905287,0.029189522427207848,0.016246393089911715,0.01680478591754353,0.024189316529379834,0.02622658559861968,0.018468831350075376,0.01659876129211968,0.01958418371575288,0.014895683764343026,0.014203419000931472,0.017902178097050303,0.02105537524078338,0.02452659866440854,0.01329981164387295,0.000437392423015881
2022-03-25,0.001789926928363439,-0.0023134396352239017,0.008103493315282151,-0.002032096880571266,-0.0013658118232827698,0.001978557192164887,0.006369702758232121,-0.01363141898781628,0.0051987528868122634,0.01504293526833167,-0.01986960751243727,-0.006054918149131616,0.00042927193771635785,0.008337015957784688,0.004941255932173316,-0.0004517372498776817,0.000437392423015881
2022-03-28,0.005301247299121625,-0.004222514817015854,-0.007162900422744589,0.0038167715658559143,-0.0032742282466938777,8.526956555887644e-05,-0.0008849926288639898,-0.0009359440396605745,-0.0019473946223429461,-0.0014283537907321397,0.003966121118971877,-0.006072837796610053,-0.0013827238153809596,-0.002559555344481712,-0.0029815070760259577,-0.0030464416323645604,0.000437392423015881
2022-03-29,0.015518787007226198,0.006927227504908151,0.017908588545043624,0.013241377136210097,0.009289465664773067,0.013139317160785424,0.016898065487774172,0.030792784311410415,-6.0651887173301944e-05,0.009693042233088534,0.006875831314021141,0.003826510275472872,0.009886187998829676,0.015068114706245694,0.01373820620234012,0.009996476778868058,0.000437392423015881
2022-03-30,-0.005443480978340465,-0.0014000546341237374,-0.006222615176851076,-0.004507830196904039,0.0019689453130313783,-0.00412254238662757,-0.008594893091077083,-0.010185938538584627,-0.0003574760915843189,-0.0033802986860527184,0.005341209522662593,0.008263170553750365,-0.00040069637244555256,-0.0038660126375955617,-0.007494737684181074,0.002297486014498862,0.000437392423015881
2022-03-31,-0.0008345323633408563,-0.0017513507318746013,0.005510957988880794,0.002045910695498643,0.0024861888448461933,0.001031919093286815,-0.002035977800820654,-0.02084957264295839,0.002620880106587453,-0.0013832982225471246,-0.017102229863884322,0.006140003877379119,-0.006688584677818965,-0.003934348191660053,-0.003279464807463661,-0.0020765658438112178,0.000437392423015881
2022-04-01,0.0184020033451755,0.016822314469059352,0.02605057686291512,0.015384323376854026,0.016897075023868613,0.019281262658844334,0.02277888863538302,0.021868239221468633,0.017945679600712028,0.03311255660403156,0.008407446139685915,0.008626621025452863,0.021333494220772797,0.022437308820716817,0.02106824625866155,0.013048822260394166,0.000437392423015881
2022-04-04,0.00554991908046798,-0.004814945143551408,-0.0007404142439829675,-0.00045285124357996587,-0.0044997233389810765,-0.0001570786626629017,-0.0037277753083027054,0.008975474026903019,-0.006202776477513883,-0.001311972698384123,0.010543539043878836,-0.007198079840177063,0.0007061752158821211,-0.0015266945124092768,-0.006313559426904036,-0.001964608627765374,0.000437392423015881
2022-04-05,-0.008265859651045204,-0.008660127212289148,-0.024109566272917937,-0.014104126369144598,-0.007095501134325777,-0.017514455100537063,-0.02115380466483896,0.0016138368624025734,-0.005431833129160624,-0.01760393107530378,-0.0010642759229110288,-0.005283532424354087,-0.009975703086355203,-0.016689777240869952,-0.02081942714819429,-0.019941399749515698,0.000437392423015881
2022-04-06,-0.007759134490795239,0.001752990566258772,-0.0038753549392475106,-0.008947732951732679,-0.0013250096943330236,-0.005206670069247243,-0.01058398029930585,-0.02944264790045481,0.0009746533009444835,-0.009856435924386564,-0.01803117893122186,-0.0004956740429373774,-0.011841905258678898,-0.01683886647887023,-0.010321996433849456,-0.004725107159486486,0.000437392423015881
2022-04-07,0.002007973234975813,-0.007554562947796106,0.002296082011732148,0.007755393963827295,-0.00382195671789054,-0.0002655114756398014,0.0019978474670621083,-0.008338993219873747,-0.002893899756302276,0.0016523060276798507,-0.006293313156410907,-0.0039663505287124146,-0.003072595749674445,-0.0026884486457570134,0.0020818180182633483,0.00571633691339879,0.000437392423015881
2022-04-08,0.001289364591429143,0.004469730283969575,0.009873821421002349,-0.0033695140431713178,0.0036058298282000134,0.0043505912622658904,-0.002272300587129239,0.0007944655777472054,0.002978773275127855,-0.00024994958495416775,-0.004698119391774225,0.0011759944910774145,-0.00041111343197031136,-0.006107620308221762,-0.0073969012010987045,-0.005034527065877814,0.000437392423015881
2022-04-11,-0.017713261189917118,0.00010202718803764554,-0.004651735434556992,-0.01618915023815093,-0.00256419939743624,-0.010737981114617101,-0.011370718613292419,-0.0003647126709164228,-0.0008076739973353897,-0.0077262439649662396,-0.00098768806776528,-0.002734567469639293,-0.003282750869188389,-0.009874791328818189,-0.01078527889532288,-0.011605758215801565,0.000437392423015881
2022-04-12,-0.010078134266105154,-0.004663470246421775,0.004249857252467626,-0.006173101169630324,-0.009296284451802084,-0.0027389653304115136,-0.004439096529365805,-0.0072617421072145305,-0.0037679087433959424,0.007203405787174377,-0.006895862714082379,-0.004488219239343061,0.0002970663898662629,-0.0049907906484223385,-0.004921180142881343,-0.006735287161535597,0.000437392423015881
2022-04-13,0.007960534507708061,0.0021880032030066054,0.0002255532589010567,0.0077750741746869245,0.004054099564771985,0.005133409405305489,0.0057213558227360295,-0.001917261957133931,0.0018616078592812446,-0.001513665741767034,-0.004627746307897751,0.005820234989260209,0.0011265144905141522,0.0031101345651922685,0.005286769164538185,0.005309927464318909,0.000437392423015881
2022-04-14,0.0014856649745953465,0.0056964222371223006,0.0024297380347662045,0.003174198342152712,0.0069793526062778,0.0023294449581299226,-0.0017224171813253752,-0.0036179196905664623,0.004524158807871714,-0.0030351420971739262,-0.011679727355505709,0.0033005685371789717,-0.00181883655560644,-0.004957493649123457,-0.003452012586006581,-0.005561272755994384,0.000437392423015881
2022-04-18,-0.0030936814474359364,0.0023678259832378146,0.005471544134110218,0.00021898690835220336,0.0004940636989025915,0.0017902918927126255,0.0011090526548924728,0.011223685263377359,0.005200391224825962,0.003409637813930111,0.0011963269297630141,-0.0022729279287214688,0.0048262316467624355,0.0012413012775762677,0.0013415679050841067,-0.0047824462893566455,0.000437392423015881
2022-04-19,-0.005763493604583392,-0.009412513613488716,-0.018041142768839724,-0.010112107489351763,-0.014914010029153713,-0.010700300669428287,-0.004665427812733491,0.003937783254833738,-0.014138931896844231,-0.0011810946534712707,0.005339327910603098,-0.008646576601603617,-0.002950969157095029,0.0006722966966530297,-0.005976632518219116,-0.006155201562016321,0.000437392423015881
2022-04-20,-0.0002939302238157415,-0.0005633334367374232,0.0034849173608642037,-0.000497947060796422,0.0015567081657630322,0.0006938236292317601,-0.0033949003392690358,-0.002662833282820354,0.004920452422698229,-0.016767982065028608,-0.03163846607445653,-0.006854248534750029,-0.009220075365972913,-0.006651210217391901,-0.007007642067965114,-0.0068142183891919395,0.000437392423015881
2022-04-22,-0.027917694783529123,-0.006265113841513514,-0.022464243145985496,-0.014630808250634009,-0.007946077643883331,-0.018702732691057933,-0.022158684072822066,-0.03789845083252863,-0.007722544654753749,-0.025914455703186068,-0.04494634038347545,-0.018763233214725505,-0.02552244958836436,-0.02441065193728953,-0.018663393503336345,-0.029900960466368476,0.000437392423015881
2022-04-25,0.006319762791489492,0.0063411448291266215,0.014700184860356291,0.010952019272327806,0.009216410868169822,0.009510844038005839,0.004664647878099171,0.009314062654771416,0.007464809691264618,0.009827707649005868,-0.0009849199744466075,0.002021144034722866,0.0066109826801332705,0.0035387621970641714,0.003576744676080379,-0.003827772168741417,0.000437392423015881
2022-04-26,-0.010655298799010282,-0.007990733194854993,-0.014124128401612701,-0.017566128210455445,-0.004220687397047285,-0.014734255704061616,-0.020759371757593903,-0.011584881310736317,-0.004444775503815723,-0.017416680870469103,-0.031141457350250312,-0.007473095055773982,-0.013511976159719996,-0.021744596920431514,-0.022043483995660695,-0.021515055038389908,0.000437392423015881
2022-04-27,0.013854390038737785,0.01112362987905624,0.012627975465902663,0.014793262297597254,0.01537862968543724,0.01201774382233789,0.0065081004084961425,0.01484949323544238,0.003759557848410866,0.011033970935008686,0.03562375040896071,0.019058603280732944,0.013785485370972461,0.006475980789090396,0.0030387774425824077,0.011799716784312908,0.000437392423015881
2022-04-28,0.006307888076232393,6.93796858541873e-05,0.019323959370775023,-0.003271747830098537,0.0013203126903129636,0.007623024681848278,0.00496043918611222,0.012361867374341529,-0.0026977496273001833,0.01940960256828217,0.020096136404561094,0.009142216500967137,0.011679031583295751,0.006258371960777387,0.0013885534894952922,0.005881373811999824,0.000437392423015881
2022-04-29,-0.012140944966055556,-0.018627586607538937,-0.032997511166543037,-0.01880271072460249,-0.018121385046506622,-0.02197972220542821,-0.025035591364136134,-0.02309808124053747,-0.013661251141828257,-0.03190898023788158,-0.021510617693773937,-0.02431023473271343,-0.022417132533821937,-0.022509842576874273,-0.025921175948305564,-0.01834498340327051,0.000437392423015881
2022-05-02,-0.005196529020476182,-0.005510132566714621,-0.009833804975884597,-0.012412302317008184,-0.007296755980236935,-0.010292170699070402,-0.01261637397134896,-0.005307658437341711,-0.009584948359661616,-0.008073294734345371,-0.008939421325555252,-0.01295995426882135,-0.009754615347248308,-0.013714652041744269,-0.01129256867957984,-0.011749993616368526,0.000437392423015881
2022-05-03,-0.01187167466972916,-0.004235370224045298,0.003426570203284074,-0.0074685638493109385,-0.008646348776604307,-0.003277880485515583,-0.004377758403409371,0.011496280795147529,0.0025231341004843255,0.0067150536910334235,0.012370584020273911,0.0008178946609647131,0.00782439076717556,-0.0006428158784659299,-0.0036620656098746984,-0.0013181822660691678,0.000437392423015881
2022-05-04,0.012940197011428012,0.017433023787030155,0.022823618948561553,0.011574138446059923,0.007607919620912229,0.017161928666999948,0.02013947607381894,0.03181269481319937,0.01602582484282844,0.014530532958087816,0.012942661406530442,0.01617167433971245,0.017291942113096814,0.024010102281841084,0.018914534747568323,0.01665798777646832,0.000437392423015881
2022-05-05,-0.028352898736191068,-0.0221750601057622,-0.031019271126206727,-0.03504454345582486,-0.025051420425042825,-0.030018786064293534,-0.033128756599873355,-0.03498659546582694,-0.019592665261736975,-0.027008382453258206,-0.02581281967099136,-0.006977231463773048,-0.02619534900983589,-0.033821492349623394,-0.034337975822432476,-0.0276519620000647,0.0004727922107445881
2022-05-06,-0.02293132261364783,0.0007970766582903188,-0.016967253951258976,-0.009693881154178019,0.0013394762895526657,-0.013401654324371681,-0.01247046346707048,-0.01777825787998355,0.0016593649512617326,-0.013558252366282164,-0.004937162973154385,-0.0003793679528210081,-0.0075451507839003895,-0.011276757126248649,-0.01039979566128546,-0.001452103431817009,0.0004727922107445881
2022-05-09,-0.017672401633805346,-0.0022663174891763838,-0.010852694328499668,-0.0034253392304706143,-0.00017345350157815798,-0.011288578887133194,-0.01338307763664126,-0.041391539373707764,0.004595698502334322,-0.010743096120921058,-0.03176916418890341,-0.008863641384950993,-0.016603546551038573,-0.017847730764270486,-0.011981474909295686,-0.019450321351107247,0.0004727922107445881
2022-05-10,0.0006466592278244754,-0.0011178363981867445,0.011778282491563763,-0.006631388224977552,-0.003415805739253708,0.0019192492052195753,0.005564454577846822,0.010740544031377475,-0.004839651403146017,0.00021124670030370218,-0.02211212799772,-0.011397396965967532,-0.00535320957194152,0.0033620176444069116,0.003404995576771208,-0.0014336786031906579,0.0004727922107445881
2022-05-11,-0.0018901053053426153,-0.0036355221433905793,0.0044534744333137866,-0.008285268476765806,-0.006022860244121464,-0.0002326172083861877,-0.0019645621262126545,0.002736687583440034,-0.007492867603053788,0.012681417570717723,0.01622467006170547,0.009578615621087527,0.005934456991618209,-0.0038199923327895124,-0.0013845949024423598,0.013620332522040313,0.0004727922107445881
2022-05-12,-0.001872070332454956,0.016044818135943162,0.016316314844792235,0.010857376157466847,0.01485974284900915,0.009615163179048647,0.01334729519872413,0.009394325904539036,0.014134572526723455,0.014309478767061012,-0.008123816346270574,0.010939784528999574,0.009928918558577804,0.016266914735469706,0.01382070706322569,0.011877633872920512,0.0004727922107445881
2022-05-13,0.019633643856513894,0.018393054384024055,0.015533794041989513,0.016308159686028167,0.01649540323625187,0.0167654517714404,0.01902432204029103,0.028084222508423462,0.007033605619223726,0.00146751488753738,0.023017456818391624,0.00860091514241934,0.012603287663478957,0.01682128066341826,0.02037100893624233,0.01113086451646006,0.0004727922107445881
2022-05-16,0.0010969016890942651,-0.003433973595294626,0.009568540768083444,0.005603302694487056,0.0071185240265707606,0.0016636770307210114,0.005393814173561884,0.012739948991942196,0.0005748238062348587,0.012548771110051815,0.010829479461021085,0.008909715982296396,0.009772921462356754,0.009470104534922363,0.0077010536324400025,0.013356729812662005,0.0004727922107445881
2022-05-17,0.016693809924513303,0.014089677936909295,0.020618006575371384,0.0203086742405314,0.015795337120086295,0.01920297439183649,0.017470761043977934,0.006718312821859085,0.013928544320922276,0.018389731047059765,0.008342535837521314,0.01025272050784154,0.013447452385239256,0.010762270324690792,0.015301453410712096,0.005126611104995238,0.0004727922107445881
2022-05-18,-0.01833412167217796,-0.00943739381447306,-0.017851450604857044,-0.020246370011351655,-0.00977516914133747,-0.0167294954203715,-0.01843635653744935,-0.03766183790246058,-0.008798677874066518,-0.023884520526777697,-0.03910534863952597,-0.01739962385055227,-0.024170023590038392,-0.023972432752633388,-0.02008140049153806,-0.02345547242099122,0.0004727922107445881
2022-05-19,0.0035027012110933065,0.009193920026144609,0.011385124321648066,-0.00485664040425926,0.008713329174335316,0.004203057116270559,0.003642560543349438,-0.0004251909305129642,0.004845279695280036,0.006461797021578342,0.02408211812293115,0.012781999806913191,0.007740090172421166,0.0060875338180002014,0.002293813844009396,0.00754372835628625,0.0004727922107445881
2022-05-20,0.004876678124340561,0.004600415683473802,0.007027065642373209,0.011683237304646266,0.007596397835752944,0.007171131428087785,0.008069259650520522,0.008090168616919247,0.0027211135840874423,0.012091830359000744,0.019008736145929683,0.011183638160149334,0.010260827600579114,0.009906586481326363,0.009214107588172427,0.013728619559779665,0.0004727922107445881
2022-05-23,0.015261045807782203,0.015212932879589136,0.02033194201565358,0.006689767127233459,0.013101444533879736,0.01681254570223656,0.015510808248724972,0.01082268476809034,0.007337873962284691,0.016968021882143303,0.021280840635290232,0.02355165001438575,0.013969684467903143,0.010538321797700645,0.014537937578365856,0.01729063379684259,0.0004727922107445881
2022-05-24,0.004054008027505773,0.015149608862079722,0.0029443420412689214,0.004173176438058146,0.01422733869393733,0.004362158055073451,0.0012360548584180453,0.005247379715380696,0.012792219816916361,0.00015678807684671447,0.0062312278558507295,0.009871114984322249,0.006707456009976687,0.0015186288045261342,0.0009185650344045726,0.0021467907034629086,0.0004727922107445881
2022-05-25,0.003955315827156136,-0.0001328570654574035,0.0005647161668116407,-0.0032865280988338963,-0.0011927069658655975,0.0016124140403033227,0.001160109235332829,0.0035121822396784186,-0.0013559133748924923,-0.0030220464687454873,0.00135024727603561,0.0037078159684995615,-0.00035897142722807196,0.0017005794233653226,-0.001660242612337548,0.0007035040032778994,0.0004727922107445881
2022-05-26,0.013333326874739093,-0.00802897602264574,0.012852516005286807,-0.0021135518799324515,-0.015162029364382823,0.010633006860029326,0.015679020872165772,0.0138744976738705,-0.010857171540748167,0.01883340989917004,-0.0003399163743478262,-0.00899292653225614,0.006443262007922668,0.015548052476702878,0.014749755563540967,0.011366761350985133,0.0004727922107445881
2022-05-27,0.012829212180963667,-0.006620376352343249,-0.009598141113613678,0.00033636504515577315,-0.008655609153231825,0.0006584183030211577,0.002064920217571986,0.007028333087542027,-0.003859982185697275,-0.002005789003138636,0.008966875444861078,-0.007961332227043871,0.0013802043686892418,0.0016025356123914314,0.0009964752775306618,0.0005661449493841175,0.0004727922107445881
2022-05-30,-0.0019670409229531893,-0.005611648947489445,-0.020745949818022358,-0.008443612813762491,-0.008506790006100107,-0.011066820723316773,-0.011831749155258087,-0.005542023752382108,-0.000884565586333319,-0.008468605840520338,-0.00299737369623565,-0.010903566548626453,-0.005136415073193623,-0.009458429472214758,-0.01178125694164478,-0.007400143322769059,0.0004727922107445881
2022-05-31,0.0010902207659420071,-0.0009631471444861983,-0.00011590934347727178,0.0029543122395054855,0.005801264013582719,0.0014951906359670364,0.003511714507168362,-0.013414583974362349,0.0015222279367557157,-0.0003841977732459423,-0.004525689010002165,0.0031550410876275414,-0.0028529113372686155,-0.0008428917559510918,0.006238362041453893,0.0023646384229580875,0.0004727922107445881
2022-06-01,0.003059712376666912,0.0010438558932719388,0.01057539940513963,0.0025266550252989184,-0.0045856704441563645,0.0072958786033949785,0.0009608164881969028,0.006275907256909852,-0.003929471381938554,0.004296192448519864,0.015476200311545396,-0.0006301863481843473,0.004168031706640818,-0.000931407273364826,-0.0023276401755105702,0.001047679258382228,0.0004727922107445881
2022-06-02,0.01792444517647196,0.009547568686436136,0.0088570872657181,0.01961760602981122,0.014506132656452175,0.011829488652724596,0.01202553681573404,0.029401450911084925,0.012316929269738042,0.019055452040216192,0.02845780199937953,0.02014656717715191,0.0207400368404842,0.013311782607942968,0.012677088084476873,0.009338416456184495,0.0004727922107445881
2022-06-03,-0.017744177160945895,-0.016294884707022117,-0.012235063339100627,-0.012383312509713473,-0.015457172634531058,-0.014912926580828878,-0.016548005002898214,-0.018434977540113695,-0.015805093316020313,-0.013168109476913048,-0.011871532941270635,-0.009572483371668272,-0.014252613814233484,-0.01550677162300007,-0.01604243041319431,-0.01129843170465239,0.0004727922107445881
2022-06-06,-0.016047635863189136,-0.011806692480246461,-0.0065087591516154175,-0.012332197581328419,-0.013767262025552451,-0.01089946433201816,-0.012894513807166108,-0.026068164360410262,-0.012166650996821127,-0.0057801678859012995,-0.007476265332115539,-0.003047652435275272,-0.014306314214265092,-0.01589317108626287,-0.013035975853344484,-0.008069365995772237,0.0004727922107445881
2022-06-07,-0.02301550343963532,-0.005626476052447815,-0.014983848642082354,-0.010830830760060306,-0.0070348281698677795,-0.014980038133606155,-0.012625965123678085,-0.019805068311981255,-0.006383002641210833,-0.008230995820949105,-0.00395141646792585,-0.002796920617511911,-0.009602514568651688,-0.011581384541496709,-0.011510407150787771,-0.00044000472158922665,0.0004727922107445881
2022-06-08,-0.010447793167884134,-0.008048520380625535,-0.004172612225312844,-0.013727513403587355,-0.01007120184947985,-0.009251313996828103,-0.011207919837426084,-0.008097542977051453,-0.004101350357623601,-0.0052230329799412,-0.03050551818820435,-0.013160452360752029,-0.010198280091533896,-0.011406800771875392,-0.011724059487587812,-0.015984493164438285,0.0004727922107445881
2022-06-09,-0.00045181185375609,-0.008113792176680623,0.005174377579135303,-0.008730901188677032,-0.009047964247774543,-0.0014575292081825397,-0.002628757817623617,-0.008071453320545263,-0.01020014932380009,-0.011164512473460286,-0.03107214878569986,-0.0177397390033065,-0.01476158541388184,-0.008471064997092825,-0.0051129775253419,-0.012528569582027527,0.0004727922107445881
2022-06-10,-0.016472585203267776,-0.01838897225364855,-0.021835215518155593,-0.018637690302652832,-0.017441054357726693,-0.01970497440039687,-0.02197256173852602,-0.019746418932964027,-0.015544422386506884,-0.010312766485451985,-0.006407197384766361,-0.008612469803377154,-0.013652333757523949,-0.01842579385763765,-0.02236168551349149,-0.014607218776136022,0.0004727922107445881
2022-06-13,-0.04280108926278414,-0.011250906063733801,-0.017617318546386818,-0.02444580883042602,-0.01521992461992605,-0.02446444667608294,-0.030758264021774062,-0.039092619292736774,-0.00637612178584801,-0.024965176720801785,-0.04187744060994825,-0.019691118417318854,-0.02481488823217537,-0.031249654046495934,-0.030987640442790454,-0.02739809291750117,0.0004727922107445881
2022-06-14,-0.010783719261637903,-0.0009177281194585607,-0.002664007079207553,0.0025910185606370373,0.0016901615199118591,-0.0037383795533089126,-0.008271622414830149,-0.01996001876964426,0.0024527384243206996,-0.013683239675209125,-0.018127958976572267,-0.005424357394479662,-0.009313301073191615,-0.010130950709238196,-0.010532325079450344,-0.004847584366284741,0.0004727922107445881
2022-06-15,0.009075945927019324,0.007103925128897792,0.02534157254242908,0.003971420757777455,0.008469159196746956,0.013158368856310387,0.014987187710634897,0.015329571423454036,0.008725724197551576,0.017475764725895182,0.002274673788907,0.0015731963775544866,0.011823319702154667,0.01696607388549598,0.013013979692267696,0.006842878690478615,0.0004727922107445881
2022-06-17,-0.028513646916975555,-0.008500906041044032,-0.00925334530002253,-0.023519784392458942,-0.00868101356084483,-0.016993421499657435,-0.0180148320817336,-0.028619259267881447,-0.0030853508153300124,-0.015139984523847794,-0.05063465178864235,-0.02980478156288413,-0.020051093683055354,-0.017612796640882444,-0.019544301330060243,-0.030449061799014188,0.00049037490119197
2022-06-20,-0.016803949282661712,0.007267974716984149,-0.007706148097840759,-0.0025795376974073747,0.00456556093339322,-0.003942332590110675,-0.002863604083331528,-0.018140598252202045,0.00356056444319508,-0.017952401405730734,-0.005119378500633709,-0.0026009423533418508,-0.007049838693800048,-0.005612075909628644,-0.0019694701069228326,-0.0007644943377591584,0.00049037490119197
2022-06-21,-0.0007839266500578868,-0.006306633576309784,-0.006130695846739864,-0.00048405969731291076,-0.007445007346679078,-0.001954827721557195,-0.001397776608846657,0.0015023321609735074,-0.004420361088977698,-0.006833835828234491,0.007499701213732779,-0.0008026689732871795,-0.0020144497035219366,-0.00020344034125618915,-0.0006287350597609098,-0.001318754999762417,0.00049037490119197
2022-06-22,0.006746634429734888,-0.0010115512918709157,0.004295255151828492,0.009254047331308302,-0.0013769774569519777,0.007082675961297191,0.005133953810312564,-0.022180740234256535,-0.0021623727059697506,-0.0013911038992496794,-0.02164982376425173,-0.007924372325366247,-0.00934854048074385,-0.002981571194632493,0.0053258086820024975,-0.0021754316872253376,0.00049037490119197
2022-06-23,0.010153826749215833,-0.006803137425534067,-0.0012371979555804158,-0.0018349197832983055,-0.007522049302538747,-5.1646599260379844e-05,-0.0003224394164177413,-0.01313723080516549,-0.007372858692926254,-0.0035908890021707496,-0.01564741500802458,-0.014354264997323063,-0.01081084360292206,-0.005903029526492132,-0.0011772432680273726,-0.015335695189050313,0.00049037490119197
2022-06-24,-0.004989270010827607,-0.002200805156173935,-0.0037100193436009343,-0.003648769914009198,-0.005885872702413253,-0.0020696819716967685,-0.0014048744976236094,0.013370994651502821,-0.004850681281876934,0.0002985356804767747,0.028989027214674223,0.008764953420075106,0.00491738415594023,4.5484926813221804e-05,0.0009801245626659405,0.006442210856250297,0.00049037490119197
2022-06-27,0.012014196394463328,0.01499269166039241,0.0029690146839869147,0.010305399070233312,0.01279224164187176,0.009213203540626713,0.007061650374640349,0.02428494522614666,0.008347506097277524,0.005407714937269104,0.029910355204616934,0.018220127496590743,0.014538026098969148,0.010514624051221944,0.008177266022979524,0.02241324867291361,0.00049037490119197
2022-06-28,0.00015510879311975145,-0.0029666206326360856,-0.00011717858768256484,-0.0006411978692407727,-0.0011392903815382605,-0.002210180719456778,-0.007272148670903422,-0.011773937724011696,-0.0006228002878890804,-0.002468450591283533,-0.00735941070768753,0.0005665248296360392,-0.004009518188796912,-0.008548981737991235,-0.006853883201224487,-0.0008653293016221975,0.00049037490119197
2022-06-29,-0.02271356148599446,-0.008760090854857627,-0.008651606199828299,-0.015680335602567985,-0.014738090260262293,-0.012126645789181212,-0.010589862807827921,-0.015360304366681454,-0.007068530590849553,-0.012392993185017853,-0.017177945048414633,-0.011118305492033853,-0.01143485461424043,-0.011000904368309028,-0.01100475655535027,-0.009475811177196425,0.00049037490119197
2022-06-30,-0.006063296935070794,-0.004142572793105703,-0.013142236739223767,-0.004431721352797013,-0.00431685373800228,-0.008040825126860107,-0.00661938641815818,-0.016640669178438205,0.0026922779383549145,-0.01798081076628244,-0.026220560737597043,-0.0073454728288516735,-0.013036370576711143,-0.008102945514491311,-0.005532313026281543,-0.011561192012173649,0.00049037490119197
2022-07-01,0.014783314944122106,0.008797921616428006,0.008459707544996586,0.010013870641086164,0.010807651490416958,0.010568935772994559,0.007400805738355887,0.020608193065790648,0.015147071432224601,0.004904335487513345,0.008756410976295426,0.0072690458006761105,0.009340096770590334,0.008287890345203275,0.005100547813309264,0.0036092354901124946,0.00049037490119197
2022-07-04,-0.009917584361624598,-0.011817237892381094,-0.009475501380276974,-0.01605539494060626,-0.013701685574782574,-0.010510032943104264,-0.010999734429375185,-0.004379878414822569,-0.015176244336767675,-0.006146264074754493,-0.011048357531332598,-0.006955677758235468,-0.00865500389414342,-0.007505011374035475,-0.010869361049369308,-0.0032615940101924368,0.00049037490119197
2022-07-05,-0.005964346245566632,-0.0033307995818215863,-0.012691177605329784,-0.004883884811988648,-0.008755118338268364,-0.006010024520045509,-4.883373687458725e-05,-0.019796970000627634,-0.006064812394672825,-0.0026923322399892147,-0.01167054930747402,-0.01351398897752143,-0.009047890529455982,0.0017400955701465382,0.0021711746497952156,-0.0038762500248797904,0.00049037490119197
2022-07-06,0.016195386099471243,0.012514543938458189,0.0030460735124309135,0.009455066166816017,0.005694085639793567,0.011134305924221266,0.012598268211479358,0.015163160220778682,0.006038986512806543,0.009545094711417734,0.012074119906272607,0.00587946345473922,0.009533911184758992,0.012270532888743135,0.009985977943684388,0.004184866781463237,0.00049037490119197
2022-07-07,0.016881494967159405,0.011685931304110442,0.022482969263333263,0.018157278666840027,0.01418548796389496,0.017411112309293486,0.015986796246229007,0.0182956444115705,0.012067251190702732,0.022458642792425376,0.029516131254384348,0.01877654178424204,0.020104415236396944,0.018814067246000654,0.015152936467733635,0.02068434579715972,0.00049037490119197
2022-07-08,-0.003395862865112398,0.0053114699536780385,0.01122161728924409,-0.0022820443523325906,0.0025863680180937543,0.004154254405192237,0.0008385173655274247,-0.0009624230482199181,0.002216789693186394,0.0105415504946893,-0.016444651106690356,0.0019223561860819416,0.0021569593877461823,-0.0005047231229855509,-0.0014538644456216776,-0.004851852109717836,0.00049037490119197
2022-07-11,-0.02018971069866693,-0.007142251430726665,-0.025435476384533473,-0.022873789593408023,-0.010293547651997415,-0.020250158904127513,-0.022043759862114043,-0.015443881476610466,-0.008857451822402052,-0.024161266334893572,-0.02067786675029759,-0.008202689582232359,-0.01773686757569426,-0.021020349216934187,-0.02118576099697711,-0.02105777940299869,0.00049037490119197
2022-07-12,-0.008155190225570097,0.0017570092311056662,0.007103080979341092,0.00848006245247479,0.00378706136012541,0.0022801573374211515,0.007268449497129348,-0.001629972023551085,0.0006661783931074527,0.002096289363910042,0.006143944870683704,0.0007466559142568219,0.0012625567335105004,0.004155605325142586,0.010283254336425962,0.0002770585293885297,0.00049037490119197
2022-07-13,0.0008699504036879802,-0.0060146308403199455,-0.00097773949989155,0.0020905385633285256,-0.005045621955405255,-0.0014718303765752783,-0.003650331002954088,-0.008822414248223942,-0.005047283530377422,-0.00528559648168947,-0.0036696392638945197,-0.0034899182373201443,-0.005565710413067304,-0.005736143936529214,-0.0037214380410199865,-0.003731037583785124,0.00049037490119197
2022-07-14,0.00014728580665779312,0.0027432201553554414,0.006169397110809882,0.0071141371976306544,0.005506453100303732,0.004676053000273406,0.0009077556667487219,-0.01830203518589657,0.008839101061150156,-0.0005370744322025223,-0.036804684466448356,-0.011200454924517045,-0.006048799754868384,-0.005349008504867525,-0.0005448021491506472,-0.019557435683881574,0.00049037490119197
2022-07-15,-0.0025757669422357132,0.0007423762532834388,0.0024809107831644805,0.006633940037623853,0.00157438984906344,0.0009113435997447628,0.00012008052400735991,0.0010783617059686446,0.007269955806941342,0.003062867686049131,0.021799704262311925,0.009590809033984238,0.007825877075666954,0.0009445454213770077,0.001174782586902623,0.004552399037000887,0.00049037490119197
2022-07-18,-0.006450826032776802,-0.0025547202963739357,0.0019168254889299075,-0.009515740867521605,-0.004830978617352488,-0.003481901438711743,-0.004033605633338433,0.013415963998526736,-0.005270828806933081,0.004962913565817129,0.0009127494040510609,-0.003302998099354859,0.003919558977032667,-0.002680521633052213,-0.005813826142191503,0.004095848932955448,0.00049037490119197
2022-07-19,0.02136217791611794,0.006581675461776015,0.00708786713238041,0.003703719654056581,0.009870448644245355,0.009866041649678081,0.012361264150720475,0.015257812293010264,0.007588692984475509,0.0032964979237148917,0.013130828153914864,0.01043293242688792,0.008207579301368284,0.00926178094494956,0.0137886537099694,0.013234789335009323,0.00049037490119197
2022-07-20,0.014519885790877929,0.005929165980168127,0.00827605191273717,0.011480709980209225,0.007917603365670267,0.008485431469661187,0.008830250092396241,0.028131820739487834,0.003090882942910156,0.0030213899101654285,0.007173642437206196,0.0004422311408263102,0.0081082697904018,0.012723461697609295,0.008118445480680192,0.00034187006504105,0.00049037490119197
2022-07-21,0.0065101964822260605,-0.001711634278152907,-3.771456381207461e-05,0.0008824485244165459,0.0009210106141055441,0.0015247756908511878,0.003120305271832935,0.01127921062958559,0.0018730642263797836,0.0017021544847508618,0.006510551485115812,0.0011732560898476407,0.005011454435631668,0.005395880697039557,0.002386664244074188,0.0076437772293616035,0.00049037490119197
2022-07-22,-0.009310770312960348,0.0019288268550756715,-0.0055366619131385075,-0.0012620709852382284,7.81196510688531e-05,-0.0043048450415784645,-0.005387886153374488,0.0010375807964018158,0.0034314995306106155,-0.005464437491872198,0.0015831098731977633,0.005296068056076519,-0.0004959489969839082,-0.0038775989696814284,-0.004049204905743786,-0.0007221071042701199,0.00049037490119197
2022-07-25,0.0011100007127344824,0.0060850363168236665,-0.0002147453213712236,0.011219864951400815,0.0109691080410117,0.0029249686797474528,0.00306901751097044,-0.0014727128086468033,0.008358477972358669,-0.0022165907401066054,0.007373587200049991,0.014074224827317794,0.004867626336670039,0.0030803771329332985,0.0032451307614951297,0.014082855765067848,0.00049037490119197
2022-07-26,-0.013035082837126066,-0.0032809156614281854,-0.0019704083240233983,-0.013332342507730521,-0.005320380703707883,-0.006825091781776149,-0.010659746202810072,-0.005953346638180368,-0.0033729223333320846,-0.005811281377862021,-0.006113869380090509,-0.0011406830095012088,-0.004728386990799915,-0.011165845924275275,-0.011351966300771732,-0.004677986417513491,0.00049037490119197
2022-07-27,0.0318006692730588,0.011833512704323423,0.027505458123602722,0.03169659384061796,0.012273384145452537,0.026153749776498536,0.025677627976778084,0.026022136972708942,0.00553776737763112,0.023616441150761558,0.012413627398774052,0.00810032021415763,0.014797658022212445,0.023140264892376416,0.023599076936474006,0.01626440743829538,0.00049037490119197
2022-07-28,0.001963522427116393,-0.0038974800513138508,-0.0012452530282602847,0.006083378331126044,-0.004826507773171063,0.0022457095713879216,0.007696482346862377,0.00862245358765179,0.00013088728747012723,0.005159792443782507,0.01159616265547192,0.002573664814787602,0.005225600069970859,0.011395973184999297,0.008568147153369843,0.01120664076705924,0.00049037490119197
2022-07-29,0.006800202676411793,0.0037712661887938648,0.005289859852478651,0.006017642947954593,0.0021273693717758224,0.005306547037858378,0.0011032603308689382,0.00920286878426424,0.0025873942381400283,0.003805866446260353,-0.0016142070868223612,0.01000060446439921,0.002891896236458358,0.0010866333945829254,-0.0004458556512203504,0.005740109454374531,0.00049037490119197
2022-08-01,-0.009039879532205086,0.00026989651089537325,0.0007347731405475955,-0.0005220657215901925,-0.0012254885892237777,-0.000845507958377234,-0.0018717744910689005,-0.02386565354312431,-0.0010103629389404123,-0.008564362097165157,-0.029997471930459207,-0.010522820106512287,-0.012082705594189669,-0.005487228340386396,-0.0011452751372823533,-0.009611994286748304,0.00049037490119197
2022-08-02,0.0006447744052633375,0.001075547397341614,0.00418631231396982,0.0005874695314891376,-0.0010098366141749748,0.0027208658193027535,0.003531551018529422,0.009880317364442393,-0.00023926771879378972,0.007798149098730223,0.024059547408226134,0.011465327221451327,0.007913633770617379,0.005288130563107618,0.00399797234911814,0.011621991943901122,0.00049037490119197
2022-08-03,0.01762529520886913,-0.0028400800083286937,0.029983345326944244,0.010005708985201034,-0.0022427889039187132,0.016449857931151612,0.021617187022017648,0.024175518696007536,-0.0030022914593910155,0.02616759197489449,-0.013156494644308014,-0.007011503868394664,0.00939358050698158,0.018307214043696174,0.020060527193660027,0.0028312717064540305,0.00049037490119197
2022-08-04,0.02600449572454,0.020134989584062346,0.034099872013497734,0.026360091668940155,0.020414334977724158,0.0296831175191965,0.032382609444302046,0.003754287004337664,0.012333848994705132,0.02835973429132399,0.01648441096891262,0.019742205416066305,0.016995378384119464,0.028625792864429567,0.029462197054958894,0.019690411067865288,0.000507880373261882
2022-08-05,0.0007012248163902335,0.00412385390338299,0.006174261525279112,-0.0021131925257009687,0.007779650029390517,0.0019191066579182792,-0.0025727663769375964,0.004212551773176143,0.0011717643160880087,7.775750566452189e-05,0.008970541687220113,0.004859061840458034,0.004634149803030452,-2.9800545371272413e-05,-0.002403997504421551,0.00561463972543752,0.000507880373261882
2022-08-08,0.012860272589671151,0.003652675948303097,0.015092660411999415,0.0057054701948313635,0.004055555164724334,0.011377248122045991,0.014448948221384983,0.022836410666162932,0.0056565953242964095,0.01648075712398489,0.01680641368876623,0.010570541653159182,0.013933556245628642,0.01633098502947483,0.013328437250772929,0.018510850462501338,0.000507880373261882
2022-08-09,-0.015109614425341977,0.0049097685804202484,0.0013249710238554258,-0.00159647464331103,0.005726337405088655,-0.002800753572559711,-0.008406654560808358,-0.0001274901468395484,0.004995025270912112,-0.005685832027692017,0.006697397635728963,0.010045901360308918,0.0025218199312324607,-0.006958228112355691,-0.008221411908590603,0.0027815857981612346,0.000507880373261882
2022-08-10,0.025481010499801116,0.005283212291499195,0.017012369591965726,0.017727652373830782,0.006089789847370852,0.01693750050688969,0.021977279743476963,0.016680903810483816,0.005449525452620341,0.020238043572019526,0.003916888470742119,0.0035208073373407256,0.012212176453316292,0.020463637033091286,0.019850422470883755,0.01401973814804891,0.000507880373261882
2022-08-11,-0.0028557009172226477,-0.011020045454274041,-0.018716186186822137,-0.010601933658345941,-0.004949644076523763,-0.012701131155433365,-0.015710890470369443,-0.0036577821957279877,-0.004553364731202714,0.0009744334198018567,0.0057024151147897495,-0.0057457973356666026,-4.25759779359991e-05,-0.012239840932038337,-0.01649994122158338,-0.004025187370056971,0.000507880373261882
2022-08-12,0.030048118375471944,0.014884815837354681,0.027289919894808667,0.028400467273441254,0.014804047241867568,0.02496352224672016,0.02640700900263293,0.02293296050166327,0.008842486695919138,0.030735002306373937,0.01217836846738618,0.019700450395603752,0.020115745306749755,0.02391284572532415,0.02391150296403599,0.02824596110871358,0.000507880373261882
2022-08-15,-0.0036062692802806273,0.030117660749862107,0.004171011168747407,-0.0018891136671695952,0.002284171470202434,0.010434124549363322,0.018461052850509807,-0.0020133422417104585,0.005378993947649624,-0.005367251001490825,-0.012254584921772116,-0.0016999700062857448,-0.0032344805200444915,0.010198036573266789,0.016407203270878634,0.0017843518904823163,0.000507880373261882
2022-08-16,0.00634292567798056,0.0026462611753026444,0.0014107741525870576,0.00034914131340713084,0.005368902959822286,0.0017350790678634098,0.00029810578716626956,-0.011198094855828122,-0.001979262152438377,0.00044369137664790337,-0.01679662834050244,-0.00100721115683311,-0.00443382994739383,-0.004819410300679339,0.0017528795353365378,0.004730438822450944,0.000507880373261882
2022-08-17,0.017464887587979927,0.013593966040649663,0.015627601716027506,0.016628953277219916,0.018960435326919045,0.013531363588101364,0.006169348301950706,-0.00813694143175514,0.0077095098855675115,0.010560676844119543,-0.01056531423849516,0.018478682626117182,0.002931704935901891,0.0016149935833120743,0.004479628744966879,0.0013857385968141234,0.000507880373261882
2022-08-18,-0.006772333587970136,0.002209270306541722,-0.004974360568173131,-0.0027815542951771244,-0.0035768093305540427,-0.0029817203369828515,-0.00345368096936427,-0.004386082434167937,-0.0029051800361198366,-0.002188873267526703,-0.012356523505071992,-0.004461933441738841,-0.004277043315271123,-0.0034140498874867253,-0.0041607105004266565,0.00046793886945550867,0.000507880373261882
2022-08-19,-0.012175929660430018,-0.003033573430922587,-0.024405799410024076,-0.009902227279784515,-0.00712216637191565,-0.014109547688341606,-0.017981117880097264,-0.019322882183479217,-0.006918993424455899,-0.015650890294700126,-0.013380523608329975,-0.016171788300199386,-0.013465853449296183,-0.017299201489698324,-0.018382523503486348,-0.02044946038092177,0.000507880373261882
2022-08-22,-0.011373541826250388,-0.006058263519099771,0.0023875285023682302,-0.00995124533077174,-0.0010887767824928618,-0.0065906600125149595,-0.00646985996780769,-0.006243220837111152,-0.0016326500769379138,-0.001874974869107704,-0.020240768597713288,-0.0023492854481463876,-0.004418290466197905,-0.00788500782656576,-0.006669465302933775,-0.008693579813394137,0.000507880373261882
2022-08-23,0.006134345907707672,-0.0018182833408226795,0.003516558307525397,0.00399436326188729,-0.0033909561503921992,0.0037411531453244162,0.009650124006696847,0.023435992419177376,-0.004596126656082555,0.011249601006403376,0.04726529024798487,0.01669376982090376,0.014842750941851834,0.014355067351758732,0.011606493143017094,0.022779678884083276,0.000507880373261882
2022-08-24,0.013858446434724447,-0.004645941699906508,0.011009651337262172,0.0009326080229554723,-0.00549122016542658,0.006911225605708227,0.008725338572372454,0.019733477138715205,-0.007078724490061417,0.008840840194299204,-0.021043661881595788,-0.007834722870506794,0.0032442939267229853,0.007757476738702529,0.00661231107188609,-0.00037551025827631257,0.000507880373261882
2022-08-25,0.0068257765553561,-0.004069452730057321,-0.0004650714207287132,-0.003782866800725926,-0.0063778560422136366,0.0013756284230008742,0.0036626218558069024,0.019279645580677407,-0.006194797955308973,0.00800921260056553,0.019179026656442666,-0.004152275779642167,0.006684749136701251,0.005696802961739467,0.0026248017656258504,0.005701598365231764,0.000507880373261882
2022-08-26,-0.008920953135452492,-0.011761543695240406,-0.0022086683760378367,-0.011232727269228193,-0.01209267770435929,-0.008007668065222906,-0.011678760638189845,-0.0023612691770644734,-0.004184378791733279,-0.002695075609081332,-0.02705851080001187,-0.010481582535738165,-0.007243854312287246,-0.01062596463705101,-0.013498103028575237,-0.01065135159118158,0.000507880373261882
2022-08-29,0.007398912584547945,-0.0013976287072887672,0.001152628450300286,0.0023123085553939937,-0.004687179027673127,0.002738876047440275,0.0013216456883928807,0.00915438600412588,-0.001773047741146505,-0.001294842913768579,-0.011279468743345511,0.001997537423107376,-0.0018043477581427547,0.0015657853805197686,0.000608556470705901,0.0002893105689509845,0.000507880373261882
2022-08-30,-0.017252853447677352,0.002484553893596253,-0.017625884538490455,-0.011798024493098191,-0.010265634752135488,-0.010947110886263434,-0.010242295995684714,-0.008200676259678685,-0.004509874053112872,-0.017432730142722397,-0.01913810320685061,-0.023862127102410313,-0.011308082758615723,-0.012710532511879591,-0.01024752351515057,-0.01780486589318464,0.000507880373261882
2022-08-31,-0.006831169365786871,-0.007159039466147932,-0.0029873333353430676,-0.010501936312955373,0.0016197766921701717,-0.010756853581593062,-0.013128771412286189,-0.00460800994533872,0.0015835518393669812,-0.00802078589143762,-0.01516537417049868,0.010256294678641309,-0.005491441636916061,-0.008498429620175108,-0.01341200964093403,-0.007387436390151603,0.000507880373261882
2022-09-01,-0.003980127887885598,0.0036137600814607485,0.00551915018029292,0.011212995532005943,0.006563164315923631,0.004376013097864284,0.00539099913313934,-0.004655016074049723,0.008726786232672534,-0.0011953475787619405,-0.0036922240322105893,0.00716025820775168,0.002658369175380315,0.008093150777678915,0.005912683402679697,0.0075127856382488645,0.000507880373261882
2022-09-02,0.01013617540018652,0.005216777788925153,0.0066487820759510985,0.014097828486430153,0.0039005781554228847,0.009315403840813197,0.007623499571035142,0.019446870735129185,0.0013505985271888843,0.00725918831076533,0.016939467667696828,0.002851820905182878,0.007129400001417041,0.007060441754085822,0.006426422690672284,0.002992258976140194,0.000507880373261882
2022-09-05,0.014908054462572373,0.0017352730188673338,0.005407747123534756,0.00419512713763015,0.0009168974413278352,0.00537578628022195,0.009845965916412958,0.0150479766033762,0.003620443834690512,0.015457985788934536,0.006716824413343314,0.004790194272128012,0.009620770588587124,0.00885314907770196,0.010034581663009856,0.011957034091685914,0.000507880373261882
2022-09-06,-0.025002966308528163,-0.0008581334949774311,-0.034533684365475326,-0.015038988295080769,-0.005935439152514821,-0.021653600598188882,-0.023977080094886416,-0.024126332531220762,-0.001547842466568028,-0.0305819697838573,-0.02047277493800148,-0.01622308953001239,-0.018246815665214577,-0.022314001785233684,-0.022414689840657864,-0.022106743776242888,0.000507880373261882
2022-09-08,-0.015065270071536796,-0.005022471082231306,0.0009128081646287978,-0.004536650274155507,-0.0034878888693216092,-0.004150750732369146,0.0004771116365365202,-0.008309088721163205,-0.0022858297060995847,0.004227058704157072,0.002765052217912345,-0.0018616810361212766,-0.0013371369456081084,0.002822003487577218,0.0021508925065862883,0.0010754203775049653,0.000507880373261882
2022-09-09,0.005863643148782183,0.0059922247044756904,0.014468191488144377,0.0038013877757605563,0.004688533965976793,0.009778237290228864,0.014539984855415744,0.012090431996155226,0.0038144939394060273,0.020467604314817756,0.03695946310603837,0.013473563071342953,0.016774612516429865,0.017014277731000726,0.0175733452949427,0.020954365312946033,0.000507880373261882
2022-09-12,0.011847542882386541,0.0010700227227975478,0.004649112935431798,0.013277429759265713,0.0019352761772264415,0.008577364684196676,0.012030616367113334,0.00644871263758362,-0.0005392198662598213,0.006628497857724236,0.00184543313325225,-0.0012752872641734747,0.004114160647536558,0.008994959408256342,0.014597073889316636,0.009525196694181837,0.000507880373261882
2022-09-13,-0.030195819581639305,-0.019690520374603948,-0.016079860112725775,-0.02462978865641663,-0.023197823274663354,-0.02210900681809358,-0.023767511582495682,-0.023480186712535267,-0.014975143886655884,-0.017283509831608646,-0.025535908929548157,-0.023726830420570555,-0.019668344961871198,-0.020871410888131048,-0.02510311829731071,-0.022973258706467714,0.000507880373261882
2022-09-14,0.0028813615338525445,0.0025653373538601087,0.0009294336579053208,-0.003927661025073359,-0.0012556240515748662,0.0021545587200102467,0.000795626986161313,0.013063236059534855,-0.0016419713819645354,0.0024323534016239545,-0.01788418404277614,-0.006443419409985163,0.0016627390222072602,-0.0006024614519934968,-0.0006318206306359375,-0.0017646271294288196,0.000507880373261882
2022-09-15,-0.0035236331149491873,-0.0032459845342730498,0.00039672989916184065,-0.007172798541810077,-0.0018096005765489975,-0.0036793141528486117,-0.008174609201107574,0.00019992624268994064,0.001004560768128382,0.0020285746831552043,0.0008064903382682953,-0.0022407087315224894,0.0009031097205851601,-0.008807862094359797,-0.00999415760907918,-0.005313866937592282,0.000507880373261882
2022-09-16,-0.001857501598860667,0.001613516799645387,-0.0025754528452209824,0.0030035019619900627,-0.00022270839578031332,-0.00043397578854453833,-0.002048335052412531,-0.0026982432391376987,0.004413324991636491,-0.014023988181786295,-0.0036976695747732435,-0.002621322049154551,-0.003676112487644212,-0.004091161394491727,-0.00485508857757011,-0.0061952721225146945,0.000507880373261882
2022-09-19,0.01532006657582552,0.005593017120109733,0.005336039669657122,0.01649639213623022,0.007404398588430228,0.010521749058726604,0.014257415150875419,0.008321050806915586,0.0074991971587368145,0.021042760445175723,0.03631475299334985,0.019584616851572312,0.015977450053562103,0.01695703377608848,0.017045633596227683,0.02254268344863064,0.000507880373261882
2022-09-20,-0.001308272156385848,0.006593748949779155,0.0009748668767299851,0.0013641111639695058,0.0014176893620565512,0.002250376017630673,0.002754448115885655,-0.00023837012353811193,0.007000056244412578,-0.001402648787298566,-0.012312466388539778,0.0004251400246948478,-0.0006275777368875968,0.002688814760831937,0.004042105500361881,0.005740679255185732,0.000507880373261882
2022-09-21,-0.009401918523106456,-0.005500320935218239,-0.008826260100031957,-0.0005815730675132746,-0.005624190014163366,-0.007108907440958712,-0.005269874891655535,0.004192361221133867,-0.002288193023971097,-0.00872331487481215,-0.0034368981682459943,-0.0011448048712779935,-0.00375590366552625,-0.0014988912567988066,-0.002926093006553554,-0.005093027194172706,0.000507880373261882
2022-09-22,0.017115809658352577,0.019103675629418504,0.02349587353021909,0.016091980899918035,0.020486948569506946,0.01980475147231342,0.01733188333334068,0.023731571764591175,0.015085112814226864,0.02656659883565471,0.019331251406790484,0.02135646743596875,0.02176001165366448,0.017757943087538752,0.01655294663834206,0.019263026278461437,0.000507880373261882
2022-09-23,-0.022748752818438356,0.0015180410440280845,-0.0024919164826088247,-0.006538909521326186,0.002425502497918508,-0.009012072408576044,-0.010371849660634092,-0.025503737584985586,0.002083722559378387,-0.005176416483225976,-0.015930204664137526,-0.011626223477792075,-0.008704102765696109,-0.010846619380079359,-0.012820796705121706,-0.02123923472202649,0.000507880373261882
2022-09-26,-0.025212481981655488,-0.01980063097371909,-0.027966864720333273,-0.022153028753729265,-0.022488822677218856,-0.02326027027517974,-0.025605657077815258,-0.038107480930530735,-0.023137400084887294,-0.01804709155884765,-0.022015974027178697,-0.017857163004447063,-0.024728003815077337,-0.025644327513449805,-0.028363465075590955,-0.023200350346586518,0.000507880373261882
2022-09-27,-0.021301404229731036,-0.013382943157946303,-0.013572577225272275,-0.02780734359562753,-0.026149435247888708,-0.016315264721673772,-0.01525995976576311,-0.023124459665275765,-0.01474852528606485,-0.008164801831353374,-0.018703227566634006,-0.017686070707906176,-0.014144939857467898,-0.014297733984482863,-0.014093611127142691,-0.00684772576318271,0.000507880373261882
2022-09-28,-0.008744100683862,-0.0035028970010109184,0.003943757821073923,-0.004621658966573405,-0.007034629336797993,-0.0003665250954536514,-0.0004307577430417986,0.014968685304694196,-0.00843805690577748,0.01049445223722878,0.005672446286614674,-0.009607382372039619,0.005356474161386737,0.004710315368905649,0.00019024984194637717,0.00038932506710587234,0.000507880373261882
2022-09-29,-0.01095946760618649,-0.002442707337629191,-0.00936536339462457,-0.015748556642561806,-0.0038056670685010507,-0.00974410819385596,-0.013818630981419333,-0.022950329289050497,-0.009707616724979662,-0.011338315796636689,-0.009150738480343978,-0.003741102959136988,-0.013381776738439544,-0.01428585690975337,-0.016826592454078027,-0.007100192546490747,0.000507880373261882
2022-09-30,0.006806439403900244,0.0055317136771306785,0.009400438598092142,0.020199902701150352,0.006118537071079455,0.011902510885305695,0.015436857421624817,0.009227100235233765,0.006264009424377104,0.017660841251961656,0.03858697790454135,0.018058739542351043,0.015312666328776814,0.019027872994023642,0.020028514365823202,0.021556515517477726,0.000507880373261882
2022-10-03,0.0503146570623445,0.04623136831386332,0.05857021901762871,0.05995891502854778,0.05607596128854264,0.054491090376871165,0.057340732027764574,0.03580809640940297,0.0440184051536594,0.04532966655496562,0.024542956516745207,0.05107178009370572,0.04057313954806174,0.0517618536043889,0.057254158155821466,0.055919233005435,0.000507880373261882
2022-10-04,-0.012828846498686874,-0.02620059507899075,-0.029688424584703665,-0.014770049554913123,-0.0217420182257545,-0.022756078616260944,-0.01140673605236353,-0.0018658992005811115,-0.01599623081273238,-0.012726500363561155,0.016671269549706214,-0.012656826401153953,-0.007495401331394702,-0.0019449824400266102,-0.006381081968751423,0.0002602133222331382,0.000507880373261882
2022-10-05,-0.011213508758273205,-0.014842570774503683,-0.01196089139975165,-0.009533110005946699,-0.01514735281932933,-0.01131017916033461,-0.005595118200511173,-0.003264801023763586,-0.00582243509904512,-0.004547200978089805,0.0041195568839702545,-0.0007639675316122307,-0.003126651931129043,0.0005738542240960598,-0.002113836042987871,0.008417048291254448,0.000507880373261882
2022-10-06,0.011888188341999006,-0.0037754918598020826,0.011215495091638772,-0.002006131381863452,-0.004103030670985386,0.00638268507121964,0.009807009562506686,0.011661186963050962,-0.004909123118330583,0.010486290680643329,0.0004815287461505946,0.004977377168400521,0.004644352207054503,0.007375365564346037,0.009055026054424875,0.003924061543332913,0.000507880373261882
2022-10-07,-0.016900596862004624,8.484430869892812e-05,-0.004706816815738479,-0.008807071826449353,-0.0033251266734923846,-0.007172349909143061,-0.01013173644055354,-0.008694228827517692,0.002720487230328583,0.0032895632839842204,-0.005892056849844507,-0.001785731443738725,0.00020492110487002613,-0.009527574238788139,-0.01160272661316808,-0.00998204440786965,0.000507880373261882
2022-10-10,0.002190925583710479,0.006429666325917349,0.0025218754804774424,0.006034708503397601,0.006117689432105555,0.0033591489615141246,0.0010000505172398366,0.011481538373876221,0.004847906188960582,0.0025635142493369845,-0.0008010781190669336,0.0014382956079090903,0.0038863651775713492,0.002049535569332628,0.0006503021253436714,-0.0035494999488568935,0.000507880373261882
2022-10-11,0.012902843067970515,-0.002537964102054535,-0.004463573406923382,0.0008357526547793093,-0.004834183267367509,-0.0008222454035934357,-0.005794290612149089,0.01636900443305045,-0.006617391680480145,-0.0024565659716363486,0.01253093099345537,-0.006319946321721059,0.0009903905109558409,-0.008993781677634649,-0.005048420207068971,-0.00952826294013287,0.000507880373261882
2022-10-13,0.017936110273342853,-0.0023548338067409524,0.001068959968156813,0.0013061892321859503,-0.004379008073411517,0.0040598317128399675,-0.001707551131126639,0.008325379036277836,-0.0020559227676587577,0.002239619896324374,0.0045150025902365165,-0.001138164429518751,0.0013069314384499542,-0.0032270066027556554,-0.0045021557644974175,-0.0039273983295397,0.000507880373261882
2022-10-14,-0.028714637335856885,-0.004580823105402088,-0.01263502029185648,-0.019733447834252682,-0.007423179983313211,-0.017593016448062215,-0.021098526006538165,-0.02720530144071398,-0.00754835273905996,-0.01746852206032501,-0.029956367740042622,-0.013972360114959836,-0.018261702958230597,-0.020656269203426336,-0.023420779922953883,-0.019524419352556777,0.000507880373261882
2022-10-17,0.013920739691877904,0.009959546643300898,0.0038644970192260875,0.014886836759935296,0.012935210043749645,0.009832697314678507,0.011860993835598022,0.009644445256082212,0.007786771751844723,0.006731708198498998,0.004637307913554212,0.012122966906288113,0.0073641412367113634,0.011111446273979864,0.013852564194985595,0.013863183509390531,0.000507880373261882
2022-10-18,0.020904613348423196,0.013394479091269451,0.02273104834668005,0.020214708567566797,0.017874941576084824,0.02045579443454315,0.01902907259815878,0.02061635264142536,0.011579156374764255,0.01809847613830451,0.015214791241031644,0.018259957212840794,0.017038457378292904,0.015086662705321885,0.020002901032141862,0.01872498109360854,0.000507880373261882
2022-10-19,0.0005408675605569346,0.009025926627797665,0.005258047068109395,-0.0023381570948995956,0.007245211341949664,0.004458814974768188,0.0016194431685097044,0.005439545727176531,0.007342333538698842,-0.002705383977353426,-0.013060302364142684,0.003043460457666569,0.00153210625782485,-0.0006070990637513374,-3.346048316943406e-05,0.005053131384055609,0.000507880373261882
2022-10-20,-0.00019775436990043804,0.0015240183349010117,0.00755316065286693,0.00040693982419770514,0.00331904337947031,0.0033979851916909887,-0.0003382255438107995,-0.008716461313450163,0.001616686737907047,0.007350775529384457,0.010120618275018645,0.01294505476051655,0.002691070875004753,-0.0013422200150229324,-0.002311639060844306,0.007925850037365345,0.000507880373261882
2022-10-21,0.017089182245689782,0.013527434026603169,0.006423806119110864,0.017714717240878697,0.013973711690358215,0.012470623180893758,0.015633566682857092,0.022857477269013105,0.00919187892528206,0.01100143812308163,0.024422135260970368,0.020158464001277965,0.014598922152277538,0.01586543550030739,0.01673043760184023,0.023756941293056943,0.000507880373261882
2022-10-24,-0.006259565331550476,-0.0010341638728167402,-0.007877940553066565,-0.005398117791907575,0.0016935327878957462,-0.008795458952795876,-0.01276297772261148,-0.015617477293608628,-0.0025215228879965634,-0.01582041462377537,-0.016571343478275158,-0.008780784735245128,-0.014522279640556524,-0.014423273365606781,-0.014431918455537374,-0.03340768793855797,0.000507880373261882
2022-10-25,-0.014960510107918656,-0.013340491963986567,-0.016340892143691388,-0.0145407417385085,-0.016145407117495347,-0.013611737969660087,-0.013286571250539558,-0.014960983200452471,-0.014123049923491449,-0.010067740801767422,-0.008963776571155102,-0.0118436577984381,-0.011189323239581328,-0.013209469466987978,-0.01335185355635693,-0.012110490093230952,0.000507880373261882
2022-10-26,-0.03552024503638007,-0.014837455550072542,-0.027588429787126945,-0.021382640865680203,-0.01775618588619865,-0.024175984620505853,-0.029270654769324445,-0.03509411621955005,-0.013955876070521622,-0.0247456695048498,-0.007699747353003605,-0.01370648786825035,-0.020945988340310917,-0.02544240902732453,-0.026372476960479396,-0.016655016957861535,0.000507880373261882
2022-10-27,0.02543259919111973,0.0255783870566213,0.030552867745576195,0.03380922798816055,0.027832992395389722,0.029124982979048086,0.031123983261021948,0.027237709724849735,0.02855036165509861,0.02338779001988689,-0.0013042908346579951,0.011762262691149994,0.022142231970315285,0.028895897339253684,0.029845155932882506,0.01698172653460972,0.000507880373261882
2022-10-28,0.009276647506107238,0.007900350535555045,0.010049436362078223,0.008748327860761185,0.006421264444503194,0.009285565648510463,0.011156926393035782,0.004758646038554026,0.005257959880239804,0.007154661260353912,-0.027602491454705058,-0.006232699444910228,0.0005704222682114679,0.008356987908980873,0.01285629704812652,-0.0008318121716038851,0.000507880373261882
2022-10-31,0.030442658232771924,0.01760038499834926,0.022166332066308803,0.03238678835376074,0.013625740215148063,0.026359633188263176,0.028562427669707846,0.03301874425353968,0.014888396603064402,0.01912693655987452,0.002506471104513519,-0.00551311054939474,0.01932755015401799,0.028120774680466587,0.02687821851078631,0.012359729018399657,0.000507880373261882
2022-11-01,0.007926560675403094,0.010750159506138113,-0.0025240179581196287,0.005741226396625443,0.015589626489004083,0.0027297356234448067,0.0029486060577115225,0.024857012615713936,0.0014212237660020666,-0.004248900362357144,0.01823472041530727,0.020844054771678833,0.006605160946329125,0.006429792925932931,0.0046949629444899,0.007405728777953424,0.000507880373261882
2022-11-03,0.013572014164779933,0.006863846323096334,0.006499080496102927,0.009041055498620887,0.00756807278533711,0.010164585967769035,0.008414580987618603,0.007972303501681877,0.004080741077296501,0.002772460528149834,-0.0046300538917003475,-0.00436832561200351,0.003029943886562414,0.0051554853642665766,0.007948456445372676,0.000255934892738674,0.000507880373261882
2022-11-04,-0.0008597101202167945,0.005622382082838273,0.0017658899668449024,0.009871515565937461,0.007225493893647572,0.0059442074977476,0.003740477045476309,0.00041390132027374626,-0.00019704226418360005,0.0006374006064508997,0.04420443931514462,0.00469351146323449,0.009775789099174537,0.003791141456510383,0.003541372221508521,0.009822609280576433,0.000507880373261882
2022-11-07,-0.032137106012778194,-0.01953415485089871,-0.028771386693170697,-0.02745067191754269,-0.02245671802051452,-0.026297074321322667,-0.028940072570726838,-0.04504547335906839,-0.014882587116769819,-0.029290474743610018,-0.025381276876796255,-0.021922335519016012,-0.02758605453407792,-0.029303416394850235,-0.027188075976175452,-0.024548830236426733,0.000507880373261882
2022-11-08,0.009059195089716088,0.005001650436593508,0.0038144525895840165,0.0003682124395822939,0.0036882104050979247,0.004210949068558234,0.0010052839862737528,0.00947076326131624,-0.00040497880560574906,0.00392902824244179,0.02379843170865681,0.010817275808493898,0.005907684219688347,0.0029394077902757942,-9.048185701676648e-05,0.006929311506369773,0.000507880373261882
2022-11-09,-0.02621756331118763,-0.008220388723735428,-0.013929185845564018,-0.012274542393543642,-0.00749703050365691,-0.015371395495232143,-0.02092076932533904,-0.022518623445225483,0.0016645265711998647,-0.00814654069906362,-0.004372116641375823,-0.0028613813837679025,-0.007754556193666939,-0.015123647269890239,-0.020996432498539885,-0.021936756448381445,0.000507880373261882
2022-11-10,-0.0565104348270461,-0.03485812940333266,-0.054958496636102416,-0.054453777778103785,-0.03821895659569319,-0.05049113928213944,-0.05185152770778256,-0.04760552686904973,-0.024527672081356644,-0.03692061301559968,-0.014941604225504612,-0.020056330100622133,-0.032700289802010785,-0.04809166482419314,-0.045669198709330394,-0.03411924369303565,0.000507880373261882
2022-11-11,0.028261501163397762,0.014590411634674894,0.01404655390513776,0.021051569233017986,0.020063187435991336,0.015401271149499296,0.007255608272403569,0.021657658318884998,0.016294287461754875,0.010850357659641041,0.0756373370360468,0.037100605050018665,0.024573530380997965,0.009652965129552493,0.006988163266504088,0.02212812090766625,0.000507880373261882
2022-11-14,-0.0063571232971108005,0.002581760277269529,0.01731416147224718,-0.000321981969885865,-0.003713223088720796,0.005318439498188665,0.0075830347696108635,0.005164084124369195,0.001794300266705573,0.01054133310963934,-0.004284401742741029,0.004846394380669583,0.003958862376490346,0.006920713424015235,0.005499854269892079,0.008443924031357852,0.000507880373261882
2022-11-16,-0.04878012104535534,-0.03169861667992302,-0.03436932946402882,-0.033460469067438714,-0.03439851102952285,-0.03630089232184419,-0.03603855907909015,-0.03498293802217123,-0.026931701967364385,-0.02306792961510229,-0.004180440771682226,-0.024164756237668117,-0.02563675731099957,-0.0337008232458017,-0.03362155675431244,-0.02572448992768317,0.000507880373261882
2022-11-17,-0.021341775229332116,-0.011213574688832217,-0.011730521689743867,-0.004077975970771641,-0.00872432360782538,-0.011838086891132305,-0.009797352374829593,-0.00889815340711253,-0.006904699457324637,-0.012648812335716575,-0.003024956579388949,-0.010829397301521992,-0.0066021917486779325,-0.012745498903856234,-0.007426782007750821,-0.0050952731641464855,0.000507880373261882
2022-11-18,0.0022201924703026954,-0.002255693175855389,-0.00931095354494793,0.0033562994421962866,-0.0035784071310356325,-0.0011298813018976173,-0.0033902140485978505,-0.010929204497920453,0.00241965281190315,-0.006195366543320091,-0.013042511651611188,-0.010658440483763854,-0.0066529893507345506,-0.003734605618959108,-0.006814500531863388,-0.007464713377438592,0.000507880373261882
2022-11-21,0.02351436480731417,0.027252674120572085,0.043876632778327984,0.02350717975364147,0.040025195542239045,0.024633873021437047,0.022730770670686518,0.01248003268910347,0.01882229063041141,0.03047088606501247,0.0022086814658635046,0.04413335061505097,0.01513004376856597,0.021629474903527734,0.021977319819751262,0.008350852263194541,0.000507880373261882
2022-11-22,-0.019570133867353623,-0.010276422414177144,-0.008010196509912415,-0.01728864112120654,-0.006838261622174158,-0.013521224712683577,-0.015168810959949708,-0.001288791402327183,-0.006231784886042813,-0.007058112166634212,0.013434694821318205,-0.0057755913533162895,-0.001030066539314256,-0.011185553995873065,-0.013525663927593246,-0.006505771744301669,0.000507880373261882
2022-11-23,-0.012316630556298835,0.0007494066332569549,-0.012925579802091858,-0.010177290813708884,-0.0014456449215025646,-0.009501363851842082,-0.008197606143681702,-0.006071720911636103,0.0003900972465893382,-0.014268048718094839,0.004092365418869148,-0.0020927889211909134,-0.004826871336024885,-0.007715668209129389,-0.009105533037360725,-0.001841358763288059,0.000507880373261882
2022-11-24,0.03659487605282519,0.017440489550835547,0.026516497641434933,0.029913606531524417,0.02130244741001297,0.027956952551366543,0.03133784311212873,0.03382804195554323,0.019139664087739927,0.026034464574016924,0.013845262102301081,0.02015745657449175,0.02364937266887046,0.031442607764559316,0.031557626705652986,0.027814870622467014,0.000507880373261882
2022-11-25,-0.028226470920778235,-0.02030597689673941,-0.025709330718431955,-0.027815802013859914,-0.01985024653994827,-0.02626136444246574,-0.030210948663423665,-0.03015800109224709,-0.015113472886703838,-0.02015894522305861,-0.008712078642790222,-0.014996785741261842,-0.020503247577507433,-0.02841893537387341,-0.02955583572742493,-0.025643083396418964,0.000507880373261882
2022-11-28,-0.007521481035782207,-0.004777395303867005,-0.005529431497582116,-0.012483626331868836,-0.005733848841782296,-0.008000434657052358,-0.00786524000356259,-0.0029656486920812686,-0.000986323117137533,0.0002026339395013732,-0.00615908998600756,0.0016060532386310555,-0.003161438347410672,-0.006506198384895967,-0.008424838212072294,-0.0013106987215336652,0.000507880373261882
2022-11-29,0.022586725217385473,0.009278058434666114,0.013995393522828525,0.011694750825574918,0.0063950426209820055,0.01372374407870569,0.012094902365166194,0.02760092929584701,0.0009749893796875408,0.018605914376062405,0.04591109528869164,0.020320228552967334,0.018562931739282362,0.016249368038606216,0.007060404661524133,0.019960326548353446,0.000507880373261882
2022-11-30,0.006139276185810338,0.00592858496921056,0.011512135736406526,0.012599629337539664,0.006069071125323733,0.008621271977541145,0.0072171567087999655,0.015466607959148782,-0.002790568363568946,0.003276079392473319,0.012130901454003196,0.006204192992026902,0.005522308055343039,0.008076106881625078,0.006191290146646988,0.014483464825946868,0.000507880373261882
2022-12-01,-0.030280177613936532,-0.006419567368957768,-0.020530483485837525,-0.020407230136620713,-0.01082060047648059,-0.018577680310620015,-0.019771424697748397,-0.00922264818010965,0.0023942105558887317,-0.01642489724168361,-0.011623675785897403,-0.010103611395418044,-0.007748586868296492,-0.01628561477007906,-0.018983451178706034,-0.014378358928657353,0.000507880373261882
2022-12-02,0.009910017586358899,3.474570122863341e-05,-0.004978588108667137,0.006159633642467854,-0.002834285756076138,0.004149837822904123,0.0061286192768941206,0.011224504175799899,0.00177060125979156,0.00579073508064698,0.013747933714632232,0.004408132864133885,0.007806344077881722,0.01025499257136575,0.007222980189279138,0.008352225296772486,0.000507880373261882
2022-12-05,-0.032818389659861724,-0.01893014914908664,-0.036714896754921456,-0.03132503883853277,-0.026484856738682172,-0.02996162078897535,-0.033225103818385726,-0.03864079466251613,-0.019575247546646413,-0.027461595496625746,-0.014315653857877697,-0.015941825442006063,-0.025719543174629766,-0.03118224119353552,-0.031148676395775676,-0.022699382628994402,0.000507880373261882
2022-12-06,-0.002763347812861028,0.005061411949850214,0.002248808319632145,0.010792387406296733,0.006050122182454709,0.0032404729737538496,0.006740811048151496,0.0029940756096438204,0.007346118769279153,0.009924926264370137,0.017477795528229256,0.00800733021533695,0.007365035972204614,0.004146444378636982,0.00985000411207615,0.007020751892654387,0.000507880373261882
2022-12-07,0.0004544432184052649,0.006457135719615259,0.009440510535634772,0.0018174249549622878,0.007354727780092052,0.0038620210196353977,0.0017814607499999635,-0.015376301721584329,0.0023864081314690644,0.0023815532771245262,-0.01369130024282883,0.0014925463519674942,-0.004565097637952764,-0.0018214906813398546,-0.000554414012579274,-0.009821310747170409,0.000507880373261882
2022-12-08,-0.03333819038129926,-0.011092489701452046,-0.020945181289558357,-0.02587542181473712,-0.024354582337636654,-0.01947532185338119,-0.025293973253459834,-0.028818917463573568,-0.019009200315783903,-0.019795588812387965,-0.01188137153636104,-0.015594641944723264,-0.018443160162158523,-0.02242439547061703,-0.027679665537374776,-0.016712577492743907,0.000507880373261882
2022-12-09,-0.0026803302894182757,-0.0006170423661755464,-0.0024391880446492653,-0.00723371596327127,-0.0015988754615080536,-0.0026980412370803952,-0.005651631875878471,-0.0002792829713145206,-0.0006675521653027872,0.004737445158301323,0.017509650345301164,0.007145114320372237,0.004414618615576682,-0.00284340061285715,-0.005495621230825698,0.0021830943528193814,0.000507880373261882
2022-12-12,-0.014782063398433798,-0.011705954584385725,-0.01587499020350447,-0.020247610462201804,-0.014213766781551063,-0.013885041003618648,-0.01410350810076022,-0.008206477470856566,-0.009551406891629588,-0.017168526507092108,-0.01886544308825111,-0.020250387681946647,-0.011516739382917862,-0.014823539964173293,-0.013615650381471611,-0.02030361720856999,0.000507880373261882
2022-12-13,-0.01697974367368349,-0.029902463667885626,-0.026620805811555015,-0.023164573878150407,-0.025238193510763396,-0.024982034001938436,-0.02713226521412837,-0.008363408824263896,-0.019250450071716108,-0.02023788587838704,-0.008764365276368147,-0.017203612339968588,-0.01631153180282141,-0.02019443473919158,-0.02735089915588096,-0.016939239921218263,0.000507880373261882
2022-12-14,0.0036376522297527636,0.007232078579310741,0.012185149304288823,0.004758172824440132,0.005607744364412692,0.00915974906643724,0.008904041764763448,0.025429960326534662,0.0018556359882047069,0.015428675139704584,0.017688912612998875,-0.005851891940421572,0.0148649442507931,0.010050611566204237,0.007496191097132954,0.0006322470579347428,0.000507880373261882
2022-12-15,0.006146441056206653,-0.0031588481662691015,0.009263836492374944,0.004380811846142141,0.0008755527022659138,0.005060116351551125,0.0024190353735511483,-0.011831545487001383,0.0060045823414276445,0.008407243702726941,-0.019573031969251087,-0.001461802414485791,-0.0011465793203674357,0.0010862244969067625,-0.0021794820209498633,0.0001935573382338962,0.000507880373261882
2022-12-16,-0.013367379931022327,-0.017007913207973235,-0.01386530358720428,-0.0010148047740166088,-0.0020145994498369513,-0.012170705285297734,-0.01445635631865172,-0.01806906383273532,-0.004037539159738257,-0.01656255883061497,-0.010695664011883599,-0.00499628532041263,-0.011161422478600747,-0.012454206928963374,-0.012577876647423047,-0.008308620321497595,0.000507880373261882
2022-12-19,0.016093483517815255,0.014633269107184432,0.019794086548971634,0.02061909494174996,0.015846402320832897,0.017059948730051788,0.025297258080436036,0.02309603064751431,0.01254361611217547,0.013329926933313807,-0.0028849113718472097,0.002475935546381036,0.011413237645196972,0.02221778793590934,0.02467644286234494,0.018381341287574404,0.000507880373261882
2022-12-20,0.033067015912717546,0.017917924904798044,0.026190305831400584,0.022250386016112955,0.019767408992859226,0.023301049051714706,0.02542989383687333,0.02024100464572931,0.013012694070724473,0.025987452661879518,0.019836762384857654,0.023574781943625167,0.019050464515994348,0.023236098501408398,0.0262077623599275,0.020392902305372607,0.000507880373261882
2022-12-21,-0.002991221527030019,-0.0076407480837416,0.0001071117439401803,-0.0006576378313148945,-0.005208508609503615,-0.0014882067716528447,0.0005028056309412943,-0.002714844522808124,0.0027257867651797607,0.008607917682828425,-0.0019211653455010191,0.0022257224295227918,0.0029635782078152317,0.0030761449473519775,0.0010421217858473941,0.005693264140313792,0.000507880373261882
2022-12-22,0.000653494447583336,0.009201993676692943,0.007051173244491782,0.005632043619014704,0.010981509378845233,0.005787407885287088,0.004683749376328983,-0.005250540101734313,0.010737092158300099,0.0023918597927794494,-0.007890251762736056,0.0035703015826267226,0.0021178792228007115,0.0012167242319736093,0.004283769846786578,0.001323760480319125,0.000507880373261882
2022-12-23,0.030707243364186843,0.008536259959339931,0.01701471801318255,0.018874070467397752,0.015506988838812186,0.016737019396713126,0.021980593566375717,0.019020730124843732,0.006174420772891986,0.011910123244977422,-0.007404915228046982,0.004028728813667781,0.008519590825815104,0.01958551028249733,0.019965747250766164,0.020379734519790027,0.000507880373261882
2022-12-26,-0.019949876808528555,-0.012049732706495675,-0.0049238450718789295,-0.015244593922764005,-0.010321684241677564,-0.012383827409593984,-0.014541557533588878,-0.00281108049935197,-0.0075297276571515415,-0.0020248927139151496,0.0002535879698450927,-0.007928429654583069,-0.0038514256700378224,-0.010989055545632231,-0.016118850880903035,-0.008732081794357915,0.000507880373261882
2022-12-27,-0.012766056253319058,-0.005604486986966251,-0.02543513418437915,-0.005014443099539911,-0.005485916291658732,-0.012925538825462213,-0.014608147256525705,-0.013525851293976432,-0.005269843312832756,-0.012983552627623074,0.021631299425168837,0.007391231731817438,-0.004343035318168598,-0.009940733550795389,-0.011529318923288678,-0.0017000133886616586,0.000507880373261882
2022-12-28,0.028396044643821616,0.014603486599465532,0.02175205890555154,0.021661354399018062,0.01853049021884101,0.021703109462628545,0.02489848630547975,0.027258429599105405,0.010028805050079193,0.01651552514984833,0.005046846793411275,0.010650998823698021,0.015701099380966532,0.022507200377717584,0.02569669590728685,0.014968970262363435,0.000507880373261882
2022-12-29,0.00014624896424297873,0.0021919020044463,-0.0009098629212321852,0.0026323892324167097,0.005912243138662898,0.00018069917348251252,-0.002350962608352436,0.0011717104986652682,0.003842409157956528,-0.005753313686766015,-0.0041832180226196725,-0.00391844027611743,0.00039937248198929076,-0.003955187707299301,-0.0007941756235545494,-0.004765258577337228,0.000507880373261882
2023-01-02,-0.0032,-0.0021976854360361013,-0.002624951444315382,-0.0028,-0.0016331884419578324,-0.0019413141048060007,-0.0015191121629653539,-0.0035999999999999995,-0.0014831769331663737,-0.0022819329303666717,-0.0024000000000000002,-0.001269672449779193,-0.0018175929754170308,-0.001129492692980217,-0.03468967701076642,-0.0288496180947857,0.000507880373261882
2023-01-03,-0.025190361575323506,-0.01713342894505543,0.02610673736604574,-0.017349851906301117,-0.017595863804562684,-0.007955636439432201,-0.021222622343209374,-0.03193444103309073,-0.018791895607342513,-0.02537101763269256,-0.020749628393350483,-0.015442287630276552,-0.024437653856481334,-0.02955590180291534,-0.025212813068936524,-0.02015041579257415,0.000507880373261882
2023-01-04,0.012962989865660912,0.00872116496408415,0.01464786167293819,0.005259290780789794,0.0053531396808137455,0.010728168226075807,0.014017930337283824,0.006321333436275944,0.008624558909209545,0.0326776123456467,0.0064093264343008105,0.010182490707741465,0.01435661252630216,0.016267283942218214,0.015002069599103551,0.010722651245169912,0.000507880373261882
2023-01-05,0.00997113038589248,0.005775945846685504,0.08657540921049689,0.018857360314267213,0.004985765367499173,0.0317395905038258,0.028529714887756352,0.007801598250930741,0.0021798731352413725,0.02525116404149874,0.017352281962631944,0.011568191394920158,0.013827380277588563,0.019480974241026905,0.02040335922709935,0.021169989606436346,0.000507880373261882
2023-01-06,0.004843355770014046,0.008369898756400929,-0.03373158952236399,0.013221419177281923,-0.0011361750808033255,-0.0032519999615802098,0.008805216345168176,0.007528199090551357,0.011569723199014614,0.02604147685293534,0.004129929145134881,0.0051964482649995425,0.012893658888429416,0.018473668414039857,0.014345081245471514,0.01245957909984341,0.000507880373261882
2023-01-09,0.007925041349638784,0.007110664240536968,0.010448406493708484,0.00797875377131052,0.01007524710027452,0.008173924115608022,0.005718936356901239,0.006940515568301997,0.007740620966007805,0.020693215033211976,0.013121114096004804,0.012840062309408928,0.012229870616767835,0.004314009136921593,0.0027035164933726374,0.0016017999616726453,0.000507880373261882
2023-01-10,0.0031046512111512214,0.01064239851066251,-0.005850213650576919,0.014642032051399578,0.003184460597077665,0.006086137281754445,0.016881651745461967,0.007487373708970679,0.006581678122679735,0.05455474819537387,0.009027443997730922,0.00977912135418113,0.02146712841432552,0.025836550316211238,0.01996613743091724,0.015257691130439843,0.000507880373261882
2023-01-11,0.028605486813897407,0.010407120643712853,0.00823750095674991,0.011135072906096166,0.012465157044686759,0.014963548450858788,0.011432646815885628,0.02223113986586811,0.011318209206558238,0.006475786199963363,0.011552821015272219,0.015152305963459733,0.013167149606840622,0.014122371547917068,0.015641443247306208,0.014503395272814856,0.000507880373261882
2023-01-12,-0.005936011283638187,-0.006000744045734696,-0.12073426593289394,0.003743723736738591,-0.003612829877010282,-0.035408397397805325,-0.021132499359361345,0.0014330960150061856,0.0012879124383076146,-0.10578139322130353,0.006967865027563969,0.0024450717229635988,-0.030738531870096564,-0.019310004468012232,-0.01898086186373249,-0.005025807578460495,0.000507880373261882
2023-01-13,-0.00027938048612852207,-0.011926911156075692,-0.03180337820847945,-0.004340272890715591,-0.005281662731966286,-0.012892759840542944,-0.01442223097819162,-0.008589305310754858,-0.016119504165723608,-0.009739739487766741,-0.0012190534614620052,-0.008880644817848893,-0.009276545964247873,-0.013897718051348318,-0.012008085024786452,-0.0077321280180241425,0.000507880373261882
2023-01-16,-0.0036118236183846353,-0.010582699723170608,-0.023727807720401284,-0.0027968040577988074,0.002011863739373121,-0.011380021158368003,-0.011258316530304291,-0.005032403138775621,-0.00890553940637151,-0.021691825691546818,-0.012803409258622334,-0.011937842110590235,-0.012527000186784099,-0.011519083287024556,-0.011040442381299309,-0.01521375429789984,0.000507880373261882
2023-01-17,0.016626862460085823,0.016233838436380488,0.025029767540546644,0.004281199568248351,0.010984222078405548,0.0147205567499602,0.014233677492855312,0.01002454286194654,0.016278610245235248,0.01802744821244806,0.020268596468210998,0.02069930683098553,0.016301586103447452,0.014921865135184786,0.01589298295847552,0.019097253634895006,0.000507880373261882
2023-01-18,0.010120515852972023,0.011511669119876222,-0.0022155469134661487,0.006191184294408902,0.0013803709611008852,0.007145432218257142,0.008512440765076734,0.013186561543442554,0.00803230272075095,0.005641927751359521,0.014859372072436816,0.010770856247860339,0.009811959678740712,0.009258436099177425,0.006070893596268112,0.0074085440797910795,0.000507880373261882
2023-01-19,-0.0022670770860301337,-0.0018152718532719048,-0.00998646310327067,0.0047547282339903685,-0.0002198617655666535,-0.0029012110149397863,0.0014405391852421179,0.0013202163705270387,-0.000132012271563009,-0.0049487829482851575,0.0025018784667241167,0.005480000299311394,-0.0011296442309035593,0.0011275572662128308,0.0014700049734643894,0.00599679829466182,0.000507880373261882
2023-01-20,-0.005960473960212598,-0.009420849447029367,0.007955750695667119,-0.004227000537759706,-0.005454334392041904,-0.003944825194063806,-0.0070640151685981145,-0.00713340579073618,-0.00880549450901813,-0.007727340200916588,-0.0015894478919721289,-0.0071104196486796445,-0.006315696282327421,-0.008342008598072437,-0.012060235169871203,-0.00717611942290719,0.000507880373261882
2023-01-23,-0.002132249002737785,-0.0031743002630837402,-0.0017563536676458158,0.0058232239847164635,-0.0032708501131869516,-0.0006916668302110462,-0.002007662101859986,-0.0010586860505634732,0.001697264149248312,-0.003593475000069457,-0.0013275854568179923,-0.009751337324441445,0.00012788503875227342,-8.304007562232041e-05,-0.001740286845085759,-0.002247087629905331,0.000507880373261882
2023-01-24,0.010120117914699023,0.0027151328778964867,0.011056335048445165,0.004994960867725995,0.0037201104286641584,0.007351820199962056,0.015125431518754118,0.013672405629425954,0.006453880577485416,0.0004762720648008312,0.002117232574547101,0.008527680237426782,0.004898130263566003,0.016577257349597696,0.01801962590313244,0.01139380342325702,0.000507880373261882
2023-01-25,0.01553457158893723,0.00459823374674917,0.012034295521733851,0.011948063493855798,0.011942670955919166,0.010234210218917905,0.01147024517694395,0.013696681573022174,0.00938885171050785,-0.011958029616294996,0.00854285244750197,0.010443399745962756,0.003713374437916084,0.012189844333319488,0.008624926821174439,0.010941537165130022,0.000507880373261882
2023-01-26,-0.005795980988589355,0.004314934788466562,0.00567082885080028,0.0022981260943244486,0.0025073886667550394,0.0017921438208883256,-0.00091073720610646,0.0008739281688345812,0.005051260745738473,0.013996226588068872,0.010759788825429162,0.003946755632123544,0.007427309287935113,0.0035235752866034087,-0.0016078068645284382,0.00019912012379630362,0.000507880373261882
2023-01-27,-0.012375229668871612,-0.005407320621711453,-0.0160712622958753,-0.008601105940614029,-0.00905463411790397,-0.010261936588512377,-0.009950247888780739,-0.0101320508138113,-0.00472913391820351,-0.0028959568427385785,-0.020277235393037496,-0.01629472117009323,-0.008593767850732736,-0.008469775079316455,-0.008676863769197296,-0.016714319712961778,0.000507880373261882
2023-01-30,-0.006142462484112543,-0.003301738232840523,-0.005273658028490336,0.0018687194608191238,0.002045093188891345,-0.004415769646826662,-0.0056915421230600005,-0.005898284384344921,0.002122455776361498,-0.0013444292586527462,-0.002536225063939357,0.002155570660318906,-0.0024216802853905817,-0.003850199641079577,-0.002574725043826831,-0.0007468366224224754,0.000507880373261882
2023-01-31,-0.0017702465335308615,0.014080897535611259,0.02101036709690085,0.0026269788312844877,0.005238429314339044,0.010005774946553858,0.018045953083000166,0.0017360552119589645,0.011126629497993035,0.030097121146000383,0.004623889643901258,0.007858592951904164,0.01383677436476538,0.02049376465947672,0.01529643324278096,0.00954117460207038,0.000507880373261882
2023-02-01,-0.005999804442514134,-0.018144035898086552,-0.011817914013262154,-0.0018342304667353648,-0.0005691226779195313,-0.010670405736058153,-0.008084717965746502,-0.015953368550563618,-0.018620658264897116,-0.011058985588725978,-0.01426857547333471,-0.012202627602517668,-0.014364182543509463,-0.009441454840646069,-0.00876706729057053,-0.012002414222660573,0.000507880373261882
2023-02-02,-0.011246670749161747,-0.004321755427821206,-0.01605162161527829,-0.010966737060586262,-0.009511923848593007,-0.009518168968200902,-0.008597566039281856,-0.01399305607454071,-0.0010340457466957442,-0.02116144071536108,-0.033417755753113676,-0.016330824882510697,-0.015465990220808412,-0.015624807815907582,-0.008985197543129653,-0.018732071714193554,0.000507880373261882
2023-02-03,-0.012266083389812832,-0.013322009123199474,-0.03576883666021724,-0.019568362933076955,-0.012699719455935954,-0.020864587087446984,-0.025261611314235655,-0.011704194079872443,-0.014505312858130393,-0.027823714807853284,-0.0034237593501798003,-0.0065422612091209364,-0.015332114401172103,-0.025462799749383924,-0.020771990441542654,-0.013991734307547521,0.000507880373261882
2023-02-06,0.007507191704817506,6.850816474646138e-05,-0.010977287431346738,-0.0003901263413939038,0.004097968064270985,-0.0010967772168777312,-0.005440109199292054,0.009192813513999365,0.0006542644601419401,-0.002789643169776812,0.0040202925386805255,0.00415435469959613,0.0029288980159931643,-0.005349331557728654,-0.002021782452344967,0.0012562535851861067,0.000507880373261882
2023-02-07,-0.011005931916899692,-0.011041399177205813,-0.033300909807947976,-0.0029871004161639014,-0.010902194339669213,-0.01464233266781556,-0.015281540146758976,-0.006521177687926261,-0.015611941066528523,-0.014997256601197329,0.005551345620071535,-0.012160504369566616,-0.009332708211696183,-0.010369857035801622,-0.013881137717789871,-0.007339841059740615,0.000507880373261882
2023-02-08,0.01015400387278853,0.02827710925218252,0.00024537504127342125,-0.0029930325626653653,0.015338167804509029,0.008668947767990431,0.012914586842772247,0.0122829579848025,0.02171773634455665,0.001800677682937124,0.0071604817093045,0.016581569945961494,0.011747495938427166,0.01538352481302585,0.017802581734197798,0.018433945810294006,0.000507880373261882
2023-02-09,-0.015712439424698466,-0.01769457123092666,-0.024667300189736285,-0.021391162377252027,-0.01836500306223765,-0.01999024644404157,-0.02460415686711437,-0.018982313795787742,-0.025705771995143012,-0.025004088050835316,-0.028120780171684623,-0.03582709619486457,-0.02193981895063002,-0.024580425825740715,-0.020907793576920186,-0.016958306816205027,0.000507880373261882
2023-02-10,0.013021674802835115,0.008529182981997563,0.007394243843784176,0.0015032319880716738,0.010618600201374173,0.0071779253520662945,0.0009987583269330802,0.015300864365169975,0.015008558720620124,0.002205527524898665,0.006142129027804977,0.006486453961818794,0.010053576600802305,0.0033327849741275895,0.0018317723875085345,0.0003576244485077318,0.000507880373261882
2023-02-13,-0.0019748655598695875,0.013158897681347703,0.00697246978880095,-0.010212045708626105,0.004524796733996972,0.001823564203500494,0.005913426745925321,0.0018733510229764772,0.01000626272938332,0.003805344080408446,-0.0006679940489801028,0.00684638642959734,0.0031723029356021115,0.006487477832723965,0.007877292491996535,0.006292289132081574,0.000507880373261882
2023-02-14,-0.011498355829705709,-0.002750521765963132,-0.012242076807989832,-0.01358127648904961,-0.005524821414956915,-0.010897007153093052,-0.014219260853757465,-0.010028308870532188,-0.004784959476321293,-0.0021514846047419045,-0.003917910820126602,-0.006812767376172868,-0.005208084730743967,-0.012681498588499762,-0.014288733195701897,-0.008547727357951285,0.000507880373261882
2023-02-15,0.016535227992117818,0.01270191553052924,0.018359707435942063,0.014368254580106266,0.012112804505352903,0.015599100630987017,0.02132351449776504,0.01149987293770005,0.009873661217895124,0.01562947448104257,0.01120288797048441,0.001736972688006766,0.012781818494159491,0.020050687327045846,0.01745440153039346,0.016387149131015022,0.000507880373261882
2023-02-16,-0.0022401018786941673,0.004602594471003307,-0.0033730487472896087,-0.008704459786997965,-0.0008848988948277903,-0.0033075001437492535,0.0021186589206569906,0.0004105858998213474,0.0036998346932448634,0.006765390092534407,0.0009780242664618743,0.004669969776968319,0.00278617626415123,0.0028213693263485773,0.0017116071602232275,0.002904047899905171,0.000507880373261882
2023-02-17,-0.00802419223058004,0.006979022617194852,-0.00832325402558387,-0.0022730665257719718,0.0003384382570716937,-0.002744525381596641,-0.0056406614740164285,-0.013206169711540428,0.007407853305418044,-0.007929772955795777,-0.006770885297236462,-0.0012272628028413557,-0.005496600921061745,-0.005051123763930354,-0.003637422737128193,-0.0069715384075895726,0.000507880373261882
2023-02-22,-0.02393866767890429,-0.011912689794620568,-0.018467348536957084,-0.005506644200367061,-0.01537124653148858,-0.014733223254230432,-0.020117373287985796,-0.015488808133767185,-0.013014513179737897,-0.01619477190438645,-0.015356097202357422,-0.018578068490331834,-0.015322832409183862,-0.01890137598035535,-0.018464626517607163,-0.017658871746669136,0.000507880373261882
2023-02-23,0.0009079701227800996,-0.0015266572487012686,-0.00376688675626502,-0.006178847185872138,-0.002802353308137273,-0.0026689140946438705,0.0006656099244739533,-0.001970082050713473,-0.0024815001777721557,-0.0037726465561565004,0.0094958836546708,0.0026221915148989527,-8.914990951924828e-05,-0.0012717851370256383,-0.0007875553025966653,0.00362270167754164,0.000507880373261882
2023-02-24,-0.008793390669699974,-0.009675670026431216,-0.015664226711770923,-0.0007781370146088262,-0.004946477861148435,-0.0086741551031837,-0.013354354650133682,-0.009111176186174075,-0.008188573802909271,-0.015540448396531903,-0.013350951615700102,-0.013158344322991122,-0.01092598332018424,-0.014856439546654832,-0.012451856684428164,-0.016782116834693883,0.000507880373261882
2023-02-27,-0.003290309296030136,-0.003957363033435968,0.006730535253193226,-0.0016643152017878915,-0.002318197414954981,-0.0016588510273839452,-0.0005116403619391807,-0.00420622291416084,-0.0010974543580480889,-0.01041229523628473,-0.0008794627295171109,0.0007432018005009144,-0.004779388087375214,-0.0032380393563588017,-0.0017806661904811172,-0.0007753779187519294,0.000507880373261882
2023-02-28,-0.00035799711843409465,-0.002736136551763524,-0.0220347468550387,0.002336459319788098,0.002388824779519849,-0.006724166067038517,-0.004030168548391666,-0.022054432814893277,-0.002300961702304649,-0.01964451051113203,-0.00733684942308388,-0.002580476262091902,-0.01305506910816312,-0.00995478124320237,-0.0037591711682656292,-0.007146147729568453,0.000507880373261882
2023-03-01,-0.013400875464564699,-0.0034843010154661513,-0.034481157430854004,-0.0052023126013396315,-0.004129539541915195,-0.01241808109333098,-0.018551250637822925,-0.006545188877107977,-0.0022721479761189656,-0.014387022435843444,0.006096204327124877,0.009442554557160143,-0.005031921401870254,-0.016529632625019386,-0.01467528569935217,-0.0029277236746301227,0.000507880373261882
2023-03-02,-0.010127675029990346,-0.010658517222337904,-0.014163298247901412,-0.0012909614545265624,-0.0027123162060120887,-0.008729325812903421,-0.008073036258606336,0.0035815906373579676,0.00799116457589455,-0.01001723505592933,-0.004716960497497702,0.005480153033909696,-0.0019236844464312064,-0.0077407309153255666,-0.005694710148151594,-0.009465781595965339,0.000507880373261882
2023-03-03,0.006855601890055407,-0.0016258636676813598,0.005417230173537568,0.008206498318380051,0.0006687729638705786,0.003951951777831031,0.00046453368486942814,-0.0008998848922396885,-0.004649352988740363,0.003279403989933538,0.004403839661104358,0.0016612772031545653,0.0006938278744670345,-0.0025206109689013267,-0.00022028175413113527,0.004975729645579463,0.000507880373261882
2023-03-06,0.006404170666665765,0.009783324324441622,0.03054379892658976,0.028853241032269494,0.004107961005547445,0.020237198945423973,0.02484774360340314,0.006212278931501114,0.01359626908194489,0.009643776809849625,-0.007949954786079183,0.00019950909407606687,0.006425614666257351,0.015757364802493345,0.020614652652742205,0.00580369355574839,0.000507880373261882
2023-03-07,0.004085805859063818,0.003909671929516634,0.005189056319322205,0.017742229851380298,-0.0016461375528967759,0.007709690229541044,0.008297963015260423,-0.0034773288462148777,0.005634307013116624,0.002061820134177328,-0.01232530457778469,-0.005393325634993729,-0.0013882124838454635,0.0022756643810426525,0.004921389322710024,-0.0047349021704016225,0.000507880373261882
2023-03-08,0.01599880901971673,0.010450981527352576,0.03536099741206722,0.011307155706663519,0.010501356429220232,0.01792508143653082,0.02972026847032616,0.018855693152910913,0.008987226474308496,0.031331141381324645,0.013255656633682333,0.015317751426913162,0.018107770020815872,0.030437672546379302,0.02505034908700332,0.021379380650533797,0.000507880373261882
2023-03-09,-0.013285105531818386,0.0015338089188003945,-0.0018361546919808402,0.0153739506458197,-0.007782895579664717,0.0017193384436511305,0.0009857639857966394,-0.01413351669114371,-0.0009851806534159069,-0.0016438047102194098,-0.018768437807417326,-0.01663723772823955,-0.0075251962531615035,-0.0073202532835249245,-0.004793980018534039,-0.013424476365751392,0.000507880373261882
2023-03-10,-0.017274166081683306,-0.012657450360553324,-0.023808079437761975,-0.02879919586361901,-0.005808519666283263,-0.020869634173980023,-0.023080286859181287,-0.018001186088246413,-0.007960747369244459,-0.018753979356433415,-0.010352842791936157,-0.008558080750401986,-0.013874083006188642,-0.021358482858091166,-0.02069630394940758,-0.013198212991077374,0.000507880373261882
2023-03-13,0.0001645478712184456,0.0034229124782807485,0.01160439967229654,-0.004510054655546547,0.007530988939868921,0.0017948807899090813,0.004279985303436984,-0.007269248540338724,0.0028959692032450857,0.01092102783692983,-0.008742074643140696,-0.001525700632870497,0.0004939974995192831,-0.0005573590141007001,0.003282610229513816,-0.004487493507216889,0.000507880373261882
2023-03-14,0.0027985912625929643,0.008376813709999986,-0.006097587796948467,0.0006298424238255773,0.008430623773401758,0.0014692025985270085,-0.010357499917657331,0.007375779104510594,0.007060812841242381,0.0049804970553744,0.006445692424814409,0.006529358131893481,0.005786645256227851,-0.004234173995286361,-0.00745798811812215,-0.0013499646296478707,0.000507880373261882
2023-03-15,0.003632588606811815,0.00487491484021052,0.017182731323785116,-0.007553546578745629,0.005648128813654729,0.004602859511738444,0.00728506934770734,-0.020141629451178256,0.010742902588839698,0.00727772762101897,-0.03474835889673844,-0.00576190882558647,-0.0035549771128274843,-0.00037790485593103273,0.008934506155969135,-0.004463511972894629,0.000507880373261882
2023-03-16,-0.0008799793654045152,0.0011175965799872234,0.004846926417780395,0.0028074022096375995,-0.006297316199930347,0.0022932582465426954,0.007524150142155239,-0.006157932688501511,-0.007809805597732367,0.012444395875320202,-0.007922480826472289,-0.0070761600140304415,-0.001165666440323454,0.006247179926606172,0.004464479796138843,0.006805099104466361,0.000507880373261882
2023-03-17,-0.01568554136353184,-0.022994354950082285,-0.011530552993036847,-0.015469578622035907,-0.02217839578450842,-0.016841138546346057,-0.017614082645255102,-0.018655108784342067,-0.021493865872019846,-0.01347370442184792,-0.010130288953717037,-0.01998407274648384,-0.016045065864893626,-0.018206807515145806,-0.018011599336800188,-0.012872841086146503,0.000507880373261882
2023-03-20,-0.026609180122500686,-0.0035556601408580635,-0.02467914673909033,-0.008644990100135086,-0.0022405619802783328,-0.01603735964443176,-0.024910335093033198,-0.026807286891771365,-0.003149358701879046,-0.01867355515649205,-0.004456202776963347,-0.0034440931577813805,-0.013796620731132081,-0.021210995264953958,-0.016504380373755678,-0.009936815093383955,0.000507880373261882
2023-03-21,0.0017606923151143317,-0.004075487616489903,-0.005267010875210754,-0.0032521210704058445,-0.008407931326116391,-0.0029760978121248227,-0.005572927697806596,0.003422662955307576,-0.006657783690301899,0.002070661797894058,0.00200019814151986,-0.0016030319493195444,0.0001763815892570353,-0.002721373498846491,-0.003319728078763462,8.986628130758234e-05,0.000507880373261882
2023-03-22,-0.00331266286286791,0.00043019951595457684,0.0035972058665152407,0.003458192695734441,0.006916073018053304,4.650110882065128e-05,-0.0018708004106484655,-0.006296965691065082,-8.568838229139342e-05,-0.002175172912036172,0.0022949731170185395,0.0011694813696223605,-0.0024080172010810807,-0.00547724535820826,-0.006032076535429809,-0.0075480893111213865,0.000507880373261882
2023-03-23,-0.009227889480304508,-0.007178097774165781,-0.035762440675385365,-0.022624645394266563,-0.005669045932079619,-0.018913046630173347,-0.029238555307512404,-0.022816194895586728,-0.003494806496624925,-0.02658748425056834,-0.019104013628289063,-0.008957507074257687,-0.01771205660455677,-0.029970014176389337,-0.024480038416435534,-0.02299921828479823,0.000507880373261882
2023-03-24,0.011931949179146084,0.013412728624485837,0.024514475701351346,0.02374071592759952,0.0180537969279293,0.01778253719677858,0.021405020744831527,0.006548730961263516,0.014120679432203076,0.008794574224129326,0.010110472193454845,0.012201813141283768,0.009395804789313456,0.017342459004016986,0.019148040607543493,0.008489330927204275,0.000507880373261882
2023-03-27,0.0007072957908647037,0.006629351256630667,0.007549554785075685,-0.006913469098024816,0.006146317778414234,0.0026213386568083585,0.005998691482326013,0.009219502362793897,0.006759084175862684,0.002295931159094433,0.011440895032668763,0.00980318676525016,0.00776500553074011,0.006718819578668711,0.006006090091351446,0.008149589262515189,0.000507880373261882
2023-03-28,0.02116123426303118,0.007659969081324602,0.00037048146365048495,0.02457327654442998,0.010891043689002844,0.013651994024564074,0.016459141451872217,0.018134609474047103,0.014064427888160314,0.0056542281278388895,0.01467857580631482,0.014814008838796688,0.012631441506165686,0.016251258025101523,0.016313764238447437,0.01499975259262798,0.000507880373261882
2023-03-29,0.005059206886858902,0.0026913970081066108,-0.017627050241468045,-0.00013029104828099491,0.0028461550722655993,-0.0026443245964332673,-0.0028539501117743615,0.0037122864187468796,-5.226929368307154e-05,0.0009608327667796068,0.0008692723779857303,0.00334040453500406,0.0014667330862085937,0.00031123432123547623,-0.0004724166852095868,0.0062325656687798325,0.000507880373261882
2023-03-30,0.007252608502189117,0.013826516638794972,0.023266952888807424,0.017570077100484527,0.014021668795740627,0.015322368285312526,0.02304907961505709,0.00800011954057367,0.008196214884137465,0.028773404930581004,0.012907028067980608,0.015409797877942388,0.014383678031321123,0.024259884198277737,0.020368042688293952,0.018511413973363533,0.000507880373261882
2023-03-31,-0.01766716045913652,-0.010210708095548027,-0.0031821913068559304,-0.0052704376146285314,-0.004424558996880434,-0.01001019151203597,-0.015011654885178305,-0.02201104344752136,-0.011105885239986457,-0.010776112725921272,-0.01516497187808652,-0.0037361126246282517,-0.014804241966568044,-0.017507672624212045,-0.016611619070635353,-0.017675849817979428,0.000507880373261882
2023-04-03,-0.01547083918489578,-0.01120149103258028,-0.03230193124951308,-0.0034787544674110826,-0.0009129315329846621,-0.016109211741912488,-0.016280972153631,-0.010033161168413574,-0.007947374806928753,-0.01643389153574304,0.005271906164690421,0.004580616107884294,-0.008460853419424263,-0.013144692158172488,-0.012001023978155057,-0.003374827852732798,0.000507880373261882
2023-04-04,0.018486123162230195,0.017297598827778593,0.005435620004450525,-0.003664581720285165,0.02370691885823195,0.007937739587166925,0.007666823619951524,0.018338032600989207,0.0185396185687019,0.005096375241037121,-0.004391287538786481,0.001704968549522734,0.0102395303644911,0.006083388350202501,0.008021861472609082,0.0021197227203682,0.000507880373261882
2023-04-05,-0.015379741649484524,-0.005112003704039081,-0.000674216718983045,-0.019651107467898332,-0.008935238139539003,-0.009935333493936715,-0.0099373428715539,-0.012805756480004482,-0.0049358487436332865,-0.0046298213556608125,-0.01656518720234712,-0.008161133954540323,-0.008918479687033742,-0.00837665321560832,-0.008873093176046343,-0.009122577148923172,0.000507880373261882
2023-04-06,0.003988720239859855,-0.0005967558547242957,-0.0027336196229457155,0.006888680569212546,-0.0010396699854824387,0.0016744005013240582,0.002297400232778024,0.01248766882050445,0.010147407219528448,0.0019633902677731463,0.0011506799774880783,0.0021434063702681083,0.005332595709524046,0.005140284571288678,0.0012655951755233819,-0.001469341886545128,0.000507880373261882
2023-04-10,-0.0009070169026215158,0.006351995067207961,0.0014808870194109591,-0.000560276352983724,0.005863783200951378,0.0022505460430859436,0.002073049659206294,-0.0006703126759228795,0.0005001474862558197,0.007281538374481755,0.01298842332153427,0.006423561295262559,0.0038289185378932444,0.005538338719148994,0.003636577127898555,0.010433938941492471,0.000507880373261882
2023-04-11,0.027676839530394348,0.02638519121539451,0.05421506940978671,0.031832466323445274,0.023353379273345354,0.035045139508429246,0.04949026905977494,0.031534600338643415,0.01894466720568766,0.0474185459531935,0.033515332598030634,0.02514306362280183,0.03316064763850135,0.04677554773223647,0.041966752807016894,0.0428720102563509,0.000507880373261882
2023-04-12,0.014585620990362314,0.008217762741396184,0.016199318936450213,0.0076647823089732725,0.012820123241359838,0.010229311058851609,0.015616148224896209,0.005877782840575385,0.011353308666289585,0.012602913473942712,0.0012204477624364607,0.008258475192000958,0.008486817036468253,0.013149954462124969,0.012466686701430252,0.005322762273759718,0.000507880373261882
2023-04-13,-0.011995564681756221,0.0028086934605091596,0.004824680892431266,-0.0017995203659257886,0.002655331517135151,-0.0014611032601691276,-0.002250136085643728,-0.006032856296855793,0.004825377412125187,0.016117108773855415,0.0013668987145556422,0.0031360651144576313,0.0049352962174926684,-0.0015401703661361843,-0.0027203162612287057,-0.004195028778021359,0.000507880373261882
2023-04-14,0.0016368435277520632,0.006101328376124648,-0.011217191886311095,-0.012372690655626517,-0.0009334411381883845,-0.004846241113470873,-0.007883459430942374,-0.0048799625492237375,0.005215867231697757,-0.0056223714138439185,-0.0002151053792340818,0.004584742020619759,-0.0012378781816453355,-0.00657135512742868,-0.006103065269437491,-0.002056342266746225,0.000507880373261882
2023-04-17,-0.0013360906511228343,0.004625470354803651,0.00013401416646185993,-0.0012864763561870607,0.0007369491183104593,0.000920978091512259,0.0006513646009735918,-0.006149474348222661,0.002071045113213321,0.00020396097424213444,-0.001725748699298757,-4.066153555026819e-05,0.00018168888491709723,-0.002103274747285,-0.0006384056969481744,-0.0029846331814327165,0.000507880373261882
2023-04-18,-0.0008173076564764736,-0.0039819407909634785,-0.005263845300172654,-0.007609997742274777,-0.0042584437671535635,-0.00482143666497703,-0.007914181625975791,-0.007716588304132355,-0.005880303783700747,-0.002459813550787837,-0.0025685231589857027,0.0007515691269786018,-0.004834957491506309,-0.010528013080170595,-0.007392455414767851,0.0013168481958842904,0.000507880373261882
2023-04-19,-0.01756180342785152,-0.007319419502465063,-0.020096571862276646,-0.016263213954748168,-0.006806116398039741,-0.01544814618068635,-0.02637243842243775,-0.018412087925316234,-0.007675834448600094,-0.019763295846981,-0.01918110629035863,-0.01511757613746334,-0.0161832498240857,-0.023824559786622568,-0.019575840208596595,-0.02139055208786722,0.000507880373261882
2023-04-20,0.011809280933234634,0.004558347257543449,0.01116452651771005,0.009185423040986018,0.005828418316360384,0.008679920084623705,0.013481301725240868,0.0038150931092753027,0.006375451482799166,0.011440591719500404,0.0013525025821228276,0.005670714435817237,0.006646390878081165,0.009677175410343741,0.009267718293846539,0.0033440401585735913,0.000507880373261882
2023-04-24,0.0007464677480539805,-0.002478108103512233,0.002255986351256567,-0.002247677177411145,0.006020759943613063,-0.0013180752085624192,-0.0006927076438542068,0.0004320681694571782,-0.0021808035905676038,0.00310999803342793,-0.012977492792612066,-0.0028128918764807054,-0.0016707608923585138,-0.0016878769368418034,-0.0010024104787096366,-0.005252109670847993,0.000507880373261882
2023-04-25,-0.005615919554204041,0.001322144889471355,-0.014406259282543243,-0.005972701428960447,0.0014457124422744272,-0.006464437836618431,-0.00785702509427666,-0.00896394984887583,-0.001076723627325915,-0.018883771649382486,-0.015212214436138294,-0.010074766664686097,-0.010486766561180194,-0.010150169265338516,-0.005792296178963929,-0.007847355157859615,0.000507880373261882
2023-04-26,-0.004125687649059628,-0.0009509820525749335,0.0021434909909203714,-0.007636461552890328,-0.0014415834215593115,-0.0016996346957326436,-0.003739601897176925,-0.004780038439261003,-0.004156638232372667,0.003099725541436893,-0.007281184387614159,-0.0068157309789177445,-0.0027752253658634984,-0.0051468973588233435,-0.006956821127673374,-0.008142398624616187,0.000507880373261882
2023-04-27,0.00961123806741715,0.010924055316132941,0.019142561820426618,0.01037823169903418,0.008650349153058068,0.012275359374217532,0.010807740533007149,0.001244858726787701,0.005634567559470227,0.012866297451529451,0.0032099141951407173,0.005130079228923723,0.0060616467225802495,0.009805360448043476,0.008134060742025051,0.006487271370104741,0.000507880373261882
2023-04-28,0.011423816776604756,0.00706786849868446,0.03197314327849887,0.022776473848128864,0.005302886030593479,0.01908808805756168,0.02239807382551695,0.017801542813899562,0.004486353359630879,0.03291487088935319,0.021312272208783956,0.01273233771982274,0.019189420182500028,0.022649884422714095,0.019737818118062744,0.014540906980857526,0.000507880373261882
2023-05-02,-0.013459084060581383,-0.006541015567579134,-0.014526762286128925,-0.0063827204907469515,-0.006684747280850778,-0.008836250361262787,-0.016999511509165788,-0.01568816262826067,-0.003614457689692485,-0.0069075273789305225,-0.031590943541798144,-0.01703721350248122,-0.012565189559053058,-0.019750156643194683,-0.0155633146190014,-0.024234209702048592,0.000507880373261882
2023-05-03,-0.00893448157786847,0.007122190166719999,0.010092851617177434,0.0016819992419423446,-0.004170294376021677,0.004282620673914828,0.004757783738162713,-0.006719040917935737,0.0010873950335081872,-0.010535328465371308,-0.002685101511211707,-0.0011558467930198324,-0.004134069356352521,0.003144593955746844,0.0038423430231582234,-0.0014032717383074544,0.000507880373261882
2023-05-04,0.00983807704298112,0.007448296103795826,0.02028823770578203,-0.004801084503304298,0.0029558732434336044,0.007711618056442493,0.011239100059365903,0.00411497822373863,0.005448089415520885,0.011116480686283126,-0.013279828826592954,-0.004247829394509295,0.004366864109311752,0.012763074611151115,0.011215240950351202,0.0030941487603459716,0.000507880373261882
2023-05-05,0.0066986269302176105,0.012971756040226934,0.032979379231927064,0.023064269112281544,0.004309852271135561,0.018515406929560774,0.027055314936903274,0.012424952084152396,0.005733815235321682,0.04158495876321888,0.04394134805288874,0.01669986042916438,0.024962623309059406,0.035316903784860854,0.02873629773252917,0.02915258257724007,0.000507880373261882
2023-05-08,0.004924468987321351,0.01607344854589421,0.008068102155429635,-0.008910288125472898,-0.003070797986889362,0.005503580511337258,0.008960305963274129,0.008203508360643319,0.0025869743058481998,0.0038814286407649057,-2.7921774578776315e-05,0.005162294024227965,0.003418113447978044,0.007739011236662652,0.007272060620875154,0.008302257207954966,0.000507880373261882
2023-05-09,0.011668750515776205,0.0021644526299018363,-0.0010805258360813141,0.0040674998870127155,0.00046743715458363866,0.0047619634528082155,0.011847197114038588,0.008892473645014443,0.0025532710443845197,0.013177097541803073,0.005767910018704692,0.005994803408073235,0.007944431591222711,0.010943396251655857,0.015422588504264478,0.010026301139985039,0.000507880373261882
2023-05-10,0.012951580167148702,0.0085265062741271,0.03494688468561424,0.00927069015221238,0.010360198901913087,0.015382376551491106,0.014851138319464052,0.004770173654956356,0.006972508580017633,0.020719570019515743,-0.007359197759145841,0.001270821710894321,0.007865689318277358,0.013602120705768828,0.009795381862663266,0.00290509913348469,0.000507880373261882
2023-05-11,0.008565440503320199,0.008990761339367825,0.025909188925254734,0.008852108827119398,0.004653804193306188,0.013115445548815163,0.01437923895963178,0.0016590697705307633,0.010010871309140912,0.007886035257139268,-0.0015060664058597073,0.006666898170071045,0.006130657134816531,0.010333378085784828,0.010432172196237044,0.007567263333861485,0.000507880373261882
2023-05-12,-0.0033777531906902247,0.0014074860524668775,-0.02355307811322982,-0.002944478200930134,0.001352645655742002,-0.00715691932396334,-0.008594546654010715,0.005089092732315947,-0.0008877228298799222,2.0354419759893716e-05,0.003672241166809531,-0.0011296599694710086,0.0024175784112387966,-0.002271796046095176,-0.0038123474444635708,0.0018033902771068533,0.000507880373261882
2023-05-15,0.015926014089240992,0.001557361242868982,0.009490255243961299,0.011734730872566601,0.0063547673362640555,0.010189242627109296,0.012933795354849842,0.0047841790549998375,-0.0007803995799952057,0.00920621487725426,-0.005095876624033768,0.005500111317511935,0.004769978015362053,0.0073382663259178305,0.0087150215787275,0.005140919947405065,0.000507880373261882
2023-05-16,-0.01785180826217403,-0.0067184355428036024,-0.022350608932715788,-0.015068131531481121,-0.006128560592417731,-0.014746663659807258,-0.022219340090958273,-0.012641742777318665,-0.005195784703959538,-0.015241277578141532,-0.0034083650520037034,-0.006209310020424241,-0.009160466524915756,-0.016237862324494756,-0.01875467716805912,-0.007600742105965508,0.000507880373261882
2023-05-17,-0.0026426189932921007,-0.0038495961236333365,0.02419065318846747,0.029305100194433997,-0.005079296868167216,0.011855613622199224,0.01950345751687732,0.009704508542899282,-0.004013470236000294,0.009276065845929882,0.011735970325506218,0.0013636361707083378,0.005525207175664182,0.016222635856799394,0.01577498069932526,0.01185604432596521,0.000507880373261882
2023-05-18,0.016224869092091643,0.0008946821764692636,0.026095269774430774,0.015231035759908806,0.004279826264778741,0.014156463753693727,0.020074666545542463,0.00674899879755908,-0.0009754488673991979,0.017724543423192296,-7.266483606793717e-05,0.0021451356001873645,0.006937113787884419,0.015705767271777082,0.014785343278438168,0.005963775217596501,0.000507880373261882
2023-05-19,0.019669894658778775,0.003093712739573151,0.014409346549003166,0.008509259084771736,0.007672739423396191,0.010409905670852426,0.011504333406169964,0.007151373244062675,0.005864114142854371,0.015465423522706079,0.003424624893406447,0.004347878998516741,0.009541818591656037,0.011281079298470553,0.011637744133370154,0.0057827076576622005,0.000507880373261882
2023-05-22,-0.004784616344940984,-0.0032967881160813617,0.01370046759434218,0.013327395516006035,-0.003483978454630554,0.0060304129569273,0.003013638109545136,-0.006131370676724646,-0.0021890138225221234,0.003285444095365353,0.006185558826583115,0.0010767388819927781,-0.0002230149185624697,0.001243909719404357,0.0008902157199506266,-0.004776550581427674,0.000507880373261882
2023-05-23,-0.0009338444777278188,0.0004248690714920844,-0.012265293766952068,-0.005783140544665444,0.0016917458572363042,-0.006212658962970408,-0.009133439338967597,-0.008143559835301462,-0.0006790115655915807,-0.008227450390478008,-0.003654843890986137,0.0012005563968882083,-0.005221888953583997,-0.00810996751319637,-0.0067021238365615465,-0.002673515974349616,0.000507880373261882
2023-05-24,-0.01592491998019241,-0.0010749826730653833,-0.006390591808865698,-0.010699492409999234,-0.004086318610758921,-0.008499613674991746,-0.012882187053741445,-0.010680013675929523,-0.0013932231143027884,-0.0074135761303230074,-0.009455890422882307,-0.005590174118114022,-0.007141221359372563,-0.010645169010906064,-0.01056722321713921,-0.010044613896908805,0.000507880373261882
2023-05-25,0.010879223413227779,0.010388514719942954,0.02709235480202077,0.010893384574143461,0.007020677016169818,0.01594580609004681,0.01864385875483121,0.011775071775034451,0.01376383367297529,0.01833958718735218,-0.00921177161225828,0.005441812701614035,0.010130285700324704,0.015849849417508333,0.016003363997306286,0.011186260898587985,0.000507880373261882
2023-05-26,-0.002775744895969545,-0.001713372152752246,-0.0023454562599488638,0.00946937713449314,0.00022716820738577503,0.0009754610768526462,0.00636592101736877,0.004158883215732656,-0.0008420279051059021,0.0026664161587606205,0.012329454835423359,0.008928001497147564,0.0032402546258873954,0.00677337445950954,0.004933524876062245,0.007948669871739478,0.000507880373261882
2023-05-29,-0.006936917768544659,0.0015647146681401214,0.0007657592676875158,-0.002024316955275718,0.0006163996074524114,-0.0010686750970028136,-0.0033906093581361763,-0.0013878316447304417,-0.0020784722048948767,0.007637211415678413,-3.1683740997601184e-05,-0.003280535238583293,0.0011782934704940295,-0.001457460504659891,-0.0038379123666728576,-0.005021940046612605,0.000507880373261882
2023-05-30,-0.005968050566273808,-0.009228937975304219,-0.005081238587107406,-0.009836595643850199,-0.010210840587106973,-0.007835058470923584,-0.010710548100514306,-0.016261767154680418,-0.008541335482690204,0.0011977243046890074,-0.01945932885144308,-0.012773235967305396,-0.008786051932420436,-0.010333442835743778,-0.010006231425558454,-0.012474443706366967,0.000507880373261882
2023-05-31,-0.007416171100780522,-0.012565239048245802,0.013375645790880464,-0.0025031173802551043,-0.014733728026325887,-0.0020068650271763966,0.0003988700694124159,-0.013157840456957115,-0.013459934182985411,0.0008988914418421867,-0.006743347905309283,-0.011951723469622477,-0.006952644077216186,-0.0019546592764557724,-0.0021788338397104035,-0.005941837520123672,0.000507880373261882
2023-06-01,0.006021404807108777,0.0031331388489783674,0.02683121404172928,0.013615924578015415,0.00036939471563091075,0.013343970219155121,0.025310073009074063,0.004251140616317928,-0.0019127228661548479,0.02646027531585826,0.005757892203166248,0.006377406622731341,0.010184205709317551,0.024185548384122235,0.02256984460106981,0.02051152651597854,0.000507880373261882
2023-06-02,0.018885502564507606,0.013313158558318161,0.0009276679984697722,0.012986202866363206,0.015214096623955786,0.011018378820476293,0.01142907096650414,0.021724905438496034,0.013814931266564523,0.004490475027491891,0.025622231073044954,0.01618728443846673,0.014727279793610215,0.011613439029954709,0.011053639960376671,0.01795456778592719,0.000507880373261882
2023-06-05,-0.00013873118455209887,-0.0012869535290503942,0.010781721520848109,-0.003153931552689393,-0.0036865400642550616,0.001584079406237171,-0.00039913993196893927,-0.00292965796305511,-0.003487625362264768,0.0033271558169121196,0.0025174226425079826,-0.002507316628353573,0.00012412696777341914,0.0003364331885034044,0.0007626847677184578,0.0010518480844114997,0.000507880373261882
2023-06-06,0.02508137517353015,0.018707569037797578,0.0473173023476825,0.026694197631377703,0.01829302161797619,0.030507751758472423,0.027275676314497677,0.014092042800728954,0.018697519283851882,0.030020016579282993,0.008933599030670036,0.013189246645689323,0.02040429428381829,0.022446284622070323,0.022851381019518557,0.01675428483655672,0.000507880373261882
2023-06-07,0.0005450568923699439,0.0010327462629864392,0.0007679249085625894,-0.008058880608928454,0.004544679128296147,-0.0015899824433872611,0.0021440595415609387,0.005341430160946903,0.0024867825209176075,-0.010864671547152649,0.014096929122443314,0.0074780149792312844,0.0012249171466338638,0.003629873901390246,0.003241087010720456,0.007911331004037958,0.000507880373261882
2023-06-09,0.022132177973152478,0.018625690198214695,0.021839563297858966,-0.0017173974723088126,0.022844937562026324,0.014019392558507704,0.013202275686607923,0.01301972690015063,0.015170882808293484,0.008224209746950928,0.012789634812905959,0.01717064178815364,0.012381615962308246,0.011631855417673531,0.01120861040652632,0.013241823458138624,0.000507880373261882
2023-06-12,0.013940356125732745,0.00404519121047997,0.02830286423609185,0.0006514601029912193,0.01028858301017288,0.010850433758118339,0.007887772697794171,-0.0009961012026379334,0.005864394116388949,0.008673318370977068,-0.004464147682581521,0.0044476226810370445,0.0039017009173589745,0.002022402066693907,0.00823700891495216,0.002375567196893691,0.000507880373261882
2023-06-13,-0.013810922991482677,-0.0003836090125129976,-0.02094605943655703,-0.015343472818345916,-0.010390009147668522,-0.012354712327606876,-0.018886385635966896,-0.007005446581762831,-0.004412804394284375,-0.017934076812630706,-0.0017658133122547826,-0.005321855233574979,-0.008824411399406595,-0.01584303704015777,-0.014720055585440317,-0.005073948285864938,0.000507880373261882
2023-06-14,0.008329760353634308,0.01525365842650861,0.03803433264880263,0.021032904856982837,0.014351440806284144,0.022420099974875818,0.02222000673629121,0.01396554420237317,0.013815097508922847,0.027043379748150187,0.024122035602278435,0.02236348797187593,0.019554571535258747,0.021363953673599223,0.018645108822375356,0.02015031748088636,0.000507880373261882
2023-06-15,0.0055726920702414695,0.00383596164764044,0.011191335378908596,0.005001593666471349,0.002627715415318921,0.006050792876537425,0.003462432419683914,0.0009720745783430296,0.0008069696944674742,0.005054107535038321,-0.0036454772524601164,-0.0011558354305840624,0.0010520574970878105,0.005256938036032999,0.0036010283867113912,0.0012468768162399169,0.000507880373261882
2023-06-16,-0.009158080857946782,-0.001655405637639329,-0.014600703975280571,0.010335631223199027,0.0031447467917344873,-0.004216231719524566,-0.008296500341799962,-0.0011241920365457903,-0.010109332284388928,-0.00367317907056508,0.006111492792750806,-0.0031325439946050526,-0.0035134847450649653,-0.007999498424952511,-0.006389056550243355,-0.0037996047597189664,0.000507880373261882
2023-06-19,0.007883359689789149,0.004866558015063083,0.019295857789922266,0.009763291963767351,0.006806768802579466,0.010184551620341153,0.010298308412183932,0.00045937217173164235,0.001624874406558341,0.014279992850141143,0.007244943360835698,0.008312034946049929,0.006675292649002351,0.00830642096104417,0.007264349539784609,0.009102732121170742,0.000507880373261882
2023-06-20,0.012880946765288837,0.004749125842892665,0.030086859701776048,0.010001641129089966,0.01964136876288114,0.013129927766230676,0.011878047679086956,0.004814974428079433,0.00658885280230459,0.002181582428261164,-0.004832470490177321,0.005693688009839493,0.002796033911130369,0.003556198080779005,0.005916863756499691,-0.0022281685026386278,0.000507880373261882
2023-06-21,0.006657716158813498,0.005437414902626392,0.00632463464672095,-0.0054709694756273075,0.0028750638272878604,0.002092161419969152,0.003657314730449057,0.01263377177829672,0.0016067526109713182,0.010308576616521403,0.014243257479076732,0.008656897331722258,0.00929316498474897,0.005495478502121731,0.003804413893708558,0.006652697830852983,0.000507880373261882
2023-06-22,-0.015235136799721327,-0.013609193832173516,-0.016543413397622775,-0.010519155302696315,-0.018369223134547474,-0.013913818870153305,-0.014468776831942809,-0.011676196535801764,-0.009673213487609855,-0.020056655917730648,-0.014702363537767327,-0.01771007876756503,-0.01389440550525367,-0.016724539419584183,-0.01423518888047881,-0.012141757023407473,0.000507880373261882
2023-06-23,0.012063641116777157,0.010940096202811667,0.004597167959766502,0.016437891360617574,0.02484401223485344,0.010814716954358206,0.009841025176758444,0.013922390523430028,0.014295986956521789,0.01120567703764408,0.0010152900416422472,0.010179522658378737,0.010128728082460237,0.007783334166351796,0.012193112999193012,1.2599170974514351e-05,0.000507880373261882
2023-06-26,-0.007158139444140232,-0.007629920423990133,-0.02025714881486196,-0.01278436728457244,-0.008054796279306164,-0.01283413600509542,-0.016403585701303847,-0.008509432589936305,-0.009159269225755606,-0.017486929473613633,0.006884490237505592,0.004106304569197139,-0.008576778831336007,-0.01380554585730065,-0.014481959616021167,-0.0058487414586696485,0.000507880373261882
2023-06-27,-0.011173393580847457,-0.0078118871220170805,-0.020884032026649457,-0.004266933062538891,-0.013656380642532162,-0.010576064266606067,-0.014480698275262882,-0.012411649114356438,-0.002709624102003594,-0.017179744257529772,-0.011580623853565286,-0.004453589069844277,-0.011832292012948775,-0.01494237033139223,-0.012279228594620273,-0.006169201226437493,0.000507880373261882
2023-06-28,-0.004359453582649331,-0.005432700385342271,0.007668623062702773,-0.0009356475886330706,-0.00133048803038327,-0.0007283621959376374,-0.0046659085619953355,-0.0034750102194028853,-0.0006091704474145976,0.002889929521105783,-0.008984260468659189,-0.0066311660944227135,-0.00125763164363768,-0.004064248086242284,-0.006625425424290787,-0.007272373239998298,0.000507880373261882
2023-06-29,0.01643531860799685,0.01048896685179912,0.04221059444646391,0.0057600241091919635,0.015446390709706659,0.01924313868958527,0.022835235326536196,0.015373109212965419,0.007645173076955558,0.033397198075346024,0.009251084516402441,0.007724863734628107,0.017718959153346203,0.02123230527176756,0.017986278509178666,0.01451203770214149,0.000507880373261882
2023-06-30,0.012006335447867222,0.012854482588344096,0.005309423500578836,0.01764448821771114,0.018546527391646084,0.012752197148889977,0.009652398359878411,0.011755201966293205,0.011368322516446261,0.004597856290645019,-0.005684010092423031,-0.0002415377810562891,0.0061174066101101765,0.0044390881828235695,0.007134650413338939,-0.002831949682096435,0.000507880373261882
2023-07-03,0.007140197194811071,-0.0008645541909170218,-0.0005645932462596814,-0.000245991027150394,0.0018224356348095494,-0.0007831262720597865,0.00786572636179006,0.00499030815732926,0.0007140495866519991,0.006873855387624417,0.012928671384088819,0.011018004665517722,0.004857654644615073,0.0076683438050422215,0.006177030350922097,0.013368985573902759,0.000507880373261882
2023-07-04,-0.007652583135375979,-0.0030872236715029366,0.013409781013608901,-0.00283792834369867,0.0003833521155123254,0.0005668816635542306,-0.0027840760645243545,-0.002758084282428075,-0.002019884090029178,0.015652837412873044,4.862811757555541e-05,-0.003860635518217359,0.0037621850717910466,-0.002011756368856754,-0.0033654484314853406,-0.004938379642658641,0.000507880373261882
2023-07-05,0.008699767091403077,-0.00013325793453744517,0.007573139834986975,-0.001248404372877765,0.005868152584559194,0.0033421729275098233,0.006113630350828014,0.0080648810970263,0.0013074257877203621,0.020574846803267377,0.005854978087038276,0.001961466034354764,0.01002127407382436,0.008278219028103662,0.0063124481477474514,0.003844789317098085,0.000507880373261882
2023-07-06,-0.010490997089395937,-0.013093348648050451,-0.02001303041743918,-0.02013887190084873,-0.010058326391879535,-0.01652303474137007,-0.020791948656563752,-0.006481671539392941,-0.010842328707535875,-0.0019211473610054597,-0.014967943798617434,-0.007055382172460933,-0.008697184922099921,-0.018212744612427945,-0.020133784059513493,-0.017400546474961698,0.000507880373261882
2023-07-07,0.014207379416804056,0.007322493129856111,0.024271525727355137,0.014498994123587572,0.00958541658779688,0.015173981913637391,0.018409633969270978,0.017881585971293745,0.004245878843162965,0.03725038434658057,0.012498047829454295,0.007632576537165647,0.018981860951158724,0.021159921636308754,0.01681055344821769,0.01248151207938264,0.000507880373261882
2023-07-10,-0.009880907726381283,-0.0041449934254688126,-0.0074110558562624496,0.003271114532417574,-0.0036107709951123113,-0.0043452606078820954,-0.009539409436152724,-0.005438511907508992,-0.0024135709583024134,-0.010578452516214365,-0.0033548921263572007,-0.0013347436283682734,-0.006241711377603876,-0.00926291555915526,-0.009816076558201936,-0.007855581073035078,0.000507880373261882
2023-07-11,-0.010782630457510822,-0.010774342788904323,-0.008259781886342799,-0.011259397711497088,-0.004396414440052121,-0.010760414056852796,-0.009339700298970244,-0.002963957240312398,-0.009214111046200402,0.0032679156919472874,0.002083577821640592,-0.004142811110424138,-0.002105959878942132,-0.005929821552012715,-0.009007850776553195,-0.0031686450189657434,0.000507880373261882
2023-07-12,-0.005607067243902142,0.001476281323600226,-0.0049415235606097285,-0.006715232784972658,1.2377846928313119e-05,-0.0035027357835476503,-0.003052369903987384,-0.003672779607292398,-0.00022323850560068692,-0.009087497878891293,0.0012472895200617007,0.0013930304867526555,-0.0028361937315777297,-0.00337424565940847,-0.002989486034023825,0.0009652712796783813,0.000507880373261882
2023-07-13,0.008534678941953588,0.008121148281519108,0.0014059157672874356,0.0013081678762467686,0.008895017020376317,0.00430263135257869,0.0024741186939072346,0.01051013714187432,0.006464599953692529,0.005182094891575728,0.01711149420946656,0.01147826866035584,0.008405303750247395,0.007857900756136571,0.006689937654872802,0.013528260835284467,0.000507880373261882
2023-07-14,-0.009556618245516457,-0.009871818665967869,-0.01071898927284376,-0.02234071413100791,-0.007389567307340639,-0.014067094558514182,-0.018428652489055453,-0.013112522125870218,-0.007387816790066948,-0.015113611845932629,-0.008176458237676099,-0.006661289018231598,-0.011573426194438796,-0.01590102768241486,-0.017682877141516395,-0.013117901135818233,0.000507880373261882
2023-07-17,0.0059471920702498515,0.004824065465324656,-0.0009409169854294186,0.0058918685770963375,0.00030793414821550513,0.003896480931384616,0.006400649627963162,0.005441192625810887,0.0030082715672008487,0.0028760150090885173,-0.0022198601342170443,0.0016768446918700164,0.0025577254974560315,0.0061361273148616835,0.006562010137647789,0.004142464393401379,0.000507880373261882
2023-07-18,-0.000293258274257413,-0.002202093316917786,0.01201092790228997,-0.0028885214434269946,-0.0005075044802422823,0.0015913665513502817,0.0021163011255600495,0.004886753171170266,-0.004845520304299744,0.012900577788360179,0.0026904452869489504,-0.0014708313394385941,0.004728400400352273,0.0025449613950481176,-5.967909697002227e-05,-0.0030595609972799975,0.000507880373261882
2023-07-19,-0.009725092227981014,-0.004543663128097286,-0.0006717241806156737,-0.0004292038172766244,-0.005414333353315981,-0.0022961788899331648,-0.0018980871684034506,-0.00194801926218513,-0.0017167459104843186,-0.011007770806899964,0.004226887547361002,-0.003118189580602726,-0.0030193546309426056,-0.005737830285333145,-0.004569986443510365,-0.0022332673037834816,0.000507880373261882
2023-07-20,0.005411758364578079,0.005598709428671134,0.0013502251808874544,0.00032378199205695957,0.0028698152689849987,0.0028552784372879447,0.003674052106356518,0.0038717727732315854,0.008960828265229592,0.0003549681509080749,0.0036612842744254692,0.002303454613365785,0.004069923084444094,0.002577387018898536,0.003374703428664416,0.004558283951586528,0.000507880373261882
2023-07-21,0.01616919075094736,0.013825666169293482,0.013630547023471884,0.020387355143581143,0.010434933873437746,0.01674489745168728,0.02071804760413798,0.023084682556133496,0.0156097507762607,0.012011749787450343,0.013558823588125879,0.013173133940238557,0.015475940326092452,0.019184674494455933,0.020914251568568965,0.018041020099921257,0.000507880373261882
2023-07-24,-0.014902191583481383,0.0001424197077630751,0.00024720210267537013,0.013343655995691206,0.006034256510741409,0.0002491025370274791,0.004633565159558373,-0.00252146136793463,-0.0005467868084627625,-0.013880786839841064,0.027143769994817823,0.007473000708752675,-0.0009290772974775985,0.0047124163831886445,0.0065693939267250645,0.00973889457541266,0.000507880373261882
2023-07-25,-0.0073143208886387034,-0.002077093935038299,-0.0016339930970031835,-0.004303667638634545,0.002632613427023811,-0.0035471556642410196,0.0003107200778595942,-0.004184438003466462,-0.0033149301264179254,0.004225986791053904,0.01676511601948638,0.011453024943297141,0.0025319711566527126,0.004565222477567632,3.32279269650293e-05,0.005666580052274384,0.000507880373261882
2023-07-26,0.013932235955012917,0.0007425285491649003,0.0024514595359073077,0.004430543803364717,0.00338421180729509,0.004755691582738475,0.0042095850335559515,0.011309183620074492,0.009010485858706785,0.0005781211899673622,0.002112468722373917,0.0020695498837079995,0.00569324919288694,0.005471613555178445,0.005836845223921028,0.004158421822312741,0.000507880373261882
2023-07-27,-0.012272448581355677,-0.019445115813591762,-0.019661698750325973,-0.007989891824344952,-0.012050215630387218,-0.015189373223174929,-0.013511479720598851,-0.007612397841056606,-0.014919663681928097,-0.01787055861303477,-0.015991162700220496,-0.01734353850850434,-0.0149079670175013,-0.013315140628484046,-0.012935567166397766,-0.020888022826378916,0.000507880373261882
2023-07-28,0.005746720015577855,0.005024839005168147,0.005179544980001838,0.005511743537751412,0.003607689890005039,0.004443419918697344,0.005118934577428291,-0.002297439527868428,0.0071100464835680555,-0.004590858528268127,-0.0034805177034542556,0.0018821145558902685,-0.000678952648649811,0.0045184061429024425,0.005918067396803339,0.0013478822433310444,0.000507880373261882
2023-07-31,0.01151692643487201,-0.0020801996019612634,0.0040661089865323685,0.0034194769859596796,0.002526027941286868,0.0031463668177322823,0.008895855713465517,0.006378822156810404,-0.005695984808468779,0.005072849583675598,0.013886792866895092,0.011547060995955816,0.00443404575461348,0.01082567940297574,0.009113215132317665,0.014625252400101818,0.000507880373261882
2023-08-01,0.00022916922270277418,0.004072442655423947,-0.005688251927826071,-0.0009272628733929533,0.001721794540826771,2.496435203558356e-05,0.0012314637908397152,-0.00038308904975148383,0.0012049941936131958,-0.003948281146047616,-0.0040357894803535466,-0.0033666355335795206,-0.002048451946124241,-0.0008151239095509633,-0.0004890486081345902,-0.005670464272310105,0.000507880373261882
2023-08-02,-0.001960991446156246,0.0016790992412871741,0.010044134887677192,-0.002800393929799694,0.004544736609014333,0.0013550339847119286,-0.002211234923527705,-0.009933373892258346,0.002810244110482696,0.004251683088557945,-0.005411784259859553,-0.002362851476556349,-0.0008376615077539951,-0.0026822356442615103,-0.002036867018147648,-0.0033460727099874354,0.000507880373261882
2023-08-03,-0.0006360149245808744,-0.007796736084466072,4.398147938999841e-05,0.002526887507549702,-0.0028584511141058755,-0.0020855295006657615,-0.0009067526332054987,0.0026676098126814374,-0.007676565307666583,-0.003390194146441816,0.00464929525736868,-0.003292205692274508,-0.0012530878225360809,-0.0025717243535883227,-0.0034898485895998865,-0.0018048278209217283,0.00049037490119197
2023-08-04,-0.0027457587782686588,-0.0054718742325404746,-0.0011423594771016177,0.0046238805991905,0.002431448223263688,-0.0015044328655235972,0.0001861664835247634,-0.0010430677827582002,0.0009943470744759875,-0.006270657569894311,-0.004785796572512435,-0.009632557963779376,-0.0033847471642156624,-0.0013309088201798325,-0.0005915098981166267,-0.008686094164296776,0.00049037490119197
2023-08-07,0.0013863795673740853,-0.004789085747222477,-0.009185996112696215,0.000965291999950324,-0.0011845604204000493,-0.0043885287412078755,-0.004849092335102445,0.0006512180429694148,0.0011010299858784656,-0.006969259696413932,-0.00900767249598966,-0.0022677887521255213,-0.0038401751172774112,-0.004332871470476896,-0.0050971867290607875,-0.0011559472501345702,0.00049037490119197
2023-08-08,-0.004017292629975633,-0.0032624023546867775,-0.0004163497541561645,-0.0038169483306135232,-0.004908532812701205,-0.0019716552148997257,-0.0038590090131669363,0.0010215443233794197,-0.00446514568740386,-0.001532894376374272,-0.007474065166351407,-0.010371423014737924,-0.0028157830919995908,-0.0007281300957250325,-0.0030856561467104138,-0.0021829291001118634,0.00049037490119197
2023-08-09,0.0010120238731157194,-0.013599016322768498,-0.015035339694378758,-0.010514922869093946,-0.0012491163234007452,-0.0107514687260295,-0.008842034169133206,-0.0005974532011358002,-0.007277090627423988,-0.012592549639529604,-0.003981652677357617,-0.008539101029646612,-0.006641794086780339,-0.006900295639478804,-0.008981676932900973,-0.005384136675958162,0.00049037490119197
2023-08-10,0.002522007925757741,0.0025598921596301505,0.001915457666788578,0.013685830493966877,0.000734103132769226,0.005986714467644649,0.005911942049309005,-0.0031120167380136454,0.002767217778349096,0.0005606700652325269,-0.005391179958981973,0.0010696200926412214,-0.0007740256109114441,0.001905064378694643,0.003880156894523923,-0.0005195354562381738,0.00049037490119197
2023-08-11,-2.015949769873515e-05,0.006796191732583834,-0.006192701283544877,-0.012291288958212299,0.017261082116158066,-0.004343460789511311,-0.007401708692399422,0.005643539342343962,0.003141079262548807,-8.15487476200083e-05,-0.003077422643959604,0.0029825427616549938,0.0016342555935526804,-0.0020053222340763455,-0.003918414023325489,-0.002589591160615856,0.00049037490119197
2023-08-14,-0.013718362822244257,-0.0015010992719103333,-0.017543719799945956,-0.0060744489493023135,-0.0015743112221979771,-0.01088128633937202,-0.009301421335500604,-0.012188065361576794,0.0004835924754049703,-0.02081391170776825,-0.005964532195718464,-0.0008888199765398896,-0.010853248291329165,-0.01631620788001331,-0.010791296052946264,-0.010834148078499806,0.00049037490119197
2023-08-15,-0.015280306885089412,-0.008189621216997178,0.0014452629241572534,-0.020273155483754524,-0.015994301251382015,-0.010026425058891175,-0.002331192263675508,-0.016301982686701355,-0.007545259263525672,-0.0009177912581793679,-0.009740780292673112,-0.008586659300098387,-0.007499955206849762,-0.0041264831624326925,-0.0018603645631841692,-0.005573679550361255,0.00049037490119197
2023-08-16,-0.0015941370883351125,-0.0012283525458933742,-0.012968501901430507,-0.0092497488123362,0.0015665441035299654,-0.007640974767488484,-0.007662779520942742,-0.00043945635054398746,-0.0017361760661260828,0.011156211041699393,-0.004810339584268686,0.001592064018866468,0.001978086486371655,-0.003880776557188992,-0.008324546154065415,-0.004708181557729341,0.00049037490119197
2023-08-17,0.007460212930106902,-0.004221294381179241,-0.014446256184895367,-0.014294805226555907,-0.00676332791968659,-0.007303813187159891,-0.013962237879526218,0.0017629855740814993,-0.005723674325432193,-0.0063006452149281245,-0.0022524857903842843,-0.000870371435617523,-0.0031042888763733734,-0.011183464883679939,-0.010817055542304055,-0.005203354803742788,0.00049037490119197
2023-08-18,0.0057216626980600704,0.005089976974875121,0.01007244753487857,0.00502272440901641,0.004581894610315107,0.006479541758417806,0.007316363026541595,0.005746749575172627,0.00768764219026008,0.007215650971646115,-0.001559044126363207,0.0008335031298010165,0.005533503357637359,0.0074218011480904345,0.007149808980113415,0.0035018599561911223,0.00049037490119197
2023-08-21,-0.011375970717763195,-0.009263415023607724,-0.011591262421286275,-0.011257462171676669,-0.011851250909867272,-0.010328073872505006,-0.011101732439228629,-0.011355990566918606,-0.008740028655057297,-0.01995373046271176,-0.005809239824965173,-0.006526242302714147,-0.012333971412280986,-0.012109441776533836,-0.01004425008509624,-0.008489403898353731,0.00049037490119197
2023-08-22,0.013624964878177437,0.010110470490687362,0.018351822097006476,0.015265206211644955,0.011033185544620183,0.01377713547513526,0.01732464967270464,0.008294628047254227,0.006669729090965859,0.027452836801235225,0.015003997549008163,0.010909815050847316,0.015009299333047954,0.0177963778513055,0.014167327148118858,0.015201876356327304,0.00049037490119197
2023-08-23,0.005772738738919925,0.007547526716521924,-0.06653183091769033,0.0084035494066379,0.004600541460049845,-0.013791694966320378,-0.00048292190846199734,0.0034660721774395498,0.003306238907312631,-0.058492443576397934,0.0196177929420025,0.010876485912255651,-0.012808643724215862,0.0029962312522502366,0.007470276917418861,0.017147470951116572,0.00049037490119197
2023-08-24,-0.009060298202995698,-0.004395249860970951,-0.010161742393710704,-0.017274611412122498,-0.004618004867208314,-0.01044089986640917,-0.011603968289818134,-0.006955838537113124,-0.0014812185146202417,-0.0067912312687974374,-0.006697056603932827,-0.0044576066895795075,-0.005082957326968507,-0.00856911945646166,-0.00959372130296654,-0.009319259158526827,0.00049037490119197
2023-08-25,-0.011933846965499373,-0.00464839317032717,-0.028388942813588947,-0.009075259483185327,-0.0019663991838471118,-0.013308645005137842,-0.017440209124980344,-0.00387557878678102,-0.004965945408792916,-0.0200850222235901,0.00030470766159251816,-0.005015433717227236,-0.008108177442920361,-0.014034324660276765,-0.013513513513513598,-0.010111540468701441,0.00049037490119197
2023-08-28,0.010014075765363728,0.00784817930708881,-0.0013582863672496615,0.008711804044424953,0.006901654597530671,0.004992658208745171,0.0031652522711456132,8.593544572654821e-05,0.004930145717647383,0.0011724508484991514,0.008109741560972772,0.008194905546270448,0.0032422696010121488,0.0026542978134573847,0.006553041691356176,0.010677404174959326,0.00049037490119197
2023-08-29,-0.010301272999700406,0.013771360555703716,0.006224569556357196,0.012438578470616912,0.012304688440621492,0.005240122412163428,0.007560159549348411,0.0028237357802138874,0.011379097007469419,0.010378262533349725,0.013449422816691037,0.00993852146881613,0.008812245979787248,0.007785725711338509,0.0074702610531443,0.01100869203407795,0.00049037490119197
2023-08-30,-0.005331947172512841,-0.01581081033542031,-0.0082616415713479,-0.00036441016231536505,-0.002384123852433695,-0.0089792258015442,-0.008554025750267424,-0.008827017053845698,-0.008373527137024661,-0.015580822030097918,0.005038287293791743,-0.0003190395492366216,-0.007740593289046305,-0.007014673895915147,-0.010399815779626453,-0.007194904644777789,0.00049037490119197
2023-08-31,-0.0206128003529662,-0.014001843547089998,-0.024792817768560793,-0.01762051111295082,-0.017716045751115517,-0.01924251101412844,-0.025054813696986256,-0.011172985424554582,-0.014989024670147733,-0.023162102539909357,-0.012205928274973465,-0.013139979333661067,-0.016412913308914145,-0.023229073085224594,-0.02125963868212921,-0.015280289970831085,0.00049037490119197
2023-09-01,0.01519572517746881,0.008366839989220054,0.01840661842111957,0.017008790824191378,0.011288119002511587,0.014378794089726199,0.017120586178940522,0.01951163663510269,0.009091331475337583,0.010611655208083492,0.02088898233979042,0.015581068639831663,0.013600502722901142,0.01633673755367382,0.012785002734124307,0.019096427564485374,0.00049037490119197
2023-09-04,0.0014114338787420966,-0.0008305747637377126,-0.009435937867168231,-0.0014323602337844576,-0.0010897323944401016,-0.002232060896841692,-0.0006653978599686639,0.0055689091590989115,0.0015455992626520754,0.0009885499759283434,0.0027248774483212834,0.0016504545609177246,0.001393250152548875,0.00028880852445323235,-0.0010827782505354877,-0.001242858300048777,0.00049037490119197
2023-09-05,-0.0004551867525121045,-0.009328516638563378,-0.00804242839790692,-0.01065349906923263,-0.008722251278376447,-0.007783969165794824,-0.011680976155249212,-0.002052107357640831,-0.008714721655325053,-0.009650360977103922,-0.0025640970811640074,-0.0051031940303083445,-0.004588954004517198,-0.009875945831244848,-0.010616266329045443,-0.003004285611104218,0.00049037490119197
2023-09-06,-0.015403469071667786,-0.006699009738044159,-0.013563136537929177,-0.012072288803971154,-0.012112576081500404,-0.0113200845381628,-0.014018042733826341,-0.015304619398330166,-0.007784440732451325,-0.008453379808845751,-0.011905640240275961,-0.011157729159002594,-0.009558127758855228,-0.011375765105378188,-0.011632774853254313,-0.01095636213890172,0.00049037490119197
2023-09-08,-0.0019202923505590164,-0.0007254368483891049,0.003645556106047332,-0.003376496586355082,0.0031350186141572145,-0.0011150553426572118,-0.004331378668059993,-0.0030221665717525825,0.002116050211929066,-0.004131645317824062,-0.0020294392460346034,-0.0012160697402849863,-0.0015693421006965913,-0.0039876048936534625,-0.004698262784291418,-0.005753596074271949,0.00049037490119197
2023-09-11,0.012764932613235302,0.016349507188663237,0.00536015935621359,0.009424611886494683,0.016352964458246078,0.01046603384671263,0.012983237843186224,0.008046629505920944,0.015139228085974121,0.01438172628142298,0.0007044338075354872,0.008660683656628976,0.010120822429371845,0.012910452593369204,0.01355164868331693,0.013148041406493949,0.00049037490119197
2023-09-12,0.017421544360557872,0.0038600816544422933,0.01837175526682744,0.0194028779962514,0.013094912483794019,0.013909809667766115,0.01685780998377706,0.010956549179340414,0.007704161153606837,0.01068893590741804,0.011086543657339298,0.0078061378782920965,0.0105097299270418,0.013170300392544965,0.013397257418519048,0.00934104871851793,0.00049037490119197
2023-09-13,0.00854276335627513,-0.0005096778134670021,-0.006108916197063885,0.0056966796792901064,0.004605792667656372,0.0010755177218508827,0.005262180489985724,0.0017015674286755544,0.004291191310514586,0.0035142692749057236,-0.004354205441758907,-0.001255996706795326,0.002103449497035337,0.004453338580163724,0.004375370980917781,0.0015468942179519551,0.00049037490119197
2023-09-14,0.00013080635092688198,0.006981128724223407,-0.0028092524624585558,-0.004445762377287554,0.006909730497964839,-0.0006994530314328173,0.0017701329518269304,0.008238556129514407,0.0035118926980095555,-0.000833532739522469,0.017476365183056952,0.012640991845961791,0.00573914227807526,0.004030869983056018,0.0009537657656601972,0.010500705344726802,0.00049037490119197
2023-09-15,-0.0008527893547189969,-0.0013161931302150265,-0.011186448548730632,0.01264350258021052,0.008453496731672505,-0.0016498691779951447,-0.007802554109882287,-0.0061386148669703156,0.007040994923711352,-0.022239792963997695,0.0024602409677578763,0.009366873583090296,-0.00596749453401646,-0.009815497362753778,-0.006950594658739706,-0.0054672048239293725,0.00049037490119197
2023-09-18,-0.001045380966913867,0.0005829442772562476,-0.0036375329488719244,0.0005125661672007453,-0.002821214883026668,-0.0006865574049010892,-0.004207985507008294,-0.004332872847074065,-0.0003826499258802185,-0.005640219465803842,-0.0035831934535368593,-0.007638455227192309,-0.0026030068340952006,-0.0022974622390683486,-0.0009212629249067961,-0.0037882627432517246,0.00049037490119197
2023-09-19,-0.0008664833673097672,0.0005235976213056048,-0.01126388751308538,9.782231832700106e-05,0.003954183503465991,-0.003862783936955494,-0.005696373786801989,-0.005354154121068655,0.0004006963696445709,-0.014122323634879641,-0.0034346701254492906,-0.0030295766190436835,-0.005551913976636458,-0.0073970145520655395,-0.005853793623577741,-0.0036688082263506283,0.00049037490119197
2023-09-20,0.006424307642493465,0.008717692844958158,0.0031908986613096157,0.018308511604220756,0.0072603616382131975,0.009284688525670992,0.006910648668530639,-0.00031834976345346266,0.007495683405627451,0.007781183890329002,0.0028131186776034767,0.00821646381827601,0.004349701756804603,0.0027036261034694142,0.00851679206758904,0.006948685637489627,0.00049037490119197
2023-09-21,-0.018939453500112835,-0.01281147923620729,-0.026909888972110885,-0.013378950748412,-0.007920866279979455,-0.018159850287377544,-0.021386470189979745,-0.01813208831424651,-0.011273032468091748,-0.028025031134776834,-0.017133908397139352,-0.014202061198992255,-0.018344660642436894,-0.022019976661553753,-0.018884889443913866,-0.021214102807482926,0.0004727922107445881
2023-09-22,-0.005759317284438015,-0.0028587343506718543,-0.005783303336650225,-0.0045446944075898665,-0.0028914264023407465,-0.004376992608138286,-0.006790466541391704,-0.004614527428241977,-0.003959560718095667,-0.0006775436770193322,-0.0011895856298477225,-0.0019368492030068518,-0.00228262889879971,-0.005341922892466711,-0.006388178425746793,-0.0011667729072429855,0.0004727922107445881
2023-09-25,0.0034270064468095995,-0.001170524687124197,-0.004197129642251607,0.0003029740347775256,0.0020932080308497802,-0.00047604508387488753,-0.0031579753328325744,0.00016648023102061593,0.0021061182716701765,-0.0023679960363069963,9.533337289835409e-05,0.0006840617799215298,0.0005867016593876784,-0.0005560596880854751,-0.0008560276099046638,-0.0006455541473630033,0.0004727922107445881
2023-09-26,-0.014270912799738134,-0.01022288789332959,-0.018961455817719797,-0.018419727705618505,-0.01797403659478858,-0.014770737316334492,-0.016935479851087343,-0.013459541437046751,-0.011207843978849108,-0.016517773379147727,-0.014210133205616149,-0.014659942433353557,-0.013679339033434545,-0.01731721682833287,-0.015074770499666545,-0.015300814742638447,0.0004727922107445881
2023-09-27,-0.0033965784161313906,-0.013963692242968673,-0.005848234720791767,-0.003963420920016558,-0.0117769718888594,-0.007422804593264498,-0.006980980017098348,0.001564094542441996,-0.009596757156912883,-0.002336599225185143,0.008805644436948423,0.000964266422204485,-0.0008449579960623232,-0.0031249585014582193,-0.007816615821908623,0.00159521336186641,0.0004727922107445881
2023-09-28,0.01671394525771408,0.009272707307723227,0.02312888226406762,0.013184759417738778,0.00953868141168357,0.014484337063879638,0.015718691369658755,0.005570091788179576,0.0056729858681543455,0.019739546875610747,0.002693341730006349,0.003043256312658338,0.008953367763433917,0.014288673586209333,0.014132595729967834,0.012052579789332052,0.0004727922107445881
2023-09-29,0.0015227170524396705,0.0006759869714625388,0.011254427271137457,0.00568673178277046,0.001638216136762738,0.006132714049376764,0.00694729997718313,0.007700232131578888,-0.0021018979419225037,0.01784789121218,0.005359572234250987,-0.0013459061579303988,0.00805766830832999,0.009071388060317487,0.005467109068217013,0.007329463615034504,0.0004727922107445881
2023-10-02,-0.00783887919957249,-0.005489604773108447,-0.029973080934436847,-0.022659310013234624,-0.011900728035403652,-0.015442629550157294,-0.017440767877669128,-0.00141976731628779,-0.0016783229731524019,-0.027542367494262865,-0.014868417335618611,-0.008303269491057419,-0.01303507284673655,-0.01522660927687669,-0.013529878355222125,-0.012999378926255023,0.0004727922107445881
2023-10-03,-0.01834129383987393,-0.011034781911535174,-0.02281067253706892,-0.02014495139587391,-0.0159640359369686,-0.018827066524773062,-0.020821353045961,-0.016485899943545212,-0.008002242329571696,-0.021832407612865867,-0.016044144194224397,-0.013774833692161925,-0.01540630887807981,-0.02011833714917044,-0.018628946375027988,-0.014397736172305775,0.0004727922107445881
2023-10-04,0.006028674379472632,0.0088384209069583,0.0077511558045737505,0.006642187883850292,0.0023834049200108787,0.007545495401656721,0.010720331141437889,-0.001943815974499774,0.006731731666910434,0.011409646534470408,-0.01677962828628554,-0.005751235265269217,0.0010453670019010541,0.009597152789179386,0.010520159991493694,0.0011998595000528578,0.0004727922107445881
2023-10-05,-0.005552183312550807,0.002313914326907529,-0.012398916396756166,-0.010488410166593076,-0.005160649369796877,-0.006387002718561963,-0.00730137484616078,-0.004999112676251083,-0.0015197611595085814,-0.006190380370872606,-0.006185045025534963,-0.0028317986617746316,-0.004370139424529018,-0.005841365024708556,-0.005322918568629986,-0.0029989809653356847,0.0004727922107445881
2023-10-06,0.0035132941022555375,0.003291957176990268,0.004569966455042707,-0.007764209574715575,-0.0036479215579421354,-0.00025920734017059743,-0.002728639798320942,0.003458526781944249,0.0012474457514406456,0.0003384254372529316,0.007612296644945893,0.0026358087863973534,0.0031229962504764064,-0.0030177813028881006,-0.0006222562388966679,0.007722789053590917,0.0004727922107445881
2023-10-09,0.0007742087484927662,0.0035478797886308033,0.00461328972818742,0.002525755368179672,0.010779182680151767,0.0034527947194500364,0.007027408555678294,0.018156232843851816,0.0029039989524812793,0.008559471475368285,0.020381069156164333,0.008949894608409004,0.011936290350427647,0.010656365087955644,0.007147949478691684,0.009249515289023291,0.0004727922107445881
2023-10-10,0.014387309538493875,0.008997130446564139,0.027622472736765546,0.02052543388564465,0.009221468096875407,0.01853837933480129,0.02353255191213699,0.012851937704380534,0.009888105148969428,0.01943281953433984,0.011992545747685046,0.008301235742179225,0.014324760402279146,0.020979859123310796,0.02089908410018948,0.013678869763823487,0.0004727922107445881
2023-10-11,0.0026485448265511913,0.0029513815005755006,-0.00579457641541492,0.0012285230964654836,0.0027367737926722313,-5.500336289876451e-05,-0.0020195818646396857,0.00011609254145095171,0.0011362913668222507,-0.0074756089812793025,0.0032782238910562533,0.002658734363762072,-0.0015745166607409322,-0.0032239491012574506,-0.0005662068380829499,0.0023375635395415095,0.0004727922107445881
2023-10-13,-0.020018463505851458,-0.014300126095735166,-0.02559616883051541,-0.020937938080311413,-0.01341627349384611,-0.020902889267014446,-0.025421402310410235,-0.010489809919059567,-0.016431146785780282,-0.021940592807401016,-0.006057678012382439,-0.011273084866161631,-0.013465869397240593,-0.0194578881050419,-0.02294588298023814,-0.010487604617306023,0.0004727922107445881
2023-10-16,0.00598131720849282,0.011780482242110368,0.00692503361927721,0.006609941542648823,0.009242721473804227,0.008211944128250437,0.003454908555357683,0.009225572256759573,0.008110497067124633,0.011740276812158168,0.007392633386985814,0.007410303348821978,0.008911841680836474,0.005484967065718438,0.004052625214336247,0.006751377449168983,0.0004727922107445881
2023-10-17,-0.017118421398177208,-0.016535666768356272,-0.018342326601726966,-0.009836088769388796,-0.01679185197957833,-0.016159822282767577,-0.017670894586337527,-0.015583605485733454,-0.010111745476282574,-0.011984284547490898,-0.004122859533107093,-0.0035849748097600553,-0.0104639459268554,-0.013689703599493841,-0.015799193364091635,-0.004984760525748699,0.0004727922107445881
2023-10-18,-0.023062085449349068,-0.012412411145883873,-0.03187537374055116,-0.029694281379251786,-0.022559360290306363,-0.024005696876515548,-0.026154770761666835,-0.013946827229989855,-0.004333342779867966,-0.026045709030445452,-0.009224408740988954,-0.00736403366439331,-0.013258149400940611,-0.02101172856124478,-0.02275822251786963,-0.015261976066293093,0.0004727922107445881
2023-10-19,0.009807136149837303,0.00864400780944341,0.015618034627107313,0.0034627924454955217,0.009912203888647664,0.008455383436043906,0.003921912037398334,0.008434836144512348,0.007068369899074778,-0.00011323665592155585,0.000188130920511842,0.00621655336202398,0.003733411913827034,0.002349968951186332,0.003496604536916692,-0.0005819193358759245,0.0004727922107445881
2023-10-20,-0.0005519744633809553,-0.005234007275064956,-0.0010860776534868943,-0.011026537068921094,-0.00033573810183462616,-0.005423585973631129,-0.0029040004114344597,-0.010118415749075127,-0.0034458028760212533,-0.0022822801760905564,-0.013123727805333218,-0.005782761167576034,-0.006395575205736859,-0.004405527104743401,-0.0031484574478297667,-0.007373813901221271,0.0004727922107445881
2023-10-23,0.004156818882727009,0.0057520823652421615,0.02350380672392216,0.013587415283391024,0.008431730740317,0.012380763723004451,0.013111753908366497,0.003585322495883503,0.0021996250196349987,0.017862670363026467,-0.008739976174691244,-0.007974532778573518,0.003736394860851311,0.011126378329565645,0.011147488364628533,-0.004230778177751748,0.0004727922107445881
2023-10-24,-0.0022949324427434803,0.007016838196711062,0.004541284683980296,0.0048058706635494275,0.0058577025070887245,0.004456122376040206,0.006394617817743864,-0.0033988880287320056,0.0038025070917520054,0.004151159788590375,0.007638740980666414,0.003241033512536351,0.003606128136164344,0.005714666826327042,0.00482821889195395,0.008688183611486933,0.0004727922107445881
2023-10-25,-0.012215385030786785,-0.008624566744387052,-0.01967914287137984,-0.02024869191313039,-0.007455518867304556,-0.016130116251737214,-0.016849657600498613,-0.012244663642114961,-0.0037525781534254454,-0.014332654963697067,-0.008483375270620708,-0.0015851785328294676,-0.010164999879359593,-0.012054257572507443,-0.014253942579862455,-0.008049377471549435,0.0004727922107445881
2023-10-26,0.023858985723995474,0.015824674845775988,0.029048354383214958,0.01889768871719877,0.016791315580811483,0.021936109177389973,0.019730535420213524,0.017032279125395178,0.01574611003932347,0.025657544585693248,0.019746299192908268,0.015623114545104455,0.019910833234289216,0.019340914622303362,0.020145369705671046,0.016682673518693125,0.0004727922107445881
2023-10-27,-0.022702905723806066,-0.020648748036023346,-0.020979929647227613,-0.021243956195299618,-0.01513779669073645,-0.02228566896040085,-0.025444276422765588,-0.02063097831787275,-0.01754893983329331,-0.015224138050689007,-0.00513324078862798,-0.006980176205146571,-0.015676424119051013,-0.02156126098302258,-0.025169798754704376,-0.013013892339900024,0.0004727922107445881
2023-10-30,-0.013145563785090797,-0.00887171835730205,-0.01773234706222282,-0.008635015727271544,-0.01582003272871213,-0.012058883213978522,-0.013907542988776389,-0.018126087127175783,-0.006520352714986299,-0.003177369786441786,-0.007242713396944933,-0.006110533229700343,-0.008504645556747459,-0.013580932614800423,-0.013038742402660564,-0.0068951147690531345,0.0004727922107445881
2023-10-31,0.002045721336099815,0.003057475011961852,0.008226681324856155,0.01186424176409906,-0.0019973877538933538,0.007867011711061966,0.009100652031935885,0.013313687236921945,0.008000264679423719,0.0050152579003552855,0.004353536488333809,0.0009269811800312056,0.00711281880663206,0.008020308164971457,0.007209560504146673,0.005147823957887043,0.0004727922107445881
2023-11-01,0.010225456166282898,0.019953092734633637,0.007316424571036428,0.0030433786659702644,0.01906814669613266,0.011962749103088477,0.015613480054995188,0.01650575358046602,0.021854193135867117,0.012532979118183185,0.02084498117794209,0.018621404484595816,0.017563892710567686,0.018920665910944212,0.01741185471426543,0.016766695666361908,0.0004727922107445881
2023-11-03,0.024244974613109704,0.024686925585563957,0.05254470233519526,0.025475433324462893,0.022567918206179094,0.03233457414421892,0.04224473099747028,0.020575337815498917,0.013308142846072624,0.038805637950275695,0.013053157563669648,0.01958108848886142,0.021354225124410542,0.03654776458916609,0.036729023480192025,0.027007429216739265,0.0004551316162888508
2023-11-06,0.007465068915379458,0.007496476317118139,-0.01536253236323093,-0.005056949187669635,0.011601360065329525,-0.001995093925059588,-0.0043521920595869235,-0.0018221029853637827,0.006100782634563817,-0.011475366359407824,-0.006610132096692145,0.0060499368650024365,-0.0035304013461092687,-0.004974248979600637,0.0008482754805358983,0.002221715905519117,0.0004551316162888508
2023-11-07,0.011799851737565481,0.011359034049255312,0.02649013956474322,0.013594449836476619,0.006381641981275221,0.016848115214039172,0.024113447816557665,0.010159031605568858,0.008726803183603193,0.020210082524895423,-0.004812023755398798,0.001285949612280124,0.008415930219003442,0.02146177485393541,0.02314197800038076,0.0068102912226681855,0.0004551316162888508
2023-11-08,0.0027182236909490953,0.010586062724253331,0.0025831539923841795,0.006994304328936218,0.002359960456303156,0.0062404213947104825,0.0002478084166130934,-0.00486832189699371,0.010577299721152844,0.0032324372957381886,-0.011709671263377852,-0.006832922232027028,0.0012514371376766142,0.00033483752516971776,0.0004322014058550927,-0.0012226663812782146,0.0004551316162888508
2023-11-09,-0.015149650290781302,0.0002067501141531647,-0.006860551161191664,-0.007650640735917591,0.005324143004029169,-0.006571906903779845,-0.009082435939647637,-0.009171565146669058,-0.003957153740960173,-0.0046076791952247564,-0.0002003848836519273,0.005499856106251588,-0.0038087151853443135,-0.005971030422409873,-0.0044431510671362195,-0.00091867107165855,0.0004551316162888508
2023-11-10,0.014284770565893723,0.011448363331371336,0.03822731700359605,0.018107142220293637,0.010403181709249143,0.02036833853190645,0.02133192242414017,0.016208864721203975,0.012074148125651218,0.02803788380557748,0.009648713218044502,0.01692956730267947,0.01665670869416891,0.015539407082254764,0.016941848656435,0.01270785221359838,0.0004551316162888508
2023-11-13,-0.011990986178334828,0.0007277374646901258,0.007268935501357543,-0.0025375168308259255,0.0014375875113619152,-0.0011934271978749633,-0.0030856953713749302,-0.012288059152204545,0.00018823980341986513,-0.00686731679370467,-0.0008192767722403627,0.0014152944611682816,-0.004681074427259735,-0.004699181143051234,-0.004483454482417382,-0.0008912140962894499,0.0004551316162888508
2023-11-14,0.027717482606006705,0.01404223442724195,0.02189518116972189,0.03332181162536285,0.01442703142213575,0.02531665087135848,0.027803798607291652,0.02864083193655942,0.012115997409946733,0.024677143563019532,0.02510796448647068,0.019492666686657723,0.022101740697844985,0.027111473756380455,0.02500967405863963,0.022691850049308293,0.0004551316162888508
2023-11-16,0.01611493888478499,0.016785930939064997,0.024987530570885763,0.020063622531935277,0.01910110919450614,0.020466361117229548,0.023259103992602892,0.008603833444455145,0.005963342931892157,0.020373220707192496,0.0027928509918453415,0.008900057555902396,0.00907189425938415,0.018991918688719522,0.025177725118483263,0.011788534797283257,0.0004551316162888508
2023-11-17,-0.0038668417616466444,-0.011577885999673243,-0.00900691976528778,-0.005308452726273893,-0.00976729238428553,-0.008078901909081004,-0.007939721392782761,0.0023643476534278562,-0.007696980497489125,-0.005569915867019382,0.009005540994745598,0.004565001530896451,-0.0016152759583573095,-0.006814654628863659,-0.007908855538748205,0.0013092011488464728,0.0004551316162888508
2023-11-20,-0.0009738705010657878,0.0011793092787526493,0.0034871928993731593,0.004431667000996731,-0.0031473608427269317,0.002225818400410029,0.007143848596542268,0.008368425066921592,0.0008432994497435953,0.0015079175546561796,-0.0011652534555485206,-0.007537818492273529,0.0026812458422575958,0.007504730860103059,0.00745795620021128,0.009089746962797074,0.0004551316162888508
2023-11-21,-0.012405213755202094,-0.0001178193477895384,-0.016887861511620916,-0.007383426794750347,-0.007744767842163602,-0.009338258705065217,-0.01358759915725638,-0.0007998844830967577,0.0012771354518457123,-0.003210527517372941,0.0013771249695582188,-0.0018380183126225358,-0.0008705041555323589,-0.008334111784784382,-0.010979418549945885,-0.002918796843998983,0.0004551316162888508
2023-11-22,-0.009271744319494624,0.009006601782611146,-0.004612513062065338,0.004870783224287578,-0.008100528927260098,0.0012390139803082345,0.003943383208868445,0.0003444966613508349,0.006920968485354839,0.0016068833747762135,-0.006051259608643722,-0.009045149488158821,0.0015903646614794376,0.0019485740928404383,0.00555351780105906,0.003253968809994179,0.0004551316162888508
2023-11-23,0.0063345289706240315,0.005489793281933553,0.0038637526728184657,-0.003249094038124678,-0.0007164021277292765,0.0030285707480401935,0.004612154686142178,0.009709201768095532,0.006707039899067624,0.003835156486649005,-0.002663235315591206,-0.0009653572325115656,0.005064962086125613,0.0033980418322108186,0.006346428958182493,0.004273720431795969,0.0004551316162888508
2023-11-24,-0.02223121956732399,-0.004778604101059347,-0.0034622201166848443,-0.012132100842425664,-0.010592761122209637,-0.010302343517888501,-0.012079805018826772,-0.01326793104547419,-0.003011471631951812,-0.013934481330498905,-0.012356887338491052,-0.01167361472209516,-0.010100227704486153,-0.012332647420889686,-0.01253918495297801,-0.008431383751244081,0.0004551316162888508
2023-11-27,0.009946033337423943,-0.0013120585844850208,0.016195288110593342,0.012106212397958283,0.004076624604087309,0.007560730935071813,0.00207016770092161,-0.0048209518377114735,0.00021963188721185745,0.01778389718342499,0.00022727331671545947,0.0035397289374352603,0.0039151311316680815,0.005540566668417624,0.00326063578096103,0.001554335992818956,0.0004551316162888508
2023-11-28,0.0043095630716523115,0.00014479946173540093,0.022314411399872558,0.006398009126676207,0.002519833482332645,0.008442784890389854,0.007591559551518801,0.0015195537641528034,0.0005806451785836941,0.01502068198287021,0.007723488072841844,0.002393090259421582,0.006905473357363023,0.008730725132607864,0.006034152560298711,0.0064862504018898814,0.0004551316162888508
2023-11-29,-0.0052946701784208905,-0.001020003456703833,-0.0087041799432106,-0.008062930130162238,-0.0028538150605808,-0.005301213505626179,7.877968415437309e-05,-0.0073607581980292824,-0.0033387243979663417,-0.011379633574655879,-0.004776150996327888,-0.0036512284847588505,-0.006708626655419048,-0.003434189410215338,0.000596670578173697,-0.0030909895961126477,0.0004551316162888508
2023-11-30,0.015841666185994585,0.011634723494018617,0.006464204309149402,-0.005308453056742768,0.012372511953831378,0.006153616693723496,0.007748217698663629,0.012806130997696119,0.007245432708441246,0.01740068397826433,0.00484732707990454,0.00947833390272601,0.011173324168487708,0.009441601427998547,0.00787135502593972,0.009295496530243419,0.0004551316162888508
2023-12-01,0.015044158126270801,0.009791966458609247,0.007936679765202292,0.0036098584475467987,0.011168883952401787,0.008932346135591462,0.011908025938761169,0.012443127175749025,0.002876283781240385,0.0179433109810736,0.008107224342341901,0.0023029223822483846,0.01019105388102326,0.010970940424837039,0.008167692676123828,0.00660502450513234,0.0004551316162888508
2023-12-04,0.002308934232245541,0.0019784367603168374,-0.016307031301246333,-0.004545001294227968,0.004388591794985519,-0.005580860680840072,-0.00823411205830804,-0.007325872303619474,0.0009002122622332465,-0.015363281014028285,-0.012744364296418675,-0.004932570549104787,-0.008509597902617183,-0.011609873745633714,-0.008165797548584042,-0.010665730564952458,0.0004551316162888508
2023-12-05,0.01330748975726248,0.010475557065157126,0.00886617704495496,0.010802120446919083,0.017235079278344667,0.010364747343427183,0.008395898647624245,0.0033965921476155625,0.006226307615992965,0.014043032289753565,1.3207524407476967e-08,0.003073647320462669,0.006297983964509646,0.005981998855015158,0.004733567757641444,0.0009226137758977515,0.0004551316162888508
2023-12-06,-0.013537910183396895,-0.0021032878821998224,-0.01345481588877806,-0.007073241789455342,-0.009551197905544373,-0.005673337560959779,-0.0050846969055202695,-0.004161097070581876,-0.003588481241231567,-0.009433205850895021,-0.013879384989791355,-0.010615103160254602,-0.007256302141706694,-0.006418288527331395,-0.0038419257863329115,-0.010081845161379888,0.0004551316162888508
2023-12-07,-0.0019624309529979733,-6.018265200191664e-06,0.015097918248558884,0.00508167395070358,0.0037245951137745426,0.004044322286044899,0.004087283321705826,-0.0006128983249027442,-0.0016954461737375137,0.008334749348765325,0.006028033103868902,-0.0030618760887271,0.0027608533498146848,0.004936943645786673,0.0023253064280928104,0.0031267511160273376,0.0004551316162888508
2023-12-08,0.003572102676212552,0.006196148479054253,0.008271234667798444,4.5358667359662874e-05,0.002782304730384766,0.0036226057806534318,0.0036736434441395627,0.008872442439893602,0.0055471638138273605,-0.0028427700207681594,0.011169891218348216,0.006817588402633579,0.005190142378833196,0.004703147708333466,0.003255179076978365,0.00880901751005081,0.0004551316162888508
2023-12-11,-0.0018170364082015222,0.0021469017266293466,-0.005885134076666909,7.112138402520785e-05,0.004385751484835998,-0.0012819054124081353,-0.002731625328245113,0.0005717283071209334,-0.0037597792336038216,-0.004472994615529746,-0.0021761736673771015,-0.0037498536348276046,-0.0026404268540767273,-0.005721483068183764,-0.0012933677111591768,-0.0012255475291247375,0.0004551316162888508
2023-12-12,0.0003007770756340289,-0.0018668949461903006,0.0013421581744150757,-0.0018261027777399796,0.003487456061325389,-0.0002609241883231306,-0.0012591778392976316,-0.0021248163877879422,-4.498584235934633e-05,0.0007855640640785921,-0.004398118856429045,9.79428400582627e-06,-0.0010661592670624387,-0.001449190962232505,-0.001681873607198403,-0.004389205170890698,0.0004551316162888508
2023-12-13,0.019718968006263493,0.022982040536859927,0.03892658476874966,0.027426059438422135,0.015913296024281154,0.029625040731813268,0.035577018744390676,0.025832086910308805,0.015482606816031419,0.023330007909105444,0.015415484757274944,0.01625103110342807,0.020508465871572845,0.03033252528381447,0.032416571901894065,0.02424216077545105,0.0004551316162888508
2023-12-14,0.006874109294250363,0.0029357667490492734,0.009070592780354048,0.001800420995049068,0.0017997848081272583,0.004588665822258697,0.005629858511806862,0.012541443296750998,0.004447656931640953,0.008907659997210882,0.009595233018355076,0.008369490528386425,0.008187756708138982,0.009709334968788452,0.006070330985340933,0.010660209430240375,0.000437392423015881
2023-12-15,-0.0035321112810134947,-0.004728430532372707,-0.0019878501162775564,-0.00941990684334948,-0.0028449291037686564,-0.0064050301980198565,-0.006661591216656326,-0.008741634505041285,-0.005414899619004876,-0.0006116015605808212,-0.001700998948827026,-0.004025136759310044,-0.003581986504957446,-0.00820480361789444,-0.00788274284849233,-0.004900924354547032,0.000437392423015881
2023-12-18,0.008355832354100645,0.003515336933201496,0.005419182102836428,-0.0035724609024810894,0.003626344917102342,0.003300007107710945,0.00427332168443284,0.01017544623746347,0.003948542204711636,0.007589771286386826,0.011240274326675737,0.009203727069162282,0.006894668816794569,0.007113908283729042,0.004280583968654383,0.007048695410382555,0.000437392423015881
2023-12-19,0.010286961734642164,0.006428156951776565,-0.005114372250939914,0.01644499262035448,0.008979432775590768,0.006779825784154481,0.006346131383096365,0.01448464940235672,0.004783803317856439,-0.0007356392380614141,0.005382859498426429,0.0064664954828410615,0.004593370269762698,0.0070388911319720915,0.007347175759746305,0.006030057949439227,0.000437392423015881
2023-12-20,-0.013605193366314272,-0.00646353999212157,-0.007926489121109936,-0.01532429901351906,-0.009741988001349955,-0.009964072804181545,-0.008928263449338947,-0.01037733491791848,-0.0030844606565879618,-0.00804208506405002,-0.008657934895783814,-0.005947848550771462,-0.006856252149035846,-0.008878598295850137,-0.00812044655722699,-0.007663749324221869,0.000437392423015881
2023-12-21,0.00034348425069019584,0.0022537320094355717,0.005998959539842419,0.018418825774471514,0.0026765248624767146,0.007123313076910387,0.00770250330730704,0.003907071200245804,6.151881535298998e-05,0.0035080376617793174,0.018529739979831872,0.006820483239161179,0.0053430781759902235,0.008675111229514254,0.007489070518912788,0.010410217484811302,0.000437392423015881
2023-12-22,0.0052280313846253534,0.007389380294758441,0.007787157038386283,0.003171819941303111,0.007961489650104792,0.0062460511023867404,0.006988401661225385,0.005429442386367445,0.005756419660212453,-0.004312671613797225,0.018341996017826823,0.007482765153763893,0.00617294981631189,0.005723599183147243,0.006269068641719722,0.004494945007828877,0.000437392423015881
2023-12-26,0.004057637464583763,0.002232347936935941,0.01702376586975607,-0.0008564522133326369,-0.0016316692185628368,0.00623519493410174,0.003802395929782598,0.00504862550715246,0.004213196972940203,0.0010076666060487849,0.01963974857405426,0.006705302781388367,0.007441986870735828,0.005887316249834074,0.0022284480680534458,0.005881574629125197,0.000437392423015881
2023-12-27,0.0018042135554143801,0.011608058853265213,0.02089236537415462,0.0037888031210493445,0.007347423536986142,0.010834637675207537,0.008768707982703239,0.001451589595917957,0.005699816516543166,0.0042459752535937145,-0.00447247386241989,0.0020747734290416098,0.002696760904976614,0.005532995617418157,0.0074989443752571106,0.0049141264939021045,0.000437392423015881
2023-12-28,0.006696263660218582,0.0012328975001660858,0.02203276663641862,-0.006065396500418596,0.007704316853117454,0.00538069527815388,-0.0011483227258237694,0.0034574254861359233,0.0018923291284345112,0.0009524358889756446,0.0023442853849828804,0.0051434742876594886,0.001905603245118348,-0.00265677322141622,-0.001652554961378505,-0.00013018764556438356,0.000437392423015881
2024-01-02,-0.0036000000000000008,-0.0021548217980704738,-0.00288478084252721,-0.001355074858812405,-0.0017138529681768148,-0.0019777000543973458,-0.0009759098064041896,-0.004000000000000001,-0.0014000715149188262,-0.00240690067821848,-0.0021808823210887865,-0.002124849376235344,-0.0019195023982874644,-0.0008065763324863879,-0.01925503960209274,-0.010717875514485331,0.000437392423015881
2024-01-03,-0.009247317176536818,0.00027531528420432494,0.0027762640461956867,-0.0023012259822710046,0.00042703004375366227,-0.001627758017115899,-0.0008701857191341089,-0.0033893699406737365,0.0009347145190552464,0.0038689099598976373,0.008251119118820816,0.0038088658032986444,0.0013833474577720217,0.0006670148857002012,-0.0007721024485128902,0.0017844160402258336,0.000437392423015881
2024-01-04,-0.02320122670291136,-0.007631296190640735,-0.02404636675337657,-0.009772102914838432,-0.01101655834963955,-0.0157117692132982,-0.016631604635835795,-0.028835869241714884,-0.0054571728598143965,-0.016771209214590188,-0.009711125733209092,-0.010027975380920373,-0.015575162080499805,-0.016620524586272833,-0.013688973720098474,-0.012371423336625331,0.000437392423015881
2024-01-05,0.010658373023880285,0.0041478134534000954,0.012552889267540168,0.005341927938979252,0.003694080946616163,0.009734469485963793,0.01084171635074771,0.011214589008653464,0.0018162623187250038,0.020906318449977146,-0.0013742067944104708,0.002785032996564629,0.008673321434691461,0.010661755584410404,0.011273049138509128,0.006144739371180874,0.000437392423015881
2024-01-08,0.011417757386169791,-1.2722250784746869e-05,0.001669528520126029,0.01090093529974867,0.007768119756767389,0.0065991392025182005,0.01395007427196382,0.012022335201924639,-0.0020409383607478127,0.007639731730692434,-0.0004904417457668453,0.004301034777220769,0.0053761743184204125,0.014151830429631751,0.011155538763050865,0.0029713095401917577,0.000437392423015881
2024-01-09,0.006690665217702785,0.004528904326592587,0.003357897338706284,-0.0035631281326402586,0.011890376866119379,0.0025045751418333317,-0.0018295847517881825,-0.012815703363948439,0.0018938240513106663,-0.009978594419938647,-0.004671225514159438,0.0006719851282601663,-0.006282061833735031,-0.0064525212166395285,-0.0035699596497782426,-0.00721687369959878,0.000437392423015881
2024-01-10,-0.00773013390114996,0.002428465755335507,-0.01295217349792932,-0.004005580961367605,0.002758237629309379,-0.005826450229379221,-0.007074297438656396,-0.003932948101435407,0.0021088925290746463,-0.011783214883364423,-0.011172297295197975,-0.0018703972841107586,-0.005936417361785851,-0.007254677235311924,-0.0030188984662701257,-0.00477775585842799,0.000437392423015881
2024-01-11,-0.00887408152174518,-0.008213327072308374,0.005115842437534157,-0.013281244970126727,-0.003034151142270569,-0.005661557004021045,-0.008486773132231229,-0.010312081258801897,-0.007751226627529584,-0.008456530821648545,-0.005388731467881436,-0.0017608815932523836,-0.007991924521461136,-0.007668779320464059,-0.007582276631326046,-0.0014076972632224294,0.000437392423015881
2024-01-12,0.011545995386945007,-0.0012638101216481124,0.02158027764302206,-0.0014307126066462894,0.004813563510601027,0.009739511477003582,0.009120533910735862,0.0023488387207006856,-0.0001323538981067296,0.017615934843678627,8.905409007775589e-06,0.0032924386939816586,0.005890211242624677,0.0076390271092807716,0.005936020766529326,0.0025439709796442056,0.000437392423015881
2024-01-15,0.011977103357246222,0.003465138699626946,0.038076346595022015,-0.0027037856753554523,0.007132501062844021,0.014689906748061254,0.006840106538347879,0.0037635099102086844,0.006497887906444566,0.04309807949728062,-0.002204804837454555,0.007352954052574523,0.014453263601580169,0.006554740829759709,0.003556316935061865,0.004114782374719184,0.000437392423015881
2024-01-16,-0.018288243901957824,-0.013122417878673076,-0.04625722507596597,-0.01698099289706978,-0.00953188247634651,-0.02720907361428193,-0.025298787102473574,-0.01704686805183031,-0.01277527793562705,-0.05482217290037694,-0.016958029774858607,-0.013699918938949729,-0.026792203589004915,-0.021172146562128957,-0.02135412024319816,-0.016651706205801364,0.000437392423015881
2024-01-17,-0.004854648558962782,0.0006624307113451966,0.003937425795017768,-0.006154942201267111,0.001570446726527397,-0.0009933749128524516,-0.003233876388179624,0.0008744600976537953,0.0023252937080744385,0.008314831642052045,-0.011817850741671299,0.0010863512509187156,0.0006067678866108484,-0.004732293262692089,-0.004115067328683719,-0.006036121978472919,0.000437392423015881
2024-01-18,-0.018308523721995873,-0.015128707990476387,-0.02686818713366035,-0.004400407615526736,-0.012881991088730005,-0.01643626744777904,-0.015537221537589074,-0.015277381204478857,-0.011978624856111675,-0.028262011415989607,-0.0038183830212117353,-0.009121780632467269,-0.015456442490204836,-0.011883221055918769,-0.012335243711824817,-0.009173920401179148,0.000437392423015881
2024-01-19,0.011033108905376787,-0.0002679607206018675,0.005347780205908315,0.0026239086660280186,0.001477663242970495,0.006401275831658504,0.00912594710328718,0.013853513228119008,0.0010424986531667457,0.004601652346256646,-0.003872704536536209,0.0007619890101260296,0.004552682368056171,0.007619524091304397,0.008252311404800983,0.002543450377545886,0.000437392423015881
2024-01-22,-0.0032657160347050462,-0.0054947661501237866,-0.01307592248848699,-0.0076141530817348535,-0.0047318729150546135,-0.007865277552435046,-0.01242043837436757,-0.009582234905105347,-0.0050933521888489874,-0.013344777553199516,-0.0091063840047384,-0.0035286510583661945,-0.009398763702759605,-0.01189358164912846,-0.009707062667327238,-0.008010670975526879,0.000437392423015881
2024-01-23,0.02487693502366395,0.009210043209445073,-0.01628070121371561,0.015081178881211521,0.012272149165049706,0.006842397878376039,0.01020175607066931,0.012418655403021894,0.005247455576455895,-0.015650376633040475,0.014581963328839542,0.011014038325674047,0.003696047605395769,0.009520410624429987,0.012643393903967404,0.01307502630416546,0.000437392423015881
2024-01-24,-0.009830633978019865,-0.005765239326459004,-0.01189060256603347,-0.0057054806398112445,-0.00765237562321619,-0.00745967025388572,-0.007892336874968708,-0.0031542143566569703,-0.0018094688165566364,-0.0008942391253410342,-0.0032445823155065057,-0.004783863401852773,-0.0028449488594117778,-0.004589349818891697,-0.006690958741400355,-0.00350624919612208,0.000437392423015881
2024-01-25,-0.002197866126618875,-0.0017773114569772375,0.005230809823674187,0.005005261779581938,0.00048161727678630584,0.0016641102157644028,0.002460325343180303,0.015409448570591788,-5.8111770653401784e-05,0.008365550590868409,0.0027827977684418137,0.005966267398566982,0.006125306884125603,0.007154684889932206,0.0036348295457719892,0.0037702321958625884,0.000437392423015881
2024-01-26,0.0007523513696725548,0.003424405172639755,-0.0023611125149111123,0.0024275237008462014,-0.0013620317275879756,0.0024135900839954427,-0.0005078080218973158,0.003312237991075273,0.005092703557362466,0.00284591900619513,0.010540616849181283,0.003720679757038825,0.004238377210206146,0.0005113377155783194,0.0016674693160592113,0.006438476553465744,0.000437392423015881
2024-01-29,-0.01311868238822489,-0.006779096649281335,-0.01280369784751123,-0.00708848332574008,-0.0047068140084349785,-0.00938546480335023,-0.007381535443661713,-0.00826937860369692,-0.005978065478796202,-0.008944597280218125,-0.0024716114269776046,-0.004295946629505942,-0.007065117085041872,-0.006937421212459327,-0.006230789325952002,-0.0033276044097697577,0.000437392423015881
2024-01-30,-0.023478794115115442,-0.00969642278954641,0.011794665251004366,-0.00930692400895361,-0.010543052228613736,-0.007053536515064129,-0.010329183773141626,-0.009057620989126991,-0.009833696078590748,0.010339537014939504,-0.0039239215336801525,-0.008396606451274158,-0.002952318508383067,-0.009485863748992185,-0.010682804599758455,-0.008354624915245634,0.000437392423015881
2024-01-31,0.016273722758207043,0.004086883112850215,0.019483094643530263,0.00018833789899641573,0.007304549001830418,0.009995405272348545,0.011024982192622712,0.010537024477280443,0.010728951812560616,0.024035215288550793,-0.004195376820238184,0.006965791166628099,0.010862461266652357,0.010835215516876051,0.011109100982576114,0.0026499868960780937,0.000437392423015881
2024-02-01,0.0075434825346412104,-0.0009281630689276232,-0.022211343910634396,0.004812214652956781,0.01057829622184503,-0.0027231465136828836,-0.00017982525804838279,0.010387372510286319,0.0003993483431357081,-0.020038718922050336,0.0036507434148123075,0.010409491965000628,-0.0024269230702606004,0.0014597807147915809,0.00423266814651635,0.0060441517484461915,0.0004195739267733867
2024-02-02,-0.02151662862478232,-0.008814020025262104,-0.03454587307398782,-0.001408288831210469,-0.008413510858559348,-0.015001783638197375,-0.011013519991140197,-0.016081438381125635,-0.007889932639350894,-0.02297459671347246,-0.012696169954496517,-0.007226526526124433,-0.014434689699780123,-0.012507399485362947,-0.010158459722500512,-0.010166914342603417,0.0004195739267733867
2024-02-05,-0.00434054151730312,0.006331161977645605,-0.038135969770703326,-0.007068663035514011,0.008321983472859618,-0.012175267409235913,-0.00866111004804515,-0.0036725572096975023,0.005929706555269476,-0.038870159521364855,-0.006522591286613477,0.007119374442259074,-0.011207356602914387,-0.005740030360870452,-0.0011446764109472873,0.002930357893011326,0.0004195739267733867
2024-02-06,0.026232646940775206,0.01760501388134772,0.014301494418886174,0.016224605003251957,0.015051605874525142,0.01881462788297461,0.020016813686534185,0.01396837516582261,0.017217277876448334,0.005606029378196986,0.01642820446752613,0.014776998017615561,0.013546540563260656,0.018103138377831396,0.021036063431995267,0.02159918642934433,0.0004195739267733867
2024-02-07,0.019723720035168313,0.0017049835413207592,-0.011074165057348928,0.0058210893353949356,0.0034026501205817183,0.0037848057012461744,0.003764686216350288,0.015054331139080945,0.0015183036347026224,-0.014749524380277212,0.010192644788814542,0.0031094160151574624,0.0030078485684708056,0.0041846871110737816,0.0013016273099057951,-0.0027547483089871427,0.0004195739267733867
2024-02-08,-0.010927112282737794,-0.010288197200894578,-0.0358466772270587,-0.010209825538027184,-0.011022081310846144,-0.016356660598493167,-0.016821240992229813,-0.008525976604923935,-0.017171716195076847,-0.04136754841632506,-0.003909716950948994,-0.011891399547643067,-0.018075101952632178,-0.017864382975197435,-0.012577975460967394,-0.012962716828504695,0.0004195739267733867
2024-02-09,0.004345415149577203,0.0026686314062822625,0.004720693679068244,-0.003007390070721372,0.0005143853198763537,0.00033659933182472734,0.0035526355691930522,0.005216174630259696,-0.0021666329960715602,0.002033313965742245,-0.007282241788014732,-0.0010480360110253217,0.00011738425966956179,0.001512548606560138,0.002156038022135043,-0.0014672011369653015,0.0004195739267733867
2024-02-14,-0.014909028872513774,-0.0075285591513208905,-0.01876944463694208,-0.007479504706101592,-0.007430368024116674,-0.01095625240263609,-0.01341924682787543,-0.01285508306284866,-0.0027467214635407133,-0.013323938415532366,-0.006601864757001974,-0.0037714527379145713,-0.00829753690067525,-0.012568988303777395,-0.011074280338769005,-0.00807304644707163,0.0004195739267733867
2024-02-15,0.00562888267844408,0.005250618801806217,0.01620868608913062,0.0048656543965299726,0.0020768826460690892,0.007420403995792579,0.005803507539848818,0.006435267272865808,0.007188802223621726,0.005194931408260439,0.01127760120658916,0.005160758072602301,0.006304700865775059,0.005657741718226861,0.004153978644722223,0.0067053640114693724,0.0004195739267733867
2024-02-16,0.0050478441325150225,-0.002379546617449546,0.02242319399941084,-4.319755435611139e-05,-0.001978251489166083,0.006564713507579034,0.0065041556311544735,0.007019028751314549,-0.0052802888341715315,0.021046005821010016,0.0047089278095078235,-0.0024808773323081734,0.006408262983028212,0.008360976246321483,0.0031614526987260305,0.007362247317564741,0.0004195739267733867
2024-02-19,-0.0029465586599635163,0.0016969614930744115,0.012753537483370048,-0.00180530238540344,0.004616528439630896,0.0024705656434653722,-0.0004364150610849382,-0.0008261936019265947,0.003818121050484846,0.004684948228270036,-0.0008355270302856654,0.007351424178552168,0.0022687502874212395,0.0012650980276387447,-0.0003045322217442026,0.002420638262892627,0.0004195739267733867
2024-02-20,0.013511008025729687,0.008148157848178128,0.016089251088161394,0.015978600030147838,0.012094099646852374,0.013657816949292245,0.017351667326830134,0.012564890715248245,0.005497881949004357,0.01610627560269573,-3.145154621675417e-05,0.008933578850585544,0.009658117850775305,0.01341488497877985,0.01397082866381405,0.006116142311894057,0.0004195739267733867
2024-02-21,0.007599001971344332,-0.006058184981607151,0.009221069199715215,-0.0033079434863627633,-0.010235325757669833,0.002204464176827292,-0.0008520326942202949,0.0014731831214616076,-0.005120324328628523,0.0025400103317099187,0.0062793040599899985,-0.00590356775048595,0.0014124684591885206,-0.0008559256636883061,-0.0018990342212029665,0.0007612606403268884,0.0004195739267733867
2024-02-22,0.015250832944174952,0.006459614686678217,0.002465711442900309,0.0036079037782263956,0.0072708813407222905,0.007454490716126916,0.009588162643887177,0.0035421959673780368,0.00796620952908067,0.004387496479654418,-0.0014502356915834236,0.007647735352719787,0.004366682335161576,0.009103032099312847,0.0068042427104302305,0.001831101727448603,0.0004195739267733867
2024-02-23,-0.018746748549914427,-0.006240157285166137,-0.009655297640628224,-0.014515377466300716,-0.011950328892621709,-0.013306579574697941,-0.011796280469351328,-0.015331303382927097,-0.005193099152600245,-0.00738314791261907,-0.00246779180456691,-0.01104769921611859,-0.00799834782871034,-0.008460105247477423,-0.008864727873150957,-0.006268380985601785,0.0004195739267733867
2024-02-26,0.011332674367010132,-0.00033290364068838674,-0.01691046591544154,0.00400924753324472,-0.0003059432148940777,-0.0009766354478220052,-0.0021981548723793987,0.008335439154474766,-0.001372879768941182,-0.012192383569421206,0.0021763505339815747,0.0001786859700363408,-0.0008797371277028398,-0.00010384177501066016,0.0020146170428851917,0.0015810524073394117,0.0004195739267733867
2024-02-27,0.02758544542301511,0.014864685459145432,0.04666773417907577,0.015479039946760809,0.014777487928691935,0.0271193139178052,0.025970415050363016,0.026209159432897255,0.014731605663389935,0.047311194717200244,0.007549725624609316,0.013350015177049812,0.025038971178078295,0.02250888913666249,0.02072430106576606,0.01569968576874281,0.0004195739267733867
2024-02-28,-0.001063574204783868,0.0006758113780442887,0.008582711827722411,-0.0013060695070316042,0.00033990436347108854,0.0005580055498322078,-0.0034556260654048376,-0.017002402185917087,0.0008218298546420755,0.0033022035253846838,-0.013944105059027545,-0.005705028340121432,-0.005255681472234319,-0.0065356104736084,-0.00441028055336834,-0.012517987759957938,0.0004195739267733867
2024-02-29,0.0006515722113973332,-0.011268024636620466,-0.002150463720538287,-0.011121719636346006,-0.00838868225604894,-0.006496602073724822,-0.006868201772853855,-0.0067531139304022325,-0.010665367152881577,-0.01445060083442884,-0.0037472435680813154,-0.010322200637755241,-0.009213652564700858,-0.007230079703755887,-0.00857699593163408,-0.008504920152055284,0.0004195739267733867
2024-03-01,0.004488336468538634,-0.003579516326661536,0.015996308691117678,-0.003943092084704447,0.0012783445279453964,0.0043413511496155355,0.005094450332941092,0.005540827470830845,-0.00759080967714032,0.017176369769003497,0.0013678985179805814,0.004711375798992057,0.004339701849042754,0.004543521070683676,0.002872767642987384,0.001255150785300696,0.0004195739267733867
2024-03-04,-0.00829032169398669,-0.015436446695525796,-0.014596545336661548,-0.0097422396453557,-0.016171641353480037,-0.011098173387954602,-0.012909151781034134,-0.012906356790302942,-0.008428358644942846,-0.019793253753375484,-0.007872656044654924,-0.013617811435652105,-0.012896158818588521,-0.011000898469353926,-0.011698687724304602,-0.006602614509823024,0.0004195739267733867
2024-03-05,0.00893655089112122,-0.0029997144472414528,-0.005276670856851462,0.007312670022912249,-0.0023645031006884754,0.0024786925841242535,0.0023623966609447322,0.004817243374385161,-0.0004724371941697836,0.0022421464333539642,0.0009595036973446547,-0.0038131165828863,0.0026274021357581834,0.0019848909145174787,0.002422747273717718,-0.0017697395231605073,0.0004195739267733867
2024-03-06,-0.0027806302656178117,-0.001368747538471382,-0.0030660334382018872,-0.002540198283598194,0.004496860258581092,-0.001107812380845119,-0.0007785098048671557,0.009226958058738965,-0.0025295515532733903,0.0007451782881187086,0.0015244579290709659,0.005269963892371221,0.0021071258031999385,-0.001612451736114684,0.0011836147982200451,0.0064834002819578185,0.0004195739267733867
2024-03-07,0.008656203506908655,0.006082480659970191,0.006596513715265484,-0.0031505346742783935,0.007256633217429753,0.004150157662882847,0.00031541834079984454,0.004829043050952775,0.005038246279715164,-0.017887062350735117,-0.0023998678834561415,0.0009224137522587661,-0.002447414452478869,-0.0024860446588295115,-0.00020668103329490872,-0.0039220913898225795,0.0004195739267733867
2024-03-08,0.004722699412611497,0.00229073181660322,0.02477081375115997,0.002613198098685654,0.008301817968482617,0.009282517018645242,0.006815743515837802,-0.01638104571494925,-0.0010756096828394845,0.01323786270848859,-0.01088731007536159,-0.0056674432210162,-0.0012157641229834093,0.0046079894380015585,0.0051625813457991665,-0.011928158957453139,0.0004195739267733867
2024-03-11,-0.006535882466409237,-0.00038860909261528853,0.0175813377909404,0.0017852951147021567,-0.01279639480424355,0.0025278516049245248,-0.001549422106932763,-0.00552733934215055,0.00012238205491010845,0.011065383239545756,-0.0032324889825815495,-0.009939375342757129,0.0015955613742011376,-0.003366500360488911,-0.003254944114776004,-0.007729887365886201,0.0004195739267733867
2024-03-12,0.014198427827947224,0.000539749949473034,-0.008276061167176718,0.006301703942760639,0.005410667708739769,0.003338983953457886,0.008905053090613846,0.011811855257171988,-0.00030811326638224834,0.01163186308769748,0.01456079860727999,0.0075350179440274445,0.00923863634884281,0.011014145455584323,0.011477651318196669,0.012425833412722964,0.0004195739267733867
2024-03-13,0.005518224096697777,-0.000869041590153774,0.0036735139560593044,0.010177446183300631,-0.007580431739525495,0.005839969655476729,0.004891776133105763,0.007939153880311745,-0.0012893913570022342,0.012243293357263818,0.007382686565836627,-0.005597128486707015,0.007729035963754516,0.0055189151578352025,0.003068043659784303,0.002541399558741997,0.0004195739267733867
2024-03-14,-0.008639085892679033,0.0035986717686062875,0.002731501610642617,-0.0007652913784376159,-0.004343175801482024,-0.0005605459539977931,-0.0010143936197467562,-0.009256545315110665,0.00541571166607091,0.002252178489985379,-0.005598253854962265,-0.00455803894909812,-0.0013351008390857233,-0.001244181998877214,-0.0010520921177149534,-0.0024856158892438973,0.0004195739267733867
2024-03-15,-0.03520257691905715,-0.001651868229092801,-0.052525555575081984,0.006353363642776166,0.0031334821985089523,-0.01983685849675343,-0.012468153511037361,-0.01338376813565556,-0.0018413951917944926,-0.037760920832758615,-0.00562647978797326,0.0006261998740169084,-0.014618961991378132,-0.012051326333547996,-0.0062024804492931684,-0.007257302396711629,0.0004195739267733867
2024-03-18,-0.010963521151747369,0.001244538822403607,-0.012298444701150157,0.0038730470472219114,-0.0057624824624579185,-0.004704421539312387,-0.0018173201571273223,-0.008325860108539973,0.0020769323920308835,-0.017520520194117872,0.007468604740463736,-0.0011870953853569954,-0.004969797174435353,-0.0025974895108703544,0.0004042434638202863,0.001652308633495192,0.0004195739267733867
2024-03-19,0.005458195352495254,0.0046435698970057615,-0.004785225772145574,0.006647213631512328,-0.0026741525038028735,0.0029775476078472973,0.002451854287375932,0.009103912493920507,0.0011608533276838973,-0.015005455191847261,0.010201977550779562,-0.002263195449196953,0.0015877869562523905,0.0036613261338944714,0.003350042592228597,0.004183332049223054,0.0004195739267733867
2024-03-20,0.023525228403879606,0.01022561781248954,0.03294746448710528,0.011801618083440157,0.012221582810524323,0.019749560102453545,0.02094025537004729,0.025202640029081902,0.008092145363778114,0.040810563668576494,0.003541249444743766,0.013645312447683855,0.01963725667748717,0.021913234487760835,0.015853449472231995,0.012856760293062042,0.0004195739267733867
2024-03-21,-0.006383837763174305,0.0007951184565151426,-0.01329458730272548,0.008967856068375468,0.0005880047906179353,-0.0026764306400477444,-0.0035721504786401237,-0.005174476344175782,-0.001491274186992575,-0.019445778451414708,0.006089691670309927,-0.003150536299657891,-0.004554984056705624,-0.005575162180785909,-0.002317065657336803,-0.0072982742580191,0.0004016754138975731
2024-03-22,-0.02301364532132366,-0.008173013519969463,-0.015588147922390272,-0.000314696769194045,0.0003857124904611542,-0.011907626810214622,-0.015209554703014105,-0.015641017451327177,-0.00638141958780547,-0.01508168282137301,-0.00019801133653918335,0.0016167272573077707,-0.009807386758352576,-0.013192903096507114,-0.011872670840806232,-0.00826596749177555,0.0004016754138975731
2024-03-25,-0.0024123351926068626,-0.009440878721611479,-0.015833918202573072,-0.0032633541992972415,-0.003808458540827342,-0.008364522482500747,-0.004564667175941173,-0.005761957307323429,-0.00920344375018356,-0.009514897796478183,-0.00031024865061946016,0.00026716513636260153,-0.006824875407822062,-0.0035015062830748844,-0.0031356139445153364,-0.0005421611030876905,0.0004016754138975731
2024-03-26,-0.0032368352004328305,0.00668894198206238,0.001347319824610338,0.0034738309646358267,0.005599771045667223,0.0010061756324992732,-0.0020744833871646495,-0.012257603620190238,0.005028016669162305,-0.003080849070424496,-0.002989887697440685,0.005205925884108398,-0.003035986199147689,-0.0028214194662652403,-2.1805732727253613e-05,-0.0007973325330734582,0.0004016754138975731
2024-03-27,0.009169362499159561,0.005427900073831093,0.015488362889183982,0.006852888313684469,0.006135957027631811,0.00996146374272544,0.008859664367336872,0.010569221670973405,0.006189168586165028,0.008975234249147368,0.008319682686563246,0.007277373793006081,0.00870150015779414,0.009525850027328753,0.007942911346860537,0.006863990176774415,0.0004016754138975731
2024-03-28,0.0172537642848134,-7.201181953242486e-05,0.00486366134473859,-0.013185451091866751,-0.0016288641706421192,0.0025060020766007884,-2.4068517050390703e-05,0.005538587894330815,0.0006670109368962507,-0.0005601324621011816,0.0004147783918240222,0.0026425349405880816,0.0013441864649637036,0.0017093945880637396,-0.0014765456404043364,0.003466919116921874,0.0004016754138975731
2024-04-01,-0.00905523031319766,-0.008889760154763615,-0.002865484879991498,-0.008546760067680625,-0.004320174421327039,-0.007236055647480755,-0.010523342133628155,-0.010987818725472165,-0.007360323691479542,2.543400616761282e-05,-0.005574514151490018,-0.003389680687905683,-0.006702954187068344,-0.009693702106840285,-0.011258382172919301,-0.008344721164262991,0.0004016754138975731
2024-04-02,-0.0025963296996117657,0.0028091979400397538,0.016313235797736247,0.0008129164453438698,-0.0019203845008366471,0.0029537706109019624,-0.00041883432863154546,0.002688159524621536,0.0029908896746579927,0.0010194408112296216,0.00768876646653216,0.002877228082194483,0.0030249837925750978,-0.0018618711571257718,-0.0008518704170878966,0.004910022429764904,0.0004016754138975731
2024-04-03,-0.000540069273473387,0.0029340219263269685,-0.02565336238519833,0.006183015606616493,0.004900870027423121,-0.003910160376554561,-0.005143200955908145,-0.008364576612159946,0.003760438021353396,-0.017036122333631387,0.0028514165799014,0.00757284494164745,-0.004876695392992958,-0.004642522887545741,-0.0013926660233353205,-0.0019978012299219916,0.0004016754138975731
2024-04-04,0.015427755257031439,0.0032825501531905665,0.005291788963119659,0.00024178068242797224,0.006327360126914261,0.007276856734359738,0.00584576979782403,-0.002497269624697762,0.0019750162738421118,0.00220518274834669,-0.0020455182250279647,0.003603901973523671,0.000325958472683352,0.00275414651785022,0.005501564816339899,0.0005782441366473101,0.0004016754138975731
2024-04-05,0.0017394874088036971,-0.00784554931544068,-0.013176620611139778,-0.007778619733668779,-0.001546448957023272,-0.0056535377783634155,-0.007070209340623856,-0.003930249185722934,-0.006703408487510165,-0.01682743290964228,-0.008232848436897533,-0.004527419320195847,-0.008600426242366566,-0.006923083355697024,-0.007139658825328188,-0.004977800594092141,0.0004016754138975731
2024-04-08,0.02619063018300727,0.008600826420425811,0.024727773483452564,0.015811887918978584,0.008590399696582596,0.019652130696094394,0.015320141629396211,0.021340000944018778,0.0071224715908022596,0.014867275874040242,0.02061406879075789,0.01113602124718227,0.015484849526701483,0.011407063082690128,0.013342536346862,0.01644618533143616,0.0004016754138975731
2024-04-09,0.010748024131516098,0.015250640893711864,0.0168036749695768,0.018445960614330126,0.013089513607741132,0.014689305911484096,0.012800264931655647,0.01447521996637513,0.013591470362924296,0.005649960207469107,0.010666757445886077,0.010322104351271566,0.01104888646402924,0.010580451321797524,0.012789653216680463,0.007992846695541456,0.0004016754138975731
2024-04-10,-0.03602167669728318,-0.0146582779680412,-0.01457770109524259,-0.02295073912894774,-0.013371511827996008,-0.022535590642545955,-0.023664974412259898,-0.019083110640647605,-0.014957928429549239,-0.00858003317745537,-0.014415774634002121,-0.010790940812343774,-0.01448920057676395,-0.018827248680297948,-0.02186145214273838,-0.013153746395696553,0.0004016754138975731
2024-04-11,-0.005637247441920512,-0.005005247424013426,-0.010454140646406596,-0.014796625329928759,-0.0048858632746162645,-0.009583553099381525,-0.008148200805006778,-0.008093614472940103,-0.0033015286968041124,-0.012575237839207554,-0.009047518581975056,-0.004641317540946099,-0.008123343117993453,-0.006067534162295218,-0.008056320280505735,-0.005323494648495797,0.0004016754138975731
2024-04-12,-0.029778981118749215,-0.0070753809220106545,-0.03860348577795025,-0.02150926925195573,-0.016033096874050856,-0.02543649880332166,-0.02305395071229177,-0.03614477194486165,-0.008982724847087509,-0.027852653773034808,-0.009056839966279595,-0.016244927036939805,-0.02131711459943053,-0.021444259931747478,-0.016851046907879863,-0.011812138119674853,0.0004016754138975731
2024-04-15,-0.014569668011398584,-0.003700973331547508,-0.01647354272378354,-0.007448325230807851,-0.0013157124555550626,-0.011283801414527006,-0.016472271093969537,-0.01938648273664334,-0.004347977035554562,-0.009017593013416647,-0.0008687517228547215,0.0022224831056907313,-0.009191123372472076,-0.014117272556977145,-0.008982843274945806,-0.004512171426776512,0.0004016754138975731
2024-04-16,-0.01068338450881412,-0.014221774168626355,-0.014039090019278722,-0.00857544800724408,-0.01332826062842185,-0.010500595418547087,-0.012625540978964955,0.00021857781436396273,-0.009328402206106867,-0.015260126078884384,-0.006891838082788593,-0.011173774631674571,-0.007661490096208867,-0.0101850841154989,-0.010427590741863946,-0.007194682306349343,0.0004016754138975731
2024-04-17,-0.00984185541180016,-5.5466791652913905e-05,-0.00882182970520795,-0.0015888758389738245,0.0014037427468915897,-0.005161144440021248,-0.004652130991346981,-0.0009112543044779153,0.0016017256335409957,-0.004597157142176123,0.0016322244731235003,0.0034105626189118166,-0.0018399554547707808,-0.004532040622742706,-0.005611010067738786,-0.0015782836693221114,0.0004016754138975731
2024-04-18,-0.0021509754979464057,-0.0022823747761672175,-0.0050067877258213045,-0.003733678451184219,-0.0027135869384142808,-0.0038165004483127207,-0.0033716066743600948,-0.004113173018602478,-0.0032243967571955467,-0.010094720248476685,0.0009141099819320875,-0.002206316911058881,-0.004118053887877338,-0.0027916977702919787,-0.002644191994838452,1.56305129723755e-05,0.0004016754138975731
2024-04-19,0.01864442816454881,0.004503284925489348,0.019712178141888748,0.009369417964263604,0.0034758728855677212,0.012578615303830532,0.010667214248684997,0.006723124041525752,0.002794967068760368,0.022613368674593515,0.01123831333409897,0.008859993096095531,0.010286222881690454,0.010886384912304647,0.006957239977126939,0.008420140096766726,0.0004016754138975731
2024-04-22,0.006687578881823697,-0.0005083856011033339,0.008712118378054967,-0.0032201378531544478,-0.00031831848823427045,0.0017993257867121581,0.001752219216060391,0.00155882466074031,-0.0017425154690906552,0.014061001641496818,-0.005087970659923169,0.0022844148568230693,0.001418124910032681,0.0032740900287946406,0.001282025542996612,0.0038628422587685396,0.0004016754138975731
2024-04-23,-0.003640758288739221,-0.004993061853321157,-0.019618274945188974,-0.003518933369368038,-0.0027392177390664907,-0.0075047609200207255,-0.004151828465256413,-0.0013923092068656162,-0.0038946555695378304,-0.026833387675238796,-0.0020490425552672775,-0.0049454855442157,-0.007875374691118875,-0.003990131421620191,-0.004053117319843924,-0.003342220186972278,0.0004016754138975731
2024-04-24,-0.011152185536843162,-0.005312845140280964,-0.012258913595435739,-0.00437789326290583,-0.002582234716465681,-0.008563104299787572,-0.008784488074599306,-0.0043830772184308975,-0.005687108285056253,-0.015280222827493417,-0.002304280505661449,-0.004954852539004295,-0.00694485053014704,-0.005649779630033436,-0.006166252994687871,-0.0031550562799694815,0.0004016754138975731
2024-04-25,0.0037564002728252,-0.0057611591003987606,-0.013997606613197378,-0.006826666095038902,-0.0073464114699614,-0.004839672141603857,-0.006403502540549999,0.0035000486737761793,-0.0127429440703829,-0.00264511746108953,-0.0006648228973119563,-0.007077883408396435,-0.003615035890852769,-0.0051504943318754215,-0.004355312468348083,-0.0003206737332394072,0.0004016754138975731
2024-04-26,0.029403366755879068,0.008927169978284688,0.01719657541377906,0.02606208283396594,0.008754719432976454,0.02188545094353933,0.0204612595138165,0.023235678191197318,0.007305005089457639,0.019880293424412887,0.019268594288821106,0.01208645456692059,0.017820196453726345,0.01914654163424645,0.016980090103182688,0.015411116349956622,0.0004016754138975731
2024-04-29,0.0007028036135454663,-0.003263607817998726,0.017999479596277235,-0.00019999050691410503,0.0020689321994347143,0.005036357150336013,0.00847449142834722,0.005346188263956053,-0.0037947015004689,0.01214495996595133,-0.0005149425263304419,-0.00290759084111214,0.0046588995530087995,0.0064065088821270155,0.004547117396225042,0.006727423586460501,0.0004016754138975731
2024-04-30,-0.03519288809563703,-0.0055436881446210284,-0.02038818101565898,-0.005605910198047792,-0.011376938950678483,-0.01798841857435962,-0.01799822504096582,-0.033006085716582256,-0.004251667671884118,-0.023393202097980348,-0.011412321120548352,-0.010858444736411066,-0.01847775583140765,-0.01802098945388264,-0.01271754252695001,-0.011419468028679436,0.0004016754138975731
2024-05-02,0.011625232643150518,0.015667586209461515,0.022260818551589345,0.010302774849362484,0.025684901515036218,0.015534323876496225,0.017494974068188673,0.014918701656001954,0.01740151720267291,0.022331236595684256,0.009880589912027338,0.023843407063004474,0.015940112321985556,0.01644321249335734,0.01548645151622563,0.00940615475703166,0.0004016754138975731
2024-05-03,0.028625037700537037,0.01423951696727599,0.03902899180793562,0.018892779472674315,0.014372893580810286,0.02603873404454271,0.02326309986562536,0.0347388155767665,0.0168546415072659,0.03137219232959376,0.005280560921345323,0.016171363475279144,0.022798462665805763,0.021274778163726582,0.017971718593478236,0.010414109246485337,0.0004016754138975731
2024-05-06,-0.010262942224237293,0.005510853904030499,-0.011963770431103748,-0.005385963822560735,0.005663639889755601,-0.0073553450203770465,-0.008984882014140494,-0.02088248605394316,0.0015277428749984612,3.8501175978700175e-05,-0.00653741929088425,0.0018672840950162417,-0.006922389622806668,-0.00967851141763243,-0.0045941123996431354,-0.0007958990688883283,0.0004016754138975731
2024-05-07,0.012220410049811115,0.0006822905805905499,-0.0049957188200465685,0.0033973983326134327,-0.01290316087012322,0.0038456576505183637,0.004631122862281956,0.005520095445115558,0.0016773779543486356,-0.002521439420060667,0.006605744111650491,-0.008845342442795112,0.0026646431862857867,0.0023978415223069316,0.0028285611865395133,0.006105525991607186,0.0004016754138975731
2024-05-08,0.013236302648783616,-0.001803264905543056,-0.012175921032504089,0.0078485665612964,-0.0032521993209922995,0.001562113949235222,0.002939531063895995,0.0029669638590954506,-0.0012379669266993076,0.0024496615943994104,0.002448104104030069,8.916723941743143e-05,0.0010317029557831425,0.003743021266469082,0.003538295697633309,0.002336674742231315,0.0004016754138975731
2024-05-09,-0.02411380189515533,-0.006918809929716829,-0.0043879077801830535,-0.013312467747658485,-0.01932622994571398,-0.013450718648904347,-0.013516705478688551,-0.021115411728485523,-0.007966817339830068,-0.018009484222256122,-0.010010758909444362,-0.016975678640447134,-0.014954486342955153,-0.013320613109297663,-0.015820274997286776,-0.009747126352854907,0.0003926959255591278
2024-05-10,-0.03345581025150435,-0.0037345289058894338,-0.029504502735099414,-0.009408962706275004,0.0036429917656266575,-0.02015969666128492,-0.015694316959828147,-0.008740834485546412,-0.0028183189404744624,-0.021227433255169403,-0.005871123410943646,0.000628179051320954,-0.00966333613945003,-0.009583929021260928,-0.009576886536373452,-0.0048274297107395725,0.0003926959255591278
2024-05-13,-0.008759311526826963,0.012585221187433548,-0.0010171431677845622,0.01632591131478045,0.00902054949261144,0.002619823424066192,0.004299127830886373,-0.005079830911814742,0.009174853880573375,-0.0012678311817408972,0.017435637956535466,0.008815462574003785,0.003792259656078434,0.0014174105645150537,0.00395686842127807,0.004292373364057189,0.0003926959255591278
2024-05-14,0.009811638325359473,0.010784075675868143,-0.002024371266581726,0.004071838998230826,0.01323651736473419,0.0045060355182582335,0.0022354271286493255,0.004329036063471792,0.009394189076014081,0.013005456192804354,-0.0028761772117451567,0.008157556492046858,0.00647417168201625,0.003087731087986212,0.002707137230814727,0.00195635486104484,0.0003926959255591278
2024-05-15,0.007266191643605202,0.0051435043976750805,0.006482795654832341,-0.0007773830245756397,0.01303712001321422,0.004965874595268538,0.008092802614751982,-0.0025712970115207012,0.004797813629287662,0.01111277094582519,-0.003155392093649012,0.0023986437322436327,0.004524646728572668,0.005801584220884282,0.006607773350538082,-0.005123494571945386,0.0003926959255591278
2024-05-16,0.004929780275185536,0.0010329752847539897,0.026505921960070067,-0.00098142611821872,-0.004681191174452093,0.00738650058396173,0.0077076157169706505,-0.0038511781341921125,0.0025258980425217903,0.028269661621971753,-0.0006824407196764914,-0.00146547063018021,0.0070476819701938975,0.006143699697680027,0.004930341320486198,0.0013057414879791285,0.0003926959255591278
2024-05-17,-0.0019282173818196968,-0.0013575719858124335,-0.005314491415657097,-0.005256546168034615,0.0007827830262938651,-0.0041910885458658065,-0.003212902715279853,-0.0088535362705221,-0.008195841449976649,-0.01397190298877904,0.001052360324371504,-0.00440768390402424,-0.007613502735796862,-0.0033303840602953994,-0.002943691389001857,-0.0015093366180992662,0.0003926959255591278
2024-05-20,-0.0005342046155624169,0.0057566853877706325,0.007874150700855509,-0.004901049795695833,0.003607444236774837,0.002032759689621466,0.0016716691181117849,-0.0005336364240972058,-0.0011750786432370708,0.0017674019271154418,-0.006895520689844115,-0.004062950202568416,-0.0024834215474625054,-0.0007652661068096034,-0.0011443996119725464,-0.0031331654538989673,0.0003926959255591278
2024-05-21,0.004722667188769236,0.002746656487448984,-0.00593284335224864,0.0038533757471896912,0.001509259436717869,0.0008318739973525169,-0.0023643756892802736,0.01494629076741627,0.0038500408381085816,-0.003241245505246959,0.0011329631251448813,0.001195831924396762,0.0035190133897371467,-0.0009585086363254058,-0.0008219841345802337,-0.0025032715739626843,0.0003926959255591278
2024-05-22,-0.02457707146766308,-0.009574985939146075,-0.027953946288767906,-0.009672726016811128,-0.011981800284447397,-0.018643103130669525,-0.021228445558003628,-0.01250856070657791,-0.007246997452448611,-0.020705225982900033,-0.00889473736690971,-0.0061478759403079675,-0.012903020184078406,-0.01869953304735439,-0.0182816541107661,-0.013352522870085148,0.0003926959255591278
2024-05-23,-0.0061335334573147104,-0.004818047014103932,0.0018977325762272734,-0.004225354277349602,-0.007046849437126301,-0.0029133516891223232,-0.003575470300061112,-0.014309679119432706,-0.006099524536959056,-0.011318175763591287,-0.004735619191355678,-0.008247799815286005,-0.008842761749519479,-0.006729251227012845,-0.006439818973359768,-0.0074045667468291,0.0003926959255591278
2024-05-24,-0.00861113163133076,-0.002438780339791502,0.0030478770027559943,-0.004493780021800786,-0.0004684692710472671,-0.00273532089771944,-0.0034273015935354367,-0.0058453922654320145,0.0016447296864396943,-0.0009140337699513612,-0.009207550445760049,0.002023819422347639,-0.003964220492700621,-0.004878487561849498,-0.004523227030758581,-0.0036409632788928503,0.0003926959255591278
2024-05-27,0.0038382186772543125,-0.0015051701521842098,0.00340285520167094,-0.0016812104848311638,0.0011401146537985962,0.0011721525015704337,0.00026490872893836226,0.0035455914516642206,0.0013443757014801605,-0.0035892186395902748,0.00415765109713373,0.003021656124500449,0.0012426382354093768,0.00075837574372839,0.00019150028870118518,0.0018165484435170853,0.0003926959255591278
2024-05-28,-0.009408121714729267,-0.006069742886986362,-0.012009917403927206,-0.00851737518349227,-0.008560864624529985,-0.008227346608163932,-0.010011604338565405,-0.008704367017914105,-0.009056601758280713,-0.010576130841709386,-0.007531407383131294,-0.006498441421595391,-0.009272854027659982,-0.007546957113815811,-0.0072321032279026864,-0.005161226204841385,0.0003926959255591278
2024-05-29,-0.0008564872986615013,-0.007795763636049502,-0.001639134283050625,-0.009726985070448446,-0.005766485641866437,-0.004996292370516131,-0.008283124032971267,-0.010778247217706483,-0.008909819390664486,-0.008356638812230033,-0.00954437050067658,-0.006531328021899041,-0.009416193628490666,-0.008503612747629785,-0.01019227397580491,-0.008174802524244962,0.0003926959255591278
2024-05-31,-0.014537754825891258,-0.017850323980942884,-0.020408976855156413,-0.010610382176806321,-0.018978921402974747,-0.016397005131998044,-0.012297567659017905,-0.006978735464720609,-0.009738702552468004,-0.02078052658587326,-0.011110261176866643,-0.007074516737601844,-0.013287080144054997,-0.009487203018037293,-0.012484796240095353,-0.004145788347143187,0.0003926959255591278
2024-06-03,-0.0004449859352838592,0.008028083384085782,0.013521099800269054,0.008241139180164447,0.009426279605803334,0.007220843409098121,0.009628590312963592,-0.0012573075403621292,0.006217397744515907,0.006368565476643884,0.0014896591856106145,0.0031185592391078654,0.0037973134328967983,0.0036526588885075206,0.0080118862910048,-0.0004185135676868512,0.0003926959255591278
2024-06-04,-0.014346358417856253,0.006007261238648809,-0.02961989623426098,0.0037008932633997293,0.009287936396613405,-0.009877851111995573,-0.00814193045961098,-0.009741331433062328,0.006896073054731833,-0.0130521086154759,-0.0024958837274163814,0.007012437016046702,-0.0037132638133938745,-0.006164537510836343,-0.002927193838360709,-0.0020754170944820016,0.0003926959255591278
2024-06-05,0.008000214567746688,-0.005391993968085651,-0.019769147383368102,-0.007006985781942698,-0.000547211146568416,-0.004769979142747238,-0.004483247801154389,-0.0029491340051137627,-0.001836954278564784,-0.015400889375891902,-0.008442295193934135,-4.673704799174061e-06,-0.0069587531654285995,-0.003465341762756924,-0.0032153862627752883,-0.0031878756611947168,0.0003926959255591278
2024-06-06,0.008637497673616101,0.007605468841737961,0.030199237292996672,0.012151566967663285,0.004874298121872345,0.015057853081380967,0.016465052659309753,0.015552543959911347,0.0063465309841219675,0.017787547275898374,0.012538592447945751,0.0035488678152397757,0.012636934443450931,0.014375470117617972,0.014523372573594262,0.011873509794919634,0.0003926959255591278
2024-06-07,-0.01979825348443287,-0.014765617915734275,-0.02946208441069953,-0.017116393441244715,-0.018009823063077413,-0.02087338738102762,-0.019503123671442246,-0.022143222164559995,-0.01586818604806184,-0.03120323322112306,-0.015226122987237689,-0.02082189692997094,-0.02013704886648182,-0.017145223834080237,-0.01763034513591899,-0.01782726275362867,0.0003926959255591278
2024-06-10,-0.008983259007063649,-0.006522539826249174,-0.02126314378837202,-0.007329130268632911,-0.007172926617123099,-0.010710707263981378,-0.012425596818052442,-0.008993428342225052,-0.005277128556499533,-0.014012833234831823,-0.0008396860602355449,-0.004345551031476047,-0.0076290364247929565,-0.008432513210882675,-0.008488328921997135,5.784082362181309e-05,0.0003926959255591278
2024-06-11,0.021934812397297776,0.008237711251382285,0.014998481391259366,0.007784498229358006,0.007563998978784792,0.014470280508092959,0.015086245945616694,0.013617629423043454,0.00794552030218898,0.018973688305671033,0.008494665037033222,0.008226387238860378,0.012271862679672951,0.013162405809254096,0.012187719875706993,0.007188904458171663,0.0003926959255591278
2024-06-12,-0.022749404606721035,-0.01020216793699158,-0.024223560739285444,-0.008858499581252177,-0.01586860908447485,-0.01695712741425459,-0.018260196533531947,-0.018952629210664984,-0.00835873242981644,-0.014476208806310065,-0.010709977577748941,-0.01453755444828142,-0.01243576816838421,-0.015986534020535736,-0.01651903851260028,-0.014111282368527767,0.0003926959255591278
2024-06-13,-0.012047663044838175,-0.0025976958428743924,-0.005164164902793811,-0.0024437567617209277,-0.000694814740006211,-0.005791579712426054,-0.006808254272262837,-0.00512574311927716,-0.003647554992236679,-0.002704717941032442,-0.0005800629085821463,-0.001950451904190853,-0.0034595192077389036,-0.003923940710425233,-0.0042529697984541315,-0.0034237149320963667,0.0003926959255591278
2024-06-14,0.0027724572479894682,0.008865708404318884,0.0023313938335325357,0.009767307758929311,0.004134163160681048,0.005763171796302702,0.005539378089280733,-0.002400833059649443,0.007123299538838834,0.0031893709181440855,0.002193498973065644,-0.0006223982755183544,0.0038732676363397722,0.0052083805666793825,0.006699162223914534,0.0005404833522015817,0.0003926959255591278
2024-06-17,-0.011521815912778566,-0.006094358304451819,-0.02862352724783357,-0.004414834748291296,-0.0033839192255332717,-0.012008257905137265,-0.01390079894641405,-0.014952748205371291,-0.005101698471527971,-0.01680666486253246,-0.0048808786829832584,-0.0027987118024410673,-0.010466790735769171,-0.012024816635793911,-0.010715723152437961,-0.0044023221893116915,0.0003926959255591278
2024-06-18,0.007914541907412254,-0.00026249564374192236,0.016801284887113743,-0.003808602618498025,-0.0018742210025852746,0.005285294474702162,0.0025096901834340546,0.0033252012977595946,0.002917327629910149,0.0018122820548425178,0.007420615172339717,0.0033456021665858593,0.0025333400852038945,0.0019126094018224737,0.00209539075213816,0.004916236229148607,0.0003926959255591278
2024-06-19,0.010350722488340791,0.004017925913025744,0.0009351744136223417,0.007330171161380461,0.00443735088700814,0.0066195800583086495,0.005810553807959806,0.005822792015411693,0.0008052479676894375,0.013396835258979944,0.010897637500615565,0.005369482773225798,0.007806281066868426,0.00791629986869169,0.006892699172448946,0.005022812252352571,0.0003926959255591278
2024-06-20,-0.0023799090927177913,0.0015142678145387833,0.0003713199266421885,0.010355373295816817,0.003198207790098717,0.0032231059085618963,-0.00029862888515219677,0.007230773909743471,0.002170795578856577,0.0012738202394764198,0.014063599207711608,0.0058184971724983825,0.006024595588895121,0.001328140738569683,-0.0011611303285423702,0.0022652949255266286,0.0003926959255591278
2024-06-21,0.016774581057031446,0.011312206990713891,0.008361379231708543,0.0023592604536950557,0.017004370635040678,0.00923979309645695,0.008640422643868773,0.005581557738836285,0.003169954262666197,0.013857309890135783,0.004162454127055515,0.010666975219028041,0.00637888770537498,0.006837674491936063,0.009630677334369286,0.007066215090140604,0.0003926959255591278
2024-06-24,0.025056347598785056,0.009173812815650662,0.027695936561347834,0.009016121512693376,0.016917131277444764,0.01758078063295354,0.017444258277803826,0.022768888617513472,0.010046427630215016,0.019189930218071805,0.009506238328502725,0.01516821801688173,0.01580190035515039,0.01639777364580497,0.014285671339371975,0.011109199062237618,0.0003926959255591278
2024-06-25,-0.0050913167070447685,-0.0008234847970346459,-0.015595096071808978,0.0027370455517323755,0.00012002576153680167,-0.004632835015702996,-0.004740038874910035,-0.008242707602611699,-0.002543792239750542,-0.011457963810481253,0.003263168866314503,0.001267956306407747,-0.004182666939502089,-0.0039253843555968615,-0.0036278168189618487,-0.0024458105821492104,0.0003926959255591278
2024-06-26,-0.01148914710524429,0.001034355035078205,-0.006479830990128055,-0.0035351176154890807,-0.006373792904614928,-0.0056425131636692605,-0.005090931851493119,-0.009658033865374338,0.0012368214525251275,-0.0022958444147885837,0.0043060322745103186,-0.004262603462196979,-0.0017137503801346599,-0.0018117472475678298,-0.0016926010429277882,0.002431496409045497,0.0003926959255591278
2024-06-27,0.02313208574089387,0.0074651281073856435,0.034738794880700086,0.01021886140687589,0.0007709106685085398,0.01940131853948479,0.022295423237274514,0.024563214890777063,0.010092940398211958,0.029832726773813212,0.00652882042243319,0.0022825339292957825,0.01719898385724128,0.01872761778332177,0.01957091775923714,0.013971023262976168,0.0003926959255591278
2024-06-28,-0.015201568501889806,-0.00482397053866479,-0.011817820333161144,-0.00704427416194231,-0.0034172240414219734,-0.009630063916345244,-0.011681341689315783,-0.02034730412811281,-0.001988356729811125,-0.018105673971230307,0.0017737006864766425,-0.0032405134855697515,-0.009759585599499632,-0.011709980702427014,-0.011611255289799116,-0.003010870229228413,0.0003926959255591278
2024-07-01,0.0033793420312435707,0.001861541296630298,-0.014662291776795344,0.00180702739471017,-0.0023777938890329198,-0.0013914918418012068,5.28304435358784e-05,0.0010700297806414127,0.0073453396561302675,-0.009423835507434974,0.0034624812863139898,0.0005094510124532547,-0.00035855377837534785,0.0008982546197664476,0.0009875959136000922,0.006188051246791781,0.0003926959255591278
2024-07-02,0.0021718711582556782,-0.0028150134293020157,-0.002269894433766906,0.002245028475113209,-0.0035927510795669138,0.00045679626293804176,0.000789136583340122,-0.001422832520798667,-0.0038324159158958926,-0.0048967016627236015,-0.0006836302159530794,-0.0026463847809258256,-0.0024752022604475066,-0.0023596602398019417,-0.0011225035373632064,0.0006476674108328861,0.0003926959255591278
2024-07-03,0.02134830500669005,0.006124814414334434,0.026356995517700987,0.009175552808395881,0.010508392119352727,0.015175032913965936,0.015473621194304954,0.0229998207292903,0.005440915091874388,0.020339651396769298,0.010118244148284328,0.006300585136022274,0.015016732184720771,0.013662332044586334,0.013074118214160046,0.006401007993344754,0.0003926959255591278
2024-07-04,0.024543170289813565,0.006248377735270427,0.03353463704965476,0.013488965648676965,0.011519093747385467,0.019899055431334967,0.0204501906429313,0.023311523911744514,0.006672008300213417,0.022501754701156562,0.0069296194578925,0.005520785634506087,0.015998277273165495,0.016379200438788377,0.014756108240651544,0.004256649036122218,0.0003926959255591278
2024-07-05,-0.0018595288347229566,-0.004549153073033718,0.01647666236149936,0.008191575330279699,0.00047551035230131156,0.004573959986068354,0.008326560420608864,0.0014751408447519765,-0.004247525157958898,0.0053952250057844875,0.0059887739123967165,0.0007852187004484534,0.0022044383567678683,0.005226953682411883,0.004438691118302751,0.001448321955536569,0.0003926959255591278
2024-07-08,-0.0028319427280841802,0.00020132588505461513,-0.0051301538725880835,0.010015760578001132,0.0032311957380910528,0.0007112500659469667,4.18103184460783e-05,-0.0008036713301402543,0.0008042829139489616,-0.011681334737084437,0.0015286897298636415,0.004663354448786183,-0.0027607344080818885,-0.002474794426836735,-0.0006272052421757435,0.0025980019922384745,0.0003926959255591278
2024-07-09,-0.0021021041983680933,0.002755446442885834,0.011350337130449528,0.002330674355989215,0.0018502502052455405,0.003938927244252488,0.007612265632246595,0.005418052410260499,0.004574417735001335,0.01627056839191865,0.0013228486582068655,-0.0006963800612882487,0.007019155419957679,0.006677765993858831,0.006608415556428104,0.004110161290202141,0.0003926959255591278
2024-07-10,0.005956995610441496,0.0042179030685634,0.005903212191064711,-0.006422586670311481,0.004701010390971261,0.0018028584942906267,0.002585988404238293,0.005957865010193686,0.005453033126824547,0.0014764760031682478,-0.0056719313362366686,0.0034955416599125044,0.0020095705548939247,0.0025752502393858734,0.0022376905666823266,0.0007150315521859962,0.0003926959255591278
2024-07-11,0.020371802364490765,0.004737769790825741,0.03308739483117118,0.007322968400867547,0.006157395849048619,0.01598600522600435,0.01520617225326748,0.015572346625816413,0.008904353494663786,0.01951547694667055,0.006500476252341292,0.011524861425966426,0.012486371040515865,0.011283535311378934,0.011589559170664732,0.008421601020818237,0.0003926959255591278
2024-07-12,-0.005095212163283791,0.0017941965976486784,-0.00862516832971505,0.013988956338685687,0.001289966210452409,-3.3577486040825555e-05,0.0007551298236927462,-0.009939672109019138,0.0067262144622095565,-0.0031279612835093396,0.014683459580203007,0.004972586246772437,0.002410101272217746,0.001960860907701978,0.0029091235843996532,0.004516452342909538,0.0003926959255591278
2024-07-15,-0.0006380639559669943,-0.0016161320002794355,0.006794977566255245,0.0038169750512209166,-0.005476470775304887,0.0032171930956899075,0.0015587105900787268,0.008971703158514366,-0.002844001699142784,0.018139851680016195,0.006187869763184306,0.0006012691832417705,0.007508888053658014,0.004091513452238127,0.0014979406815489593,0.0034506670249487836,0.0003926959255591278
2024-07-16,-0.004164154149804311,0.004582386221119172,-0.007939642382821632,-0.0016106593020566162,0.006997272493622031,-0.0030729140302042657,0.0002786542730539576,-0.0020322664085781206,0.0029314282487058474,-0.010586055653495685,-0.01067439155397687,0.004934176000068957,-0.004996910573168423,-0.0025588570033945324,0.00046967782337881125,-0.0017836035779625892,0.0003926959255591278
2024-07-17,0.0006790846987789756,0.003711261742887828,-0.008641893469416795,0.0053364923992875735,0.009763811740233663,0.0007187458608013397,0.0017241518272166356,0.006196008093145133,0.004786482455636953,-0.0027723876467985464,0.00501113592049518,0.010672292390066174,0.0035896567231308296,0.0013894899534152572,0.002914547588442451,0.0029131776670061615,0.0003926959255591278
2024-07-18,-0.04471715337552462,-0.010235008389499423,-0.04444258109628407,-0.014737733952384646,-0.016483885316682767,-0.029568647448172114,-0.025960959062956146,-0.028724942767775152,-0.00998969440527575,-0.028985646304667156,-0.011044371554720156,-0.013698588355860464,-0.019410667901694656,-0.021968875856139936,-0.021298233784615928,-0.013487798385176886,0.0003926959255591278
2024-07-19,0.005772963477950643,-0.00571871938902635,-0.0002642485847492715,-0.0023358849211525534,-0.010005005061186067,-0.0002379512752804791,0.0010460097340874164,0.0021708726146232316,-0.004657878684251493,-0.0006348252143848487,-0.004949847913354843,-0.00433976993273133,-0.0018538169944780636,-0.0019416499057995917,-0.002303143834037069,-0.0004300519247879553,0.0003926959255591278
2024-07-22,0.006303122107110148,0.010740601635682578,-0.006740770973264865,0.009213839113908273,0.01567277171397463,0.00441780582911,0.01081055864186875,0.002433617732681137,0.010725914083987043,0.002947706626061919,0.005290299626860451,0.012016223934183445,0.006032757613627426,0.009585786777889238,0.01064916535882432,0.0017887629223947155,0.0003926959255591278
2024-07-23,-0.018520738464061215,-0.00984552523718718,-0.03102267575597839,-0.013983375707442569,-0.0057077304308762455,-0.018914777477249012,-0.012668372001041317,-0.016089148122539476,-0.011029709460184334,-0.020891320047680018,-0.015207927821614287,-0.011678871850209327,-0.01494112524387059,-0.014333314783572026,-0.012530281041950198,-0.010136534805093023,0.0003926959255591278
2024-07-24,-0.008561878717526561,-0.002303640411349117,-0.025444827755067845,-0.006590057912257974,-0.0053428561926150975,-0.011079674632663683,-0.009203505937740886,-0.007708522654601202,-0.004279347934142641,-0.011182218240595843,0.006056442757975455,-0.0024837847385320577,-0.004718415618473637,-0.008126028740722102,-0.008806441282766864,-0.0011870606095993885,0.0003926959255591278
2024-07-25,-0.008939086299074361,-0.006641719978535798,0.006930811315238206,-0.013166410994028266,-0.004273379999491511,-0.005964009857794328,-0.005781193652842798,-0.00984876941151036,-0.00599925117954625,0.005804634599831937,-0.010757255361229734,-0.0032479952686028657,-0.005636245375736371,-0.005635796833424078,-0.0061702397710751145,-0.003981650435635697,0.0003926959255591278
2024-07-26,0.02132089579242824,0.008211126711127337,-0.023022635949646042,0.014058199729215959,0.007536152520775774,0.004890355889853426,0.01686270882687335,0.013795412827538156,0.005702463824899473,-0.019567628393937997,0.013141711672948864,0.004726341025900416,0.004365215507695197,0.008113458724432476,0.010727813656483676,0.01173144401133075,0.0003926959255591278
2024-07-29,-0.012574447248999254,0.0040507648417074105,-0.025908398727235715,-0.008811840914954017,0.0033856178694291472,-0.010762880950179077,-0.011779782385315962,-0.007095174287842787,0.002589972227914128,-0.01983541399567068,-0.007361554981682006,0.00016942261930052993,-0.007219185277139828,-0.007727845993434568,-0.00423007228168315,-0.004750590296580537,0.0003926959255591278
2024-07-30,-0.00681791554443445,-0.0015403691263597974,-0.005385339141162904,-0.004824874048545369,0.0005170609333624565,-0.005596529897388347,-0.0034369699289978906,-0.011926448436216597,-0.0047875368618753855,-0.007353488231561012,-0.008252389447294228,-0.004055854578194351,-0.008079635888541326,-0.006406512357151617,-0.004922883477338047,-0.006535215008685591,0.0003926959255591278
2024-07-31,0.009326856818051343,-0.00012715268201979324,0.007584083080224291,0.008601583054117956,0.0038909546817860186,0.00675590730718123,0.015399115078373882,0.011073246977783668,0.0023974785769051987,0.0029179725248655863,0.022600882477826323,0.009007675561840234,0.009882289168078984,0.007869476493105543,0.007891815755229015,0.012122439929005635,0.0003926959255591278
2024-08-01,0.006765195091374299,0.00966895465878248,-0.023078425714175843,0.011680409877111275,-0.003731816027311985,0.0022269683538180818,0.001796188093891704,-0.0016993795151638569,0.009712478938449731,-0.007189376921062252,0.006190364553610328,-0.006214272564793566,0.0035699531115489513,0.0006425188347227717,0.004517431361497959,-0.002159670154070814,0.0003926959255591278
2024-08-02,0.012179918245494692,-0.0016601861384947236,-0.0018246996081705547,-0.006070775607887602,0.0020748796570748684,-0.0012865028127008182,0.017562154061858237,0.01479444043626077,-0.006010354338688795,-0.009589491386941096,-0.017565000645825446,-0.007843265435517277,-0.00426035151913895,0.0016286361751556289,0.0025047590421800603,-0.01218480177341641,0.0003926959255591278
2024-08-05,-0.017484738196632543,-0.004442661337536569,0.014052649087118452,-0.00561994292432344,-0.009140271858866011,-0.005935222753787883,-0.005473816220056382,-0.007669369158505912,-0.010943313877713523,0.006145932171779611,-0.003768126864709398,-0.009724404919521978,-0.004292805016554269,-0.007442995491351745,-0.0063476199994288995,-0.0046873464981535,0.0003926959255591278
2024-08-06,0.0016937286837039878,0.001914798664582662,-0.024998875934858056,0.008755997729518628,0.009141325265443756,-0.0019769232583733976,0.008656358782413331,0.011725241586518331,0.004640531029925121,-0.015322553893619917,0.004997561897077452,0.011619144828456829,0.0016371288721728217,0.0026645651148622385,0.006457137766640697,0.008605575670297183,0.0003926959255591278
2024-08-07,0.02633244632848042,0.0057231641318939985,0.036420983150028396,0.00576742284859777,0.008973888188331669,0.017697262494722477,0.02048822023428043,0.02169022449332414,0.007441109440436522,0.022030693148192615,0.0044340312001918125,0.005169751625790475,0.014121072580787652,0.019927789771584825,0.015398276580800285,0.009628314947397465,0.0003926959255591278
2024-08-08,-0.006611574037482804,-0.0005314001924779932,0.03138494927065394,0.0040724897116029,-0.0023544043365800738,0.005650223947717192,0.013811651466051345,-0.004979887634982694,0.007444989031786253,0.015578177284257588,0.0069876334491225656,0.0017752701446103192,0.005801178482756741,0.011283660548513375,0.007077640336644819,0.009049067138162226,0.0003926959255591278
2024-08-09,0.003022012416573183,0.009729193590045648,-0.006861963049744624,0.015477607281624506,0.01562313328213416,0.007134406375871594,0.026774428662878602,0.010039593173625683,0.011582506429959283,0.007003987451542848,0.012728230416714226,0.01370353904933097,0.011342709402397677,0.016771463501613626,0.019528457827019396,0.014692454201669092,0.0003926959255591278
2024-08-12,0.014558298132916425,-0.001392406456313,0.008372806703888624,-0.013173170363985909,0.004898633336451352,0.0022531216295689216,0.011244680640049243,0.00624414306386889,-0.008648089888183441,-0.002033638024774742,-0.0010348980106739125,0.007295125862990082,-0.0025487995170403455,-0.0016461271966835556,0.00041080358658907024,0.004301602958727946,0.0003926959255591278
2024-08-13,0.003348592752901558,0.010125678190529896,0.02742003487911071,0.016391620068989532,0.01084826655178972,0.014289654861446177,-0.015138740732446698,0.004267556429850217,0.00896948370098305,0.0007728869997136734,0.016542496753875646,0.010631754317983022,0.007564970988586328,0.009580622206729394,0.007021856726747044,0.009387273800903317,0.0003926959255591278
2024-08-14,0.0070381412313373914,0.007770698524022457,-0.010079676312443886,0.0072938414658481054,0.02237007874084518,0.0036725946488667116,-0.0017124226934542852,-0.00020921329831669055,0.01780271806848277,-0.003230966255655665,0.002296989254289006,0.020769006670969148,0.005278095427737606,0.005699103734545075,0.008152713176187154,0.007239215599279536,0.0003926959255591278
2024-08-15,0.013214881123970512,-0.002904287843082609,0.014084303739405613,0.0016562914843087917,-0.014142750908125779,0.007092065506240308,0.01379874531489289,0.013918301395759336,-0.0016382515645924078,0.0027738903314777907,0.005073926525866579,-0.010642620787449708,0.004697216428785289,0.005025090415172739,0.0030065902300648872,0.006139258234092448,0.0003926959255591278
2024-08-16,0.002644890566848357,0.003613709483782923,-0.01749445626519941,-0.0035444709869728586,0.010625031582389033,-0.0028487419143456982,-0.008636226856137519,-0.013497354713721377,0.002928076200776175,-0.014955099348024636,-0.0022788244202833763,0.00949945436113886,-0.006457309429635294,-0.005481725893104472,-0.004271884333825304,-0.0016286759955117525,0.0003926959255591278
2024-08-19,0.02917513219455725,0.006242127708753431,0.05233582850637242,0.0006819627407699258,0.011670813986116357,0.02213426540077479,0.02362397732924504,0.024307980541453666,0.0078031172564403395,0.0381085043816225,-0.002123105184594687,0.008760966762553446,0.015492253777943166,0.021350902330289356,0.019787892369417248,0.01294386453677454,0.0003926959255591278
2024-08-20,-0.005037406360047569,-0.00041514857826197016,-0.011524057935625054,0.00016208030444131438,9.38213962942136e-05,-0.0028165699690835266,0.002192047800895658,-0.0012221593716155166,0.005032218381742171,0.00015115208563143412,0.0015767468864944512,0.0014616011791599437,0.0017875356477308202,0.0005002245658041193,5.5598651865107485e-05,0.002091224155140292,0.0003926959255591278
2024-08-21,0.007101877070822438,0.001685617170103626,0.005067670202400176,0.0006878121025701844,-0.000569725220539552,0.003666570794770063,0.0008388493754909465,-0.003033747043402868,0.0026535000661649377,0.013068066088221864,0.000869173894373132,0.003220468519653741,0.002249757112849027,0.0015900372302295462,0.00022238224330717316,0.00216333181318884,0.0003926959255591278
2024-08-22,-0.022725643716334454,-0.002274118741882547,-0.031115756530672445,-0.01786750233090384,-0.0055003893034833995,-0.02020094255734306,-0.02034874695986144,-0.023678142773229105,-0.0032835818993164345,-0.025188516968879693,-0.013880807609366608,-0.006750266991392806,-0.01681212718461944,-0.016587091079939165,-0.01594973161254798,-0.009657052779014297,0.0003926959255591278
2024-08-23,0.023216023803475982,0.005000166025677988,0.03192289009066851,0.010757323093427917,0.013433755308562167,0.018513627880708983,0.024802671530543607,0.028201136606201382,0.007347407918820048,0.018790927745324204,0.0073003937124247464,0.008572746635740147,0.015437288686521722,0.015700697973224154,0.016646673086130104,0.003588213375484983,0.0003926959255591278
2024-08-26,-0.0040190922410865415,-0.0074761291887023296,-0.005279086359853746,-0.00035012943845902367,-0.007838054003233452,-0.003463265043136654,-0.0009418408525602162,0.00793236695038635,-0.007384700274374323,0.002691061193609734,0.011970784290959546,0.005598244474835035,0.0015953965597395037,-0.0008966224666889788,-0.0026192208479397516,0.011204817359675712,0.0003926959255591278
2024-08-27,0.014286536047442455,-0.006293073831635354,0.01215211129834537,-0.007778756038598789,-0.006999691836653388,0.004126990307135037,-0.008483153081736972,0.002702945607124141,-0.006527387726511957,-0.0016414046661822335,-0.0003287357547625547,-0.011352823610436547,-0.0009684322689719194,-0.0009364370258139187,-0.0042415480722044485,-0.0012509391123156632,0.0003926959255591278
2024-08-28,-0.00425961465285174,0.003925138996907274,-0.006456489240628471,-0.0031195101153072002,0.010015834573382287,-0.002999807760055706,-0.012918313749988197,-0.0032252852448734215,0.0013353203642196831,-0.011354714777563002,-0.0021160944010442106,0.00876946787542976,-0.0036778496279480377,-0.0026447237088974562,-0.0023149504776417418,0.004560139765322546,0.0003926959255591278
2024-08-29,-0.012367908148667395,-0.007792566144601998,-0.02895591846074319,-0.021036015622693083,-0.004893572958412529,-0.018161364000812474,-0.014490540445984412,-0.011776329339141745,-0.006918153020874285,-0.012453383784919558,-0.0068793537808709004,-0.002773471075326106,-0.009941688938494009,-0.013370136259066023,-0.014640189897921818,-0.009547750560793267,0.0003926959255591278
2024-08-30,0.004643408285351036,0.004872638615104563,0.011174100631720085,0.006458945931032467,0.0006708917566728978,0.006245247488541716,0.0031750973586195386,0.007560590263273381,0.006207440531647679,-0.0054485633606914385,0.006454895652221904,0.0014265519115386205,0.0035450032379584773,0.00015444135180331386,-0.0011462358481874046,6.94424018785611e-05,0.0003926959255591278
2024-09-02,-0.020874625193046503,-0.005805017836011839,-0.008178008279961069,-0.020855174802240417,-0.00016142463229396053,-0.015233134632696155,-0.013802729837378402,-0.0015094052225059773,-0.0049870988904689995,-0.006565888217235694,-0.011696476481100282,-0.0028149016872024424,-0.005944104858489618,-0.006852122595078058,-0.008442504428788133,-0.007843139984768932,0.0003926959255591278
2024-09-03,0.0041603435783956755,0.0074060960714217305,-0.01537434408557492,0.01200078298905538,0.011061735183152344,0.0027293266820502815,-0.0009672254060764107,-0.004100913861110889,0.00676441522442639,-0.013447193544961156,-0.0076767817227453294,0.004249444968311256,-0.0036444568894548057,-0.0015829705714146547,0.004451448567574845,-0.003966076722036083,0.0003926959255591278
2024-09-04,0.017331037533649507,0.012294957326270728,0.02097947980490522,0.016487961805418117,0.016075489504472573,0.017586337540749453,0.020761305466098667,0.01553484347793388,0.017731026870549282,0.02681242246416593,0.015286767408689617,0.018316305764507268,0.018551839108393642,0.01649213719721132,0.01765333972532579,0.01291435098315774,0.0003926959255591278
2024-09-05,0.009313072311738724,0.005435560595985267,-0.003957141957819377,-0.00261949771976,0.008492397419852082,0.0012006995004316678,0.0007107433058266555,0.009513967954371871,-0.003069415228253436,0.013146163408432221,0.0029693013456746353,0.006597962408348312,0.0045531018743769636,0.0026429557567499984,0.003873053770405699,0.002806414592382289,0.0003926959255591278
2024-09-06,-0.015369486607460403,-0.0037679220177094797,-0.024727963006590747,-0.009413796510124528,-0.006838016326089602,-0.014430499315736367,-0.012330339780926458,-0.011727575153776315,-0.00344724373919858,-0.021376706419838132,-0.008541312455050298,-0.008821326096628557,-0.011577417446338667,-0.012267928866712019,-0.012736832562777578,-0.014087984237075024,0.0003926959255591278
2024-09-09,-0.0040727445181109045,-0.0016806692322022254,-0.014001311097349034,-0.00691539023154053,1.4443615373505025e-05,-0.007125032011518373,-0.0057735787541420835,-0.0012645205642466406,-0.00373326277700603,6.368710253723542e-05,-0.005466923973946103,0.0025841529982888467,-0.0022683925618501855,-0.006048522347610774,-0.003732340923146782,0.0013348676720759123,0.0003926959255591278
2024-09-10,0.0012812389654650591,0.006748293196516819,-0.016593864678020487,-0.00031571184995593526,0.003411963723337852,-0.002565818381648155,0.003457680193070134,-0.0076000692962692185,0.001166701536434056,-0.005883495356372892,-0.005666520754235349,-0.002089298534803552,-0.004050498877424591,-0.00013499384970871997,-0.0002222854741863456,-0.0030512985185001673,0.0003926959255591278
2024-09-11,-0.0007163765902997721,-0.00427588875907603,0.011532641585934478,-0.0037746832171314804,-0.002793720783085485,0.0006748191520271618,-0.00024618774882567696,0.008530153901287196,-0.004598145803327847,0.017176011610229525,0.005269557031325256,-0.0011095506992476745,0.0056704644664204995,0.003162982212567833,0.0022233489600420597,0.0026147972439996003,0.0003926959255591278
2024-09-12,-0.0036662379178334925,-0.0023286120972846325,-0.0036288829132614664,-0.0073119367739973296,-0.0021886462094476977,-0.004460794369890109,-0.00594205722448804,-0.006015515819302264,-0.007153714563670532,-0.0052857467139861836,-0.0024148522912067483,-0.005582150083613846,-0.005823295602320977,-0.004489397456529098,-0.004994142838978144,-0.005008287410269596,0.0003926959255591278
2024-09-13,0.025269033545465502,0.0009218718608274834,0.030078336782522364,0.008706056153840347,0.006994716702973358,0.017202348621875307,0.013728948056940249,0.03109727466077561,0.002481124698848536,0.019334493552112475,0.008783784928554805,0.0063793427791580815,0.014707890795966572,0.015530058575995875,0.009377710468287503,0.006602380960789356,0.0003926959255591278
2024-09-16,0.008810613856714777,0.005146383035217861,0.007258257447836369,0.013230465276399928,0.008715351959480477,0.008756145311774155,0.005843034294038096,0.015061876185444412,0.0040268984116009765,-0.0038022096957246454,0.013390077316546956,0.00838051562611608,0.006091251164449085,0.002233934967423412,0.0032270577206952034,0.0018815394943489938,0.0003926959255591278
2024-09-17,-0.003077249178956909,-0.0034537745642105877,0.0054161516966793055,0.004126583237224812,-0.0044785133715263825,0.0009054132829751094,0.0007261472380841738,-0.0034810762760627556,-0.005601360574206016,0.006356553017354383,-0.004386079215073835,-0.0033262630597458154,-0.0014756477972608373,-0.0005479925813055564,0.0007491260196437199,-0.0011900807808693514,0.0003926959255591278
2024-09-18,-0.011741955590979902,-0.003140951901132394,-0.006834533588312208,-0.007056601510350702,3.38394580823298e-06,-0.008635789550435535,-0.006649153657036555,-0.01508771376329232,-0.005504337429511619,-0.0058575389761269525,-0.012932317663984505,-0.003131039606213304,-0.007791873723300702,-0.005591460548059812,-0.006377561287102984,-0.008698624613906691,0.0003926959255591278
2024-09-19,-0.006576474744443228,-0.005258272265962316,-0.027389299743198148,-0.00824623940292113,-0.008425776564779719,-0.010857814527184928,-0.00913038903390384,-0.013520714237068354,-0.0052281359148789175,-0.015965081014846283,-0.0012879434246764188,-0.007743655665097715,-0.009304387040105944,-0.0102536838183227,-0.01049587401710883,-0.004777931153511661,0.0004016754138975731
2024-09-20,-0.020411205687829836,-0.007082155866081075,-0.04353729462769029,-0.014760865465461182,-0.005594455418233002,-0.021808633853607318,-0.020247999462778332,-0.027377656027517183,-0.008948163639038165,-0.030307401248054866,-0.012678783606137944,-0.007037519948546955,-0.02010819361350802,-0.02036646137456455,-0.019874525513782215,-0.015306669102134851,0.0004016754138975731
2024-09-23,-0.015075615065897607,-0.006017584481622484,-0.015271660108090779,0.028292624230356722,-0.007668578949184712,-0.00046527655227235343,-0.0006383206722435641,-0.014557416126269485,-0.0032566222294354574,-0.0131547176350304,0.029306038827331626,-0.004097299352185946,0.0007584232029753668,-0.004941935983645673,-0.005986089997382815,-0.0034589881904668607,0.0004016754138975731
2024-09-24,0.004059799415110588,-0.0005137864021252936,0.025582550989724506,0.002682799671259062,-0.00046675521006411813,0.008424746350990997,0.020068254953262255,0.009323776158834285,0.0018995766151885807,0.022304703864916453,0.017433050113738302,0.0033326818988836937,0.012052124003581133,0.010357326132171663,0.009064019539740453,0.011987958624748218,0.0004016754138975731
2024-09-25,-0.006055763962065863,-0.008772865044130551,-0.015341893451964017,-0.0056775285104385675,-0.005236413022136621,-0.007801188868858944,-0.000576238781335281,-0.005065556856543307,-0.004328779961415674,-0.015219896947115674,-0.0017086062811139113,-0.0022560910433478965,-0.007221939788697118,-0.007696824297074634,-0.008771637631435736,-0.004035370551618289,0.0004016754138975731
2024-09-26,0.0016272500364067355,0.005270562470212958,0.027749512127929865,0.01071296978008407,0.0022980803287548923,0.011222513714026938,0.011311049872064105,0.011541513306050133,0.006722904207841829,0.020765515017098668,0.010547621054153966,0.0034267270599510624,0.01153748953695044,0.006726634896330852,0.009095695227000267,0.010213469433878464,0.0004016754138975731
2024-09-27,-0.0044097454638928335,-0.002104409145259889,0.0020269475768035505,0.00767896241877164,-0.008664677761081263,0.0017884669938390552,0.02351292722158327,-0.005361558090022367,0.0009177679621361623,-0.0025440793235401715,-0.004496349694021462,-0.007957587778039565,-0.0021310010169529603,-0.0011634946254180933,0.0030582227895876724,-0.0017342660526311615,0.0004016754138975731
2024-09-30,-0.013042051953661926,-0.00082568416779083,-0.016867554244631267,-0.008081423492940165,0.001311151889471951,-0.010462592148528405,-0.0045337352563646904,-0.00727827085600008,0.00017979398060585794,-0.004756775823330894,-0.007367517541180368,0.0027724871447625254,-0.005191499520159848,-0.006562562001053873,-0.006927805844367807,-0.006761706324322603,0.0004016754138975731
2024-10-01,-0.0006919501845383813,0.0030576632670427095,3.554795185611859e-05,0.011096812963202973,-0.006101716589136275,0.0024552367800707575,-0.002835395650454764,0.01037378599451877,0.0027897061151684888,0.005049653612642313,0.013925450777105164,-0.00035712280561395193,0.007328720833506885,0.002696004916020067,-0.0004123274771687946,0.005351166369529148,0.0004016754138975731
2024-10-02,0.003584999411609502,0.005505120887179249,0.03087976767461198,0.005801609494154425,0.007507943624925462,0.009354020139548114,0.01220153945870317,0.02541996621877951,0.003672309611510105,0.02065256751481037,0.004489283929897336,0.008472990696898997,0.012306792941592315,0.010469746856832662,0.008988544831238343,0.007909898836002904,0.0004016754138975731
2024-10-03,-0.015037252237791177,-0.016355215834482628,-0.02700912065235539,-0.014939764506865849,-0.017755559612410043,-0.018648032309274254,-0.00720589758203638,-0.014232432426293462,-0.013962109352722907,-0.02812944746159962,-0.007452970618058274,-0.015227148167270554,-0.016018525082245105,-0.016424647638196066,-0.015214839164123029,-0.013256709511058395,0.0004016754138975731
2024-10-04,-0.009839275382979795,-0.003959191159508935,0.01568250352302658,-0.001158477822830517,-0.007240179997398344,0.0012501881332953602,-0.009921275404975893,0.0012477551721332691,0.0010714248184198194,0.007637896807349831,-0.0041106879440647726,-0.0022914118281938123,0.0022550625805157765,0.002479876168302919,0.0013099322032945615,0.0007333133980196305,0.0004016754138975731
2024-10-07,-0.008014225724063073,-0.0021518621723024545,-0.005344067613414327,-0.005270180541345981,0.0012854684479373102,-0.005711503116677008,-0.012411757279661373,0.0040201167599061005,-0.004252549389218152,0.0003819150288568718,0.0007540274647521716,0.00150104424143227,-4.549413531285129e-05,-0.002856962227088422,-0.004101139018527933,0.0016657748954298501,0.0004016754138975731
2024-10-08,0.007388057202484477,-0.0013787027686341657,-0.004269111827122751,0.0033979295935848697,0.0005019070662550806,0.002233074141185565,0.001944423693076125,0.004124804885825117,-0.00022639631259613324,0.0013602744840135461,-0.011191056058612814,-0.00344999170898197,-0.0005183165413875646,0.0021277437555591305,0.0038508058845039272,-0.0036332706880612964,0.0004016754138975731
2024-10-09,-0.017567111896908627,-0.013685402526544155,-0.009434467039039607,-0.010186296376980986,-0.015189182747754049,-0.012190552872006322,-0.011417172807143161,-0.017237976307244884,-0.013223487721279903,-0.0015823494743375521,-0.010686266484140505,-0.01489709243438353,-0.010336085599670808,-0.015115100834563577,-0.015125574774643491,-0.011693360453682078,0.0004016754138975731
2024-10-10,0.011808300768553437,-0.0008942492910529731,0.0007446745389985132,-0.0043145429021844706,0.0032472310926972003,0.003830373754221794,7.027081983279615e-05,0.006943689652304741,-0.0033319123165904685,-0.0011701901126143222,0.0033993196739852127,0.0016035898837234441,0.0015899355358706124,-0.0001724672601878252,0.0006259228806109185,0.003145564452450289,0.0004016754138975731
2024-10-11,0.01158215414586472,-0.009601752234720706,0.019454637163752952,-0.004137073324273266,-0.007546989311940755,0.004327974596277873,0.004446154009257519,-0.0015811228673683342,-0.00907786708091085,-0.01233466229220559,0.0009295817458530031,-0.010459019014287141,-0.005535374686521766,-0.00416554274037062,-0.0034972888902790045,-0.002749648639904012,0.0004016754138975731
2024-10-14,0.019566964494220462,0.007557795267537193,0.010352354307709977,0.008133124145007109,0.0069012548586540046,0.011453158381581785,0.010080903642775363,0.012972622826895375,0.007650296497327735,0.004560713256223314,0.0038437607614429936,0.005341885646873434,0.0075526350006462906,0.008588093596349822,0.010431676229987641,0.007820084290074192,0.0004016754138975731
2024-10-15,0.00047355536227944306,0.0013955733180306407,-0.0057046013735672085,0.005562200510663251,0.0020582767848695838,0.0008731900334810749,0.008418742257874978,0.002733396247547093,0.0031605432729551186,-0.005858473379529383,0.0016411387544410516,0.002093514582247824,0.0012480291229588492,0.003027036561571883,0.003035634108667251,0.0005977092378881554,0.0004016754138975731
2024-10-16,0.017374339330900934,0.007300064018970209,0.007896968662060688,0.005954354518751481,0.006559707510043866,0.010198453735401625,0.0027997545704712135,0.015331935014353926,0.005839041588685978,0.001478002094479569,0.004691690346667832,0.003866840805749616,0.00793247385661533,0.00557228398416143,0.0046762124087138535,0.005228452987517507,0.0004016754138975731
2024-10-17,-0.0030987863488439737,-0.0002859531892261957,-0.014323708704640392,-0.0068214326160604966,-0.0002491568210744033,-0.006398110993532935,-0.010798151263812117,-0.007578825395425204,-0.0011707581630721053,-0.01281150370521289,-0.007990882526787035,-0.002028107339256513,-0.007337645363233558,-0.007178653636981336,-0.006952247781361498,-0.007208717699116907,0.0004016754138975731
2024-10-18,-0.002215190533702338,0.0009737395695492701,-0.009882265640860921,-0.005330511637785862,-0.0005801284882603897,-0.003331660888421184,-0.0022940488871124876,-0.003404881961957429,0.0021194027031503637,-0.004405982620661275,-0.006184559695619041,3.0061557790617144e-05,-0.0029339381821332777,-0.0029058165104937084,-0.0020486367817779128,-0.0024875621890547706,0.0004016754138975731
2024-10-21,0.0007975796355557119,-0.0017351467200444892,0.00357015899839519,0.003957405602917907,8.326090966526145e-05,0.0017527316451222408,0.004170907580649086,-0.0003655321145616952,-0.0013773779253466456,-0.0024691213605612106,9.685145128401906e-05,-0.000512439200242909,-0.0008418152087790176,0.002181759031138819,0.0018153233650779477,-0.001335642100756318,0.0004016754138975731
2024-10-22,-0.01564834859419817,-0.002853065383032094,-0.0016046896232845276,-0.004005143640145925,-0.0058556212099304394,-0.00682978466953954,-0.007995086024209064,-0.010759354408523047,-0.0034440101982430305,-0.006305245418872563,-0.0012466229192683587,-0.007594552906134533,-0.005415751341020791,-0.0055371744222184605,-0.005684480296247796,-0.003130028267014584,0.0004016754138975731
2024-10-23,0.0004420090943033639,-0.004514273438499861,0.006945242910355143,-0.005449791293835937,-0.0010550189057607628,-0.0004114019160168514,-0.0019638164887412213,-0.003523694235628594,-0.0023440293985461658,0.010426227806252797,-0.009318184705631616,-0.001761194783586828,-0.0015556829390783733,-6.515638757775832e-05,-0.0013568598062927428,-0.0054808429515738055,0.0004016754138975731
2024-10-24,0.016628580326838005,0.005605632964814422,0.011583885318708464,0.006385721008406842,0.005782791516741881,0.010100904762106122,0.009122920218313402,0.006465201562459777,0.004302753045594798,0.0017414459249116554,0.006197257733961958,0.006295226595312897,0.0049423802322225985,0.0071665936581233325,0.008885578983871767,0.006384869026476503,0.0004016754138975731
2024-10-25,0.002628570929984031,-0.005283357459891058,-0.006038702669855511,-0.007299491142457204,-0.006827320401493253,-0.0025175340451795147,-0.006506946773190303,-0.006703430875031335,-0.003097124275009966,-0.006437563634261512,0.0012209143319910076,-0.004926790790352187,-0.004158878800261667,-0.007957855710051476,-0.009948384479280481,-0.0014172838528618836,0.0004016754138975731
2024-10-28,0.015751055367204225,0.003452518407936367,0.016416137226926697,0.011222235725864893,0.007543568302533998,0.012312078415455341,0.010270744997217474,0.009305777936548632,0.0034170494573404486,0.009786215942939158,0.005986193342160995,0.007845689674716994,0.006861457270755489,0.009540499201508679,0.007831508732189185,0.009813762036685159,0.0004016754138975731
2024-10-29,-0.006050931868282428,-0.00848153456159828,-0.018941717472253483,-0.0037571241476015427,-0.008804985793094966,-0.008951794821453918,-0.009083403170229154,-0.0017611959956563839,-0.0041029405216680415,-0.01217455352047181,-0.003492888295056007,-0.008676254999833155,-0.004724862340256153,-0.005691405569900443,-0.007335812487823112,-0.0035445524725599142,0.0004016754138975731
2024-10-30,0.013704551851130287,0.007039783793904242,0.01705556212254611,-0.0015579328613690713,0.003991625931620391,0.007868116471716036,0.010205178979102447,0.008047625408137415,0.005545197715661976,0.009304287039475057,-0.003286182589821496,0.004497448209250798,0.004509455183971278,0.005661233757535911,0.004141599465232959,-0.0008610494935369362,0.0004016754138975731
2024-10-31,0.0018402760027906861,-0.005226052280512983,-0.013803814682180837,-0.007303703339684109,-0.0012031036664527095,-0.005153162019107871,-0.011828818566371524,4.581390535873808e-05,-0.003990737783903686,-0.015019360464518017,0.0007354068348472964,-0.00039812834425489996,-0.004721307285608045,-0.005957028328040903,-0.008382175059700736,-0.006869730368148197,0.0004016754138975731
2024-11-01,-0.02532224892067292,-0.007571920982504476,-0.0238596533823624,-0.006872767340958874,-0.007161261553472076,-0.015958660474993502,-0.017913373016413492,-0.020871270904285977,-0.006710259072833069,-0.02383696135516511,-0.004824353223335742,-0.006815937986375142,-0.013358132428902714,-0.013019835996742835,-0.01572337824094705,-0.012527588581728755,0.0004016754138975731
2024-11-04,0.03350582756912179,0.020409429960718706,0.062406016375106343,0.018511973272798077,0.014602103242214115,0.034441165638190885,0.026476812572219455,0.03579180698013884,0.018800327020952246,0.03751004152311421,0.01841896360533113,0.01297907023216971,0.027836916505058262,0.02602080492729497,0.02648977791193108,0.018439050952305136,0.0004016754138975731
2024-11-05,0.0014852860764871245,0.007301924511719626,0.020536437695441334,0.002575125639978637,0.0001775685725982079,0.006809766378537141,0.010157556692812264,-0.00385370306881605,0.004491757250219663,0.003121191138375945,-0.0016731658793299742,0.0002898938098618853,0.0008506319788219585,0.0014006732818703238,0.0007832049197709079,0.0011385146314344397,0.0004016754138975731
2024-11-06,0.010846471318761486,-0.010046056415801918,0.004443033130646423,-0.004177578567938323,-0.003726763115692977,0.0021428173143229756,0.009007664481541111,0.002842100694048888,-0.009837567636997946,0.022658528902229635,-0.00433016853999546,0.005237471608025679,0.0016820190537742974,-0.0005530187217991367,-0.0025511933821535937,-0.002119759059903026,0.0004016754138975731
2024-11-07,-0.04424935524940399,-0.007674240563753654,-0.04072471670095745,-0.00824026086009444,-0.005282518514403867,-0.027451523049626614,-0.01632285259856725,-0.008632586606218573,-0.005401276620709883,-0.005217281708778443,0.0018981532195070372,-0.0012174308522604482,-0.004506140961710092,-0.01516048107740342,-0.01426714138830587,-0.005147034028439745,0.0004195739267733867
2024-11-08,-0.009924342144308484,-0.010062330080246817,-0.037339711399964504,-0.007597523183375143,-0.0067353226899596885,-0.016440125097400338,-0.006562542161943963,-0.007904766810401975,-0.011497329368791553,-0.02284095308629952,-0.01568498430799925,-0.006379255486289481,-0.014302846904668098,-0.014537372964133488,-0.014436283806305461,-0.013210062018351842,0.0004195739267733867
2024-11-11,0.019897286508893552,0.0029946884206701885,0.025838689070937226,0.0009553090789122809,0.013931801927196563,0.012691725756870387,0.012836202215540382,0.015220948045322924,0.0007112604495780328,0.005189591284705308,-0.002915006250218344,0.01307139102882271,0.004974712915071455,0.005419586618998551,0.005422930248288438,0.0007507037501390812,0.0004195739267733867
2024-11-12,-0.003907030089740582,-0.004578623701900764,-0.02591653583723741,-0.001993287451052539,-0.0098424806098234,-0.009174093447301579,-0.018780414965882453,0.0023729287852938263,-0.005023784682662513,-0.020194293036062128,-0.005247157330568575,-0.00937187145297902,-0.0064207907380468,-0.002540979988281289,-0.005300886187537768,-0.0012625983025600362,0.0004195739267733867
2024-11-13,-0.001790200825870114,-0.0004389687531993758,-0.004363865245699872,0.001218134382604763,-0.002233497195914258,-0.001995756403772142,0.0029767436767398348,-0.009916941717488248,-0.00030985165172126017,-0.003484422455200087,-0.005800559990031151,-0.00040239273019659905,-0.003929835283354555,-0.0033516846315615467,-0.00017491691446558377,0.0003532797180858527,0.0004195739267733867
2024-11-14,-0.028281558095468395,-0.0028469984703555218,-0.021209022219574103,-0.002809801932380007,0.011282088420380587,-0.015713634645170727,0.004387409328472591,-0.015018662038569386,-0.0004785274634259151,-0.009272725279026894,0.0018261871542217811,0.010983069743386142,-0.006257444717041372,-0.0011592627914003284,-0.0012333799860042571,0.0009309105524253347,0.0004195739267733867
2024-11-18,-0.011248496123846596,-0.004918769299188663,0.01914766024703418,-0.006622051195995904,-0.005574691383628538,-0.0022127125179473017,-0.00974765801235089,-0.001163934118048493,-0.005438287952250764,-0.010666041984141339,0.004119329510209768,-0.004811209198407385,-0.0036063638314099977,-0.006425192572309335,-0.008536304107293446,3.007882867489542e-05,0.0004195739267733867
2024-11-19,0.01828684116851398,0.004772847215905207,0.009056236300473586,0.003097280808610492,0.009841871748652142,0.009523415534995472,0.031417247015120386,0.0040563358573930675,0.010333737570526802,0.00472351040416874,-0.00017573277908311535,0.008576099261688563,0.005435292059764674,0.006858139278553166,0.008341847926905066,0.003749960557323684,0.0004195739267733867
2024-11-21,-0.006698231310455882,-0.010470788845363344,-0.0144085110867882,-0.009329018034941683,-0.018501190911297427,-0.009615966683406363,-0.015767438187809346,-0.014574718651754526,-0.013818123707413643,-0.018670988887048212,-0.007776294896671532,-0.017223838313076167,-0.013869589788938597,-0.01330294035719315,-0.015625821297372444,-0.009950034736144087,0.0004195739267733867
2024-11-22,0.013924032926059482,0.015060174963635431,0.03009396505906703,0.013005330130326564,0.012276867969922778,0.01732988126300805,0.003451794152688814,0.020033942353076206,0.015063196847767024,0.021305427219188156,0.016444177691568473,0.015758218973642713,0.017262177722746186,0.01783291048920832,0.01568993903795679,0.01742712547036418,0.0004195739267733867
2024-11-25,0.011302045278545725,0.0017541777646810086,0.006909014186295748,-0.0015008099344071546,0.002675746476014984,0.005042272699730566,0.0012659206778615761,0.004562781165279972,0.0038728273210841824,0.016669291917304374,-0.008074107294822941,0.00360999252575267,0.003284833748664173,0.004655923283316099,0.005111220150474383,-0.0009336945468296776,0.0004195739267733867
2024-11-26,0.012275403748427394,0.012412468377454688,0.02619704429004499,0.0043689096728256605,0.014931116104694997,0.012723425258719612,0.011792808916081254,0.008362372150287456,0.007853002177310886,-0.0004308332170138707,0.0031456747107001526,0.010450435915581258,0.005335448272162369,0.010933819107636022,0.011960457263740176,0.00709164019091757,0.0004195739267733867
2024-11-27,-0.03231328677355694,-0.015358589283637425,-0.0348661373909086,-0.013106497583253662,-0.007083362016884531,-0.024363697299168874,-0.02369003863641672,-0.034069482128372686,-0.01912839049057924,-0.016225455481428286,-0.008022972364936765,-0.012523066218888879,-0.0203531148895435,-0.025103788600514876,-0.02435032304379048,-0.0175824000415018,0.0004195739267733867
2024-11-28,-0.060820021044810324,-0.007904253677692985,-0.07181498718811397,-0.007423253562435006,-0.027830799628109415,-0.03869970957989588,-0.040041968425094554,-0.06517036171772228,-0.01382659517187379,-0.03884744133445761,-0.007993733519664481,-0.023065520381493676,-0.03228973623947984,-0.03616532779757431,-0.035818347705800946,-0.024342508910040195,0.0004195739267733867
2024-11-29,0.019144718059308063,0.010962992324826004,0.02647436402761638,0.002107461027798907,0.014959425249551073,0.013622954606400395,0.011208402359757397,0.008002419114960801,0.005818321889333733,0.008835195812053609,0.006628494641095273,0.009225540575080293,0.007352527472123338,0.007959201461087417,0.008684371184371154,0.008733706266180308,0.0004195739267733867
2024-12-02,-0.005583236856115503,0.001235177890846817,-0.001124508816772618,0.0006082752580780504,-0.0062919495464636155,-0.002500723969799834,-0.0028777756135831556,-0.00921064791267101,-0.002390957193789456,-0.002496230449246295,-0.002296711280210584,-0.007644396535125608,-0.004202642802760614,-0.006207424419661711,-0.005377596876938617,-0.0034096935853298316,0.0004195739267733867
2024-12-03,0.01350029302370337,0.013964750172188456,-0.01016762492348533,0.012913895992190394,0.006983614712996689,0.008682389196269513,0.0034319426460727165,0.0017350389624470886,0.015896965147385922,0.0047464640085710386,0.002337255258527904,0.008780531573753247,0.006767726165250565,0.0059761197941650135,0.00777075955067108,0.007111344870012859,0.0004195739267733867
2024-12-04,0.008134827330152694,0.004054431916320267,0.002497706603827421,0.003172193318785599,-0.004620462032211781,0.005542944005826778,-0.002958109446569046,0.007125333952582746,0.0023333215655270134,-0.014187740914996527,-0.004215277716701382,-0.006982508772890195,-0.0013063138204216784,0.0007727465501439212,0.003505201949145942,-0.0006143933272436675,0.0004195739267733867
2024-12-05,0.017738705981096725,0.01579310512287946,0.022145496880307203,0.008840964772483861,0.018936330722268524,0.014889151420600655,0.007580916533415083,0.012367178976228521,0.013995071672581627,0.006736054379562706,0.008556256859957312,0.015754141454195292,0.010668973470655763,0.011362197624328996,0.012512673632526283,0.013912117105372879,0.0004195739267733867
2024-12-06,-0.025497386875934502,-0.014793759312666133,-0.05060879513696637,-0.008532736536553065,-0.013828733670087079,-0.02302763940249497,-0.02105591740423729,-0.03297591758309326,-0.010008816337468418,-0.029690322633885824,-0.00891890206386714,-0.013587810435007341,-0.0196568683103302,-0.01892323737177093,-0.01611091631950845,-0.015000673296329814,0.0004195739267733867
2024-12-09,-0.003855368576037854,-0.0028066124948041837,-0.0013304586555293874,0.0018895531064502258,-0.004168346641970633,0.0003506377314133058,-0.00869534070419753,0.009461571806941738,0.000598421484023115,0.001105726276554364,0.017217299465249303,0.0026395692655765135,0.0059147946833590925,0.0006866018608606694,-0.0034035999033582565,0.009658468435906453,0.0004195739267733867
2024-12-10,0.01003821231477775,0.005286356495983524,0.04525895013734593,0.009287947619619707,0.004667918548289407,0.01652157241192076,0.013223488386260529,0.0190453981360037,0.00637454183791597,0.01941668084952264,0.008900981761796212,0.004788907745379767,0.012745759263493195,0.01386379671733784,0.01206692263169229,0.008235237818250862,0.0004195739267733867
2024-12-11,0.014789992331379898,0.002957929359474143,0.006534116505575893,0.010041926415248259,0.010122259105323383,0.010715792354137443,0.06364967346116379,0.021397013530447317,0.00784762969561581,0.015521755409307003,0.013505667779007302,0.010359314474642334,0.014815763000864735,0.016568938702310687,0.019806871771839152,0.011831685199245046,0.0004195739267733867
2024-12-12,-0.04084222422132977,-0.026718558115967017,-0.0357414877321659,-0.021102486810261945,-0.029391323740343922,-0.03099050438374573,-0.00929035710431192,-0.042940162294116235,-0.02656836945803176,-0.028793832282414722,-0.018415572656524604,-0.029509982771237064,-0.029579132426333477,-0.03337943853615499,-0.03032384979007019,-0.027122082552962667,0.0004551316162888508
2024-12-13,-0.01398258581484213,-0.009991376433753918,-0.01756886160403881,-0.0049151056930997195,-0.010341061588809652,-0.011360752099319193,0.031752337928328433,-0.015507302242716459,-0.004911559231177476,-0.019070306781059143,-0.008154527061632888,-0.01090905467609582,-0.011306165181008243,-0.014781626630940736,-0.008226801751336832,-0.010348944211834854,0.0004551316162888508
2024-12-16,-0.011628517753942802,-0.007664859161238824,-0.0006359058767352321,-0.008679997242489024,-0.006872067540508731,-0.006247442249956658,-0.010851116647314085,-0.010523033219073663,-0.007816975584394203,0.011398870629696356,-0.005206567534530859,-0.0061113313334454356,-0.00453610856137876,-0.010107933928405366,-0.010560381016348819,-0.008722109380252197,0.0004551316162888508
2024-12-17,0.009713207724904027,0.012547714535030563,-0.010892322021269218,0.01136535345761902,0.001671442676947521,0.0051379706271037495,-0.02787615267345156,0.0167122694026669,0.01577710293605583,-0.014089111301258672,0.010854958167095363,0.0037962621358007542,0.008316130118134257,0.006909293144676143,0.0026937294421851554,0.00851653166505395,0.0004551316162888508
2024-12-18,-0.051322903319166335,-0.026832305029662717,-0.05621087360754029,-0.02372094358031207,-0.027068649635976327,-0.03868298626326927,-0.05668178835489668,-0.05066163624457076,-0.02461002639692278,-0.04262593729167574,-0.025150486417711337,-0.028942237668164728,-0.0342761393634069,-0.03815071229007172,-0.039100317270794105,-0.03165870360289136,0.0004551316162888508
2024-12-19,0.01240833755462023,0.0045705822489015,0.02270994827863637,-0.000598944819882874,0.002900617837114705,0.008751707384530016,-0.027106588060430314,0.015161602295919119,0.008187891603345543,0.013542394329795426,-0.004632756701649865,0.006086240491117723,0.007968286168475336,0.010798499437935316,0.006456303061940005,0.0026936905726098193,0.0004551316162888508
2024-12-20,0.015509615086110706,0.009558784470887982,0.0007138858355539845,0.005286360576849836,0.01466489483664657,0.007434735824250582,-0.019392543447860233,0.004740805498397949,0.007043358556263923,0.00914103811799527,0.0020037910659391756,0.012930485343020548,0.006104209498697832,0.01224425353426617,0.010745571469028103,0.006562153894580147,0.0004551316162888508
2024-12-23,-0.022681243454444888,-0.01794977329972991,-0.029422366020779855,-0.019127374200835767,-0.02320090886867565,-0.021922938157118876,-0.00750021214511809,-0.024139292433780435,-0.020194733730232284,-0.024786808076147082,-0.011941352021875073,-0.024671663942566258,-0.020264436806451402,-0.021978571121102908,-0.01868432154033106,-0.01090150607928464,0.0004551316162888508
2024-12-26,-0.016965557328406322,-0.00025117024317755643,0.0038454661036324556,-0.0008921582862513322,-0.0013371286949450667,-0.0036745554694018745,-0.009635510273780179,-0.005693882517612159,0.001764161349844251,0.0019768738669239116,0.003739356751780054,0.001801922518641641,0.0001558576363678288,-0.0027274818931946054,-0.003567406989166355,0.002550434191294304,0.0004551316162888508
2024-12-27,-0.009222079515633697,-0.004667523875480528,-0.002511544287258083,-0.007652950129364511,-0.0009702586664660506,-0.006926834423754524,-0.004921117385872642,-0.0009617609006543626,-0.005753872129485638,-0.006942041003066501,-0.007082584187444563,-0.005993479227365928,-0.004827087722565682,-0.0070924300092444215,-0.006973621936966934,-0.006720445825956101,0.0004551316162888508
2024-12-30,0.00013285467249435357,-0.0007687299989213026,-0.023085937011461555,-0.0027840550091035032,0.004049680342619544,-0.006355312382046674,-0.008138546422642001,0.006022160124346865,-0.0026352497305409672,-0.001612960862256374,0.0018198116917458318,0.004967231820456552,-0.0002208897409293753,0.00012082799725243731,-0.0011542215002934286,0.0001118495360794558,0.0004551316162888508
2025-01-02,-0.0036000000000000008,-0.0017757095747799904,-0.0018302928524209076,-0.002039472303590431,-0.00167495314846981,-0.002160799580087706,-0.0011311392619606747,-0.0036000000000000008,-0.0013899151169277572,-0.0016051531486247085,-0.0018778438996869206,-0.0024228048546124665,-0.0018543680626423745,-0.0008263019738639056,-0.010062419460070027,-0.000957874327359165,0.0004551316162888508
2025-01-03,-0.01806705395975805,-0.011633730204823611,-0.006931247137876406,-0.008958958163882147,-0.010998598248197156,-0.011461983925905805,-0.008644670617734995,-0.019102200924479007,-0.0147561077550048,-0.013265851467682332,-0.01699743338982662,-0.01858309581663009,-0.016523794520640567,-0.011873647610096572,-0.009702370998468823,-0.013091782506058802,0.0004551316162888508
2025-01-06,0.00029396203611065097,0.013332866651113218,0.047521822130254465,0.02481256051592573,0.008230809006237738,0.025488451702154746,0.027283691922007858,0.0037708460871412885,0.013914664546608169,0.034542039248179446,0.010884305439115005,0.009869724517766576,0.017960429701661118,0.0243939986910362,0.021399386791515873,0.011974546477036885,0.0004551316162888508
2025-01-07,0.006575813927983676,0.0064158491363459635,0.016268934338776297,0.005125314178767271,0.011665099653013211,0.008293257372185225,0.010942942518479937,0.007603512597368134,0.00881354371988885,0.010110808711737862,0.002497666733490389,0.012031809098473678,0.0066963875525569705,0.010315551985332405,0.011345917576771392,0.009980860643737488,0.0004551316162888508
2025-01-08,-0.011865510658305767,-0.012242550921470863,-0.024857022595794254,-0.011037415508382442,-0.008166508436180275,-0.015902924482718683,-0.01804212881765388,-0.02205274040270655,-0.012574205814396389,-0.023482781894939797,-0.013760716967374576,-0.014822538184879663,-0.018746203263112715,-0.02000634797221168,-0.01513233177661466,-0.01283953607501731,0.0004551316162888508
2025-01-09,0.014416515718695067,-0.001282385917669937,-0.00460091933446416,0.004019058834763056,-0.0006440939883585184,0.002893320737708871,0.0031590709225775004,0.01120752885372367,1.717956192970327e-05,-0.01699944521252761,0.005529216982801177,-0.002723714388775833,-0.000595180673674478,0.000400716756395747,0.00283147822690899,0.0015889095063177372,0.0004551316162888508
2025-01-10,-0.004651772034435342,-0.008418710680378583,-0.015260838621444561,-0.016267542665809542,-0.012732991909166658,-0.011596083641075783,-0.014093156031804277,-0.005240236581599,-0.006693830056401007,-0.012727430607394341,-0.0035026571764814607,-0.008579022152527371,-0.006730170466920482,-0.009109909754113521,-0.012906889949047429,-0.007450671497774786,0.0004551316162888508
2025-01-13,0.002627069844035823,-0.0004124917875992784,-0.009445226935506312,0.0008126649722510759,0.0012256519675095667,-0.0023017544578654014,-0.005955235629703681,0.0010099841584940705,-0.00030018672544696035,-0.012002134473046877,0.006107950767520798,-0.0005198432260894448,-0.001647783520304813,-0.003183284429213562,-0.0020450233928319683,0.0011286883248908808,0.0004551316162888508
2025-01-14,-0.0022267277645210415,0.0008186253967883417,0.007324574583651433,0.0018088691111244337,-0.0032227357863798822,0.0031254309527386503,0.006886893953900408,0.00489978318162132,0.005360097026807065,0.006915418673200335,-0.0005411429687960378,0.001289042574399435,0.005805140141756038,0.005864164719963538,0.002747660041313882,0.0026341380084593524,0.0004551316162888508
2025-01-15,0.010451416090666132,0.0205632319818001,0.08575161921446517,0.02796277213359688,0.026133810483452535,0.040378227979320114,0.043489385680351766,0.0248574351320352,0.01660704773006394,0.06275664317058505,0.025746059795961562,0.02151624993365009,0.034369593613658767,0.0375479668782428,0.0324347411824617,0.02767136852695362,0.0004551316162888508
2025-01-16,-0.01800592229316711,-0.006768354545756083,-0.03656773638641486,-0.009654089666057741,-0.016562556259424266,-0.019732801541504363,-0.023811064075244914,-0.017624936459865403,-0.005665382659831186,-0.02633014485329388,-0.019968871121350373,-0.015562815658571094,-0.018087375380704707,-0.02130774191724827,-0.01700309002440825,-0.011291424456623789,0.0004551316162888508
2025-01-17,0.007736376270284895,0.006422056002724608,-0.0016941397767247235,0.006422797006810255,0.011913535184148616,0.003288587802098286,0.004303412385926686,0.006754194283134174,0.006865531359500965,0.003081409545887981,0.01571380164615932,0.013041065074634428,0.007510008168246429,0.007335446196806927,0.005153871554643308,0.008945780249759006,0.0004551316162888508
2025-01-20,0.006308330767478054,0.005395972322738585,0.008754349252574567,0.004258068401999715,0.006464170501692124,0.005631381253135004,0.005319794090126839,0.005497181613393076,0.005498080382931203,0.005305277217769744,0.008619280519272854,0.008365941683448064,0.0054942506874839925,0.005811263998861449,0.0038745708341116902,0.004125420336122287,0.0004551316162888508
2025-01-21,-0.0012893098519096702,0.003409955567736933,0.010967964785451034,0.0063419571576934786,0.0074246362725325366,0.005336869498626884,0.00596520404823897,0.0016900215840778277,0.003370471734473357,0.005672685672880595,0.008834126906396067,0.0063937796621760246,0.004858515556180443,0.006419971805315505,0.005954653516806907,0.0037676506618637973,0.0004551316162888508
2025-01-22,0.0046819544603573515,0.0004631829649426322,0.015305338469316476,0.007027855430455032,-0.001610382701246138,0.009008005704492339,0.0117891908207155,0.00875867717145784,0.001195245408221357,0.020708744915693744,-0.006345398857717455,-0.006509682293123653,0.007315641890524249,0.00987878066419956,0.006978264682900415,-0.002594668877478612,0.0004551316162888508
2025-01-23,0.001577561511106218,-0.00019968223646460448,-0.007459966326924805,-0.000927297416327022,-0.007960221540672663,-0.0027558439443442495,-0.007240873292342576,-0.0016566478263234652,-0.0036913070553642457,-0.008872291995633774,-0.0022442604852368486,-0.00811589769513954,-0.005280136982302452,-0.008650573431737585,-0.006005073907383807,-0.00425501881636603,0.0004551316162888508
2025-01-24,0.0007623326526238206,-0.0028766876815934372,-0.002708072420181895,-0.0055067299790688695,-0.0028446834580766467,-0.0031282326338173405,-0.0005516448002970131,0.002518697875418585,-0.004244485273038001,0.005308848314592218,0.0008780151361076349,-0.002932445606490308,0.001161752283020956,0.0002918115975700797,-0.001258615140980801,-0.00010420093484220239,0.0004551316162888508
2025-01-27,0.008169911302248645,0.025669543020907515,0.04594043931075986,0.014114750633131834,0.026094371528385896,0.027754426701398494,0.03204866623174785,0.004754106718828366,0.02669802349192807,0.045542550403295134,0.011433440357797142,0.021775441325833533,0.025919944725682154,0.032894735706619604,0.026725837635033,0.019010273048383652,0.0004551316162888508
2025-01-28,0.002750987260492499,-0.0008214649554815212,-0.027452036519282297,-0.0066814252687681375,-0.004291153510719514,-0.011032360333394053,-0.01257186090642648,-0.00012081935757835005,0.001085497779264477,-0.029917393189596853,-0.007859821160785652,-0.006924526331653302,-0.010900498412963144,-0.010303861390812963,-0.007895742637942349,-0.00608029428889012,0.0004551316162888508
2025-01-29,0.00011275302057955905,-0.004226854517825895,-0.00044514613258228586,-0.0020095177996052316,-0.008303975067366465,-0.000904350847254709,-0.0005260957072023009,-0.0021501019690324252,-0.0035251440349856056,-0.009833705578396024,-0.0017819482980219181,-0.006538036286043436,-0.004200821392923437,-0.0030881848075350327,-0.002170522240805939,-0.0050396785773720865,0.0004551316162888508
2025-01-30,0.025986117858749935,0.020385633904839162,0.040414442453249544,0.020394876241996096,0.0248918945437544,0.028662063988753816,0.034540866773900225,0.028353164449633983,0.019029485790586387,0.0470866903369378,0.028287021007440627,0.024804696212467947,0.03200290121029625,0.03619834672801825,0.03092110425789052,0.028318165561380892,0.00049037490119197
2025-01-31,-0.008142944259309393,-0.00311546764349957,-0.010505005347183127,-0.012398539310100709,-0.012089122685678966,-0.00918972256441053,-0.010078724375477188,-0.005422106244132641,-0.0019285925415808425,-0.008831471987901796,-0.013515254244122588,-0.012272684909664378,-0.007428982365615067,-0.009165996839440638,-0.008348658490543115,-0.0059888242817203174,0.00049037490119197
2025-02-03,-0.006052640214845195,-0.0026792004940238145,-0.006956993094781261,-0.008185773704247779,0.007499614421011547,-0.0076119620986737635,-0.0034562285557816486,-0.0012373973776851344,-0.002164872212303437,-0.007815782952261596,-0.0030072005904231425,0.004577122114725718,-0.004634666832618262,-0.0006576828273333613,4.912586661087737e-05,-0.0016776681628102308,0.00049037490119197
2025-02-04,-0.010485828430362942,-0.0028644117998719576,-0.010025889075884753,-0.006458220418623095,0.002076138907152414,-0.008187052628214064,-0.005293102363397195,-0.010406392948062893,-0.002263703833551345,-0.011171422673328935,-0.004729884075399982,-0.0017598262212279447,-0.007442110719619532,-0.006741123048890185,-0.006300082895827619,-0.0064063081876510886,0.00049037490119197
2025-02-05,0.002944812847483158,0.0006983833541323037,-0.014791009891055973,-0.016544931767022986,0.0004784856547395133,-0.007892366493792546,-0.009098250008516384,0.0026517117552868896,0.0011970384172661497,-0.021007655729071262,-0.0038520131169169636,-0.003578195395348205,-0.0061636472400541376,-0.008427981481481606,-0.0019743062121126975,0.002563472673102307,0.00049037490119197
2025-02-06,0.0008912393991833412,0.0018450538539074302,0.017498982078703484,0.0043057572246751885,1.749858881994193e-05,0.007901448742448025,0.011584063407010792,0.0013031887626213656,0.0035631326690164222,0.025931469279556474,0.01176585650540507,0.003890822053733256,0.01238794254139175,0.011295023922895053,0.007736387023673519,0.005234940472720551,0.00049037490119197
2025-02-07,-0.009500683333183213,-0.008088350442873593,-0.021482846106105624,-0.00408476071737407,-0.005639333002230962,-0.012232916257836512,-0.017332074564607947,-0.008006219381365143,-0.009248068554598254,-0.017419132950356797,-0.006285812007571945,-0.0066582696114715345,-0.010708701182950198,-0.014352703859240479,-0.012862575955861044,-0.01261811654065581,0.00049037490119197
2025-02-10,0.01144558284153585,0.0020125751434756367,0.022016430217630667,-0.00012501462697300791,0.010688914695254681,0.010551781277206018,0.010035414552709065,0.009053071931668821,0.0012622122653980217,0.02454890834272283,0.008213733773812848,0.009864785348444594,0.011626625836292481,0.010083201509800022,0.007496942405183393,0.007569176659024457,0.00049037490119197
2025-02-11,-0.004271240641538276,0.010798074056174167,0.019848847185755636,0.010326513468929877,0.014216270528875974,0.010860287871312435,0.018296476396623573,-0.001521468757196054,0.009689000292087968,0.020317850077945065,0.004498865442670974,0.009956606957738146,0.009799241798829295,0.015671037966209278,0.01660282943102498,0.007580008378982761,0.00049037490119197
2025-02-12,-0.01812260329760962,-0.016022168114307456,-0.02937305269230306,-0.005983896483059192,-0.010516734551880846,-0.019017089485008798,-0.01848360227905843,-0.012679905042701223,-0.0166101920035423,-0.03454252094286725,-0.01273124188008301,-0.013963175779045156,-0.02102235673631936,-0.01902863771021801,-0.013958646673655095,-0.01680769501373458,0.00049037490119197
2025-02-13,-0.0017479329602162474,0.0071306225570890724,-0.0023978612970192437,0.006613322855821169,0.009047754694375021,0.001404567096946474,0.003874377965239484,0.0008314808337661628,0.002672133030759971,0.006806037110084429,0.00537279742467156,0.004673191462268411,0.003755126918462137,0.005389975917876599,0.005472681274863556,0.003793621378516132,0.00049037490119197
2025-02-14,0.019691569845264434,0.02465914416165549,0.04832296740576214,0.02425449761245746,0.028674674238941655,0.03189512952868334,0.037521090624682785,0.019544907069340978,0.024764904308981706,0.04831314079115567,0.02733416594962934,0.025514709989975737,0.03162525008951311,0.03366041789816521,0.028829563250658108,0.027310462354369625,0.00049037490119197
2025-02-17,-0.007984046056255245,0.006649355833136639,0.030886823849181955,-0.0005280484717716805,0.007962472112695185,0.011013183911778857,0.01694061977815231,-0.008561881376567326,0.0006954088032053996,0.029949201678583615,-0.0005883643349131606,0.0012536078682243712,0.007753946372564879,0.01274742186227229,0.00872494816862468,0.0028567594665589446,0.00049037490119197
2025-02-18,-0.01020330244251133,-0.00012570853222382272,-0.014660192122703974,-0.0036678505157098362,-0.006158202797524215,-0.00885142571354558,-0.008590479502926462,0.00016372560371435974,0.0017270974421939034,0.003547823937664507,-0.0017186235869021127,-0.0030676611952981103,0.0011005822545642197,-0.004191225330476667,-0.006768389377290518,0.00020850735713429103,0.00049037490119197
2025-02-19,-0.01298566129652623,-0.007883518818918245,-0.029111839375920878,-0.011382435099441701,-0.01588694169449567,-0.018026335501153623,-0.021657566385416827,-0.008947822241435643,-0.003500716250952496,-0.01082678841429785,-0.0134272634771333,-0.00650994354633061,-0.00941468406324164,-0.018050408191572886,-0.01607891990569088,-0.009195349566969435,0.00049037490119197
2025-02-20,-0.005237454753305726,-0.0017057312058028629,-0.0059359503981198936,-0.0016479100283225412,-0.002340099352263092,-0.004234588855270172,-0.00040525501750909854,-0.004891506062077111,-0.0015764761236398694,0.03342837923489639,0.0036291567213326825,-0.005166030338692784,0.010037033987724486,0.004828747637986908,-0.0002356972559399706,0.0026648017252683953,0.00049037490119197
2025-02-21,0.003925731987321823,0.0006578293774177624,-0.011187981696729854,-0.0016865061068396248,0.0015624560239362317,-0.003281633858194133,-0.005719531335948047,0.0067832835616268294,-0.0009531548635893783,0.021333798027737494,0.006487011681368227,0.0005542903463209292,0.009418371112168922,-0.0012212554231975092,-0.006280696982061684,-0.0032144588212345004,0.00049037490119197
2025-02-24,-0.011608493796792518,-0.007276515211706913,-0.03394601341738068,-0.003882088983276577,-0.013690851876953403,-0.016249075540417324,-0.02259618495089566,-0.012489012089329177,-0.004692244864760053,-0.011767466943006344,-0.016369668632436496,-0.009617490553244346,-0.011540933240977935,-0.020941320018137644,-0.017166650951860984,-0.013601822891475712,0.00049037490119197
2025-02-25,0.011206159188761777,0.0059294289956211,-0.002802944251148687,0.018544428377169853,0.015010767057433094,0.007829004247845495,0.002368832772699614,-0.0008526987322214907,0.0055204921254565775,0.006230744524385212,0.005311377444312093,0.009710618459942255,0.003547692493467647,0.005299823135558768,0.0074303769655219565,0.0044006392800266525,0.00049037490119197
2025-02-26,-0.014003404448898138,-0.00786675526702052,-0.02829617703456644,-0.02780037125740642,-0.010139893799980815,-0.020522060139065212,-0.020563638394789918,-0.017473430984603744,-0.006951121364416668,-0.01677783045010306,-0.019485739530960444,-0.006916609434669652,-0.013913306090412969,-0.018510771974648454,-0.014834087990808986,-0.01005875666607503,0.00049037490119197
2025-02-27,0.010205298819830455,-0.0035189214481913256,0.005418981919430799,0.006384585352589234,-8.228912545571454e-05,0.005577863334335964,0.008063651302633534,-0.0002611841283549632,-0.0015792463968545833,-0.02108766298726572,7.965914537821916e-05,-0.0035122035855561506,-0.00760445737812665,0.003258400715781651,0.004443335775868862,-0.001097399910439556,0.00049037490119197
2025-02-28,-0.01583663361153831,-0.015089600311713358,-0.025539690564206907,-0.013726241552220797,-0.007292306088922951,-0.01959771565595536,-0.018195515827845954,-0.006743687063177739,-0.016837444437634352,1.4137338589126358e-05,-0.02304834385457355,-0.01551885940574993,-0.011218712899142336,-0.018326469101740628,-0.01844286468196077,-0.015652291352907688,0.00049037490119197
2025-03-05,0.004988886747631982,0.006226037136072282,0.00196293020253524,-0.0024180175966053152,-0.002289145441349505,0.0035936483804954733,0.001670073915244208,0.0054508639159775996,0.008648734057365326,-0.0021323753677884305,-0.0010994645276336534,-0.002881076028079743,0.0034045748472724124,0.0018166267006405334,0.00430438756566498,0.0006216428165279897,0.00049037490119197
2025-03-06,-0.00174186742145499,0.010263427483534704,0.019618088890511975,0.006982167861477873,0.004130200125686656,0.008263617649616917,0.010601693393196054,-0.006645335314074741,0.008316620140292441,0.005160745502415187,0.007084562066052458,0.0026896294265612575,0.003556613928749286,0.006891960876590497,0.006285624311132221,0.0022943285320216056,0.00049037490119197
2025-03-07,0.01744503564788924,0.010559296460050493,0.05330665916577826,0.013660471304828281,0.011064546402592912,0.0270004259608303,0.024253778470333165,0.01856586372013358,0.009131457788856823,0.04756019425550684,0.010463558179889088,0.010245638964791581,0.024102967087363147,0.022630046513515856,0.016648620229951172,0.013728520147495704,0.00049037490119197
2025-03-10,-0.0015852503367901338,-0.0020454459815230086,0.030589059487858394,-0.002068607549418622,-0.002816065399737222,0.008278232166822441,-0.0008584463671789111,-0.006831372544580772,-0.0005514326549960202,0.028034558641787388,-0.005785502637607465,-0.004365936045940821,0.005897211924039469,-0.0016885949922575971,-0.004771197970855678,-0.003994302547863482,0.00049037490119197
2025-03-11,-0.011737808787301462,-0.008165779769171766,0.013520410960332852,-0.006072227687754617,-0.006454659509110616,-0.002465050440328631,-0.006486807830764718,-0.015485716762013269,-0.0053777363986140525,0.008928790838140577,-0.010403233890904917,-0.003459232426628267,-0.004245575467570983,-0.005965326280115368,-0.00904069084115855,-0.008388787648826224,0.00049037490119197
2025-03-12,0.004631638401819682,-0.00255405151750554,0.011753994018944613,0.004098494476092895,0.0033235516678358223,0.006296835645638543,0.005103143134420618,0.006236782594022383,-0.00515541363589711,0.016010997659185566,0.011729496146117624,-0.0024147923952007044,0.008296935352450463,0.005599930561271282,0.006023851956815651,0.0030431846309033617,0.00049037490119197
2025-03-13,0.003359082260603996,0.008970179939573608,-0.033357412420824795,0.001464646593099861,0.015350516970970896,-0.007745284668400632,0.001506415712860365,0.0035570503918789242,0.009943803347231439,-0.02292809176517785,0.01499116853185778,0.013011445071296146,-0.0008325873513101989,0.006103127454333945,0.009915519525445005,0.013866659136798631,0.00049037490119197
2025-03-14,0.0007262012096209691,0.014155896074027119,0.06804322787543393,0.012216721088526894,0.016670874021205373,0.03004580736182616,0.026505777093639438,0.005061234765088685,0.01466708769028302,0.06150410101939907,0.02460662856854734,0.018188134141795986,0.03186439884909409,0.034360310590609844,0.016066650487375433,0.026582655081483386,0.00049037490119197
2025-03-17,0.003262275108710133,0.015509169261871403,0.013063995862981903,0.0141905276275065,0.008136765012645153,0.011559851327314075,0.011911904159948472,0.005486474556759102,0.015888394652389115,0.0082484263907181,0.01739837252289189,0.013394505822791558,0.011434942216239419,0.00951338733438889,0.01271356829499104,0.014359823217463985,0.00049037490119197
2025-03-18,0.02100178768852934,0.003433486332278468,0.00646582219077696,-0.003797567000269564,0.0013906145928863634,0.007017415181740372,0.0038016280857162688,0.014455508245981408,0.005787432344408039,0.011680667411387846,0.0010481718973254228,0.002046810656464837,0.00915373087543303,0.0032106360132579947,0.0015763358550726636,0.0048563085296498,0.00049037490119197
2025-03-19,0.0028432632645589706,0.002792162278331567,0.06612390587413985,0.00814772498895544,0.013008736519008357,0.024528777870799434,0.018389863051498034,0.009227534192676856,0.0007177500239843315,0.05319307435178522,0.013452843589387253,0.00789710139310329,0.02249263646759947,0.01756077342743967,0.010027363614143248,0.007911518748313862,0.00049037490119197
2025-03-20,0.0015087141372778223,-0.0027119084773308266,-0.004962148892334151,-0.0030095525356179653,-5.509102589762449e-05,-0.002204902457900504,-0.007754223628095636,-0.005808726321782864,-0.0014632116154483787,0.0040947530667674314,-0.006358428727088361,-0.0008353372981710905,-0.0013997110927048695,-0.0042014174964362105,-0.006215212810539272,-0.004086365008639459,0.0005253093035668677
2025-03-21,-0.00017364532213903772,0.0029142868660743115,0.02211700494937352,-0.004159659809732652,-0.008390488119257022,0.008993356089354254,0.006677172128834341,-0.006064167585816849,0.0009107632358769102,0.013738781281974921,-0.005544662798104505,-0.00555711441451745,0.003738478103070042,0.0025578941670092448,-2.9696501752107807e-05,0.003122049451858677,0.0005253093035668677
2025-03-24,-0.011994282684270607,-0.006310643476060029,-0.00921395479315601,-0.009372046795615985,-0.01144890583889624,-0.009316340373853982,-0.012448485370502693,-0.012578563819172661,-0.0057527484410321295,0.0002606112956351492,-0.007466625540617833,-0.006463602538615443,-0.0051595999979818785,-0.008517431696103195,-0.009945653787901354,-0.007668847526065337,0.0005253093035668677
2025-03-25,0.003418950229240769,0.004168074776711883,0.06825762029825366,0.0024191231634864696,-0.0002053317264876231,0.026398528795385623,0.019539615881018157,0.008493789889885361,0.001966310043156394,0.046619530332493,0.004667618923777983,0.007805965061174813,0.019900013322282417,0.014518028802388505,0.007309954676481212,0.005610072428788859,0.0005253093035668677
2025-03-26,-0.010819439409334941,-0.0009660538337679103,0.04556713761112374,-0.0013113070262762427,-0.007807631892500999,0.013832115782885346,0.01009513450826205,-0.009524767662331568,0.00011337216478168877,0.016721779922913793,0.003555019609441157,0.00016510974322136995,0.005037147802376518,0.00790237250609871,0.002763401604440663,0.003328472263983917,0.0005253093035668677
2025-03-27,0.017951186990955437,-0.0010550570714571439,-0.00397786322563165,0.004603927691257947,0.0041971973912910965,0.003690726854067794,0.00453493948959971,0.004987158937391767,0.0008362675225763727,0.014958668003127507,0.006195079917291624,0.006786365270178507,0.007915259084612769,0.005621838288548009,0.00476323401020351,0.005084871237075017,0.0005253093035668677
2025-03-28,-0.009685313364409365,-0.004932267742980612,0.03057815594675084,-0.004228960267908866,-0.0052776971886917545,0.007439988395191666,-0.00236553339152612,-0.011292364200386151,-0.00428870459377273,-0.0012291348963580084,-0.0044286767679589945,-0.007215554557694848,-0.004454185263781385,-0.007375248430289139,-0.007542485591842785,-0.00930346890058309,0.0005253093035668677
2025-03-31,-0.00035786666012371793,-0.012056622472740197,-0.026600695169989308,-0.010215957385365515,-0.012167098070987148,-0.014893591547338936,-0.018015391105525858,-0.007774997894768765,-0.013060575126651597,-0.01821376565278776,-0.011503577123937125,-0.0158388605158174,-0.01381788645775095,-0.016868975315657342,-0.01419007855913379,-0.012323692284981536,0.0005253093035668677
2025-04-01,0.004545375783139294,0.0017878611398152167,0.03811268853936123,0.0018461074819571266,0.005253254286453846,0.016349908414831082,0.016859413414213487,0.003931473603614011,0.0068370457383910566,0.007247409613717393,0.005370830560416318,0.012171972727999858,0.006891017534177424,0.012632077153696075,0.008811810302900236,0.0067850613652000735,0.0005253093035668677
2025-04-02,-0.0009204490986215452,-0.0016128123483125645,-0.005055219806494149,0.0035214850799067943,-0.0016133686533291725,-0.0011724164577255891,0.005702871295699463,0.0019303924092612945,-0.0015579525067372924,0.015089432581923301,0.0004194149055569696,-0.0025316613828019197,0.005842203461421169,0.00755876469847272,0.006710585416978443,0.00035149682517832126,0.0005253093035668677
2025-04-03,0.0017729167350852837,0.015683065852686973,-0.026603332739634777,0.013749651543887298,0.017180651716963036,-0.0036405554108588367,0.013963239606873401,0.004214867326711502,0.017900692911238414,-0.03079353698564591,-0.001010789461819539,0.0032294557930383494,-0.006562049106216938,0.0072533200449067525,0.018272351133730602,-0.0008180100527708234,0.0005253093035668677
2025-04-04,-0.011059798395805287,-0.016523815627559335,-0.051752935317215476,-0.01983566975882356,-0.019321288422799232,-0.03067620539920457,-0.03255821145095206,-0.011792148803327906,-0.01633163210900057,-0.05343821736046617,-0.025937964468640162,-0.024846649988586766,-0.031769571994677226,-0.03315239153396332,-0.026465381761671458,-0.029827195848850407,0.0005253093035668677
2025-04-07,-0.004949500939964602,-0.007689215870609112,-0.0197191085069236,-0.013544413514707698,-0.01148732065999869,-0.012810834264004534,-0.013892895446054876,-0.006897849792240285,-0.01011092701294436,-0.017591104614268827,-0.008617887736444008,-0.019981357300120628,-0.012007951105648895,-0.011693499011312558,-0.01134501941345556,-0.01376485213034817,0.0005253093035668677
2025-04-08,0.00521010795093968,0.0036055079436250193,-0.058166367648924466,0.0022924205335677073,0.0018459882618795387,-0.01946720286543857,-0.015070274342273482,0.007034581832488396,0.00394065042309677,-0.06785289434251585,-0.009504258846865565,-0.008976818829460442,-0.023518030824301706,-0.012887171340088988,-0.005775539996297319,-0.013222093034646276,0.0005253093035668677
2025-04-09,0.01971422615629237,0.01353800876426381,0.08511306889362924,0.026103690294864812,0.01595370257882789,0.04382124886134009,0.03658443470555883,0.013932988928279766,0.015449443677125307,0.08167636181631055,0.03185382138546777,0.026836631762560792,0.04139321187203504,0.036688087538363945,0.028386092371561977,0.03080867473559623,0.0005253093035668677
2025-04-10,-0.004430106147779167,-0.0081926522957666,-0.021039893614855254,-0.009120337272175538,-0.00576090739908075,-0.0126572134572136,-0.009676305695488274,-0.007405063455430239,-0.009184845907092343,-0.0007746327246770379,-0.010203471067295022,-0.00806494873323138,-0.006818870719242143,-0.007682167752455338,-0.007628625452300253,-0.012161682145025332,0.0005253093035668677
2025-04-11,0.009814143966612399,0.004814084947904362,0.024326473551120165,0.00836708487736404,0.009397613722061493,0.01473171991024036,0.018370217791681354,0.004172294066982829,0.003374602331124965,0.0264690018044047,0.015099039786415469,0.010273010631134172,0.014419816876936054,0.01633085324186001,0.009942599732590596,0.010922373326604173,0.0005253093035668677
2025-04-14,0.015185894232633057,0.00925064226563821,0.012269717164510752,0.01900542360890234,0.014621822523021688,0.014501086704929778,0.012862377276225523,0.011641106180881877,0.007315517561057749,0.014927370042325805,0.0155007641360152,0.010559723710444224,0.012811214032474316,0.013981099299578359,0.013934836498905812,0.01377032969824965,0.0005253093035668677
2025-04-15,0.01487695750266882,0.0013216988442803501,-0.0339692726082671,0.0006845770628467474,0.005919841400671366,-0.007900809084079197,0.00033093483932411516,0.019414855946438436,0.0034604331750538453,-0.02522815476676432,0.004554480051097265,0.003514570510079418,-0.0021875752706135287,-0.002526896819534219,0.0035344152733476353,-0.0016004975829724266,0.0005253093035668677
2025-04-16,0.0014193665434891756,-0.004222915072327749,-0.00978549267553519,-0.007067466117648968,-0.007146178642272849,-0.005425238284157863,-0.002208336244316489,0.0001278627327911952,-0.0015628243588805546,-0.007816432508033322,-0.01408388986857756,-0.0026313092869070243,-0.006164692875793354,-0.0033594116154350706,-0.004002235430407675,-0.006982642428755459,0.0005253093035668677
2025-04-17,0.0037518910591332055,0.0022893470532143745,0.024410849378804,0.0011024513640882638,0.010555354126362992,0.009797519833860235,0.01449889114697589,0.00274197241562546,0.00046940990849853037,0.011785823881158564,0.004244005037007614,0.005651310564835033,0.005109091509736929,0.013938417950544624,0.009468617669492696,0.010663028983680878,0.0005253093035668677
2025-04-22,0.010669581473028877,0.005608910235639808,0.0449726685169225,-0.0024985600752439607,0.0033715012157871094,0.020011935345778387,0.012427165822733954,0.0069779025555167795,0.008025169174000535,0.025963551083535208,0.006380849048450932,0.005134836547498134,0.014425234775870432,0.008841116842000618,0.007060907930276805,0.006092720648429584,0.0005253093035668677
2025-04-23,0.014194385852253966,0.01760755304773154,-0.009205014415972879,0.013391224722158368,0.019921764505473893,0.006932627158942495,0.008210591379433696,0.016066192203253893,0.015009864610172619,-0.0011048523387561238,0.011376273039762408,0.015362030290267281,0.008962898356755788,0.010626962711374421,0.014189534930518555,0.013129299794872873,0.0005253093035668677
2025-04-24,0.012495598179057765,0.016994710454172557,0.03300707278465298,-0.002508669489520665,0.02279872394026783,0.015333198581502616,0.027814375705753625,0.019849009169724763,0.0178887052565877,0.04891242401549811,0.019332144312615096,0.019368840652431496,0.02890682021036861,0.029286927313194155,0.026315341923706992,0.017856451994239686,0.0005253093035668677
2025-04-25,0.012318013145850237,0.005806760962515423,-0.003604285961144593,-0.004179581932262755,0.008235157811337546,0.0011602512767829865,-0.0001930812542555449,0.0067901575539603964,0.005279872959517817,-0.0058741846364581685,-0.0019170135574463343,0.004107341706066192,-0.0009165324146641618,-0.000874146607468762,0.0019443109571863904,0.0012599480464998702,0.0005253093035668677
2025-04-28,-0.003154635546027129,0.006790267919066562,-0.028950518102455636,0.0007725615496696481,0.001307545004313404,-0.010251323233273602,-0.003419301762471183,0.0008430050642707076,0.007664852595247851,-0.01259432005963923,0.00013394131967503498,-0.00010192236394068743,-0.002297747019489038,-0.000745637397168708,0.001918486380400486,0.0019434320327793575,0.0005253093035668677
2025-04-29,-0.01587270751406633,-0.0024292185641952013,0.007161724313103246,-0.0065563560759474004,-0.0036912243489513052,-0.0036931229908208074,-0.0029387068014592455,-0.017469707718223315,-0.001537690022047733,0.004848802850980327,-0.005323839407993858,-0.0016660582826915071,-0.004242601657191147,-0.003587807533899867,-0.0010591996302431461,0.00016155083185531716,0.0005253093035668677
2025-04-30,-0.007010689844419216,0.010817858817610437,-0.006851045567168534,-0.012557207836382145,0.02072115788251372,-0.002559023486415679,0.00031888253120615495,0.0020736179745350913,0.00925798448162607,-0.017939158530110744,-0.005759280557001034,0.006912228847196333,-0.003067516281760496,-0.0006559614567535066,0.007259768050961624,-0.0008726895692725556,0.0005253093035668677
2025-05-02,-0.005144602690587696,-0.0011349777520495152,-0.018837867758956683,-0.0024502194358314577,-4.367695423468376e-05,-0.008987075555116464,-0.0016587612442252597,-0.0012909511354284309,-0.006354903452350458,-0.010377558529497066,0.0041817317311341196,-0.005472669433566946,-0.004820821265594577,-0.0012863882204586785,-0.0015585139979165108,0.0008339569140398684,0.0005253093035668677
2025-05-05,-0.011956322748537529,-0.008794272868235975,-0.002066092118283236,-0.00803531882467845,-0.013567542862672366,-0.006796303645410284,-0.012856365297824635,-0.00563762473964835,-0.006185592131540685,-0.008196400862704567,-0.006378655443027181,-0.00987972229346612,-0.005861567207737006,-0.008276365107006689,-0.010923888783913038,-0.01219410813078503,0.0005253093035668677
2025-05-06,-0.0053272956121900306,-0.006055051915451859,-0.02033797946262239,0.007335907664713925,-0.0015468629076073048,-0.009157382351256182,-0.005977698666591036,-0.004533065809454673,-0.012717528006320311,-0.02496634046985291,0.0052465999241466665,3.7168151527655624e-06,-0.012506011147925489,-0.006320643851668639,-0.0022233051105560175,0.00018483136401803435,0.0005253093035668677
2025-05-07,-0.002230012440049167,0.0014832857114350784,-0.013689924666285047,-0.01429600577202872,-0.0034483222894915455,-0.009766842296436873,-0.005465033784201934,-0.0014722439226483308,0.005533738221724427,-0.010063359910006175,-0.016235127247660297,-0.00037431630763362644,-0.007038373697071276,-0.004958359901719667,-0.004931029411356591,-0.0008224452096693424,0.0005253093035668677
2025-05-08,0.006154130558873039,0.018263870288313777,0.040052677318460406,-0.0020377519996216398,0.013844904087363608,0.019204019162622377,0.030670489348799457,0.011133072402221389,0.011912177891683529,0.03562636668270325,0.005832851323598565,0.009607468998603874,0.018305791045435393,0.030403007874788557,0.024155451569183972,0.021210364481629274,0.0005426623598601132
2025-05-09,-0.004227336742222865,0.005974209989583423,-0.021833482708215946,-0.010504626498618386,0.003790800302833519,-0.008501942831074194,-0.009836991864441647,-0.0008775397331209911,0.006280541552742047,-0.05530585613428429,-0.004340968962554648,0.002334051742981069,-0.018023983458678616,-0.010932831603830628,-0.0034226806369399565,0.0025419484118955893,0.0005426623598601132
2025-05-12,-0.006929478542988976,-0.012289160088093887,-0.006092835310395062,-0.005050992076250926,-0.013097105560982203,-0.00781907041712393,-0.0025148863723520876,-0.01011799012962944,-0.013884750066935458,0.007374422510747047,0.0011550141015590487,-0.005119208687587973,-0.0030217757072581453,-0.002983296750063813,-0.006109306309579954,8.208151787991724e-05,0.0005426623598601132
2025-05-13,0.0073134817050850565,0.018761582754189376,0.022647816189239167,0.01790617973405162,0.01750996466923538,0.017961501682994596,0.022318332831414267,0.01319377554955814,0.017087142508959596,0.027398621663304423,0.011778795875249104,0.015132180793622663,0.01916727638561655,0.021991690239017148,0.021354563273340066,0.017557582920255443,0.0005426623598601132
2025-05-14,0.005401203166660595,0.002792944814884235,1.3587807539572339e-05,-0.010983463542762029,-0.0016391810786402505,-0.0004398258796873833,-0.002146583789051637,0.012094234182900898,0.001810929756363544,0.00775992190083219,-0.007670523019848163,-0.004958897269790596,0.003998069378432945,-0.002625014670577297,-0.0010524020875780637,-0.0036499300333445728,0.0005426623598601132
2025-05-15,0.012685445969118136,0.01231865683377964,0.00838138463910365,0.015679600560607243,0.01719332043975874,0.010698994408925744,0.010401798775389492,0.010351332242971356,0.011820565254895943,0.007110751319865161,0.00873243127052925,0.01802929526769037,0.009118773954789328,0.011681029186088487,0.010106698280972104,0.006513466618333741,0.0005426623598601132
2025-05-16,0.03584440824819635,-0.01021169354756446,0.0010541151465124354,0.003558212133214944,0.010362547131585131,0.007565037787529816,0.007378184291397805,0.010300770122461778,-0.015016160629653164,0.004182248507981878,0.0072547974538217375,0.0037602102316813824,0.0014321195811544118,0.005211599734603611,0.002670109445145341,-0.0006597657661487899,0.0005426623598601132
2025-05-19,-0.008002872075733136,0.0038224965856419324,-0.015479672529951527,-0.001543076559624601,0.004488663699007578,-0.0074045091386926165,0.002747530105790874,0.0013724507283570109,0.007272227610618298,-0.0056170038000697975,-0.0029031297434288783,0.006092850823986806,-0.00017479046923118968,0.0037111955579842704,0.004213976354910498,0.003289776492918728,0.0005426623598601132
2025-05-20,0.01818909172104255,0.004795951213934835,-0.021961006355352808,0.00958655436043343,0.01158050614896644,-0.0008256709918835758,0.0020815156196254403,0.013316627804004444,0.006465638191498924,-0.027810205695661505,0.003856012694712474,0.00869921591675138,-0.0044638772060972,0.0023168979843979365,0.0028584598755947432,0.0035656083641193437,0.0005426623598601132
2025-05-21,-0.013872862330017832,-0.009958933731042952,-0.020751481412171202,-0.01445622286891557,-0.01069235510359079,-0.01575495125553006,-0.02117112113182873,-0.02266565299903589,-0.012642719768452104,-0.0172919502468587,-0.01866962027637209,-0.011820408637389423,-0.018619511715373016,-0.023100119294044763,-0.018655149185719422,-0.01612781931380458,0.0005426623598601132
2025-05-22,0.0012752364071695332,-0.005962702188738511,-0.0049809815689489945,-0.007096887028352761,-0.0077036760269204585,-0.003519605679676019,0.0022443780482273024,0.002585719638707573,-0.0070229139874072866,-0.0008226088545020271,-0.008115236065011855,-0.010896822844584375,-0.002824149252384167,0.0010800267144805975,2.6918407614706652e-05,-0.00444870497167682,0.0005426623598601132
2025-05-23,0.005054796476612111,0.005259691133870481,0.003212614230158284,0.007220419667983924,0.011275769312851791,0.0044077705426575076,0.002202607184199623,0.010357920478302196,0.004845136033351016,0.013161400476003449,0.013662601315475476,0.008298285367091873,0.010946963459310899,0.006875141440994215,0.004901710080402966,0.004244982633769823,0.0005426623598601132
2025-05-26,0.004564631873444691,0.006596690679881334,-0.0009788618626931367,0.008513649959832614,0.009602075808027744,0.0038947834635272294,0.005153605966754071,0.0065173181912028255,0.005257438417370253,-0.004605862220312673,0.0017164601062529261,0.00545780504401705,0.0012174122017634126,0.005129434981663739,0.006884100673945515,0.0023463124136369196,0.0005426623598601132
2025-05-27,0.003920489547135864,0.01051159970490212,0.022947069856982028,0.01324269895166652,0.014524351302983796,0.013599093157496744,0.01856580279102449,0.012776505168371255,0.012841014612456236,0.014390114858098269,0.005700588388316108,0.015377502855131508,0.01217707665162937,0.019034230666103324,0.015743800113861894,0.010369745709839062,0.0005426623598601132
2025-05-28,0.005685052754506259,-0.005101250493938392,-0.00391799329927256,-0.002880991487756779,-0.009313956289073166,-0.0008583173166052394,0.00014782846624328272,0.0005590124766907678,-0.008941607496053328,-0.0016346374348574777,-0.006384262970906551,-0.008774123492459429,-0.0034786345062823854,-0.002397802085089995,-0.00121263868081678,-0.004756920529689013,0.0005426623598601132
2025-05-29,0.02687427167153622,-0.003180848909942302,2.4813636577025733e-05,0.0009756861712348908,0.007406494696819754,0.006317851126651064,-0.0005105524829975838,0.024466695682585193,-0.0034849758657345964,-0.009448297342161904,0.0007042497400155945,0.00425087585716355,0.0020032939035639075,-0.0014060863257632228,0.0004038295629464894,-0.0020352021796095077,0.0005426623598601132
2025-05-30,0.0011556985469125536,-0.009254068096908541,-0.0021686796084497972,-0.014396679868521556,-0.010597750408520623,-0.0034998331748921085,-0.004688063698491063,0.007477173470209042,-0.010377956105975028,-0.00010664053596776135,-0.015451902519300953,-0.01273952200034112,-0.0026607207851536696,-0.0032649033836444907,-0.004492756282388433,-0.010391304637443532,0.0005426623598601132
2025-06-02,-0.0009491654468414268,-0.004171989415658217,0.0015317298529484713,-0.007352366383675646,-0.008849978287972182,-0.0014372388569009464,-0.0034120843419176428,-0.0015628668464067186,-0.006499173642527389,-0.007646217567457647,-0.006902309095641379,-0.003137882744421172,-0.0051827590631179365,-0.002806246141419333,-0.0033623933289274044,-0.001969982533534864,0.0005426623598601132
2025-06-03,0.0025738212054313703,0.007476065360237705,0.029862930338758087,0.009272008279040067,0.007974618978448422,0.014352392959671167,0.01752118491431598,0.008245412104380456,0.006750718376758558,0.03846655814948763,0.005555507291985062,0.008264023532089881,0.017606847289015404,0.017275990183757584,0.014533224838314318,0.005758709053071076,0.0005426623598601132
2025-06-04,-0.0003809485730692508,-0.004387577483943361,-0.004107422121601978,0.004055121840971232,-0.007334020945398478,-0.0013090730825625618,-0.003913392424014783,0.0010966949287334327,-0.007269663679919769,0.002050381186411654,0.0005802975893920426,-0.0081789476899089,-0.0007602341374134403,-0.0018948874274913319,-0.0032707226057451244,-0.00407318213033836,0.0005426623598601132
2025-06-05,-0.010676581268526775,-0.009096142493973614,-0.015560241020246113,-0.005988703524106187,-0.004879811305731896,-0.012029681336722997,-0.01018194854951271,-0.009655807564781238,-0.005908734101392699,-0.020310837258093795,-0.00038683266595329613,-0.0009230593551841082,-0.01074220342814236,-0.008154560682063217,-0.008558955159539972,-0.005801465671596895,0.0005426623598601132
2025-06-06,-0.006897208952982736,-0.0036313809168366795,-0.009461064593814017,0.0006230616742763928,0.00164657276323954,-0.005878357289238467,-0.009640764392908618,-0.009729596548303743,-0.004148349012982333,-0.01393144295441362,0.00024747377544787064,0.0007747004242515398,-0.008228098944560669,-0.0077116054495469655,-0.007017479135977833,-0.0009797598494344362,0.0005426623598601132
2025-06-09,0.0068599366812711615,-0.002735245738917036,0.003377987484398215,-0.003909524479925652,-0.007063302797927218,0.001840466302439392,-0.002061915569050665,0.0028842313894230642,-0.004435952304727486,0.010240261188496413,0.0007013267569158099,-0.0015316230468918057,0.0033316144984372187,-0.0004765820203190829,-0.0036118232143899087,-0.002977100988160508,0.0005426623598601132
2025-06-10,-0.0031826222837491036,0.0005736450472606514,0.016847300221020545,0.003546746418737534,0.004975073781055883,0.005890990950153663,0.012452405377308517,-0.0031752444445272143,-0.0014208140045431916,1.2634791414223301e-05,0.007519465223272848,0.00572864206979018,0.0006870570004595677,0.007909606079546716,0.005654442452797559,0.005575522792433896,0.0005426623598601132
2025-06-11,-0.00602770697003574,-0.0026180824769334032,0.0011720407693032175,0.004822388507355724,0.006490649565018103,-0.0002790456823403842,0.002231745628524351,-0.005638553809063862,-0.003776828552033873,-0.00417478890123657,-0.0003856942611697445,0.004420854838843802,-0.003740983683080845,-0.001107940180531064,0.003556862121934401,0.005006271926820904,0.0005426623598601132
2025-06-12,0.010259744291768458,0.003877286358412446,-0.004617059308164695,0.0035701939837509133,0.009882800617656784,0.0025188335246717486,0.003878509071622682,0.01223238894763301,0.004513669757830963,-0.012954364468809154,0.004588213855447831,0.007509328597892884,0.0006826299838853522,0.0020596721238879123,0.0034070246461681553,0.005330329294211733,0.0005426623598601132
2025-06-13,-0.003858395457999597,-0.00016711430404259264,-0.023892966449816866,-0.004200596894262554,0.006678617321856262,-0.010745374102417604,-0.01107968619852795,-0.009955738077327636,-0.0002193854201781864,-0.026485926673681215,-0.0095879834431023,0.0007989085060240431,-0.013857785656097299,-0.012209055843283578,-0.006630476521117035,-0.0041334779798947174,0.0005426623598601132
2025-06-16,0.0047515408343421495,0.015181722328004632,0.02249376661102165,0.010307563104632544,0.01718832467965048,0.015206769937568865,0.020239467842195324,0.011735831274002129,0.01292643174211161,0.03114436920302044,0.012640523386358238,0.011863833894769416,0.01928009367278105,0.020285249774501413,0.01792725838180753,0.014963513082735247,0.0005426623598601132
2025-06-17,-0.006237390397608067,-0.000452917053122448,-0.00795788465314684,0.000996677832083348,0.004855238305746523,-0.0038934324512713836,-0.0024540732991207292,-0.0018305807373671934,-0.004248597382276342,-0.011427625132623631,-0.00102860036209651,0.00017912835516087355,-0.005115066792292566,-0.003577296239710037,-0.002018394440051585,-0.0024973303521558243,0.0005426623598601132
2025-06-18,0.0012203872616018963,-0.006205786768340604,0.00030447199153926796,0.0017593363926153849,-0.005545832418287655,-0.0007921904335600471,-0.0001417299135890726,0.0054216832910707335,-0.002398345244401079,-0.013559577128016254,-0.0005329344262403612,-0.0004324564050885993,-0.003917471209211265,-0.0009669385791742924,-0.0009330497696043993,-0.0011156345416112323,0.0005426623598601132
2025-06-20,-0.009995180083578026,-0.010030562736203397,-0.0373085908510945,-0.004927687394972735,-0.004071667664344192,-0.018418413648677356,-0.017212543487619136,-0.0061810903030737885,-0.010256889004937708,-0.03341424124467118,-0.008633626438612763,-0.005924435168739639,-0.016440558378755576,-0.015066038646719848,-0.012600109566170192,-0.011253828361610263,0.0005513106415402369
2025-06-23,0.003771016668921545,0.0022614047675415527,-0.025049775012648823,0.001971415641461416,-0.0015721325641440131,-0.006794945229319227,-0.007375957774061637,-0.0021465007518579604,0.002013320217374437,-0.012686233303069394,-0.004092309660382876,-0.004890149607404304,-0.004729102688980635,-0.005342020771883393,-0.0018361955085864912,-0.004412735810039536,0.0005513106415402369
2025-06-24,0.001079761670202517,0.014883432894352788,0.013103446553077047,0.011100885921924597,0.002048724204828156,0.010102644139692973,0.015207838865279877,0.005800670238046868,0.0169468309299734,0.013393073724565108,0.0052050245201191725,0.004367254570628809,0.011493785312128413,0.013214714005512773,0.011659453951112342,0.004661810592330173,0.0005513106415402369
2025-06-25,-0.011832373080876146,-0.01375084168085361,-0.023084378048822463,-0.007309821562078489,-0.00562510631694868,-0.015412887797216945,-0.010863694047946182,-0.008082676763351726,-0.012723440140112618,-0.007660281485475595,-0.00019724996277215023,-0.007124744196711941,-0.007426282713326793,-0.00871773556220623,-0.011498914209465916,-0.009970363361520462,0.0005513106415402369
2025-06-26,0.007401939725494522,0.006710211619884721,-0.002644917648337297,0.011235779253003564,0.008398189084025676,0.003503707809085599,0.005210970692751005,0.003476547451410683,0.005159011713313788,0.012355578895026476,0.006484319916044701,0.008994630964968442,0.0059732638230878266,0.006258970817417442,0.009912258645104144,0.009450735595711635,0.0005513106415402369
2025-06-27,-0.00693081532308526,0.0036155263315462705,-0.003382054146188529,-0.001648473708601328,-0.00560339672245691,-0.0031211100972239336,-0.0039453589563347435,-0.001719452931338461,0.0045441561198564795,-0.0036233129402597486,-0.004189800694378909,-0.0022313955336116242,-0.0008480634676968357,-0.00360596454201767,-0.0040963413355697975,-0.002088871779957646,0.0005513106415402369
2025-06-30,0.01840446776529414,0.017030028013525156,0.018742086873602792,0.0197934188394866,0.021771174256739467,0.018324357489085008,0.014759358555565205,0.018985217839266655,0.017585445398295096,0.020618041779527196,0.014985184607273716,0.018478293576482452,0.01754493091548537,0.015608382135171572,0.017689613339052723,0.01460520310360569,0.0005513106415402369
2025-07-01,-0.0060860088205874074,-0.0002500256305520976,0.007316550689982382,0.004621334813289302,0.004502459649103674,0.0009406034408883102,0.0020967912351235185,-0.0026972436634626895,0.0036393567262738014,0.007529122875013838,0.007818914654931008,0.009098231347455021,0.004097214535239813,0.003955740212125081,0.0017919988415360244,0.004830103559136489,0.0005513106415402369
2025-07-02,-0.008304798541401759,-0.0059055275893487025,-0.01565792092023288,-0.009768061148426876,-0.015280108679483262,-0.010991780970440068,-0.016564403102557912,-0.008616800522833645,-0.007491083836810408,-0.02638670026707801,-0.010310793196943613,-0.007982982302614627,-0.014268104385401381,-0.018086468108271303,-0.014633000526571238,-0.003869163509013007,0.0005513106415402369
2025-07-03,0.013893279263341052,0.023537125397466996,0.016534677047095325,0.020565412886934586,0.02252382724563362,0.018207409381328254,0.01869775671768026,0.016918738331643368,0.022149099604299227,0.010909503064473025,0.014532431540012158,0.017349601326052122,0.01619820327739574,0.017411451930584576,0.017189575185399653,0.013659482538656453,0.0005513106415402369
2025-07-04,0.004839272683895723,-0.006442402023637328,0.0030409498233117116,-0.0020795163353659607,0.003990165262121925,0.0013152298063352497,0.0006100954241894385,0.004090111236200178,-0.007327529159653401,0.01689634732709311,0.009899939331881713,0.003754320099034203,0.006482452827954566,0.002984885710532126,0.0016790924659739748,0.0024071152878000213,0.0005513106415402369
2025-07-07,0.0010234450188402189,-0.019801524288513006,-0.007445741438696696,-0.020058529264577185,-0.013963095427806937,-0.009405592680042707,-0.008460202401726624,-0.004379584474848208,-0.020669712445204325,0.003861784289091341,-0.014611928411791042,-0.011317523093084536,-0.0077486504647935606,-0.007468157677271048,-0.011404859663150413,-0.012264152206871048,0.0005513106415402369
2025-07-08,-0.005364552210918583,-0.005144793388642599,-0.01582559166224662,-0.013888719865312704,-0.009812567051245114,-0.009812446109967454,-0.0069528802809765144,-0.0071564600783955434,-0.004675849358049322,-0.01565320374885415,-0.0032350965098709716,-0.003646817216118925,-0.007581061253685295,-0.004969358896368181,-0.006405371878258959,-0.0011648982743641678,0.0005513106415402369
2025-07-09,-0.016206003756662923,-0.017027165903065522,-0.018734470695167427,-0.01668322141077272,-0.013975960789576525,-0.017483376000069883,-0.014276434422998974,-0.009067826022775782,-0.017997735103578716,-0.017849721381053563,-0.010665290656656445,-0.011847496986311268,-0.014331035877421905,-0.012832410688799034,-0.013691638442330678,-0.013037370276621552,0.0005513106415402369
2025-07-10,0.0069773887634840825,-0.010372712596259048,-0.0016917311461425166,-0.0005493420080403544,-0.005482688409546688,-0.0013546003478084323,-0.004679545927057216,0.0005292039739137611,-0.008230424345063048,-0.004970128590927159,0.0029273743412980835,0.000691602367588029,-0.0028802545731068108,-0.004817674898042967,-0.006395507752894547,-0.005556376035201316,0.0005513106415402369
2025-07-11,-0.011506907921085108,-0.007660503787291217,-0.002547158936699656,-0.009119167229621028,0.0005464335373566165,-0.008082765965283678,-0.01313817116782745,-0.007126101817254704,-0.009408601006128503,-0.012021445478467618,-0.00026442030795281735,-0.0014301113689250133,-0.008081932916607193,-0.011439639043637873,-0.00979122208660399,-0.004096601299121372,0.0005513106415402369
2025-07-14,-0.003528639411024881,-0.001339828818370914,-0.0027391066972458633,-0.005348441220359379,-0.01283353865047443,-0.0040296110251739625,-0.007016190774482456,-0.0005751957016890685,7.038476812937233e-06,0.0005640840379852463,-0.008547180360104156,-0.008953217401356461,-0.0021355272525714897,-0.0059164973784318065,-0.006734978462634045,-0.006648359965891082,0.0005513106415402369
2025-07-15,-0.00812064563382453,0.0008506299927137917,-0.001387873665931516,-0.0017340338040491288,0.003710890777412601,-0.0029049218480324823,0.00534682079869353,-0.002354893771974065,-0.0005278575222905646,0.003261529123980811,-7.721949039551923e-05,-0.0017263541543774963,-6.152188418673266e-05,0.007253806992085554,0.005311551266245607,-0.00038692284664065824,0.0005513106415402369
2025-07-16,-0.01075198958871959,0.001613213162444893,0.008813160270974452,0.0041112950552719685,0.0005996786223010364,0.0003109282548485748,-0.0006706894634703753,-0.008016791154818903,0.0017707173764864859,0.007177706991675636,0.0031082672007514134,0.0003767719623397614,0.000802741849880606,0.00022106312177916365,0.0003781637449016273,0.001614026364645138,0.0005513106415402369
2025-07-17,0.00804826571272299,0.00011973361319572717,0.009745663596923748,-0.005035758780568278,-0.002144958759941251,0.004439277701304478,0.0025548713139393886,0.009145839645001264,0.00030571969230419604,0.02378950515227296,0.0009553433778115572,-0.002616148306433641,0.010037194386135262,0.003942460707129225,0.00021871202916168286,0.0007072677697972374,0.0005513106415402369
2025-07-18,-0.014251577458375575,-0.009662877950853854,-0.034285681859147044,-0.011401574545721549,-0.014057761120850554,-0.02115036257190339,-0.024291760667193518,-0.01502947083039552,-0.00935222153616233,-0.038357697263073254,-0.013053724645414655,-0.014677833077063274,-0.021502254854774527,-0.022488672074314597,-0.02009820992303557,-0.016185891817417475,0.0005513106415402369
2025-07-21,0.008737738787255811,0.003680322384160384,-0.021468900571396166,0.004688186350474188,0.0010515034140652357,-0.0027160636772132207,-0.0009991167864142891,0.00689464392242245,0.0038886397992710098,-0.01584650833683443,0.00921144975839061,0.007295590644241345,0.0001041982678244846,-0.0015206457766425707,0.0023885218713670664,0.005550546996681893,0.0005513106415402369
2025-07-22,0.0013752889861442519,-0.0068019287086863445,0.007665823138569339,-0.012558710660989347,-0.012039075986832626,-0.00026865103721041006,-0.0016798064644736321,-0.0025564972168284905,-0.008692663578377835,0.0032821055728780024,-0.004609693937980719,-0.005709802078549209,-0.002215460667877589,-0.003199616323149135,-0.006027159319835329,-0.0011368821641383198,0.0005513106415402369
2025-07-23,-0.003965474526982482,0.02141200692359857,0.021795680608703183,0.006497333910676639,0.01419412983265289,0.013254235752644838,0.014983657932560623,-0.00378308878586997,0.016824360429983587,0.025920762939537934,0.0029973223164179164,0.012001774877897331,0.013135688159679582,0.015305409936204883,0.012744013714538482,0.010073776690124436,0.0005513106415402369
2025-07-24,-0.014852332087417985,-0.005842496467892033,-0.004478397544401269,-0.005097039950067828,-0.006647254889777132,-0.007102048857350551,-0.009827855279451181,-0.01820196985524347,-0.005810497496300693,-0.006660423941764582,-0.00908006328605937,-0.00617408773193473,-0.009549125974569472,-0.011909829866069588,-0.010672483884795136,-0.011520594784520943,0.0005513106415402369
2025-07-25,-0.0018370474922476676,-0.0017886269497018326,0.0071390639527419975,0.0009692254169697545,-0.004674487938994054,0.0020281325396798167,-0.00036204077373769294,-0.004465284983352413,-0.00016304092967844852,0.0014915892106799333,-0.0017059715403172637,-0.0021410290137294785,-0.001035055692011344,-0.0011818428604892794,-0.0012142620598299958,-0.0020633447364466484,0.0005513106415402369
2025-07-28,-0.013392329309995787,-0.014430101169557008,-0.013436985970634252,-0.005291686654182337,-0.008581394618431326,-0.012996862864889658,-0.016099779790516022,-0.013444674482337993,-0.0140618622931864,-0.015512824394505853,-0.008380008212022005,-0.009538470001453025,-0.014184641555586297,-0.015050802785023687,-0.012638152077807163,-0.010681564000362131,0.0005513106415402369
2025-07-29,-0.0005657008829360599,0.004193488353795738,-0.001825017528104933,0.00010875505388363571,0.00949183594731684,0.0007282595422586358,0.004132968139330062,0.0033875883468454937,0.0012665958132291877,0.002262813865751667,0.005040566745655006,0.004129641780948212,0.0034655170082291686,0.005121030428657525,0.0035287928226426235,0.004834193917503837,0.0005513106415402369
2025-07-30,0.022601843674827427,0.008362353288406288,0.0270440999156647,0.006978287731911559,0.013364181617750992,0.018897607910937975,0.015426065937225175,0.021466205391098114,0.006275754646684062,0.0363898174322157,0.008325361383326513,0.01004502859743317,0.020052520346387936,0.015409760223206614,0.011433128745395482,0.009882593963945752,0.0005513106415402369
2025-07-31,-0.02402420814685713,-0.011316723846210852,-0.0058643103627876725,-0.004286719557950902,-0.013103709076788261,-0.011903747405845655,-0.01093191990623632,-0.012947714737768568,-0.008090084347579851,-0.017567839487172332,-0.0075750344219099874,-0.010941804131423316,-0.012691538480511744,-0.01148005902279614,-0.01042439214021229,-0.006909852340883038,0.0005513106415402369
2025-08-01,0.006663946334790172,-0.001141496340623993,-0.004460052876643084,0.002880174801425772,0.0033513303513041937,0.0005744731720795926,0.0015393492180222346,0.014599185173032492,-0.0018960600076741718,0.002974033913996754,0.0045017715282396065,-0.00262260640718448,0.00552253557953053,0.003396039829884012,0.0010837888589847466,-0.004327894323752246,0.0005513106415402369
2025-08-04,0.006343198722853494,0.0027838295199191787,-0.0046187567584790035,0.008203113974299736,-0.005410935971127628,0.0036841801150355735,0.0018155469243614775,0.00403508141252229,0.0038873822421883197,-0.008613488487617449,-0.0016395839942994206,-0.00034881008271014924,-0.0007501202550551644,0.0008833904566665218,0.004146779288368263,0.003937128022068137,0.0005513106415402369
2025-08-05,0.020421883190780532,-0.0015190698305028727,0.0002679524142166212,-0.0028871139383321864,0.0012515677630082767,0.006369728702609878,0.003368173162981991,0.019143342966665644,-0.0035026439982155377,0.002702694385999349,0.004121454258107171,-0.0003169536741733925,0.007120265072033449,0.003169440394505285,0.0015465417607849474,0.0018907153716083425,0.0005513106415402369
2025-08-06,0.005008322254389297,0.0144124096956606,0.009242440665661045,0.02386022230185869,0.015207293922637977,0.012505321905893707,0.01641764538190671,0.01308934840977316,0.012914777456136228,0.00037829204703077046,0.028465136847783512,0.005200629119726408,0.012720635389103618,0.016445846717382695,0.018507705548160835,0.0107018782758046,0.0005513106415402369
2025-08-07,-0.0007264194772887977,0.013212913464796028,0.029311753016885156,0.01063969431478573,0.020729024630721682,0.01338482960721743,0.008656789032088552,0.0015670724011545012,0.011242389415856868,0.023303912565165286,0.011456528967361601,0.010205895361048434,0.011984927022084646,0.008522334325195446,0.010895229193780276,0.01469716674016408,0.0005513106415402369
2025-08-08,-0.005532709904956246,0.006801931312065079,-0.015978084886674515,0.004912333353471521,0.0024135116896017994,-0.004564010170940325,-0.0061440121741787035,-0.00903387326195415,0.0020183823718669114,-0.003925647665015908,-0.008391511260974927,-0.00835023504314425,-0.005619692943168331,-0.005087581625054627,-0.006176406556989367,-0.005375207437436469,0.0005513106415402369
2025-08-11,-0.007386907042860269,-0.007375891615083341,-0.01805276788711274,-0.006634478806533783,-0.004410748202145598,-0.010156031794757658,-0.007341412553835025,-0.007288652433455556,-0.003977606006476897,-0.0180643091468351,-0.004033456824786064,-0.0034389217117016813,-0.009160691787752584,-0.008235216789062583,-0.005414278875928602,-0.0021283749641458627,0.0005513106415402369
2025-08-12,0.021078636349337154,0.012476932929404994,0.00828120331152804,0.01619593530449248,0.03275582845438718,0.012642431217199102,0.013948269755737153,0.026457068555480356,0.010199304936619136,0.011010215441522808,0.02137799614484459,0.02731925362276799,0.015539342011605894,0.01768602093276539,0.017568475178172616,0.016933975345975405,0.0005513106415402369
2025-08-13,-0.013309473532290617,-0.009381481650068024,-0.0208820736866282,-0.009939121317854682,-0.012645604526084875,-0.014158084842527119,-0.013421853652274773,-0.010417348075342003,-0.008934131800997891,-0.01808895525394616,-0.011354600207835963,-0.008068957950505662,-0.01280062692304118,-0.014292834167290436,-0.01150921110998282,-0.008924223379329521,0.0005513106415402369
2025-08-14,-0.00925598104033698,0.008596883593166016,-0.015969538871679734,0.0016167036384877598,0.00191567359255429,-0.00482162133745323,-0.0025526766448479288,-0.006878940972616987,0.008143654369796804,-0.003905927894681027,-0.003498973551370743,-0.005208743205076916,-0.0013702408665789978,-0.0018773191934355893,0.0010164497249367521,-0.002435040507907882,0.0005513106415402369
2025-08-15,0.01097302454789606,0.001738697326834071,0.0026268736844603513,-0.007634248788107145,-0.005994392410624938,0.004017592143391813,0.0017037208663690517,-0.004252917567151737,0.0020387871375120437,0.002200215611350531,-0.00722529075369982,-0.0026656193078367085,-0.0006502732675816025,-5.70390450169711e-05,0.0016284489766158483,-0.00028208549080199763,0.0005513106415402369
2025-08-18,0.00808283640713614,0.009973303443697956,0.021290871745592632,0.006750893404672276,0.0043507949264403045,0.01262500047170212,0.012486840548962652,0.005696098605489919,0.010551513435823168,0.01653123281143354,0.009150816589235777,0.00790404936987854,0.010795375039103439,0.011954706355598477,0.009153558698711706,0.007130781696139898,0.0005513106415402369
2025-08-19,-0.016804845361566123,-0.01864867115817448,-0.035426854546806386,-0.013398746598883182,-0.021857095723569864,-0.02290362480970254,-0.02506530022398168,-0.018406914732181257,-0.018424871411244603,-0.028395894569807623,-0.013875115485174505,-0.01683805528768878,-0.020509420644932996,-0.02335278602258606,-0.023492541859365335,-0.02117802847994188,0.0005513106415402369
2025-08-20,0.0010326150313824112,0.005819807441959313,0.013808154274667972,0.007673374307487046,0.01012043920610406,0.007105304750835151,0.0036979114242661204,0.005852986874432808,0.005218947501472115,-0.020123735573010837,0.004954794031405418,0.005489944301667604,-0.0031919443266353875,-0.0006650981774413145,0.003775691115634805,0.001645069304547997,0.0005513106415402369
2025-08-21,-0.01530617986068683,-0.003257130576957201,-0.011563516522593908,0.0018031497581962874,-0.0015599811657156515,-0.008249855029229591,-0.005759817203547457,-0.011035383662868825,-0.0036789690469134495,-0.03208457545998045,0.0016553809014481224,-0.0040476976418335475,-0.012734305506067023,-0.007998923787420398,-0.004682781103152123,-0.0013898036570821892,0.0005513106415402369
2025-08-22,0.022057076340901594,0.019234163994090725,0.04890384060148345,0.01982525397649626,0.02288307253680344,0.029842523165994006,0.03134623152154248,0.023562502321128775,0.018988731455177987,0.03278148789955626,0.028067564939106227,0.024800117252906873,0.026571862178072614,0.027972396184124282,0.026763757058588356,0.02572613348899888,0.0005513106415402369
2025-08-25,-0.0004893701806982786,-0.0015564717142518836,0.020794934274874333,-0.001176294164415781,0.0007052021548905607,0.006054094894438311,0.004494301463290329,0.0027217055845143445,-0.001599521552287042,0.012428219308559418,0.0019957515249384716,0.0003440519748738602,0.004382021157493421,0.0037948960553766398,1.0668629694565723e-05,0.00026886292928907096,0.0005513106415402369
2025-08-26,-0.003983026567918824,0.003048182442568992,-0.006625554551570878,0.004933709349432602,0.000723699015158008,-0.0007504731143025412,-0.0017130076893567825,-0.001955196510830648,0.0029631387767601325,-0.013467508443153364,0.002041697496414807,0.0022974630532535123,-0.0027564396299747385,-0.002212702055828686,-0.0019310013735713838,-0.001992787907711513,0.0005513106415402369
2025-08-27,0.007828698626377806,0.005185656664959293,0.01803021295835827,0.012925958613722477,0.01768547949470345,0.011862270156250965,0.015750773456656875,0.010633157083211442,0.0051751947655336306,0.015039876295474874,0.01506369139198016,0.013382589356788266,0.011744686735698062,0.014041295927299746,0.012843021717694025,0.010623659482255965,0.0005513106415402369
2025-08-28,0.013791967834612118,0.009335567451376425,0.022006084519403224,0.010343320267031553,0.016376608797331604,0.016101612813265165,0.01799885968510173,0.010981649671718996,0.009539373334681134,0.02313841087305324,0.012645679747025573,0.013665485770237407,0.015526015379865088,0.016873427381421502,0.016724843476677798,0.013439193060357013,0.0005513106415402369
2025-08-29,0.007140540162753561,0.004809096355153697,0.023467211739023774,-0.0077593021288836495,0.0018628873509853872,0.008609648306659556,0.00552985046076393,0.0013747190918877994,0.0050513667025888775,0.02312030462549175,-0.004735505835809506,0.001608233167682771,0.007086374100222059,0.0044463353724910615,0.0004100104838122842,0.002577465681587121,0.0005513106415402369
2025-09-01,-0.010343011197913254,-0.008542225139558823,0.024767193160941225,-0.0018726669243850358,-0.005829212249736759,0.004114469458423864,0.0006833611070393708,-0.009100304987543661,-0.008848100207978327,0.04042324039223644,-0.0027711829174654756,-0.0032615178959152225,0.00739597137877368,0.0018121234875132508,-0.003330618343302616,-0.0011670731154495018,0.0005513106415402369
2025-09-02,-0.014186600211656852,-0.013003636977569566,-0.013480058982331955,-0.00536329484266207,-0.001498454832894347,-0.012859894049921716,-0.01129079770279573,-0.005292109618679763,-0.014140228384236897,-0.01215070299590948,-0.00228125899691356,-0.003003534781896411,-0.008893865300442005,-0.009189719521400908,-0.009705124534783893,-0.006443902809908697,0.0005513106415402369
2025-09-03,-0.002977315127864588,-0.0001580372999786528,0.0073682284217502225,-0.0017004941588684153,0.0030936261136340626,0.0015959005472283572,0.0018925681544881279,-0.002833006893333767,-0.004671177225271328,0.0058472040485471055,-0.0023425699578148995,-0.0019410314846789456,-0.0008695581511862782,-0.001192517173494334,0.0001576868391934827,-0.0034424182520478297,0.0005513106415402369
2025-09-04,0.009012467045361294,0.006403568648500224,0.028219952859489528,0.005855514094075698,0.01154191550160677,0.015003381784325143,0.016063811825959506,0.008596938475517346,0.007553411028134338,0.020239447405074218,0.004853869993817428,0.01022745417096882,0.011351083838923692,0.013501884959723265,0.01216624930037491,0.008263923245085403,0.0005513106415402369
2025-09-05,0.003727025332198597,0.014792933865473534,0.018911504985415828,0.020029131510155285,0.015951847962693222,0.015048287370853508,0.016813169622466262,0.008878192904204996,0.014604447535327969,0.017359250052107367,0.01186705854998582,0.0141749079605471,0.013553478203970792,0.017080901362398038,0.01493804372376295,0.011467520546253995,0.0005513106415402369
2025-09-08,-0.013856573467869282,-0.0035120803172946635,-0.0069497064880188475,0.001927839386861141,-0.005756148261489846,-0.006165236097301796,-0.008828257603729517,-0.009390884910290276,-0.00197787005239769,-0.013726884759773794,-0.004489214691114518,-0.002219283840521835,-0.008538838769802326,-0.010961535184772053,-0.00996303827904177,-0.005877227199934221,0.0005513106415402369
2025-09-09,0.009958245803348253,0.0007096809727671349,-0.003485550191248077,-0.006814869954188452,0.0005732190844547347,-0.00031524816099803843,-0.0019048645287870203,-0.0017869266627790203,0.0010774146485348357,0.0011861504026666747,-0.008679990031051132,-0.0030138850991197064,-0.0018064813773458477,-0.0021745888732582763,-0.0011807260043922296,-0.0009462627210358177,0.0005513106415402369
2025-09-10,0.008222752770962627,0.0013210916595882694,0.002656552962793768,0.001054633479356859,0.0026884325197114034,0.003448475770392312,0.0039920378009210555,0.0014216857242024261,0.0015105459534336951,0.0034394374119286475,0.002920548292363767,0.0028127749719537576,0.002559696612792095,0.004339734615689261,0.004190453526059734,0.005356157326580346,0.0005513106415402369
2025-09-11,0.003936610884721414,0.007467000344373309,0.001127277849517272,0.0034001956016276313,0.007913815488673093,0.0037865054782191265,0.010745284358518292,0.0029352275717833276,0.004680313748864906,0.004989732721023543,0.001541675993002034,0.003305122717764286,0.0036817519367846607,0.008936198481987345,0.009121281358429378,0.005486246181801935,0.0005513106415402369
2025-09-12,0.00410897898389595,-0.0017374066380607678,-0.01071434223222445,0.001962671543223271,0.003464706126250716,-0.0018437410781606545,-0.0036442755143452077,0.005323705738390583,-0.004472113845854886,-0.01794385032333723,0.0032130561146717085,-0.004602282913293121,-0.004230689946200017,-0.0046759806282742344,-0.0028946736982903287,-0.00596196605622501,0.0005513106415402369
2025-09-15,0.008779647123403178,0.0049074611455235395,0.007682840343472108,0.0037911930580400988,0.009150852293806189,0.006769830425120693,0.009539437496146608,0.0029835411178500415,0.006979333926955045,0.026297868076450515,-0.0002736954695623517,0.010275880973923845,0.010524035352366568,0.008507281827638602,0.00800266243407921,0.009116321550876494,0.0005513106415402369
2025-09-16,0.012594511103544814,-0.002288479027615753,0.005346220339309982,0.0012854321326516427,-0.0007887201946469302,0.0049288574165804455,0.005101296543321254,0.006258351915410243,-0.0002837444805336986,0.004234023005843746,0.0024528468300533124,-0.00026279463756107013,0.003555656187021583,0.00619604374993199,0.004741635470582484,0.0033822406183088294,0.0005513106415402369
2025-09-17,0.005593809913692738,0.008916172596824312,0.025184463713985306,0.011295306235296732,0.009481352256104802,0.014596992237281503,0.01187781899996354,0.009890283202448114,0.00836555231531011,0.025632158448317677,0.0078667745291634,0.004776929295690513,0.014478640616665706,0.012262865270156631,0.012818082317820778,0.010638217554888918,0.0005513106415402369
2025-09-18,-0.006105398168743448,-0.00394066087640188,-0.01874355512721393,-0.0018697697789934464,0.00040516990142358544,-0.010165134738909343,-0.003614484175627153,-0.0005376341446252653,-0.0024485098503287395,-0.013168288822489771,-0.0024608285433883603,0.001115140914442092,-0.0059765365819225424,-0.004624306570085723,-0.0013926186221561165,-0.0006265366021286356,0.0005513106415402369
2025-09-19,-0.0048273861611358715,0.004452730840750263,0.011223614251656633,-0.00035833923982231397,0.008326460425568172,0.002907981305376728,0.0016357844151875245,0.0028459371974567382,0.005302807060886927,0.009389481526120402,-0.001147983717808887,0.002820204848792418,0.0045139655427437475,0.0025366743853185714,-0.00019993701983878065,0.002678993786443984,0.0005513106415402369
2025-09-22,-0.015943836244757703,-0.007081653919419839,-0.03348625670554928,-0.006155745448004013,-0.008031686061453103,-0.019284902952971583,-0.016167765098430764,-0.009028900633645254,-0.00559508542777587,-0.024607666331649014,-0.00274201257069151,-0.0051282925842452975,-0.01231647506372513,-0.012224950481290797,-0.01520575133859603,-0.005344482243862414,0.0005513106415402369
2025-09-23,-0.01985534223333474,0.009101803000543196,0.018417002025932883,0.011535790227690246,0.014286920161626693,0.005441307451049537,0.006855310597865261,-0.008113970340768883,0.011655176498897024,0.016174042987943116,0.011503261509292262,0.015542977835564908,0.008412781360021215,0.008943983959327717,0.005721349466828007,0.009498620894619725,0.0005513106415402369
2025-09-24,-0.017859286729044688,-0.004124464902758196,0.00233821669529255,-0.0059088591582391325,-0.004475658715059838,-0.006396391023813508,-0.004835320063605875,-0.015624792265127807,-0.0048357766223393606,0.0038476395458462154,0.0006924115296582656,-0.0033014831813817924,-0.003874438493318144,-0.0036973873421544123,-0.004189623362955142,0.0005211756457155214,0.0005513106415402369
2025-09-25,-0.027969492925504436,-0.00826268033436739,-0.03780730317250525,-0.013630329031290578,-0.009141138239955104,-0.024823038017150578,-0.01710447210977195,-0.0314394436647345,-0.007749549249511656,-0.03298731706720248,-0.010005110091698133,-0.0067857375150573995,-0.02241754260171891,-0.017136202953967117,-0.014677220274890601,-0.008405447667038213,0.0005513106415402369
2025-09-26,0.007940311542111722,0.004094364691055841,0.007836603207750592,0.004949326883126215,0.0053508073500676545,0.007776340117007452,0.006773951918415566,0.011492686757069492,0.0015509719465625071,0.011116204617365177,0.0016499887832135407,0.0012182243992673314,0.007395467418564339,0.006652532747303708,0.005651214355164802,0.0010104554728502801,0.0005513106415402369
2025-09-29,0.02100972503231291,0.007275190550412036,-0.00966542195049902,0.01205918933330885,0.01631653684799006,0.0063882693836294635,0.004762608802358903,0.019378387518862228,0.0063349721381815716,-0.0011244197666898659,0.011034869074680875,0.008490876035927908,0.008884612489687527,0.007033052825227815,0.010594352918306793,0.006012243894955027,0.0005513106415402369
2025-09-30,-0.013469591944196169,-0.001338483912278421,-0.02067618574499197,0.005193750200898961,0.0018400963945792714,-0.010387600513895312,-0.008771753723446851,-0.01254036616388221,0.0012466652118483523,-0.01895043240731975,0.007539405509409569,0.000337088528336027,-0.0078020967111529504,-0.004501588058299921,-0.003776211386846584,-0.0006678581704466779,0.0005513106415402369
2025-10-01,-0.01874688325229934,-0.00806934087218536,-0.00032375199514933506,-0.009789727350693611,-0.009271576446582386,-0.008763834029186679,-0.004530143728097458,-0.01978386399081411,-0.0062271349849075674,0.0045682343128869984,-0.005995521455745667,-0.007317468517442083,-0.005772871350946729,-0.004647479274865973,-0.00840673453366636,-0.004953601011865372,0.0005513106415402369
2025-10-02,-0.045328274814543934,-0.0074381602780876355,-0.03576971155829667,-0.010867444188003561,-0.012422107571852248,-0.027569498970412387,-0.019462320647391396,-0.03848083524997603,-0.009063282210722945,-0.03137239883948473,-0.011031730471418033,-0.00903846361524041,-0.024402840954732108,-0.018986333787988308,-0.016282180044273176,-0.010996300502943868,0.0005513106415402369
2025-10-03,-0.016398117462273598,0.0034450861458168447,0.00146480111607028,0.006481529970446598,0.000992384228104548,-0.0012076551469013541,0.0005893743513047944,-0.008186329322753316,0.004524623034683595,0.011080052659572459,0.007088018162298981,0.003640683614748008,0.004232763117423044,0.0035865913275925365,-0.0006875913207222695,0.0017490004479687737,0.0005513106415402369
2025-10-06,-0.014276658825475685,-0.00507332766789248,-0.009368754638608534,-0.006288926092628322,-0.0042098814562391285,-0.0090380965636494,-0.008726910748168226,-0.014228235295647762,-0.007108013906276689,-0.000578579764219822,-0.002415627058802494,-0.0035434374738462227,-0.005480886692013187,-0.008092520852291507,-0.008718089057429879,-0.004305258469653905,0.0005513106415402369
2025-10-07,-0.01325918821256089,-0.014390307224042664,-0.040634559861955855,-0.013303816111318478,-0.019031677337355557,-0.02376612385359933,-0.022977908130952462,-0.01896073892079353,-0.011948402693790827,-0.03418119972090794,-0.016019926764880177,-0.017677117217924865,-0.022203514035182947,-0.023521880386285998,-0.02066834937161488,-0.015695000057642794,0.0005513106415402369
2025-10-08,-0.0023803267928385052,0.0016115255140132234,0.007135971807105346,0.004196620324226963,0.0008596087340009273,0.004281097257291089,0.005966841961826175,-0.0012413002208174762,0.0033437371078750555,-0.0016250849193270023,0.0025786082655054887,0.005270728907580402,0.0012435898569520543,0.003074473482264528,0.006078195012336307,0.005186417899759377,0.0005513106415402369
2025-10-09,-0.001643209506637322,0.0007759843463133187,-0.008730253151244649,-0.00031342257541777663,-0.0019870750379542557,-0.0035984136150840618,-0.004155215137306101,-0.000921258197949526,0.0005061538934592047,-0.015727708625578707,-0.0015088508807092893,-0.004963041292755155,-0.00586109978330962,-0.007482385748697307,-0.002927339536695772,-0.0032540616678727874,0.0005513106415402369
2025-10-10,-0.0016628548360395623,0.0007494984177489616,-0.017694052373474878,-0.0036923351639749358,0.0016708040172439542,-0.006896213977618304,-0.00675098656687112,-0.007093446346515431,-0.001507641476795718,-0.00916814409062594,-0.009532375361353318,-0.0012168659844512542,-0.0071139967530300385,-0.006924913261238674,-0.0055078871445164435,-0.007057090657679788,0.0005513106415402369
2025-10-13,0.0014687181675316907,0.009288628773644225,0.0015015415035897206,0.011197816565917229,0.008224232304495427,0.004428888820388499,0.00581665315937463,0.007763070278341999,0.006947211070237547,-0.001462278316296639,0.010045780917790958,0.008933352405588124,0.0048774797099693235,0.004739389704025099,0.004653002788034044,0.007805223283407381,0.0005513106415402369
2025-10-14,-0.0037907675642669947,-0.006408932654159427,-0.00805750840874564,-0.0008921886845086879,0.0019261610795955342,-0.005365997381045928,0.0029528152073343694,-0.0014319527403880983,-0.006615446088040211,-0.01672996840425167,0.001131514070826567,0.0003066145988834812,-0.007280352525590561,-0.0032668651747067567,-0.001374167262674919,-0.0006049561344221299,0.0005513106415402369
2025-10-15,0.005849267668965652,0.0008087841207622404,0.022917183173618128,0.012829068691305956,0.01514688564190747,0.01245136499344257,0.013347766645973591,0.0056596617858788445,0.00041079113015118907,0.023975554837199153,0.010683063571923945,0.00813830205771926,0.011387072048974378,0.012967482136049924,0.011547622879582775,0.0064746946044491605,0.0005513106415402369
2025-10-16,0.006799125722627419,0.0062648443235335805,-0.016041583304646334,0.002180786763262166,0.0031654673102405884,-0.002897713047870454,-0.00462795385527226,0.0022419381272540395,0.003993523394714815,-0.02980883843360216,-0.002391061150494256,-0.0027730517788022713,-0.00970496329290138,-0.00732887246672298,-0.002076322760793281,-0.0026635391290887878,0.0005513106415402369
2025-10-17,0.003578712921854077,0.00832107598586429,0.00848982856434466,0.007968266233739474,0.009232793518012317,0.007908943830431392,0.006660448864949098,0.004309961247473071,0.00564759612773269,0.019378442805498164,0.0058516904458696395,0.003358265616892231,0.009657051041396025,0.008542128597034848,0.008957659050929045,0.00829891877999045,0.0005513106415402369
2025-10-20,0.0059628477695765625,0.0032737828293010196,0.01950316405065977,0.002855940333187146,0.005921674538314159,0.00891055398936813,0.00876904814279289,0.016787799607628884,0.005055800661032617,0.013114270391069605,0.011014575192784148,0.008064561303372741,0.012398611882184163,0.010485922621832122,0.00721101299193827,0.007741432651746649,0.0005513106415402369
2025-10-21,-0.004732720112944788,-0.0032810483918969124,0.0010343267596000238,-0.00488860788866885,-0.003971379125841001,-0.002777611212350539,0.000469763839231252,-0.0015758277368479456,-0.0035170653781469996,-0.003634897270115345,-0.004910894485496753,-0.005617878446276037,-0.0034998401620346398,-0.0006425854451738156,-0.000766143266175856,-0.002993906098714527,0.0005513106415402369
2025-10-22,0.002865992126818151,0.006734082772559047,0.011277715986067971,0.0014680444234045353,-0.0034624767779706245,0.006434029502501382,0.0027105501353328343,0.0025189665398530625,0.010239714325181781,0.008088170558015806,0.005602351887250556,-0.002113684734396215,0.00718423245288391,0.0037384178364208154,0.000648973418258203,0.005399532036177934,0.0005513106415402369
2025-10-23,0.0037969851116630426,0.0044890615468971,0.019499398712462535,0.009005308743631701,0.005552309724467408,0.01012007393140002,0.007530043643150686,0.007782694965910331,0.003908398005439517,0.008451630794018561,0.00944748873550938,0.005433825696238737,0.007153706935497439,0.007722961664968775,0.006629357462276664,0.005769705989332241,0.0005513106415402369
2025-10-24,0.00070735654675258,-0.001092150380648138,0.021515837784014336,0.00639602225405933,0.008462334116177361,0.00833560545851264,0.009546812424933826,0.0011397866678584112,-0.0005236354670359322,0.01658491265321249,0.005126667104439431,0.0045832928087174984,0.006199449196927498,0.008396166953191564,0.007266350587776804,0.0031026332434502812,0.0005513106415402369
2025-10-27,0.008102493600677274,0.009204614659046095,0.0073571345244931585,0.007799525948947839,-0.0005691242520958761,0.008792067596588016,0.006749335002014911,0.003282907009390046,0.010753285682186808,0.014424833161616357,0.003026240927098911,0.0015363394402827524,0.009160397236760875,0.007030322135943123,0.008116640273185594,0.005291964628715062,0.0005513106415402369
2025-10-28,0.030918706795920015,-0.007134835426658381,0.0008458303154026403,0.000348334647239934,0.0009640414663254493,0.004592941581582188,-0.0014144177458061957,0.0056373166171346245,-0.001543122900269145,0.005715132276370438,0.0032649877430770413,0.00518345207431925,0.0026156330353903634,-0.002702243328618792,0.002343496158559555,0.0028598390605800716,0.0005513106415402369
2025-10-29,-0.009545986935918904,0.007074496433121968,0.004017158156845113,-0.0015961984805651364,0.004043877094688453,0.0006927907628682117,0.0018380035888232449,0.0024483082400348355,0.0035324284899327374,0.004097792569380809,0.00401669729687093,0.00582040252256677,0.004308242745057589,0.004717047300710098,0.0022001863266842836,0.008037833182846121,0.0005513106415402369
2025-10-30,0.007656202150113645,0.003337996953550304,0.012367706939337753,0.0037149698876921544,0.007856872537756354,0.008116932658519316,0.004533374599952511,0.00584631193473073,0.0021227321236103602,0.00895223231273623,0.00615005305328542,0.003181309252814568,0.006388904473653367,0.004865900084878305,0.005470562617312824,0.0009283795332775124,0.0005513106415402369
2025-10-31,0.004792262075162368,0.007486599744909173,0.012911764663854353,-0.0018211417900524385,0.005020965461664417,0.006730214647622246,0.007186562343749925,-0.007893786180639406,0.005874044116410904,0.01421998691953541,0.005483739837564672,0.005139552203927034,0.00515078953414938,0.006459105244461361,0.005640902240403145,0.005127610973173269,0.0005513106415402369
2025-11-03,0.0010498256458593147,0.009265432268864116,-0.012983810313421662,0.006682734833334925,0.008120751923198943,-0.0014509989717294003,-0.0009590499161993282,-0.005463967093939592,0.011062001644945196,-0.018242847276200846,0.0035853772173217724,0.009122816057007821,-0.0040667043302572425,-0.001948511796839969,0.003395277843545097,0.006130325103409939,0.0005513106415402369
2025-11-04,0.007659162257832586,0.01064723079015728,0.0059228418519448045,0.004549072075997307,0.004690519164180618,0.006656715310047634,0.007511184221846934,0.007119873319043846,0.011967876281993473,0.0033302175867804262,-0.0033430367274981387,0.003071851231917888,0.0043479210121371015,0.0070279821525087716,0.005535055350553542,0.0017888479564218684,0.0005513106415402369
2025-11-05,0.010209076230845548,0.011116500545875763,0.02102898282111565,0.017533980147996564,0.015697345967181642,0.015924395951495418,0.018819601006385245,0.007583648147040822,0.011482470181740645,0.01778417790807052,0.01591741916157563,0.016669956386464957,0.013381919890139704,0.017267337028080032,0.017297634650190297,0.017128262937702754,0.0005513106415402369
2025-11-06,-0.005653969944960591,0.0024362948010383523,-0.018998470793421984,0.0018856226370425055,0.002635895018738177,-0.006555865976103914,-0.008643506480346064,-0.0014055407257181907,0.004174640404240426,-0.027245741785771993,0.0048334006716148625,0.004401832496065294,-0.0061810702259170736,-0.00887441930712829,-0.0025668459696100987,8.417287409434593e-05,0.0005513106415402369
2025-11-07,0.006725346889010497,-0.0038796216610224032,-0.019735876482551706,0.004159924036524654,-0.0018595707701666297,-0.005093695713202617,0.0007589946676307413,0.005019679992387616,-0.004845207958669162,-0.017562097286744516,0.007895571467488427,-0.001097410614645855,-0.00350316644027715,0.002352836741512876,0.00301384152852191,0.005193724166314695,0.0005513106415402369
2025-11-10,0.004616494076422839,0.007138636962254585,0.0031792073074377036,0.010099725802814596,0.007753858670582536,0.005954370793898489,0.0036428934874632724,0.004841148576768539,0.009079923230478126,0.012245164494888883,0.006522574110788382,0.006900759805962053,0.009009025154926409,0.0068672757293331,0.00794980413703783,0.007809712970425542,0.0005513106415402369
2025-11-11,0.006526552978453726,0.012622529687956074,0.030344668739416658,0.016603266715692122,0.012635189654341739,0.017956466007520655,0.02272249412108973,-0.0033262966095116697,0.015420797911674056,0.023733838362728576,0.014243116480788576,0.017485679002948507,0.013548765717894096,0.022995670805420865,0.018645783648557845,0.016162129852240525,0.0005513106415402369
2025-11-12,0.005604465099771083,-0.0013885278451765126,-0.0050786220645818725,0.004209713844027796,0.003404852940115388,-0.0012997123244129494,0.0021561391198459123,0.003362240263402594,0.00215980963424256,0.005501675797898509,0.0028123570966054334,0.005245838853916496,0.0032645733833878143,0.0021441452367152447,0.0029193522955857087,-0.0011583007528430667,0.0005513106415402369
2025-11-13,0.002967212304181066,-0.004819801878162999,-0.011959768942682691,-0.007671533369604133,0.0009376779057082008,-0.005307122355159732,-0.007716966396439484,0.0014291285876613102,-0.005975184046365656,-0.04287550507428495,-0.0011454250667877197,-0.004720405787499771,-0.014155583900812951,-0.009005831751393245,-0.003213373732753988,-0.002686511032162664,0.0005513106415402369
2025-11-14,0.013988136030937515,-0.0003773149093136974,-0.003819863565472148,-0.00025791950405174013,0.002975518907899488,0.0028084516324760056,0.006738961972728719,0.0023809702738513128,0.002370498279164579,-0.009747259927523455,0.0010000781423282756,0.00024743631517920583,-0.00031854457749891374,0.003932796688233209,0.006727062866373812,0.0037664579226710515,0.0005513106415402369
2025-11-17,0.0016544823968533962,-0.0005391853173575267,-0.00902244029151078,-0.0005755278900704264,-0.00495677964854957,-0.002793811281545988,-0.008954712605574788,-0.006074207804925069,0.0033988897469723334,0.0034040303093756386,-0.005664206650282333,0.001635538782609025,-0.0007710508716490816,-0.00718352246868581,-0.007446460023642576,-0.004928883615062607,0.0005513106415402369
2025-11-18,-0.019469975566500652,0.0027770369192134936,0.02243954487961375,0.0036613143606514242,-0.0036405681127561484,0.005151712240196504,0.0033307955962484925,-0.0012961252491461295,-0.0011881319157628356,0.012991159707632205,0.000520991414927563,-0.00594138163387703,0.00478973557619633,0.002427890244480979,-0.0012483946649065603,-0.0031041792282041625,0.0005513106415402369
2025-11-19,-0.019540394998137645,-0.0024558230299666084,-0.00683808332574265,-0.0106169578763321,-0.00950839038314899,-0.010593947035158036,-0.008772717394017526,-0.005458361949760238,-0.008444805254092524,-0.009474707587391995,-0.007707187715747632,-0.013436411479277766,-0.00826547418132495,-0.009324056500302325,-0.012185864971325122,-0.007360520139793381,0.0005513106415402369
2025-11-21,-0.006812833963148246,0.0008837951170916902,0.009095341433278836,-0.001299404717371777,-0.004430919473967898,0.002003705642556586,-0.003550357600333398,-0.0026737342982235957,-0.0011641502088093336,0.014243165241520472,-0.0006840024180061466,-0.00515747203568262,0.003628307849929291,-0.004855284307089813,-0.0043803299670810425,-0.003999789733349801,0.0005513106415402369
2025-11-24,0.006813945271102462,0.013716038156957433,0.01944302152590338,0.00845984460649607,0.018978014204926508,0.013011491865708935,0.010372045585497425,0.007281773878400122,0.005715445174901745,0.013655195543886611,0.004444801015714317,0.011848177641140989,0.00773826638072328,0.008763889606432373,0.008563032146065908,0.003435296910863972,0.0005513106415402369
2025-11-25,-0.005925248641968306,0.000571784570872591,0.020653387283152025,0.0036207068456384217,0.0113364640791076,0.0064218383104197585,0.009020069862924807,-0.0008975658012865262,0.002817362926544442,0.029010862510226776,0.0053004914929382085,0.006699806943179176,0.010695943905308924,0.009859509752899509,0.00584690852557479,0.004189471437501036,0.0005513106415402369
2025-11-26,0.011007072507881022,0.014481308517341196,0.004073597439048671,0.012225825364671872,0.011923994154370954,0.009412584378228006,0.01726223980541075,0.009227408256308856,0.017602942812162903,-0.01530286743251097,0.009639221783560581,0.012120742789224037,0.00376535844995729,0.01652168238419316,0.019776411349355927,0.01697749127798409,0.0005513106415402369
2025-11-27,0.0008011926671087632,0.0016237453457981221,0.011534246796420122,0.005108581793677125,0.006506626688787209,0.005928682734538615,0.004029483414745849,-0.0010779060137785512,6.681305814004723e-05,0.010161778690753298,0.0023869451928313357,0.0014365110321188368,0.003529333150240399,0.0036456284137522665,0.001388568550569902,-0.0010142407219889682,0.0005513106415402369
2025-11-28,-0.00244745147589176,0.002024766230397823,0.009498455856664423,0.0003524994091310685,0.0056514857012943676,0.004902935082827575,0.0063323669890962275,0.002375058614901615,0.0016936501744888588,0.004672850717057919,0.004568290103302619,0.009031308889073442,0.0038792432771910246,0.005219346087413257,0.004225736095964994,0.004523587255053085,0.0005513106415402369
2025-12-01,-0.004827995573360555,-0.00528344134813874,-0.007036215898699405,-0.010315713965154294,-0.0023426200640490613,-0.007438731772816731,-0.0019951136494381627,-0.0024722781644965774,-0.004605418731614019,-0.009377085683723752,-0.006124219460496572,-0.0060648236882251405,-0.006130205755379037,-0.004539377311671755,-0.006120022654615309,-0.002780090222020304,0.0005513106415402369
2025-12-02,0.012765145320366322,0.01675640385278787,0.015587787462716385,0.01527254101573794,0.019316928634153907,0.015114819392560763,0.018625653883927784,0.01102235972029142,0.017089239834800374,0.016385453014023943,0.013689895185890588,0.017694913199787887,0.015013303402778844,0.015906968556429035,0.01752179922810826,0.01559537881992945,0.0005513106415402369
2025-12-03,0.010456384055673729,0.0008363520561525117,0.0037679306192985873,-0.006587882679363277,-0.0008623115016577199,0.0030566919901096057,0.003558256126549697,-0.009735661506805049,-0.001144423725612853,0.015467786252364002,-0.0008075099873603442,0.0020487444324865933,0.0023790411982151927,0.0013568011745423991,-0.0006016958566296138,0.003996511131564295,0.0005513106415402369
2025-12-04,0.014884249721198728,0.0130948040054919,0.020893698334296662,0.009439204708357574,0.013858279982944088,0.015281826088927586,0.013650081419667615,0.01784578021604255,0.0152088240899797,0.022214191550270268,0.016020386013065657,0.014167323269068222,0.018663535330571746,0.016717949963267476,0.015760028898789358,0.016653777402852787,0.0005513106415402369
2025-12-05,-0.021293621421800024,-0.03426475773508819,-0.06544388681895974,-0.03169734339567376,-0.037828824702229036,-0.04344880053287159,-0.0549084295146951,-0.032585133224643514,-0.038592468064819196,-0.057700727248209405,-0.03388132790686971,-0.036445244724271464,-0.044850613252659044,-0.056371913181625266,-0.05248963885304725,-0.04353302651598945,0.0005513106415402369
2025-12-08,0.006673371900140168,0.0056209508348583626,-0.0007290931187274863,0.009701848950512737,0.0051467421132278535,0.004899704014125206,0.004531949412343694,0.006682082093938835,0.006534415846760178,-0.0069673576403666004,0.004094302258540683,-0.002904922292642498,0.0019434605410448835,0.0027574803020991023,0.004258564647176666,0.005213747393916224,0.0005513106415402369
2025-12-09,0.0007297261261787202,-0.0008441513261998601,-0.0020666042685195674,-0.0012889479373994206,-0.0029107649947167635,-0.0011916300323642215,-0.007226887238425905,-0.00028177803865858664,-0.0011723783278912991,-0.0016380662480677266,-0.0038814585992889006,-0.002512279441673315,-0.0018107918135771284,-0.005285216099511381,-0.005316205202166691,-0.0012390138180424781,0.0005513106415402369
2025-12-10,0.0006588226998207602,0.0033789194775390996,0.005173804475939514,0.0041761726487388184,0.00022435727584402265,0.003895676780087509,0.0034461536378369573,0.0026081683839116465,0.0037456753184090807,0.001651227513626452,0.006691644507437866,0.005276382533963897,0.0038537053584042358,0.00524495629635946,0.004699121353423985,0.00672891700417888,0.0005513106415402369
2025-12-11,0.001289302326527686,0.0015269167724503152,-0.007289629854177693,0.0016419885583556226,-0.0004558675932426759,-0.00045445190523807355,0.001069114747475064,6.755369250122101e-05,-0.0007249482479102509,-0.005582234735286518,0.0037350063970200686,0.0005303455499532372,-0.00010620225464053057,0.0016403521274537258,0.00213839644239866,0.0003907562406004761,0.0005513106415402369
2025-12-12,0.010515434124743761,0.005743992082399618,0.005235235925283188,0.01268299876842427,0.012135495551143682,0.007342482032701714,0.008702926066984418,0.009078793818085185,0.007823980586322499,0.00930440438134239,0.013242483110582848,0.010718097035611551,0.009731144430233263,0.010453821449133871,0.010245749676456306,0.009996773986186591,0.0005513106415402369
2025-12-15,0.009135723483213232,0.017249057167254556,0.0016872872447530884,0.004871099711635907,0.012791131259851873,0.006793615717214152,0.0068630720740925355,0.004956316561429475,0.016890916596419947,0.005201167792993067,0.00402979577661533,0.013155270126936403,0.007462734812276661,0.007635618321238491,0.011176623807155783,0.010548577911028367,0.0005513106415402369
2025-12-16,-0.015662224421438053,-0.015445141029000409,-0.038850344325419894,-0.0233661425483771,-0.02453202850657077,-0.02571213303822073,-0.02869030368449854,-0.020960287452132742,-0.02156214438879578,-0.02981727049623739,-0.024541676261547574,-0.020713308071780623,-0.025691567422375883,-0.029081029023862115,-0.03164180502540803,-0.024275168829252847,0.0005513106415402369
2025-12-17,-0.010179098062229275,-0.006753461318736997,-0.013820478149027537,-0.005038122431232139,-0.006401328608467538,-0.01051349131604118,-0.013786348791356207,-0.015143400760770698,-0.0069728176740258,0.005884052077840929,-0.005871596376960997,-0.004281087981751752,-0.005641589307599726,-0.01151396128423976,-0.013931678911196177,-0.007862067028237774,0.0005513106415402369
2025-12-18,0.005565681876132489,0.005226200323548369,-0.00535530845392318,0.002744116059772539,0.005419163641560143,0.0007429058965753299,0.004874052668136786,-0.0014096569416360838,0.004033302231704949,0.010687226305816422,-0.0012054175859489424,0.004668547547374002,0.002767725097253315,0.0021375970374390985,0.003266651461532266,0.0037444141768161465,0.0005513106415402369
2025-12-19,-0.0018515005293254783,0.0020578190233573324,0.003754512243974606,0.006119985893347835,0.006943197218561625,0.0023462461528156453,0.001871203643036834,-0.0025331719784623674,0.0029172531126171464,0.0007703130274183678,0.0014680735898395803,0.0076159574882526115,0.0008130582343410797,0.0005410646209371706,0.0019164533878934797,0.003502084881559231,0.0005513106415402369
2025-12-22,-0.0033909930178186443,-0.004011753252397776,-0.022933405386403982,-0.008787767208647379,-0.029674110599555714,-0.010691846942100902,-0.01504145842342608,-0.0012248706656006192,-0.009121952113932519,-0.014507086583930073,-0.0006880165779897807,-0.0016885779874356022,-0.0074278621184334925,-0.009701534941745305,-0.010888738706867684,-0.002276537223312336,0.0005513106415402369
2025-12-23,0.01573739537959762,0.01343030307898263,0.020395236890908164,0.010137861007547988,0.020809560946838612,0.013860813261547644,0.02125397200490653,0.02151301113025883,0.016675091316952884,0.0065832049187466435,0.0157464259054656,0.015355024942732554,0.014432897627288943,0.01976012179605302,0.020433635085469026,0.01485343478092771,0.0005513106415402369
2025-12-26,0.006590722631626189,0.005867852791233252,0.004327187702159563,0.004565796161670299,-0.0007343721592472097,0.004227993800048235,0.004446827396606734,0.0048367100973465416,0.008627739474717844,0.005162667958267697,0.002245410834361916,0.0047623059200880835,0.005271331402045831,0.00264180392466673,0.0050592950344940935,0.0025498665927163877,0.0005513106415402369
2025-12-29,-0.0019026484440325397,-0.0050269570747150105,-0.007941489578664807,-0.0018402525502889677,-0.004582519975874777,-0.004376724971354662,-0.004276900598782385,-0.0038566308618808165,-0.0025691091152239,-0.005036191650845456,-0.004891075694909652,-0.0055598024124765555,-0.004226911069196815,-0.003454783894558555,-0.004345975222890486,-0.0024800471677338676,0.0005513106415402369
2025-12-30,0.005014435612824331,0.006470803982393747,0.01538029194508006,0.0009017850980053144,0.010997233698073261,0.007511195811631177,0.009193047959486167,0.0072658677195232,0.007517774226012408,0.01017122846372498,0.007388563321427455,0.007474796804262773,0.008673780283192656,0.008554918637937892,0.007671868206193588,0.004314475982381216,0.0005513106415402369
